#Timestep sxy 
100000 0.00369957215131886
101000 -0.0030549523140304
102000 0.0109740293494244
103000 -0.00825343292211544
104000 -0.0013472723811458
105000 0.00779564394600058
106000 0.00774482152656428
107000 0.00891062153872246
108000 0.00349289721424903
109000 -0.000547113949799816
110000 -0.0129815293031389
111000 -0.0088854822465256
112000 -0.00555686191747957
113000 0.00984702456526863
114000 -0.00893426217033653
115000 -0.00244171211286724
116000 -0.00843303969921151
117000 -0.00657079343147959
118000 -0.00968439851190983
119000 -0.011224870588203
120000 -0.0102815299340499
121000 -0.011527947600911
122000 -0.00300386263943626
123000 -0.00721149700958314
124000 -0.0135001179558669
125000 -0.0172381903432633
126000 -0.0111954133760618
127000 -0.00681059201882848
128000 -0.00561823496984663
129000 -0.0224867359137295
130000 -0.0127743189602346
131000 -0.0189213337515153
132000 -0.0221342711339201
133000 -0.0128349145229273
134000 -0.0175446724116331
135000 -0.0238069347159782
136000 -0.0252079835794001
137000 -0.0175905758617727
138000 -0.0172942584590392
139000 -0.018986693151321
140000 -0.0286934679113394
141000 -0.0280856409235703
142000 -0.0333478318218471
143000 -0.0373282831855464
144000 -0.0137227244247629
145000 -0.0146765392624431
146000 -0.0284356109975592
147000 -0.0221062516949242
148000 -0.0323071514167188
149000 -0.0268302245841109
150000 -0.0388578641662086
151000 -0.0198819310631499
152000 -0.0293682778704853
153000 -0.016207898358261
154000 -0.0264790439611379
155000 -0.0306478111521834
156000 -0.0329644871494494
157000 -0.0266845356499658
158000 -0.0298415198020663
159000 -0.0290792385976943
160000 -0.0345951373783167
161000 -0.0199740361270411
162000 -0.0321829538432968
163000 -0.044661860119913
164000 -0.0287144948085173
165000 -0.0411948959025048
166000 -0.0297126081219739
167000 -0.0285600935412609
168000 -0.0294040107202111
169000 -0.0266745412004666
170000 -0.0232385787863611
171000 -0.0311273076523991
172000 -0.0311363154238446
173000 -0.0324348946398881
174000 -0.0432695749092377
175000 -0.0354858507592851
176000 -0.0266117184676902
177000 -0.0278318973296251
178000 -0.0355346090418232
179000 -0.0398250717984817
180000 -0.052122525354952
181000 -0.0488765278951504
182000 -0.0391611899526229
183000 -0.042300086016078
184000 -0.0475851502529914
185000 -0.0488042991493226
186000 -0.043298107229427
187000 -0.0494420868897338
188000 -0.0553564978140894
189000 -0.0497904999829572
190000 -0.0476185465775845
191000 -0.0663419039238449
192000 -0.0536694428709084
193000 -0.0536158944659235
194000 -0.0438353821776152
195000 -0.0420053504774393
196000 -0.0468490911468848
197000 -0.054561060759318
198000 -0.0640026374134958
199000 -0.0560513851637331
200000 -0.0437420969646215
201000 -0.0298195877989243
202000 -0.0426976773478525
203000 -0.0375401455198592
204000 -0.0516849766011981
205000 -0.0537420940962779
206000 -0.0512747478871308
207000 -0.0493574609917767
208000 -0.0602792329053044
209000 -0.0453462266149897
210000 -0.0507635779216792
211000 -0.0509753237992514
212000 -0.0611199899945546
213000 -0.0497127629579903
214000 -0.0628019023106891
215000 -0.0588553788879151
216000 -0.0529697210817234
217000 -0.0682241253319513
218000 -0.0550099506714235
219000 -0.0654010774570551
220000 -0.080397054025891
221000 -0.0661578135720992
222000 -0.0698027819987301
223000 -0.0662945379999806
224000 -0.0635943726074634
225000 -0.076760669751812
226000 -0.0642419153965475
227000 -0.0667967140713953
228000 -0.0617304808028285
229000 -0.074617054584499
230000 -0.0662667055762128
231000 -0.0803496950889789
232000 -0.0690106952987976
233000 -0.0785015065204715
234000 -0.0720917399677629
235000 -0.0675241575667353
236000 -0.0856570183294746
237000 -0.0779285999407427
238000 -0.0784998115186716
239000 -0.0771415519820059
240000 -0.0744558904250737
241000 -0.084753224659447
242000 -0.0642566034746951
243000 -0.0714565426519495
244000 -0.0830558869830886
245000 -0.0868042375923483
246000 -0.0686067859710092
247000 -0.0756626197011818
248000 -0.0799250745263407
249000 -0.0784022974577687
250000 -0.079454155401816
251000 -0.0800040922577049
252000 -0.0827618829130127
253000 -0.078844483537137
254000 -0.0638924669538169
255000 -0.0758933393451776
256000 -0.0486655042536386
257000 -0.0773259986994578
258000 -0.0697292201837725
259000 -0.0803543959328153
260000 -0.0817328693751828
261000 -0.0903697761590316
262000 -0.0803477233654666
263000 -0.0677772940092793
264000 -0.0729495974121829
265000 -0.0759927077085169
266000 -0.0741450292943354
267000 -0.0829016922315337
268000 -0.0808355903878262
269000 -0.102188051550297
270000 -0.0894463277811646
271000 -0.092338125360272
272000 -0.0760944688940683
273000 -0.0735533405758578
274000 -0.0784218000178231
275000 -0.09340577823462
276000 -0.101226730897822
277000 -0.0933160343962856
278000 -0.101153917079758
279000 -0.087520172923385
280000 -0.0997508853756427
281000 -0.0893488551960344
282000 -0.0961590100623257
283000 -0.099502195249407
284000 -0.0945020004262093
285000 -0.101592235557763
286000 -0.110407579005217
287000 -0.109131834785935
288000 -0.103839836894656
289000 -0.102941734324143
290000 -0.0988923579139112
291000 -0.0950542159885105
292000 -0.108157411217862
293000 -0.100931970990394
294000 -0.111382871130759
295000 -0.0936367264897663
296000 -0.103087611288379
297000 -0.102929781363311
298000 -0.112285807097923
299000 -0.111105451164681
300000 -0.117675078574278
301000 -0.113552937159794
302000 -0.115439860131339
303000 -0.1204180723961
304000 -0.11252188885127
305000 -0.106598961307894
306000 -0.117013846088303
307000 -0.117169882485325
308000 -0.109967294719767
309000 -0.113382579745162
310000 -0.117452213023955
311000 -0.117222754388573
312000 -0.125306296110759
313000 -0.119994542669935
314000 -0.11592424189404
315000 -0.113882893329994
316000 -0.121445443807961
317000 -0.118129523616035
318000 -0.124829210310407
319000 -0.122089364508075
320000 -0.11416409227437
321000 -0.129124938301324
322000 -0.125542146025617
323000 -0.117825052576989
324000 -0.108333315860534
325000 -0.112423314582389
326000 -0.108730765943906
327000 -0.121278367473497
328000 -0.12181974413236
329000 -0.122280284981572
330000 -0.139250275330673
331000 -0.115330884531038
332000 -0.13146080030774
333000 -0.12892393202719
334000 -0.121299752815488
335000 -0.122421032543036
336000 -0.135793820439975
337000 -0.120211435044964
338000 -0.133884012367022
339000 -0.119422155378415
340000 -0.112671359937173
341000 -0.113626227389755
342000 -0.111119006757122
343000 -0.129246238077806
344000 -0.120596107044492
345000 -0.129954155085973
346000 -0.128797462775835
347000 -0.141277801545538
348000 -0.115743068714752
349000 -0.101863004021812
350000 -0.11848947449898
351000 -0.10906655538751
352000 -0.143284291152899
353000 -0.143959079206422
354000 -0.137471286546403
355000 -0.124587492428515
356000 -0.108297063748519
357000 -0.0946137865492325
358000 -0.105442057313326
359000 -0.118930085830058
360000 -0.144777709036152
361000 -0.139735123718467
362000 -0.146658377506599
363000 -0.124543782951935
364000 -0.105555213070758
365000 -0.115916429959585
366000 -0.123981769864436
367000 -0.143329880574769
368000 -0.139688636952542
369000 -0.15523527178067
370000 -0.140833651230706
371000 -0.136685556783372
372000 -0.104453710198459
373000 -0.124024615471075
374000 -0.127493054714198
375000 -0.13072512420969
376000 -0.140393221186058
377000 -0.148394900145565
378000 -0.139730087434183
379000 -0.136985665860542
380000 -0.132164043126972
381000 -0.116848947352233
382000 -0.133955591021259
383000 -0.153462523223873
384000 -0.155967768594161
385000 -0.164437756404695
386000 -0.144903507855987
387000 -0.130007362757993
388000 -0.123495700720538
389000 -0.147310890706151
390000 -0.148675776072554
391000 -0.160968300122591
392000 -0.159858508011616
393000 -0.163367083437195
394000 -0.150656069702925
395000 -0.153647630900637
396000 -0.151427518867401
397000 -0.151640464542844
398000 -0.134183060901703
399000 -0.151979392906911
400000 -0.171169449199909
401000 -0.167047461278257
402000 -0.161387814818874
403000 -0.147862110095391
404000 -0.148813293836412
405000 -0.129661686234277
406000 -0.135021063367096
407000 -0.151841640262034
408000 -0.151714979978785
409000 -0.172736925624078
410000 -0.162978625628216
411000 -0.15425584789593
412000 -0.153081353996809
413000 -0.141176925500334
414000 -0.114484021320433
415000 -0.118438113803508
416000 -0.152244173879832
417000 -0.154755121214037
418000 -0.161195294554278
419000 -0.149389913142723
420000 -0.155329282485723
421000 -0.118892945271854
422000 -0.100203147046648
423000 -0.130401317935431
424000 -0.172027242513736
425000 -0.185160035070766
426000 -0.177086625565101
427000 -0.148621400801529
428000 -0.133409830137096
429000 -0.118274502698649
430000 -0.13695849013568
431000 -0.145474723634167
432000 -0.164977250044325
433000 -0.171987791294285
434000 -0.183515073157169
435000 -0.178481603297138
436000 -0.160818637254913
437000 -0.145572599715822
438000 -0.150850898005741
439000 -0.165079133407685
440000 -0.1722859634472
441000 -0.177520563392751
442000 -0.174826596146012
443000 -0.177697425519025
444000 -0.18679064243616
445000 -0.157426071597092
446000 -0.156653316260906
447000 -0.156401492574657
448000 -0.177197391128819
449000 -0.177207430934949
450000 -0.168512885335581
451000 -0.187717523152035
452000 -0.177074735850015
453000 -0.179914364739919
454000 -0.180462475761519
455000 -0.173441811163667
456000 -0.190177107657893
457000 -0.183231775272984
458000 -0.162737310897682
459000 -0.155003955767824
460000 -0.175052315783419
461000 -0.187878198745415
462000 -0.184774794468915
463000 -0.191378292649818
464000 -0.19766968044257
465000 -0.179673852717925
466000 -0.178608283320573
467000 -0.17051193412895
468000 -0.16275060095683
469000 -0.180481732492626
470000 -0.176336733867909
471000 -0.205724122627906
472000 -0.194552339329569
473000 -0.187560830356683
474000 -0.193636222826001
475000 -0.168623453338251
476000 -0.150039492516107
477000 -0.160211193226737
478000 -0.178395250654216
479000 -0.197779373725208
480000 -0.199322073628114
481000 -0.195994751864681
482000 -0.198485485259656
483000 -0.189057496037682
484000 -0.156658570317634
485000 -0.146444677601655
486000 -0.142213568056183
487000 -0.175268791672119
488000 -0.192551351524317
489000 -0.201342897130353
490000 -0.194292704743389
491000 -0.190394930406598
492000 -0.159270724669979
493000 -0.126325778237246
494000 -0.138644317363392
495000 -0.163541396196218
496000 -0.212963958925853
497000 -0.202528452824927
498000 -0.200472024978952
499000 -0.180820515434125
500000 -0.165004205138557
501000 -0.155787976123168
502000 -0.158345702863925
503000 -0.180312120968456
504000 -0.210594141106895
505000 -0.208722818030627
506000 -0.220161699894666
507000 -0.192865695789869
508000 -0.199919007412723
509000 -0.182772015794108
510000 -0.172638882681864
511000 -0.203161915487871
512000 -0.197292009659022
513000 -0.21509549686657
514000 -0.208894226189656
515000 -0.211931125336878
516000 -0.222214690122488
517000 -0.222771074890771
518000 -0.217193488209355
519000 -0.19082021463691
520000 -0.201478956940415
521000 -0.197351869567804
522000 -0.193583423421672
523000 -0.193792204199907
524000 -0.204392110194589
525000 -0.210703139957319
526000 -0.221109490295054
527000 -0.213535436892547
528000 -0.222127554656727
529000 -0.19894827633641
530000 -0.214946202419478
531000 -0.174984399056301
532000 -0.172030701304805
533000 -0.192620246128141
534000 -0.216555806834651
535000 -0.213403165459489
536000 -0.225366744102256
537000 -0.23349069463235
538000 -0.217528453339144
539000 -0.183099183858809
540000 -0.163577859157263
541000 -0.164855908683947
542000 -0.18005358335017
543000 -0.206055701177322
544000 -0.214614561044262
545000 -0.231507171644197
546000 -0.214355952224432
547000 -0.198683472225298
548000 -0.136139418011793
549000 -0.152601213056906
550000 -0.202303208099865
551000 -0.226789814368741
552000 -0.245228633829425
553000 -0.236963752405845
554000 -0.211591243883881
555000 -0.172132674472376
556000 -0.150244863586983
557000 -0.198141891339382
558000 -0.238576453733906
559000 -0.245116519239509
560000 -0.243788589763285
561000 -0.209291135989344
562000 -0.172233781797013
563000 -0.176210479304744
564000 -0.187228311359248
565000 -0.234910079851705
566000 -0.249674345762228
567000 -0.24458737036739
568000 -0.229522494929143
569000 -0.22627736385764
570000 -0.202845017133934
571000 -0.185483910169032
572000 -0.207414333705223
573000 -0.239618962796819
574000 -0.254099626473051
575000 -0.246881438305665
576000 -0.228092963114197
577000 -0.226801445601208
578000 -0.189579477669871
579000 -0.199221803941324
580000 -0.217498639819563
581000 -0.247120136143714
582000 -0.263858750929706
583000 -0.245600186552131
584000 -0.238294191263635
585000 -0.232548338164186
586000 -0.200660191291043
587000 -0.213451129843681
588000 -0.228616208147607
589000 -0.252007713197204
590000 -0.249775474854994
591000 -0.258466312530209
592000 -0.240606701103877
593000 -0.237527557347118
594000 -0.237367746002975
595000 -0.231802893396054
596000 -0.262148632795652
597000 -0.269201306080668
598000 -0.26665431154087
599000 -0.278476623013529
600000 -0.256802386994991
601000 -0.254947132390255
602000 -0.255931031783762
603000 -0.227955089937017
604000 -0.235454338890151
605000 -0.231460098950381
606000 -0.253120922664802
607000 -0.255127722209695
608000 -0.27283192420631
609000 -0.276516768510102
610000 -0.261707870557805
611000 -0.259503182729274
612000 -0.259939344186349
613000 -0.253799068109981
614000 -0.263007749950909
615000 -0.24492915315403
616000 -0.26070280271534
617000 -0.238696760434512
618000 -0.233604065745824
619000 -0.254127500842804
620000 -0.269634003994108
621000 -0.264456644442894
622000 -0.266210488021669
623000 -0.262997415180953
624000 -0.26811144231875
625000 -0.22523755576131
626000 -0.232546811349972
627000 -0.222160872032462
628000 -0.254107656585613
629000 -0.243125515286898
630000 -0.260002035538829
631000 -0.273849704722425
632000 -0.262888658494302
633000 -0.234523870434162
634000 -0.239637552453287
635000 -0.226840778810469
636000 -0.258888233836323
637000 -0.265863188982504
638000 -0.252618629494591
639000 -0.268416107664018
640000 -0.285367890984371
641000 -0.278301314136306
642000 -0.264120340235915
643000 -0.292368992647053
644000 -0.277307005549791
645000 -0.274652965114691
646000 -0.272354997415155
647000 -0.274322649594322
648000 -0.289102708082845
649000 -0.280529739224653
650000 -0.266997287126714
651000 -0.262454859980354
652000 -0.276912044848147
653000 -0.251748368861273
654000 -0.294447254118836
655000 -0.301864828909417
656000 -0.281755549222175
657000 -0.269565468144933
658000 -0.262901943850746
659000 -0.249785123662918
660000 -0.250321431593082
661000 -0.263962285926164
662000 -0.273760743864663
663000 -0.302387234029823
664000 -0.292078836073431
665000 -0.273985002580537
666000 -0.270426168532616
667000 -0.280655612649067
668000 -0.272776550925373
669000 -0.265719878149148
670000 -0.287867827453323
671000 -0.286691613579326
672000 -0.291425713598917
673000 -0.29316119771867
674000 -0.300154669772094
675000 -0.301936546459378
676000 -0.287896398133505
677000 -0.27650810171558
678000 -0.278961606075891
679000 -0.275405620637251
680000 -0.253587423221104
681000 -0.268360689218637
682000 -0.286461561873566
683000 -0.281251194565429
684000 -0.29374007568427
685000 -0.294683807961104
686000 -0.306319921466859
687000 -0.292790484879408
688000 -0.290016454480176
689000 -0.288016660962638
690000 -0.295166671160513
691000 -0.288323945702741
692000 -0.271024533751364
693000 -0.282298158688598
694000 -0.302890473588272
695000 -0.297083354705907
696000 -0.299968784494999
697000 -0.308955353298747
698000 -0.290011339023361
699000 -0.299584659751244
700000 -0.297173117155045
701000 -0.30201553773298
702000 -0.29960173043031
703000 -0.305457691207857
704000 -0.300129805630041
705000 -0.315658094117112
706000 -0.301548530796417
707000 -0.302104034630904
708000 -0.309061240664173
709000 -0.29643604894074
710000 -0.305587796507704
711000 -0.289943534462141
712000 -0.321265346206844
713000 -0.290863347222106
714000 -0.287854456865528
715000 -0.284729839303796
716000 -0.285819048213476
717000 -0.310797199747593
718000 -0.277191401984931
719000 -0.298154065989036
720000 -0.307544104548716
721000 -0.311572220239362
722000 -0.297399578617475
723000 -0.314941367043042
724000 -0.319480850782701
725000 -0.31865582745203
726000 -0.320683327588639
727000 -0.304665486903222
728000 -0.326509535098966
729000 -0.308109588284765
730000 -0.315646063947709
731000 -0.295651078391992
732000 -0.326582945421901
733000 -0.294397754192432
734000 -0.301299987227175
735000 -0.309558989026537
736000 -0.324333401189927
737000 -0.301975043141699
738000 -0.284460220165456
739000 -0.309765854488268
740000 -0.296651658394446
741000 -0.284031408428672
742000 -0.293594477103477
743000 -0.316263032617155
744000 -0.317165942713299
745000 -0.327796471471898
746000 -0.314982098328617
747000 -0.318191081709583
748000 -0.313577033775994
749000 -0.296325668514713
750000 -0.314464803250286
751000 -0.302287862537823
752000 -0.307974310350232
753000 -0.308522282005928
754000 -0.312827745923118
755000 -0.303658362008838
756000 -0.280403384591698
757000 -0.317316165728868
758000 -0.298171353379072
759000 -0.321581277184358
760000 -0.314240909944023
761000 -0.319849537392249
762000 -0.31020903433764
763000 -0.321516366757356
764000 -0.294435099316791
765000 -0.278676517243168
766000 -0.312625026917296
767000 -0.281502927039029
768000 -0.315045947570453
769000 -0.317906890923865
770000 -0.33628398323782
771000 -0.317622284595147
772000 -0.323942064759603
773000 -0.330199697284626
774000 -0.321744393274973
775000 -0.331017444381883
776000 -0.31713426989031
777000 -0.363116510477275
778000 -0.319744245891345
779000 -0.338297275402705
780000 -0.324556203544866
781000 -0.348079609334283
782000 -0.318696179726045
783000 -0.340851191870909
784000 -0.324542814042259
785000 -0.326811081406442
786000 -0.31080809404006
787000 -0.302322122125596
788000 -0.306971242596842
789000 -0.279984444816719
790000 -0.310640893595992
791000 -0.292138861729054
792000 -0.323287049416855
793000 -0.326890716565717
794000 -0.338435924210002
795000 -0.336616567603397
796000 -0.33442626972808
797000 -0.310118293619805
798000 -0.266819431825196
799000 -0.289448446336659
800000 -0.270208933315344
801000 -0.289296723722354
802000 -0.33624545356461
803000 -0.343880914054343
804000 -0.342742329678631
805000 -0.350534782873797
806000 -0.347121950271003
807000 -0.334400977794313
808000 -0.333301783302691
809000 -0.335260619123117
810000 -0.332315194428542
811000 -0.300667167233547
812000 -0.303200679749759
813000 -0.268604106447187
814000 -0.292406072560973
815000 -0.309842897462081
816000 -0.318907203499145
817000 -0.363122097722522
818000 -0.359613939972816
819000 -0.335581498635284
820000 -0.345672884667845
821000 -0.353122966016405
822000 -0.31594928644604
823000 -0.307928322333218
824000 -0.327128545311346
825000 -0.290224253877588
826000 -0.299846704058002
827000 -0.324454035895742
828000 -0.301100437795759
829000 -0.331030643977337
830000 -0.342567152932218
831000 -0.340593265471241
832000 -0.349462927623689
833000 -0.340699867182494
834000 -0.330821136667025
835000 -0.34463208034762
836000 -0.320032446978819
837000 -0.29793384653413
838000 -0.298223876016913
839000 -0.297490132115848
840000 -0.308393845315645
841000 -0.33635037064263
842000 -0.359825838304455
843000 -0.346855087891107
844000 -0.354450036774629
845000 -0.359128797112641
846000 -0.356981126012194
847000 -0.319936783925788
848000 -0.308311877604436
849000 -0.286211924024198
850000 -0.307236614765636
851000 -0.321992822132045
852000 -0.338612209378202
853000 -0.329431462122063
854000 -0.352222396119317
855000 -0.341217502732043
856000 -0.349942848710168
857000 -0.34965848847556
858000 -0.338408364271225
859000 -0.335686683676989
860000 -0.307728234772611
861000 -0.295743058769184
862000 -0.318790593538674
863000 -0.321947619725856
864000 -0.350364468503183
865000 -0.37675982987387
866000 -0.378469448373346
867000 -0.350226042339406
868000 -0.338601642414962
869000 -0.288268130514501
870000 -0.296265184646905
871000 -0.304525085228489
872000 -0.342756148488907
873000 -0.386106864624077
874000 -0.37070794086739
875000 -0.365495522073947
876000 -0.354845889422333
877000 -0.363771646995375
878000 -0.319834108378159
879000 -0.321085007933046
880000 -0.326223901966159
881000 -0.30383823102501
882000 -0.33766847611019
883000 -0.338298715210349
884000 -0.361124253718469
885000 -0.38188252419516
886000 -0.376855306276393
887000 -0.362182501051074
888000 -0.356742146654973
889000 -0.346560739747436
890000 -0.296038876543008
891000 -0.290064895134471
892000 -0.320837178199573
893000 -0.356474775443288
894000 -0.384053790618024
895000 -0.387200311371906
896000 -0.381952674489108
897000 -0.393944992241622
898000 -0.373917468322981
899000 -0.348181398240116
900000 -0.324458172877745
901000 -0.335172494368916
902000 -0.317039838326666
903000 -0.339203058823876
904000 -0.368333973167314
905000 -0.355914101845047
906000 -0.383493641957284
907000 -0.388595938578922
908000 -0.381127178278685
909000 -0.375981881291251
910000 -0.391961630719457
911000 -0.342978306688759
912000 -0.323523256478091
913000 -0.327465563927155
914000 -0.331465160024435
915000 -0.36720104806061
916000 -0.379152743593001
917000 -0.380857303619693
918000 -0.400546371068612
919000 -0.383509765350661
920000 -0.365726291366598
921000 -0.345892647584197
922000 -0.334966812271049
923000 -0.336770924614868
924000 -0.358753630221701
925000 -0.353729069475777
926000 -0.350573408353954
927000 -0.398124745445637
928000 -0.376060439822246
929000 -0.368350678121454
930000 -0.388704438427127
931000 -0.38083632614942
932000 -0.346014513801022
933000 -0.381827288650116
934000 -0.355682360171478
935000 -0.34091431363022
936000 -0.357873625137214
937000 -0.364135283933337
938000 -0.37710372458905
939000 -0.408909643195411
940000 -0.413825319285591
941000 -0.395701281452236
942000 -0.403138905718552
943000 -0.371580167929666
944000 -0.343304723028594
945000 -0.345211458658623
946000 -0.336119592909976
947000 -0.375860452515417
948000 -0.395127844514141
949000 -0.391254124837081
950000 -0.431752568282292
951000 -0.4095720358506
952000 -0.393753988577025
953000 -0.391083056814452
954000 -0.378220970532033
955000 -0.369371468294036
956000 -0.336859573320863
957000 -0.360651796416429
958000 -0.332566610543131
959000 -0.372812895889215
960000 -0.393028629207608
961000 -0.398006026773791
962000 -0.413609616263334
963000 -0.441272035604639
964000 -0.392470831592815
965000 -0.359805258929059
966000 -0.323844006502246
967000 -0.353097457460394
968000 -0.382286180416898
969000 -0.408787673094353
970000 -0.406667138578744
971000 -0.400850520559863
972000 -0.41075081117685
973000 -0.402947586666816
974000 -0.39756472461354
975000 -0.377057559340033
976000 -0.357028145438935
977000 -0.352655416452361
978000 -0.364580051452391
979000 -0.380573677435397
980000 -0.419527864171234
981000 -0.390791266831492
982000 -0.396527483630626
983000 -0.434405905671619
984000 -0.416635424941632
985000 -0.38600319753831
986000 -0.350775343564949
987000 -0.355048404098834
988000 -0.358130865637138
989000 -0.399236806046926
990000 -0.41700958684302
991000 -0.430347173078271
992000 -0.418008142909045
993000 -0.410431911898844
994000 -0.391804959222484
995000 -0.396179871641412
996000 -0.398044126490741
997000 -0.393208155709568
998000 -0.378264347114621
999000 -0.366530143365824
1000000 -0.384504461988914
1001000 -0.396118734149097
1002000 -0.404333127009756
1003000 -0.412996786913068
1004000 -0.408783492896599
1005000 -0.388469285899521
1006000 -0.364574708026197
1007000 -0.379946770189258
1008000 -0.361691480383452
1009000 -0.413481623380033
1010000 -0.415909355336934
1011000 -0.402155468571348
1012000 -0.418257611734057
1013000 -0.421039435223873
1014000 -0.388092862379237
1015000 -0.380479919636746
1016000 -0.386054562273767
1017000 -0.397254818261515
1018000 -0.409385983855826
1019000 -0.405779653395803
1020000 -0.405710240654261
1021000 -0.432979478125283
1022000 -0.416055524214132
1023000 -0.417200017664137
1024000 -0.405603640744481
1025000 -0.399710382192769
1026000 -0.369420194343067
1027000 -0.393181385623815
1028000 -0.397304777867051
1029000 -0.433369530304407
1030000 -0.447221871385784
1031000 -0.425927828400537
1032000 -0.415466089302458
1033000 -0.392377738491202
1034000 -0.368756347365614
1035000 -0.38157335254796
1036000 -0.41536163097566
1037000 -0.419723819304172
1038000 -0.435415123792398
1039000 -0.407434127152903
1040000 -0.408003561302183
1041000 -0.406064551596808
1042000 -0.392905480284166
1043000 -0.412434979178277
1044000 -0.413401977582562
1045000 -0.404255671847703
1046000 -0.389019557344035
1047000 -0.409391100560934
1048000 -0.409397490877445
1049000 -0.438579516730026
1050000 -0.430646496335573
1051000 -0.425348867717811
1052000 -0.413096773075834
1053000 -0.408799119611153
1054000 -0.397232587350201
1055000 -0.411535221134463
1056000 -0.422032244389469
1057000 -0.433652247757906
1058000 -0.455523911455479
1059000 -0.434356795198326
1060000 -0.404443615452522
1061000 -0.40328081002648
1062000 -0.406163225761504
1063000 -0.406788202779793
1064000 -0.411518276583576
1065000 -0.396193284978113
1066000 -0.405414037713537
1067000 -0.414690131129845
1068000 -0.415442466639858
1069000 -0.431500569589001
1070000 -0.443850183169981
1071000 -0.441125494134358
1072000 -0.436357134035057
1073000 -0.412773073266014
1074000 -0.384617134503963
1075000 -0.397803542272876
1076000 -0.417214565369915
1077000 -0.426132428807523
1078000 -0.459060854045687
1079000 -0.436758857252421
1080000 -0.41891372858447
1081000 -0.38295771530496
1082000 -0.409019898614454
1083000 -0.40937114176076
1084000 -0.454646782188572
1085000 -0.447000227992954
1086000 -0.460677902292065
1087000 -0.454868377105788
1088000 -0.456683884299094
1089000 -0.462204455998321
1090000 -0.454244553096948
1091000 -0.432741682002571
1092000 -0.41166989498257
1093000 -0.404367100646245
1094000 -0.408965571605069
1095000 -0.416688150362693
1096000 -0.445222786387423
1097000 -0.44712565949203
1098000 -0.456233131171479
1099000 -0.44767545385257
1100000 -0.432793457279897
1101000 -0.416439407644823
1102000 -0.388332899722873
1103000 -0.414377298159816
1104000 -0.442273317899503
1105000 -0.465217764235968
1106000 -0.451650085079313
1107000 -0.44437038198792
1108000 -0.426850704349806
1109000 -0.382238789993736
1110000 -0.387027147147767
1111000 -0.410184078008625
1112000 -0.424431373256983
1113000 -0.447954097967386
1114000 -0.440133290677779
1115000 -0.460244733071564
1116000 -0.464961172935312
1117000 -0.473938691842087
1118000 -0.451776901143537
1119000 -0.426920991741348
1120000 -0.393729237357534
1121000 -0.40889810390518
1122000 -0.418330224669602
1123000 -0.454579894870281
1124000 -0.470888907733131
1125000 -0.467261366063013
1126000 -0.462968019124029
1127000 -0.41276684872338
1128000 -0.379499289624799
1129000 -0.404032715130432
1130000 -0.44672513715964
1131000 -0.482354071520103
1132000 -0.498567108600912
1133000 -0.478844599697606
1134000 -0.447975250078025
1135000 -0.432592499855529
1136000 -0.411255129104551
1137000 -0.420295267558822
1138000 -0.440134067398116
1139000 -0.450148696521081
1140000 -0.426325369012261
1141000 -0.445440014141575
1142000 -0.438936309607673
1143000 -0.438703018189918
1144000 -0.447234536895518
1145000 -0.444764657271766
1146000 -0.427569906668614
1147000 -0.413222787001619
1148000 -0.445875038509776
1149000 -0.478655129671588
1150000 -0.490089716248773
1151000 -0.492647179902304
1152000 -0.456781116895003
1153000 -0.420020006355837
1154000 -0.403600914753849
1155000 -0.432018758396562
1156000 -0.475411436870515
1157000 -0.503143726040968
1158000 -0.500417283974302
1159000 -0.483674758859295
1160000 -0.443491746693405
1161000 -0.403046799155723
1162000 -0.418482796720569
1163000 -0.439355706018104
1164000 -0.479868278504175
1165000 -0.466268507188599
1166000 -0.450082698379942
1167000 -0.463470918135406
1168000 -0.439412028395683
1169000 -0.434643178393916
1170000 -0.443944162710079
1171000 -0.444126355794877
1172000 -0.461405418665209
1173000 -0.46891782142668
1174000 -0.466522969773534
1175000 -0.484637483462998
1176000 -0.489834192561511
1177000 -0.443495663503605
1178000 -0.424536088428322
1179000 -0.398723573610191
1180000 -0.419283909825538
1181000 -0.484060085094662
1182000 -0.500632501498207
1183000 -0.492385108558948
1184000 -0.476325642890558
1185000 -0.417143819734881
1186000 -0.399545927333843
1187000 -0.429396352329173
1188000 -0.478369055707896
1189000 -0.495655376150687
1190000 -0.508439115725361
1191000 -0.476613351912585
1192000 -0.431928995667822
1193000 -0.414751943407383
1194000 -0.429885175231073
1195000 -0.464359125110697
1196000 -0.482627129472159
1197000 -0.472853239573824
1198000 -0.483393203012537
1199000 -0.443787720051441
1200000 -0.433672613402673
1201000 -0.461897347083634
1202000 -0.459730172027381
1203000 -0.440507058137701
1204000 -0.45281740901532
1205000 -0.471230017496864
1206000 -0.492611544982521
1207000 -0.486629787361005
1208000 -0.487297780229342
1209000 -0.458180911658664
1210000 -0.400673475131504
1211000 -0.41531530068775
1212000 -0.483660036793615
1213000 -0.503129057798287
1214000 -0.509096748950587
1215000 -0.507117413194651
1216000 -0.483797684477823
1217000 -0.392982063361548
1218000 -0.413597393194514
1219000 -0.477792121166504
1220000 -0.504879120174075
1221000 -0.503318000117992
1222000 -0.501245768588623
1223000 -0.46711865570091
1224000 -0.460916376966743
1225000 -0.441035844903547
1226000 -0.452902151101273
1227000 -0.4832215276689
1228000 -0.485480814232154
1229000 -0.48914866195718
1230000 -0.470417145588192
1231000 -0.457489481816142
1232000 -0.447362495917521
1233000 -0.485591127493736
1234000 -0.467482309789069
1235000 -0.458892055755175
1236000 -0.466507247088636
1237000 -0.492134004640548
1238000 -0.498322629866524
1239000 -0.484202921628546
1240000 -0.449350155295333
1241000 -0.421923525001997
1242000 -0.448052891625366
1243000 -0.487152590800348
1244000 -0.504143140535122
1245000 -0.503582746877654
1246000 -0.480912246879605
1247000 -0.44616270234475
1248000 -0.405744282685486
1249000 -0.448018463397798
1250000 -0.491434350483613
1251000 -0.528531517012887
1252000 -0.516318006950446
1253000 -0.504144099967767
1254000 -0.436607771433926
1255000 -0.423265072041779
1256000 -0.454158129608851
1257000 -0.50252398477689
1258000 -0.514563069446716
1259000 -0.513689771169438
1260000 -0.48178684465218
1261000 -0.437791664921263
1262000 -0.422865869752412
1263000 -0.47403873556188
1264000 -0.520216799100067
1265000 -0.499379190078129
1266000 -0.492728782828562
1267000 -0.465132823999947
1268000 -0.439117827446681
1269000 -0.47866962409868
1270000 -0.48082622522331
1271000 -0.501760259697854
1272000 -0.488419555367412
1273000 -0.505047107544485
1274000 -0.489069729336827
1275000 -0.495666326363317
1276000 -0.465076091408568
1277000 -0.447940052124136
1278000 -0.468473761525036
1279000 -0.485842347848785
1280000 -0.524746863820359
1281000 -0.519485813132969
1282000 -0.520925758310151
1283000 -0.474333152611663
1284000 -0.441083625280432
1285000 -0.467475668387267
1286000 -0.496973172962159
1287000 -0.528772812844463
1288000 -0.53347260189685
1289000 -0.504944203827121
1290000 -0.454407250149192
1291000 -0.417656706688396
1292000 -0.486598213629831
1293000 -0.522403703258436
1294000 -0.53639382739991
1295000 -0.517533433792214
1296000 -0.492589267878622
1297000 -0.423002918834385
1298000 -0.442505480117451
1299000 -0.493606912811419
1300000 -0.543617664479114
1301000 -0.541002918846588
1302000 -0.528696937220123
1303000 -0.454877451219171
1304000 -0.436104117541697
1305000 -0.482711855886638
1306000 -0.513841876979747
1307000 -0.540794246055978
1308000 -0.520440773642664
1309000 -0.505018354855287
1310000 -0.451861459965856
1311000 -0.460129013964617
1312000 -0.494807404501231
1313000 -0.518724332972724
1314000 -0.514022991240292
1315000 -0.512729933959914
1316000 -0.491008698973034
1317000 -0.500582688501928
1318000 -0.503311661621953
1319000 -0.489026126616182
1320000 -0.49152395648546
1321000 -0.474167168212634
1322000 -0.526601517831475
1323000 -0.516829924638255
1324000 -0.489493485449255
1325000 -0.496728285045256
1326000 -0.485117737598613
1327000 -0.49610946527264
1328000 -0.518509272723491
1329000 -0.534923476704129
1330000 -0.534857009360761
1331000 -0.508325579244283
1332000 -0.488519128828648
1333000 -0.470268621302552
1334000 -0.502889143287158
1335000 -0.534300324597993
1336000 -0.543603592900842
1337000 -0.512438776098959
1338000 -0.466636447121544
1339000 -0.471712799521056
1340000 -0.45597490253427
1341000 -0.524252029539613
1342000 -0.541060246234786
1343000 -0.558431861543779
1344000 -0.500669667851691
1345000 -0.475551189673537
1346000 -0.457737342720451
1347000 -0.512846887059881
1348000 -0.511184134370927
1349000 -0.531998040397739
1350000 -0.526134438634617
1351000 -0.509842291123087
1352000 -0.488295459324835
1353000 -0.505636142039359
1354000 -0.510173379992207
1355000 -0.506892161924344
1356000 -0.53607243146702
1357000 -0.509001513209772
1358000 -0.510749396000284
1359000 -0.506755300012258
1360000 -0.508773496444086
1361000 -0.506444644059038
1362000 -0.514946818879523
1363000 -0.521644504704237
1364000 -0.532739632962454
1365000 -0.526832694368586
1366000 -0.510079024643826
1367000 -0.497172206462036
1368000 -0.490900899080791
1369000 -0.535008071801587
1370000 -0.551231375830653
1371000 -0.515799769457482
1372000 -0.519460093075797
1373000 -0.500317274875626
1374000 -0.50379868912508
1375000 -0.503912032745787
1376000 -0.538403303609928
1377000 -0.558925178130165
1378000 -0.533591436246227
1379000 -0.508861583813477
1380000 -0.47330831236811
1381000 -0.523218273316853
1382000 -0.546801703194264
1383000 -0.566940953673677
1384000 -0.52875058577332
1385000 -0.505895087038293
1386000 -0.487074580868023
1387000 -0.483225192255359
1388000 -0.529094076186535
1389000 -0.5767913005357
1390000 -0.572892211507185
1391000 -0.528764953588279
1392000 -0.478153407221759
1393000 -0.475481539775303
1394000 -0.529106770254162
1395000 -0.563519980179783
1396000 -0.557940462854247
1397000 -0.548072058219913
1398000 -0.50170340239114
1399000 -0.494412179271403
1400000 -0.530611915733146
1401000 -0.552674210228289
1402000 -0.572946647866199
1403000 -0.56848828436897
1404000 -0.519059179388167
1405000 -0.471905001070282
1406000 -0.516926217295336
1407000 -0.552995308916556
1408000 -0.572906374202667
1409000 -0.562649028697116
1410000 -0.541025781579579
1411000 -0.520489056784471
1412000 -0.499332874127093
1413000 -0.553349566825916
1414000 -0.56218529761925
1415000 -0.592543689157636
1416000 -0.570721584337476
1417000 -0.528988971815232
1418000 -0.479488111084422
1419000 -0.521236428677445
1420000 -0.572454838305161
1421000 -0.583218199530854
1422000 -0.583496192619586
1423000 -0.579029706306848
1424000 -0.530137588366649
1425000 -0.512433054246441
1426000 -0.538326029038158
1427000 -0.566063643699503
1428000 -0.59170747114418
1429000 -0.598212075712697
1430000 -0.568427540026025
1431000 -0.536795553615016
1432000 -0.526583241285056
1433000 -0.537381763802514
1434000 -0.572022949428202
1435000 -0.564945600593926
1436000 -0.59819765393545
1437000 -0.552090779999861
1438000 -0.507196180505093
1439000 -0.514509186550798
1440000 -0.568658975295148
1441000 -0.605005563966367
1442000 -0.601371753543228
1443000 -0.558700807850415
1444000 -0.545369447563804
1445000 -0.495812298237355
1446000 -0.521334057576449
1447000 -0.582852397777959
1448000 -0.612090367594311
1449000 -0.605754689245003
1450000 -0.567700631222991
1451000 -0.510665374252054
1452000 -0.500893333812291
1453000 -0.573837697511703
1454000 -0.590512560291471
1455000 -0.603123452864524
1456000 -0.602039084233631
1457000 -0.546357291092491
1458000 -0.482255113265436
1459000 -0.546421622640065
1460000 -0.606599317095235
1461000 -0.610348949487381
1462000 -0.602780301539285
1463000 -0.573573293984517
1464000 -0.498234276164702
1465000 -0.523797453055986
1466000 -0.589745775137949
1467000 -0.62097087254673
1468000 -0.612361060585203
1469000 -0.594867585454646
1470000 -0.523602837406101
1471000 -0.492619802474338
1472000 -0.550353668942242
1473000 -0.611618157767284
1474000 -0.642713319137511
1475000 -0.626568472373543
1476000 -0.554050050793076
1477000 -0.484264327712374
1478000 -0.514445160859519
1479000 -0.568922560642492
1480000 -0.634496951103187
1481000 -0.63320779411791
1482000 -0.61129889529571
1483000 -0.526195422367612
1484000 -0.480347119568682
1485000 -0.545363987632977
1486000 -0.619945607946237
1487000 -0.618635956658291
1488000 -0.634105781740359
1489000 -0.570272734431685
1490000 -0.509148040335222
1491000 -0.507934861737305
1492000 -0.565804299747635
1493000 -0.625611505777597
1494000 -0.633458793287925
1495000 -0.627648303011114
1496000 -0.555749224605896
1497000 -0.50159503081388
1498000 -0.525371578894927
1499000 -0.611837444993041
1500000 -0.618523314511559
1501000 -0.633609507765432
1502000 -0.571014252934198
1503000 -0.530153390005523
1504000 -0.501306273486913
1505000 -0.584284615712159
1506000 -0.623793277165403
1507000 -0.649430194137968
1508000 -0.643382082143131
1509000 -0.571214752468731
1510000 -0.517603437883375
1511000 -0.517246740341649
1512000 -0.601738362453502
1513000 -0.645155802057603
1514000 -0.630557100867243
1515000 -0.603346702638156
1516000 -0.558063619212217
1517000 -0.523016898476289
1518000 -0.558246210213273
1519000 -0.613995400811462
1520000 -0.636640960173938
1521000 -0.622934347156167
1522000 -0.549019191413441
1523000 -0.516078310741903
1524000 -0.551035400936832
1525000 -0.60158705265094
1526000 -0.614434003143661
1527000 -0.622228429249969
1528000 -0.57357511208863
1529000 -0.523782229557947
1530000 -0.534247171030018
1531000 -0.578207767163074
1532000 -0.639074942124852
1533000 -0.635021719744078
1534000 -0.58998504696223
1535000 -0.538327776187049
1536000 -0.511966942162901
1537000 -0.575451154319305
1538000 -0.601609964494487
1539000 -0.625353946588274
1540000 -0.603377582584881
1541000 -0.55780268863388
1542000 -0.517622012557494
1543000 -0.557700617768236
1544000 -0.60597492356692
1545000 -0.619975377298548
1546000 -0.63385585981403
1547000 -0.590247121848306
1548000 -0.569435792247714
1549000 -0.543127979683627
1550000 -0.577712689853116
1551000 -0.619202093046477
1552000 -0.633142507275805
1553000 -0.613478162998609
1554000 -0.590994112564067
1555000 -0.521205707698899
1556000 -0.545777220654764
1557000 -0.623771599561748
1558000 -0.641424644698389
1559000 -0.647090317510896
1560000 -0.578617329582687
1561000 -0.533613684033776
1562000 -0.558887120447208
1563000 -0.617124700651866
1564000 -0.64504980933234
1565000 -0.638531443255296
1566000 -0.594120717292233
1567000 -0.529666035487875
1568000 -0.544214835946791
1569000 -0.610579068645179
1570000 -0.641357170965494
1571000 -0.636607240889687
1572000 -0.584197417779082
1573000 -0.551399000032348
1574000 -0.540207343537562
1575000 -0.629545571049302
1576000 -0.665684962114418
1577000 -0.66313048852921
1578000 -0.626063375340741
1579000 -0.549647250513512
1580000 -0.523558167965355
1581000 -0.593364693481872
1582000 -0.658238332843341
1583000 -0.661794719806524
1584000 -0.63356640539013
1585000 -0.567571347765728
1586000 -0.540911177365785
1587000 -0.578469624192544
1588000 -0.628968059420832
1589000 -0.670907904514927
1590000 -0.622261040541983
1591000 -0.579882889832637
1592000 -0.546318298772718
1593000 -0.575483247508769
1594000 -0.63855325383081
1595000 -0.660476203434729
1596000 -0.624011190561333
1597000 -0.58481692402515
1598000 -0.557008783350687
1599000 -0.580958613444368
1600000 -0.632481930849359
1601000 -0.664096323526936
1602000 -0.637018140510909
1603000 -0.599248658813565
1604000 -0.560548176267307
1605000 -0.592206365140692
1606000 -0.614110458366509
1607000 -0.655921952843918
1608000 -0.62955840623813
1609000 -0.619518156961451
1610000 -0.551968492014197
1611000 -0.569252864662802
1612000 -0.611355321543944
1613000 -0.651042707578091
1614000 -0.678143883189101
1615000 -0.628756879873797
1616000 -0.557382210711904
1617000 -0.548406227099397
1618000 -0.655127339954682
1619000 -0.674771857256217
1620000 -0.669156694001362
1621000 -0.632622483308376
1622000 -0.592000052141985
1623000 -0.547605523390524
1624000 -0.612788062669011
1625000 -0.675960726178686
1626000 -0.669240878462165
1627000 -0.64006378596452
1628000 -0.586476631189692
1629000 -0.55719313618098
1630000 -0.63380990419468
1631000 -0.671578339610925
1632000 -0.680164752774282
1633000 -0.615619190508613
1634000 -0.57813996133715
1635000 -0.562727784731012
1636000 -0.608205545359839
1637000 -0.676682985221941
1638000 -0.669808045604488
1639000 -0.628924365371783
1640000 -0.576418126527416
1641000 -0.587522782974716
1642000 -0.63173689262598
1643000 -0.660365265130208
1644000 -0.659275570486434
1645000 -0.641328470943418
1646000 -0.588535951208693
1647000 -0.590680429846906
1648000 -0.61209620961374
1649000 -0.624534903783009
1650000 -0.665300288876872
1651000 -0.637439426906002
1652000 -0.564507352960671
1653000 -0.604270437455303
1654000 -0.628410282473361
1655000 -0.663416897435612
1656000 -0.665649608110773
1657000 -0.630372398668694
1658000 -0.606398943358377
1659000 -0.577497697667466
1660000 -0.632411749705346
1661000 -0.660349157247607
1662000 -0.653027702515021
1663000 -0.635888292198014
1664000 -0.599244297685766
1665000 -0.597924704752631
1666000 -0.626084838445694
1667000 -0.649431163469872
1668000 -0.648470694536685
1669000 -0.641443387138893
1670000 -0.606020009758272
1671000 -0.593217020370265
1672000 -0.608420840906084
1673000 -0.667460813415097
1674000 -0.680801114271535
1675000 -0.637448173409351
1676000 -0.595035908341868
1677000 -0.599613653528918
1678000 -0.648146346384355
1679000 -0.667932086897559
1680000 -0.682544927640423
1681000 -0.618817041345584
1682000 -0.59110274359222
1683000 -0.600683703168618
1684000 -0.665800674864626
1685000 -0.685835852943654
1686000 -0.660080347309266
1687000 -0.608861880122971
1688000 -0.566953872783572
1689000 -0.647087357311609
1690000 -0.647247976160321
1691000 -0.649453028667806
1692000 -0.651275466477873
1693000 -0.599399167794721
1694000 -0.587688584904586
1695000 -0.642645731425827
1696000 -0.683681505834356
1697000 -0.671965867656811
1698000 -0.654362472752455
1699000 -0.593634442980244
1700000 -0.613468654783732
1701000 -0.661787753011918
1702000 -0.679363372432773
1703000 -0.658255348512323
1704000 -0.597061012894069
1705000 -0.623436750337781
1706000 -0.623358047850918
1707000 -0.673314453208509
1708000 -0.698671966774774
1709000 -0.642018297211174
1710000 -0.615341222264831
1711000 -0.608108247787614
1712000 -0.670640671794882
1713000 -0.694302511626518
1714000 -0.689754243912556
1715000 -0.625867816304746
1716000 -0.616312616504918
1717000 -0.638112727836976
1718000 -0.671399114912471
1719000 -0.691101799020314
1720000 -0.666232157634438
1721000 -0.653295181416636
1722000 -0.602678357675044
1723000 -0.650151331805204
1724000 -0.683497371559749
1725000 -0.687345909771696
1726000 -0.672816934777234
1727000 -0.632169882221118
1728000 -0.63155456641649
1729000 -0.642752942296831
1730000 -0.682451006356187
1731000 -0.709524017625285
1732000 -0.666252465985761
1733000 -0.611100848941214
1734000 -0.628932233387154
1735000 -0.642785963333027
1736000 -0.695521801209962
1737000 -0.687293284054141
1738000 -0.656950177628703
1739000 -0.652293234512328
1740000 -0.6243493290387
1741000 -0.677777975449475
1742000 -0.686917237735243
1743000 -0.692536592213985
1744000 -0.658392003466541
1745000 -0.591835269013187
1746000 -0.637255918263862
1747000 -0.658671768569644
1748000 -0.664644885369871
1749000 -0.681708448748696
1750000 -0.650467722245202
1751000 -0.631000318476681
1752000 -0.643469471295518
1753000 -0.708462841642264
1754000 -0.709831990152715
1755000 -0.670548786182909
1756000 -0.61496144084583
1757000 -0.633055088670175
1758000 -0.679920806218006
1759000 -0.70354054779225
1760000 -0.672796099314952
1761000 -0.613590428861478
1762000 -0.635087483240284
1763000 -0.636218591098776
1764000 -0.712037779453501
1765000 -0.708514374181228
1766000 -0.676819552390966
1767000 -0.612353098074756
1768000 -0.643088822605471
1769000 -0.682452305086516
1770000 -0.691240681731764
1771000 -0.671260243685765
1772000 -0.624482892189973
1773000 -0.630438506103776
1774000 -0.666904589642176
1775000 -0.679361634169667
1776000 -0.666846071915015
1777000 -0.665411693057313
1778000 -0.642526315240795
1779000 -0.64684013529925
1780000 -0.68149842479313
1781000 -0.675542721695476
1782000 -0.682249002290186
1783000 -0.65631489529805
1784000 -0.665783794131081
1785000 -0.658201062827071
1786000 -0.659879125498682
1787000 -0.69173491041583
1788000 -0.674630547111693
1789000 -0.686851665848225
1790000 -0.640331253371315
1791000 -0.659199435477922
1792000 -0.671883143270235
1793000 -0.696156591554891
1794000 -0.699458855840206
1795000 -0.648394705915895
1796000 -0.646689082759752
1797000 -0.662843868933195
1798000 -0.669111341661554
1799000 -0.706663667017679
1800000 -0.683868073340407
1801000 -0.631527954922543
1802000 -0.640556206489018
1803000 -0.687521993355715
1804000 -0.723619099692948
1805000 -0.687563168075738
1806000 -0.665403486035367
1807000 -0.636601929198189
1808000 -0.651132863608792
1809000 -0.737421454715198
1810000 -0.690136347321766
1811000 -0.672652221081562
1812000 -0.657177201982087
1813000 -0.649789806346081
1814000 -0.693063514539941
1815000 -0.729028691092883
1816000 -0.698896099196348
1817000 -0.659322722857045
1818000 -0.648227181688338
1819000 -0.687523403129757
1820000 -0.718307023433782
1821000 -0.706146018901311
1822000 -0.697697676779274
1823000 -0.649390105840258
1824000 -0.66857069242238
1825000 -0.677037644452365
1826000 -0.710160784135067
1827000 -0.72728417101919
1828000 -0.658598839786398
1829000 -0.65050509960032
1830000 -0.676824410162465
1831000 -0.721513832440356
1832000 -0.723048694807064
1833000 -0.680159622898201
1834000 -0.670004066502286
1835000 -0.673827180190566
1836000 -0.70120835727438
1837000 -0.71763304780359
1838000 -0.703804046718507
1839000 -0.667606314788241
1840000 -0.669238001749344
1841000 -0.720660024583194
1842000 -0.723482566571003
1843000 -0.709947942361886
1844000 -0.686276869179708
1845000 -0.695642063994821
1846000 -0.684720160085025
1847000 -0.70822705092061
1848000 -0.718381481439897
1849000 -0.698115458295655
1850000 -0.671006928391209
1851000 -0.662092257798106
1852000 -0.719600922231322
1853000 -0.706791405074211
1854000 -0.701213939849703
1855000 -0.670810727652555
1856000 -0.685880858653126
1857000 -0.695707320381418
1858000 -0.683367692941663
1859000 -0.722222640023069
1860000 -0.691207511475889
1861000 -0.672117324194706
1862000 -0.672813033683989
1863000 -0.711492622405757
1864000 -0.716709365529155
1865000 -0.716690203010063
1866000 -0.675114281467384
1867000 -0.676986225756914
1868000 -0.731814870879608
1869000 -0.703263944986942
1870000 -0.695412076956036
1871000 -0.700921169888212
1872000 -0.679303236591512
1873000 -0.688679826706275
1874000 -0.706420199248374
1875000 -0.719997725310493
1876000 -0.685149389044534
1877000 -0.688688082228012
1878000 -0.700280616249429
1879000 -0.72628576693786
1880000 -0.684941240519663
1881000 -0.680204986935191
1882000 -0.691071387997719
1883000 -0.697229213603386
1884000 -0.722135563128408
1885000 -0.705606815049213
1886000 -0.725964559028517
1887000 -0.68971891205403
1888000 -0.681126858330053
1889000 -0.703049964809331
1890000 -0.710560428958881
1891000 -0.702394291592953
1892000 -0.660478823410094
1893000 -0.70691609649984
1894000 -0.707786108730371
1895000 -0.706359776883986
1896000 -0.705488780411334
1897000 -0.706473378053536
1898000 -0.706332368858816
1899000 -0.693743273057845
1900000 -0.705615415653658
1901000 -0.713896507083917
1902000 -0.723275010599312
1903000 -0.695772343618649
1904000 -0.670775362438171
1905000 -0.720618052207659
1906000 -0.714127687232319
1907000 -0.712968531880582
1908000 -0.701412302631713
1909000 -0.693067348776813
1910000 -0.717788989397046
1911000 -0.714763687866085
1912000 -0.726183676824533
1913000 -0.709966519076725
1914000 -0.665075771458385
1915000 -0.696215717986956
1916000 -0.73647149913215
1917000 -0.735727577280207
1918000 -0.702787353800709
1919000 -0.693027117610482
1920000 -0.692633308642694
1921000 -0.72657907593782
1922000 -0.720892985653839
1923000 -0.714494793209218
1924000 -0.703307703625981
1925000 -0.696339456011562
1926000 -0.71580426445273
1927000 -0.742474253372179
1928000 -0.724921695469965
1929000 -0.679620880832149
1930000 -0.711193626710895
1931000 -0.750062082733646
1932000 -0.744034288124192
1933000 -0.690697763824112
1934000 -0.695076088506642
1935000 -0.726280262683368
1936000 -0.740439829925667
1937000 -0.740526415584811
1938000 -0.704567934562753
1939000 -0.690718898321391
1940000 -0.709208029223807
1941000 -0.740951485381689
1942000 -0.756614572301877
1943000 -0.719614860798101
1944000 -0.680553754114362
1945000 -0.703963841330251
1946000 -0.768902618249307
1947000 -0.743430357594335
1948000 -0.692475014652711
1949000 -0.704027181406491
1950000 -0.71838465338993
1951000 -0.744268404372129
1952000 -0.749188693468419
1953000 -0.726140010485223
1954000 -0.692347919541259
1955000 -0.707429396168563
1956000 -0.748197174794473
1957000 -0.747474412830088
1958000 -0.714068711355001
1959000 -0.68000875729619
1960000 -0.734848390276571
1961000 -0.762503220104213
1962000 -0.728325187901151
1963000 -0.710791921582014
1964000 -0.728654506243312
1965000 -0.745711777264562
1966000 -0.732638618987644
1967000 -0.74041848676202
1968000 -0.72580618398429
1969000 -0.716695350765796
1970000 -0.739445182283309
1971000 -0.747006684493339
1972000 -0.7307119033623
1973000 -0.708217466439531
1974000 -0.718687497875396
1975000 -0.749846189045916
1976000 -0.740030778489821
1977000 -0.711084594379472
1978000 -0.722173462172481
1979000 -0.770751791590355
1980000 -0.765374709184388
1981000 -0.711098146804576
1982000 -0.724046764332921
1983000 -0.768460607345454
1984000 -0.745745580970871
1985000 -0.746536416736013
1986000 -0.730358636819749
1987000 -0.730281166432094
1988000 -0.751442719684055
1989000 -0.760788356785157
1990000 -0.729208984999822
1991000 -0.699332283786107
1992000 -0.710346221723465
1993000 -0.759249493392857
1994000 -0.766254899792335
1995000 -0.719323485201225
1996000 -0.692389352279773
1997000 -0.750944462578053
1998000 -0.782729216955661
1999000 -0.76663810393396
2000000 -0.718607323536598
2001000 -0.71080721840943
2002000 -0.748561621405343
2003000 -0.788129381418722
2004000 -0.787094124248614
2005000 -0.730301261217005
2006000 -0.705468090302
2007000 -0.737854116616314
2008000 -0.778122216917971
2009000 -0.791903451981438
2010000 -0.741354486804224
2011000 -0.696594334037899
2012000 -0.762214582873876
2013000 -0.811060430107224
2014000 -0.776313797288788
2015000 -0.710532787320421
2016000 -0.72903074569688
2017000 -0.767561391944148
2018000 -0.796691197373305
2019000 -0.756347696738587
2020000 -0.720861400353223
2021000 -0.714060551583563
2022000 -0.769385184830635
2023000 -0.795286142411368
2024000 -0.771294994011792
2025000 -0.717871682785519
2026000 -0.713099592583668
2027000 -0.792233830405827
2028000 -0.799748719804493
2029000 -0.755820288443006
2030000 -0.704989204617912
2031000 -0.722648502352109
2032000 -0.799270019253997
2033000 -0.794436842060375
2034000 -0.749484520458818
2035000 -0.705834817584054
2036000 -0.751015779529528
2037000 -0.794287331413038
2038000 -0.766085780743903
2039000 -0.725711496233346
2040000 -0.713105178562832
2041000 -0.770520417999694
2042000 -0.807507805540672
2043000 -0.783727413387102
2044000 -0.729830180470303
2045000 -0.720100332153446
2046000 -0.770370358104352
2047000 -0.805663132691351
2048000 -0.763467143917065
2049000 -0.721142087298679
2050000 -0.772026940149334
2051000 -0.802078722262816
2052000 -0.799584032709218
2053000 -0.714989752416221
2054000 -0.702966387656117
2055000 -0.773414310422161
2056000 -0.80829634620788
2057000 -0.77027657352035
2058000 -0.745001844344498
2059000 -0.737064243756981
2060000 -0.762537982529152
2061000 -0.822805851921056
2062000 -0.784593855732195
2063000 -0.717951957194879
2064000 -0.735863087377255
2065000 -0.813729279782164
2066000 -0.822428706624605
2067000 -0.733891279291892
2068000 -0.704799875946521
2069000 -0.788711873616847
2070000 -0.831610804944702
2071000 -0.773384569541155
2072000 -0.721153610663419
2073000 -0.74755832538261
2074000 -0.814417071925265
2075000 -0.820724034157131
2076000 -0.751259670707692
2077000 -0.739358114214108
2078000 -0.772758622041989
2079000 -0.805786462185161
2080000 -0.797852331110149
2081000 -0.743283357990733
2082000 -0.72501024804586
2083000 -0.791929593720469
2084000 -0.814464661100316
2085000 -0.763369591268669
2086000 -0.721693977671981
2087000 -0.770586748563566
2088000 -0.814489722461239
2089000 -0.799097378799339
2090000 -0.725730935808066
2091000 -0.741752207901453
2092000 -0.787134632690739
2093000 -0.784363754040203
2094000 -0.762003574850265
2095000 -0.773481813002756
2096000 -0.780087268492874
2097000 -0.811022183293368
2098000 -0.79200328554845
2099000 -0.769336470584674
2100000 -0.751992672695676
2101000 -0.794587425205819
2102000 -0.794531238229884
2103000 -0.775910842739716
2104000 -0.752801183319605
2105000 -0.754901731483147
2106000 -0.822929253862707
2107000 -0.802653083546369
2108000 -0.744537624841495
2109000 -0.738507014059635
2110000 -0.806334862055604
2111000 -0.823147705633321
2112000 -0.770086384093565
2113000 -0.7394570325143
2114000 -0.781141492209358
2115000 -0.818977386409919
2116000 -0.791405044506029
2117000 -0.761736651754076
2118000 -0.773354072555236
2119000 -0.792440702959032
2120000 -0.793947055525995
2121000 -0.804138865770298
2122000 -0.769202743931844
2123000 -0.767668670168983
2124000 -0.789644934454755
2125000 -0.817004729667262
2126000 -0.776126676007667
2127000 -0.741462216250246
2128000 -0.793223482713865
2129000 -0.826132865858022
2130000 -0.821596932086599
2131000 -0.748963702636432
2132000 -0.770647501347925
2133000 -0.838034013758551
2134000 -0.82171352851016
2135000 -0.78444191280593
2136000 -0.765047931719864
2137000 -0.783381455111566
2138000 -0.807844671778154
2139000 -0.836195694629608
2140000 -0.804612278973485
2141000 -0.778052188442029
2142000 -0.790291398150555
2143000 -0.832174064175672
2144000 -0.825678523352545
2145000 -0.757838956492642
2146000 -0.768669704348111
2147000 -0.818702467042601
2148000 -0.846058596320422
2149000 -0.783562283380686
2150000 -0.767616479897743
2151000 -0.799780946309918
2152000 -0.827484633372561
2153000 -0.809072121254849
2154000 -0.775679115927457
2155000 -0.797279859871741
2156000 -0.821276582065124
2157000 -0.815410542339464
2158000 -0.783229693091072
2159000 -0.79054048255573
2160000 -0.802687059273957
2161000 -0.796118641812269
2162000 -0.818790320889043
2163000 -0.795445921488381
2164000 -0.777037745564074
2165000 -0.81267630410629
2166000 -0.82749265068595
2167000 -0.792938312546025
2168000 -0.771415601465564
2169000 -0.816107338726414
2170000 -0.811073709821418
2171000 -0.809172077133202
2172000 -0.79052128162533
2173000 -0.803341559517604
2174000 -0.823015075596085
2175000 -0.790642759635157
2176000 -0.796779567236007
2177000 -0.814548528417976
2178000 -0.80226882222438
2179000 -0.799972394338532
2180000 -0.814031805888315
2181000 -0.794492287760299
2182000 -0.802920575700447
2183000 -0.827263121316057
2184000 -0.827070331144995
2185000 -0.797955268055232
2186000 -0.803252644816763
2187000 -0.825733686441797
2188000 -0.83918899221957
2189000 -0.802909113256461
2190000 -0.776695493197382
2191000 -0.83131397637051
2192000 -0.851042491933648
2193000 -0.802795973344476
2194000 -0.79677195186997
2195000 -0.824529858354989
2196000 -0.837161831805772
2197000 -0.818100925397191
2198000 -0.798965938563898
2199000 -0.786595470082599
2200000 -0.822077591552147
2201000 -0.84668627857792
2202000 -0.835320614504749
2203000 -0.792201513500577
2204000 -0.799269572544264
2205000 -0.838298171434976
2206000 -0.867566504129827
2207000 -0.802728844439374
2208000 -0.784682005332374
2209000 -0.848485887628982
2210000 -0.839749122444175
2211000 -0.813204459127979
2212000 -0.818894660862908
2213000 -0.840813952366077
2214000 -0.821246728302506
2215000 -0.824731863163754
2216000 -0.835807398653742
2217000 -0.839927976342034
2218000 -0.839815996520143
2219000 -0.831927804113133
2220000 -0.840692995959314
2221000 -0.810344778103574
2222000 -0.812861009775615
2223000 -0.83434259428895
2224000 -0.84241245047384
2225000 -0.810267606027396
2226000 -0.810045456065803
2227000 -0.839598229244942
2228000 -0.831376721450414
2229000 -0.818837685720512
2230000 -0.820608694144103
2231000 -0.822340260137306
2232000 -0.827299333784598
2233000 -0.812110811628922
2234000 -0.828467528047638
2235000 -0.821049105795903
2236000 -0.836357266300786
2237000 -0.835550259028257
2238000 -0.843495801029996
2239000 -0.819581458731718
2240000 -0.836714226257021
2241000 -0.856115022977575
2242000 -0.840450990069831
2243000 -0.798861437557701
2244000 -0.826184807320821
2245000 -0.867711566886369
2246000 -0.830513433467021
2247000 -0.804752977485889
2248000 -0.827542605619002
2249000 -0.85510033878208
2250000 -0.829670488759992
2251000 -0.812452066596517
2252000 -0.825937232486293
2253000 -0.831137682180269
2254000 -0.832774183902131
2255000 -0.84035725494132
2256000 -0.823941801967213
2257000 -0.827782835507482
2258000 -0.849234106100398
2259000 -0.852856260866595
2260000 -0.821998142309074
2261000 -0.827267646963261
2262000 -0.850547859833689
2263000 -0.863531560065614
2264000 -0.830106064011334
2265000 -0.804145847854589
2266000 -0.846443115772212
2267000 -0.848809884147005
2268000 -0.819490397431172
2269000 -0.839409605829624
2270000 -0.861835281443991
2271000 -0.853584109696623
2272000 -0.846052189733881
2273000 -0.849350357294495
2274000 -0.840950440788614
2275000 -0.847933975102054
2276000 -0.867621827781705
2277000 -0.858561531827767
2278000 -0.840997342872093
2279000 -0.846102697262114
2280000 -0.846614592579066
2281000 -0.86141413017419
2282000 -0.840511565773382
2283000 -0.8591795933938
2284000 -0.86342157387552
2285000 -0.849898090961223
2286000 -0.856083080543905
2287000 -0.851867395671451
2288000 -0.83789974611942
2289000 -0.841307887020869
2290000 -0.880523858526713
2291000 -0.866601032557659
2292000 -0.834495876280405
2293000 -0.845141370862788
2294000 -0.871541184468242
2295000 -0.871809444886363
2296000 -0.834842738886367
2297000 -0.834717821502943
2298000 -0.874212809939149
2299000 -0.871507948777659
2300000 -0.831614314996172
2301000 -0.852142557040049
2302000 -0.864756739153154
2303000 -0.839754636817577
2304000 -0.871292349008299
2305000 -0.852188851365216
2306000 -0.855941423816428
2307000 -0.881984191365615
2308000 -0.878692665326631
2309000 -0.853929597491088
2310000 -0.843998826465276
2311000 -0.865185891599581
2312000 -0.884985008853853
2313000 -0.857869645297989
2314000 -0.828492628881441
2315000 -0.8565230016297
2316000 -0.883091462383709
2317000 -0.874169248928542
2318000 -0.869390983531327
2319000 -0.870475619614367
2320000 -0.86843348728873
2321000 -0.861529430788889
2322000 -0.882886964461304
2323000 -0.862878828503939
2324000 -0.837462417904759
2325000 -0.873116039493199
2326000 -0.878649498260054
2327000 -0.853154917910672
2328000 -0.841981299690884
2329000 -0.890174987692415
2330000 -0.8916446584807
2331000 -0.859870328867768
2332000 -0.856136720859932
2333000 -0.877923543982259
2334000 -0.875724780122003
2335000 -0.852243046658704
2336000 -0.86641295173774
2337000 -0.859563061917308
2338000 -0.878358960089175
2339000 -0.879756733400262
2340000 -0.87027408310904
2341000 -0.862645035123827
2342000 -0.881360081258617
2343000 -0.907290449130416
2344000 -0.874814166045579
2345000 -0.835743199850485
2346000 -0.877499366858754
2347000 -0.911608359810154
2348000 -0.87154838743231
2349000 -0.850193194725097
2350000 -0.882438601024141
2351000 -0.903168064832686
2352000 -0.866949599336168
2353000 -0.874652586502995
2354000 -0.879208938099181
2355000 -0.885095805664197
2356000 -0.87206553632821
2357000 -0.867443533451814
2358000 -0.872361853598942
2359000 -0.871256272964202
2360000 -0.906222184140252
2361000 -0.90471005895204
2362000 -0.868099293841958
2363000 -0.87467670658022
2364000 -0.899799799232341
2365000 -0.893795517169013
2366000 -0.879795829130515
2367000 -0.876901350505154
2368000 -0.893939686360753
2369000 -0.86475808267164
2370000 -0.872128205656169
2371000 -0.898053528679537
2372000 -0.87742940924424
2373000 -0.874469415406407
2374000 -0.909928999505227
2375000 -0.915895157999534
2376000 -0.857778348079056
2377000 -0.883383653753922
2378000 -0.920944255457249
2379000 -0.885853700647675
2380000 -0.848249596762982
2381000 -0.899732652169875
2382000 -0.90306493029255
2383000 -0.885431622715817
2384000 -0.895120899018206
2385000 -0.913808285958751
2386000 -0.871266629891907
2387000 -0.887301155767289
2388000 -0.911292483068308
2389000 -0.911264618837436
2390000 -0.867769880040124
2391000 -0.887668249835188
2392000 -0.919206099419192
2393000 -0.874975598901443
2394000 -0.879193412232455
2395000 -0.906366572190271
2396000 -0.902718111790276
2397000 -0.889644352718272
2398000 -0.898507179701436
2399000 -0.889253315365997
2400000 -0.894890438113136
2401000 -0.922973011945541
2402000 -0.91127830938372
2403000 -0.886100622953907
2404000 -0.870873152985497
2405000 -0.901502994838564
2406000 -0.909420631271634
2407000 -0.883589478133982
2408000 -0.892811887627844
2409000 -0.912895558702011
2410000 -0.897504189413219
2411000 -0.882653471692458
2412000 -0.918216666806886
2413000 -0.900672522923073
2414000 -0.890923642857097
2415000 -0.897041686124871
2416000 -0.891980388091405
2417000 -0.878355350819282
2418000 -0.894278580303829
2419000 -0.913217075613573
2420000 -0.914292957796501
2421000 -0.890897785018413
2422000 -0.889071621137944
2423000 -0.937903301603301
2424000 -0.903223899899461
2425000 -0.903665477003707
2426000 -0.907194753606004
2427000 -0.891919640006834
2428000 -0.912763912994573
2429000 -0.918166087194407
2430000 -0.903372668122102
2431000 -0.877445350639488
2432000 -0.905939167936911
2433000 -0.933243112487474
2434000 -0.895852203195174
2435000 -0.880887169842245
2436000 -0.909878333195397
2437000 -0.931903746915771
2438000 -0.901551321007541
2439000 -0.897806349597339
2440000 -0.894219378909198
2441000 -0.905523137129183
2442000 -0.916266959359656
2443000 -0.922725778225368
2444000 -0.882186308579104
2445000 -0.899880531550493
2446000 -0.947961483579778
2447000 -0.902554141806572
2448000 -0.888647585185406
2449000 -0.904339561458123
2450000 -0.951033200373191
2451000 -0.948762472054679
2452000 -0.903920952952902
2453000 -0.909794086482925
2454000 -0.9262608094437
2455000 -0.909015207583896
2456000 -0.921412889396767
2457000 -0.924279932835301
2458000 -0.889466206728869
2459000 -0.923767737994361
2460000 -0.951083012717835
2461000 -0.896861889501463
2462000 -0.902683158112448
2463000 -0.938910901055342
2464000 -0.937881352635406
2465000 -0.894811555568252
2466000 -0.896317702218217
2467000 -0.949870854048881
2468000 -0.939527947512343
2469000 -0.898227194572801
2470000 -0.93140652900039
2471000 -0.945210278679939
2472000 -0.931727171313337
2473000 -0.921192976276389
2474000 -0.929371204057284
2475000 -0.926242614591202
2476000 -0.908329720742255
2477000 -0.920804547134208
2478000 -0.930808178439305
2479000 -0.930472357551853
2480000 -0.925673131881858
2481000 -0.941318767753363
2482000 -0.927670556170636
2483000 -0.936380123015571
2484000 -0.941274122056908
2485000 -0.921430926580693
2486000 -0.915713291612893
2487000 -0.9227432014462
2488000 -0.927630217033302
2489000 -0.906263972160436
2490000 -0.905928209873458
2491000 -0.932937959189083
2492000 -0.946755324668281
2493000 -0.940035645095232
2494000 -0.902525917684164
2495000 -0.934965077072654
2496000 -0.955483752374878
2497000 -0.935233362442031
2498000 -0.919371418971224
2499000 -0.914620263070958
2500000 -0.944644527912991
2501000 -0.97067195044455
2502000 -0.922479573247661
2503000 -0.896324942584906
2504000 -0.963254196718915
2505000 -0.97876440769726
2506000 -0.941084754083026
2507000 -0.892682882051782
2508000 -0.939322499186744
2509000 -0.999327504836724
2510000 -0.95094092611709
2511000 -0.894686334775918
2512000 -0.930879867734264
2513000 -0.969132352867716
2514000 -0.967183269570637
2515000 -0.932215250767449
2516000 -0.905526749839378
2517000 -0.95343157281049
2518000 -0.999621071894611
2519000 -0.937954723955396
2520000 -0.906277175987424
2521000 -0.957646464608642
2522000 -0.993544218884852
2523000 -0.950553565147802
2524000 -0.900323434116727
2525000 -0.921376420998076
2526000 -0.992708278050118
2527000 -0.961553448247363
2528000 -0.91664674215154
2529000 -0.935633255994543
2530000 -0.983086241688767
2531000 -0.971887305090925
2532000 -0.924089309903376
2533000 -0.910025750213692
2534000 -0.967055189122673
2535000 -0.961911740674388
2536000 -0.933664011012373
2537000 -0.932849126755816
2538000 -0.944207585173994
2539000 -0.973524582203886
2540000 -0.967202652503537
2541000 -0.913545749414293
2542000 -0.92906274865189
2543000 -0.980596693047442
2544000 -0.96381079761807
2545000 -0.924223063081905
2546000 -0.972508524305938
2547000 -0.968249292305721
2548000 -0.950181161239059
2549000 -0.925620511325424
2550000 -0.953752820622381
2551000 -0.965988556970732
2552000 -0.95545504916605
2553000 -0.942081214403689
2554000 -0.958752619461663
2555000 -0.952056628203437
2556000 -0.954132905733445
2557000 -0.947109219965787
2558000 -0.943487721759119
2559000 -0.978350655050368
2560000 -0.977232314362242
2561000 -0.942926093014486
2562000 -0.944188856440078
2563000 -0.975391516614572
2564000 -0.978119798429243
2565000 -0.935418061899343
2566000 -0.930492195922656
2567000 -0.984214608078483
2568000 -0.978250485219566
2569000 -0.939518397699077
2570000 -0.949359261934038
2571000 -0.966193688422273
2572000 -0.97404101254253
2573000 -0.953639459817367
2574000 -0.938892828432324
2575000 -0.964492828212687
2576000 -0.992412369828941
2577000 -0.955086318938185
2578000 -0.92512551817278
2579000 -0.971134075191302
2580000 -0.983171736988825
2581000 -0.97263977908826
2582000 -0.929266660321481
2583000 -0.942409646093552
2584000 -1.00147373756768
2585000 -0.996356102200134
2586000 -0.948259771567472
2587000 -0.94952673554261
2588000 -0.999320107665821
2589000 -0.993720340668085
2590000 -0.957638968470718
2591000 -0.910271693386073
2592000 -0.959056042855146
2593000 -1.0132605117382
2594000 -0.985012721616872
2595000 -0.932058423951228
2596000 -0.956046670793711
2597000 -0.993170226765796
2598000 -0.986825150276379
2599000 -0.947377852117449
2600000 -0.957225418497598
2601000 -0.991149745584085
2602000 -0.970756256287706
2603000 -0.967406392488798
2604000 -0.975996567812428
2605000 -0.975691567479863
2606000 -0.976941636260266
2607000 -0.979055632076836
2608000 -0.940379314790225
2609000 -0.980989674304442
2610000 -0.999597686847213
2611000 -0.980864410302253
2612000 -0.959968762407022
2613000 -0.953724085470054
2614000 -1.0018476469535
2615000 -0.981109178926131
2616000 -0.967165771330423
2617000 -0.969124772945691
2618000 -0.97008670859522
2619000 -0.974709758300881
2620000 -0.984353104960724
2621000 -0.993271959819743
2622000 -0.962986399503067
2623000 -0.981593120957447
2624000 -0.987946911562206
2625000 -0.993162097428161
2626000 -0.976143742230192
2627000 -0.982130299536718
2628000 -0.995855834001954
2629000 -0.976487149530703
2630000 -0.969693951938605
2631000 -0.973957047589856
2632000 -0.999289957481839
2633000 -0.988997263700663
2634000 -0.999082664346554
2635000 -0.956376597733324
2636000 -0.985620345995344
2637000 -1.0050730736579
2638000 -0.99137291589019
2639000 -0.964463178620275
2640000 -0.976460458003544
2641000 -1.00693248826999
2642000 -0.975612416273288
2643000 -0.972785637502796
2644000 -0.964966641141841
2645000 -0.996463721359526
2646000 -1.00521997927374
2647000 -0.985341311524902
2648000 -0.962879874338516
2649000 -0.989310764630544
2650000 -1.0342745060226
2651000 -0.999830084628037
2652000 -0.94467108249355
2653000 -0.961509091329272
2654000 -1.0232466090388
2655000 -1.00119894945679
2656000 -0.943715604931183
2657000 -0.980941946217754
2658000 -1.02911286809342
2659000 -1.01375600378876
2660000 -0.950344134588757
2661000 -0.997054856134496
2662000 -1.02596742844097
2663000 -0.989802725872549
2664000 -0.968296576159462
2665000 -0.974669582104636
2666000 -1.01746078903402
2667000 -1.01248323591283
2668000 -0.970492868569611
2669000 -0.981593893766752
2670000 -1.00068050491897
2671000 -0.997285147936278
2672000 -0.989279763066441
2673000 -0.985146995654123
2674000 -1.00789221275814
2675000 -1.0100194442806
2676000 -0.983067325225186
2677000 -0.979386789749064
2678000 -0.99860670024335
2679000 -1.0016452198883
2680000 -0.996391655066271
2681000 -1.0064014866416
2682000 -1.01621299461649
2683000 -1.00852956694355
2684000 -0.991960057754534
2685000 -1.01656341785082
2686000 -1.01603685277727
2687000 -0.989016217648166
2688000 -1.00373390755182
2689000 -0.992818754726803
2690000 -0.997660008279715
2691000 -1.02504728962135
2692000 -1.00483687301375
2693000 -0.98628246811787
2694000 -1.02888495973067
2695000 -1.00707723266681
2696000 -0.972958580412057
2697000 -0.999568304843086
2698000 -1.01538157672002
2699000 -1.02935865293369
2700000 -0.968541014424271
2701000 -0.986555253658652
2702000 -1.03820623274816
2703000 -1.01199264642568
2704000 -1.00004316401628
2705000 -0.990622235220836
2706000 -1.03394942622546
2707000 -1.02642610522004
2708000 -0.991387756539678
2709000 -0.987124353346926
2710000 -1.03593015005632
2711000 -1.0258244174147
2712000 -0.993287273275209
2713000 -0.976268641569854
2714000 -1.02425136390506
2715000 -1.04088321627423
2716000 -0.98992163016519
2717000 -0.963645282717452
2718000 -1.02868730528873
2719000 -1.05008641862319
2720000 -0.99889442391506
2721000 -0.993683829982456
2722000 -1.0077380335587
2723000 -1.0495710752625
2724000 -1.03207004969678
2725000 -0.987926420687248
2726000 -1.02430298164046
2727000 -1.06624812113145
2728000 -1.01741395387451
2729000 -0.968591253586686
2730000 -0.999214665451527
2731000 -1.04931988586832
2732000 -1.03218366835362
2733000 -1.00043986583011
2734000 -1.00414489717914
2735000 -1.03943915665759
2736000 -1.04621328287728
2737000 -1.00763395706224
2738000 -1.00625072759172
2739000 -1.03924210969158
2740000 -1.04613641040934
2741000 -1.00676735006445
2742000 -0.993352041182038
2743000 -1.04144353139483
2744000 -1.06791428109979
2745000 -1.01214942103934
2746000 -0.980231560981288
2747000 -1.01840726890744
2748000 -1.06660361221268
2749000 -1.02984300937661
2750000 -0.993850880397898
2751000 -1.04459317561799
2752000 -1.05448022937924
2753000 -1.0243045484669
2754000 -1.00185215966491
2755000 -1.03502304131664
2756000 -1.04944304257876
2757000 -1.00507144051017
2758000 -0.99805253131146
2759000 -1.05531256007927
2760000 -1.05800502332132
2761000 -1.00926864452966
2762000 -1.01879568261397
2763000 -1.03234966694394
2764000 -1.04488632226753
2765000 -1.03666483038476
2766000 -1.01815689091081
2767000 -1.02493479961993
2768000 -1.0523646252401
2769000 -1.03915307009479
2770000 -0.993305646915737
2771000 -1.04196252180559
2772000 -1.05968882975877
2773000 -1.04166535380658
2774000 -0.979139859504685
2775000 -1.03958659405014
2776000 -1.08003499591601
2777000 -1.02944881055173
2778000 -1.0108664601956
2779000 -1.05638833932565
2780000 -1.06401792697476
2781000 -1.03171951262752
2782000 -0.995442368715936
2783000 -1.06777770748017
2784000 -1.05727519667785
2785000 -1.03339109650005
2786000 -1.01684444341082
2787000 -1.03827237772601
2788000 -1.05073595606345
2789000 -1.06122993930284
2790000 -1.02026063983853
2791000 -1.02402994630611
2792000 -1.07493630619901
2793000 -1.04716044323878
2794000 -1.00502342774389
2795000 -1.02211858756331
2796000 -1.07629103760589
2797000 -1.04227512610054
2798000 -1.0090105188228
2799000 -1.0367354493139
2800000 -1.05384964752116
2801000 -1.04550623357818
2802000 -1.03964452055384
2803000 -1.02437974391922
2804000 -1.06057017379236
2805000 -1.068612757243
2806000 -1.01778416058989
2807000 -1.0454071420415
2808000 -1.08786564651355
2809000 -1.05293896843487
2810000 -1.02687639952775
2811000 -1.03780046742007
2812000 -1.08247899994768
2813000 -1.05712128689553
2814000 -1.0207694337625
2815000 -1.05980179071996
2816000 -1.09212957756527
2817000 -1.05439366981335
2818000 -1.03970397285145
2819000 -1.04382199840053
2820000 -1.05501243387084
2821000 -1.08169379080889
2822000 -1.05882846238351
2823000 -1.03416110665391
2824000 -1.04814814184299
2825000 -1.07833772160992
2826000 -1.05197941846468
2827000 -1.01271828841264
2828000 -1.05516146860581
2829000 -1.10104890431629
2830000 -1.01977936012603
2831000 -1.03591829395262
2832000 -1.09223077107686
2833000 -1.07550629271643
2834000 -1.03000179228507
2835000 -1.05818081576286
2836000 -1.07905953405796
2837000 -1.05351009387608
2838000 -1.04811468371958
2839000 -1.0670931057566
2840000 -1.04617167804958
2841000 -1.05962479003534
2842000 -1.08251934532809
2843000 -1.05197692594711
2844000 -1.05956274772376
2845000 -1.0746787243038
2846000 -1.04593593399925
2847000 -1.04804148454283
2848000 -1.06218575896325
2849000 -1.085179037906
2850000 -1.06619036905829
2851000 -1.05062574616164
2852000 -1.07584711089176
2853000 -1.06793281264715
2854000 -1.05223544117067
2855000 -1.06595681848232
2856000 -1.06185272378191
2857000 -1.0613153580733
2858000 -1.06273451644482
2859000 -1.05408763715224
2860000 -1.07205043560061
2861000 -1.07618593176197
2862000 -1.06141957744218
2863000 -1.05289346075235
2864000 -1.07220960520435
2865000 -1.06938795096808
2866000 -1.0546706958958
2867000 -1.0524653871282
2868000 -1.07728556291132
2869000 -1.08027611906791
2870000 -1.03187545082895
2871000 -1.07855603142595
2872000 -1.09906167517853
2873000 -1.07418144648708
2874000 -1.05028430190503
2875000 -1.08733094695637
2876000 -1.09232026179309
2877000 -1.058166652368
2878000 -1.0701915662706
2879000 -1.08328596398828
2880000 -1.0561327812885
2881000 -1.08214430809571
2882000 -1.08737954342739
2883000 -1.04444076018104
2884000 -1.10216068814259
2885000 -1.09804938628738
2886000 -1.05150040283128
2887000 -1.06635871292337
2888000 -1.10180979903723
2889000 -1.09579489519098
2890000 -1.0390216440831
2891000 -1.06329194934459
2892000 -1.10785780059609
2893000 -1.08154863588089
2894000 -1.07101808473898
2895000 -1.08056233931807
2896000 -1.06636366489484
2897000 -1.09646405698594
2898000 -1.09037003624323
2899000 -1.03584369330556
2900000 -1.0895818421008
2901000 -1.11514426446998
2902000 -1.07982954643823
2903000 -1.05178459104884
2904000 -1.09175835632209
2905000 -1.11200497318262
2906000 -1.09041415423346
2907000 -1.05138919495847
2908000 -1.10476901677458
2909000 -1.11234386626464
2910000 -1.08227783896866
2911000 -1.06824777856339
2912000 -1.06956698667787
2913000 -1.13823724457007
2914000 -1.10218590737079
2915000 -1.05046099573225
2916000 -1.07880919904795
2917000 -1.15359065101391
2918000 -1.1058676806374
2919000 -1.03712597892012
2920000 -1.10738123232323
2921000 -1.14423306014168
2922000 -1.08539351976329
2923000 -1.05789829945276
2924000 -1.13447260566031
2925000 -1.09240134518583
2926000 -1.11380581044345
2927000 -1.08745839287649
2928000 -1.07651772063682
2929000 -1.12275834311519
2930000 -1.13089955837959
2931000 -1.07604032880408
2932000 -1.0738009620989
2933000 -1.1254835475057
2934000 -1.11855345724465
2935000 -1.08781307227608
2936000 -1.07072861334605
2937000 -1.15398075448115
2938000 -1.10679902621085
2939000 -1.05885738950272
2940000 -1.09578340170475
2941000 -1.11773075817499
2942000 -1.11093236581767
2943000 -1.10757172333014
2944000 -1.10053980193476
2945000 -1.09996626836455
2946000 -1.09653094862229
2947000 -1.10800896121244
2948000 -1.09460218655981
2949000 -1.10407422538818
2950000 -1.13794573793242
2951000 -1.09875344574953
2952000 -1.08072070371453
2953000 -1.12985860189153
2954000 -1.10231758465223
2955000 -1.09057422745782
2956000 -1.12118997871937
2957000 -1.13096538191058
2958000 -1.08200324390811
2959000 -1.0964275593218
2960000 -1.1407575641977
2961000 -1.08917101236841
2962000 -1.10439090955284
2963000 -1.13471483528677
2964000 -1.15347472407036
2965000 -1.0848156280485
2966000 -1.08512587499053
2967000 -1.12879274423921
2968000 -1.12106840426045
2969000 -1.11659082584379
2970000 -1.09479937980972
2971000 -1.11914025361721
2972000 -1.13064708948516
2973000 -1.13143354691551
2974000 -1.0972564602936
2975000 -1.10381904163826
2976000 -1.14301785518775
2977000 -1.11872519819679
2978000 -1.09254491886169
2979000 -1.13872375730203
2980000 -1.14402162683757
2981000 -1.08829457307257
2982000 -1.09106631044338
2983000 -1.15257237520763
2984000 -1.13886499338711
2985000 -1.08216843340112
2986000 -1.10151888638407
2987000 -1.12663559642539
2988000 -1.13547992105582
2989000 -1.13827215506591
2990000 -1.09463936296264
2991000 -1.11211509349082
2992000 -1.16373818163332
2993000 -1.12478453600003
2994000 -1.06824418651702
2995000 -1.14014156045913
2996000 -1.17067049223467
2997000 -1.10760396495976
2998000 -1.08105098994626
2999000 -1.1567833064759
3000000 -1.14089720622537
3001000 -1.09754435901358
3002000 -1.12647782653828
3003000 -1.13309016650407
3004000 -1.13268734270059
3005000 -1.16022984647237
3006000 -1.09192215422568
3007000 -1.0916977641676
3008000 -1.14851931203228
3009000 -1.13445073886549
3010000 -1.08667174667881
3011000 -1.12260695354294
3012000 -1.14799951074184
3013000 -1.12246147380284
3014000 -1.10844987523227
3015000 -1.14370138731791
3016000 -1.12871540838481
3017000 -1.11294906012668
3018000 -1.14841469869502
3019000 -1.10843425031734
3020000 -1.13518140550647
3021000 -1.15217724345386
3022000 -1.09697954822347
3023000 -1.11541275307867
3024000 -1.17773412157438
3025000 -1.14159029540974
3026000 -1.10492883003209
3027000 -1.14422131238843
3028000 -1.1584365672349
3029000 -1.12369203154662
3030000 -1.14353399026925
3031000 -1.16112572005452
3032000 -1.13325371718205
3033000 -1.13922790634959
3034000 -1.164011323841
3035000 -1.13602688712628
3036000 -1.11706691253657
3037000 -1.15898977936539
3038000 -1.15607988053905
3039000 -1.12870940921676
3040000 -1.14046457974583
3041000 -1.15076779188323
3042000 -1.12283157237942
3043000 -1.15139887794948
3044000 -1.14226552977217
3045000 -1.13473230173093
3046000 -1.13503725373833
3047000 -1.16001005667021
3048000 -1.11512712297683
3049000 -1.13120874015116
3050000 -1.17809030177243
3051000 -1.15762964146911
3052000 -1.11191218177863
3053000 -1.1335087712715
3054000 -1.18474066613409
3055000 -1.14382869753699
3056000 -1.12885369978169
3057000 -1.15486068507346
3058000 -1.14675162292812
3059000 -1.1397839166677
3060000 -1.15471195553134
3061000 -1.14388943381958
3062000 -1.14232484921793
3063000 -1.16702716045528
3064000 -1.13491996999788
3065000 -1.12947942751868
3066000 -1.17276439299144
3067000 -1.15927151776645
3068000 -1.1021811894374
3069000 -1.13815371343156
3070000 -1.19702204205415
3071000 -1.15444764102289
3072000 -1.12465985861257
3073000 -1.15644384717784
3074000 -1.16586466670008
3075000 -1.13969227205628
3076000 -1.15824867107383
3077000 -1.15929047322719
3078000 -1.15607215294089
3079000 -1.16424248004129
3080000 -1.15512236335064
3081000 -1.12391667400283
3082000 -1.16262928044835
3083000 -1.17551895567324
3084000 -1.13669464821219
3085000 -1.14326770648284
3086000 -1.1790964606619
3087000 -1.15489515653538
3088000 -1.13493164917885
3089000 -1.14906594600321
3090000 -1.15122801036048
3091000 -1.15865802567515
3092000 -1.14477880866954
3093000 -1.14611506760971
3094000 -1.16483264501494
3095000 -1.17461274154059
3096000 -1.15932788481378
3097000 -1.13459999975183
3098000 -1.18697477331911
3099000 -1.19422344680312
3100000 -1.13788809285646
3101000 -1.16733803031977
3102000 -1.17944861724796
3103000 -1.16542370773761
3104000 -1.16142320832873
3105000 -1.17559100020101
3106000 -1.16083293262818
3107000 -1.17333428558089
3108000 -1.1874399026552
3109000 -1.15503167602245
3110000 -1.16414732673689
3111000 -1.17995796575557
3112000 -1.17763377642206
3113000 -1.12705247222677
3114000 -1.17995865508777
3115000 -1.19425620265992
3116000 -1.14936412899345
3117000 -1.15065746864112
3118000 -1.18264904759983
3119000 -1.17006384736209
3120000 -1.15713015949756
3121000 -1.17561270935074
3122000 -1.16327867872181
3123000 -1.14369659341263
3124000 -1.18243096220567
3125000 -1.1763076395058
3126000 -1.14831608751108
3127000 -1.16082304728672
3128000 -1.17491860053409
3129000 -1.16993536951814
3130000 -1.1616496077082
3131000 -1.18081358690477
3132000 -1.18718970959402
3133000 -1.13773489310564
3134000 -1.17586596673226
3135000 -1.17212414136233
3136000 -1.16585798710142
3137000 -1.16989242188183
3138000 -1.17593242460154
3139000 -1.17162834341341
3140000 -1.18657667094719
3141000 -1.18182477013524
3142000 -1.15887941926543
3143000 -1.17691703305601
3144000 -1.18294842081661
3145000 -1.19273011361855
3146000 -1.14470554973086
3147000 -1.17820285897429
3148000 -1.20040320621185
3149000 -1.14489865959529
3150000 -1.15515363433588
3151000 -1.21787675549068
3152000 -1.18751068278889
3153000 -1.13156578726896
3154000 -1.18362182580773
3155000 -1.20708613341374
3156000 -1.16984664015406
3157000 -1.16951247962987
3158000 -1.21067494132322
3159000 -1.19380609919248
3160000 -1.17471515585639
3161000 -1.17379048772175
3162000 -1.17665691064624
3163000 -1.19638461998274
3164000 -1.17190707488263
3165000 -1.16849658125546
3166000 -1.18123057754174
3167000 -1.19750409329335
3168000 -1.18707291732346
3169000 -1.16047258821124
3170000 -1.18589624500478
3171000 -1.18451075141573
3172000 -1.15361950264036
3173000 -1.19446897968673
3174000 -1.18880442010207
3175000 -1.16357274138951
3176000 -1.19599380795299
3177000 -1.18015493079355
3178000 -1.1804223946759
3179000 -1.18444075035402
3180000 -1.21320887419469
3181000 -1.19388491233217
3182000 -1.16164628645603
3183000 -1.20761574865934
3184000 -1.20526194234477
3185000 -1.16471523952855
3186000 -1.19781421557993
3187000 -1.19732034370464
3188000 -1.2111942205671
3189000 -1.1999999387163
3190000 -1.17106753947279
3191000 -1.21005663504825
3192000 -1.22350631364961
3193000 -1.19843845480199
3194000 -1.1812495544784
3195000 -1.20239301652167
3196000 -1.20802286977721
3197000 -1.18959563933534
3198000 -1.19137563351068
3199000 -1.25247343615698
3200000 -1.19402000700404
3201000 -1.17171398169783
3202000 -1.23054920866439
3203000 -1.21100256071824
3204000 -1.21621233131424
3205000 -1.18018600907282
3206000 -1.22086898095434
3207000 -1.19598506842683
3208000 -1.20351645352795
3209000 -1.2199412509358
3210000 -1.21918172464603
3211000 -1.20665476087831
3212000 -1.1805150808529
3213000 -1.20155961778478
3214000 -1.21226908455688
3215000 -1.21351698852866
3216000 -1.19897224631454
3217000 -1.22804291893192
3218000 -1.21275756219344
3219000 -1.19083250162071
3220000 -1.21434880770203
3221000 -1.22115461330636
3222000 -1.19340234525906
3223000 -1.19622138086551
3224000 -1.23600145381322
3225000 -1.22973154276438
3226000 -1.1581184471549
3227000 -1.22225979307772
3228000 -1.22728865881793
3229000 -1.20396665984861
3230000 -1.20774646948805
3231000 -1.22576058766544
3232000 -1.22408292938659
3233000 -1.18138136430582
3234000 -1.21047642643049
3235000 -1.26194046251335
3236000 -1.20644909844352
3237000 -1.20913548912095
3238000 -1.22501940477226
3239000 -1.23661265472538
3240000 -1.21425727870078
3241000 -1.1839401971893
3242000 -1.21569167663165
3243000 -1.24569627569275
3244000 -1.20826531052232
3245000 -1.19436168776988
3246000 -1.22983233006912
3247000 -1.26907538558743
3248000 -1.17352130057921
3249000 -1.17986614750857
3250000 -1.27093144448304
3251000 -1.24411151980797
3252000 -1.16199239985076
3253000 -1.23055557659687
3254000 -1.28184570304931
3255000 -1.20783014444183
3256000 -1.18731042692182
3257000 -1.26233399343839
3258000 -1.22780911629651
3259000 -1.17261294036874
3260000 -1.24813206364155
3261000 -1.21669661246992
3262000 -1.21777044886458
3263000 -1.24590285386432
3264000 -1.2507994503206
3265000 -1.19239260959143
3266000 -1.21851610490401
3267000 -1.24232223055759
3268000 -1.23064422349188
3269000 -1.22070819215739
3270000 -1.23998904131552
3271000 -1.21274222515314
3272000 -1.229506040974
3273000 -1.25733913309679
3274000 -1.2099436285635
3275000 -1.25971578266129
3276000 -1.26173295938442
3277000 -1.20739664667446
3278000 -1.22108027031568
3279000 -1.29933015167979
3280000 -1.24965391561849
3281000 -1.18205118718492
3282000 -1.25040901271497
3283000 -1.29931063745552
3284000 -1.20199762726104
3285000 -1.20904813077307
3286000 -1.29751799525651
3287000 -1.23592707802339
3288000 -1.2018674720336
3289000 -1.23368958206717
3290000 -1.24505244501301
3291000 -1.26353895791618
3292000 -1.22262067670804
3293000 -1.2117724331972
3294000 -1.28000347004578
3295000 -1.26666056775642
3296000 -1.20465022177104
3297000 -1.22809125966077
3298000 -1.2942997329233
3299000 -1.23647423513183
3300000 -1.17530925201639
3301000 -1.26798339020456
3302000 -1.29519974520141
3303000 -1.21888268241815
3304000 -1.21173464139277
3305000 -1.31122464971293
3306000 -1.26860306429064
3307000 -1.18978899106596
3308000 -1.25079938595398
3309000 -1.3030852465498
3310000 -1.21573866920745
3311000 -1.23597228703356
3312000 -1.25571710988039
3313000 -1.26526834843886
3314000 -1.2037564090304
3315000 -1.24056991642824
3316000 -1.26595799843992
3317000 -1.24488522958053
3318000 -1.24623572100703
3319000 -1.23770723821709
3320000 -1.24580398792006
3321000 -1.27998863340425
3322000 -1.25565898341249
3323000 -1.23016000282296
3324000 -1.27499406812278
3325000 -1.23368871471013
3326000 -1.23865555366203
3327000 -1.25813925136559
3328000 -1.26654111397894
3329000 -1.23796036420044
3330000 -1.24882834685423
3331000 -1.29712463737085
3332000 -1.22316342001838
3333000 -1.24050714286315
3334000 -1.27279718979127
3335000 -1.26380142007531
3336000 -1.20587315180646
3337000 -1.27887240915214
3338000 -1.27964424953774
3339000 -1.21900217452244
3340000 -1.24750549959405
3341000 -1.30293736182738
3342000 -1.25732012102246
3343000 -1.21146695873397
3344000 -1.280887467039
3345000 -1.26963393627441
3346000 -1.24241922084598
3347000 -1.26357791081929
3348000 -1.28440850302268
3349000 -1.27238116049454
3350000 -1.25932418021567
3351000 -1.27646954482803
3352000 -1.2609075540856
3353000 -1.29296662423288
3354000 -1.26110790534953
3355000 -1.25453896936921
3356000 -1.27487024505102
3357000 -1.28327765798961
3358000 -1.23243513294593
3359000 -1.24742651844968
3360000 -1.29128815838813
3361000 -1.26757232519185
3362000 -1.24758545553203
3363000 -1.28917092365761
3364000 -1.29639188907899
3365000 -1.25323673407781
3366000 -1.28390240107364
3367000 -1.29168872561177
3368000 -1.25333939170709
3369000 -1.2420570190643
3370000 -1.29346724308108
3371000 -1.28355308396457
3372000 -1.22707373492067
3373000 -1.2752191897278
3374000 -1.29599214801287
3375000 -1.26440393862153
3376000 -1.23587123479943
3377000 -1.30742408138197
3378000 -1.267067627013
3379000 -1.23970600126999
3380000 -1.26711568669812
3381000 -1.31276481811962
3382000 -1.25924803368187
3383000 -1.25231668986842
3384000 -1.30249763538493
3385000 -1.28739943054447
3386000 -1.23706836293648
3387000 -1.2625426048613
3388000 -1.31066613523853
3389000 -1.27399321869383
3390000 -1.24299806612659
3391000 -1.30868426088712
3392000 -1.32904382461219
3393000 -1.24397987202076
3394000 -1.24678433988049
3395000 -1.33285758680562
3396000 -1.29618053264171
3397000 -1.2484269213758
3398000 -1.26858020732829
3399000 -1.32791290405529
3400000 -1.26798848306801
3401000 -1.23559000331066
3402000 -1.3184710019501
3403000 -1.33289545726498
3404000 -1.24936512488904
3405000 -1.26257948568067
3406000 -1.32092103179465
3407000 -1.28483317706235
3408000 -1.25831127525231
3409000 -1.3019551975557
3410000 -1.29835822696279
3411000 -1.25677417710991
3412000 -1.28670769414961
3413000 -1.30689167742947
3414000 -1.26809804844192
3415000 -1.25752975134399
3416000 -1.30560692097702
3417000 -1.28415802537357
3418000 -1.25483716439957
3419000 -1.29868922133092
3420000 -1.29690926549803
3421000 -1.25579251655301
3422000 -1.2665210674625
3423000 -1.33562477542666
3424000 -1.29382798486116
3425000 -1.23792383646991
3426000 -1.31404743732606
3427000 -1.3270842906241
3428000 -1.24418805110454
3429000 -1.27340846598297
3430000 -1.33442511956958
3431000 -1.30573187453546
3432000 -1.23048017984417
3433000 -1.32446195045178
3434000 -1.33024875099969
3435000 -1.24026895506284
3436000 -1.27256169212007
3437000 -1.33340046400909
3438000 -1.29803122826955
3439000 -1.26141070923286
3440000 -1.30305531807799
3441000 -1.32218817806873
3442000 -1.28167093094783
3443000 -1.27538492675699
3444000 -1.30485622521588
3445000 -1.28621503794233
3446000 -1.29266420070355
3447000 -1.27454323098967
3448000 -1.3066226619305
3449000 -1.30708540820236
3450000 -1.2909342182398
3451000 -1.27973804842565
3452000 -1.31639601405437
3453000 -1.29682204632269
3454000 -1.29049962401391
3455000 -1.2879557979979
3456000 -1.33148381143828
3457000 -1.29110122495649
3458000 -1.28255426072374
3459000 -1.307764455216
3460000 -1.30153254955347
3461000 -1.30471371226598
3462000 -1.29191579760242
3463000 -1.31678417043525
3464000 -1.29327811848911
3465000 -1.31274105248154
3466000 -1.30738472977688
3467000 -1.28565447088463
3468000 -1.32045879711747
3469000 -1.32274708261862
3470000 -1.27565829185749
3471000 -1.32314153273342
3472000 -1.34434702760118
3473000 -1.26532642621464
3474000 -1.28905464817485
3475000 -1.36617124752977
3476000 -1.31057212501225
3477000 -1.245659263143
3478000 -1.34150715810284
3479000 -1.34665095916654
3480000 -1.25577037706232
3481000 -1.30288144533414
3482000 -1.36620645916492
3483000 -1.29329302849238
3484000 -1.27639754918872
3485000 -1.33814418593799
3486000 -1.31169188612091
3487000 -1.28689706256512
3488000 -1.31246666739321
3489000 -1.3095556156507
3490000 -1.29368704580178
3491000 -1.31172826681744
3492000 -1.3176390234603
3493000 -1.31535428910587
3494000 -1.31911606725181
3495000 -1.32841876772599
3496000 -1.29570766939155
3497000 -1.31440983403917
3498000 -1.32790174158056
3499000 -1.30506805471592
3500000 -1.32242296643197
3501000 -1.32038616751773
3502000 -1.32194201982168
3503000 -1.31010209105852
3504000 -1.30941767283511
3505000 -1.31194127943158
3506000 -1.32653836896804
3507000 -1.32631595316904
3508000 -1.31506723431719
3509000 -1.33113695330092
3510000 -1.31495434015631
3511000 -1.30530623442367
3512000 -1.31221687511036
3513000 -1.3468593302446
3514000 -1.30365854804142
3515000 -1.31499536409767
3516000 -1.3632863532468
3517000 -1.33324247299447
3518000 -1.29267988723931
3519000 -1.34284564705084
3520000 -1.35911234878806
3521000 -1.28721415782233
3522000 -1.31458035356417
3523000 -1.3458868687785
3524000 -1.32324550515812
3525000 -1.31886881281353
3526000 -1.34675669765934
3527000 -1.32722979385296
3528000 -1.29600367302165
3529000 -1.34555390008807
3530000 -1.33442883076092
3531000 -1.30651444394167
3532000 -1.33408994526126
3533000 -1.32858219891656
3534000 -1.32025252786548
3535000 -1.33535012917301
3536000 -1.32867960418796
3537000 -1.3111855755277
3538000 -1.32722722272184
3539000 -1.34071150872697
3540000 -1.30499234311344
3541000 -1.33201556015252
3542000 -1.34399921003373
3543000 -1.33483755535619
3544000 -1.33881808060272
3545000 -1.3469962604262
3546000 -1.32802122529798
3547000 -1.34210165869756
3548000 -1.34999797093731
3549000 -1.32001720008734
3550000 -1.33974938268579
3551000 -1.36317575337774
3552000 -1.34712316861057
3553000 -1.3208877834636
3554000 -1.37300584874816
3555000 -1.34110446926258
3556000 -1.3046250347393
3557000 -1.36657082733706
3558000 -1.37415645973954
3559000 -1.30852461406405
3560000 -1.3436289569147
3561000 -1.37298838932128
3562000 -1.35425594428406
3563000 -1.31284755973165
3564000 -1.36632140064377
3565000 -1.35776901824044
3566000 -1.32142729308703
3567000 -1.35375054030991
3568000 -1.35540151214679
3569000 -1.34819305447028
3570000 -1.34214991897042
3571000 -1.3426873522231
3572000 -1.35554523020001
3573000 -1.34441619718128
3574000 -1.3487256116612
3575000 -1.34192312546784
3576000 -1.36570434339442
3577000 -1.34414055279147
3578000 -1.35080167507497
3579000 -1.33498451554702
3580000 -1.37110379068665
3581000 -1.34521412043059
3582000 -1.34374334257821
3583000 -1.35746619489968
3584000 -1.35367560715618
3585000 -1.35498229830334
3586000 -1.34363531320688
3587000 -1.349581806941
3588000 -1.37802184881479
3589000 -1.36637232403093
3590000 -1.31627791906438
3591000 -1.38746272500566
3592000 -1.38928999570614
3593000 -1.29075332941672
3594000 -1.35270913156571
3595000 -1.41419651539258
3596000 -1.35208535575785
3597000 -1.28239751601417
3598000 -1.39646388282881
3599000 -1.39048084532366
3600000 -1.292196404385
3601000 -1.36720759110925
3602000 -1.40333550391871
3603000 -1.30637623479778
3604000 -1.33104253689785
3605000 -1.39641853440301
3606000 -1.35971611014951
3607000 -1.3366035567088
3608000 -1.36896728070825
3609000 -1.33950378598204
3610000 -1.38469844230531
3611000 -1.38968515836407
3612000 -1.31608246763735
3613000 -1.34322097869218
3614000 -1.40476346216571
3615000 -1.3359695107015
3616000 -1.31217825423997
3617000 -1.39559802345259
3618000 -1.39387404841228
3619000 -1.292295933345
3620000 -1.37401263575485
3621000 -1.39463912422104
3622000 -1.33732364395487
3623000 -1.35886245263854
3624000 -1.389002606026
3625000 -1.38167278703937
3626000 -1.33765627836543
3627000 -1.37351756039011
3628000 -1.38225934509163
3629000 -1.374306040699
3630000 -1.38251931044347
3631000 -1.33922586126967
3632000 -1.37382958340051
3633000 -1.40379236274413
3634000 -1.34653120425995
3635000 -1.34453299171154
3636000 -1.41228296168976
3637000 -1.37194385301573
3638000 -1.31841083222299
3639000 -1.39405776992734
3640000 -1.39358082629661
3641000 -1.3496281918038
3642000 -1.37897817295291
3643000 -1.40840673514679
3644000 -1.33732745543608
3645000 -1.3656061320611
3646000 -1.42053417233482
3647000 -1.36117222270171
3648000 -1.33494143035174
3649000 -1.4192220711674
3650000 -1.37905792837268
3651000 -1.31643178925509
3652000 -1.41595734970042
3653000 -1.41499470402452
3654000 -1.3269732973717
3655000 -1.39835400771621
3656000 -1.42487767046979
3657000 -1.32899142309679
3658000 -1.34427811863665
3659000 -1.45047488965333
3660000 -1.38237134961099
3661000 -1.30499762735668
3662000 -1.41069150606933
3663000 -1.41693734205703
3664000 -1.35160352487152
3665000 -1.3618043575817
3666000 -1.4198647333332
3667000 -1.37260534670477
3668000 -1.36101458137334
3669000 -1.41077870181555
3670000 -1.36774883562599
3671000 -1.36080441927873
3672000 -1.39246243226609
3673000 -1.38550551210933
3674000 -1.38422972579945
3675000 -1.38997023814254
3676000 -1.38661887817802
3677000 -1.35583837671136
3678000 -1.39998589653571
3679000 -1.41760597731329
3680000 -1.34729545884036
3681000 -1.40359391068541
3682000 -1.42038045451748
3683000 -1.38383622420021
3684000 -1.36185940303905
3685000 -1.41563979213098
3686000 -1.40084323803793
3687000 -1.37185346096954
3688000 -1.39624496992423
3689000 -1.39278459616928
3690000 -1.38622636401119
3691000 -1.38324535757609
3692000 -1.40315327104301
3693000 -1.37317032631397
3694000 -1.37506466446236
3695000 -1.40870316447606
3696000 -1.38388703493489
3697000 -1.3947567512037
3698000 -1.39297625127102
3699000 -1.39824799454308
3700000 -1.39547261368644
3701000 -1.40447329517749
3702000 -1.34852747627289
3703000 -1.39357528445965
3704000 -1.44408716952747
3705000 -1.35363802260227
3706000 -1.38708367347605
3707000 -1.43765183366934
3708000 -1.38741077871746
3709000 -1.35947999131734
3710000 -1.44820191314614
3711000 -1.41932327489447
3712000 -1.34333165452034
3713000 -1.40212340456978
3714000 -1.45207671456222
3715000 -1.37021488480946
3716000 -1.38757405341073
3717000 -1.45237570248655
3718000 -1.36841322442423
3719000 -1.3614178974936
3720000 -1.45516783175474
3721000 -1.42898809279435
3722000 -1.35498437219022
3723000 -1.42458882718061
3724000 -1.4423071959888
3725000 -1.36501502578914
3726000 -1.39819975988904
3727000 -1.46071105880695
3728000 -1.37983860344691
3729000 -1.37120007775337
3730000 -1.45801485245192
3731000 -1.41579567059794
3732000 -1.35645256656139
3733000 -1.42438689079092
3734000 -1.43845231291554
3735000 -1.35860693751003
3736000 -1.41348264275675
3737000 -1.46237052331981
3738000 -1.358271762551
3739000 -1.38620076470337
3740000 -1.45491639647311
3741000 -1.4135448191427
3742000 -1.35818918076717
3743000 -1.43508785845756
3744000 -1.44135062197005
3745000 -1.3743542906859
3746000 -1.4265096339158
3747000 -1.42053424262447
3748000 -1.39937297384142
3749000 -1.40735168391768
3750000 -1.4310432172947
3751000 -1.43355177618668
3752000 -1.40614471643051
3753000 -1.40366422389217
3754000 -1.43595756007066
3755000 -1.43383700763963
3756000 -1.40625386394744
3757000 -1.42045622155082
3758000 -1.45526013329365
3759000 -1.41573087507825
3760000 -1.37974754647335
3761000 -1.45122977043571
3762000 -1.43893482485122
3763000 -1.37933124900169
3764000 -1.43075188453411
3765000 -1.45274920010073
3766000 -1.38161015519856
3767000 -1.40804793990965
3768000 -1.47986768475899
3769000 -1.39734759078013
3770000 -1.3905038472008
3771000 -1.46222484344814
3772000 -1.43163652940077
3773000 -1.3760449132652
3774000 -1.46120272877888
3775000 -1.43056271311353
3776000 -1.3810359413404
3777000 -1.44586549786255
3778000 -1.45280589837104
3779000 -1.3964356734995
3780000 -1.41967073733476
3781000 -1.48790507125889
3782000 -1.38265338538148
3783000 -1.3998502073684
3784000 -1.48192585012422
3785000 -1.4217715412569
3786000 -1.38682214928451
3787000 -1.45279718627743
3788000 -1.45302607573357
3789000 -1.39067637726644
3790000 -1.44831730440147
3791000 -1.47836510735104
3792000 -1.39705809417795
3793000 -1.418648579852
3794000 -1.4542441784739
3795000 -1.44368662985753
3796000 -1.40267877660876
3797000 -1.459274582087
3798000 -1.45188265009325
3799000 -1.43097625989942
3800000 -1.43646140886763
3801000 -1.45218304397206
3802000 -1.43060034406038
3803000 -1.4372989930217
3804000 -1.43468072651916
3805000 -1.45627255899535
3806000 -1.43723707814731
3807000 -1.41795464567185
3808000 -1.44406776377586
3809000 -1.45430784575407
3810000 -1.40957258468316
3811000 -1.43842538235489
3812000 -1.4753458825446
3813000 -1.4180654587995
3814000 -1.41347909329746
3815000 -1.48259600368368
3816000 -1.43728594745315
3817000 -1.41126759855202
3818000 -1.48762867689253
3819000 -1.45185351618835
3820000 -1.40963781592807
3821000 -1.4566857984395
3822000 -1.47011515173436
3823000 -1.39538757633487
3824000 -1.4457608946458
3825000 -1.49019755623834
3826000 -1.41760639754862
3827000 -1.43001267288635
3828000 -1.49173621606435
3829000 -1.44688246785746
3830000 -1.42193505939048
3831000 -1.47664768170648
3832000 -1.45862182424019
3833000 -1.40439168139821
3834000 -1.47421259044103
3835000 -1.48290966255331
3836000 -1.43307855732116
3837000 -1.45970476235855
3838000 -1.46841236652023
3839000 -1.43173465733169
3840000 -1.44176124104654
3841000 -1.48073014067212
3842000 -1.45938988806634
3843000 -1.43594588991425
3844000 -1.47104630023525
3845000 -1.45894330997012
3846000 -1.43380265062083
3847000 -1.4624919292847
3848000 -1.4652843548181
3849000 -1.44589965900437
3850000 -1.47070282150135
3851000 -1.44981167531193
3852000 -1.454891642227
3853000 -1.46733135638965
3854000 -1.44452626636165
3855000 -1.4488211314458
3856000 -1.47043802036515
3857000 -1.46113380877074
3858000 -1.42340926708125
3859000 -1.48132542209912
3860000 -1.47266807910703
3861000 -1.43105671590579
3862000 -1.45773436357965
3863000 -1.45029316001056
3864000 -1.44305048985849
3865000 -1.46848687030848
3866000 -1.46597985924238
3867000 -1.43625510579893
3868000 -1.44019903213302
3869000 -1.47640937152551
3870000 -1.47466235203422
3871000 -1.44131810423712
3872000 -1.48931342985819
3873000 -1.44842178155093
3874000 -1.44800543602732
3875000 -1.48486851497968
3876000 -1.46674152711816
3877000 -1.43798600986238
3878000 -1.45585332139765
3879000 -1.4842462673099
3880000 -1.4575628381129
3881000 -1.45938859246922
3882000 -1.46625490587744
3883000 -1.46808447552069
3884000 -1.45604646983748
3885000 -1.4691091515305
3886000 -1.45697147796829
3887000 -1.45709261096196
3888000 -1.49758951662061
3889000 -1.44773871019881
3890000 -1.45305360957503
3891000 -1.47309070826401
3892000 -1.4675720847111
3893000 -1.45933340519776
3894000 -1.48923730831903
3895000 -1.47245811921033
3896000 -1.43793144753725
3897000 -1.46509202238679
3898000 -1.46522078929078
3899000 -1.48581368359413
3900000 -1.4756057792527
3901000 -1.46861724230914
3902000 -1.46248485621071
3903000 -1.48362978111409
3904000 -1.4600539009501
3905000 -1.44867841838864
3906000 -1.48041147228876
3907000 -1.48800811392427
3908000 -1.4645617636622
3909000 -1.46679906307654
3910000 -1.48384931563015
3911000 -1.46490537527327
3912000 -1.46530500703376
3913000 -1.51728650935939
3914000 -1.47439856472153
3915000 -1.46236159330495
3916000 -1.49218007598106
3917000 -1.48896437420877
3918000 -1.47794040359964
3919000 -1.5066823855142
3920000 -1.4806090388357
3921000 -1.46173671434056
3922000 -1.47821705876902
3923000 -1.48328838758033
3924000 -1.49092052172357
3925000 -1.47274784533648
3926000 -1.48056457334617
3927000 -1.48751309116099
3928000 -1.47570550991696
3929000 -1.51130193360825
3930000 -1.49307187597925
3931000 -1.46310610289785
3932000 -1.50235504705061
3933000 -1.48975956487034
3934000 -1.4806492901454
3935000 -1.498247553389
3936000 -1.48724297594431
3937000 -1.46085016340465
3938000 -1.49497484914387
3939000 -1.51489573056275
3940000 -1.46321785772601
3941000 -1.48805350498223
3942000 -1.52322164663835
3943000 -1.46507391735166
3944000 -1.47399198918186
3945000 -1.52721230252985
3946000 -1.49926619821281
3947000 -1.46076936938239
3948000 -1.50613064389273
3949000 -1.5041941493292
3950000 -1.46345943477892
3951000 -1.50298196106237
3952000 -1.53056391823286
3953000 -1.46699362689574
3954000 -1.49485328770642
3955000 -1.50822096705004
3956000 -1.47556628038299
3957000 -1.49317084813688
3958000 -1.51531112485045
3959000 -1.48528797992701
3960000 -1.49627611308297
3961000 -1.53025778344992
3962000 -1.46232133211543
3963000 -1.48758860647262
3964000 -1.53202846469954
3965000 -1.49144504877089
3966000 -1.48954149936593
3967000 -1.52537141865489
3968000 -1.49053878725185
3969000 -1.45749584040966
3970000 -1.51053677798485
3971000 -1.53483180218451
3972000 -1.48313071226932
3973000 -1.50339690236936
3974000 -1.52529667045242
3975000 -1.4708650170325
3976000 -1.48431675790384
3977000 -1.52493857841485
3978000 -1.48272984451624
3979000 -1.48020878780141
3980000 -1.5276073218422
3981000 -1.48913398508672
3982000 -1.50941627134584
3983000 -1.5139032241713
3984000 -1.49074747713921
3985000 -1.51233829153905
3986000 -1.52105902916161
3987000 -1.48241588765814
3988000 -1.50187662306397
3989000 -1.51903114729104
3990000 -1.51945796845846
3991000 -1.49108024859577
3992000 -1.52197991198701
3993000 -1.50011980130298
3994000 -1.4911336651268
3995000 -1.5173185057395
3996000 -1.5051216159948
3997000 -1.48601245885262
3998000 -1.50002987360491
3999000 -1.521424316777
4000000 -1.499526137738
4001000 -1.50297785696998
4002000 -1.5122142777328
4003000 -1.51736659634422
4004000 -1.50632159216532
4005000 -1.52801336965051
4006000 -1.4919194855665
4007000 -1.49497849624688
4008000 -1.52402555973698
4009000 -1.50145162993447
4010000 -1.49934475250334
4011000 -1.51630418779898
4012000 -1.51576006223285
4013000 -1.51088351224705
4014000 -1.52696068371469
4015000 -1.49805040434057
4016000 -1.4904291190992
4017000 -1.51458744803431
4018000 -1.52300423416816
4019000 -1.51084555001014
4020000 -1.51790808751253
4021000 -1.52985122903913
4022000 -1.4908694674973
4023000 -1.52453083607269
4024000 -1.5352558132438
4025000 -1.50846108337568
4026000 -1.51519775946986
4027000 -1.52637329168286
4028000 -1.51954351991314
4029000 -1.53087106005318
4030000 -1.53476266283363
4031000 -1.51769815558557
4032000 -1.51965956596325
4033000 -1.52905753504319
4034000 -1.52756480676907
4035000 -1.52124564523554
4036000 -1.51849731862697
4037000 -1.52476649114327
4038000 -1.52753513561135
4039000 -1.5299008391985
4040000 -1.53446525714104
4041000 -1.51293317334575
4042000 -1.52918009676596
4043000 -1.54878290081533
4044000 -1.5072260829519
4045000 -1.52106184378675
4046000 -1.53817334096554
4047000 -1.52756319719274
4048000 -1.4964480162735
4049000 -1.53295607428679
4050000 -1.51847592145017
4051000 -1.5136547802194
4052000 -1.52982294642762
4053000 -1.52668952560451
4054000 -1.49971143519641
4055000 -1.52779964588092
4056000 -1.53886035528682
4057000 -1.52132606428725
4058000 -1.52404312544873
4059000 -1.55517754528803
4060000 -1.53864396325153
4061000 -1.51846720932714
4062000 -1.53785628519023
4063000 -1.53321288091346
4064000 -1.51222905120705
4065000 -1.51916595947752
4066000 -1.53516933926567
4067000 -1.52266826375386
4068000 -1.53794491689449
4069000 -1.53222262222508
4070000 -1.52235645964142
4071000 -1.52474086814534
4072000 -1.5511756667624
4073000 -1.5295912853262
4074000 -1.51955406841576
4075000 -1.5571191513692
4076000 -1.53329777757899
4077000 -1.52444981390023
4078000 -1.53426987791047
4079000 -1.54726848434627
4080000 -1.52051464015294
4081000 -1.54870382819738
4082000 -1.55513683189543
4083000 -1.52318514291648
4084000 -1.52679140554855
4085000 -1.54891063131005
4086000 -1.53435740179116
4087000 -1.54604854468866
4088000 -1.56530491438831
4089000 -1.53066317641636
4090000 -1.52990234017915
4091000 -1.56512978763964
4092000 -1.52010040744918
4093000 -1.53331472427936
4094000 -1.57143034513594
4095000 -1.5437656261394
4096000 -1.52141008225936
4097000 -1.56872408991506
4098000 -1.5368228624682
4099000 -1.52958013520314
4100000 -1.54949133262504
4101000 -1.56065328606927
4102000 -1.55265185828103
4103000 -1.56028736546211
4104000 -1.54480329344201
4105000 -1.54229593912577
4106000 -1.57134361195389
4107000 -1.53650627149068
4108000 -1.53246178617257
4109000 -1.57704949615594
4110000 -1.56039369757437
4111000 -1.52117539238727
4112000 -1.56113041661212
4113000 -1.55318224373328
4114000 -1.52963763102477
4115000 -1.58409803143974
4116000 -1.55383671359674
4117000 -1.52931130938394
4118000 -1.56145822223189
4119000 -1.5838829914292
4120000 -1.53960703470683
4121000 -1.56211782467027
4122000 -1.58976064787663
4123000 -1.54459634011158
4124000 -1.54413445450401
4125000 -1.57886426956819
4126000 -1.54440124720434
4127000 -1.53287837356271
4128000 -1.60928135349009
4129000 -1.56283469892435
4130000 -1.52668249269435
4131000 -1.58421628705013
4132000 -1.57448478227612
4133000 -1.54028590714596
4134000 -1.56867052405777
4135000 -1.56863928323843
4136000 -1.53163646838168
4137000 -1.58512084783916
4138000 -1.5723318694843
4139000 -1.52994667109683
4140000 -1.5680857730513
4141000 -1.58845950912116
4142000 -1.54902506367767
4143000 -1.57029551533853
4144000 -1.57260472143198
4145000 -1.54364609428843
4146000 -1.58329962127552
4147000 -1.58426629631877
4148000 -1.54062748973981
4149000 -1.56873557480633
4150000 -1.59161465818798
4151000 -1.54646872241877
4152000 -1.55435637187742
4153000 -1.59323558171302
4154000 -1.55466683590544
4155000 -1.56070257722459
4156000 -1.58745709575167
4157000 -1.55043093697137
4158000 -1.56642460095002
4159000 -1.58399652738831
4160000 -1.55954253042491
4161000 -1.57046719475488
4162000 -1.58238492707422
4163000 -1.55719907316651
4164000 -1.57101200046939
4165000 -1.57413152022416
4166000 -1.56334944365303
4167000 -1.56374650389604
4168000 -1.58899725433207
4169000 -1.57898995726302
4170000 -1.58203255091454
4171000 -1.59461048922562
4172000 -1.54606481965736
4173000 -1.58220160150204
4174000 -1.59479900928423
4175000 -1.58406942883574
4176000 -1.57139309937486
4177000 -1.5936379725634
4178000 -1.5732368792096
4179000 -1.57102386839549
4180000 -1.59104684125561
4181000 -1.56323155043167
4182000 -1.57132394671462
4183000 -1.59660165600098
4184000 -1.55556812965305
4185000 -1.56570733317219
4186000 -1.59578430736979
4187000 -1.57994156413318
4188000 -1.56631843595371
4189000 -1.59265626522626
4190000 -1.58990010016416
4191000 -1.56143832092585
4192000 -1.59123135695481
4193000 -1.57950845208977
4194000 -1.56134002120545
4195000 -1.59731138587111
4196000 -1.57342657225211
4197000 -1.54649066108814
4198000 -1.59103392343291
4199000 -1.59245887127612
4200000 -1.5702984840499
4201000 -1.58349095126477
4202000 -1.58218718042264
4203000 -1.57346529176278
4204000 -1.60319785984482
4205000 -1.57307640541144
4206000 -1.56312837349996
4207000 -1.59885546652225
4208000 -1.58058567026172
4209000 -1.56267860380201
4210000 -1.6096093279455
4211000 -1.58194399589025
4212000 -1.56344030456132
4213000 -1.61330090379504
4214000 -1.58747428618804
4215000 -1.57082414546839
4216000 -1.60541869184197
4217000 -1.61778818755403
4218000 -1.55941230570684
4219000 -1.60427521089475
4220000 -1.61376283901799
4221000 -1.57403897635441
4222000 -1.58671125089142
4223000 -1.59574536374828
4224000 -1.57083985572599
4225000 -1.59914905100981
4226000 -1.60590796744402
4227000 -1.54259300907506
4228000 -1.60813504187219
4229000 -1.62078235598692
4230000 -1.56065236680675
4231000 -1.58564313474144
4232000 -1.63658051465907
4233000 -1.5707884826791
4234000 -1.57745789459136
4235000 -1.61283786327646
4236000 -1.57197951998914
4237000 -1.59595356007375
4238000 -1.62074978807786
4239000 -1.56448552969476
4240000 -1.59131425911679
4241000 -1.63541322855489
4242000 -1.56023903978323
4243000 -1.58609539728189
4244000 -1.6262815934305
4245000 -1.55918834479574
4246000 -1.59009439432984
4247000 -1.61222196283693
4248000 -1.58110639301453
4249000 -1.59562605769896
4250000 -1.60926522114076
4251000 -1.56368051308459
4252000 -1.60646388798125
4253000 -1.6310192110114
4254000 -1.57713805207004
4255000 -1.58624025800668
4256000 -1.62116780904455
4257000 -1.58529163811113
4258000 -1.59614958003629
4259000 -1.63623121382345
4260000 -1.57735167733764
4261000 -1.60676174220887
4262000 -1.63569715725444
4263000 -1.58127299998351
4264000 -1.61736545868933
4265000 -1.64421034148139
4266000 -1.55626737120634
4267000 -1.6142129595353
4268000 -1.65273823281337
4269000 -1.56494904219962
4270000 -1.61297294423377
4271000 -1.65397698859833
4272000 -1.56386714860123
4273000 -1.61516977464028
4274000 -1.65239427643332
4275000 -1.56554133367375
4276000 -1.61932061423503
4277000 -1.65341706505259
4278000 -1.58036945054932
4279000 -1.60579576424667
4280000 -1.6683212233091
4281000 -1.55984092867855
4282000 -1.61274090364453
4283000 -1.65306661466092
4284000 -1.59065564009708
4285000 -1.610229312199
4286000 -1.66330933724302
4287000 -1.55556037763845
4288000 -1.61601302958675
4289000 -1.67995576317398
4290000 -1.57974845320137
4291000 -1.61201185006273
4292000 -1.66753274031111
4293000 -1.59459255231333
4294000 -1.58814739067013
4295000 -1.67017145200688
4296000 -1.58054832495031
4297000 -1.59818609244656
4298000 -1.68143754518677
4299000 -1.59194957045236
4300000 -1.59934701042321
4301000 -1.6638318272542
4302000 -1.6057747981818
4303000 -1.59636754371983
4304000 -1.67074534383181
4305000 -1.57287608151578
4306000 -1.60676667465247
4307000 -1.68514887128416
4308000 -1.59685612437051
4309000 -1.58343677866748
4310000 -1.67922335424846
4311000 -1.59976752631787
4312000 -1.61449522972746
4313000 -1.65969197669455
4314000 -1.5913279942092
4315000 -1.5934257771662
4316000 -1.70753139538376
4317000 -1.59708694978074
4318000 -1.60481416341537
4319000 -1.6776569109634
4320000 -1.61258199524293
4321000 -1.62179195174244
4322000 -1.66326876729975
4323000 -1.59835841282146
4324000 -1.61261251254587
4325000 -1.69492569198251
4326000 -1.59873261757027
4327000 -1.6236366880904
4328000 -1.67229041609711
4329000 -1.60746374383938
4330000 -1.62052277626763
4331000 -1.67302552409395
4332000 -1.6130902056239
4333000 -1.63528505768328
4334000 -1.68212228034065
4335000 -1.58683786507039
4336000 -1.63576234530869
4337000 -1.69912568435352
4338000 -1.62326688417232
4339000 -1.61702217626726
4340000 -1.69190591797514
4341000 -1.61063734900999
4342000 -1.63453913312126
4343000 -1.69068605959307
4344000 -1.59322458791263
4345000 -1.63178871132574
4346000 -1.69203944914123
4347000 -1.61723328372169
4348000 -1.62601813831157
4349000 -1.67731017616608
4350000 -1.61740199303624
4351000 -1.64172328372097
4352000 -1.68783203446877
4353000 -1.59669321325616
4354000 -1.65074344832373
4355000 -1.67644611453023
4356000 -1.58972460064948
4357000 -1.64253484254502
4358000 -1.69926143145425
4359000 -1.59949035411852
4360000 -1.6428668217632
4361000 -1.68699267912119
4362000 -1.57939769534981
4363000 -1.68492790779277
4364000 -1.69686514581287
4365000 -1.58093333058163
4366000 -1.65571564998782
4367000 -1.68780352664634
4368000 -1.6169191927446
4369000 -1.67808155878099
4370000 -1.67523229463417
4371000 -1.58580563355222
4372000 -1.69071650617809
4373000 -1.69977518527308
4374000 -1.60419241822206
4375000 -1.68209010412412
4376000 -1.69182354024012
4377000 -1.59113308012515
4378000 -1.68526828997738
4379000 -1.69496702461665
4380000 -1.60740760913661
4381000 -1.6607946770694
4382000 -1.70938977855976
4383000 -1.61309423565767
4384000 -1.66652926676864
4385000 -1.70510512081576
4386000 -1.59194459182869
4387000 -1.67515740246836
4388000 -1.70341670107713
4389000 -1.63288167481293
4390000 -1.65592471667331
4391000 -1.70868183024274
4392000 -1.61823654529028
4393000 -1.66164054106836
4394000 -1.70196106639808
4395000 -1.63060988588802
4396000 -1.66327852138432
4397000 -1.71748985738495
4398000 -1.63396239527811
4399000 -1.65616937920835
4400000 -1.70127669595002
4401000 -1.63327973202539
4402000 -1.66816177499075
4403000 -1.69336673792137
4404000 -1.63336317798446
4405000 -1.67419442067854
4406000 -1.70903581056787
4407000 -1.63025138154601
4408000 -1.6731243203888
4409000 -1.70535186412319
4410000 -1.64286917537547
4411000 -1.66943118992553
4412000 -1.69847682639092
4413000 -1.63685280100049
4414000 -1.67767212397198
4415000 -1.7163078932027
4416000 -1.62951977505725
4417000 -1.66109887394663
4418000 -1.70365911543808
4419000 -1.63388779231381
4420000 -1.66772708116484
4421000 -1.70345937132409
4422000 -1.63968133552761
4423000 -1.68675203421736
4424000 -1.69257037486341
4425000 -1.62270418710804
4426000 -1.67133331146681
4427000 -1.69346770820229
4428000 -1.64072969117038
4429000 -1.67651435184609
4430000 -1.69006634837845
4431000 -1.64017520655194
4432000 -1.69664847856202
4433000 -1.69828568260307
4434000 -1.6354251787461
4435000 -1.69195260022345
4436000 -1.68966820816156
4437000 -1.63578666992661
4438000 -1.68383812119284
4439000 -1.69346477139371
4440000 -1.64584726282237
4441000 -1.69832202480857
4442000 -1.68060072193949
4443000 -1.64436135732193
4444000 -1.69597300482452
4445000 -1.69848527850722
4446000 -1.6451103305981
4447000 -1.69401627201417
4448000 -1.69834328816654
4449000 -1.63826700286248
4450000 -1.70508396192796
4451000 -1.68859585600953
4452000 -1.65169174532439
4453000 -1.72202954425337
4454000 -1.6752524956578
4455000 -1.64790298952514
4456000 -1.70684436497661
4457000 -1.69071536652367
4458000 -1.66093450600329
4459000 -1.72550084484441
4460000 -1.67979901211056
4461000 -1.67276166884874
4462000 -1.72211291625996
4463000 -1.67994355327528
4464000 -1.67145518755363
4465000 -1.71546935632258
4466000 -1.68889083194269
4467000 -1.65695511093697
4468000 -1.73759515482089
4469000 -1.6945656186098
4470000 -1.66062726714288
4471000 -1.70818870613779
4472000 -1.69362764410843
4473000 -1.65674011782966
4474000 -1.7323117160843
4475000 -1.68122122927491
4476000 -1.66689892965014
4477000 -1.71563972931233
4478000 -1.66620992893681
4479000 -1.67124093014571
4480000 -1.73647353499549
4481000 -1.67500087164839
4482000 -1.66502068319946
4483000 -1.74042527075532
4484000 -1.66609370459282
4485000 -1.70941768447257
4486000 -1.73083240341875
4487000 -1.65429152514324
4488000 -1.68883425192707
4489000 -1.72830279668575
4490000 -1.6617233349689
4491000 -1.6812179242321
4492000 -1.73283971293905
4493000 -1.66590111672011
4494000 -1.70080952894423
4495000 -1.72438760565897
4496000 -1.67057831991714
4497000 -1.69688668809733
4498000 -1.72441611850869
4499000 -1.67086439646782
4500000 -1.70907595654844
4501000 -1.7192385150768
4502000 -1.66701547444882
4503000 -1.7066523269457
4504000 -1.70444708476248
4505000 -1.65382306609298
4506000 -1.72020901472957
4507000 -1.72522275995362
4508000 -1.65038169558354
4509000 -1.71537762082083
4510000 -1.71427213503887
4511000 -1.66460252773969
4512000 -1.73116317647188
4513000 -1.71747028272274
4514000 -1.65692961461745
4515000 -1.71823093206916
4516000 -1.71231901687364
4517000 -1.6671238654112
4518000 -1.74288486839744
4519000 -1.69648864773268
4520000 -1.66290776174959
4521000 -1.7293738477477
4522000 -1.71218575532375
4523000 -1.68552956381843
4524000 -1.74185375291259
4525000 -1.69488459039474
4526000 -1.66720793132181
4527000 -1.74600183123121
4528000 -1.69879818593333
4529000 -1.68922586574205
4530000 -1.74078552610311
4531000 -1.69928094144356
4532000 -1.68630983079684
4533000 -1.77895590170155
4534000 -1.6950814227157
4535000 -1.68139848869889
4536000 -1.75117723872692
4537000 -1.70495678733657
4538000 -1.68906626698648
4539000 -1.74832247626344
4540000 -1.68679027377179
4541000 -1.69935129640993
4542000 -1.74454509544204
4543000 -1.6977507597449
4544000 -1.71114557005753
4545000 -1.72920294462692
4546000 -1.69097638060684
4547000 -1.71598951323574
4548000 -1.73699995457503
4549000 -1.68337081973737
4550000 -1.72264881883702
4551000 -1.7365741716361
4552000 -1.66740689539814
4553000 -1.73333286940533
4554000 -1.74166100234877
4555000 -1.69011801392064
4556000 -1.72005158563074
4557000 -1.76516896563108
4558000 -1.68555083180309
4559000 -1.73398450463337
4560000 -1.74382915351444
4561000 -1.68814891145345
4562000 -1.73961047755454
4563000 -1.73100151618101
4564000 -1.69344519520515
4565000 -1.7387719926324
4566000 -1.74791755043053
4567000 -1.70330257666176
4568000 -1.74810845118914
4569000 -1.71895795853228
4570000 -1.70636191056097
4571000 -1.75020882393971
4572000 -1.73285496023801
4573000 -1.68916259522064
4574000 -1.75388178459251
4575000 -1.73889086335667
4576000 -1.69230300912641
4577000 -1.76423354481473
4578000 -1.74022811864294
4579000 -1.70707251609441
4580000 -1.76883474272176
4581000 -1.72630740389463
4582000 -1.70117246812923
4583000 -1.78153129716345
4584000 -1.73657388525052
4585000 -1.71016231861205
4586000 -1.75330140932264
4587000 -1.72379915514331
4588000 -1.73610092679843
4589000 -1.74838182099241
4590000 -1.72753356372747
4591000 -1.73182479207235
4592000 -1.76670047978371
4593000 -1.726974883368
4594000 -1.73846456323196
4595000 -1.75493239302216
4596000 -1.71922679922897
4597000 -1.74299689714279
4598000 -1.75765684828321
4599000 -1.7203973037595
4600000 -1.74788875553681
4601000 -1.76026962634933
4602000 -1.73045708544956
4603000 -1.74206079167753
4604000 -1.77570333199531
4605000 -1.72392275951834
4606000 -1.73100727685289
4607000 -1.76036216725965
4608000 -1.71819838950424
4609000 -1.7401407939741
4610000 -1.74780576229389
4611000 -1.72742405385321
4612000 -1.77959431507635
4613000 -1.72409434118333
4614000 -1.72960501060151
4615000 -1.76515694773867
4616000 -1.73051030872173
4617000 -1.71454806678241
4618000 -1.78093014229276
4619000 -1.73350768154129
4620000 -1.73486407550981
4621000 -1.78094654338953
4622000 -1.72428692404109
4623000 -1.74693592507204
4624000 -1.77395142473026
4625000 -1.72738047181446
4626000 -1.73950811104452
4627000 -1.78850487224464
4628000 -1.72174276617597
4629000 -1.75842426103287
4630000 -1.76610877246241
4631000 -1.73653274253286
4632000 -1.7486113885963
4633000 -1.76198071743435
4634000 -1.72958433335121
4635000 -1.76961033369749
4636000 -1.77289689900347
4637000 -1.73868204080495
4638000 -1.77107079867554
4639000 -1.74064160962144
4640000 -1.76424937945153
4641000 -1.76348329597588
4642000 -1.75485527973957
4643000 -1.7476505167952
4644000 -1.78934741332094
4645000 -1.74963798087753
4646000 -1.75131384992996
4647000 -1.77993294318168
4648000 -1.75465561692886
4649000 -1.74884715022038
4650000 -1.78936050756918
4651000 -1.74802996060991
4652000 -1.75388351219732
4653000 -1.78230805567671
4654000 -1.75037607875882
4655000 -1.76452285827029
4656000 -1.7856027914403
4657000 -1.7649611133231
4658000 -1.77133018307444
4659000 -1.78071545030547
4660000 -1.77275043878289
4661000 -1.76447865679953
4662000 -1.7804485215909
4663000 -1.75492239769057
4664000 -1.77883082769016
4665000 -1.78839439874556
4666000 -1.75164927939185
4667000 -1.77108092992246
4668000 -1.77244377779523
4669000 -1.78068352190228
4670000 -1.76370547396525
4671000 -1.78147940289998
4672000 -1.76747825189192
4673000 -1.76314052452422
4674000 -1.76110545414622
4675000 -1.77628185765993
4676000 -1.78336987980785
4677000 -1.75402932997497
4678000 -1.76483881645197
4679000 -1.77951801061374
4680000 -1.77347034988852
4681000 -1.76978513708466
4682000 -1.78475882780398
4683000 -1.75608740250224
4684000 -1.77490457554036
4685000 -1.77864787667555
4686000 -1.78770054831853
4687000 -1.78614195338719
4688000 -1.75499099356676
4689000 -1.77067402496146
4690000 -1.78985078186191
4691000 -1.77269783038716
4692000 -1.78844042386951
4693000 -1.80410878585423
4694000 -1.75285890455737
4695000 -1.77013681858081
4696000 -1.80320909552978
4697000 -1.75676144250221
4698000 -1.7813081212423
4699000 -1.77265032019117
4700000 -1.78041476834769
4701000 -1.78476504781284
4702000 -1.80961343767452
4703000 -1.77192019224104
4704000 -1.77391210403136
4705000 -1.80472146593323
4706000 -1.7689446443679
4707000 -1.80732461079877
4708000 -1.78127228963645
4709000 -1.7793012600471
4710000 -1.78629662648511
4711000 -1.80276827794378
4712000 -1.76711596998618
4713000 -1.80313748753767
4714000 -1.78120683715605
4715000 -1.76023636314272
4716000 -1.81258752588452
4717000 -1.78888363982608
4718000 -1.7830765945675
4719000 -1.78503351045287
4720000 -1.76765398243981
4721000 -1.75501388135245
4722000 -1.82822470849379
4723000 -1.77261190276643
4724000 -1.77071062322951
4725000 -1.82572045415302
4726000 -1.76055372924166
4727000 -1.79092166374401
4728000 -1.79914578978532
4729000 -1.7742641096818
4730000 -1.78621558571088
4731000 -1.81972228509312
4732000 -1.78744597583447
4733000 -1.79868664979453
4734000 -1.80653998974893
4735000 -1.76431804598931
4736000 -1.81107167949562
4737000 -1.81506434883921
4738000 -1.76040240133486
4739000 -1.7978683736012
4740000 -1.81431635637211
4741000 -1.78162302261295
4742000 -1.8091160660709
4743000 -1.79190540977317
4744000 -1.76813468318022
4745000 -1.84629965013169
4746000 -1.78864696531429
4747000 -1.78115429167493
4748000 -1.81033703902203
4749000 -1.80235559056814
4750000 -1.77915005381712
4751000 -1.81837892635564
4752000 -1.79055765186112
4753000 -1.80294950056832
4754000 -1.81749514257961
4755000 -1.77574565910576
4756000 -1.8112146573157
4757000 -1.82848874180994
4758000 -1.78060188810044
4759000 -1.80715260428599
4760000 -1.82225525077778
4761000 -1.78467393979915
4762000 -1.81910483016879
4763000 -1.81561075971898
4764000 -1.77512274364839
4765000 -1.84111072539611
4766000 -1.80316789125818
4767000 -1.7972153588176
4768000 -1.813098674158
4769000 -1.80320719851585
4770000 -1.78813981107153
4771000 -1.83160725831618
4772000 -1.79230362512433
4773000 -1.80492033627796
4774000 -1.84123255357425
4775000 -1.77942169636629
4776000 -1.81450376692521
4777000 -1.8325716844074
4778000 -1.78260909380771
4779000 -1.82185550634204
4780000 -1.83151821873761
4781000 -1.75862226197796
4782000 -1.82495194290781
4783000 -1.81260114779017
4784000 -1.77568531584953
4785000 -1.85769744377046
4786000 -1.82204439474726
4787000 -1.78729019413921
4788000 -1.84405339239967
4789000 -1.82516912236757
4790000 -1.78520870856759
4791000 -1.84698817170057
4792000 -1.79278914567027
4793000 -1.80467589056387
4794000 -1.83097928153156
4795000 -1.79731408972993
4796000 -1.82272798846902
4797000 -1.82964372742289
4798000 -1.7951350051232
4799000 -1.82574799911684
4800000 -1.83917988495355
4801000 -1.79353235779828
4802000 -1.85742461235001
4803000 -1.81540630105708
4804000 -1.78881835734931
4805000 -1.84407057324301
4806000 -1.82234171327199
4807000 -1.79191393053224
4808000 -1.85181292824695
4809000 -1.82936091943272
4810000 -1.80177478318034
4811000 -1.85800738567508
4812000 -1.7968425806437
4813000 -1.82140066567553
4814000 -1.85267208928341
4815000 -1.80090597695783
4816000 -1.8185632747735
4817000 -1.87441899501615
4818000 -1.7921962862822
4819000 -1.82893278911295
4820000 -1.86887435638334
4821000 -1.76991061206274
4822000 -1.85431130841031
4823000 -1.84378124836055
4824000 -1.81115251949032
4825000 -1.85717431435025
4826000 -1.84285171805419
4827000 -1.8042337825016
4828000 -1.8627625026652
4829000 -1.82128608795262
4830000 -1.82571191075203
4831000 -1.88472742318772
4832000 -1.81414737146578
4833000 -1.81726975144428
4834000 -1.87795964051308
4835000 -1.81645963128163
4836000 -1.83585973049109
4837000 -1.89096930781262
4838000 -1.80345205130278
4839000 -1.8297186904305
4840000 -1.85149855408203
4841000 -1.79628700372444
4842000 -1.84331150966147
4843000 -1.84948968358503
4844000 -1.81464989974529
4845000 -1.85310324232771
4846000 -1.83546304448539
4847000 -1.82637259671745
4848000 -1.87569097644069
4849000 -1.81468469731249
4850000 -1.84853153319614
4851000 -1.86779575078087
4852000 -1.79923038396694
4853000 -1.83773087695093
4854000 -1.85160866593568
4855000 -1.80085824608872
4856000 -1.84601237838436
4857000 -1.84485051740129
4858000 -1.80936791910896
4859000 -1.85957609781941
4860000 -1.84716906948159
4861000 -1.83327798164707
4862000 -1.88384747603219
4863000 -1.8173459416955
4864000 -1.81395556063807
4865000 -1.87712097723654
4866000 -1.82274070327323
4867000 -1.844462302226
4868000 -1.8670882176443
4869000 -1.81658784817297
4870000 -1.84866695778179
4871000 -1.86326671127357
4872000 -1.83064199241725
4873000 -1.87276636849491
4874000 -1.84593228337704
4875000 -1.81149512822116
4876000 -1.88884639430439
4877000 -1.83706111883836
4878000 -1.82138447485927
4879000 -1.88312102846106
4880000 -1.83033218838899
4881000 -1.83954188568304
4882000 -1.87917282777061
4883000 -1.84057096455677
4884000 -1.83703345992323
4885000 -1.88038205526671
4886000 -1.8150821678114
4887000 -1.8745928848194
4888000 -1.86562598174729
4889000 -1.83176272374069
4890000 -1.87027858987113
4891000 -1.85932667515639
4892000 -1.84600323094504
4893000 -1.88694069808794
4894000 -1.85293744969271
4895000 -1.82229561045716
4896000 -1.89725050553909
4897000 -1.8292041144299
4898000 -1.83260225635929
4899000 -1.87539011555893
4900000 -1.83396974256528
4901000 -1.86126839976487
4902000 -1.89720758965597
4903000 -1.83176034635119
4904000 -1.84716974145742
4905000 -1.880340875672
4906000 -1.82893147037961
4907000 -1.8619247876769
4908000 -1.86074895033092
4909000 -1.83279120962789
4910000 -1.88542747622772
4911000 -1.83653977352559
4912000 -1.83504091872842
4913000 -1.89937191898321
4914000 -1.84800420588832
4915000 -1.83488532056225
4916000 -1.88784098787541
4917000 -1.84825320265786
4918000 -1.85947965742558
4919000 -1.88831688756238
4920000 -1.85188997143133
4921000 -1.86527072474288
4922000 -1.88559702500767
4923000 -1.84321963731498
4924000 -1.87526474426257
4925000 -1.88299984643738
4926000 -1.84492142673651
4927000 -1.89765563710223
4928000 -1.85638617649884
4929000 -1.84315933944827
4930000 -1.90166068227341
4931000 -1.86030816126003
4932000 -1.86237696003676
4933000 -1.88470917979652
4934000 -1.85652697245597
4935000 -1.88147994662513
4936000 -1.89652746385672
4937000 -1.84700122713727
4938000 -1.88210779772441
4939000 -1.8900638194371
4940000 -1.8480105742007
4941000 -1.89253275407884
4942000 -1.86753442095861
4943000 -1.84686735545893
4944000 -1.91377179073306
4945000 -1.85897018982906
4946000 -1.85913169067318
4947000 -1.91936302394988
4948000 -1.84798150138725
4949000 -1.84954312976188
4950000 -1.90914242165648
4951000 -1.86525140632433
4952000 -1.86310021985408
4953000 -1.89131576718945
4954000 -1.84585479735392
4955000 -1.89499420469208
4956000 -1.9046834813047
4957000 -1.85381062952028
4958000 -1.8807012733785
4959000 -1.88695457667293
4960000 -1.86867068292757
4961000 -1.89469067041782
4962000 -1.87284370265097
4963000 -1.87050413619756
4964000 -1.89683166842679
4965000 -1.87118946837084
4966000 -1.90881054147683
4967000 -1.88451691743858
4968000 -1.8562920682302
4969000 -1.89395515622909
4970000 -1.87581539589533
4971000 -1.87628754805273
4972000 -1.93515090337997
4973000 -1.85923384254865
4974000 -1.8630169627482
4975000 -1.92433218945412
4976000 -1.86085766165475
4977000 -1.89484199159137
4978000 -1.92075227690853
4979000 -1.85264567068293
4980000 -1.87840640631584
4981000 -1.93310277574225
4982000 -1.87268347640524
4983000 -1.889214485343
4984000 -1.87185244648052
4985000 -1.85377738489
4986000 -1.95005030572099
4987000 -1.88508536091909
4988000 -1.86923035390118
4989000 -1.931460082021
4990000 -1.86452483134541
4991000 -1.91143331913976
4992000 -1.93874546296985
4993000 -1.84263712657361
4994000 -1.89974186700915
4995000 -1.92766720795914
4996000 -1.85601630087143
4997000 -1.91935555666598
4998000 -1.89644327871204
4999000 -1.85693551969034
5000000 -1.9399013758738
5001000 -1.88529471920636
5002000 -1.87650969378941
5003000 -1.9482939835803
5004000 -1.87266075693642
5005000 -1.91188889649465
5006000 -1.94013805306565
5007000 -1.85703962723862
5008000 -1.90906261814131
5009000 -1.93015866934185
5010000 -1.87089916675747
5011000 -1.93691093962548
5012000 -1.88682690578592
5013000 -1.87981104295896
5014000 -1.96854695110604
5015000 -1.87348939974208
5016000 -1.9029733302717
5017000 -1.94001377852253
5018000 -1.86676712845068
5019000 -1.92167988744903
5020000 -1.93850091124081
5021000 -1.84753930575209
5022000 -1.95173455507311
5023000 -1.92005721738195
5024000 -1.87641441719214
5025000 -1.95729139626287
5026000 -1.88992828058829
5027000 -1.90392450103042
5028000 -1.96820196219546
5029000 -1.88576240630284
5030000 -1.91599501023071
5031000 -1.9484510207441
5032000 -1.87274177072843
5033000 -1.94588135459926
5034000 -1.93960420488478
5035000 -1.87648650611498
5036000 -1.96344434900975
5037000 -1.9307863214934
5038000 -1.8707392693596
5039000 -1.96751479648849
5040000 -1.87653414338928
5041000 -1.92076588690102
5042000 -1.96003156936206
5043000 -1.87638731259098
5044000 -1.92495334954003
5045000 -1.94703748697342
5046000 -1.89012646006263
5047000 -1.92088927214046
5048000 -1.96811657498737
5049000 -1.8728355367341
5050000 -1.95471731961129
5051000 -1.90850144200097
5052000 -1.91682905931227
5053000 -1.95207833375433
5054000 -1.9010957057159
5055000 -1.92717015242649
5056000 -1.97119860977693
5057000 -1.8823563542231
5058000 -1.94779023168596
5059000 -1.9770960077741
5060000 -1.84723347137499
5061000 -1.96347365184345
5062000 -1.9563480506918
5063000 -1.88818736592627
5064000 -1.99331641102811
5065000 -1.92760673653481
5066000 -1.87091765409473
5067000 -1.97326238971589
5068000 -1.91125441935713
5069000 -1.93655704012899
5070000 -1.96278523454226
5071000 -1.89189536355194
5072000 -1.9502530587733
5073000 -1.94567000730311
5074000 -1.89655656696455
5075000 -1.97183386218047
5076000 -1.93507471965477
5077000 -1.90488842749315
5078000 -1.99347644014531
5079000 -1.89020070293855
5080000 -1.91112388565975
5081000 -1.99971419992201
5082000 -1.89394662582816
5083000 -1.93951378251595
5084000 -1.97613857485431
5085000 -1.88310913653399
5086000 -1.97170616957271
5087000 -1.97685985412258
5088000 -1.86657896243317
5089000 -1.97209031124266
5090000 -1.93807129415039
5091000 -1.91304570809735
5092000 -1.98454652686128
5093000 -1.90667107306204
5094000 -1.91995296225165
5095000 -2.00161176009534
5096000 -1.88595042215888
5097000 -1.94769392458993
5098000 -1.99294333355705
5099000 -1.87214356869367
5100000 -1.981115867837
5101000 -1.96224543434472
5102000 -1.89343809052209
5103000 -1.99241033192201
5104000 -1.9319941396591
5105000 -1.93586623721401
5106000 -1.99412882312563
5107000 -1.88682520899968
5108000 -1.96669515303915
5109000 -1.97485177386168
5110000 -1.89930039179101
5111000 -1.99107004054205
5112000 -1.95345367928407
5113000 -1.91531960234268
5114000 -1.98101615691554
5115000 -1.93154089517676
5116000 -1.90924757764363
5117000 -2.01502231791539
5118000 -1.8958154589024
5119000 -1.95606382086571
5120000 -1.98404126991007
5121000 -1.90272851284876
5122000 -1.9529261268381
5123000 -1.96237083216788
5124000 -1.9147304346417
5125000 -1.98545271354244
5126000 -1.95380173298611
5127000 -1.89059393314812
5128000 -2.00033117725852
5129000 -1.94653562459416
5130000 -1.91987256987728
5131000 -1.99737906281443
5132000 -1.92231101338516
5133000 -1.93530872715933
5134000 -1.99439001389423
5135000 -1.92208027894509
5136000 -1.95817555303814
5137000 -1.96755070040567
5138000 -1.92013031590347
5139000 -1.98526943772047
5140000 -1.92604997499807
5141000 -1.94177137191252
5142000 -1.98856447067397
5143000 -1.94556013395045
5144000 -1.93097092581606
5145000 -2.01750188997811
5146000 -1.90181658096689
5147000 -1.96452066612385
5148000 -2.01936237866058
5149000 -1.89820491932679
5150000 -1.99877941572413
5151000 -1.98067722373908
5152000 -1.89044259598127
5153000 -2.00516742748156
5154000 -1.97760581693209
5155000 -1.91130137709811
5156000 -2.00026489457797
5157000 -1.94531277590796
5158000 -1.96357905340994
5159000 -2.00346040327583
5160000 -1.93156615869956
5161000 -1.97416179359316
5162000 -1.99239405105575
5163000 -1.90900584542112
5164000 -2.00294891551853
5165000 -1.96343396911581
5166000 -1.93898874280389
5167000 -2.00474348070997
5168000 -1.94962297986646
5169000 -1.95106647719307
5170000 -2.02762936315916
5171000 -1.9046306330712
5172000 -1.98617499518583
5173000 -2.02999306602737
5174000 -1.91046688871235
5175000 -2.00244809253695
5176000 -1.9695101889143
5177000 -1.93528503047559
5178000 -2.00592042447987
5179000 -1.9655867080114
5180000 -1.95729616103869
5181000 -2.01332002515573
5182000 -1.93270316875729
5183000 -1.97870678801348
5184000 -2.02298123396447
5185000 -1.90974764573115
5186000 -2.00021523009218
5187000 -2.00828415771239
5188000 -1.91196792937295
5189000 -2.01079178543608
5190000 -1.97577923097638
5191000 -1.97853808383929
5192000 -1.98604068827933
5193000 -1.97025880608986
5194000 -1.96806040066705
5195000 -2.03389991373221
5196000 -1.93781631079648
5197000 -1.98027693944153
5198000 -2.01303291020857
5199000 -1.93555942470959
5200000 -2.028310057786
5201000 -1.96355101196648
5202000 -1.97223473868317
5203000 -2.02786314268367
5204000 -1.95844999395341
5205000 -1.95090950087169
5206000 -2.0269447587817
5207000 -1.92845018950182
5208000 -1.99687448595786
5209000 -2.00605331677154
5210000 -1.93444894660348
5211000 -2.0292770434329
5212000 -1.98024318368558
5213000 -1.97296050191886
5214000 -2.02819919055781
5215000 -1.94600994158501
5216000 -1.98198853987367
5217000 -2.00903763684358
5218000 -1.94437694964692
5219000 -2.0056804091881
5220000 -2.00984806419006
5221000 -1.9403426522257
5222000 -2.02660968025746
5223000 -1.9800520727028
5224000 -1.97234369170708
5225000 -2.02305212677312
5226000 -1.94630340827521
5227000 -1.99089979065457
5228000 -2.01954467429951
5229000 -1.96007725843319
5230000 -2.0002001666287
5231000 -2.00398497349747
5232000 -1.94747876258417
5233000 -2.03894323139087
5234000 -1.96471907017317
5235000 -1.97838592626788
5236000 -2.02986619619787
5237000 -1.94079992861831
5238000 -2.01196625247933
5239000 -2.01917731185717
5240000 -1.96755612054112
5241000 -1.99863752287486
5242000 -2.02235655470003
5243000 -1.97261798557809
5244000 -2.00218637983302
5245000 -2.00765097605051
5246000 -1.9692756335255
5247000 -2.04767984389625
5248000 -1.98281181475474
5249000 -2.00483272443841
5250000 -1.96733844550018
5251000 -1.99719092674692
5252000 -2.03542862577248
5253000 -2.00088400718018
5254000 -2.00996307553812
5255000 -1.98082135890643
5256000 -2.00655587098222
5257000 -1.98678162945958
5258000 -2.03466883966378
5259000 -1.98298350706538
5260000 -2.00017116743773
5261000 -2.01947975616789
5262000 -2.02498864790355
5263000 -1.99134791778998
5264000 -1.99002013736756
5265000 -2.02634788479599
5266000 -2.00307281001586
5267000 -2.00539103564696
5268000 -1.9944033779036
5269000 -2.00562241558397
5270000 -2.00930200472616
5271000 -2.00578641790301
5272000 -2.02465017585491
5273000 -1.99586882865616
5274000 -2.01250780011276
5275000 -2.0122184712338
5276000 -1.99708939955233
5277000 -2.00722592485455
5278000 -2.03029399318778
5279000 -2.01599808328739
5280000 -1.98274230357946
5281000 -1.9962024050669
5282000 -2.02593413736044
5283000 -2.01154739657716
5284000 -1.99805566918254
5285000 -2.01481184604605
5286000 -2.02475911179235
5287000 -2.01032387550708
5288000 -2.02790891657371
5289000 -2.01312212548414
5290000 -2.00325739255978
5291000 -2.02686734474917
5292000 -2.0453225507359
5293000 -1.98926360406113
5294000 -1.99625334225672
5295000 -2.03703128383389
5296000 -2.00288313873934
5297000 -2.00808706970687
5298000 -2.04403056183098
5299000 -2.02016438364561
5300000 -2.017361797773
5301000 -2.02304692328428
5302000 -2.0298339062773
5303000 -2.03435512271343
5304000 -1.99204150920027
5305000 -2.04259471424254
5306000 -2.02060035104205
5307000 -1.99444817948712
5308000 -2.0476007183006
5309000 -2.03238893839002
5310000 -2.01424647763395
5311000 -2.02133425284833
5312000 -2.03867396185586
5313000 -2.02323985083318
5314000 -2.03045283210848
5315000 -2.02858575877814
5316000 -2.02951242939806
5317000 -2.02947942911186
5318000 -2.0217456371768
5319000 -2.01466360150743
5320000 -2.01678839562866
5321000 -2.01995170619115
5322000 -2.03592726073377
5323000 -2.00901272200704
5324000 -2.04175609575245
5325000 -2.0374765538514
5326000 -2.01883949813331
5327000 -2.02815075688338
5328000 -2.03415104716965
5329000 -2.02802760231532
5330000 -2.01184450660646
5331000 -2.03043112382427
5332000 -2.04086390968402
5333000 -2.01223895003232
5334000 -2.0396188847073
5335000 -2.05915608537036
5336000 -2.02714350049063
5337000 -2.02197440839149
5338000 -2.05938182999981
5339000 -2.01684711583954
5340000 -2.04810919125741
5341000 -2.04347460788017
5342000 -2.02593912132846
5343000 -2.03433731924672
5344000 -2.05193326487427
5345000 -2.03807217351911
5346000 -2.02581345858544
5347000 -2.03414953012948
5348000 -2.04339456124165
5349000 -2.03802409235781
5350000 -2.01244090276112
5351000 -2.05565786640997
5352000 -2.03488811659431
5353000 -2.02601777403254
5354000 -2.04133858316672
5355000 -2.02669100571104
5356000 -2.03933702221095
5357000 -2.06043935583243
5358000 -2.03048771026051
5359000 -2.02429410393493
5360000 -2.04305368993432
5361000 -2.05557057390178
5362000 -2.05814581878542
5363000 -2.01740007340188
5364000 -2.04876498740745
5365000 -2.04485260753975
5366000 -2.02656326393743
5367000 -2.05733532874759
5368000 -2.0534284856363
5369000 -2.03589838047581
5370000 -2.04112019238391
5371000 -2.06333236960398
5372000 -2.02478723605713
5373000 -2.04272661584621
5374000 -2.03879265416485
5375000 -2.07206662432551
5376000 -2.03250037847331
5377000 -2.0596599036046
5378000 -2.08221313991022
5379000 -2.02643687147614
5380000 -2.04853226846866
5381000 -2.05545719883779
5382000 -2.04904406183744
5383000 -2.04365129288387
5384000 -2.07237153588601
5385000 -2.02111797594125
5386000 -2.05816236345395
5387000 -2.04959746130162
5388000 -2.05642611714037
5389000 -2.05127524671746
5390000 -2.0433901080059
5391000 -2.06814510724226
5392000 -2.04727565992166
5393000 -2.05822879857725
5394000 -2.05929403608055
5395000 -2.04796410921498
5396000 -2.05232832829522
5397000 -2.07846705028888
5398000 -2.02781516227302
5399000 -2.0642756297136
5400000 -2.06926562210912
5401000 -2.0614408845348
5402000 -2.05238227822613
5403000 -2.02812173383503
5404000 -2.08779484823378
5405000 -2.04334596867114
5406000 -2.06343073956163
5407000 -2.08148948847056
5408000 -2.04351352825022
5409000 -2.05056403297807
5410000 -2.08717903373578
5411000 -2.05867796826587
5412000 -2.04684658936197
5413000 -2.08083894221072
5414000 -2.06805122673028
5415000 -2.0624315490822
5416000 -2.0439778851571
5417000 -2.08043645927256
5418000 -2.05628158280913
5419000 -2.05788172020111
5420000 -2.09389714022795
5421000 -2.06244632416258
5422000 -2.05070213738938
5423000 -2.06581626236973
5424000 -2.0536987488106
5425000 -2.05844510304579
5426000 -2.06776720825711
5427000 -2.07330913049185
5428000 -2.06988053270144
5429000 -2.05936123583031
5430000 -2.08448662063402
5431000 -2.06939073548201
5432000 -2.03515222993492
5433000 -2.07695484861103
5434000 -2.09394550411816
5435000 -2.03780686915139
5436000 -2.09019170278401
5437000 -2.06835468615425
5438000 -2.02948518679479
5439000 -2.08529899931914
5440000 -2.06919548466936
5441000 -2.06112088838363
5442000 -2.0601407686709
5443000 -2.05068961656129
5444000 -2.07997320251323
5445000 -2.06564929571875
5446000 -2.06546907299322
5447000 -2.11043420228432
5448000 -2.06746500338678
5449000 -2.04296127590203
5450000 -2.09999242341158
5451000 -2.05911118295855
5452000 -2.07716223153508
5453000 -2.08558851484892
5454000 -2.05768404555146
5455000 -2.08669263538829
5456000 -2.08671134555032
5457000 -2.06839128575764
5458000 -2.09581328789878
5459000 -2.06513545436481
5460000 -2.09602564371319
5461000 -2.07394075462783
5462000 -2.05040217216152
5463000 -2.0988357631046
5464000 -2.07386483087201
5465000 -2.07953765459895
5466000 -2.08949362200302
5467000 -2.05456994725897
5468000 -2.07723266800742
5469000 -2.08490136046017
5470000 -2.08197179595361
5471000 -2.07540999327533
5472000 -2.08712362695363
5473000 -2.08109060543837
5474000 -2.1086324476275
5475000 -2.05954547632786
5476000 -2.10862382605837
5477000 -2.07772161084032
5478000 -2.05996981151699
5479000 -2.11396175265768
5480000 -2.06335143775382
5481000 -2.07209764658876
5482000 -2.09444504422554
5483000 -2.05842390165319
5484000 -2.10295639348885
5485000 -2.09704482207384
5486000 -2.07044404973869
5487000 -2.10479430375826
5488000 -2.0702447543193
5489000 -2.116965092638
5490000 -2.08765905971008
5491000 -2.06174686241116
5492000 -2.12878925701703
5493000 -2.08268046621372
5494000 -2.0606930910807
5495000 -2.11056537651822
5496000 -2.07423136120695
5497000 -2.10067980762403
5498000 -2.0988630909962
5499000 -2.08016865378685
5500000 -2.13105036754199
5501000 -2.06908082676476
5502000 -2.08891419749671
5503000 -2.13274034343577
5504000 -2.06211750251779
5505000 -2.10418206928651
5506000 -2.11689926002208
5507000 -2.07341959454019
5508000 -2.11521029402895
5509000 -2.07229481978358
5510000 -2.11475279899978
5511000 -2.12980150512882
5512000 -2.07490185034547
5513000 -2.11839457775671
5514000 -2.09009941673795
5515000 -2.08947024064745
5516000 -2.15323496678359
5517000 -2.05621373225292
5518000 -2.10886602538557
5519000 -2.14469566316814
5520000 -2.06755153664792
5521000 -2.11807481941683
5522000 -2.10671815904334
5523000 -2.09773379461975
5524000 -2.15855934554161
5525000 -2.07827361779745
5526000 -2.11989038948661
5527000 -2.12732829362545
5528000 -2.08887850979803
5529000 -2.13536826658915
5530000 -2.08309163061731
5531000 -2.0885432033698
5532000 -2.13145874864394
5533000 -2.07108891903283
5534000 -2.14350863421577
5535000 -2.11338995094493
5536000 -2.07523664905375
5537000 -2.1395476999916
5538000 -2.10508598632219
5539000 -2.10656685992081
5540000 -2.11515363091584
5541000 -2.07142983730765
5542000 -2.12912751987013
5543000 -2.10949875585787
5544000 -2.0918360635567
5545000 -2.1539067132564
5546000 -2.08652035111349
5547000 -2.12408570038281
5548000 -2.12847476540119
5549000 -2.10462843079124
5550000 -2.15119515348494
5551000 -2.10724881227059
5552000 -2.08414287359274
5553000 -2.15581932145606
5554000 -2.10832350168263
5555000 -2.11680744190445
5556000 -2.11915241289322
5557000 -2.09800581710852
5558000 -2.14568507379916
5559000 -2.11271849043171
5560000 -2.11495106607469
5561000 -2.14713256444918
5562000 -2.1011482711643
5563000 -2.12929055757062
5564000 -2.10923269974373
5565000 -2.0896751956518
5566000 -2.14551006154032
5567000 -2.0811884188784
5568000 -2.1296323224661
5569000 -2.12507868482476
5570000 -2.11383141728907
5571000 -2.14110433889683
5572000 -2.12058799943973
5573000 -2.10127595114653
5574000 -2.15320708674409
5575000 -2.11062368170761
5576000 -2.11928674257228
5577000 -2.13539774717637
5578000 -2.10492989969037
5579000 -2.1319927690786
5580000 -2.1217262224803
5581000 -2.13115384966675
5582000 -2.15247568363309
5583000 -2.11048775352467
5584000 -2.12655739152221
5585000 -2.13151543709353
5586000 -2.11671381724046
5587000 -2.14798946761037
5588000 -2.11278685528312
5589000 -2.10732599166604
5590000 -2.14280156885273
5591000 -2.12144871372762
5592000 -2.1323140214539
5593000 -2.13078142100425
5594000 -2.11946747229428
5595000 -2.16214674939687
5596000 -2.12678089423653
5597000 -2.11545500055527
5598000 -2.13852815843472
5599000 -2.14183927828845
5600000 -2.14492414858955
5601000 -2.13714706422892
5602000 -2.11328204365557
5603000 -2.15843441618651
5604000 -2.12667149173833
5605000 -2.13019020732643
5606000 -2.13762966560502
5607000 -2.10222349824617
5608000 -2.16882637602708
5609000 -2.13017508256118
5610000 -2.12891141652847
5611000 -2.16158524644717
5612000 -2.10923988352296
5613000 -2.13675670362835
5614000 -2.14079965257272
5615000 -2.12926061477879
5616000 -2.15952516818119
5617000 -2.12249700456808
5618000 -2.13897926364709
5619000 -2.166021706371
5620000 -2.12538046911976
5621000 -2.16804572944589
5622000 -2.12262271233701
5623000 -2.13486072675635
5624000 -2.17491078676425
5625000 -2.12651751706581
5626000 -2.12681905149413
5627000 -2.17871852330144
5628000 -2.13431171225387
5629000 -2.16270275380756
5630000 -2.11153344846299
5631000 -2.13930245267922
5632000 -2.19077952519322
5633000 -2.10211995954152
5634000 -2.15521539536817
5635000 -2.1662177407129
5636000 -2.13332527546191
5637000 -2.15337533084595
5638000 -2.14884892113675
5639000 -2.16052185634929
5640000 -2.16171292821956
5641000 -2.11533546894248
5642000 -2.17425999263937
5643000 -2.13432790260002
5644000 -2.1287849923024
5645000 -2.18124093845026
5646000 -2.13585074170691
5647000 -2.16187458082537
5648000 -2.16761414856777
5649000 -2.13970708770143
5650000 -2.18545838619163
5651000 -2.12809590167959
5652000 -2.16030226229212
5653000 -2.18602695132925
5654000 -2.15087755443096
5655000 -2.16408233819673
5656000 -2.17525180222921
5657000 -2.14755630550516
5658000 -2.17416900697322
5659000 -2.13849568893079
5660000 -2.17503897795331
5661000 -2.19860822099039
5662000 -2.14573869706335
5663000 -2.15630103964643
5664000 -2.16066559848806
5665000 -2.16086247343137
5666000 -2.18538716909259
5667000 -2.13867958440523
5668000 -2.15305403319126
5669000 -2.20773918279513
5670000 -2.13143894773058
5671000 -2.21364838002482
5672000 -2.15295545270979
5673000 -2.14159643649794
5674000 -2.19688272111824
5675000 -2.15988271101478
5676000 -2.15151285663128
5677000 -2.19676790653558
5678000 -2.15175597766849
5679000 -2.19184353212019
5680000 -2.16699626321222
5681000 -2.1722588444302
5682000 -2.17705011458325
5683000 -2.12452510610434
5684000 -2.19661376299178
5685000 -2.17591512715833
5686000 -2.14069787067321
5687000 -2.19944916289771
5688000 -2.16014213852769
5689000 -2.1700066612661
5690000 -2.17901022961653
5691000 -2.13510647863411
5692000 -2.17486555739227
5693000 -2.16285506537945
5694000 -2.16267341859351
5695000 -2.18858009658651
5696000 -2.15484967661586
5697000 -2.17218157994211
5698000 -2.16942215084072
5699000 -2.17277003579431
5700000 -2.18510481950311
5701000 -2.16213566137548
5702000 -2.1748534709366
5703000 -2.18887042883914
5704000 -2.15400042468989
5705000 -2.19870801294152
5706000 -2.19061243417451
5707000 -2.16105140554055
5708000 -2.20324316900421
5709000 -2.16764761994968
5710000 -2.18520219957454
5711000 -2.18770208647837
5712000 -2.15781336926141
5713000 -2.17977630880649
5714000 -2.19297650558073
5715000 -2.16007177428227
5716000 -2.19010812394914
5717000 -2.15448896228959
5718000 -2.19131654528637
5719000 -2.20514039569801
5720000 -2.17082806337505
5721000 -2.17759014363632
5722000 -2.21180060102339
5723000 -2.17817433638473
5724000 -2.19929091217261
5725000 -2.17300427224432
5726000 -2.1741387276908
5727000 -2.2149262578225
5728000 -2.17092286266803
5729000 -2.20369272976434
5730000 -2.16647241333837
5731000 -2.18166070864118
5732000 -2.20032395400516
5733000 -2.18244369601409
5734000 -2.15931807977204
5735000 -2.20293320716692
5736000 -2.18918308485438
5737000 -2.19125362485005
5738000 -2.18422534970245
5739000 -2.19417631012461
5740000 -2.20074447395794
5741000 -2.16876554811778
5742000 -2.23026208310335
5743000 -2.19270173660542
5744000 -2.17504960594044
5745000 -2.20715555114906
5746000 -2.19840683314759
5747000 -2.17589204690321
5748000 -2.17404665325681
5749000 -2.20558153311363
5750000 -2.20270674117031
5751000 -2.18927458766167
5752000 -2.18645362311246
5753000 -2.20544744104295
5754000 -2.19519499742112
5755000 -2.20225526113937
5756000 -2.18085299765989
5757000 -2.19099210647913
5758000 -2.20942586548286
5759000 -2.20825875701541
5760000 -2.20828213886141
5761000 -2.18286865128014
5762000 -2.1849553075881
5763000 -2.20825021867436
5764000 -2.20104742918158
5765000 -2.19014063196109
5766000 -2.20165875692021
5767000 -2.19794706979583
5768000 -2.22221791344083
5769000 -2.21609216094735
5770000 -2.18433370117263
5771000 -2.21682232086978
5772000 -2.18562452021729
5773000 -2.20436958938646
5774000 -2.21127675024659
5775000 -2.20235355281806
5776000 -2.20517340025839
5777000 -2.20769882381014
5778000 -2.20341505130721
5779000 -2.20395134938765
5780000 -2.18947757824438
5781000 -2.18762436178588
5782000 -2.22123651809888
5783000 -2.20897306780918
5784000 -2.18938062947732
5785000 -2.20674554183291
5786000 -2.20730109437823
5787000 -2.22504723296031
5788000 -2.20286621897363
5789000 -2.21662018194618
5790000 -2.20934574811032
5791000 -2.2035196112084
5792000 -2.22632078294274
5793000 -2.20429492065222
5794000 -2.21710758281245
5795000 -2.21945428407313
5796000 -2.19741785323738
5797000 -2.22127834001344
5798000 -2.19590358468384
5799000 -2.21919539107809
5800000 -2.22345509494759
5801000 -2.18602109999213
5802000 -2.23253307069313
5803000 -2.2059260611964
5804000 -2.20612049090844
5805000 -2.23456135111619
5806000 -2.21485550644841
5807000 -2.20506144723091
5808000 -2.21560768699996
5809000 -2.22845633974933
5810000 -2.23380507452742
5811000 -2.20538199338241
5812000 -2.21499291340237
5813000 -2.22374597390215
5814000 -2.20284434374125
5815000 -2.22475643710948
5816000 -2.19431992426598
5817000 -2.21254174261898
5818000 -2.22170498197939
5819000 -2.22151499387595
5820000 -2.2293765191437
5821000 -2.21511167159884
5822000 -2.22311858042798
5823000 -2.22836110352545
5824000 -2.22234508499469
5825000 -2.23793919083879
5826000 -2.23711737853395
5827000 -2.20085520708704
5828000 -2.24347286016109
5829000 -2.20819121319397
5830000 -2.2336034296803
5831000 -2.22996409482705
5832000 -2.21955340559777
5833000 -2.2477505636266
5834000 -2.22257778303019
5835000 -2.20625585644169
5836000 -2.24608739976862
5837000 -2.22859065277922
5838000 -2.21608579923507
5839000 -2.22269329769467
5840000 -2.22057578014441
5841000 -2.24754467904456
5842000 -2.23398976524905
5843000 -2.23628282889492
5844000 -2.21782388279981
5845000 -2.20720170711898
5846000 -2.24229310331628
5847000 -2.22703704120743
5848000 -2.23334411128852
5849000 -2.23429529488211
5850000 -2.24048811643204
5851000 -2.23757198170758
5852000 -2.23651998041683
5853000 -2.25113010980822
5854000 -2.23877068786115
5855000 -2.22065019979164
5856000 -2.24373053000813
5857000 -2.23275473290329
5858000 -2.24969894472041
5859000 -2.23052324845954
5860000 -2.20125233593837
5861000 -2.2629732583098
5862000 -2.23815002387122
5863000 -2.25009799944448
5864000 -2.23412654636814
5865000 -2.22573560809642
5866000 -2.24011941041789
5867000 -2.22718866001067
5868000 -2.23646616958062
5869000 -2.257147169347
5870000 -2.21866686258182
5871000 -2.26255322617587
5872000 -2.2303451513195
5873000 -2.22197008902523
5874000 -2.24744387707055
5875000 -2.222217323918
5876000 -2.25910108352413
5877000 -2.26158943094805
5878000 -2.22493355066736
5879000 -2.26725310484188
5880000 -2.23063532960167
5881000 -2.22745170030722
5882000 -2.2532400355147
5883000 -2.23334740113785
5884000 -2.24471130554382
5885000 -2.24700010192212
5886000 -2.25022086702683
5887000 -2.24765341845924
5888000 -2.22741617285315
5889000 -2.24451137667722
5890000 -2.2571230467165
5891000 -2.23180304433853
5892000 -2.24069396355775
5893000 -2.24339159293172
5894000 -2.25784307639255
5895000 -2.2501415455648
5896000 -2.22379304233968
5897000 -2.24676836470425
5898000 -2.23938997997891
5899000 -2.24905408079202
5900000 -2.24350524195805
5901000 -2.25334708417547
5902000 -2.2431597714034
5903000 -2.25979362487948
5904000 -2.2443305491414
5905000 -2.25652845994587
5906000 -2.2329037075949
5907000 -2.25154923876353
5908000 -2.26275678257839
5909000 -2.241203023527
5910000 -2.25826605091406
5911000 -2.24845764244904
5912000 -2.25439767552193
5913000 -2.24364991932249
5914000 -2.27008185193512
5915000 -2.26947450101332
5916000 -2.26601773286949
5917000 -2.22471801564426
5918000 -2.27894170698355
5919000 -2.26479807580543
5920000 -2.24762976769851
5921000 -2.25401502127653
5922000 -2.26075294930092
5923000 -2.26655787996235
5924000 -2.24282818722668
5925000 -2.2660475056327
5926000 -2.25267636991547
5927000 -2.25476358301565
5928000 -2.27436808908351
5929000 -2.25557772613835
5930000 -2.25413094980843
5931000 -2.25799754159957
5932000 -2.26569903817341
5933000 -2.27344869530413
5934000 -2.25850686032092
5935000 -2.25972627678421
5936000 -2.25561263165141
5937000 -2.27127220540197
5938000 -2.28177624590053
5939000 -2.25540968551317
5940000 -2.25519670192905
5941000 -2.24001569261333
5942000 -2.2728309395582
5943000 -2.27037346467351
5944000 -2.2452771212005
5945000 -2.23862460633174
5946000 -2.273091406333
5947000 -2.26149204841487
5948000 -2.28209477333922
5949000 -2.25293897195414
5950000 -2.2887548453925
5951000 -2.28064896959907
5952000 -2.26262095427605
5953000 -2.2697317311807
5954000 -2.25226516723955
5955000 -2.29404825009488
5956000 -2.27549816465876
5957000 -2.26521245859106
5958000 -2.27830189241178
5959000 -2.27794035033847
5960000 -2.29303454409511
5961000 -2.25148170096268
5962000 -2.2741476383679
5963000 -2.3131304804162
5964000 -2.25788343092926
5965000 -2.25654009660398
5966000 -2.28106792096796
5967000 -2.26363817591702
5968000 -2.28253433860681
5969000 -2.22620994336594
5970000 -2.29357763231498
5971000 -2.27294121853481
5972000 -2.27545642441399
5973000 -2.28867811571668
5974000 -2.26198288357041
5975000 -2.30142489185722
5976000 -2.27268271545109
5977000 -2.28146684709931
5978000 -2.28091983249076
5979000 -2.27297133064679
5980000 -2.27252695404067
5981000 -2.30166379062828
5982000 -2.2490008575651
5983000 -2.29506021339573
5984000 -2.28253770061804
5985000 -2.26970979554965
5986000 -2.29461470772269
5987000 -2.25873821100371
5988000 -2.29764867802483
5989000 -2.29083538240807
5990000 -2.27464408303217
5991000 -2.30191545280489
5992000 -2.28537890324781
5993000 -2.26919439478533
5994000 -2.30198593260045
5995000 -2.26660762914745
5996000 -2.31018371634219
5997000 -2.26815702478872
5998000 -2.28991465746731
5999000 -2.30333355730664
6000000 -2.26243864593399
6001000 -2.30660544803601
6002000 -2.29516835733641
6003000 -2.27887643206227
6004000 -2.29059978717606
6005000 -2.30328825859853
6006000 -2.29842183140457
6007000 -2.29899290088198
6008000 -2.27253531336234
6009000 -2.30454809626562
6010000 -2.26938266618836
6011000 -2.30743214638669
6012000 -2.29015396293499
6013000 -2.28209442972909
6014000 -2.30907965780571
6015000 -2.29154151693331
6016000 -2.31034563288421
6017000 -2.30131091886416
6018000 -2.27737956086762
6019000 -2.29987973208354
6020000 -2.28055650879281
6021000 -2.29721370189979
6022000 -2.30691889537558
6023000 -2.27923816442464
6024000 -2.33405893030974
6025000 -2.27903387632802
6026000 -2.30256856212961
6027000 -2.30987438415981
6028000 -2.29260843267078
6029000 -2.29823903004138
6030000 -2.29575045222728
6031000 -2.30545618099723
6032000 -2.30087059087693
6033000 -2.26876103021962
6034000 -2.31327030544505
6035000 -2.30640186466896
6036000 -2.2919057660858
6037000 -2.31886965388302
6038000 -2.29644343066406
6039000 -2.30236269047049
6040000 -2.29740443355401
6041000 -2.3144629854758
6042000 -2.31581838471943
6043000 -2.27912445436225
6044000 -2.31367079659034
6045000 -2.31597741524653
6046000 -2.29053589287322
6047000 -2.31343876045185
6048000 -2.29330441656878
6049000 -2.30129748866852
6050000 -2.31221873529158
6051000 -2.30689967606459
6052000 -2.30627834645054
6053000 -2.30922932623708
6054000 -2.3287569986428
6055000 -2.31729511604861
6056000 -2.2959376518608
6057000 -2.33016978107776
6058000 -2.30144694894812
6059000 -2.31668858747359
6060000 -2.3084682037541
6061000 -2.32163710536061
6062000 -2.31824287979473
6063000 -2.30585011394711
6064000 -2.31397229514652
6065000 -2.32957452023265
6066000 -2.32591874030226
6067000 -2.32226882922701
6068000 -2.29292409039492
6069000 -2.30838679723656
6070000 -2.34630475968346
6071000 -2.29540331156896
6072000 -2.34300786656928
6073000 -2.31347500693003
6074000 -2.31888104784388
6075000 -2.33561661668632
6076000 -2.31390791485018
6077000 -2.33432295679453
6078000 -2.30063868657281
6079000 -2.32179984592774
6080000 -2.34160518526983
6081000 -2.31937283407795
6082000 -2.32271370321737
6083000 -2.32481430537154
6084000 -2.31082738674497
6085000 -2.33554025066164
6086000 -2.31246466444669
6087000 -2.32671066087477
6088000 -2.31875968784504
6089000 -2.31139844360945
6090000 -2.34641991714795
6091000 -2.3118782492125
6092000 -2.32914385207008
6093000 -2.32801277826301
6094000 -2.33596807951883
6095000 -2.33348691282527
6096000 -2.32194845288843
6097000 -2.32444359822876
6098000 -2.34225099457454
6099000 -2.33904860977519
6100000 -2.33909395378705
6101000 -2.30572950238068
6102000 -2.34274565047629
6103000 -2.34209990490425
6104000 -2.32022554358516
6105000 -2.33559590718565
6106000 -2.30616777410392
6107000 -2.35467961852755
6108000 -2.31345977150252
6109000 -2.32864839108639
6110000 -2.34133682289995
6111000 -2.32109825945518
6112000 -2.3490441245998
6113000 -2.34471378867128
6114000 -2.32695164524083
6115000 -2.34232285731972
6116000 -2.32102347450898
6117000 -2.35541894849921
6118000 -2.32997888793886
6119000 -2.34007752599966
6120000 -2.34393959221697
6121000 -2.32984049982201
6122000 -2.35600823356926
6123000 -2.32373472362704
6124000 -2.33165625569446
6125000 -2.35089232866707
6126000 -2.32548356515089
6127000 -2.3662268929952
6128000 -2.31576966621018
6129000 -2.36630370738593
6130000 -2.35161815776783
6131000 -2.3412265656648
6132000 -2.34217759512946
6133000 -2.32411932798047
6134000 -2.36713481339619
6135000 -2.35182495947792
6136000 -2.31357727044742
6137000 -2.36217708413769
6138000 -2.33009962017672
6139000 -2.33226338480353
6140000 -2.35027874930061
6141000 -2.32845108458661
6142000 -2.34689297510251
6143000 -2.33426672004535
6144000 -2.32855691072799
6145000 -2.33812916099204
6146000 -2.36569799351168
6147000 -2.35736955762299
6148000 -2.33096207449966
6149000 -2.35111209572734
6150000 -2.38414940775785
6151000 -2.33902405497996
6152000 -2.33840607422402
6153000 -2.3457084821327
6154000 -2.36699815108685
6155000 -2.3645359479621
6156000 -2.33368537692303
6157000 -2.35800290849313
6158000 -2.35148308060359
6159000 -2.35066524757816
6160000 -2.37058144261141
6161000 -2.33667278458691
6162000 -2.35786911987105
6163000 -2.33611349261357
6164000 -2.35652929068465
6165000 -2.38420022379663
6166000 -2.35356261855542
6167000 -2.36782968254113
6168000 -2.34779949915435
6169000 -2.34817496702769
6170000 -2.38781999729102
6171000 -2.33419967273761
6172000 -2.36607659932363
6173000 -2.34793379154376
6174000 -2.37010684954297
6175000 -2.35271667888382
6176000 -2.34481401473633
6177000 -2.38294979821818
6178000 -2.35649945385331
6179000 -2.3496773488421
6180000 -2.38569309020463
6181000 -2.33158380156081
6182000 -2.37172139266083
6183000 -2.36130798101945
6184000 -2.35499324025177
6185000 -2.36891268845529
6186000 -2.34219624404536
6187000 -2.39144707383299
6188000 -2.3409695752203
6189000 -2.35874728602428
6190000 -2.36956766435322
6191000 -2.34926604919676
6192000 -2.36342395274921
6193000 -2.37221013660171
6194000 -2.37155268363459
6195000 -2.36055182460551
6196000 -2.33591054874756
6197000 -2.39019355132881
6198000 -2.37608871760161
6199000 -2.37202118148438
6200000 -2.3732571413985
6201000 -2.36421743402137
6202000 -2.38613561579656
6203000 -2.37655704362327
6204000 -2.35369640507407
6205000 -2.39801993296531
6206000 -2.3697680038428
6207000 -2.39199094084593
6208000 -2.35775534918085
6209000 -2.38622694639783
6210000 -2.38899306257413
6211000 -2.36210486092411
6212000 -2.38575804386548
6213000 -2.38183379946257
6214000 -2.37144417941311
6215000 -2.3778952146548
6216000 -2.391130516391
6217000 -2.40428934985781
6218000 -2.37829995114163
6219000 -2.36101016780182
6220000 -2.41384360823506
6221000 -2.33420904607024
6222000 -2.41373623307392
6223000 -2.38041820575216
6224000 -2.36443689204805
6225000 -2.38882558229044
6226000 -2.37559565266844
6227000 -2.40096812763184
6228000 -2.39477470057203
6229000 -2.36789716283652
6230000 -2.39273074631385
6231000 -2.35632191278069
6232000 -2.38705920759368
6233000 -2.38591496186003
6234000 -2.37159081679715
6235000 -2.40019385651302
6236000 -2.36637710437433
6237000 -2.3873009265149
6238000 -2.40216125060828
6239000 -2.3741607256008
6240000 -2.40491188878459
6241000 -2.36956867967239
6242000 -2.40039060534443
6243000 -2.38096905698318
6244000 -2.38469712954582
6245000 -2.40434443079067
6246000 -2.37414887874918
6247000 -2.38997471736772
6248000 -2.37764734735366
6249000 -2.38008630554332
6250000 -2.42423047344974
6251000 -2.35777148550883
6252000 -2.41961656354971
6253000 -2.40239485830907
6254000 -2.37482066637427
6255000 -2.41484883591443
6256000 -2.37279932080915
6257000 -2.41817807137596
6258000 -2.39704055026102
6259000 -2.3657702919696
6260000 -2.4196215227802
6261000 -2.39436757424342
6262000 -2.40052588559139
6263000 -2.39676098391883
6264000 -2.36901154572444
6265000 -2.40856967897959
6266000 -2.37477670320294
6267000 -2.40687409263568
6268000 -2.39289275447464
6269000 -2.38114949594744
6270000 -2.42538551744957
6271000 -2.38114583250975
6272000 -2.39768662957179
6273000 -2.40561432561216
6274000 -2.38558273938659
6275000 -2.43114725766243
6276000 -2.37991856870741
6277000 -2.40541731020099
6278000 -2.40994990077477
6279000 -2.40597717799054
6280000 -2.4066567075068
6281000 -2.38527857444423
6282000 -2.40374171440597
6283000 -2.39659586029614
6284000 -2.37618271292942
6285000 -2.42645501652385
6286000 -2.394001820542
6287000 -2.38952782741121
6288000 -2.40845107651659
6289000 -2.41767646577597
6290000 -2.42372393726915
6291000 -2.37980507574967
6292000 -2.42797039803706
6293000 -2.41404851861051
6294000 -2.40218690316651
6295000 -2.41223640567642
6296000 -2.41442111437508
6297000 -2.43032298687789
6298000 -2.41640423689197
6299000 -2.39950740691208
6300000 -2.42643644004415
6301000 -2.38241808753549
6302000 -2.41051633792434
6303000 -2.41584120062068
6304000 -2.40357526242379
6305000 -2.43930079406207
6306000 -2.40927250372184
6307000 -2.42043052344556
6308000 -2.41979272617362
6309000 -2.40535008659827
6310000 -2.42357608439723
6311000 -2.40526033676602
6312000 -2.4209626124119
6313000 -2.4196893210658
6314000 -2.41414181536652
6315000 -2.42077358098383
6316000 -2.38134969420088
6317000 -2.40717353610679
6318000 -2.43288401670382
6319000 -2.40920301681107
6320000 -2.41993699979338
6321000 -2.40058440474505
6322000 -2.45180617183415
6323000 -2.4065008530805
6324000 -2.39525889889798
6325000 -2.43524143030435
6326000 -2.4141212242949
6327000 -2.43837119802757
6328000 -2.41881144334724
6329000 -2.40308412540179
6330000 -2.44425340526421
6331000 -2.40374566971577
6332000 -2.42924638484295
6333000 -2.41228723676095
6334000 -2.41903154199662
6335000 -2.44607579302711
6336000 -2.41632116072664
6337000 -2.43817732876512
6338000 -2.40511078746385
6339000 -2.42846563139467
6340000 -2.44739805967131
6341000 -2.41862176485021
6342000 -2.44442571151443
6343000 -2.41285381131083
6344000 -2.42009865501923
6345000 -2.44303074467862
6346000 -2.42802935978186
6347000 -2.44678826006675
6348000 -2.41104530781931
6349000 -2.43221268938886
6350000 -2.44858759165435
6351000 -2.42191449333394
6352000 -2.44116743522724
6353000 -2.42729307673714
6354000 -2.44985432687885
6355000 -2.42471336848161
6356000 -2.42637818225004
6357000 -2.43997745569814
6358000 -2.42774846930017
6359000 -2.45767797429229
6360000 -2.42124491214528
6361000 -2.42157588380434
6362000 -2.44530855342186
6363000 -2.43874357365304
6364000 -2.44076564907509
6365000 -2.41870330279333
6366000 -2.45545130717524
6367000 -2.46284951155159
6368000 -2.42818430433167
6369000 -2.44799155072467
6370000 -2.45173175356965
6371000 -2.41854277401575
6372000 -2.44761044065712
6373000 -2.43484068885902
6374000 -2.45842453910212
6375000 -2.42914762794879
6376000 -2.42674897272029
6377000 -2.45690732245887
6378000 -2.42827719742523
6379000 -2.44146657473263
6380000 -2.42919185685007
6381000 -2.45821709025237
6382000 -2.43664980903481
6383000 -2.4324887581947
6384000 -2.44675378478959
6385000 -2.41358417384573
6386000 -2.45979532606389
6387000 -2.44666032422931
6388000 -2.43400453850074
6389000 -2.46494330848884
6390000 -2.44085470514168
6391000 -2.46737072414467
6392000 -2.43776567792069
6393000 -2.45948195107428
6394000 -2.4667103296866
6395000 -2.43378807362491
6396000 -2.46314665765829
6397000 -2.45948665104562
6398000 -2.45325566288481
6399000 -2.45258073109507
6400000 -2.4389471929204
6401000 -2.46729369459535
6402000 -2.43024236867361
6403000 -2.46533034782519
6404000 -2.4670068189748
6405000 -2.42600028189451
6406000 -2.46742168012586
6407000 -2.44783126825094
6408000 -2.4558369274383
6409000 -2.47900083396494
6410000 -2.43318648051459
6411000 -2.45941882393582
6412000 -2.44597632148925
6413000 -2.44463036129393
6414000 -2.46771031452525
6415000 -2.43111733159857
6416000 -2.46920845983007
6417000 -2.45060755115213
6418000 -2.45801775968425
6419000 -2.45856228772512
6420000 -2.44532803347771
6421000 -2.46596584828214
6422000 -2.44879692138448
6423000 -2.46546243825995
6424000 -2.47203509718142
6425000 -2.45336432175919
6426000 -2.46707813584109
6427000 -2.46836431645009
6428000 -2.46238386367007
6429000 -2.44684633388083
6430000 -2.44309218328966
6431000 -2.48665375541603
6432000 -2.4533124014968
6433000 -2.45218603518039
6434000 -2.47812319696971
6435000 -2.45187981229209
6436000 -2.49176223466477
6437000 -2.45307154470481
6438000 -2.47157263106528
6439000 -2.48455130283865
6440000 -2.45912638306316
6441000 -2.45775104933133
6442000 -2.46862649470367
6443000 -2.46725677880223
6444000 -2.47035159743917
6445000 -2.46159125075339
6446000 -2.4625025670432
6447000 -2.4615268469522
6448000 -2.46925165711276
6449000 -2.46729291090793
6450000 -2.48273684375966
6451000 -2.46191545812643
6452000 -2.48340998851724
6453000 -2.4717687337829
6454000 -2.4710148528496
6455000 -2.47913386981311
6456000 -2.47865591489663
6457000 -2.46918922527815
6458000 -2.47331483444782
6459000 -2.45759289480224
6460000 -2.48189446949266
6461000 -2.47612791819635
6462000 -2.48207936355727
6463000 -2.48308873978966
6464000 -2.48409224683407
6465000 -2.482256361257
6466000 -2.47899332485902
6467000 -2.48213629561257
6468000 -2.48584678947466
6469000 -2.47977799801099
6470000 -2.4784579979525
6471000 -2.47132214127331
6472000 -2.48132859462042
6473000 -2.46264410432354
6474000 -2.49546585607091
6475000 -2.48352622521134
6476000 -2.49027179910955
6477000 -2.47488634643897
6478000 -2.49642824665544
6479000 -2.48626455460688
6480000 -2.50005314747772
6481000 -2.49334836817086
6482000 -2.48449228353099
6483000 -2.49698259893181
6484000 -2.48007115004293
6485000 -2.50288423317219
6486000 -2.47432160963486
6487000 -2.47247369422155
6488000 -2.49698217556651
6489000 -2.49820216488669
6490000 -2.47207174699301
6491000 -2.48837264064444
6492000 -2.4798887220527
6493000 -2.49390453059946
6494000 -2.49220824124725
6495000 -2.47928510951356
6496000 -2.47734692573943
6497000 -2.48746320914687
6498000 -2.47225784967301
6499000 -2.49075303150074
6500000 -2.49612402016655
6501000 -2.4808572716296
6502000 -2.49668329312758
6503000 -2.48920362339355
6504000 -2.49231449053629
6505000 -2.50351600473257
6506000 -2.48575580080369
6507000 -2.48101649293734
6508000 -2.48882070903709
6509000 -2.5034078161597
6510000 -2.49933796244027
6511000 -2.46832908902888
6512000 -2.50170107390625
6513000 -2.48705159174346
6514000 -2.50739648730458
6515000 -2.47304249465304
6516000 -2.50867435814648
6517000 -2.51112812476988
6518000 -2.48579470008744
6519000 -2.48101049370956
6520000 -2.52140041181604
6521000 -2.48875560810405
6522000 -2.49419995428448
6523000 -2.50081543005289
6524000 -2.52459417839771
6525000 -2.48193967925015
6526000 -2.51417617338047
6527000 -2.48612879010027
6528000 -2.47551932946661
6529000 -2.51896385838487
6530000 -2.50503064720557
6531000 -2.49536281988981
6532000 -2.50323336800769
6533000 -2.49615135207716
6534000 -2.51018761531994
6535000 -2.50253083564183
6536000 -2.50684945627242
6537000 -2.50698806327494
6538000 -2.50805771116632
6539000 -2.50117308420155
6540000 -2.50831324148808
6541000 -2.52199606037689
6542000 -2.49793200656637
6543000 -2.49963924691096
6544000 -2.51475958813143
6545000 -2.50489479271773
6546000 -2.51627335495116
6547000 -2.50072662210296
6548000 -2.51106632353934
6549000 -2.51829319765481
6550000 -2.4934569025943
6551000 -2.50685628569439
6552000 -2.5062819767073
6553000 -2.50945193815517
6554000 -2.50035852148026
6555000 -2.51078340049481
6556000 -2.51219384814966
6557000 -2.53167267404444
6558000 -2.49109844256504
6559000 -2.51551127760378
6560000 -2.50136854495228
6561000 -2.51416549459012
6562000 -2.49857846663366
6563000 -2.51830409709378
6564000 -2.54761236573545
6565000 -2.48127226321832
6566000 -2.52698910638184
6567000 -2.51244238514918
6568000 -2.51521784862746
6569000 -2.53155882816751
6570000 -2.50603804095909
6571000 -2.51054722119238
6572000 -2.51788986480548
6573000 -2.513460670875
6574000 -2.51670651297887
6575000 -2.5045021744633
6576000 -2.5279213043388
6577000 -2.52046567223943
6578000 -2.51948217401628
6579000 -2.54132801322904
6580000 -2.49318877512272
6581000 -2.52413359204778
6582000 -2.51031318485755
6583000 -2.51920832678529
6584000 -2.53487591732865
6585000 -2.51645275560391
6586000 -2.52172000961439
6587000 -2.52772306293832
6588000 -2.50093344980386
6589000 -2.54749024376445
6590000 -2.49562689746538
6591000 -2.53561712851929
6592000 -2.50340389739962
6593000 -2.51038333890618
6594000 -2.52218924708879
6595000 -2.51622652336387
6596000 -2.52041015939328
6597000 -2.51425641452139
6598000 -2.54102218520396
6599000 -2.52238685457944
6600000 -2.49891163890251
6601000 -2.54574373035907
6602000 -2.51659873542163
6603000 -2.53512592613907
6604000 -2.51289397829842
6605000 -2.52946806241169
6606000 -2.52601924750083
6607000 -2.53925925225582
6608000 -2.55944045625269
6609000 -2.53690109706646
6610000 -2.52966125954177
6611000 -2.52948596961579
6612000 -2.52899394964054
6613000 -2.5499214910288
6614000 -2.53591673700376
6615000 -2.5282116395041
6616000 -2.51980988729675
6617000 -2.52437348178778
6618000 -2.55969103123646
6619000 -2.50322718248027
6620000 -2.56634825234951
6621000 -2.52609713709015
6622000 -2.53465340911031
6623000 -2.53274636516196
6624000 -2.54494328949389
6625000 -2.53421336373763
6626000 -2.53361705116271
6627000 -2.5470183896982
6628000 -2.54775704840618
6629000 -2.52657046874377
6630000 -2.56996366847711
6631000 -2.54011787324685
6632000 -2.5288117536997
6633000 -2.55522214369314
6634000 -2.54418085632451
6635000 -2.54986975412162
6636000 -2.5116856142263
6637000 -2.54687881092626
6638000 -2.55722429103953
6639000 -2.52610107965506
6640000 -2.54951681149013
6641000 -2.51918396787811
6642000 -2.54665353838631
6643000 -2.5348599044614
6644000 -2.55076711915994
6645000 -2.55884657606514
6646000 -2.52797967880669
6647000 -2.56415834437699
6648000 -2.53627348349121
6649000 -2.5249064603311
6650000 -2.56869796383454
6651000 -2.52219017013378
6652000 -2.58679340109604
6653000 -2.50831105090585
6654000 -2.55205819417646
6655000 -2.57368693010579
6656000 -2.52537099943676
6657000 -2.5831545308451
6658000 -2.53278623223038
6659000 -2.55916791175945
6660000 -2.57084504004495
6661000 -2.53989067050836
6662000 -2.55687331782744
6663000 -2.52901597969307
6664000 -2.56144925741947
6665000 -2.53945798713937
6666000 -2.55504758982331
6667000 -2.57682173172167
6668000 -2.53435464691489
6669000 -2.55666644207901
6670000 -2.54081473209912
6671000 -2.55053774723904
6672000 -2.59173660218103
6673000 -2.50973870675775
6674000 -2.56747523647645
6675000 -2.55258164089598
6676000 -2.5696350969669
6677000 -2.56223645465001
6678000 -2.55300672919623
6679000 -2.56565284736571
6680000 -2.56490205486302
6681000 -2.53519525289582
6682000 -2.57702997695325
6683000 -2.54837108719387
6684000 -2.57951224526545
6685000 -2.55404504175785
6686000 -2.56471226912524
6687000 -2.57436836069594
6688000 -2.54604865606031
6689000 -2.58660831537726
6690000 -2.53226695675743
6691000 -2.580610117022
6692000 -2.58015898714606
6693000 -2.54251251552299
6694000 -2.57448208983958
6695000 -2.55187619970729
6696000 -2.57340291006044
6697000 -2.56884396624201
6698000 -2.54508769955565
6699000 -2.56188376236325
6700000 -2.55247862253626
6701000 -2.59051648489078
6702000 -2.56080292507557
6703000 -2.56421127662074
6704000 -2.59425549397651
6705000 -2.54403637234439
6706000 -2.5762061711405
6707000 -2.55960757961936
6708000 -2.5695933999941
6709000 -2.60353806580673
6710000 -2.53707602983498
6711000 -2.56575828370923
6712000 -2.56059181654957
6713000 -2.56693099086447
6714000 -2.56675198375638
6715000 -2.57179818609625
6716000 -2.57246445087653
6717000 -2.5571471723094
6718000 -2.56332656104408
6719000 -2.57009021190422
6720000 -2.58465508651752
6721000 -2.57742814869002
6722000 -2.57318512378091
6723000 -2.58590085378359
6724000 -2.56572064652181
6725000 -2.56439859071282
6726000 -2.60459279080953
6727000 -2.5468613226668
6728000 -2.58622745915474
6729000 -2.56521460816987
6730000 -2.61190083862048
6731000 -2.56990938244254
6732000 -2.5767655527628
6733000 -2.56700975909315
6734000 -2.59245474755185
6735000 -2.57786057271986
6736000 -2.57458288370819
6737000 -2.58006306652995
6738000 -2.55800086310467
6739000 -2.59952419662099
6740000 -2.57485560370882
6741000 -2.60466290532716
6742000 -2.56898341600355
6743000 -2.58304476569439
6744000 -2.55971810914505
6745000 -2.59194824832547
6746000 -2.58958686446675
6747000 -2.58442414129299
6748000 -2.56904315700647
6749000 -2.57548210645135
6750000 -2.61332128009296
6751000 -2.56479344254961
6752000 -2.59424548734199
6753000 -2.56920076051075
6754000 -2.58942049831122
6755000 -2.58854654404997
6756000 -2.58781504824392
6757000 -2.59155209536874
6758000 -2.6152379648522
6759000 -2.58184692679863
6760000 -2.59430264001959
6761000 -2.58562895753951
6762000 -2.60197095986068
6763000 -2.60362480747635
6764000 -2.57071197182703
6765000 -2.60244777688431
6766000 -2.58944774614261
6767000 -2.59218314990383
6768000 -2.5955094730126
6769000 -2.58816173851161
6770000 -2.59615853548774
6771000 -2.59289293881145
6772000 -2.59882433527586
6773000 -2.60662762094673
6774000 -2.56950573355451
6775000 -2.61379497966526
6776000 -2.59713157426457
6777000 -2.57688129356946
6778000 -2.5942858364187
6779000 -2.59623980215428
6780000 -2.61198613127168
6781000 -2.58380934361409
6782000 -2.64095281508223
6783000 -2.57268793331667
6784000 -2.61439088209734
6785000 -2.61493434321164
6786000 -2.60034240353224
6787000 -2.61364823142975
6788000 -2.58458737698593
6789000 -2.61865316449171
6790000 -2.59974587561629
6791000 -2.61466992625748
6792000 -2.6130474007788
6793000 -2.58413018620634
6794000 -2.62045846386313
6795000 -2.59200236262051
6796000 -2.61027492992491
6797000 -2.61244361613478
6798000 -2.58165282076655
6799000 -2.6255099331519
6800000 -2.57656374746534
6801000 -2.62897998542227
6802000 -2.59532175159562
6803000 -2.59442399569415
6804000 -2.63856690360719
6805000 -2.59187085194142
6806000 -2.61820319872479
6807000 -2.57907011759683
6808000 -2.60279890755881
6809000 -2.6212589007828
6810000 -2.6076241143437
6811000 -2.61552161839907
6812000 -2.6023320713342
6813000 -2.62213994386256
6814000 -2.61377339523329
6815000 -2.58512839976528
6816000 -2.62986596379247
6817000 -2.60587915445733
6818000 -2.62195702326346
6819000 -2.60490089123859
6820000 -2.58646723419245
6821000 -2.6332621770665
6822000 -2.59538372349872
6823000 -2.63946194584101
6824000 -2.59287286021257
6825000 -2.62093807720859
6826000 -2.60751892506469
6827000 -2.62644195068375
6828000 -2.63649375879406
6829000 -2.59759780595252
6830000 -2.62917023011074
6831000 -2.61898849843088
6832000 -2.61242016513733
6833000 -2.62801043631559
6834000 -2.61838979781892
6835000 -2.61836456945455
6836000 -2.60366729971508
6837000 -2.6248776771916
6838000 -2.63494677270914
6839000 -2.598845276582
6840000 -2.64478363743165
6841000 -2.58469309011751
6842000 -2.64417240836297
6843000 -2.63343858407077
6844000 -2.6291086132483
6845000 -2.62086716743945
6846000 -2.5948038241447
6847000 -2.62944098523368
6848000 -2.62529349683482
6849000 -2.64290035965928
6850000 -2.61771469579144
6851000 -2.60307531106679
6852000 -2.6408409996238
6853000 -2.62997521915352
6854000 -2.64884030489312
6855000 -2.61513894399677
6856000 -2.60923643176291
6857000 -2.64894186073154
6858000 -2.61896273243402
6859000 -2.64158004459183
6860000 -2.60381386452838
6861000 -2.64065206582599
6862000 -2.64600084483075
6863000 -2.61712256874059
6864000 -2.63078176634139
6865000 -2.62466538230438
6866000 -2.64392563962161
6867000 -2.63007896765607
6868000 -2.62490299210263
6869000 -2.61972053694713
6870000 -2.6174874307609
6871000 -2.64695599853023
6872000 -2.63184130348452
6873000 -2.61298526431731
6874000 -2.62805789013849
6875000 -2.64576726387923
6876000 -2.6415967260623
6877000 -2.6422330145268
6878000 -2.63209559502053
6879000 -2.60741732671565
6880000 -2.66263460089035
6881000 -2.63873456675456
6882000 -2.64948558237148
6883000 -2.63040638348849
6884000 -2.65022295816508
6885000 -2.63833726096569
6886000 -2.63584412815116
6887000 -2.65081675374019
6888000 -2.64816425806249
6889000 -2.63446059770629
6890000 -2.63336854811359
6891000 -2.66217625173427
6892000 -2.65299873012763
6893000 -2.62747664277427
6894000 -2.66764636414892
6895000 -2.63010660002794
6896000 -2.66945050754327
6897000 -2.63969434066685
6898000 -2.66035780621873
6899000 -2.66308043201114
6900000 -2.6371240150003
6901000 -2.67178157271383
6902000 -2.6159362099986
6903000 -2.67139463179064
6904000 -2.64032551996087
6905000 -2.6343431262148
6906000 -2.66629026661421
6907000 -2.62223416991876
6908000 -2.6813913856854
6909000 -2.63261614263337
6910000 -2.6429348136238
6911000 -2.65212388327062
6912000 -2.63286197179138
6913000 -2.70733476436909
6914000 -2.6180858086017
6915000 -2.66102273056582
6916000 -2.65504772988107
6917000 -2.64426924852421
6918000 -2.68163107659351
6919000 -2.64280711608961
6920000 -2.67537532992111
6921000 -2.64922143928008
6922000 -2.66024520875467
6923000 -2.66781315705139
6924000 -2.61798433343529
6925000 -2.676629279702
6926000 -2.62739503708625
6927000 -2.68377294422922
6928000 -2.63973017600253
6929000 -2.64983125724928
6930000 -2.66753499401106
6931000 -2.65268647973905
6932000 -2.67727134310732
6933000 -2.65402603714811
6934000 -2.67674369227358
6935000 -2.65627905615299
6936000 -2.65339376722302
6937000 -2.68718691774145
6938000 -2.62591914022777
6939000 -2.70350523493615
6940000 -2.63043754317025
6941000 -2.6725825178029
6942000 -2.66740157592418
6943000 -2.65403028805341
6944000 -2.68241120597763
6945000 -2.6454240002256
6946000 -2.70276976647715
6947000 -2.64231126732799
6948000 -2.68955549057105
6949000 -2.66814010368657
6950000 -2.65447213549092
6951000 -2.67168858970487
6952000 -2.62970942662618
6953000 -2.70075311689107
6954000 -2.64042589340612
6955000 -2.67254016329856
6956000 -2.69320579961498
6957000 -2.64608838910671
6958000 -2.69569823833897
6959000 -2.64893536714644
6960000 -2.70559969845465
6961000 -2.66648190812326
6962000 -2.67262090781627
6963000 -2.67674825925987
6964000 -2.66640370624643
6965000 -2.70053007243583
6966000 -2.6456395333373
6967000 -2.70389231779582
6968000 -2.65844570614446
6969000 -2.67428260239327
6970000 -2.70630697661706
6971000 -2.62869130460592
6972000 -2.70724251031605
6973000 -2.64658648184866
6974000 -2.70315262621795
6975000 -2.6747118910742
6976000 -2.68189325693281
6977000 -2.69276223634139
6978000 -2.64300403100029
6979000 -2.70867945348169
6980000 -2.64135605660317
6981000 -2.69470986698962
6982000 -2.69011119850651
6983000 -2.67122922150902
6984000 -2.68651976292215
6985000 -2.66751784501247
6986000 -2.69261720441844
6987000 -2.66115986037159
6988000 -2.67190586513211
6989000 -2.68316965640437
6990000 -2.66778529059507
6991000 -2.71491504910361
6992000 -2.65285926195874
6993000 -2.71640495170402
6994000 -2.64994539986288
6995000 -2.69533637881925
6996000 -2.69577067954398
6997000 -2.67258937808492
6998000 -2.7121593693007
6999000 -2.67425155337959
7000000 -2.70273811525296
7001000 -2.69304917399129
7002000 -2.67984820996911
7003000 -2.708700827721
7004000 -2.65984024764727
7005000 -2.70925355813692
7006000 -2.65289381323334
7007000 -2.69450922162276
7008000 -2.69713166755784
7009000 -2.67320867579223
7010000 -2.70471071987153
7011000 -2.68490218327208
7012000 -2.71179818869359
7013000 -2.66313693867668
7014000 -2.691462735459
7015000 -2.70867582677762
7016000 -2.6958946425801
7017000 -2.72193527778412
7018000 -2.66749889619739
7019000 -2.69562758307467
7020000 -2.70426238421188
7021000 -2.69085450639471
7022000 -2.68482478062817
7023000 -2.67551040937362
7024000 -2.71382957666768
7025000 -2.67214405622303
7026000 -2.7219823939645
7027000 -2.70165875860248
7028000 -2.7009328655045
7029000 -2.70032405904232
7030000 -2.67862279661139
7031000 -2.71440714997007
7032000 -2.68876373163066
7033000 -2.70405962662915
7034000 -2.70558823754253
7035000 -2.69885649660448
7036000 -2.73314293020858
7037000 -2.68511393729888
7038000 -2.70579536678064
7039000 -2.69016451058538
7040000 -2.71208832550755
7041000 -2.69383555056065
7042000 -2.70208632024636
7043000 -2.72160580864765
7044000 -2.69729958901095
7045000 -2.73278219262205
7046000 -2.70519218195436
7047000 -2.70358565449554
7048000 -2.72172659043018
7049000 -2.6982834925892
7050000 -2.71108456003078
7051000 -2.69950040129729
7052000 -2.71469514757746
7053000 -2.70894286081064
7054000 -2.70958721970749
7055000 -2.69762524750088
7056000 -2.68846364115333
7057000 -2.72891897423516
7058000 -2.70536997079568
7059000 -2.69816519169811
7060000 -2.72307956878587
7061000 -2.71005752804738
7062000 -2.71614837428896
7063000 -2.69616912931526
7064000 -2.70438221413905
7065000 -2.73159021073918
7066000 -2.70855294458329
7067000 -2.70748116043849
7068000 -2.71390435072595
7069000 -2.71498986469744
7070000 -2.70359403161693
7071000 -2.72300031074524
7072000 -2.72162363876245
7073000 -2.71694845319765
7074000 -2.7063007453417
7075000 -2.71566750005136
7076000 -2.72240010848641
7077000 -2.71790855534593
7078000 -2.70580388075354
7079000 -2.73022515470872
7080000 -2.72382660788811
7081000 -2.73645220693209
7082000 -2.70671162654266
7083000 -2.71476989577465
7084000 -2.73977444345247
7085000 -2.71439089486031
7086000 -2.72250964221984
7087000 -2.71379348747821
7088000 -2.73693143855739
7089000 -2.72047406908511
7090000 -2.73067350666034
7091000 -2.72685550468149
7092000 -2.70858475053373
7093000 -2.74644011234317
7094000 -2.72606788529798
7095000 -2.72783223208373
7096000 -2.70891216735032
7097000 -2.73641669916562
7098000 -2.73674452914053
7099000 -2.71489641775862
7100000 -2.73117467780342
7101000 -2.73157357431156
7102000 -2.74161156037623
7103000 -2.731674459483
7104000 -2.70934976568658
7105000 -2.76108421105555
7106000 -2.71172617626497
7107000 -2.73743598501338
7108000 -2.7424504848749
7109000 -2.74404433876996
7110000 -2.74473948051
7111000 -2.70478148145063
7112000 -2.75824454020487
7113000 -2.72047365877051
7114000 -2.74828612481958
7115000 -2.71833934167038
7116000 -2.73800655799215
7117000 -2.74125140121338
7118000 -2.73691856016916
7119000 -2.74336608747485
7120000 -2.71292976991117
7121000 -2.74200362638065
7122000 -2.74186030674043
7123000 -2.73000317458841
7124000 -2.73697353736847
7125000 -2.72316042543835
7126000 -2.74997504514443
7127000 -2.7218734072646
7128000 -2.75559481239084
7129000 -2.75160836585279
7130000 -2.72500175110845
7131000 -2.73855237544775
7132000 -2.74951771901534
7133000 -2.74691450245116
7134000 -2.74824081105389
7135000 -2.72679286135199
7136000 -2.75977580427537
7137000 -2.73762500988597
7138000 -2.74501124121022
7139000 -2.72771543598457
7140000 -2.74669947735859
7141000 -2.73355720719399
7142000 -2.75636641622225
7143000 -2.74388594641847
7144000 -2.72110684500079
7145000 -2.76741817109912
7146000 -2.74931733291017
7147000 -2.73354671893235
7148000 -2.75522690031847
7149000 -2.75112153447966
7150000 -2.75423499725009
7151000 -2.73693485886394
7152000 -2.76461506318822
7153000 -2.71546703175625
7154000 -2.7585409218784
7155000 -2.74100405939286
7156000 -2.74593760709327
7157000 -2.76169913525172
7158000 -2.73409880305021
7159000 -2.76385882408399
7160000 -2.74383889211085
7161000 -2.76375337943346
7162000 -2.73441239362758
7163000 -2.71829957557565
7164000 -2.76593229665089
7165000 -2.72585686383258
7166000 -2.74848414382378
7167000 -2.72078952268047
7168000 -2.76035565201232
7169000 -2.76947705361105
7170000 -2.73608909808941
7171000 -2.77835001394117
7172000 -2.72474545703257
7173000 -2.78223124178828
7174000 -2.71852006589992
7175000 -2.75988390417499
7176000 -2.75313134028431
7177000 -2.75807781743108
7178000 -2.76063766951075
7179000 -2.72903556905833
7180000 -2.79141371271089
7181000 -2.73614574209158
7182000 -2.76185189280264
7183000 -2.76397412948801
7184000 -2.77573373324735
7185000 -2.79491684826209
7186000 -2.72720196024178
7187000 -2.77428951945444
7188000 -2.73896155055405
7189000 -2.77370247706961
7190000 -2.79230396872126
7191000 -2.7280170721533
7192000 -2.81791942911156
7193000 -2.73205206368091
7194000 -2.79600917484709
7195000 -2.71355087644823
7196000 -2.78930174779429
7197000 -2.77713448642915
7198000 -2.74354276922016
7199000 -2.75863582140648
7200000 -2.74988228601223
7201000 -2.79323307915261
7202000 -2.7373499514268
7203000 -2.7619374439773
7204000 -2.78209738966554
7205000 -2.74230337358796
7206000 -2.79675046327051
7207000 -2.7357051413361
7208000 -2.81202649809081
7209000 -2.74831258243594
7210000 -2.7724796499055
7211000 -2.77262494370372
7212000 -2.76502284299403
7213000 -2.80876082798894
7214000 -2.7214988808857
7215000 -2.7955082919074
7216000 -2.76120267499338
7217000 -2.78772750796585
7218000 -2.75746612291456
7219000 -2.7416995202658
7220000 -2.82213934932463
7221000 -2.73097821313386
7222000 -2.80246439611779
7223000 -2.7396070983821
7224000 -2.79762072751143
7225000 -2.77540889302205
7226000 -2.74987717942735
7227000 -2.80448037553856
7228000 -2.73850560172036
7229000 -2.81140947089431
7230000 -2.75912642564957
7231000 -2.771141509359
7232000 -2.7832339157045
7233000 -2.75776333176043
7234000 -2.81354858164065
7235000 -2.7323508262275
7236000 -2.81832302001961
7237000 -2.73336470303112
7238000 -2.82336122058638
7239000 -2.78786237081706
7240000 -2.73327734535967
7241000 -2.83466285029529
7242000 -2.72695516437345
7243000 -2.83416831811785
7244000 -2.75213994729944
7245000 -2.80622742209726
7246000 -2.78479849044608
7247000 -2.75364522293278
7248000 -2.82600620545732
7249000 -2.7389042776592
7250000 -2.83658225222871
7251000 -2.74230617230047
7252000 -2.79412123918103
7253000 -2.78254043211807
7254000 -2.77568192048813
7255000 -2.82422208275814
7256000 -2.72120444492949
7257000 -2.84336166318264
7258000 -2.7415143053511
7259000 -2.83407833291495
7260000 -2.79140446140256
7261000 -2.77811908949154
7262000 -2.8148732573552
7263000 -2.73279002543438
7264000 -2.84110100338528
7265000 -2.73624570703551
7266000 -2.82929260615875
7267000 -2.76289467425713
7268000 -2.78765413525047
7269000 -2.82259517254172
7270000 -2.77461736200657
7271000 -2.82313665943224
7272000 -2.76307925360645
7273000 -2.81830328420984
7274000 -2.79910344672638
7275000 -2.76242856247424
7276000 -2.82809611980306
7277000 -2.7584799220025
7278000 -2.83930201594996
7279000 -2.75388592062229
7280000 -2.8279371348529
7281000 -2.78567745595242
7282000 -2.79046010656315
7283000 -2.82338867632987
7284000 -2.74505233601674
7285000 -2.85861543161374
7286000 -2.7705329829031
7287000 -2.83817947892278
7288000 -2.76687976486071
7289000 -2.80913002974073
7290000 -2.81399032693849
7291000 -2.77622497688607
7292000 -2.81807506338703
7293000 -2.7756880939374
7294000 -2.82241639648702
7295000 -2.79337586646656
7296000 -2.7966296247429
7297000 -2.82604504856318
7298000 -2.7771303641866
7299000 -2.8372081750774
7300000 -2.76175309263382
7301000 -2.80944911039573
7302000 -2.80296608789312
7303000 -2.81144694185566
7304000 -2.7951066595632
7305000 -2.78524255854973
7306000 -2.84129467576976
7307000 -2.78201471368357
7308000 -2.83417730705936
7309000 -2.79874890939235
7310000 -2.8122070493961
7311000 -2.83387317176112
7312000 -2.7809610622802
7313000 -2.84339559774305
7314000 -2.78135703931578
7315000 -2.84783368242023
7316000 -2.78861209529831
7317000 -2.78650002897271
7318000 -2.84038284166435
7319000 -2.78977984786047
7320000 -2.86021968335467
7321000 -2.77231599719996
7322000 -2.83480391195393
7323000 -2.8134197092393
7324000 -2.83491415842925
7325000 -2.81000028840365
7326000 -2.79543100170905
7327000 -2.84529890645538
7328000 -2.79167087039905
7329000 -2.842393771315
7330000 -2.80056009163063
7331000 -2.80790385772869
7332000 -2.84423610086444
7333000 -2.79284729129745
7334000 -2.86254109938671
7335000 -2.78716512844644
7336000 -2.84197266267123
7337000 -2.81394806835903
7338000 -2.84857884876073
7339000 -2.82190936167489
7340000 -2.80549696125049
7341000 -2.85605438076547
7342000 -2.80099255093895
7343000 -2.84032117029561
7344000 -2.79748393643692
7345000 -2.86165821967596
7346000 -2.8140453492064
7347000 -2.80080677040586
7348000 -2.88584693540794
7349000 -2.80957755179569
7350000 -2.82437706915482
7351000 -2.82404742696698
7352000 -2.84448080325113
7353000 -2.82640061533093
7354000 -2.83982876399015
7355000 -2.84872429972536
7356000 -2.80571869303452
7357000 -2.85695061943244
7358000 -2.80735224412622
7359000 -2.84562755505132
7360000 -2.84884477037939
7361000 -2.8350758862436
7362000 -2.83752745604874
7363000 -2.80907414744844
7364000 -2.86526548511271
7365000 -2.83009866333947
7366000 -2.82844195184988
7367000 -2.84136439653441
7368000 -2.80077635520505
7369000 -2.86272982281731
7370000 -2.81022392746428
7371000 -2.85190088921057
7372000 -2.80402432485532
7373000 -2.83715349109265
7374000 -2.83432741542433
7375000 -2.83112488839928
7376000 -2.86277783872507
7377000 -2.8204041219115
7378000 -2.83563782862787
7379000 -2.83291628289697
7380000 -2.83546948829536
7381000 -2.81328263741577
7382000 -2.82617772816245
7383000 -2.83351345484958
7384000 -2.84316351152195
7385000 -2.84189875302414
7386000 -2.83408961249386
7387000 -2.83573360229497
7388000 -2.83636382255118
7389000 -2.83419993187518
7390000 -2.87690654249518
7391000 -2.80723250565661
7392000 -2.85711389639928
7393000 -2.83245948992606
7394000 -2.85263775759793
7395000 -2.85057982439939
7396000 -2.82402477305553
7397000 -2.88245777769913
7398000 -2.83254420488667
7399000 -2.87241529577099
7400000 -2.83561324993843
7401000 -2.85940274347146
7402000 -2.85556060042228
7403000 -2.85658459539958
7404000 -2.85078875574137
7405000 -2.83045491138128
7406000 -2.86041784174831
7407000 -2.82977174022754
7408000 -2.87403912481822
7409000 -2.86374852953277
7410000 -2.84556615870093
7411000 -2.843536007087
7412000 -2.84846796437812
7413000 -2.85764423385567
7414000 -2.85085939131436
7415000 -2.82952351899855
7416000 -2.87177284853617
7417000 -2.83651807185508
7418000 -2.85483453203409
7419000 -2.84530624813242
7420000 -2.85010237418684
7421000 -2.8611342754518
7422000 -2.82787224190228
7423000 -2.8742907931021
7424000 -2.83729886775039
7425000 -2.87922146231764
7426000 -2.83922488415962
7427000 -2.85226518985593
7428000 -2.86660911374687
7429000 -2.87632811023551
7430000 -2.87122998781494
7431000 -2.82259661251123
7432000 -2.88095913526913
7433000 -2.84505286180009
7434000 -2.8682842205897
7435000 -2.85950079843072
7436000 -2.84356142931652
7437000 -2.86124927195118
7438000 -2.841804822156
7439000 -2.89224770905651
7440000 -2.82665238330033
7441000 -2.89758561409722
7442000 -2.83567947398738
7443000 -2.86821733296624
7444000 -2.88887772360675
7445000 -2.82837910216798
7446000 -2.88375900929913
7447000 -2.84019015697121
7448000 -2.8672483974317
7449000 -2.86990498395004
7450000 -2.85428967890584
7451000 -2.87769088850643
7452000 -2.85344144133959
7453000 -2.87762082483277
7454000 -2.86228657041844
7455000 -2.85084484914096
7456000 -2.8681475289974
7457000 -2.87074613237788
7458000 -2.88696014221861
7459000 -2.81997477051132
7460000 -2.90793282916296
7461000 -2.84326796091292
7462000 -2.90814612820798
7463000 -2.82473898491351
7464000 -2.89284156912006
7465000 -2.88423125023601
7466000 -2.84211300275207
7467000 -2.89041292947371
7468000 -2.85796319633038
7469000 -2.8969759832948
7470000 -2.84636749571082
7471000 -2.8800233767986
7472000 -2.86190340160668
7473000 -2.87794516099184
7474000 -2.88768714310013
7475000 -2.84917783860069
7476000 -2.89664459394081
7477000 -2.8722201715029
7478000 -2.88233733650944
7479000 -2.87302598133188
7480000 -2.89103674533699
7481000 -2.85788789518666
7482000 -2.8580859626158
7483000 -2.89676078518117
7484000 -2.86858817092755
7485000 -2.88753653948606
7486000 -2.86732764771583
7487000 -2.87767447263746
7488000 -2.90350414629773
7489000 -2.86208637794646
7490000 -2.90076863299947
7491000 -2.88962049468259
7492000 -2.91449604265264
7493000 -2.88231369991855
7494000 -2.87495489098188
7495000 -2.88222069995942
7496000 -2.88821342284664
7497000 -2.9136392710973
7498000 -2.86604475501457
7499000 -2.93244855056063
7500000 -2.84976443554815
7501000 -2.91601817746124
7502000 -2.86256448211041
7503000 -2.90890085305004
7504000 -2.87687291455221
7505000 -2.89886504458022
7506000 -2.90406689873524
7507000 -2.86207753521036
7508000 -2.90387621417657
7509000 -2.87733952470484
7510000 -2.89811079715939
7511000 -2.86748441461659
7512000 -2.90720056660387
7513000 -2.89007423478925
7514000 -2.89432444872648
7515000 -2.89359152309446
7516000 -2.86106245385173
7517000 -2.88520267196547
7518000 -2.87717732146301
7519000 -2.88138038117505
7520000 -2.90330582510547
7521000 -2.90743487502024
7522000 -2.8969906333247
7523000 -2.87845933220942
7524000 -2.89683415782536
7525000 -2.92928796859878
7526000 -2.85639824286653
7527000 -2.91404645203655
7528000 -2.85869128894725
7529000 -2.92201112511808
7530000 -2.88586022911489
7531000 -2.9013258061102
7532000 -2.8997014462704
7533000 -2.87173403069102
7534000 -2.93252589440744
7535000 -2.85093542242016
7536000 -2.93026923946393
7537000 -2.8690853366197
7538000 -2.90822869466808
7539000 -2.89730750261918
7540000 -2.91287333749944
7541000 -2.90290477400962
7542000 -2.88156435564987
7543000 -2.92434673946328
7544000 -2.8914203069296
7545000 -2.87785911083397
7546000 -2.90953563866124
7547000 -2.9088510721697
7548000 -2.92208832153464
7549000 -2.87998786805895
7550000 -2.91859004481713
7551000 -2.91017098169284
7552000 -2.87990791173919
7553000 -2.9296215507939
7554000 -2.90913534896293
7555000 -2.90776125706021
7556000 -2.88897644741965
7557000 -2.9225904607603
7558000 -2.91480407398314
7559000 -2.90685946948991
7560000 -2.92251288333856
7561000 -2.90166023754521
7562000 -2.90749337314101
7563000 -2.89740933080192
7564000 -2.92791110782492
7565000 -2.88901852753293
7566000 -2.95214892073959
7567000 -2.91414686731187
7568000 -2.90686837070806
7569000 -2.91150354033103
7570000 -2.91356374663161
7571000 -2.91119586172707
7572000 -2.89560920971413
7573000 -2.94150251635968
7574000 -2.91398917172083
7575000 -2.90294009666764
7576000 -2.90142064506474
7577000 -2.94859346823839
7578000 -2.90473133628737
7579000 -2.89978630733788
7580000 -2.92044300046977
7581000 -2.92768701721186
7582000 -2.92777532629854
7583000 -2.8984818099609
7584000 -2.89396021440433
7585000 -2.92857254115334
7586000 -2.91671398137203
7587000 -2.90162051790648
7588000 -2.93062392249612
7589000 -2.91494299485866
7590000 -2.91883778590745
7591000 -2.92307678752943
7592000 -2.91516595189204
7593000 -2.91257246288194
7594000 -2.92178108087203
7595000 -2.92613303687362
7596000 -2.92057404459964
7597000 -2.90598763113715
7598000 -2.92753481868457
7599000 -2.94814813857231
7600000 -2.92417625786045
7601000 -2.91784476238102
7602000 -2.91502351863751
7603000 -2.92518004887284
7604000 -2.92297004453125
7605000 -2.92010221787157
7606000 -2.92356700227242
7607000 -2.9277851496938
7608000 -2.93338211729285
7609000 -2.91045531803093
7610000 -2.93533497474477
7611000 -2.90515371944827
7612000 -2.92976709993388
7613000 -2.91279336645747
7614000 -2.93415503191696
7615000 -2.94108289368229
7616000 -2.93102147238317
7617000 -2.92359857149874
7618000 -2.93294227838357
7619000 -2.95383771014783
7620000 -2.91424159408405
7621000 -2.93000723323526
7622000 -2.94098510167039
7623000 -2.94189537735282
7624000 -2.93430938835688
7625000 -2.93908068946541
7626000 -2.9253861555421
7627000 -2.94207264518926
7628000 -2.92690403170755
7629000 -2.93348733246525
7630000 -2.94841603122947
7631000 -2.94759285888976
7632000 -2.92976988216989
7633000 -2.93245569347479
7634000 -2.94722304985418
7635000 -2.92441069437152
7636000 -2.95068818201619
7637000 -2.90594565007438
7638000 -2.95537923192078
7639000 -2.9456571644025
7640000 -2.94336840315188
7641000 -2.94309561386008
7642000 -2.94426639802926
7643000 -2.94124052977901
7644000 -2.92308848271024
7645000 -2.95173783623404
7646000 -2.94166891561234
7647000 -2.94508222384266
7648000 -2.94128084693903
7649000 -2.9332446438671
7650000 -2.98433117249398
7651000 -2.91886201718952
7652000 -2.95808166038357
7653000 -2.95237243385144
7654000 -2.95274271780244
7655000 -2.96134793927475
7656000 -2.94267171296127
7657000 -2.955513366042
7658000 -2.93865627218837
7659000 -2.95935323283425
7660000 -2.93057657680329
7661000 -2.94346212378085
7662000 -2.9533332588832
7663000 -2.93804804417307
7664000 -2.96254866359708
7665000 -2.9346794138153
7666000 -2.96910717873045
7667000 -2.93060256260864
7668000 -2.93466433379033
7669000 -2.96935388413383
7670000 -2.93267560614421
7671000 -2.97596567725114
7672000 -2.9175804185023
7673000 -2.98728549419674
7674000 -2.92607226954828
7675000 -2.98614432548092
7676000 -2.93570438712918
7677000 -2.94014013781951
7678000 -2.99746371815449
7679000 -2.95490924109004
7680000 -2.99364482002685
7681000 -2.91308062651454
7682000 -2.99515991940741
7683000 -2.97124828157449
7684000 -2.95117479653649
7685000 -2.96713395646225
7686000 -2.94189275498399
7687000 -3.00879946048194
7688000 -2.946677401613
7689000 -2.97231185879717
7690000 -2.95282017062712
7691000 -2.9684011367618
7692000 -2.99355267719898
7693000 -2.91897790076702
7694000 -3.00600104042125
7695000 -2.93746220239999
7696000 -2.9990977326661
7697000 -2.9510120511357
7698000 -2.97593474708918
7699000 -2.97641429847653
7700000 -2.90328780826772
7701000 -3.02353773979757
7702000 -2.92281691082982
7703000 -2.998557295286
7704000 -2.93996915015601
7705000 -2.99030491367354
7706000 -2.92248310088052
7707000 -2.95022679359928
7708000 -3.01888708557205
7709000 -2.93643097687333
7710000 -2.99996523486146
7711000 -2.91467411434284
7712000 -3.01215269981246
7713000 -2.94426187209339
7714000 -2.96172864932352
7715000 -2.97968787355689
7716000 -2.94114791973009
7717000 -3.02389372286344
7718000 -2.92684103628857
7719000 -2.98323280590319
7720000 -2.96914014558555
7721000 -2.95101746552788
7722000 -2.99179358703159
7723000 -2.94334710952316
7724000 -3.00349383827428
7725000 -2.95841558816807
7726000 -3.01068407812615
7727000 -2.96848203122766
7728000 -2.97188863382875
7729000 -2.98221405074998
7730000 -2.9322955740454
7731000 -3.02794131843548
7732000 -2.89581142542115
7733000 -3.03031291002362
7734000 -2.95029204516606
7735000 -2.99134416742144
7736000 -2.96106264149169
7737000 -2.97188888596678
7738000 -3.03847177445906
7739000 -2.93411111950259
7740000 -3.02962397127132
7741000 -2.93692351699963
7742000 -3.01475380282922
7743000 -2.97072436495118
7744000 -2.98422021903201
7745000 -2.99106642891888
7746000 -2.95835345263019
7747000 -3.00923125700874
7748000 -2.94940111473867
7749000 -3.0182505780894
7750000 -2.97581372043287
7751000 -2.97425773477507
7752000 -3.00997932174735
7753000 -2.96906049920193
7754000 -3.0205192191554
7755000 -2.95400606527323
7756000 -3.011406262303
7757000 -2.97442853021273
7758000 -2.98151793056419
7759000 -3.00621142869908
7760000 -2.96796070354615
7761000 -3.03783821775587
7762000 -2.94517758651851
7763000 -3.03104795593546
7764000 -2.98708071707245
7765000 -2.99378494980516
7766000 -3.00608735122318
7767000 -2.96706136644309
7768000 -3.02316353680136
7769000 -2.92987604445904
7770000 -3.03736455838794
7771000 -2.97775937165964
7772000 -2.99238559098217
7773000 -2.97978546492039
7774000 -2.98060970931369
7775000 -3.00726047696703
7776000 -2.96291646511206
7777000 -3.01842608491716
7778000 -2.98265885797696
7779000 -3.0157119181628
7780000 -2.98114902981999
7781000 -2.99466692789043
7782000 -3.02459037082001
7783000 -2.97081803944465
7784000 -3.0225452902408
7785000 -2.98080587418197
7786000 -3.00497846701232
7787000 -3.00368246881405
7788000 -2.98677231668733
7789000 -3.0401950440865
7790000 -2.96621161812093
7791000 -3.01851978967615
7792000 -2.95332880575209
7793000 -3.04218983255275
7794000 -2.98347199890578
7795000 -3.00520224847979
7796000 -3.0068657119065
7797000 -2.96823512379319
7798000 -3.02910798372317
7799000 -2.9812687530929
7800000 -3.03940835728239
7801000 -2.97503078405821
7802000 -3.02239199563322
7803000 -3.02838860112491
7804000 -2.98310648242089
7805000 -3.0231448815601
7806000 -2.99959957846701
7807000 -3.04000780250727
7808000 -2.98167058975003
7809000 -3.05044350362166
7810000 -2.98467474022905
7811000 -3.03267789442017
7812000 -3.00049727210403
7813000 -2.98727791496084
7814000 -3.03892864903728
7815000 -2.96762241445497
7816000 -3.03509985238177
7817000 -2.99342573555342
7818000 -3.03151886234148
7819000 -3.00361310760173
7820000 -3.0109981383468
7821000 -3.04070138215404
7822000 -2.99130460030747
7823000 -3.02739047836163
7824000 -2.99774962656091
7825000 -3.04293955746491
7826000 -2.98093607198648
7827000 -3.04356413035119
7828000 -3.01316723546114
7829000 -2.999185345732
7830000 -3.04647012786188
7831000 -2.98606378871459
7832000 -3.04227691941961
7833000 -3.00576278383021
7834000 -2.99714348015285
7835000 -3.03616306608821
7836000 -3.01176770322953
7837000 -3.06822345652934
7838000 -2.97142216642883
7839000 -3.07179922148668
7840000 -2.97703296296355
7841000 -3.04155588241112
7842000 -3.02014732174527
7843000 -3.03508273123581
7844000 -3.03119391540691
7845000 -2.97086881504728
7846000 -3.06788262199044
7847000 -2.95127957070071
7848000 -3.07447338390142
7849000 -2.98709111221721
7850000 -3.0610463813003
7851000 -3.01446420334931
7852000 -2.98978375605396
7853000 -3.06367882377304
7854000 -2.99220523126832
7855000 -3.05426679695851
7856000 -3.00162450647206
7857000 -3.04576032355655
7858000 -3.01309947670563
7859000 -3.02363956530053
7860000 -3.05475859748474
7861000 -2.99356400549597
7862000 -3.06288698203477
7863000 -2.98545195367145
7864000 -3.0610942682774
7865000 -3.00852928286287
7866000 -3.03870273044389
7867000 -3.04089999015128
7868000 -3.00540371491111
7869000 -3.07690001346446
7870000 -2.95619561375169
7871000 -3.10814463948532
7872000 -2.97058833834633
7873000 -3.0592544565393
7874000 -3.01135975271445
7875000 -3.03529998843415
7876000 -3.05394596932754
7877000 -2.98772547390236
7878000 -3.09624405471944
7879000 -2.96739613248157
7880000 -3.07470188330133
7881000 -3.0131177178464
7882000 -3.04809610926575
7883000 -3.01306082126603
7884000 -3.0309497689417
7885000 -3.07799928926716
7886000 -2.98334047865899
7887000 -3.07900902721547
7888000 -2.99012565524084
7889000 -3.09017926606263
7890000 -3.00854434415998
7891000 -3.05338040291085
7892000 -3.06307283943157
7893000 -3.00356203033841
7894000 -3.10484997322469
7895000 -2.9876788121414
7896000 -3.11724994049222
7897000 -2.97653032947447
7898000 -3.08929095637264
7899000 -3.01362735278951
7900000 -3.07128959260642
7901000 -3.04343281688629
7902000 -3.0214298295605
7903000 -3.0903690876262
7904000 -2.98871371729295
7905000 -3.12562627441374
7906000 -2.97181696723884
7907000 -3.09939843228216
7908000 -3.01080480609818
7909000 -3.03846517117977
7910000 -3.08106131094573
7911000 -3.00449370104574
7912000 -3.09002857801174
7913000 -3.00552138456241
7914000 -3.10287901378207
7915000 -3.00905844321152
7916000 -3.08189812109313
7917000 -3.04124780193658
7918000 -3.06752592533658
7919000 -3.04225360734096
7920000 -3.0129909960458
7921000 -3.07825241977943
7922000 -3.01297233482182
7923000 -3.10453618526866
7924000 -2.99902670707501
7925000 -3.09146832078161
7926000 -3.05006563127559
7927000 -3.05155162247536
7928000 -3.06921681433181
7929000 -3.02540492436324
7930000 -3.0746308324753
7931000 -3.03179004700297
7932000 -3.08738456637973
7933000 -3.00903947652228
7934000 -3.0612588014152
7935000 -3.0555708223607
7936000 -3.06164075393277
7937000 -3.07679263701039
7938000 -3.00595472949561
7939000 -3.10470211635079
7940000 -3.02054189352586
7941000 -3.10847845658315
7942000 -3.01719310802858
7943000 -3.08360727189852
7944000 -3.06391732467756
7945000 -3.06235692110366
7946000 -3.08693109085826
7947000 -3.03071477065796
7948000 -3.10677587230663
7949000 -3.02328855371071
7950000 -3.10210395651847
7951000 -3.05003876428089
7952000 -3.07938346939834
7953000 -3.05828378438485
7954000 -3.06322774358603
7955000 -3.09517814373238
7956000 -3.04240057691331
7957000 -3.09324455392923
7958000 -3.05552767560907
7959000 -3.0709198919892
7960000 -3.06734605762224
7961000 -3.08561038889821
7962000 -3.07752304111658
7963000 -3.05851399819058
7964000 -3.10148638698521
7965000 -3.05327299819903
7966000 -3.08861808932964
7967000 -3.04415456207821
7968000 -3.08419192614891
7969000 -3.06255820346591
7970000 -3.05862591386129
7971000 -3.1144253847911
7972000 -3.05761946424754
7973000 -3.11483376196186
7974000 -3.06727851386398
7975000 -3.10566486186692
7976000 -3.06751316728052
7977000 -3.08592904160821
7978000 -3.06990030227938
7979000 -3.06881227221669
7980000 -3.10150240230112
7981000 -3.01989494609077
7982000 -3.11714779080387
7983000 -3.03157686569036
7984000 -3.12516009988562
7985000 -3.04259051176511
7986000 -3.08907399661473
7987000 -3.07354385108825
7988000 -3.05670704893995
7989000 -3.10620806119352
7990000 -3.05225052818239
7991000 -3.11778089324345
7992000 -3.02778436526488
7993000 -3.11086460463643
7994000 -3.07003693525727
7995000 -3.10586798572784
7996000 -3.08154625224639
7997000 -3.06131340420138
7998000 -3.10459128810485
7999000 -3.04518263123602
8000000 -3.13797334755467
8001000 -3.0383098269468
8002000 -3.1251098508586
8003000 -3.04648528470072
8004000 -3.10018440959053
8005000 -3.08223331983146
8006000 -3.05235148999199
8007000 -3.1325947328164
8008000 -3.03513266441331
8009000 -3.10560400167161
8010000 -3.05095082036283
8011000 -3.1229714628991
8012000 -3.05680369826884
8013000 -3.10077531835731
8014000 -3.10262972393759
8015000 -3.08818744040777
8016000 -3.1377898517491
8017000 -3.02663417110674
8018000 -3.13854416254186
8019000 -3.04808912919911
8020000 -3.13794382872597
8021000 -3.04212899280001
8022000 -3.1093610092539
8023000 -3.09436359856954
8024000 -3.09428292231359
8025000 -3.10624208229034
8026000 -3.06903632298744
8027000 -3.10926989070024
8028000 -3.06067911770652
8029000 -3.11733833058304
8030000 -3.06045708791192
8031000 -3.10236999270257
8032000 -3.12610820764603
8033000 -3.06165993022977
8034000 -3.14093125351129
8035000 -3.0147357306647
8036000 -3.14952807593922
8037000 -3.05444541274866
8038000 -3.14481512291694
8039000 -3.08814643528008
8040000 -3.09695002979315
8041000 -3.10220649514049
8042000 -3.06899474715385
8043000 -3.13892534066345
8044000 -3.06218134383662
8045000 -3.1288640049552
8046000 -3.06754884461153
8047000 -3.14134530821043
8048000 -3.09174081462024
8049000 -3.08847938024037
8050000 -3.12237350797849
8051000 -3.08892466550618
8052000 -3.13728006508923
8053000 -3.06437552759477
8054000 -3.13724534218567
8055000 -3.07804043983594
8056000 -3.12485124827
8057000 -3.09291705743565
8058000 -3.1042357555553
8059000 -3.12819182948359
8060000 -3.07063162204867
8061000 -3.15557254326581
8062000 -3.05624606308328
8063000 -3.15228865192839
8064000 -3.06484956109756
8065000 -3.13291674170425
8066000 -3.12759935374545
8067000 -3.11280848208958
8068000 -3.14915429226866
8069000 -3.0786230397202
8070000 -3.14174001094483
8071000 -3.10324717635622
8072000 -3.15825878712985
8073000 -3.0746418658776
8074000 -3.12069976846859
8075000 -3.08197511471457
8076000 -3.1470522943806
8077000 -3.12557821273499
8078000 -3.07320452155596
8079000 -3.15254497084503
8080000 -3.08536814557124
8081000 -3.13068904259591
8082000 -3.09258444580992
8083000 -3.11683160177559
8084000 -3.11678957078111
8085000 -3.0928075037981
8086000 -3.14147694570139
8087000 -3.08801484647766
8088000 -3.17085421635446
8089000 -3.07375696979371
8090000 -3.15889211856295
8091000 -3.11035196891907
8092000 -3.12313187142665
8093000 -3.12430426356051
8094000 -3.08704986679757
8095000 -3.15512583593653
8096000 -3.06472855589761
8097000 -3.17281162733213
8098000 -3.09475938328768
8099000 -3.14959547195958
8100000 -3.09879867824052
8101000 -3.1161045562897
8102000 -3.13601104244442
8103000 -3.10680508915605
8104000 -3.15978943032324
8105000 -3.08141648545748
8106000 -3.15100513567877
8107000 -3.09021178338988
8108000 -3.15000280891399
8109000 -3.09135108639842
8110000 -3.14813611682477
8111000 -3.12986334307522
8112000 -3.11848699136166
8113000 -3.12667571599891
8114000 -3.10752440845509
8115000 -3.1266735412594
8116000 -3.13291168583738
8117000 -3.10642493316072
8118000 -3.15363913948824
8119000 -3.10842459122883
8120000 -3.15373114614484
8121000 -3.08038482173903
8122000 -3.17929382698424
8123000 -3.08001858600118
8124000 -3.18102090323689
8125000 -3.10968190287205
8126000 -3.13997848411761
8127000 -3.14041289556125
8128000 -3.1215694779069
8129000 -3.16531640671312
8130000 -3.10488477519137
8131000 -3.18474218755677
8132000 -3.09499426585129
8133000 -3.17424627843985
8134000 -3.11684954086442
8135000 -3.16247638844877
8136000 -3.14065727930341
8137000 -3.12228171328928
8138000 -3.16419025083576
8139000 -3.11898500487483
8140000 -3.17148107883901
8141000 -3.09933505626583
8142000 -3.15826940747625
8143000 -3.12596705269968
8144000 -3.15179573455943
8145000 -3.14315816181689
8146000 -3.11231758757473
8147000 -3.17837342834392
8148000 -3.12344670176909
8149000 -3.17297395008132
8150000 -3.11223149594539
8151000 -3.15661600029775
8152000 -3.16464155131929
8153000 -3.13596679396031
8154000 -3.15623215435014
8155000 -3.1217979171439
8156000 -3.17999223993894
8157000 -3.08956150343143
8158000 -3.19562334349407
8159000 -3.09141397336223
8160000 -3.18867022595568
8161000 -3.14036969835935
8162000 -3.14673872679062
8163000 -3.16774644209973
8164000 -3.13479016812864
8165000 -3.19087595396122
8166000 -3.10820033583162
8167000 -3.19574338131321
8168000 -3.10541598844508
8169000 -3.1880884260942
8170000 -3.12212970275728
8171000 -3.17485297491628
8172000 -3.15095281829852
8173000 -3.14558152222714
8174000 -3.17106537069165
8175000 -3.13701778365612
8176000 -3.17456986665332
8177000 -3.12559836874916
8178000 -3.19557308484977
8179000 -3.15576398470856
8180000 -3.15054176597039
8181000 -3.16440118239837
8182000 -3.16411133922452
8183000 -3.16438136735939
8184000 -3.14724221814941
8185000 -3.17641182909493
8186000 -3.12308978152184
8187000 -3.17721769598836
8188000 -3.13384600140399
8189000 -3.18379416676956
8190000 -3.15972501048897
8191000 -3.14610543922908
8192000 -3.18293645296887
8193000 -3.10636509411622
8194000 -3.2003002638213
8195000 -3.12466026068662
8196000 -3.19730599160503
8197000 -3.14025372932485
8198000 -3.20734498726254
8199000 -3.11778027296067
8200000 -3.17730577849989
8201000 -3.1480331728908
8202000 -3.14976812803898
8203000 -3.19845935448803
8204000 -3.1317293783118
8205000 -3.20727742912217
8206000 -3.13460758700271
8207000 -3.22048882846702
8208000 -3.13272379027218
8209000 -3.18659893367785
8210000 -3.17580168286892
8211000 -3.16510532622824
8212000 -3.17436991065166
8213000 -3.14832546058881
8214000 -3.21248562916587
8215000 -3.11455857786782
8216000 -3.19416893964144
8217000 -3.15099610575981
8218000 -3.18499319115673
8219000 -3.15900208692411
8220000 -3.17427299678139
8221000 -3.18229372515881
8222000 -3.15379877329781
8223000 -3.21583523969531
8224000 -3.14358334942886
8225000 -3.21057477752052
8226000 -3.13829997776307
8227000 -3.20180559572632
8228000 -3.14923445642204
8229000 -3.1907433540558
8230000 -3.17361588157056
8231000 -3.16439765112512
8232000 -3.20413051627955
8233000 -3.13512002934111
8234000 -3.22659717976394
8235000 -3.12886806175276
8236000 -3.23473913605235
8237000 -3.14017980089099
8238000 -3.23428350406176
8239000 -3.15452926193201
8240000 -3.2008258258109
8241000 -3.17912862205307
8242000 -3.1849429275571
8243000 -3.19365069256047
8244000 -3.16507120756873
8245000 -3.21394991547391
8246000 -3.12440029527198
8247000 -3.22764139774388
8248000 -3.13778945503119
8249000 -3.20450704220735
8250000 -3.16080083374761
8251000 -3.19796078916148
8252000 -3.16398335859077
8253000 -3.17672901224328
8254000 -3.19021872392633
8255000 -3.17244310388436
8256000 -3.18607745223283
8257000 -3.15700923943481
8258000 -3.22105014556866
8259000 -3.14412764984886
8260000 -3.2126648179271
8261000 -3.17238629883476
8262000 -3.19979331853463
8263000 -3.18207129212786
8264000 -3.16981457065954
8265000 -3.19788754228197
8266000 -3.14948148247746
8267000 -3.21420083266218
8268000 -3.13159646930539
8269000 -3.22334629183997
8270000 -3.15664733227174
8271000 -3.20582885865057
8272000 -3.18655767100195
8273000 -3.1764061709481
8274000 -3.21763348281543
8275000 -3.17442102325402
8276000 -3.21763785830535
8277000 -3.14749106387584
8278000 -3.25662545165864
8279000 -3.13070603210271
8280000 -3.21503398191849
8281000 -3.16851862111949
8282000 -3.20005299449491
8283000 -3.19031542464236
8284000 -3.20611141295065
8285000 -3.18484213651725
8286000 -3.17597000391477
8287000 -3.22739543543987
8288000 -3.18586640089568
8289000 -3.22113307771069
8290000 -3.15766679428847
8291000 -3.2387097183757
8292000 -3.18083207565867
8293000 -3.19891784070615
8294000 -3.2152976820673
8295000 -3.20966875461967
8296000 -3.19762051787626
8297000 -3.18053427275458
8298000 -3.23372500135324
8299000 -3.18940200332709
8300000 -3.20947198195537
8301000 -3.17364336316314
8302000 -3.24435477558962
8303000 -3.18974047279438
8304000 -3.22135772951255
8305000 -3.21312711135522
8306000 -3.1998155247054
8307000 -3.22446353150597
8308000 -3.1787754697973
8309000 -3.23497615328388
8310000 -3.17587286648826
8311000 -3.23368802757128
8312000 -3.18045116848776
8313000 -3.23311420572474
8314000 -3.17257242779551
8315000 -3.22978858793124
8316000 -3.18941898677803
8317000 -3.22527301630228
8318000 -3.21393385294673
8319000 -3.19951942989299
8320000 -3.24848840512439
8321000 -3.1747069711302
8322000 -3.24693065551237
8323000 -3.18236124170142
8324000 -3.2456457348727
8325000 -3.1662009222522
8326000 -3.2521311440894
8327000 -3.17603231317689
8328000 -3.24947905960261
8329000 -3.19802812274676
8330000 -3.22800298572225
8331000 -3.21710559640904
8332000 -3.18964575168672
8333000 -3.24435391509958
8334000 -3.17121393890801
8335000 -3.25079546816107
8336000 -3.16564386269605
8337000 -3.26736410691039
8338000 -3.18757204624599
8339000 -3.24172404744591
8340000 -3.20695862951985
8341000 -3.22190956956462
8342000 -3.23153441612934
8343000 -3.22668701884691
8344000 -3.25781047804358
8345000 -3.18262260417409
8346000 -3.26535742972198
8347000 -3.16669381758996
8348000 -3.26587330064753
8349000 -3.19612927610763
8350000 -3.25400956836722
8351000 -3.20181928449298
8352000 -3.23532037571376
8353000 -3.23450681633623
8354000 -3.21836141709788
8355000 -3.23221816557673
8356000 -3.20841998066357
8357000 -3.27469801504758
8358000 -3.1804422090001
8359000 -3.2619366337994
8360000 -3.18041529034642
8361000 -3.27314730186108
8362000 -3.20939071179768
8363000 -3.2553053214942
8364000 -3.19441257814029
8365000 -3.24518795985409
8366000 -3.23403558149048
8367000 -3.21809824128907
8368000 -3.22913954362658
8369000 -3.19692334437377
8370000 -3.27529673551022
8371000 -3.19789149285001
8372000 -3.23637093551452
8373000 -3.21905483387425
8374000 -3.25351640486964
8375000 -3.2260736887265
8376000 -3.22160387986857
8377000 -3.26130997792185
8378000 -3.19802551268605
8379000 -3.29191652801674
8380000 -3.19267990099318
8381000 -3.2627198712775
8382000 -3.20311977139075
8383000 -3.24014589218473
8384000 -3.24469292053292
8385000 -3.23273719479371
8386000 -3.23804420241722
8387000 -3.22090576440917
8388000 -3.27361721668531
8389000 -3.201395109629
8390000 -3.28701158499421
8391000 -3.19603990762734
8392000 -3.29800852458104
8393000 -3.2190338636756
8394000 -3.27459056989082
8395000 -3.22942264230241
8396000 -3.2497399524644
8397000 -3.23825516055704
8398000 -3.22704789207001
8399000 -3.25572136726426
8400000 -3.21746142344724
8401000 -3.2681614164598
8402000 -3.22368857460105
8403000 -3.25282153180485
8404000 -3.23117950713527
8405000 -3.2502521906754
8406000 -3.24867165637954
8407000 -3.21993457166522
8408000 -3.26698831513436
8409000 -3.2132003160987
8410000 -3.26625753945704
8411000 -3.20292184577835
8412000 -3.26663646555209
8413000 -3.23372580980278
8414000 -3.26617458043803
8415000 -3.23071377145703
8416000 -3.25417738469004
8417000 -3.26816606456168
8418000 -3.22117348137812
8419000 -3.28594482045132
8420000 -3.19868927807783
8421000 -3.30308568372668
8422000 -3.2107917580852
8423000 -3.28827153377871
8424000 -3.22606154290657
8425000 -3.2774899070967
8426000 -3.24131636056719
8427000 -3.24854037484798
8428000 -3.26338474746045
8429000 -3.21647540464016
8430000 -3.28814409973716
8431000 -3.20967780774672
8432000 -3.31040049190971
8433000 -3.22034902944391
8434000 -3.29744949960429
8435000 -3.22107914726412
8436000 -3.27311538397696
8437000 -3.25864425305279
8438000 -3.25138001636172
8439000 -3.25393468414457
8440000 -3.25727830033009
8441000 -3.26035757671035
8442000 -3.24552762406694
8443000 -3.26911161477201
8444000 -3.24230080942958
8445000 -3.28093563085529
8446000 -3.24664052749527
8447000 -3.27553514617743
8448000 -3.27124504974977
8449000 -3.25796104053614
8450000 -3.26943523046114
8451000 -3.2527143673226
8452000 -3.2798595876517
8453000 -3.24551868568704
8454000 -3.28956688673421
8455000 -3.2576718291447
8456000 -3.27535094632553
8457000 -3.25122502269499
8458000 -3.27073721010736
8459000 -3.25899419161201
8460000 -3.26483861301567
8461000 -3.27109055095814
8462000 -3.2364387584765
8463000 -3.30422172132746
8464000 -3.24148154009645
8465000 -3.31510127916756
8466000 -3.21155939396937
8467000 -3.32492369162873
8468000 -3.22674578636821
8469000 -3.29641817223291
8470000 -3.23590158836275
8471000 -3.29208449269462
8472000 -3.27759935343308
8473000 -3.23731296266498
8474000 -3.29865293115928
8475000 -3.2364284329804
8476000 -3.30799268123134
8477000 -3.23066616166471
8478000 -3.31156000070464
8479000 -3.2316209856318
8480000 -3.27949878834386
8481000 -3.26025593121707
8482000 -3.28952532484801
8483000 -3.28563080952578
8484000 -3.27075047710074
8485000 -3.29661125808543
8486000 -3.22940738175441
8487000 -3.30396197195237
8488000 -3.25058368570352
8489000 -3.32781874992568
8490000 -3.22044775876065
8491000 -3.28842283081385
8492000 -3.30911946268283
8493000 -3.2693323549515
8494000 -3.27360071942281
8495000 -3.27894326658023
8496000 -3.30386243400477
8497000 -3.24898548190225
8498000 -3.30617796220659
8499000 -3.24241851350011
8500000 -3.31551157394709
8501000 -3.24161816612824
8502000 -3.314756915818
8503000 -3.25962789574801
8504000 -3.28333122951895
8505000 -3.29486958138886
8506000 -3.27689662930842
8507000 -3.28527173855513
8508000 -3.25029242494197
8509000 -3.34805911069507
8510000 -3.22139086911082
8511000 -3.33466212673144
8512000 -3.23829651599923
8513000 -3.34592072849505
8514000 -3.24104671199718
8515000 -3.3103183652796
8516000 -3.26960878189174
8517000 -3.29226635097676
8518000 -3.28116976465236
8519000 -3.25842705890661
8520000 -3.31583803416242
8521000 -3.25249153723097
8522000 -3.33135720683617
8523000 -3.24676317663078
8524000 -3.35684137542
8525000 -3.22174340289385
8526000 -3.3321517149593
8527000 -3.26531102885004
8528000 -3.32109000076889
8529000 -3.27681050043235
8530000 -3.27496092386762
8531000 -3.31926387176688
8532000 -3.2517819422352
8533000 -3.34519034030186
8534000 -3.24163503663555
8535000 -3.34201005478378
8536000 -3.26407879545518
8537000 -3.33538255271518
8538000 -3.30031745953192
8539000 -3.28460234137092
8540000 -3.32890209776864
8541000 -3.29061014166825
8542000 -3.34259688984219
8543000 -3.25521265937396
8544000 -3.33751936878154
8545000 -3.25948725985792
8546000 -3.33218072589138
8547000 -3.28607375826134
8548000 -3.29098624843069
8549000 -3.32283173861293
8550000 -3.26332850269225
8551000 -3.35937116536721
8552000 -3.25213179453056
8553000 -3.36714984898265
8554000 -3.22970372851257
8555000 -3.33849183267808
8556000 -3.26227899695714
8557000 -3.31620626186455
8558000 -3.31628374165175
8559000 -3.27356957076098
8560000 -3.35156184150694
8561000 -3.25627569818297
8562000 -3.37697342431169
8563000 -3.24453632853287
8564000 -3.35018358473363
8565000 -3.25697756568411
8566000 -3.37673537564113
8567000 -3.26306508198268
8568000 -3.3087586830182
8569000 -3.32060383000847
8570000 -3.28645976299905
8571000 -3.34383823055137
8572000 -3.26605985225054
8573000 -3.36078614485382
8574000 -3.27125757179746
8575000 -3.3527002704217
8576000 -3.26712794627354
8577000 -3.33742979032933
8578000 -3.3102717870558
8579000 -3.33855374253002
8580000 -3.30663790594973
8581000 -3.29438014667896
8582000 -3.34433568426132
8583000 -3.27086264539843
8584000 -3.3643566480275
8585000 -3.29825229567834
8586000 -3.33336025036929
8587000 -3.30151755426304
8588000 -3.34214317396753
8589000 -3.30193723601026
8590000 -3.30725561056007
8591000 -3.32774107403938
8592000 -3.30917657807027
8593000 -3.33685569838728
8594000 -3.30799901065512
8595000 -3.34622734462976
8596000 -3.28312338737289
8597000 -3.33026996836158
8598000 -3.3395722993987
8599000 -3.29924307990425
8600000 -3.33614702199428
8601000 -3.28974364961823
8602000 -3.36999770458901
8603000 -3.26685533813422
8604000 -3.3918761396717
8605000 -3.28021707549766
8606000 -3.34883981969625
8607000 -3.29395051124747
8608000 -3.34382935828356
8609000 -3.32255658035681
8610000 -3.31947608422762
8611000 -3.35711246134829
8612000 -3.29421023395388
8613000 -3.35100512266624
8614000 -3.30076160444777
8615000 -3.3762656052945
8616000 -3.30594264888266
8617000 -3.37118361203503
8618000 -3.31593351935948
8619000 -3.34048991067446
8620000 -3.32500448484236
8621000 -3.30130230195594
8622000 -3.35983580081386
8623000 -3.28566740097351
8624000 -3.38516865313973
8625000 -3.2845628764069
8626000 -3.40089170598129
8627000 -3.26468893847154
8628000 -3.36839451799966
8629000 -3.28865715245631
8630000 -3.37333490029164
8631000 -3.31577037567241
8632000 -3.34486536858224
8633000 -3.34183603531131
8634000 -3.31092352008332
8635000 -3.37983459740062
8636000 -3.29660312703015
8637000 -3.37533798162091
8638000 -3.29422062849195
8639000 -3.40022211474969
8640000 -3.30347301479749
8641000 -3.35676126820027
8642000 -3.33629010760109
8643000 -3.34531543637595
8644000 -3.34611826888193
8645000 -3.31759951339509
8646000 -3.38352642404417
8647000 -3.27224632270187
8648000 -3.40743580421332
8649000 -3.28113906927872
8650000 -3.40520399858468
8651000 -3.2942843990102
8652000 -3.36457606813804
8653000 -3.33789828004713
8654000 -3.34238132364699
8655000 -3.36933678916886
8656000 -3.31809921821763
8657000 -3.37648602883045
8658000 -3.31718749524862
8659000 -3.36457085186725
8660000 -3.32412426109054
8661000 -3.37085310374215
8662000 -3.31825338827155
8663000 -3.35259877546726
8664000 -3.34777722815035
8665000 -3.33279966422468
8666000 -3.361804588425
8667000 -3.31873512717833
8668000 -3.38396707056315
8669000 -3.3146489168584
8670000 -3.37191335306616
8671000 -3.31902733656274
8672000 -3.36760800266427
8673000 -3.35454550438385
8674000 -3.33046488895965
8675000 -3.37339335812791
8676000 -3.31372045664567
8677000 -3.37553066958557
8678000 -3.34263103243962
8679000 -3.38686912405737
8680000 -3.33957268466124
8681000 -3.35683350000826
8682000 -3.3633927831417
8683000 -3.34775804983469
8684000 -3.36403289252329
8685000 -3.31259780598368
8686000 -3.38945094581111
8687000 -3.34939059506775
8688000 -3.35091033239694
8689000 -3.33514733768003
8690000 -3.38247755012005
8691000 -3.35435730779343
8692000 -3.34293251486534
8693000 -3.38329343630095
8694000 -3.35032926028417
8695000 -3.37695863792802
8696000 -3.34347154966248
8697000 -3.40421218223833
8698000 -3.33591039893823
8699000 -3.38080506480595
8700000 -3.34528739341285
8701000 -3.36451920362985
8702000 -3.35723762436798
8703000 -3.36865933817096
8704000 -3.36288459218698
8705000 -3.35722970621821
8706000 -3.3956627394828
8707000 -3.35547018908531
8708000 -3.38385900792364
8709000 -3.35521755213328
8710000 -3.36351335275045
8711000 -3.37431819743784
8712000 -3.38530874840029
8713000 -3.36448214953619
8714000 -3.3844153434941
8715000 -3.37381374880238
8716000 -3.37499846790886
8717000 -3.38005135482468
8718000 -3.3735918286886
8719000 -3.38332527933723
8720000 -3.33375577508865
8721000 -3.40479164189809
8722000 -3.35736158956514
8723000 -3.37758641818188
8724000 -3.37975335401207
8725000 -3.37108899461582
8726000 -3.38378138679972
8727000 -3.38517847842298
8728000 -3.37661260643148
8729000 -3.35891941488911
8730000 -3.3856245436973
8731000 -3.34536034347818
8732000 -3.397826705
8733000 -3.36791901000029
8734000 -3.38197206990218
8735000 -3.37403511765765
8736000 -3.38811601135494
8737000 -3.35623196494496
8738000 -3.39368532461815
8739000 -3.35607109546926
8740000 -3.39073912850508
8741000 -3.38207983838937
8742000 -3.36414379886387
8743000 -3.36190253798712
8744000 -3.38397089346844
8745000 -3.40590863994646
8746000 -3.34151001667709
8747000 -3.38600091373435
8748000 -3.39273030791013
8749000 -3.37762605008609
8750000 -3.35931573556877
8751000 -3.40245219944814
8752000 -3.38659950465222
8753000 -3.37313931475692
8754000 -3.38419033306159
8755000 -3.38759661315324
8756000 -3.38707245312801
8757000 -3.39734147767098
8758000 -3.38656995581923
8759000 -3.35980885318435
8760000 -3.39969516352975
8761000 -3.37684185648151
8762000 -3.39610837019283
8763000 -3.38333091945458
8764000 -3.39755220803426
8765000 -3.37197185681509
8766000 -3.40519055383209
8767000 -3.38292198223567
8768000 -3.4115666336123
8769000 -3.40220017866517
8770000 -3.38287465173507
8771000 -3.39835961360867
8772000 -3.40570915858426
8773000 -3.39829822018233
8774000 -3.39750254395754
8775000 -3.39555764094438
8776000 -3.41037821986628
8777000 -3.38850096082689
8778000 -3.39204940637849
8779000 -3.41282535310643
8780000 -3.41213678286
8781000 -3.4045556522356
8782000 -3.40996693088797
8783000 -3.38881407593459
8784000 -3.37196768938776
8785000 -3.41116751855539
8786000 -3.39622250081756
8787000 -3.39506526952217
8788000 -3.39701007838061
8789000 -3.41936513420218
8790000 -3.38096754092339
8791000 -3.39626982705514
8792000 -3.39879569323415
8793000 -3.40630009463126
8794000 -3.40263501886232
8795000 -3.39680330432433
8796000 -3.40230704525462
8797000 -3.39440192999874
8798000 -3.41742940133019
8799000 -3.36980377905217
8800000 -3.43009782394394
8801000 -3.39008634144277
8802000 -3.42105388071868
8803000 -3.37929795103734
8804000 -3.40998514339461
8805000 -3.39247147351144
8806000 -3.43261425617828
8807000 -3.3993794594915
8808000 -3.37866768441017
8809000 -3.40304945845859
8810000 -3.37987102819265
8811000 -3.43357371055451
8812000 -3.38507215244327
8813000 -3.41932364653805
8814000 -3.38168517371462
8815000 -3.43614550261778
8816000 -3.35954426387855
8817000 -3.4511183872646
8818000 -3.36306137459001
8819000 -3.44603833205956
8820000 -3.41637444990425
8821000 -3.39865147989196
8822000 -3.39959555347403
8823000 -3.39812509575748
8824000 -3.43013941099635
8825000 -3.38900864685434
8826000 -3.42673638027766
8827000 -3.38464600473507
8828000 -3.44031282742863
8829000 -3.40298752803023
8830000 -3.43782564584517
8831000 -3.3870659781603
8832000 -3.42739406867883
8833000 -3.42802462486215
8834000 -3.40251316986797
8835000 -3.4383803342709
8836000 -3.40172735522054
8837000 -3.46830192642388
8838000 -3.37967192098308
8839000 -3.436009621351
8840000 -3.39841451535252
8841000 -3.44517493484068
8842000 -3.40074855317211
8843000 -3.43000460485624
8844000 -3.42115167402462
8845000 -3.41213842012589
8846000 -3.42035920227899
8847000 -3.42254239807394
8848000 -3.46241920408491
8849000 -3.39227825868783
8850000 -3.46864727034837
8851000 -3.39811247901406
8852000 -3.46003283923211
8853000 -3.38051926307293
8854000 -3.42953858741332
8855000 -3.42367919411832
8856000 -3.43647735752295
8857000 -3.40179641728237
8858000 -3.420778768192
8859000 -3.4384734529454
8860000 -3.41206811867774
8861000 -3.46410355841163
8862000 -3.41456175115469
8863000 -3.43881171664687
8864000 -3.42298134689462
8865000 -3.43996218797378
8866000 -3.41798180778407
8867000 -3.4096748688535
8868000 -3.433383036208
8869000 -3.39708340710096
8870000 -3.45050004682882
8871000 -3.41464593784277
8872000 -3.4550212520431
8873000 -3.39345378171703
8874000 -3.48111949674039
8875000 -3.41122852134966
8876000 -3.44613217988829
8877000 -3.42300388613502
8878000 -3.45324741808812
8879000 -3.44467865363962
8880000 -3.44409858412833
8881000 -3.4426362821639
8882000 -3.41927045575716
8883000 -3.46045434849063
8884000 -3.40396081252813
8885000 -3.46897573778615
8886000 -3.40030353220345
8887000 -3.44521884498399
8888000 -3.43459632688408
8889000 -3.4446021369952
8890000 -3.42906056062605
8891000 -3.44189357486772
8892000 -3.43534033480016
8893000 -3.4264834761049
8894000 -3.44859897398331
8895000 -3.44623203884086
8896000 -3.42789782652347
8897000 -3.43571087494139
8898000 -3.44468143700514
8899000 -3.44746811530487
8900000 -3.45665587334259
8901000 -3.44832057229149
8902000 -3.43735235621486
8903000 -3.46799285386205
8904000 -3.43308907595657
8905000 -3.45798911358079
8906000 -3.40802874136451
8907000 -3.49208831286132
8908000 -3.4341093052146
8909000 -3.46416366861146
8910000 -3.41305653832788
8911000 -3.50210119265246
8912000 -3.43046799974383
8913000 -3.43440437999331
8914000 -3.44975035264491
8915000 -3.4484209656151
8916000 -3.46044195954844
8917000 -3.42129983087875
8918000 -3.45380728333196
8919000 -3.40250465122648
8920000 -3.47117708584414
8921000 -3.40612635718763
8922000 -3.46382946609697
8923000 -3.44319525114875
8924000 -3.44938389640939
8925000 -3.43859938786483
8926000 -3.45018386061803
8927000 -3.46117069372962
8928000 -3.44002105064132
8929000 -3.48241214235507
8930000 -3.41263267869456
8931000 -3.47082165584094
8932000 -3.43666200047843
8933000 -3.47995194981096
8934000 -3.43055132421416
8935000 -3.46997232300571
8936000 -3.44716904034397
8937000 -3.46627221944776
8938000 -3.45276590722348
8939000 -3.47027698172942
8940000 -3.46558097438717
8941000 -3.44513222303527
8942000 -3.46689549720904
8943000 -3.45437090334617
8944000 -3.47448029197243
8945000 -3.45389353491449
8946000 -3.46425147758876
8947000 -3.44879966242949
8948000 -3.47020237730037
8949000 -3.46050275036492
8950000 -3.43325340981742
8951000 -3.46044535715104
8952000 -3.46193729785982
8953000 -3.46224109683686
8954000 -3.43383084817148
8955000 -3.48193697627793
8956000 -3.41908992324585
8957000 -3.48148193889902
8958000 -3.44635174041258
8959000 -3.4647513971045
8960000 -3.46635276173309
8961000 -3.48366926292035
8962000 -3.4643384912137
8963000 -3.44631571430879
8964000 -3.49348807354774
8965000 -3.44226541109938
8966000 -3.4854963620096
8967000 -3.44782652399674
8968000 -3.49645668652262
8969000 -3.45636258128982
8970000 -3.4913427598675
8971000 -3.46437731319194
8972000 -3.48129067952059
8973000 -3.45032708802942
8974000 -3.48394241909661
8975000 -3.47438789159845
8976000 -3.47749779248719
8977000 -3.47622671733861
8978000 -3.47016582211839
8979000 -3.48358032781947
8980000 -3.46054528830681
8981000 -3.49883620800037
8982000 -3.44788177033992
8983000 -3.46571948812518
8984000 -3.48565458159245
8985000 -3.48303127410977
8986000 -3.46126250774449
8987000 -3.4770239084844
8988000 -3.4649914344758
8989000 -3.48753717824304
8990000 -3.46419833294546
8991000 -3.47260770586565
8992000 -3.48792922694724
8993000 -3.46045376084474
8994000 -3.48657857611623
8995000 -3.44665538204127
8996000 -3.50057053484592
8997000 -3.47676609308834
8998000 -3.48312447232467
8999000 -3.47298501272955
9000000 -3.48939047153767
9001000 -3.48139536323972
9002000 -3.49788870341661
9003000 -3.4728306727116
9004000 -3.4916112513008
9005000 -3.48433501053746
9006000 -3.47643501436466
9007000 -3.50080588241536
9008000 -3.45819795816451
9009000 -3.49578463353836
9010000 -3.45422090026765
9011000 -3.48229288444886
9012000 -3.45351287484839
9013000 -3.49919536973236
9014000 -3.474208481164
9015000 -3.4878680606556
9016000 -3.48854547343072
9017000 -3.49614848452848
9018000 -3.49962610577005
9019000 -3.48012335698336
9020000 -3.48926143574661
9021000 -3.47954643563361
9022000 -3.48941097206147
9023000 -3.47092715812066
9024000 -3.51519404285578
9025000 -3.48647220503774
9026000 -3.50111336292062
9027000 -3.47861859802162
9028000 -3.5028835882138
9029000 -3.49494865207876
9030000 -3.51473245162744
9031000 -3.4810485594428
9032000 -3.48941647407719
9033000 -3.50381353283267
9034000 -3.47178516300102
9035000 -3.52628931623584
9036000 -3.4774198984564
9037000 -3.53231070417823
9038000 -3.45792986253269
9039000 -3.5218891142901
9040000 -3.47954652629963
9041000 -3.50307679046081
9042000 -3.50588625944734
9043000 -3.49671046309951
9044000 -3.48488527816179
9045000 -3.50064653959681
9046000 -3.51967822961531
9047000 -3.47455580019294
9048000 -3.49117822559522
9049000 -3.50717627715476
9050000 -3.52708330089351
9051000 -3.48395368763503
9052000 -3.5063691982893
9053000 -3.51589646306612
9054000 -3.5240573759936
9055000 -3.49016234351005
9056000 -3.52407157805089
9057000 -3.51342203119453
9058000 -3.50485488130133
9059000 -3.51637135736623
9060000 -3.50896504223258
9061000 -3.52030806460719
9062000 -3.49738530850092
9063000 -3.49689695920727
9064000 -3.50258435627905
9065000 -3.51090692949523
9066000 -3.47618877577482
9067000 -3.51950413656345
9068000 -3.49781084702905
9069000 -3.53048098247628
9070000 -3.50329507682052
9071000 -3.49533947595353
9072000 -3.51400841914559
9073000 -3.50342540399307
9074000 -3.51911686930331
9075000 -3.46558044956353
9076000 -3.53181676341719
9077000 -3.49069440449095
9078000 -3.53163214308333
9079000 -3.48991541619781
9080000 -3.54237505731364
9081000 -3.48772633772646
9082000 -3.5334332795656
9083000 -3.47222458343483
9084000 -3.54455548717075
9085000 -3.51443748888501
9086000 -3.53368874542781
9087000 -3.51486266492986
9088000 -3.51805007258987
9089000 -3.50227503876999
9090000 -3.53417554295013
9091000 -3.51892950822398
9092000 -3.52342874407727
9093000 -3.555624051886
9094000 -3.49993430212856
9095000 -3.52900532643922
9096000 -3.51679662527546
9097000 -3.53809248878272
9098000 -3.49734980335678
9099000 -3.53017971462686
9100000 -3.51143751794462
9101000 -3.52747196553127
9102000 -3.51391430199701
9103000 -3.51862310156943
9104000 -3.52869645326199
9105000 -3.51824597137941
9106000 -3.51747199522892
9107000 -3.5364079668011
9108000 -3.5217444230536
9109000 -3.52959315033329
9110000 -3.52181297463515
9111000 -3.53981019397368
9112000 -3.50966452359466
9113000 -3.53341277953384
9114000 -3.52679386434502
9115000 -3.51051248485309
9116000 -3.54385674459455
9117000 -3.50302691802455
9118000 -3.53487489694214
9119000 -3.5122788859788
9120000 -3.54085614796469
9121000 -3.51314278061687
9122000 -3.5411848032145
9123000 -3.51462230318797
9124000 -3.53660202978038
9125000 -3.51745307545563
9126000 -3.5410025569958
9127000 -3.55071458372024
9128000 -3.51718251849267
9129000 -3.52682504103069
9130000 -3.52674920806159
9131000 -3.54342913035947
9132000 -3.5351151056077
9133000 -3.54240532042414
9134000 -3.52443021258037
9135000 -3.53935499422842
9136000 -3.53268749519266
9137000 -3.53961163378079
9138000 -3.52279627653233
9139000 -3.53252122588922
9140000 -3.52487222355624
9141000 -3.52002633204064
9142000 -3.54515438215887
9143000 -3.51737991392101
9144000 -3.54457124451293
9145000 -3.54281932288978
9146000 -3.56774673779755
9147000 -3.4897305371667
9148000 -3.55626695437274
9149000 -3.5216297740932
9150000 -3.57032117083831
9151000 -3.51776317216949
9152000 -3.56931477800824
9153000 -3.53183089340339
9154000 -3.56396805542296
9155000 -3.53035981306418
9156000 -3.55054117504331
9157000 -3.54304355309088
9158000 -3.54022908204338
9159000 -3.55464481314731
9160000 -3.5255923391453
9161000 -3.58791219049774
9162000 -3.52351412382504
9163000 -3.56942190166854
9164000 -3.50566367797322
9165000 -3.57803230491296
9166000 -3.51720131658886
9167000 -3.5686488789642
9168000 -3.50166971776995
9169000 -3.57484522203548
9170000 -3.55006073784281
9171000 -3.53759618080957
9172000 -3.56499137589261
9173000 -3.54617919763246
9174000 -3.55463967152176
9175000 -3.54151835223059
9176000 -3.56888940005125
9177000 -3.53032189545581
9178000 -3.57681576048394
9179000 -3.52595954551658
9180000 -3.57413758219731
9181000 -3.53205388758195
9182000 -3.58022099139695
9183000 -3.52948052460274
9184000 -3.5915189384274
9185000 -3.52958358795077
9186000 -3.54204740879338
9187000 -3.55429083622837
9188000 -3.55177820841777
9189000 -3.53910992462901
9190000 -3.5644001739373
9191000 -3.55797806734642
9192000 -3.53743586625754
9193000 -3.54359480151826
9194000 -3.54242614167173
9195000 -3.55445506199643
9196000 -3.55303494404517
9197000 -3.58272081451597
9198000 -3.53642639393527
9199000 -3.58425919140635
9200000 -3.55012615986397
9201000 -3.58536864946483
9202000 -3.5495110887778
9203000 -3.59924838394128
9204000 -3.5340262927625
9205000 -3.5718517592634
9206000 -3.54633597432191
9207000 -3.57218743677077
9208000 -3.53467442443637
9209000 -3.5786654542685
9210000 -3.55909417963837
9211000 -3.56333492825407
9212000 -3.5638810360329
9213000 -3.57183906307924
9214000 -3.57900194384778
9215000 -3.54416764181937
9216000 -3.56490479575622
9217000 -3.55791339394436
9218000 -3.56925687286681
9219000 -3.54476237546175
9220000 -3.5987829784716
9221000 -3.54763862978018
9222000 -3.59093177539904
9223000 -3.54440510195282
9224000 -3.58727490724482
9225000 -3.55253144714796
9226000 -3.59074228099022
9227000 -3.55377970639814
9228000 -3.58511130047749
9229000 -3.57850648304125
9230000 -3.58582213746162
9231000 -3.59621511634759
9232000 -3.56044999259408
9233000 -3.56127114716296
9234000 -3.5506221257694
9235000 -3.61100487331826
9236000 -3.53923446572543
9237000 -3.58994606946944
9238000 -3.56341933490757
9239000 -3.6096079124916
9240000 -3.53341582641223
9241000 -3.60149573067121
9242000 -3.54018439071311
9243000 -3.60856468765888
9244000 -3.56109993307149
9245000 -3.58694930829598
9246000 -3.57471088166534
9247000 -3.58767278047061
9248000 -3.57885160395785
9249000 -3.58733756761221
9250000 -3.59041475057062
9251000 -3.58002427834477
9252000 -3.58801997083349
9253000 -3.54896231213067
9254000 -3.62543554209657
9255000 -3.5542743367234
9256000 -3.59786838219151
9257000 -3.54931780937584
9258000 -3.60864453185499
9259000 -3.55103171570894
9260000 -3.61114271232158
9261000 -3.55894639260094
9262000 -3.58216500494506
9263000 -3.5888160755086
9264000 -3.59387271842416
9265000 -3.59190153828747
9266000 -3.58910048584927
9267000 -3.58649479653408
9268000 -3.5736277398351
9269000 -3.6346311399812
9270000 -3.55292675410716
9271000 -3.61865463846348
9272000 -3.54306325650818
9273000 -3.63147647546635
9274000 -3.53565509628467
9275000 -3.6400096937313
9276000 -3.55915174672433
9277000 -3.6243737827753
9278000 -3.55542586045062
9279000 -3.63562503604265
9280000 -3.56281099986663
9281000 -3.60778607816047
9282000 -3.54481284592511
9283000 -3.63614278529765
9284000 -3.55531663484995
9285000 -3.64157214624749
9286000 -3.56164617064377
9287000 -3.60349096825275
9288000 -3.57277349861799
9289000 -3.60897480659938
9290000 -3.56990682318932
9291000 -3.58077157602351
9292000 -3.6196710104554
9293000 -3.59455628144703
9294000 -3.62557836464063
9295000 -3.57460989534822
9296000 -3.62834648047402
9297000 -3.5734785708662
9298000 -3.65294696838399
9299000 -3.5555596332349
9300000 -3.63710816068779
9301000 -3.54130876071745
9302000 -3.64937324693021
9303000 -3.55196742543644
9304000 -3.63283610153766
9305000 -3.56438942352981
9306000 -3.61570238429347
9307000 -3.59917344566446
9308000 -3.61736437129593
9309000 -3.59441360851062
9310000 -3.58885786130323
9311000 -3.63030402372423
9312000 -3.5739195717541
9313000 -3.61383077138889
9314000 -3.56654043396219
9315000 -3.63797536519605
9316000 -3.5565587498396
9317000 -3.65412409846931
9318000 -3.56271094434943
9319000 -3.63714888164718
9320000 -3.57988217004604
9321000 -3.645362480226
9322000 -3.55976918571359
9323000 -3.64877438704637
9324000 -3.60759176495475
9325000 -3.62711267131968
9326000 -3.57929093252433
9327000 -3.63907880007442
9328000 -3.57700467961064
9329000 -3.60950354526279
9330000 -3.58688481631974
9331000 -3.62737024135635
9332000 -3.60102663640967
9333000 -3.608980552386
9334000 -3.60069217192571
9335000 -3.6100221439467
9336000 -3.61017325756792
9337000 -3.63173293401198
9338000 -3.61937575431551
9339000 -3.6072654849345
9340000 -3.61744752888904
9341000 -3.59182627222291
9342000 -3.63312415381157
9343000 -3.60243262729595
9344000 -3.63993697017079
9345000 -3.60099193118999
9346000 -3.65075797396441
9347000 -3.58238786536863
9348000 -3.66362130800287
9349000 -3.59094838353336
9350000 -3.6491359989982
9351000 -3.58352993583699
9352000 -3.66781057486629
9353000 -3.60666141236189
9354000 -3.6443325323171
9355000 -3.59028981312256
9356000 -3.68193088893565
9357000 -3.59711478413947
9358000 -3.66178590591112
9359000 -3.60396329520558
9360000 -3.63920719422769
9361000 -3.60152128052391
9362000 -3.64525764479755
9363000 -3.61768695287058
9364000 -3.61848857104042
9365000 -3.637350536464
9366000 -3.61996029159979
9367000 -3.63672102834738
9368000 -3.61762029466952
9369000 -3.65409214676105
9370000 -3.55635908336244
9371000 -3.67346752098466
9372000 -3.58379718652689
9373000 -3.67899382821553
9374000 -3.57843276564294
9375000 -3.68356467650057
9376000 -3.57922276496077
9377000 -3.69030654909483
9378000 -3.58607268110175
9379000 -3.65376415855454
9380000 -3.61038730009019
9381000 -3.65853873030798
9382000 -3.60360987428343
9383000 -3.64064313309635
9384000 -3.63448584323934
9385000 -3.62312449789906
9386000 -3.65017884678905
9387000 -3.63581218778787
9388000 -3.63095601400695
9389000 -3.58807717606769
9390000 -3.66732806841335
9391000 -3.61360271616384
9392000 -3.62906329081968
9393000 -3.60656229198182
9394000 -3.67329576289086
9395000 -3.61166080945866
9396000 -3.64442059012144
9397000 -3.6177052229369
9398000 -3.65339008088125
9399000 -3.63797054833627
9400000 -3.65433301009828
9401000 -3.61415564567153
9402000 -3.6479734872185
9403000 -3.65253015456475
9404000 -3.63230549492925
9405000 -3.66059074651619
9406000 -3.62648250308418
9407000 -3.67321753672381
9408000 -3.62519322605346
9409000 -3.65556656562311
9410000 -3.60269097430202
9411000 -3.69288122461422
9412000 -3.64233331000414
9413000 -3.65698206093
9414000 -3.60933636054194
9415000 -3.69261066813481
9416000 -3.62707703240939
9417000 -3.66183970647412
9418000 -3.62878140761299
9419000 -3.68791055107432
9420000 -3.6149700081563
9421000 -3.66164158546029
9422000 -3.65513166744243
9423000 -3.65926900106158
9424000 -3.63472845733786
9425000 -3.66091245210454
9426000 -3.64795500505382
9427000 -3.63658054249574
9428000 -3.65395433386446
9429000 -3.63949832866039
9430000 -3.67215297463116
9431000 -3.65321160403394
9432000 -3.66813808071717
9433000 -3.63670116759932
9434000 -3.6575462083885
9435000 -3.64610627915964
9436000 -3.66979711985665
9437000 -3.63970771366658
9438000 -3.68542039402723
9439000 -3.63734343092851
9440000 -3.6675261592028
9441000 -3.63700870362223
9442000 -3.67989924915864
9443000 -3.66372983940637
9444000 -3.64942997626656
9445000 -3.66967839009349
9446000 -3.68412883737026
9447000 -3.67239044728042
9448000 -3.64964770288316
9449000 -3.65688832256314
9450000 -3.65116489188911
9451000 -3.65396553879246
9452000 -3.64836753158091
9453000 -3.67344675779676
9454000 -3.64837906100808
9455000 -3.67097413823605
9456000 -3.6329026042275
9457000 -3.68937328528491
9458000 -3.63782492186548
9459000 -3.69978904223931
9460000 -3.65228243895867
9461000 -3.7012930682553
9462000 -3.62976327290393
9463000 -3.69534756942744
9464000 -3.63642210510206
9465000 -3.69689330635351
9466000 -3.65110757937619
9467000 -3.70877277939768
9468000 -3.64678544396736
9469000 -3.67822220550746
9470000 -3.65252888883699
9471000 -3.68991768594415
9472000 -3.65918435891492
9473000 -3.67878471747562
9474000 -3.67577677926524
9475000 -3.68094436117436
9476000 -3.69112935691193
9477000 -3.64765755664551
9478000 -3.68773796150985
9479000 -3.66565518417585
9480000 -3.70217067858166
9481000 -3.62474998931494
9482000 -3.68765237782053
9483000 -3.6384700384386
9484000 -3.70668040580053
9485000 -3.64158875344271
9486000 -3.6900669056739
9487000 -3.67153423326414
9488000 -3.68514492628329
9489000 -3.65218496636073
9490000 -3.69217062128385
9491000 -3.68943050494049
9492000 -3.67234640270574
9493000 -3.67748081880601
9494000 -3.66669635593485
9495000 -3.71613571939687
9496000 -3.65867390066532
9497000 -3.71480887973052
9498000 -3.65982550386884
9499000 -3.69480177949683
9500000 -3.66664941098954
9501000 -3.71977142832294
9502000 -3.65537064827868
9503000 -3.71261257822442
9504000 -3.64214421468807
9505000 -3.71603026025705
9506000 -3.67466079628457
9507000 -3.71655072258064
9508000 -3.63023911808341
9509000 -3.73220203149397
9510000 -3.65217295403224
9511000 -3.70810682627447
9512000 -3.66225944966779
9513000 -3.72131280098177
9514000 -3.67116343420975
9515000 -3.70696259614723
9516000 -3.67993607815828
9517000 -3.69168209661306
9518000 -3.67861030130435
9519000 -3.7101586842349
9520000 -3.68556791675963
9521000 -3.67079074202338
9522000 -3.70233013692188
9523000 -3.67761579479583
9524000 -3.71523318500937
9525000 -3.64843166308127
9526000 -3.72600461045896
9527000 -3.65474838648594
9528000 -3.73559219174945
9529000 -3.64977591952757
9530000 -3.74332583700015
9531000 -3.63425236374862
9532000 -3.75163149773483
9533000 -3.64504963726367
9534000 -3.73984711941425
9535000 -3.65654370729219
9536000 -3.745504323845
9537000 -3.63957218472322
9538000 -3.74491761611731
9539000 -3.64555471884762
9540000 -3.7056235153147
9541000 -3.68916446095381
9542000 -3.71689226079194
9543000 -3.68423900793483
9544000 -3.69259257499944
9545000 -3.71756976878699
9546000 -3.70815590810824
9547000 -3.68878054545504
9548000 -3.69071882439174
9549000 -3.72524022774115
9550000 -3.67752290335758
9551000 -3.73751437134293
9552000 -3.66128238590703
9553000 -3.74695748083156
9554000 -3.64825403652745
9555000 -3.73302601317996
9556000 -3.67177774196569
9557000 -3.74889839084661
9558000 -3.64919716835319
9559000 -3.74266992852248
9560000 -3.68367902112438
9561000 -3.73202152557322
9562000 -3.67474912567574
9563000 -3.72066241920157
9564000 -3.69876708575544
9565000 -3.71183578560827
9566000 -3.7225857709832
9567000 -3.69726483732061
9568000 -3.72468385431941
9569000 -3.70423935044338
9570000 -3.72639874775517
9571000 -3.65667284372283
9572000 -3.75127838939074
9573000 -3.68248424616594
9574000 -3.73635715619506
9575000 -3.69702763291846
9576000 -3.73914504795941
9577000 -3.68287242200684
9578000 -3.73121123500054
9579000 -3.70494557197679
9580000 -3.73401643886293
9581000 -3.70112771542964
9582000 -3.72644763274739
9583000 -3.70301679626841
9584000 -3.70085527054138
9585000 -3.73322987090493
9586000 -3.68243644269634
9587000 -3.70164692217524
9588000 -3.72064116761109
9589000 -3.72145927498331
9590000 -3.67488732705826
9591000 -3.75978614926248
9592000 -3.68384297060804
9593000 -3.74923840259398
9594000 -3.69318416631915
9595000 -3.74089695378688
9596000 -3.68506826422406
9597000 -3.74784457166596
9598000 -3.69075802218435
9599000 -3.73545291553765
9600000 -3.71219625358736
9601000 -3.73353479183514
9602000 -3.70236899718834
9603000 -3.72734683760848
9604000 -3.69354137512664
9605000 -3.74215326046744
9606000 -3.7094207933163
9607000 -3.73878464666747
9608000 -3.73311917659181
9609000 -3.72114782836091
9610000 -3.71792105393754
9611000 -3.71431726662757
9612000 -3.73306073388435
9613000 -3.70455061325159
9614000 -3.72850099314933
9615000 -3.71312546924025
9616000 -3.73204186931058
9617000 -3.70854199320095
9618000 -3.7321117510258
9619000 -3.72281467288876
9620000 -3.7210907650498
9621000 -3.71313486242561
9622000 -3.73722888850899
9623000 -3.73820592591985
9624000 -3.73302777042027
9625000 -3.70890371824035
9626000 -3.73602193519934
9627000 -3.7215201012937
9628000 -3.76279641487083
9629000 -3.70815199549882
9630000 -3.73681864216472
9631000 -3.74766376508042
9632000 -3.71907493778902
9633000 -3.74565828412661
9634000 -3.72059766616363
9635000 -3.75875988967704
9636000 -3.69560714308888
9637000 -3.76639698072531
9638000 -3.72237281651808
9639000 -3.75843347478993
9640000 -3.72319939806173
9641000 -3.74833168124737
9642000 -3.71769554784467
9643000 -3.74681751064261
9644000 -3.74824175471409
9645000 -3.73543246531406
9646000 -3.75984384646073
9647000 -3.7318180965668
9648000 -3.75727515932013
9649000 -3.7361307240919
9650000 -3.75774198169865
9651000 -3.71286070235462
9652000 -3.77939429051449
9653000 -3.72391074272188
9654000 -3.78305410895686
9655000 -3.7256505605687
9656000 -3.76778652970935
9657000 -3.72621655882486
9658000 -3.76684988642264
9659000 -3.71202664509015
9660000 -3.77363782086137
9661000 -3.72677500843305
9662000 -3.77743778963978
9663000 -3.70627332151778
9664000 -3.76193697572407
9665000 -3.71360624147141
9666000 -3.75197793272251
9667000 -3.70832564291538
9668000 -3.76918842131083
9669000 -3.73910035220468
9670000 -3.75885325850424
9671000 -3.73044510444619
9672000 -3.75646997834813
9673000 -3.74337917812101
9674000 -3.77386735829938
9675000 -3.73606699485474
9676000 -3.73710775739472
9677000 -3.76132280548131
9678000 -3.75477584882961
9679000 -3.75699933830191
9680000 -3.72335043432548
9681000 -3.75348060684159
9682000 -3.75169569269583
9683000 -3.79034643800824
9684000 -3.74231196818038
9685000 -3.7643738559807
9686000 -3.77095263657145
9687000 -3.78702538905898
9688000 -3.74096591293475
9689000 -3.77767084185424
9690000 -3.72029042197191
9691000 -3.79813260500422
9692000 -3.7110984881755
9693000 -3.78490089437083
9694000 -3.74544306564449
9695000 -3.79647340452016
9696000 -3.72364994798102
9697000 -3.78726006905524
9698000 -3.72777601881931
9699000 -3.7639248342994
9700000 -3.7399914754779
9701000 -3.77234251124414
9702000 -3.75469881148826
9703000 -3.78512726174281
9704000 -3.73919390761174
9705000 -3.78414534248919
9706000 -3.76330856254282
9707000 -3.75727381067596
9708000 -3.76675890766779
9709000 -3.76797771447762
9710000 -3.76908585801623
9711000 -3.75619975074128
9712000 -3.76292509175282
9713000 -3.75813618133671
9714000 -3.77589090004932
9715000 -3.76580883824546
9716000 -3.80133075139815
9717000 -3.75382448665999
9718000 -3.76703916254666
9719000 -3.75599299009547
9720000 -3.76180758291205
9721000 -3.75916262039076
9722000 -3.78049478548508
9723000 -3.7481180339887
9724000 -3.77911457866502
9725000 -3.76308492336612
9726000 -3.7809135056307
9727000 -3.75562158087384
9728000 -3.78318106238651
9729000 -3.74344573420956
9730000 -3.79971075195094
9731000 -3.73451437546797
9732000 -3.80049031949166
9733000 -3.73016473966216
9734000 -3.79590214080642
9735000 -3.74608020958185
9736000 -3.77859409401677
9737000 -3.77635910203849
9738000 -3.7649053990387
9739000 -3.7872375833801
9740000 -3.75603718969155
9741000 -3.80071556465456
9742000 -3.75410979150685
9743000 -3.79305516817411
9744000 -3.7520973843216
9745000 -3.80905438394022
9746000 -3.76094374442858
9747000 -3.8126580977787
9748000 -3.76698493754208
9749000 -3.80105575447145
9750000 -3.76369810169473
9751000 -3.81759602114985
9752000 -3.76412092273139
9753000 -3.79929228331982
9754000 -3.76417389163529
9755000 -3.80743175593424
9756000 -3.78589018097103
9757000 -3.7877355330434
9758000 -3.78548599396236
9759000 -3.76767494855783
9760000 -3.80549937149814
9761000 -3.76432060351232
9762000 -3.81711300346486
9763000 -3.75501506431499
9764000 -3.80658465042836
9765000 -3.75016086577237
9766000 -3.80140921458349
9767000 -3.77030521991602
9768000 -3.80238282545573
9769000 -3.77813902001283
9770000 -3.7883386678388
9771000 -3.80267338648442
9772000 -3.79378423104983
9773000 -3.79845661261216
9774000 -3.77462485301121
9775000 -3.81799023474598
9776000 -3.7703057110065
9777000 -3.80108851714156
9778000 -3.7541700631061
9779000 -3.84486015436275
9780000 -3.75973688851673
9781000 -3.84204550409425
9782000 -3.7636767774744
9783000 -3.82770458402642
9784000 -3.7702641672978
9785000 -3.82353730049392
9786000 -3.78117623103488
9787000 -3.79752709632479
9788000 -3.80849852740663
9789000 -3.80624062992207
9790000 -3.78097465312911
9791000 -3.79316506498861
9792000 -3.82968937187334
9793000 -3.79620707013826
9794000 -3.81962555734091
9795000 -3.78721345988239
9796000 -3.83111824449164
9797000 -3.78909974986306
9798000 -3.80912419023885
9799000 -3.77659416839377
9800000 -3.83492923628426
9801000 -3.79364758595187
9802000 -3.81721442130879
9803000 -3.8099068614144
9804000 -3.81319443608451
9805000 -3.79475857576224
9806000 -3.78475474101802
9807000 -3.82659391279685
9808000 -3.81605257578548
9809000 -3.80916269945188
9810000 -3.7943959308635
9811000 -3.81896240999193
9812000 -3.79897162792561
9813000 -3.81338239033518
9814000 -3.80001096450327
9815000 -3.81191094723749
9816000 -3.79441917130152
9817000 -3.8181477696856
9818000 -3.82419631144885
9819000 -3.7804491634814
9820000 -3.84201624550338
9821000 -3.79195809174644
9822000 -3.84350679651534
9823000 -3.78467478650661
9824000 -3.83111074089815
9825000 -3.78546084832137
9826000 -3.83994589209778
9827000 -3.79698377836384
9828000 -3.81656911078458
9829000 -3.81218434735398
9830000 -3.84240542825557
9831000 -3.76930471234337
9832000 -3.81902499642791
9833000 -3.83561405358632
9834000 -3.81248032398164
9835000 -3.8263518073682
9836000 -3.81276524788311
9837000 -3.8234882559787
9838000 -3.79765065722401
9839000 -3.83424968037984
9840000 -3.81024325930108
9841000 -3.83608975453358
9842000 -3.79402079512381
9843000 -3.82071321685129
9844000 -3.80895422921817
9845000 -3.83208353401659
9846000 -3.80302072367498
9847000 -3.82403237329826
9848000 -3.82405951951289
9849000 -3.82083909917679
9850000 -3.8096979311846
9851000 -3.82592098737526
9852000 -3.82374012930905
9853000 -3.81617409315061
9854000 -3.82797163558281
9855000 -3.82042425763793
9856000 -3.82730547166545
9857000 -3.80482865047278
9858000 -3.85750705895454
9859000 -3.78283520490251
9860000 -3.85554122504937
9861000 -3.80651278485242
9862000 -3.86843570015315
9863000 -3.77518334620291
9864000 -3.86805064274694
9865000 -3.79444922949885
9866000 -3.84117898067467
9867000 -3.8032999609314
9868000 -3.84826349882975
9869000 -3.80580674589396
9870000 -3.83213515507588
9871000 -3.81286319704488
9872000 -3.83928966585939
9873000 -3.84907603969528
9874000 -3.79567049340847
9875000 -3.88885667931592
9876000 -3.79142138652735
9877000 -3.86661462185758
9878000 -3.7753436446401
9879000 -3.89067169244923
9880000 -3.78591518312851
9881000 -3.88732897200536
9882000 -3.79926637626382
9883000 -3.85675238615008
9884000 -3.83300154258514
9885000 -3.83728954471534
9886000 -3.81658840533939
9887000 -3.82619278618155
9888000 -3.8912879680385
9889000 -3.82096631595996
9890000 -3.84791163032149
9891000 -3.81469386427051
9892000 -3.86161888770813
9893000 -3.81884656636237
9894000 -3.85196551944086
9895000 -3.78888377991882
9896000 -3.88155851569568
9897000 -3.80447150376747
9898000 -3.86660065682402
9899000 -3.80546008899367
9900000 -3.88767125949576
9901000 -3.79472505722398
9902000 -3.87753775792087
9903000 -3.81868633534845
9904000 -3.86469738351258
9905000 -3.82219430057835
9906000 -3.86602495630721
9907000 -3.83998240254613
9908000 -3.84390235209522
9909000 -3.86658926269391
9910000 -3.77667048384128
9911000 -3.86152040695579
9912000 -3.8355916624134
9913000 -3.87343641893942
9914000 -3.78066385863641
9915000 -3.88082166106115
9916000 -3.81950248689316
9917000 -3.87366868387148
9918000 -3.83243743575314
9919000 -3.87464303801864
9920000 -3.81199052987758
9921000 -3.88686216964897
9922000 -3.81483656808779
9923000 -3.87043652232046
9924000 -3.819387910505
9925000 -3.8867073510564
9926000 -3.80511220227738
9927000 -3.86047988634353
9928000 -3.85051140819864
9929000 -3.84900898704585
9930000 -3.86017566462478
9931000 -3.84516912812479
9932000 -3.86653278530895
9933000 -3.84150345385343
9934000 -3.87760206421716
9935000 -3.82582796144644
9936000 -3.89567476397898
9937000 -3.83053942044255
9938000 -3.87999651611108
9939000 -3.83093060281516
9940000 -3.89028197668827
9941000 -3.82567296570701
9942000 -3.88324023153995
9943000 -3.84038571257042
9944000 -3.87981467978806
9945000 -3.85388517450478
9946000 -3.88155996210817
9947000 -3.82820806391439
9948000 -3.84176816250872
9949000 -3.88066941154883
9950000 -3.84709245237301
9951000 -3.86834998975242
9952000 -3.82241475513198
9953000 -3.87438881558917
9954000 -3.835033915286
9955000 -3.89200162596282
9956000 -3.82807176227794
9957000 -3.91068545883511
9958000 -3.82626283696689
9959000 -3.88922600327867
9960000 -3.82851977562999
9961000 -3.91343420064513
9962000 -3.81295330980706
9963000 -3.89299033992796
9964000 -3.84850225310062
9965000 -3.88335485739407
9966000 -3.85497375874683
9967000 -3.86830102275115
9968000 -3.84181866266794
9969000 -3.884925943269
9970000 -3.85811070120344
9971000 -3.86275379197651
9972000 -3.87674165616454
9973000 -3.87848592362347
9974000 -3.86784062447193
9975000 -3.86058276727776
9976000 -3.89037243405122
9977000 -3.84300897865229
9978000 -3.88818654675472
9979000 -3.85844803901143
9980000 -3.89777353546745
9981000 -3.86328881689298
9982000 -3.8734153383823
9983000 -3.85073938256757
9984000 -3.91180792128847
9985000 -3.88391237195884
9986000 -3.87306382297906
9987000 -3.84961992092376
9988000 -3.90886686387933
9989000 -3.84725867597955
9990000 -3.89147504600066
9991000 -3.85011775875367
9992000 -3.88714643083363
9993000 -3.87619581416624
9994000 -3.88049458642238
9995000 -3.86500021997164
9996000 -3.86740608248888
9997000 -3.8693513998951
9998000 -3.86059777834588
9999000 -3.88656236267098
10000000 -3.84175362980716
10001000 -3.90803235476176
10002000 -3.84928691818553
10003000 -3.93642805428603
10004000 -3.84546287141132
10005000 -3.94096392253131
10006000 -3.84546327686429
10007000 -3.91972702696766
10008000 -3.87978935459028
10009000 -3.89085142316994
10010000 -3.85727755987199
10011000 -3.87779022247758
10012000 -3.89131067581018
10013000 -3.88444446310008
10014000 -3.88464464999669
10015000 -3.855441289923
10016000 -3.88931256204622
10017000 -3.88632730930652
10018000 -3.91326314099505
10019000 -3.848988748782
10020000 -3.92633231432275
10021000 -3.84492551505775
10022000 -3.91296609828211
10023000 -3.86805775678412
10024000 -3.92044508054415
10025000 -3.8495865026303
10026000 -3.92081713220365
10027000 -3.84051664556592
10028000 -3.90099160033944
10029000 -3.87938721336293
10030000 -3.92538029924318
10031000 -3.88880185843621
10032000 -3.90768246313782
10033000 -3.87369505880315
10034000 -3.90964658534655
10035000 -3.90954578628877
10036000 -3.87666459498924
10037000 -3.90763952907884
10038000 -3.90220656490107
10039000 -3.90998326191804
10040000 -3.87560633165954
10041000 -3.91028813376156
10042000 -3.87012933507575
10043000 -3.88715514167106
10044000 -3.88204784902227
10045000 -3.90078774522239
10046000 -3.88220392518259
10047000 -3.8989405921548
10048000 -3.90076287486406
10049000 -3.9059969364971
10050000 -3.88649487124539
10051000 -3.89764008282294
10052000 -3.90255245332601
10053000 -3.89774212311772
10054000 -3.89087438152438
10055000 -3.90583299398758
10056000 -3.92807855265383
10057000 -3.87924133990796
10058000 -3.91608305776799
10059000 -3.87322509600096
10060000 -3.92773529338137
10061000 -3.87944613377894
10062000 -3.93629093113699
10063000 -3.86696873780639
10064000 -3.93584851102724
10065000 -3.87845206562044
10066000 -3.92561947420243
10067000 -3.90382412274384
10068000 -3.94019821391979
10069000 -3.88778878957487
10070000 -3.91612249041662
10071000 -3.87890507390721
10072000 -3.91522179250494
10073000 -3.89194701345734
10074000 -3.90935664654629
10075000 -3.91130814400061
10076000 -3.90191987109999
10077000 -3.92267433042609
10078000 -3.89785487029607
10079000 -3.90423259588378
10080000 -3.88339886612069
10081000 -3.93582989152111
10082000 -3.90948894453644
10083000 -3.92471748152545
10084000 -3.88187719831059
10085000 -3.9381837979176
10086000 -3.88629380406876
10087000 -3.94499467275305
10088000 -3.89461142829476
10089000 -3.9525264689988
10090000 -3.86855191329015
10091000 -3.92664916124936
10092000 -3.93492165869715
10093000 -3.92235502727835
10094000 -3.90888789903971
10095000 -3.90132108907212
10096000 -3.92227672761569
10097000 -3.91358624888694
10098000 -3.92261426809271
10099000 -3.87915709825569
10100000 -3.93753850212588
10101000 -3.92368807930447
10102000 -3.93015962870276
10103000 -3.89327506290948
10104000 -3.95024504180932
10105000 -3.89757366515573
10106000 -3.94253254121601
10107000 -3.92256071980704
10108000 -3.92164862031044
10109000 -3.90840710819732
10110000 -3.94983433170832
10111000 -3.91108906827522
10112000 -3.92273789624791
10113000 -3.89307267819974
10114000 -3.95142495665308
10115000 -3.90265541575698
10116000 -3.91699431307741
10117000 -3.89305934521508
10118000 -3.9542557911087
10119000 -3.90778156972519
10120000 -3.91667397246224
10121000 -3.92703115836
10122000 -3.92885720199402
10123000 -3.94481285129093
10124000 -3.89611841341383
10125000 -3.95504533783303
10126000 -3.90466760273597
10127000 -3.94423303265481
10128000 -3.91316171371306
10129000 -3.93423376561804
10130000 -3.91905921945962
10131000 -3.96571692712889
10132000 -3.89947008410739
10133000 -3.94646270869795
10134000 -3.90968100789774
10135000 -3.94456195102544
10136000 -3.90874597345805
10137000 -3.930937008216
10138000 -3.9176111726127
10139000 -3.91371600249725
10140000 -3.94088931943148
10141000 -3.95533596060734
10142000 -3.93908028914024
10143000 -3.93920471443551
10144000 -3.93485167100092
10145000 -3.94098397704865
10146000 -3.93123117245239
10147000 -3.93482526628119
10148000 -3.9701096942453
10149000 -3.94269736490846
10150000 -3.92176243659116
10151000 -3.91558140397553
10152000 -3.95550899048451
10153000 -3.93552111162629
10154000 -3.95375310507765
10155000 -3.94447177571105
10156000 -3.95331612635119
10157000 -3.94071869476474
10158000 -3.92346832126844
10159000 -3.92756576321794
10160000 -3.96050596012478
10161000 -3.93359364008155
10162000 -3.94783073618884
10163000 -3.94617243742981
10164000 -3.94957034759456
10165000 -3.95097690449512
10166000 -3.93710212373348
10167000 -3.95045318631109
10168000 -3.93343556017971
10169000 -3.95179599366379
10170000 -3.96040642454985
10171000 -3.92199358023096
10172000 -3.96556394312566
10173000 -3.93603273566905
10174000 -3.97338603779996
10175000 -3.91916063201333
10176000 -3.95759365722714
10177000 -3.91285950560263
10178000 -3.9577851203466
10179000 -3.93307400782822
10180000 -3.95509129878745
10181000 -3.93642814129504
10182000 -3.95723758885421
10183000 -3.95322668071154
10184000 -3.94021630687053
10185000 -3.96456421836763
10186000 -3.94947562193162
10187000 -3.95192552237903
10188000 -3.94242733835091
10189000 -3.96153953291686
10190000 -3.94785408231329
10191000 -3.97248818189292
10192000 -3.91569229685533
10193000 -3.96169337242716
10194000 -3.94176661655887
10195000 -3.98448634434728
10196000 -3.94486601241751
10197000 -3.96977752225208
10198000 -3.9445344968153
10199000 -3.97875932576784
10200000 -3.95309311777214
10201000 -3.94839762024847
10202000 -3.94848677839381
10203000 -3.9795046467092
10204000 -3.96795694882667
10205000 -3.96255518919233
10206000 -3.9548603982575
10207000 -3.94602969727828
10208000 -3.96801003239219
10209000 -3.96740933047568
10210000 -3.94399012447757
10211000 -3.9586834440533
10212000 -3.96709907801733
10213000 -3.97493240188315
10214000 -3.96721122687593
10215000 -3.98208123163802
10216000 -3.9798172777441
10217000 -3.96380287945458
10218000 -3.97704166457508
10219000 -3.95413340283243
10220000 -3.97388917655733
10221000 -3.98989321226675
10222000 -3.93437059399311
10223000 -3.96997627319829
10224000 -3.99198862235363
10225000 -3.97427613010419
10226000 -3.95588721399354
10227000 -3.97266424905401
10228000 -3.97680539507112
10229000 -3.96234429445902
10230000 -3.96315936705736
10231000 -3.97895347319229
10232000 -3.9806201204027
10233000 -3.97017517434096
10234000 -3.94892658908439
10235000 -3.98005755371113
10236000 -3.96991224851933
10237000 -3.96779263928169
10238000 -3.97808366543989
10239000 -3.97435775841313
10240000 -3.97351485474019
10241000 -3.986907295181
10242000 -4.01016481276409
10243000 -3.93132292617012
10244000 -3.99177030762991
10245000 -3.95414770966295
10246000 -3.99005510940079
10247000 -3.98130247914411
10248000 -3.97522366998847
10249000 -3.95371030297914
10250000 -3.99891245975217
10251000 -3.98142484813106
10252000 -3.99813712764305
10253000 -3.96436649299918
10254000 -4.02062310124132
10255000 -3.9692847374054
10256000 -4.01274933312123
10257000 -3.96201525894379
10258000 -3.97281267391159
10259000 -3.99755136423075
10260000 -3.97126992267662
10261000 -3.98075706358173
10262000 -3.97866156815749
10263000 -3.97479863019344
10264000 -3.97873437603973
10265000 -3.98182812253147
10266000 -3.9706504974542
10267000 -4.00625917589731
10268000 -3.98524897949175
10269000 -3.98966431853256
10270000 -3.98430748472665
10271000 -4.03379128428708
10272000 -3.97312464103692
10273000 -4.00954588121293
10274000 -3.97716782540007
10275000 -3.99560879503819
10276000 -3.98067174721422
10277000 -3.98657165630594
10278000 -4.01177982774142
10279000 -3.98497876053585
10280000 -3.96969671739139
10281000 -3.97673896441535
10282000 -4.02068694607198
10283000 -3.98180944764373
10284000 -4.0053476346942
10285000 -3.94786844928901
10286000 -4.01990330976766
10287000 -3.97359679188042
10288000 -4.03134241167257
10289000 -3.97691196070949
10290000 -4.00990871642553
10291000 -3.9755023451748
10292000 -4.01036858418537
10293000 -3.97567172255462
10294000 -3.98992413407698
10295000 -4.02745576748367
10296000 -3.99808255202668
10297000 -3.9882300834067
10298000 -3.99042437026418
10299000 -4.03255888307968
10300000 -3.98904987714123
10301000 -3.99253926752986
10302000 -3.9885753690878
10303000 -4.0265030257064
10304000 -3.99377888376745
10305000 -4.02428532293505
10306000 -3.99729869130199
10307000 -4.01470479828246
10308000 -3.99205517594312
10309000 -3.99905692867825
10310000 -4.01792762608538
10311000 -3.98254484008346
10312000 -3.99691023470445
10313000 -3.99225526381483
10314000 -4.00402071037234
10315000 -4.0049387031201
10316000 -4.01196077544179
10317000 -3.98951913916224
10318000 -4.01902438292462
10319000 -4.0225268529441
10320000 -3.98665159448636
10321000 -4.00302394622955
10322000 -4.00779729069631
10323000 -4.00480771466976
10324000 -4.00104441725194
10325000 -4.01815219108009
10326000 -3.97473169120487
10327000 -4.012822680827
10328000 -4.01970582724592
10329000 -4.015366342757
10330000 -3.99725396383044
10331000 -4.03359059277428
10332000 -3.98902474098228
10333000 -4.01674095212439
10334000 -4.00773700613266
10335000 -4.02552218186102
10336000 -4.01721823254178
10337000 -4.0469681665147
10338000 -3.98742474891064
10339000 -4.03485557356847
10340000 -4.00304451112862
10341000 -4.02368231974718
10342000 -3.9936603551605
10343000 -4.05750613929116
10344000 -4.00447104658149
10345000 -4.02530123466622
10346000 -4.00356999160135
10347000 -4.05007012789666
10348000 -4.00882506644081
10349000 -4.05477538194387
10350000 -3.98764132108279
10351000 -4.04178042707096
10352000 -4.01045485977174
10353000 -4.01794424043992
10354000 -4.01920636049667
10355000 -4.01762370972331
10356000 -4.03226736795859
10357000 -4.02802429984114
10358000 -4.01588573227765
10359000 -4.02000025855461
10360000 -4.00957421083561
10361000 -4.01611251361645
10362000 -4.02303575766228
10363000 -4.02741940754729
10364000 -4.02670457740921
10365000 -4.00765896606544
10366000 -4.01255872832245
10367000 -4.03531710910917
10368000 -4.05024379023939
10369000 -4.04175664279836
10370000 -4.00632381613678
10371000 -4.04701243362118
10372000 -4.00339362999076
10373000 -4.03104034226609
10374000 -4.02773739248959
10375000 -4.04857642578152
10376000 -4.00328854562048
10377000 -4.06453641375413
10378000 -3.99297860213206
10379000 -4.06632391300642
10380000 -4.0190656405197
10381000 -4.06640029810274
10382000 -4.01571149004165
10383000 -4.06993722224819
10384000 -4.01642390202168
10385000 -4.05993846944275
10386000 -4.0050142422166
10387000 -4.05118304340255
10388000 -4.02464087921045
10389000 -4.04944543438736
10390000 -4.03479208079373
10391000 -4.02543037831765
10392000 -4.02716663267314
10393000 -4.05405184617971
10394000 -4.05132260014309
10395000 -4.02033261311188
10396000 -4.04738606191409
10397000 -4.03594494016314
10398000 -4.04528935961775
10399000 -4.03782418181724
10400000 -4.06896556364254
10401000 -4.01471267374767
10402000 -4.04811029471365
10403000 -4.03087321849056
10404000 -4.04092955889108
10405000 -4.03751998997411
10406000 -4.05608213243805
10407000 -4.02375809679851
10408000 -4.04296669643913
10409000 -4.07151923165228
10410000 -4.01858735647742
10411000 -4.0556620019907
10412000 -4.07068176730363
10413000 -4.03978781696101
10414000 -4.04973461714768
10415000 -4.04489113255894
10416000 -4.04146410737169
10417000 -4.07401417485854
10418000 -4.07527839824539
10419000 -3.9982185213572
10420000 -4.06952054170161
10421000 -4.027614128923
10422000 -4.0713613432941
10423000 -4.04285464578545
10424000 -4.04455898774577
10425000 -4.05165145794446
10426000 -4.07890070891527
10427000 -4.04562827941537
10428000 -4.04857246441361
10429000 -4.04648486339695
10430000 -4.05366552931739
10431000 -4.02865516685908
10432000 -4.07526456372421
10433000 -4.03514476594528
10434000 -4.04519351327828
10435000 -4.03658216594076
10436000 -4.07400920879445
10437000 -4.01493258736675
10438000 -4.09899679899825
10439000 -4.03623186726163
10440000 -4.05993705687277
10441000 -4.04581450700581
10442000 -4.07179545844579
10443000 -4.01393939466563
10444000 -4.0807247596962
10445000 -4.03942225035509
10446000 -4.06261860303492
10447000 -4.05530915431833
10448000 -4.06957144727778
10449000 -4.02548878724769
10450000 -4.1187786488921
10451000 -4.03080669014954
10452000 -4.07291111956765
10453000 -4.06208447487508
10454000 -4.06269397785119
10455000 -4.05976867651842
10456000 -4.0689452895639
10457000 -4.04812119501233
10458000 -4.0781196255997
10459000 -4.07730962558502
10460000 -4.02975210896762
10461000 -4.05891880891998
10462000 -4.07716518138623
10463000 -4.03255971346836
10464000 -4.06870363158267
10465000 -4.06977971788708
10466000 -4.04556927791587
10467000 -4.05954728406364
10468000 -4.0818872620314
10469000 -4.05535624076556
10470000 -4.07913300760953
10471000 -4.05711384952814
10472000 -4.09158809478154
10473000 -4.07941515925285
10474000 -4.09348222644119
10475000 -4.05269224098438
10476000 -4.08432223500779
10477000 -4.05201607822546
10478000 -4.07296678513382
10479000 -4.06644407028368
10480000 -4.10092052937397
10481000 -4.02859199218001
10482000 -4.0956226799555
10483000 -4.04800159137553
10484000 -4.09379916965039
10485000 -4.05680397070571
10486000 -4.10976018507049
10487000 -4.03874998264203
10488000 -4.08374395635475
10489000 -4.07349376822338
10490000 -4.08619218708362
10491000 -4.0667221294412
10492000 -4.07797479563269
10493000 -4.08284511256437
10494000 -4.07478099749651
10495000 -4.08805452535966
10496000 -4.0508543002934
10497000 -4.08614328126697
10498000 -4.04176130616517
10499000 -4.07705503666109
10500000 -4.07324437655173
10501000 -4.09570309657009
10502000 -4.04944398223939
10503000 -4.08516130976018
10504000 -4.08235928754985
10505000 -4.10594936770166
10506000 -4.07027171634471
10507000 -4.08573209825881
10508000 -4.07738390138322
10509000 -4.10617046526907
10510000 -4.07064211854249
10511000 -4.10449741402189
10512000 -4.08747417681718
10513000 -4.09848321128491
10514000 -4.08324304708615
10515000 -4.08608361053758
10516000 -4.07494421255909
10517000 -4.0838442359293
10518000 -4.08668791918223
10519000 -4.08131898429309
10520000 -4.10099317816057
10521000 -4.08364846576679
10522000 -4.10456716467252
10523000 -4.10627721267507
10524000 -4.07733429448694
10525000 -4.09640577758226
10526000 -4.09339063154245
10527000 -4.09120358932371
10528000 -4.09504390571985
10529000 -4.09059103732977
10530000 -4.08269540138951
10531000 -4.10040036175374
10532000 -4.10214806685053
10533000 -4.07981017002682
10534000 -4.09054845402656
10535000 -4.11137362169649
10536000 -4.09342608814537
10537000 -4.09923860521966
10538000 -4.06881030693051
10539000 -4.09131274006274
10540000 -4.08661489375047
10541000 -4.11021500490929
10542000 -4.08284862072875
10543000 -4.10293696770019
10544000 -4.09979074107869
10545000 -4.09664114376111
10546000 -4.1095374004706
10547000 -4.10835242130207
10548000 -4.10382525289773
10549000 -4.13488732857018
10550000 -4.09573866472524
10551000 -4.09771257577704
10552000 -4.09936051636721
10553000 -4.09428842464496
10554000 -4.10920284080907
10555000 -4.12459288359324
10556000 -4.07106310013193
10557000 -4.1090205846693
10558000 -4.08434525497266
10559000 -4.11797806312388
10560000 -4.09904527952229
10561000 -4.12833820933546
10562000 -4.07756293365913
10563000 -4.12844348391198
10564000 -4.08295169842809
10565000 -4.13846847513057
10566000 -4.09268755187551
10567000 -4.1090700625959
10568000 -4.07696396971319
10569000 -4.11147663839777
10570000 -4.10730200966222
10571000 -4.1229682089754
10572000 -4.07962605269728
10573000 -4.13333655441016
10574000 -4.10728739755211
10575000 -4.10468764468803
10576000 -4.10039894861692
10577000 -4.10356839914388
10578000 -4.1221571473439
10579000 -4.10325378423039
10580000 -4.12303357496257
10581000 -4.09254350537739
10582000 -4.11420632435758
10583000 -4.12042848508255
10584000 -4.13170580002607
10585000 -4.08571230329954
10586000 -4.11785783704267
10587000 -4.09036747956094
10588000 -4.13959282071541
10589000 -4.09185035191844
10590000 -4.13136177971742
10591000 -4.10101541089006
10592000 -4.13573362531828
10593000 -4.10259991912639
10594000 -4.1353087480757
10595000 -4.10627823751628
10596000 -4.11636223129809
10597000 -4.11920957964956
10598000 -4.14437208964924
10599000 -4.08978085703001
10600000 -4.11321023796033
10601000 -4.12417562818213
10602000 -4.12638739943972
10603000 -4.10515835484474
10604000 -4.12142793549712
10605000 -4.1370152871342
10606000 -4.11715296162776
10607000 -4.12751653973185
10608000 -4.10540346251438
10609000 -4.14323009909629
10610000 -4.12547103904105
10611000 -4.11073073183157
10612000 -4.12365418465082
10613000 -4.14598809938427
10614000 -4.1168776707496
10615000 -4.1456747367018
10616000 -4.09873572710389
10617000 -4.15702087515116
10618000 -4.13812866869586
10619000 -4.13063375370439
10620000 -4.12504436798109
10621000 -4.14302706645083
10622000 -4.1191474850447
10623000 -4.15059622791169
10624000 -4.11904235563009
10625000 -4.11442169529918
10626000 -4.1410932756134
10627000 -4.10160490529251
10628000 -4.13332861676697
10629000 -4.14283277861959
10630000 -4.11482787631384
10631000 -4.12581474902407
10632000 -4.15079950043504
10633000 -4.11695939382111
10634000 -4.13791637314433
10635000 -4.13105225855337
10636000 -4.12104670530578
10637000 -4.11832031050788
10638000 -4.16836413883037
10639000 -4.09485435307543
10640000 -4.15868659614292
10641000 -4.12194440366903
10642000 -4.15588489963992
10643000 -4.11294879393907
10644000 -4.17019249185529
10645000 -4.11243949873226
10646000 -4.17382074491715
10647000 -4.11009447537361
10648000 -4.13451169687679
10649000 -4.13467640283714
10650000 -4.14949531736556
10651000 -4.13816329793376
10652000 -4.14083388012684
10653000 -4.12475276651419
10654000 -4.15156000430788
10655000 -4.14008177950165
10656000 -4.11307548617761
10657000 -4.15075665248482
10658000 -4.15112180792553
10659000 -4.11960819209835
10660000 -4.1326026663751
10661000 -4.1248457271433
10662000 -4.15414546999996
10663000 -4.14991700796475
10664000 -4.13806647479536
10665000 -4.1688432488341
10666000 -4.13493871185875
10667000 -4.1551904647042
10668000 -4.12660831830545
10669000 -4.18166166923407
10670000 -4.11969796563005
10671000 -4.15665261674956
10672000 -4.11528299115395
10673000 -4.18086077190547
10674000 -4.139873031327
10675000 -4.17582404913925
10676000 -4.12187067512692
10677000 -4.16979570398705
10678000 -4.14131028606313
10679000 -4.13595903191798
10680000 -4.16394168278037
10681000 -4.1413041529197
10682000 -4.16354436532386
10683000 -4.15003438298838
10684000 -4.15514372205938
10685000 -4.1587272558268
10686000 -4.17561821034727
10687000 -4.12787145171203
10688000 -4.17808835267735
10689000 -4.13128395283688
10690000 -4.17415719913059
10691000 -4.15067421577687
10692000 -4.17611073122543
10693000 -4.13468238019828
10694000 -4.17067715391569
10695000 -4.14836046767625
10696000 -4.17189663535789
10697000 -4.15203831759746
10698000 -4.14156758467306
10699000 -4.13190633672972
10700000 -4.14670145727708
10701000 -4.17839076995468
10702000 -4.15283492824895
10703000 -4.18561698055221
10704000 -4.13934363023333
10705000 -4.21922944481401
10706000 -4.14042140742245
10707000 -4.15966747383516
10708000 -4.15606663116463
10709000 -4.16503669534127
10710000 -4.1527359924607
10711000 -4.16641380716861
10712000 -4.17658652489184
10713000 -4.15388242249612
10714000 -4.18250803669242
10715000 -4.14350588702138
10716000 -4.1780685531508
10717000 -4.15928442438197
10718000 -4.18216757386042
10719000 -4.12890671714883
10720000 -4.19976909541508
10721000 -4.14955735816035
10722000 -4.19300582925164
10723000 -4.13360124404885
10724000 -4.19617985500336
10725000 -4.1573453224626
10726000 -4.18912757163741
10727000 -4.13618880685835
10728000 -4.18948636357044
10729000 -4.14879860652359
10730000 -4.18125385027171
10731000 -4.1687997444565
10732000 -4.18535560944869
10733000 -4.16842859067393
10734000 -4.16595530545475
10735000 -4.1804002881688
10736000 -4.17073320711161
10737000 -4.1941426960777
10738000 -4.16406980417062
10739000 -4.1788189765496
10740000 -4.15990894459293
10741000 -4.20191726894978
10742000 -4.147999141315
10743000 -4.17139258784447
10744000 -4.16372821833459
10745000 -4.2042376289316
10746000 -4.16445655484319
10747000 -4.18870707994666
10748000 -4.17181181780151
10749000 -4.16900766762731
10750000 -4.15679339998999
10751000 -4.17018852532585
10752000 -4.17532681496819
10753000 -4.19335079887974
10754000 -4.18543754422022
10755000 -4.15740152192685
10756000 -4.20143423620206
10757000 -4.16376128520096
10758000 -4.19306544912635
10759000 -4.16527322324753
10760000 -4.17277930743376
10761000 -4.17695104436107
10762000 -4.20084224866272
10763000 -4.1630036075827
10764000 -4.17886253209009
10765000 -4.1850575594336
10766000 -4.18326351750172
10767000 -4.19190245881219
10768000 -4.18594475607192
10769000 -4.18909555865321
10770000 -4.17669549972308
10771000 -4.17390505183689
10772000 -4.2009000721466
10773000 -4.18740799091422
10774000 -4.18608289339891
10775000 -4.19663841786632
10776000 -4.20362162480039
10777000 -4.14958693762412
10778000 -4.21242863264337
10779000 -4.17914228929408
10780000 -4.19185899502286
10781000 -4.1808080210182
10782000 -4.19588039852229
10783000 -4.18365024162791
10784000 -4.18874806742048
10785000 -4.19983543423971
10786000 -4.18947762532984
10787000 -4.17574526684832
10788000 -4.19604655221405
10789000 -4.1994863682728
10790000 -4.20341381536778
10791000 -4.18470292454638
10792000 -4.20260448490372
10793000 -4.19845433692128
10794000 -4.21071697067742
10795000 -4.20279090303291
10796000 -4.19942389917468
10797000 -4.19530127608046
10798000 -4.22088812069195
10799000 -4.20860739296485
10800000 -4.21320332414692
10801000 -4.17384488551703
10802000 -4.18296121274756
10803000 -4.21269302154474
10804000 -4.22913708456518
10805000 -4.1519458807316
10806000 -4.21937566909759
10807000 -4.17472298685286
10808000 -4.22042242611312
10809000 -4.18758737049265
10810000 -4.20308638763662
10811000 -4.18582444753781
10812000 -4.2251896052707
10813000 -4.17588876687559
10814000 -4.19789165041531
10815000 -4.20064018298452
10816000 -4.22811847120334
10817000 -4.18926131188325
10818000 -4.24108913644594
10819000 -4.19377038891396
10820000 -4.21267899804689
10821000 -4.17201527695406
10822000 -4.25221468860696
10823000 -4.19945362486336
10824000 -4.21400506313573
10825000 -4.17289580568076
10826000 -4.25188294193408
10827000 -4.2168781695164
10828000 -4.22621115243088
10829000 -4.19788769034886
10830000 -4.2397409116541
10831000 -4.22068988582439
10832000 -4.21033610680312
10833000 -4.2078477579008
10834000 -4.21867192102908
10835000 -4.22585412228477
10836000 -4.22615345085314
10837000 -4.22732933063224
10838000 -4.2147175790309
10839000 -4.21375194161446
10840000 -4.21554737947332
10841000 -4.21115110594538
10842000 -4.23108624268593
10843000 -4.20627906611587
10844000 -4.21807613633056
10845000 -4.21375612328835
10846000 -4.22599826612571
10847000 -4.20849089308903
10848000 -4.22701801162737
10849000 -4.22165601482727
10850000 -4.22952851232727
10851000 -4.19790376189767
10852000 -4.25121561168082
10853000 -4.19538897243295
10854000 -4.22524853552471
10855000 -4.1866426410811
10856000 -4.22224235451166
10857000 -4.20853805404772
10858000 -4.23279153591351
10859000 -4.23334730812164
10860000 -4.20648921126665
10861000 -4.20760874038784
10862000 -4.20717039297017
10863000 -4.24117591152901
10864000 -4.20366798353754
10865000 -4.23180903747361
10866000 -4.20197355517274
10867000 -4.24941503517492
10868000 -4.21583521731814
10869000 -4.26024335671417
10870000 -4.1995734350261
10871000 -4.26387947445014
10872000 -4.22505061549307
10873000 -4.2418810211428
10874000 -4.21466747070907
10875000 -4.2467310800096
10876000 -4.20611106231339
10877000 -4.25879536894703
10878000 -4.22414176308106
10879000 -4.24143911909709
10880000 -4.21913564366261
10881000 -4.21491043758325
10882000 -4.2491301443916
10883000 -4.2342650107799
10884000 -4.22568760306026
10885000 -4.24159848898051
10886000 -4.21725773887937
10887000 -4.25773460810308
10888000 -4.22093204041043
10889000 -4.23921453269122
10890000 -4.23154876079709
10891000 -4.25018724111128
10892000 -4.20401188220791
10893000 -4.24798846942971
10894000 -4.24770139658365
10895000 -4.23675505837056
10896000 -4.24422878327928
10897000 -4.23931705216973
10898000 -4.2596408420297
10899000 -4.22500108339124
10900000 -4.23233582185799
10901000 -4.23978688008247
10902000 -4.26424702650591
10903000 -4.24670552060215
10904000 -4.22335712367426
10905000 -4.23155001571318
10906000 -4.23680365851302
10907000 -4.22909983381001
10908000 -4.25661443396241
10909000 -4.2222765272853
10910000 -4.23650981150746
10911000 -4.22723326798641
10912000 -4.27580619228115
10913000 -4.24322859927854
10914000 -4.21722468120347
10915000 -4.23739814545053
10916000 -4.2587122880416
10917000 -4.24854950912332
10918000 -4.23390590378068
10919000 -4.26068196217454
10920000 -4.23059155879375
10921000 -4.2633679140424
10922000 -4.21759469612977
10923000 -4.27163530850678
10924000 -4.23047391325377
10925000 -4.26350074906738
10926000 -4.21946858090738
10927000 -4.26887591004666
10928000 -4.23323509169567
10929000 -4.26838196426232
10930000 -4.22661397589831
10931000 -4.25036766880418
10932000 -4.26767484285523
10933000 -4.24149051336249
10934000 -4.25870242562084
10935000 -4.2287110118853
10936000 -4.28222847367877
10937000 -4.21902356676371
10938000 -4.28790841537961
10939000 -4.19266814279781
10940000 -4.30168736287639
10941000 -4.2075639241356
10942000 -4.29247035053013
10943000 -4.2123784890984
10944000 -4.27777627201845
10945000 -4.24659301495516
10946000 -4.27207228454704
10947000 -4.25406672522791
10948000 -4.26606547517148
10949000 -4.27059525681126
10950000 -4.24352837614387
10951000 -4.2712650212394
10952000 -4.25147672611576
10953000 -4.26117098135813
10954000 -4.24903525545241
10955000 -4.25275140790011
10956000 -4.28103696028073
10957000 -4.25121222976305
10958000 -4.25801248922067
10959000 -4.25795084530555
10960000 -4.27698045328054
10961000 -4.24931415827527
10962000 -4.28391942210305
10963000 -4.23519633242291
10964000 -4.28156188056595
10965000 -4.24293370644197
10966000 -4.28938987505884
10967000 -4.24227712406172
10968000 -4.28660737786895
10969000 -4.26913565555461
10970000 -4.29010155318863
10971000 -4.25301496135175
10972000 -4.27326517532999
10973000 -4.25044046099559
10974000 -4.26631319290338
10975000 -4.26655203855159
10976000 -4.25769283951534
10977000 -4.29024815004701
10978000 -4.25928604007813
10979000 -4.2924780084364
10980000 -4.23600306205177
10981000 -4.31716748423045
10982000 -4.23175476816443
10983000 -4.31128145640456
10984000 -4.24041980661459
10985000 -4.29026490037307
10986000 -4.24677654195892
10987000 -4.24920574656438
10988000 -4.2635961576603
10989000 -4.24826097872286
10990000 -4.29044229935308
10991000 -4.2473267095311
10992000 -4.29348676583507
10993000 -4.25884115605414
10994000 -4.2843720273088
10995000 -4.28437294526764
10996000 -4.25467445622825
10997000 -4.31400720304723
10998000 -4.24743297939685
10999000 -4.32476653579001
11000000 -4.23560451637924
11001000 -4.32092789962031
11002000 -4.22722823650093
11003000 -4.33890811790594
11004000 -4.2419476063823
11005000 -4.32302592755618
11006000 -4.25203039237214
11007000 -4.32086081032745
11008000 -4.24769463368821
11009000 -4.34896739086739
11010000 -4.21003433289928
11011000 -4.31451712448825
11012000 -4.25263286684851
11013000 -4.31097518604187
11014000 -4.27250915611901
11015000 -4.28089522557409
11016000 -4.2872956330307
11017000 -4.30415523335216
11018000 -4.28106628161647
11019000 -4.27648324965488
11020000 -4.30530620057019
11021000 -4.2848443965766
11022000 -4.29836748060147
11023000 -4.28486473093988
11024000 -4.25850292707721
11025000 -4.30814719375886
11026000 -4.27946878700318
11027000 -4.28234090673468
11028000 -4.28780443453144
11029000 -4.29310843126875
11030000 -4.29110111149236
11031000 -4.29887571065174
11032000 -4.27757605754637
11033000 -4.31495950875467
11034000 -4.26980716293583
11035000 -4.31114927986283
11036000 -4.30611086464379
11037000 -4.30171826363248
11038000 -4.27856920050667
11039000 -4.29659200887404
11040000 -4.30045137783946
11041000 -4.28912904699191
11042000 -4.29564972303367
11043000 -4.27131058258617
11044000 -4.29682517427726
11045000 -4.29628950730666
11046000 -4.29625974991528
11047000 -4.26957950850928
11048000 -4.31972233641945
11049000 -4.26760277914675
11050000 -4.3146530110394
11051000 -4.29391826155131
11052000 -4.34354308929118
11053000 -4.27059789377758
11054000 -4.33691616540904
11055000 -4.27421397960749
11056000 -4.34860909630967
11057000 -4.25124782519059
11058000 -4.29847101442951
11059000 -4.28333568451961
11060000 -4.32382848488886
11061000 -4.29286361609792
11062000 -4.28666363272502
11063000 -4.33124308249463
11064000 -4.27410506966524
11065000 -4.31932118799453
11066000 -4.25983588390047
11067000 -4.35813251273146
11068000 -4.29841244308035
11069000 -4.30766144618418
11070000 -4.30299037441952
11071000 -4.31580637836799
11072000 -4.2801632754452
11073000 -4.30998382470565
11074000 -4.30849072375333
11075000 -4.32909921844389
11076000 -4.32074965012777
11077000 -4.29352261494212
11078000 -4.3152122979424
11079000 -4.28742980006473
11080000 -4.32626256737061
11081000 -4.30380974827969
11082000 -4.31698955483777
11083000 -4.30020501230962
11084000 -4.30355932762466
11085000 -4.30156222956373
11086000 -4.31179869123281
11087000 -4.33228286721946
11088000 -4.28210186036148
11089000 -4.35947157302112
11090000 -4.28148597600478
11091000 -4.35433126228523
11092000 -4.25760038130791
11093000 -4.36785726877858
11094000 -4.28903530979626
11095000 -4.34089898472689
11096000 -4.26129133536457
11097000 -4.36867489425839
11098000 -4.28763999082376
11099000 -4.35990975310927
11100000 -4.28916660807737
11101000 -4.35607383992811
11102000 -4.2845604648971
11103000 -4.36746568695347
11104000 -4.28289960615793
11105000 -4.33799102939114
11106000 -4.32219762183376
11107000 -4.30200110617255
11108000 -4.33699834843142
11109000 -4.30100589261065
11110000 -4.34638152147385
11111000 -4.31552927208457
11112000 -4.32843001199693
11113000 -4.29880939589049
11114000 -4.36281373988614
11115000 -4.28671123678624
11116000 -4.33865985706965
11117000 -4.31910906093642
11118000 -4.32171384088902
11119000 -4.3306842673474
11120000 -4.31501702378235
11121000 -4.31093330571013
11122000 -4.34877158332028
11123000 -4.33506838717267
11124000 -4.32846097843673
11125000 -4.33043817363464
11126000 -4.2944494460931
11127000 -4.33995781881665
11128000 -4.3446596952295
11129000 -4.32201736272149
11130000 -4.33891275454167
11131000 -4.35350346575797
11132000 -4.29933237984848
11133000 -4.34235491876453
11134000 -4.31583854316102
11135000 -4.30823081158544
11136000 -4.35053460303635
11137000 -4.31994144495516
11138000 -4.32747199775261
11139000 -4.35352189344788
11140000 -4.3471498843637
11141000 -4.29671398718505
11142000 -4.36890470443048
11143000 -4.32011105469225
11144000 -4.32204215572183
11145000 -4.33912544436637
11146000 -4.32945014608831
11147000 -4.32685165597053
11148000 -4.33882367569507
11149000 -4.32748445763662
11150000 -4.35330186643218
11151000 -4.34526210753758
11152000 -4.30637005574008
11153000 -4.3504942985531
11154000 -4.33068165003184
11155000 -4.3344353917692
11156000 -4.34165876765919
11157000 -4.34534133084814
11158000 -4.32218070956493
11159000 -4.3351241556326
11160000 -4.34314543325796
11161000 -4.34738658020057
11162000 -4.35128689421715
11163000 -4.28626626469677
11164000 -4.38588415538929
11165000 -4.32480699842826
11166000 -4.34206030372275
11167000 -4.33212791022732
11168000 -4.37883816242583
11169000 -4.32772372509624
11170000 -4.38166872022735
11171000 -4.30059779227128
11172000 -4.35930894370142
11173000 -4.38088342926739
11174000 -4.34632945336664
11175000 -4.34364640937712
11176000 -4.34514328565778
11177000 -4.33168787160523
11178000 -4.35190412099425
11179000 -4.37907139860537
11180000 -4.3186112538787
11181000 -4.40339605170582
11182000 -4.31954346421131
11183000 -4.380265329954
11184000 -4.33117064912107
11185000 -4.37154336464578
11186000 -4.3394037148073
11187000 -4.37107663379764
11188000 -4.34261699974851
11189000 -4.38627785210686
11190000 -4.33067826015881
11191000 -4.35636401774157
11192000 -4.36748038395919
11193000 -4.33879396318947
11194000 -4.36116204985775
11195000 -4.35710781376043
11196000 -4.34418214834698
11197000 -4.36082022745796
11198000 -4.34692775424018
11199000 -4.33718054835241
11200000 -4.39315928935444
11201000 -4.32582541926914
11202000 -4.35948360441911
11203000 -4.36568122307629
11204000 -4.35818746101174
11205000 -4.35421004252063
11206000 -4.38874362273283
11207000 -4.33310785137088
11208000 -4.35433905153785
11209000 -4.35153232235127
11210000 -4.36529991667244
11211000 -4.39331493606984
11212000 -4.32098810826281
11213000 -4.36569763675387
11214000 -4.38111537581094
11215000 -4.33330277852362
11216000 -4.36389266124087
11217000 -4.39275818321059
11218000 -4.34255253141217
11219000 -4.37915124104097
11220000 -4.34572535404438
11221000 -4.37884603300946
11222000 -4.38519720065781
11223000 -4.35971074984452
11224000 -4.33594636160893
11225000 -4.39569927100916
11226000 -4.34316321927299
11227000 -4.38759980022789
11228000 -4.35381345749778
11229000 -4.35629710506916
11230000 -4.39213363440118
11231000 -4.35023430528978
11232000 -4.37855803508341
11233000 -4.37732193374047
11234000 -4.37282374301246
11235000 -4.34161792217641
11236000 -4.41487742650908
11237000 -4.31962854254394
11238000 -4.39524362624336
11239000 -4.38506417225541
11240000 -4.33956002840123
11241000 -4.39185549608388
11242000 -4.36935757289558
11243000 -4.39228201340775
11244000 -4.36854825558897
11245000 -4.38895241417261
11246000 -4.34238530880742
11247000 -4.41140960346026
11248000 -4.34371487810926
11249000 -4.40959383752823
11250000 -4.34307110030892
11251000 -4.38637181854455
11252000 -4.31845515465642
11253000 -4.41589174070138
11254000 -4.33487724456636
11255000 -4.41235593074573
11256000 -4.35392997756261
11257000 -4.40756972681781
11258000 -4.39090569254867
11259000 -4.381578597903
11260000 -4.39971956517506
11261000 -4.37085770690199
11262000 -4.40994922804303
11263000 -4.37609506064861
11264000 -4.41422278283073
11265000 -4.33616344376475
11266000 -4.41218260063731
11267000 -4.36217210253613
11268000 -4.40934935277327
11269000 -4.3668867396029
11270000 -4.37166626158669
11271000 -4.40704127444962
11272000 -4.3938418186539
11273000 -4.3676117030112
11274000 -4.39919308702014
11275000 -4.38785407450905
11276000 -4.38493058090633
11277000 -4.41515911077364
11278000 -4.3784387240842
11279000 -4.41244331472886
11280000 -4.34639262614967
11281000 -4.41036103554164
11282000 -4.37330864124032
11283000 -4.40278756298506
11284000 -4.36114956924653
11285000 -4.44345848289945
11286000 -4.33132463942009
11287000 -4.45504075369782
11288000 -4.35017432644022
11289000 -4.42140685249639
11290000 -4.34564783342043
11291000 -4.42858570458299
11292000 -4.38823904231253
11293000 -4.39401568656333
11294000 -4.3927469792534
11295000 -4.39515984999081
11296000 -4.41271679719292
11297000 -4.39741411991889
11298000 -4.40879189361085
11299000 -4.37595591021538
11300000 -4.43723861581929
11301000 -4.37141428388454
11302000 -4.42428868176281
11303000 -4.38342164255552
11304000 -4.42426735031437
11305000 -4.43215097592079
11306000 -4.36009153598895
11307000 -4.40957124693364
11308000 -4.40194377324949
11309000 -4.42054250211816
11310000 -4.36426718975155
11311000 -4.42244749238312
11312000 -4.39374884496855
11313000 -4.41413355799766
11314000 -4.37314372432648
11315000 -4.41475008400553
11316000 -4.36263089128336
11317000 -4.43376063860014
11318000 -4.38101029825676
11319000 -4.41020112814551
11320000 -4.40399780532179
11321000 -4.40643619823673
11322000 -4.39074501984531
11323000 -4.4053936499395
11324000 -4.41726535974777
11325000 -4.39291233344784
11326000 -4.42122052294067
11327000 -4.38844131847713
11328000 -4.41103881509902
11329000 -4.38307855473022
11330000 -4.41551229376154
11331000 -4.3967877698245
11332000 -4.40537155106886
11333000 -4.41780890200474
11334000 -4.3926686923723
11335000 -4.41565716480294
11336000 -4.40226547953458
11337000 -4.41250860560832
11338000 -4.3976381531045
11339000 -4.42725878188097
11340000 -4.40175537296362
11341000 -4.44346918898486
11342000 -4.38378750123639
11343000 -4.42590112156296
11344000 -4.40627596713064
11345000 -4.4119759536981
11346000 -4.41557223905628
11347000 -4.40638669584853
11348000 -4.44025795882288
11349000 -4.37481664558581
11350000 -4.42044609199219
11351000 -4.4156349174535
11352000 -4.41656602706595
11353000 -4.40186136826331
11354000 -4.43026887727167
11355000 -4.37905604406793
11356000 -4.4256481256569
11357000 -4.40547340497119
11358000 -4.43545359045578
11359000 -4.40025280088131
11360000 -4.45191814258343
11361000 -4.40050107388517
11362000 -4.42195701603765
11363000 -4.41019598658663
11364000 -4.40317977512337
11365000 -4.42675761005628
11366000 -4.42805516971658
11367000 -4.42909210283013
11368000 -4.41971686278778
11369000 -4.45393020207519
11370000 -4.40561098609223
11371000 -4.44014438123731
11372000 -4.42167250145808
11373000 -4.43746193065731
11374000 -4.41133263647307
11375000 -4.43951030774836
11376000 -4.41594797718862
11377000 -4.41618607690232
11378000 -4.41371709713234
11379000 -4.39416821219757
11380000 -4.4471837677999
11381000 -4.39858392647007
11382000 -4.44128571306682
11383000 -4.41473788773192
11384000 -4.44781648709353
11385000 -4.39909729958911
11386000 -4.4751014932575
11387000 -4.40067542919377
11388000 -4.47620620438355
11389000 -4.38342233154725
11390000 -4.44228443233116
11391000 -4.40408186113198
11392000 -4.44383231777248
11393000 -4.4411688243131
11394000 -4.43164852408733
11395000 -4.43511088319538
11396000 -4.40698938109679
11397000 -4.46423537711533
11398000 -4.41114333356491
11399000 -4.45166854677513
11400000 -4.3845120695217
11401000 -4.44725734100015
11402000 -4.41571587827778
11403000 -4.46003789415722
11404000 -4.4128317453026
11405000 -4.40799964026834
11406000 -4.46298301632068
11407000 -4.42813753826142
11408000 -4.44662430046076
11409000 -4.41925891341465
11410000 -4.45395045155176
11411000 -4.43131331504184
11412000 -4.48376159418297
11413000 -4.40369317090048
11414000 -4.44819220390512
11415000 -4.41878382873512
11416000 -4.48641705025574
11417000 -4.40746648893429
11418000 -4.46338002357654
11419000 -4.44164555705123
11420000 -4.46880177495537
11421000 -4.43739665600319
11422000 -4.4405104048803
11423000 -4.46400403935972
11424000 -4.43720482011064
11425000 -4.46530245117145
11426000 -4.43726569319371
11427000 -4.44869579798485
11428000 -4.4266072754139
11429000 -4.4530690044453
11430000 -4.43954770815169
11431000 -4.45081529388274
11432000 -4.43052929777466
11433000 -4.45750604399746
11434000 -4.44476619108486
11435000 -4.44127622756697
11436000 -4.44509226273487
11437000 -4.46293852075598
11438000 -4.45016110270055
11439000 -4.43679436080784
11440000 -4.45549684343972
11441000 -4.43955952835039
11442000 -4.48514746333327
11443000 -4.42411280017735
11444000 -4.47910571461803
11445000 -4.42512207323147
11446000 -4.48856263219038
11447000 -4.43218844672058
11448000 -4.47278851501837
11449000 -4.42230216166163
11450000 -4.46469273070214
11451000 -4.47499895575072
11452000 -4.44630246275891
11453000 -4.46335831394228
11454000 -4.46857133937591
11455000 -4.47726282790668
11456000 -4.42708528001776
11457000 -4.48172578403051
11458000 -4.42105170472289
11459000 -4.48883296769656
11460000 -4.4240973222628
11461000 -4.49909686087972
11462000 -4.4514291628942
11463000 -4.44653157091204
11464000 -4.46510179081489
11465000 -4.45343835594424
11466000 -4.46355578253763
11467000 -4.4540968794016
11468000 -4.48955950333584
11469000 -4.45828035922919
11470000 -4.48790764615463
11471000 -4.43637894019383
11472000 -4.48396115523347
11473000 -4.44889957685619
11474000 -4.52030131198458
11475000 -4.41541649165757
11476000 -4.47631450631786
11477000 -4.43848439028679
11478000 -4.46554299304972
11479000 -4.46282906185108
11480000 -4.46875319781002
11481000 -4.47761659233288
11482000 -4.45402064910921
11483000 -4.49073911786267
11484000 -4.44352753736676
11485000 -4.48099621817209
11486000 -4.45333069766063
11487000 -4.48897739540963
11488000 -4.45837031879812
11489000 -4.49080449660934
11490000 -4.47160511740596
11491000 -4.48205614423973
11492000 -4.46298800273381
11493000 -4.49122862919233
11494000 -4.46836420989734
11495000 -4.48846019938571
11496000 -4.47776842530409
11497000 -4.48218675912535
11498000 -4.46858358425466
11499000 -4.47490964594583
11500000 -4.46521772780318
11501000 -4.48644896134206
11502000 -4.46797239650699
11503000 -4.46957563799749
11504000 -4.50495576540165
11505000 -4.46515037613628
11506000 -4.49800384756322
11507000 -4.46438098816031
11508000 -4.50193784217113
11509000 -4.46439544782155
11510000 -4.48115105546695
11511000 -4.50373338251562
11512000 -4.4873052705344
11513000 -4.46546076752645
11514000 -4.48203091771158
11515000 -4.46053003675511
11516000 -4.49353796755241
11517000 -4.48055453794776
11518000 -4.47149599235009
11519000 -4.50947939802718
11520000 -4.44649034333484
11521000 -4.51084649941794
11522000 -4.45918040807034
11523000 -4.49835927426624
11524000 -4.46901817818591
11525000 -4.51025400040331
11526000 -4.4563242582896
11527000 -4.49442470483742
11528000 -4.48697151631913
11529000 -4.49476127422605
11530000 -4.48296638959113
11531000 -4.4720082562468
11532000 -4.50195752253038
11533000 -4.46645023108262
11534000 -4.4968298740299
11535000 -4.4800421913345
11536000 -4.50971862076913
11537000 -4.48796860602553
11538000 -4.49139556716862
11539000 -4.47552188774128
11540000 -4.51512871232494
11541000 -4.47566275163357
11542000 -4.52568491889798
11543000 -4.47627307655255
11544000 -4.4990941573049
11545000 -4.50298666077782
11546000 -4.49750485618129
11547000 -4.48782525258133
11548000 -4.48779579817848
11549000 -4.50164341581554
11550000 -4.49487128967461
11551000 -4.49158273124611
11552000 -4.50622764412723
11553000 -4.47449098429445
11554000 -4.50244316455646
11555000 -4.49681414908841
11556000 -4.51173179447273
11557000 -4.49078870389307
11558000 -4.50868658295841
11559000 -4.50414153177943
11560000 -4.51139071650334
11561000 -4.49253363200668
11562000 -4.49534345017781
11563000 -4.52241811186564
11564000 -4.51467858401214
11565000 -4.4865651119103
11566000 -4.47708431748044
11567000 -4.50575309064203
11568000 -4.50364362424836
11569000 -4.51018077892494
11570000 -4.46966250654622
11571000 -4.5309501229075
11572000 -4.46855703712601
11573000 -4.52929580475638
11574000 -4.50902201734435
11575000 -4.49509190230492
11576000 -4.51636249944402
11577000 -4.49315360963392
11578000 -4.52143739806738
11579000 -4.52884611359552
11580000 -4.48013015317454
11581000 -4.52019369153421
11582000 -4.50214457054794
11583000 -4.51531119153864
11584000 -4.49157064403123
11585000 -4.5066776808491
11586000 -4.49762605735632
11587000 -4.52903424430232
11588000 -4.46640650316948
11589000 -4.53873580147474
11590000 -4.51732480094376
11591000 -4.52016615156773
11592000 -4.5133424778322
11593000 -4.5086018609904
11594000 -4.52071825359806
11595000 -4.48922180470377
11596000 -4.50463440252455
11597000 -4.52935036743155
11598000 -4.48535730722895
11599000 -4.52730189142057
11600000 -4.50846941951224
11601000 -4.49748731011272
11602000 -4.51375387693195
11603000 -4.4978781301831
11604000 -4.52543812692042
11605000 -4.51668299895576
11606000 -4.50333251751473
11607000 -4.51226868707597
11608000 -4.53673287888721
11609000 -4.49100233484825
11610000 -4.56018285653083
11611000 -4.49496598210864
11612000 -4.53269492115764
11613000 -4.52003810454612
11614000 -4.51489552883514
11615000 -4.49692225373593
11616000 -4.55118264521705
11617000 -4.49634463178265
11618000 -4.54386555492133
11619000 -4.48690819158295
11620000 -4.54269119296386
11621000 -4.51492478854008
11622000 -4.52515902476547
11623000 -4.52526229316681
11624000 -4.53022178303227
11625000 -4.52583751480242
11626000 -4.55424143568922
11627000 -4.5109835003074
11628000 -4.54711695694316
11629000 -4.50419172570476
11630000 -4.5440985353943
11631000 -4.52992752464411
11632000 -4.51696546747859
11633000 -4.536243009537
11634000 -4.53851078778901
11635000 -4.53481860107767
11636000 -4.51758597758612
11637000 -4.54963130650518
11638000 -4.5017808637328
11639000 -4.56226098052021
11640000 -4.51576047674408
11641000 -4.5449994671009
11642000 -4.50948347864007
11643000 -4.5347592914249
11644000 -4.52813634294109
11645000 -4.56410611446247
11646000 -4.51631281773301
11647000 -4.53677764260406
11648000 -4.53460436304203
11649000 -4.53268103358041
11650000 -4.5296792923506
11651000 -4.51759882730936
11652000 -4.57055200892
11653000 -4.50046045340532
11654000 -4.55021480765042
11655000 -4.55010748227089
11656000 -4.53415071911076
11657000 -4.54024954170799
11658000 -4.52544234195682
11659000 -4.56579476538613
11660000 -4.53286963034401
11661000 -4.54980617696443
11662000 -4.53945975967544
11663000 -4.56290659901526
11664000 -4.50354474366999
11665000 -4.56872391268375
11666000 -4.51195615474252
11667000 -4.57558177739236
11668000 -4.54320446199497
11669000 -4.53835253563194
11670000 -4.55035425603667
11671000 -4.56396392229007
11672000 -4.53184638300338
11673000 -4.56307335551236
11674000 -4.5345935904191
11675000 -4.56332904982179
11676000 -4.54289069808744
11677000 -4.52208102743021
11678000 -4.56689353103779
11679000 -4.55752383251794
11680000 -4.53256940259452
11681000 -4.56567137407684
11682000 -4.5402965518543
11683000 -4.54751218818081
11684000 -4.58047190732651
11685000 -4.52844566254228
11686000 -4.58774354363486
11687000 -4.52916746957222
11688000 -4.54255306029262
11689000 -4.5653696582929
11690000 -4.54231440612893
11691000 -4.53089614422143
11692000 -4.57183308759608
11693000 -4.52392734931438
11694000 -4.5682485368103
11695000 -4.56222568924484
11696000 -4.55249434980668
11697000 -4.57511269200479
11698000 -4.55193161877766
11699000 -4.555731494415
11700000 -4.55812306917391
11701000 -4.55094013353987
11702000 -4.58540920871053
11703000 -4.53052518720861
11704000 -4.58604161321099
11705000 -4.54547002439948
11706000 -4.5637648300418
11707000 -4.55977711957331
11708000 -4.578873405065
11709000 -4.521733206122
11710000 -4.59429710601675
11711000 -4.54105111306813
11712000 -4.58011856080132
11713000 -4.56701896341988
11714000 -4.56818198829147
11715000 -4.56178610945447
11716000 -4.5788421931077
11717000 -4.54799253718403
11718000 -4.56323452157643
11719000 -4.56846698824263
11720000 -4.5616201505926
11721000 -4.56558395149838
11722000 -4.54881496397756
11723000 -4.57316795519247
11724000 -4.57492935210174
11725000 -4.55647555849912
11726000 -4.57476196159173
11727000 -4.52442353436699
11728000 -4.61782684031645
11729000 -4.54075368615203
11730000 -4.59948746872513
11731000 -4.54903176566759
11732000 -4.60218924848164
11733000 -4.53003330865433
11734000 -4.58428128093778
11735000 -4.5424442934041
11736000 -4.56781654323971
11737000 -4.58302031973762
11738000 -4.56464480979619
11739000 -4.594316533519
11740000 -4.55503848114784
11741000 -4.61738402023298
11742000 -4.54446597321626
11743000 -4.59546582029279
11744000 -4.55605652808052
11745000 -4.59803274820887
11746000 -4.56776431841183
11747000 -4.58151757101441
11748000 -4.57308598444135
11749000 -4.56836372334288
11750000 -4.61954227410941
11751000 -4.53200309068242
11752000 -4.61762718365108
11753000 -4.52596084400182
11754000 -4.59634487874821
11755000 -4.57040522302985
11756000 -4.58971806726109
11757000 -4.56936260843217
11758000 -4.58235300366573
11759000 -4.59070571110795
11760000 -4.55020150029406
11761000 -4.60067147829682
11762000 -4.55364145342811
11763000 -4.62361604243685
11764000 -4.53793896010361
11765000 -4.6166422611442
11766000 -4.5183417405067
11767000 -4.63927626526832
11768000 -4.52696685216957
11769000 -4.61526211905984
11770000 -4.55723747314467
11771000 -4.60597976395614
11772000 -4.57228927574879
11773000 -4.56653655426312
11774000 -4.59355687794487
11775000 -4.56887358197527
11776000 -4.62190274148118
11777000 -4.54753807898524
11778000 -4.60479524232821
11779000 -4.57085312641777
11780000 -4.61320353752383
11781000 -4.57384344781493
11782000 -4.58894055382404
11783000 -4.60549224600836
11784000 -4.56975345077184
11785000 -4.62006533107659
11786000 -4.52871560771588
11787000 -4.6579692105918
11788000 -4.54563907463548
11789000 -4.63353604641584
11790000 -4.55740270003525
11791000 -4.63049559168842
11792000 -4.57153631788129
11793000 -4.60732459187415
11794000 -4.58785008319504
11795000 -4.56801422986152
11796000 -4.59665529597595
11797000 -4.55440488794394
11798000 -4.6225187478404
11799000 -4.58652961243701
11800000 -4.64372186280233
11801000 -4.55484977350447
11802000 -4.6168137400688
11803000 -4.57873289107503
11804000 -4.60366686979773
11805000 -4.62018775663463
11806000 -4.57784942688062
11807000 -4.60729871144584
11808000 -4.56812401341582
11809000 -4.61598670218062
11810000 -4.598114454467
11811000 -4.62212182555326
11812000 -4.58996444085578
11813000 -4.61162480912897
11814000 -4.58915971453148
11815000 -4.60983023788809
11816000 -4.5964504272358
11817000 -4.58676809813803
11818000 -4.61328086812147
11819000 -4.61532465759576
11820000 -4.59475900562177
11821000 -4.60820920293275
11822000 -4.5940500363919
11823000 -4.60730130431818
11824000 -4.61524474573577
11825000 -4.57710674565275
11826000 -4.63206179431123
11827000 -4.60649683728655
11828000 -4.60642852041126
11829000 -4.61023385901054
11830000 -4.60974548313635
11831000 -4.60491982906287
11832000 -4.61120289540737
11833000 -4.59732928703773
11834000 -4.59981852913829
11835000 -4.60950070766449
11836000 -4.59561833656502
11837000 -4.62954668873846
11838000 -4.62069371282519
11839000 -4.61725627324305
11840000 -4.60373233943728
11841000 -4.6023844680111
11842000 -4.64572453771198
11843000 -4.5992157917761
11844000 -4.61438067284134
11845000 -4.60376426796058
11846000 -4.61814381473919
11847000 -4.63248633711941
11848000 -4.62735292172319
11849000 -4.59153977691341
11850000 -4.62135723111851
11851000 -4.61526323528269
11852000 -4.61053335752382
11853000 -4.61653179650317
11854000 -4.60354744888001
11855000 -4.64916299891369
11856000 -4.58022221271248
11857000 -4.62946985099296
11858000 -4.64652838182433
11859000 -4.61613976267498
11860000 -4.60933146409675
11861000 -4.63352787698236
11862000 -4.60880732981028
11863000 -4.6218405907356
11864000 -4.62518831028598
11865000 -4.61626656158799
11866000 -4.63682337876827
11867000 -4.58552903909791
11868000 -4.65482388259903
11869000 -4.60394013416493
11870000 -4.62136005572262
11871000 -4.62906953288843
11872000 -4.60666550037131
11873000 -4.63088223677616
11874000 -4.64633942505061
11875000 -4.61931009778435
11876000 -4.6104192722184
11877000 -4.61544622674815
11878000 -4.62057444469265
11879000 -4.6809610143426
11880000 -4.58212143489647
11881000 -4.63477159592974
11882000 -4.5831751101697
11883000 -4.63592925248981
11884000 -4.6546049507574
11885000 -4.63120592098849
11886000 -4.62172301262323
11887000 -4.64297936774347
11888000 -4.62403589143806
11889000 -4.64111119153172
11890000 -4.61712278497123
11891000 -4.6285483465188
11892000 -4.6428075516216
11893000 -4.61532532686218
11894000 -4.63829872179252
11895000 -4.62066446308777
11896000 -4.65297432121872
11897000 -4.62738416951102
11898000 -4.63253338620347
11899000 -4.6264063757729
11900000 -4.64937666500095
11901000 -4.6207001947267
11902000 -4.64835653793624
11903000 -4.623765198773
11904000 -4.63352769681005
11905000 -4.64383638135486
11906000 -4.6394153977414
11907000 -4.63112457512838
11908000 -4.64088180805647
11909000 -4.62121426341337
11910000 -4.65095270064856
11911000 -4.61806041504631
11912000 -4.62600555065032
11913000 -4.64390306499549
11914000 -4.63155875225161
11915000 -4.66929702432881
11916000 -4.60869971335446
11917000 -4.64294315474498
11918000 -4.64804512433072
11919000 -4.62848420906947
11920000 -4.65748360348208
11921000 -4.65050834502453
11922000 -4.6425490957261
11923000 -4.65928145446392
11924000 -4.6250871029456
11925000 -4.65669374060013
11926000 -4.62170839328915
11927000 -4.64176284982857
11928000 -4.65649642949422
11929000 -4.62983183987485
11930000 -4.6462674018861
11931000 -4.67093916317706
11932000 -4.62956699857152
11933000 -4.64423926153199
11934000 -4.65429495957874
11935000 -4.64641186956048
11936000 -4.68271630766908
11937000 -4.58812668442613
11938000 -4.69665445399133
11939000 -4.60957230896565
11940000 -4.67038441481075
11941000 -4.63059276720574
11942000 -4.68604031677428
11943000 -4.62770390689534
11944000 -4.65353068698545
11945000 -4.64081231586429
11946000 -4.67102444514493
11947000 -4.64937142917231
11948000 -4.64378417853408
11949000 -4.66972655421098
11950000 -4.62613931308089
11951000 -4.67948706084708
11952000 -4.61509504702839
11953000 -4.68173547009844
11954000 -4.64776763994606
11955000 -4.66883174811458
11956000 -4.66661739120754
11957000 -4.67252450664052
11958000 -4.64493055547997
11959000 -4.662906803357
11960000 -4.67342756640014
11961000 -4.66224014994227
11962000 -4.66111961784906
11963000 -4.64955976498219
11964000 -4.6635351813809
11965000 -4.63699597742333
11966000 -4.67427672395407
11967000 -4.63837805890343
11968000 -4.67223160887874
11969000 -4.65621725918792
11970000 -4.66543926908781
11971000 -4.63860974117983
11972000 -4.69551546275691
11973000 -4.66362766835386
11974000 -4.67294371567383
11975000 -4.64668284747023
11976000 -4.65149157834566
11977000 -4.69239100875839
11978000 -4.63705819274346
11979000 -4.64822197537076
11980000 -4.68265586160636
11981000 -4.65933287984396
11982000 -4.64688874693837
11983000 -4.65805673905074
11984000 -4.65185792555247
11985000 -4.66992096028879
11986000 -4.66254685094572
11987000 -4.67234827866473
11988000 -4.66174601390804
11989000 -4.65281101068943
11990000 -4.68145313958666
11991000 -4.67557982516547
11992000 -4.6665488228808
11993000 -4.67196176076603
11994000 -4.68946409828602
11995000 -4.6964718353469
11996000 -4.67656687378773
11997000 -4.65847742979552
11998000 -4.67937111340289
11999000 -4.66188347984022
12000000 -4.6737009014185
12001000 -4.67015229186375
12002000 -4.68004713993124
12003000 -4.67217058209088
12004000 -4.66078261363203
12005000 -4.66064779820484
12006000 -4.69670419026479
12007000 -4.67680010672542
12008000 -4.68003437295913
12009000 -4.68124760880964
12010000 -4.68218787866153
12011000 -4.6744610342552
12012000 -4.67228563975365
12013000 -4.68008511961806
12014000 -4.65338890946079
12015000 -4.6927376777758
12016000 -4.67219333769803
12017000 -4.69334008625806
12018000 -4.68467442293817
12019000 -4.68634840475143
12020000 -4.68811718402472
12021000 -4.68496421033901
12022000 -4.67045279742702
12023000 -4.68146782250466
12024000 -4.68682883531313
12025000 -4.68783171773516
12026000 -4.69051278862651
12027000 -4.69039261701918
12028000 -4.69784447530112
12029000 -4.69340956470316
12030000 -4.67677262022861
12031000 -4.68922294779927
12032000 -4.7037241804765
12033000 -4.68235936846518
12034000 -4.70921997846189
12035000 -4.68175458270203
12036000 -4.70184537031404
12037000 -4.69727436417382
12038000 -4.68137412467429
12039000 -4.69739898780346
12040000 -4.68673536437921
12041000 -4.69479718668948
12042000 -4.69322381319458
12043000 -4.70142456099477
12044000 -4.68580915109536
12045000 -4.68566276260624
12046000 -4.70516044867707
12047000 -4.70260313975869
12048000 -4.68044216231618
12049000 -4.70698366910878
12050000 -4.70718110080407
12051000 -4.73172054937546
12052000 -4.69829456645595
12053000 -4.68087909240027
12054000 -4.70750806329403
12055000 -4.68837563285964
12056000 -4.71631791910512
12057000 -4.68593312563585
12058000 -4.68490021019329
12059000 -4.71128341267213
12060000 -4.70876549978203
12061000 -4.70868402880475
12062000 -4.67414294670084
12063000 -4.71883287503994
12064000 -4.71578150004051
12065000 -4.67024740042085
12066000 -4.70087639280789
12067000 -4.69999446619158
12068000 -4.69561673468345
12069000 -4.68207881791569
12070000 -4.73173298872354
12071000 -4.70572248720833
12072000 -4.69306010553859
12073000 -4.6768894003225
12074000 -4.71767981780683
12075000 -4.67988478639316
12076000 -4.70471059520434
12077000 -4.70843665213681
12078000 -4.71620911812947
12079000 -4.70305481232164
12080000 -4.70088851936318
12081000 -4.72300320495899
12082000 -4.69161859782909
12083000 -4.71106322960924
12084000 -4.72212475729838
12085000 -4.71502907582586
12086000 -4.69029087787837
12087000 -4.70871762949831
12088000 -4.72044586601433
12089000 -4.70916768164869
12090000 -4.69902495338175
12091000 -4.71086272131013
12092000 -4.71333404682327
12093000 -4.67733251844497
12094000 -4.71591533389666
12095000 -4.690132102176
12096000 -4.72880050029508
12097000 -4.70037177465505
12098000 -4.7182528584046
12099000 -4.68347934842102
12100000 -4.71671423145897
12101000 -4.71424005485998
12102000 -4.713080888501
12103000 -4.71755514641829
12104000 -4.70671175118969
12105000 -4.71938245805561
12106000 -4.71693130515563
12107000 -4.7272722501745
12108000 -4.68850286700762
12109000 -4.71029965747827
12110000 -4.70143376392265
12111000 -4.73359033671896
12112000 -4.7103318315556
12113000 -4.73353098917779
12114000 -4.72672868577669
12115000 -4.72929033473582
12116000 -4.71785994976877
12117000 -4.72521101021858
12118000 -4.71347148357699
12119000 -4.71854800299332
12120000 -4.71105641776531
12121000 -4.73026869576798
12122000 -4.71384259462489
12123000 -4.71067212436327
12124000 -4.73042791145597
12125000 -4.69973607446358
12126000 -4.75282524633051
12127000 -4.71775355176073
12128000 -4.7260405469929
12129000 -4.72046337753068
12130000 -4.71263670219495
12131000 -4.7316462907423
12132000 -4.72005478607808
12133000 -4.7357500109339
12134000 -4.73270065723491
12135000 -4.74889385357085
12136000 -4.71500143088941
12137000 -4.73457791685102
12138000 -4.70760097083233
12139000 -4.74116583793042
12140000 -4.71287725463094
12141000 -4.76447292186406
12142000 -4.71500032998733
12143000 -4.72072963549805
12144000 -4.75307829186893
12145000 -4.7441661646286
12146000 -4.73152887426643
12147000 -4.72341672249132
12148000 -4.73543039295876
12149000 -4.74766097597373
12150000 -4.7321488337501
12151000 -4.73459434910297
12152000 -4.74945871111051
12153000 -4.73106827247858
12154000 -4.74813730330594
12155000 -4.7192216179503
12156000 -4.7305220885368
12157000 -4.75909675360157
12158000 -4.73603454488131
12159000 -4.73877845136506
12160000 -4.73287441546806
12161000 -4.74685728662874
12162000 -4.72170592362265
12163000 -4.73340773101021
12164000 -4.73347300285321
12165000 -4.761645230183
12166000 -4.76459706181298
12167000 -4.71188786180979
12168000 -4.73151422515451
12169000 -4.74140792784294
12170000 -4.74007880782895
12171000 -4.74393265859433
12172000 -4.74959066527171
12173000 -4.73412538550236
12174000 -4.7248501253696
12175000 -4.76141757733098
12176000 -4.74350115616133
12177000 -4.73825564770944
12178000 -4.73932473307631
12179000 -4.76470999073405
12180000 -4.74435845626117
12181000 -4.75745245627822
12182000 -4.73709023196276
12183000 -4.74403248776212
12184000 -4.76071957518891
12185000 -4.72960235646022
12186000 -4.76061290960645
12187000 -4.74182506802366
12188000 -4.7440679865926
12189000 -4.72748616625153
12190000 -4.74405255584145
12191000 -4.78558480575765
12192000 -4.74015016847125
12193000 -4.74841992167967
12194000 -4.77477422622106
12195000 -4.76805497732912
12196000 -4.73565124199268
12197000 -4.72517351100596
12198000 -4.77538119966252
12199000 -4.72812155850543
12200000 -4.76183924071142
12201000 -4.75866377454471
12202000 -4.75232135542139
12203000 -4.75311206717088
12204000 -4.75716235077706
12205000 -4.74221410854505
12206000 -4.7597121632979
12207000 -4.73706598066602
12208000 -4.77516425211328
12209000 -4.79275665059549
12210000 -4.74980299137843
12211000 -4.74881670784471
12212000 -4.74940775254232
12213000 -4.75031062682519
12214000 -4.75036520786391
12215000 -4.77197360481174
12216000 -4.75256468312297
12217000 -4.78629715506855
12218000 -4.72367370895624
12219000 -4.7834857525748
12220000 -4.72922663057733
12221000 -4.75772361925957
12222000 -4.77520120092407
12223000 -4.74892975698818
12224000 -4.76578609006254
12225000 -4.73219775808598
12226000 -4.80952199658417
12227000 -4.73300218143681
12228000 -4.79184554753309
12229000 -4.75320897298771
12230000 -4.76462366732351
12231000 -4.77652352876842
12232000 -4.75555414071532
12233000 -4.78464596483907
12234000 -4.75470682616009
12235000 -4.78446610142414
12236000 -4.76367620759499
12237000 -4.77686147229641
12238000 -4.76151158351268
12239000 -4.77921470501094
12240000 -4.74463803965087
12241000 -4.78591648698487
12242000 -4.75734728703652
12243000 -4.80417402937254
12244000 -4.76972744301368
12245000 -4.76791830815509
12246000 -4.7925861115887
12247000 -4.76241892207934
12248000 -4.78928578649175
12249000 -4.73790918688688
12250000 -4.7958947594625
12251000 -4.76827878653965
12252000 -4.77040328311767
12253000 -4.76094094247935
12254000 -4.77832878138442
12255000 -4.7639261109997
12256000 -4.78971329170983
12257000 -4.74815027292672
12258000 -4.76907480169239
12259000 -4.7684646349384
12260000 -4.78591404749622
12261000 -4.78048902853161
12262000 -4.76764820274016
12263000 -4.7736457111606
12264000 -4.7802362198062
12265000 -4.79079970702136
12266000 -4.77891844959986
12267000 -4.80105699587413
12268000 -4.76280152856042
12269000 -4.78505074828502
12270000 -4.77727456719322
12271000 -4.7953101423128
12272000 -4.78002970085765
12273000 -4.79393842090038
12274000 -4.77002490227207
12275000 -4.78042033636816
12276000 -4.78639728037874
12277000 -4.79722697038632
12278000 -4.76969147939978
12279000 -4.76932562443794
12280000 -4.78652270913164
12281000 -4.79625780980121
12282000 -4.77901861871321
12283000 -4.77086001599783
12284000 -4.78185452619778
12285000 -4.77943329854259
12286000 -4.79668301765232
12287000 -4.77633020079945
12288000 -4.78747484023758
12289000 -4.78327462102588
12290000 -4.80311697315738
12291000 -4.78088031804116
12292000 -4.79121255782393
12293000 -4.7815732480433
12294000 -4.81242987546662
12295000 -4.76743705986037
12296000 -4.81413943046464
12297000 -4.80360653789097
12298000 -4.77802078483319
12299000 -4.80453520829338
12300000 -4.79598824433408
12301000 -4.81102819549663
12302000 -4.78348379879804
12303000 -4.78896114328846
12304000 -4.7958452621929
12305000 -4.77626444470365
12306000 -4.7896332166131
12307000 -4.78178324751428
12308000 -4.80133589191577
12309000 -4.79426703831842
12310000 -4.79672498775962
12311000 -4.79499672653366
12312000 -4.82806042475067
12313000 -4.78999649159886
12314000 -4.79867238138782
12315000 -4.77589443379471
12316000 -4.80850498401077
12317000 -4.78299858359461
12318000 -4.788061605729
12319000 -4.78938508286855
12320000 -4.80196890635845
12321000 -4.79585308498037
12322000 -4.81585618461561
12323000 -4.78456266619242
12324000 -4.78862807756693
12325000 -4.79656650813281
12326000 -4.79796795742798
12327000 -4.80000835218673
12328000 -4.78618324821794
12329000 -4.80168030321595
12330000 -4.81997179442775
12331000 -4.7842411068544
12332000 -4.76781325356392
12333000 -4.83406504251151
12334000 -4.79193178853248
12335000 -4.82794486095378
12336000 -4.78745557718488
12337000 -4.81601935825813
12338000 -4.8114089664658
12339000 -4.78594058524924
12340000 -4.83065989937351
12341000 -4.81013057732728
12342000 -4.82553894094823
12343000 -4.80156793009121
12344000 -4.8139316230847
12345000 -4.79606996874378
12346000 -4.84631980469901
12347000 -4.80121362946254
12348000 -4.8232301994709
12349000 -4.81989677302192
12350000 -4.83000271207657
12351000 -4.80642044579908
12352000 -4.81049794903642
12353000 -4.82747311042494
12354000 -4.79446157107927
12355000 -4.83393589941346
12356000 -4.80114215913674
12357000 -4.83810027267847
12358000 -4.81667115117849
12359000 -4.80788317086629
12360000 -4.76627099161009
12361000 -4.83620132922682
12362000 -4.83020809177501
12363000 -4.84102916015147
12364000 -4.8195359433274
12365000 -4.82013438275478
12366000 -4.82629493522122
12367000 -4.80740127188544
12368000 -4.84390788676029
12369000 -4.7815012966164
12370000 -4.83392904485601
12371000 -4.81783239291164
12372000 -4.86097484338559
12373000 -4.79685491809913
12374000 -4.83254866115194
12375000 -4.80899445202932
12376000 -4.86337823128243
12377000 -4.80087447624535
12378000 -4.81831874674283
12379000 -4.85427853568349
12380000 -4.82567405910716
12381000 -4.84204307183578
12382000 -4.80075984309395
12383000 -4.84432229904539
12384000 -4.81770170281069
12385000 -4.82661500759164
12386000 -4.83858147162445
12387000 -4.84635998183891
12388000 -4.80929379902536
12389000 -4.841210291165
12390000 -4.79820949770475
12391000 -4.85761389854411
12392000 -4.80187412820923
12393000 -4.84288290860027
12394000 -4.83179902442293
12395000 -4.82856224554756
12396000 -4.85015380460723
12397000 -4.79792884796008
12398000 -4.84308646528453
12399000 -4.83427266279895
12400000 -4.82613203789227
12401000 -4.82626648601737
12402000 -4.83327600610522
12403000 -4.82787599749054
12404000 -4.84607678011463
12405000 -4.82612528894718
12406000 -4.82731556745834
12407000 -4.85806327364009
12408000 -4.84736507987408
12409000 -4.83690502915371
12410000 -4.83746515688249
12411000 -4.82828648211189
12412000 -4.83149139008855
12413000 -4.81799595936788
12414000 -4.85848710287419
12415000 -4.83369617504391
12416000 -4.84365659084826
12417000 -4.82893540802289
12418000 -4.8418656334993
12419000 -4.8518120017814
12420000 -4.82748765752787
12421000 -4.84254989936412
12422000 -4.84023805674685
12423000 -4.85196119922171
12424000 -4.8334870637394
12425000 -4.86248615270891
12426000 -4.82830871689355
12427000 -4.84760411093094
12428000 -4.83669965932881
12429000 -4.84420384764939
12430000 -4.8651102612853
12431000 -4.82437259026333
12432000 -4.86369569698958
12433000 -4.84160744574018
12434000 -4.8357293806013
12435000 -4.86023638857782
12436000 -4.8490667743797
12437000 -4.88237046456698
12438000 -4.84213642596737
12439000 -4.85773329063197
12440000 -4.84431009492103
12441000 -4.86185748945837
12442000 -4.85338777901584
12443000 -4.84695085370998
12444000 -4.87084035403653
12445000 -4.80109773834988
12446000 -4.85324038395407
12447000 -4.86232696774449
12448000 -4.84929541687909
12449000 -4.86778875409284
12450000 -4.82982258085719
12451000 -4.88974870371315
12452000 -4.84004434632374
12453000 -4.87886426246028
12454000 -4.84017304484564
12455000 -4.855915299028
12456000 -4.88323166057201
12457000 -4.87202808304121
12458000 -4.83254984470449
12459000 -4.86318599266389
12460000 -4.84807205100628
12461000 -4.91000835699718
12462000 -4.83122721301953
12463000 -4.87797778920292
12464000 -4.84742531071337
12465000 -4.83952397569054
12466000 -4.88499887295689
12467000 -4.85228692257838
12468000 -4.87768900211656
12469000 -4.82176441473886
12470000 -4.8657898545836
12471000 -4.87396441164835
12472000 -4.82782483953661
12473000 -4.86334951945339
12474000 -4.86173058538162
12475000 -4.86288765703153
12476000 -4.87114768736118
12477000 -4.84936266929138
12478000 -4.85684390081162
12479000 -4.86526193224387
12480000 -4.84967015192078
12481000 -4.87763606531193
12482000 -4.85761768971519
12483000 -4.87283582079564
12484000 -4.870083962566
12485000 -4.88756798720783
12486000 -4.86669988640038
12487000 -4.87345150917567
12488000 -4.85302966950749
12489000 -4.86201814457025
12490000 -4.85107864211884
12491000 -4.89730755471295
12492000 -4.84221894520041
12493000 -4.88606845510231
12494000 -4.89148927505477
12495000 -4.8772959850013
12496000 -4.8733166825413
12497000 -4.895441928323
12498000 -4.84836986955503
12499000 -4.88881228279555
12500000 -4.87174574527853
12501000 -4.88406326023467
12502000 -4.87132934303987
12503000 -4.88142747973469
12504000 -4.86871518327232
12505000 -4.87447509501556
12506000 -4.87915614029398
12507000 -4.86521308315943
12508000 -4.85791839583575
12509000 -4.86385393484234
12510000 -4.88587240771853
12511000 -4.85194788854597
12512000 -4.89028285919893
12513000 -4.8840775039383
12514000 -4.84898959662318
12515000 -4.89203066709185
12516000 -4.87151377176351
12517000 -4.88964610097537
12518000 -4.8666581693289
12519000 -4.87866818644078
12520000 -4.88240988813543
12521000 -4.87122786362393
12522000 -4.88500798678303
12523000 -4.89559575232942
12524000 -4.85423132341929
12525000 -4.87290823761152
12526000 -4.8892471845972
12527000 -4.86369732130672
12528000 -4.88597080832539
12529000 -4.85078038812082
12530000 -4.87967188957233
12531000 -4.87088842806473
12532000 -4.90197502463843
12533000 -4.88994384894201
12534000 -4.87345231120538
12535000 -4.8917660218655
12536000 -4.88205948532364
12537000 -4.88514240469627
12538000 -4.89980308663342
12539000 -4.88071498310666
12540000 -4.90414098890562
12541000 -4.86761568204437
12542000 -4.90740215121009
12543000 -4.89241826115294
12544000 -4.88693151155371
12545000 -4.88557590546804
12546000 -4.91006825539028
12547000 -4.85506245734737
12548000 -4.90113188473862
12549000 -4.87716551925349
12550000 -4.92351557509558
12551000 -4.86734173464084
12552000 -4.91402481351677
12553000 -4.8687496420301
12554000 -4.8850916304735
12555000 -4.89957444956839
12556000 -4.88405453422857
12557000 -4.90041299994578
12558000 -4.88382975790359
12559000 -4.89773341187275
12560000 -4.90501780509037
12561000 -4.88685300638672
12562000 -4.93092455608035
12563000 -4.88155587331464
12564000 -4.92606440156316
12565000 -4.87582539329777
12566000 -4.89764298199707
12567000 -4.89413774312907
12568000 -4.89979853093795
12569000 -4.87674271943941
12570000 -4.89760388965991
12571000 -4.89023053191875
12572000 -4.93404683842213
12573000 -4.89229049818065
12574000 -4.87783218176058
12575000 -4.90156175899271
12576000 -4.89733444544806
12577000 -4.9179410562902
12578000 -4.92166588991682
12579000 -4.89488844915859
12580000 -4.89921153849443
12581000 -4.89563282336807
12582000 -4.94175503220032
12583000 -4.89561743204985
12584000 -4.91169224498844
12585000 -4.89261432233141
12586000 -4.89850347618185
12587000 -4.91464352966091
12588000 -4.88125558047748
12589000 -4.93113325394202
12590000 -4.8971134995185
12591000 -4.90086027767229
12592000 -4.90771496413366
12593000 -4.91779687179362
12594000 -4.89533872694399
12595000 -4.92081797098559
12596000 -4.9016224977821
12597000 -4.93867352172488
12598000 -4.85935000232334
12599000 -4.94876087076184
12600000 -4.86740707474713
12601000 -4.92304134238314
12602000 -4.89874726564935
12603000 -4.88182363646977
12604000 -4.93690572935294
12605000 -4.87578459416806
12606000 -4.9348182959642
12607000 -4.89469990788864
12608000 -4.93292545114134
12609000 -4.89650322736209
12610000 -4.92000402693626
12611000 -4.90688385521521
12612000 -4.89914062352328
12613000 -4.93686411709172
12614000 -4.89584822278123
12615000 -4.92626201386326
12616000 -4.90196668495073
12617000 -4.95834712166045
12618000 -4.87564908645693
12619000 -4.91324011853258
12620000 -4.91620310554699
12621000 -4.94634261130335
12622000 -4.90673572447474
12623000 -4.94785775202601
12624000 -4.89599263639671
12625000 -4.91865509753978
12626000 -4.91575435688429
12627000 -4.90284302483727
12628000 -4.93032582160105
12629000 -4.90529636168388
12630000 -4.953062358253
12631000 -4.91776618089861
12632000 -4.92494044964494
12633000 -4.956745540298
12634000 -4.91015454387462
12635000 -4.92896814828914
12636000 -4.92234217890544
12637000 -4.93255655721354
12638000 -4.92526610572522
12639000 -4.90765564379714
12640000 -4.95890575771338
12641000 -4.91459497178245
12642000 -4.90873351147981
12643000 -4.92135658976366
12644000 -4.9265047379769
12645000 -4.91187211510999
12646000 -4.94452344554661
12647000 -4.89926544127371
12648000 -4.97157556640528
12649000 -4.88738291268794
12650000 -4.96698861217406
12651000 -4.90861445597246
12652000 -4.92876988640796
12653000 -4.94453328435511
12654000 -4.89990534955687
12655000 -4.97091493292042
12656000 -4.9018162111072
12657000 -4.94390787497373
12658000 -4.94797670765781
12659000 -4.93040983486434
12660000 -4.94642203414846
12661000 -4.93521432632025
12662000 -4.91356929200627
12663000 -4.96427103487262
12664000 -4.91598524567102
12665000 -4.96187227743814
12666000 -4.9626137376876
12667000 -4.87497948610576
12668000 -4.98017881276082
12669000 -4.90141830832444
12670000 -4.97891127566297
12671000 -4.88468483694169
12672000 -4.97259997066832
12673000 -4.93192289390842
12674000 -4.9391197905862
12675000 -4.95581090154889
12676000 -4.9035299829203
12677000 -4.97097020554309
12678000 -4.92088071152825
12679000 -4.97500437395967
12680000 -4.92309672660595
12681000 -4.9241313722854
12682000 -4.94012360275907
12683000 -4.9595423612621
12684000 -4.93728739869383
12685000 -4.95238034105998
12686000 -4.96243999154702
12687000 -4.95623611376245
12688000 -4.97067351888002
12689000 -4.93591831458751
12690000 -4.96239682425051
12691000 -4.90957713683328
12692000 -4.98823919174662
12693000 -4.92326269800653
12694000 -4.96640668675486
12695000 -4.9253891561578
12696000 -4.95525238860244
12697000 -4.94727777056869
12698000 -4.94385877650967
12699000 -4.96618870370774
12700000 -4.93479636078773
12701000 -4.96382410754908
12702000 -4.95495427969679
12703000 -4.97593912825126
12704000 -4.93911181075349
12705000 -4.9646149714223
12706000 -4.93200897816399
12707000 -4.98595542617918
12708000 -4.9393119095598
12709000 -4.96124915584266
12710000 -4.96569460220298
12711000 -4.92850268858071
12712000 -4.99310778535356
12713000 -4.92254182301608
12714000 -4.9968335319221
12715000 -4.93042525639109
12716000 -4.98593061522321
12717000 -4.92682462517019
12718000 -4.97788981277466
12719000 -4.94354249208381
12720000 -4.98476664373587
12721000 -4.92581401908701
12722000 -4.9815404507812
12723000 -4.91827610117776
12724000 -4.99712000670833
12725000 -4.96353253119906
12726000 -4.97705711972935
12727000 -4.94233817755207
12728000 -4.93079646896784
12729000 -4.97154419704695
12730000 -4.93918280936138
12731000 -4.95618634638318
12732000 -4.95016242715801
12733000 -4.98890377645488
12734000 -4.95139272354615
12735000 -4.97291091928341
12736000 -4.93760267246652
12737000 -5.00280042462044
12738000 -4.92671402115642
12739000 -4.99452048475862
12740000 -4.93314599489016
12741000 -4.99784710627636
12742000 -4.94468476880898
12743000 -4.9607057017345
12744000 -4.98988948739575
12745000 -4.96696837025825
12746000 -5.00700234299075
12747000 -4.92066666960014
12748000 -5.01148009912319
12749000 -4.9311993922693
12750000 -5.01121990992143
12751000 -4.94675753383795
12752000 -4.97790194333279
12753000 -4.96478126242443
12754000 -4.96348660417752
12755000 -4.95176585731841
12756000 -5.01343775736915
12757000 -4.96285140082061
12758000 -4.97094393728322
12759000 -4.96372792508927
12760000 -4.99783988260355
12761000 -4.96188464496555
12762000 -4.93550373438339
12763000 -5.02741859075859
12764000 -4.94877830724427
12765000 -4.99108786363643
12766000 -4.9708957592555
12767000 -4.96133118186189
12768000 -4.98933250118768
12769000 -4.95440703461527
12770000 -4.99735921189219
12771000 -4.97027253896868
12772000 -4.98510777549387
12773000 -4.98547302179588
12774000 -4.95866847258705
12775000 -5.01393366023714
12776000 -4.94142442080484
12777000 -5.00550510604216
12778000 -4.94487980739495
12779000 -5.00358238205263
12780000 -4.99173882935453
12781000 -4.9517995944427
12782000 -5.01378008777575
12783000 -4.9690426199037
12784000 -4.96339058366227
12785000 -5.01930620022507
12786000 -4.96090855154804
12787000 -4.96378190327406
12788000 -5.00417090559419
12789000 -4.95909690349014
12790000 -5.02631137858905
12791000 -4.94594720907635
12792000 -5.00337549313733
12793000 -4.9916340330349
12794000 -4.97121762026494
12795000 -4.99572309808167
12796000 -4.97798281896216
12797000 -5.00202175183693
12798000 -4.99249359189522
12799000 -4.94986587933277
12800000 -5.01669644331762
12801000 -4.97032190791171
12802000 -4.97760124558345
12803000 -5.02700246116361
12804000 -4.98707729847292
12805000 -5.02532641191117
12806000 -4.94601901089456
12807000 -5.00549424527947
12808000 -5.00829826026207
12809000 -4.96297137031168
12810000 -4.99154270356212
12811000 -4.98110905980001
12812000 -4.96829995172783
12813000 -5.01806619588086
12814000 -4.95482408324246
12815000 -5.0213637015572
12816000 -4.96786281864911
12817000 -4.99766638928887
12818000 -5.00311188452678
12819000 -4.96836239364916
12820000 -5.01128646905893
12821000 -4.98532847406541
12822000 -4.98743208113901
12823000 -4.99582454243699
12824000 -4.98453471677764
12825000 -5.02525164235844
12826000 -4.98839272227086
12827000 -4.97072550494284
12828000 -5.02168411963778
12829000 -4.97300471343371
12830000 -5.03056636132296
12831000 -4.97189537216154
12832000 -5.01309663526368
12833000 -4.99942544962282
12834000 -4.96908543848605
12835000 -5.03018224365197
12836000 -5.03268414852532
12837000 -4.94623246078848
12838000 -5.04559131467503
12839000 -4.97150630621373
12840000 -5.02377436322347
12841000 -4.98085058709505
12842000 -4.9989558114923
12843000 -5.04516137216677
12844000 -4.96041222747441
12845000 -5.01720260569776
12846000 -5.00941166678581
12847000 -4.96834940540027
12848000 -5.00664372048837
12849000 -5.00193575108735
12850000 -4.99244896528885
12851000 -5.03765782947555
12852000 -4.95057723313043
12853000 -5.04578600376952
12854000 -5.00767284908954
12855000 -5.003888590664
12856000 -5.0231425997915
12857000 -4.99082158287579
12858000 -5.03916461269692
12859000 -5.0245471364282
12860000 -4.97679237532047
12861000 -5.0255731921722
12862000 -5.01447712386877
12863000 -5.02026954327194
12864000 -5.03759888425373
12865000 -4.95986322875651
12866000 -5.06037028582313
12867000 -4.9933064816269
12868000 -5.01432621922434
12869000 -5.01558534441431
12870000 -5.00670838990253
12871000 -5.03638160040805
12872000 -5.02634200327218
12873000 -4.99321997321377
12874000 -5.07538353688688
12875000 -4.9743303753005
12876000 -5.05606129210185
12877000 -4.99763885801551
12878000 -5.03018884195072
12879000 -5.03920526468508
12880000 -5.02816170469755
12881000 -4.98764122252153
12882000 -5.06644574550314
12883000 -4.96544903405024
12884000 -5.05804190522717
12885000 -5.02407991195967
12886000 -5.03153768422477
12887000 -5.02757895869113
12888000 -5.0044738060546
12889000 -5.03542936674654
12890000 -5.01276076436161
12891000 -5.01647951776299
12892000 -5.05459119850646
12893000 -4.99895355732535
12894000 -5.03146549059709
12895000 -5.05539488428148
12896000 -4.9718299903289
12897000 -5.04687423249725
12898000 -5.03578510706296
12899000 -5.00651176409846
12900000 -5.0460131407078
12901000 -5.04669011263427
12902000 -5.00223950418802
12903000 -5.03539430815005
12904000 -5.00360154702083
12905000 -5.01481070208213
12906000 -5.00798709301899
12907000 -5.02909663166276
12908000 -5.06214242991655
12909000 -5.02960933962073
12910000 -5.03599221685478
12911000 -5.04432372378209
12912000 -4.99418104530749
12913000 -5.03827429271647
12914000 -5.02712769169797
12915000 -5.00191308121486
12916000 -5.07276658955667
12917000 -4.98914765702904
12918000 -5.05501258447965
12919000 -5.05016480223925
12920000 -4.98737039345724
12921000 -5.06544911326638
12922000 -5.02533134879731
12923000 -5.04713149938421
12924000 -5.0604935211255
12925000 -5.03327042888167
12926000 -5.0412683192179
12927000 -5.03552379948499
12928000 -4.97470476543465
12929000 -5.10392467232937
12930000 -4.98610064618118
12931000 -5.06547639790084
12932000 -5.04012403798432
12933000 -5.03552965189953
12934000 -5.0374308221743
12935000 -5.03355364805549
12936000 -5.05299247362439
12937000 -5.03991515906831
12938000 -5.01705807697348
12939000 -5.06990055521089
12940000 -5.02168592021726
12941000 -5.05167133233352
12942000 -5.03881275217454
12943000 -5.02326912746651
12944000 -5.08602757265061
12945000 -5.00316839979909
12946000 -5.06948868127158
12947000 -5.02570540854323
12948000 -5.07765697611817
12949000 -5.05948120183343
12950000 -5.03892645469016
12951000 -5.03045762284938
12952000 -5.07561399456164
12953000 -5.01010221778965
12954000 -5.0895013453107
12955000 -5.00696480538402
12956000 -5.06167260098472
12957000 -5.0551571998682
12958000 -5.02893629335501
12959000 -5.07659084669563
12960000 -5.07419953098531
12961000 -5.05557521606878
12962000 -5.03037225393561
12963000 -5.03512547897837
12964000 -5.06834629159777
12965000 -5.0454129064906
12966000 -5.05310618624367
12967000 -5.05581333942227
12968000 -5.03938657917413
12969000 -5.07789648724068
12970000 -5.03609598546966
12971000 -5.09830348694541
12972000 -5.02967514014538
12973000 -5.06075566311649
12974000 -5.06862204374296
12975000 -5.03976513816882
12976000 -5.09297167663959
12977000 -5.0529097154679
12978000 -5.05831504313014
12979000 -5.05974838285874
12980000 -5.04051578055683
12981000 -5.04879654699278
12982000 -5.0528302616173
12983000 -5.07986429220615
12984000 -5.05060187621462
12985000 -5.07628700610092
12986000 -5.03873961179911
12987000 -5.06605348862722
12988000 -5.06816154184569
12989000 -5.04191326078082
12990000 -5.07398348285931
12991000 -5.06044274196102
12992000 -5.05828883914206
12993000 -5.08012537891521
12994000 -5.0387635354327
12995000 -5.08648389727843
12996000 -5.06779592533948
12997000 -5.04750198374228
12998000 -5.06141429762522
12999000 -5.05444122880619
13000000 -5.08203401078711
13001000 -5.088294949654
13002000 -5.06474734264108
13003000 -5.10599398345949
13004000 -5.04132312742674
13005000 -5.085431707937
13006000 -5.03481380510482
13007000 -5.08820016339821
13008000 -5.06498607165875
13009000 -5.05646523043148
13010000 -5.0984370869447
13011000 -5.05137654326576
13012000 -5.0987522372427
13013000 -5.07408705532578
13014000 -5.08857696099725
13015000 -5.07050894094102
13016000 -5.06653104332221
13017000 -5.0478204465812
13018000 -5.1179025406043
13019000 -5.06355970746681
13020000 -5.09875965211406
13021000 -5.05294330972614
13022000 -5.0940308819741
13023000 -5.06316965069777
13024000 -5.11642836345611
13025000 -5.05610212699464
13026000 -5.06098032260846
13027000 -5.10250022144561
13028000 -5.06940698228817
13029000 -5.08695103906359
13030000 -5.04083435748371
13031000 -5.09764009143169
13032000 -5.08675363149607
13033000 -5.06637363069898
13034000 -5.08659256211654
13035000 -5.05946957987224
13036000 -5.10078771485275
13037000 -5.07280870364144
13038000 -5.07321534443255
13039000 -5.10142548234196
13040000 -5.09596705258722
13041000 -5.11922011838032
13042000 -5.05859669944671
13043000 -5.08816297494704
13044000 -5.07118644247124
13045000 -5.08226935594737
13046000 -5.09131858104756
13047000 -5.08028397963931
13048000 -5.10606441097245
13049000 -5.0589214761196
13050000 -5.09789443260311
13051000 -5.08921426231091
13052000 -5.08667785815959
13053000 -5.0977602233639
13054000 -5.06326292165579
13055000 -5.08445592999358
13056000 -5.12870554020053
13057000 -5.09685311299576
13058000 -5.10044525119777
13059000 -5.07451512340308
13060000 -5.08018100805154
13061000 -5.13039102327263
13062000 -5.08715754331039
13063000 -5.08257778860564
13064000 -5.06689852625475
13065000 -5.12684706843976
13066000 -5.07077156712216
13067000 -5.13551311146436
13068000 -5.0958220990194
13069000 -5.10047177917376
13070000 -5.10870661313361
13071000 -5.09632170786363
13072000 -5.09901529358099
13073000 -5.0880840802265
13074000 -5.11313538804569
13075000 -5.08732769608657
13076000 -5.09371120078188
13077000 -5.10693406172151
13078000 -5.11553446673952
13079000 -5.09410453622175
13080000 -5.10651776779973
13081000 -5.11717588114093
13082000 -5.10881739680305
13083000 -5.10018103071892
13084000 -5.11183865436529
13085000 -5.10664129135681
13086000 -5.09499405229499
13087000 -5.11873957357102
13088000 -5.08485463068125
13089000 -5.102791824899
13090000 -5.1065046933158
13091000 -5.08907204158878
13092000 -5.12580543725395
13093000 -5.11112552426031
13094000 -5.11446352040031
13095000 -5.07722758476861
13096000 -5.14467771916465
13097000 -5.10878056862837
13098000 -5.11189386146142
13099000 -5.09226563090417
13100000 -5.11556156435963
13101000 -5.11515820797028
13102000 -5.09069297101546
13103000 -5.1101001584307
13104000 -5.10081017425517
13105000 -5.10841687378552
13106000 -5.11342358474041
13107000 -5.09326674635221
13108000 -5.09770431537487
13109000 -5.13479419260127
13110000 -5.10870656347565
13111000 -5.12733674309506
13112000 -5.09411330257926
13113000 -5.12195502111095
13114000 -5.13581631627092
13115000 -5.1033260724881
13116000 -5.13195509163444
13117000 -5.07607094492657
13118000 -5.11550636703034
13119000 -5.10849865804987
13120000 -5.11522943683701
13121000 -5.14280907377629
13122000 -5.08352783181292
13123000 -5.13580986757669
13124000 -5.10218477638812
13125000 -5.13576382707283
13126000 -5.09194761290369
13127000 -5.14297766427533
13128000 -5.09721279649532
13129000 -5.11731448368253
13130000 -5.14442228756826
13131000 -5.14161116668815
13132000 -5.097505807221
13133000 -5.12054378867868
13134000 -5.12237782516748
13135000 -5.14939124834888
13136000 -5.1066477694413
13137000 -5.1422429098585
13138000 -5.10958840384479
13139000 -5.13567670012637
13140000 -5.12981977526165
13141000 -5.13297910235603
13142000 -5.10226554047136
13143000 -5.1783833985419
13144000 -5.11050544253738
13145000 -5.14705124328745
13146000 -5.10634572904142
13147000 -5.14286074601829
13148000 -5.12631303242389
13149000 -5.10855195264695
13150000 -5.12191737424856
13151000 -5.15160604535768
13152000 -5.13766332575858
13153000 -5.09743896001522
13154000 -5.17142971534386
13155000 -5.1059838339881
13156000 -5.12378440509746
13157000 -5.10243176883982
13158000 -5.13428557426963
13159000 -5.14714626474455
13160000 -5.15046794454336
13161000 -5.13049092551706
13162000 -5.13617398129996
13163000 -5.13153162279153
13164000 -5.15259857588694
13165000 -5.12220903261849
13166000 -5.13357830563303
13167000 -5.11391412603898
13168000 -5.17183408068383
13169000 -5.11188162762748
13170000 -5.12196137404935
13171000 -5.14587842729532
13172000 -5.1241033789281
13173000 -5.16196744919731
13174000 -5.13912914254067
13175000 -5.11534935127522
13176000 -5.15152243265053
13177000 -5.13114312339942
13178000 -5.14271712007356
13179000 -5.15328356284945
13180000 -5.15011228744665
13181000 -5.13709695492544
13182000 -5.11189904128361
13183000 -5.17773133329413
13184000 -5.14803786864605
13185000 -5.14874654874741
13186000 -5.11999871035885
13187000 -5.15015475748752
13188000 -5.15429038889921
13189000 -5.11169493388744
13190000 -5.15678987178553
13191000 -5.16133003068065
13192000 -5.12322724561736
13193000 -5.1655762931408
13194000 -5.12128890474277
13195000 -5.15490499143691
13196000 -5.14638037504033
13197000 -5.11593039345386
13198000 -5.16289577337198
13199000 -5.10332893141449
13200000 -5.18963850583673
13201000 -5.11873167582816
13202000 -5.15692214418297
13203000 -5.15471142112791
13204000 -5.11862352157304
13205000 -5.15742418729854
13206000 -5.13205814578369
13207000 -5.18289709777322
13208000 -5.16188686863605
13209000 -5.12806467105206
13210000 -5.16730506006513
13211000 -5.09180764936569
13212000 -5.20819021140752
13213000 -5.12555704764425
13214000 -5.16095540048812
13215000 -5.12672493733195
13216000 -5.11857414893481
13217000 -5.18772100390847
13218000 -5.11566577017757
13219000 -5.15528805360312
13220000 -5.15478345764611
13221000 -5.13199637755761
13222000 -5.19227396448384
13223000 -5.14133099990689
13224000 -5.17673853872832
13225000 -5.15501629492086
13226000 -5.13194696452534
13227000 -5.19482770966241
13228000 -5.09685374771526
13229000 -5.19697514908593
13230000 -5.13432627764468
13231000 -5.14453777489798
13232000 -5.18197428151803
13233000 -5.10818189340671
13234000 -5.20971200912707
13235000 -5.13841703675515
13236000 -5.17056158345581
13237000 -5.17725701634274
13238000 -5.13864779691678
13239000 -5.18433340903217
13240000 -5.13464392879132
13241000 -5.18075937782442
13242000 -5.15641659293151
13243000 -5.14495200149291
13244000 -5.18790176338264
13245000 -5.14681277818319
13246000 -5.16968952242304
13247000 -5.16477336738956
13248000 -5.13291644726316
13249000 -5.19381167361873
13250000 -5.12132192446552
13251000 -5.20792780099984
13252000 -5.1441385739286
13253000 -5.15189026470572
13254000 -5.20838403029534
13255000 -5.15046972618054
13256000 -5.18840061699747
13257000 -5.15283358707462
13258000 -5.15235134840878
13259000 -5.21875716961732
13260000 -5.11741918414472
13261000 -5.18850339354515
13262000 -5.16572516802491
13263000 -5.15520051557696
13264000 -5.18595836424514
13265000 -5.1473746605587
13266000 -5.15885140486296
13267000 -5.16521947371957
13268000 -5.1475470545255
13269000 -5.22847602616256
13270000 -5.16223021927411
13271000 -5.17223824780202
13272000 -5.18811818094315
13273000 -5.14374689999281
13274000 -5.20059549727826
13275000 -5.13739897088225
13276000 -5.20548354568418
13277000 -5.17197739708988
13278000 -5.16163637605859
13279000 -5.22660455179424
13280000 -5.15001060644375
13281000 -5.2230830077749
13282000 -5.13826349505899
13283000 -5.19975875569865
13284000 -5.18547951994558
13285000 -5.15945286970555
13286000 -5.2164237831269
13287000 -5.14823110854892
13288000 -5.22705155199895
13289000 -5.18763988398146
13290000 -5.1543276567095
13291000 -5.18532512319302
13292000 -5.17816548822378
13293000 -5.18562940894318
13294000 -5.17895336096641
13295000 -5.15745155487129
13296000 -5.23822636611052
13297000 -5.12615088791247
13298000 -5.23038758023861
13299000 -5.16027247214499
13300000 -5.18219182613814
13301000 -5.20028248698207
13302000 -5.18404860898609
13303000 -5.19778705166227
13304000 -5.16441346894365
13305000 -5.21620036864458
13306000 -5.16551376200342
13307000 -5.177313588213
13308000 -5.19588612763347
13309000 -5.20012924799836
13310000 -5.21010606137459
13311000 -5.16529903538409
13312000 -5.17806716284284
13313000 -5.22480104113592
13314000 -5.14537225355517
13315000 -5.22781869512314
13316000 -5.18234647731188
13317000 -5.20125932454364
13318000 -5.24149160901965
13319000 -5.17598062687132
13320000 -5.18697039697822
13321000 -5.1575200872344
13322000 -5.19780779673773
13323000 -5.19297947989116
13324000 -5.18392837294824
13325000 -5.21668022830046
13326000 -5.17166761794857
13327000 -5.23003464345967
13328000 -5.18622058331897
13329000 -5.20299604811248
13330000 -5.22859773896999
13331000 -5.18765460592372
13332000 -5.20811386119626
13333000 -5.18454646478488
13334000 -5.20304422997546
13335000 -5.23344813302528
13336000 -5.147624630138
13337000 -5.25133504778162
13338000 -5.18732034105048
13339000 -5.2095664891391
13340000 -5.20710452411205
13341000 -5.18751303408453
13342000 -5.1950224767156
13343000 -5.19202419160496
13344000 -5.21609359552232
13345000 -5.19611945668218
13346000 -5.21521977609957
13347000 -5.21457907511389
13348000 -5.18377709449682
13349000 -5.23555449020244
13350000 -5.20293165517224
13351000 -5.20120529057819
13352000 -5.19957455896972
13353000 -5.20930974332104
13354000 -5.20985738732868
13355000 -5.20218827159189
13356000 -5.21488680175336
13357000 -5.19342513923026
13358000 -5.19425793733476
13359000 -5.22727183820184
13360000 -5.19872867124894
13361000 -5.24780190965058
13362000 -5.17318377280219
13363000 -5.24533435049335
13364000 -5.20833806400106
13365000 -5.20590026625194
13366000 -5.2133795072495
13367000 -5.19029557375533
13368000 -5.24004131277223
13369000 -5.18929444061888
13370000 -5.21802166457672
13371000 -5.22487074982056
13372000 -5.1999600675022
13373000 -5.21836160276347
13374000 -5.18307412862721
13375000 -5.23232623334144
13376000 -5.20521193638762
13377000 -5.24599401710035
13378000 -5.22870676861592
13379000 -5.20893378071926
13380000 -5.22247323370973
13381000 -5.22375585872126
13382000 -5.2162355041018
13383000 -5.23030741868911
13384000 -5.203828528615
13385000 -5.23852611573102
13386000 -5.22787595352133
13387000 -5.22847919069496
13388000 -5.21349811674223
13389000 -5.2215845789598
13390000 -5.20461824098954
13391000 -5.2186539940556
13392000 -5.24178888274072
13393000 -5.18799637607193
13394000 -5.22693607242566
13395000 -5.22867045888589
13396000 -5.23773465323751
13397000 -5.21276273773348
13398000 -5.23113891854678
13399000 -5.20281092114799
13400000 -5.23054977586124
13401000 -5.18647167685065
13402000 -5.24277774356283
13403000 -5.19486540811404
13404000 -5.22537972640293
13405000 -5.25130156263935
13406000 -5.19856468157135
13407000 -5.21428019142034
13408000 -5.22354383043284
13409000 -5.2046385766478
13410000 -5.23127864795221
13411000 -5.17961722214558
13412000 -5.26534302346617
13413000 -5.19628149540847
13414000 -5.20894093739974
13415000 -5.24055481887199
13416000 -5.22295081076109
13417000 -5.24897905826438
13418000 -5.21120138527384
13419000 -5.25307646333706
13420000 -5.24637230472793
13421000 -5.20614189063303
13422000 -5.25343741848266
13423000 -5.20608640280454
13424000 -5.25395445379357
13425000 -5.25645483739551
13426000 -5.19461099513307
13427000 -5.25212455096354
13428000 -5.21847963389056
13429000 -5.27456630632392
13430000 -5.23408519030215
13431000 -5.23512827683396
13432000 -5.2461768399996
13433000 -5.22088158611026
13434000 -5.27111954910063
13435000 -5.20870575136112
13436000 -5.27430983625088
13437000 -5.21474617785108
13438000 -5.23773274774814
13439000 -5.2703842454957
13440000 -5.20535853420436
13441000 -5.28281093841716
13442000 -5.20245002927981
13443000 -5.23722690096509
13444000 -5.26839607864629
13445000 -5.22509804300676
13446000 -5.26575426148739
13447000 -5.21301112924903
13448000 -5.26006661446298
13449000 -5.22525795615599
13450000 -5.23936041530555
13451000 -5.24912431288022
13452000 -5.23804325740801
13453000 -5.23745634675521
13454000 -5.23811376973302
13455000 -5.27066151943766
13456000 -5.24396915293128
13457000 -5.24675453028786
13458000 -5.27166170636661
13459000 -5.2328842114069
13460000 -5.25702107562944
13461000 -5.25400685060414
13462000 -5.2295166288935
13463000 -5.27147999734305
13464000 -5.24232157962951
13465000 -5.26994749587685
13466000 -5.23579939799
13467000 -5.2483193075278
13468000 -5.24614396833876
13469000 -5.2644404810867
13470000 -5.25910508720553
13471000 -5.21969844940492
13472000 -5.25200735547415
13473000 -5.2647951284525
13474000 -5.24687647012364
13475000 -5.2604683885938
13476000 -5.23519987977252
13477000 -5.28654963644541
13478000 -5.25763102872743
13479000 -5.2550462144762
13480000 -5.27255369287153
13481000 -5.23720191771566
13482000 -5.28039845902869
13483000 -5.24391406394314
13484000 -5.24747027312277
13485000 -5.26550001669642
13486000 -5.23966701552764
13487000 -5.27237718158292
13488000 -5.26660878391523
13489000 -5.28605844649969
13490000 -5.21447699018577
13491000 -5.28150739672999
13492000 -5.26123561542006
13493000 -5.24018583932616
13494000 -5.28366693146596
13495000 -5.24708875235671
13496000 -5.25727063368645
13497000 -5.24306187223551
13498000 -5.248222490076
13499000 -5.28142125123561
13500000 -5.24129932844393
13501000 -5.25304002684509
13502000 -5.30976972887824
13503000 -5.24369824691753
13504000 -5.28826287433819
13505000 -5.21284912842718
13506000 -5.29626772130753
13507000 -5.27817571640844
13508000 -5.26611721026474
13509000 -5.27366533558859
13510000 -5.24218264960286
13511000 -5.30930422372372
13512000 -5.26019676551769
13513000 -5.25400446538311
13514000 -5.27807393261954
13515000 -5.24609890569779
13516000 -5.31183456311112
13517000 -5.25477496847733
13518000 -5.26999141062009
13519000 -5.31949091187121
13520000 -5.24365079378719
13521000 -5.31456814913335
13522000 -5.24164374695372
13523000 -5.28236349304684
13524000 -5.28858553699153
13525000 -5.27298813538603
13526000 -5.29040694693381
13527000 -5.27569663873664
13528000 -5.2606570870209
13529000 -5.28324673505402
13530000 -5.28813569089501
13531000 -5.28738235648135
13532000 -5.23363634696189
13533000 -5.30083159229042
13534000 -5.26634045451091
13535000 -5.29002872393364
13536000 -5.27896152100339
13537000 -5.28235460583515
13538000 -5.3055970912121
13539000 -5.24995973638989
13540000 -5.31046184182511
13541000 -5.25510688368868
13542000 -5.31310466235204
13543000 -5.29591406574951
13544000 -5.24588699887595
13545000 -5.27909621640194
13546000 -5.26293052720178
13547000 -5.27569529805485
13548000 -5.25663035332197
13549000 -5.29991902852363
13550000 -5.28520973155596
13551000 -5.25682350144742
13552000 -5.31685393556684
13553000 -5.26897273661119
13554000 -5.30429711777457
13555000 -5.29058244618524
13556000 -5.25342817626173
13557000 -5.28821359353651
13558000 -5.25264115765672
13559000 -5.29509866071324
13560000 -5.28627600407037
13561000 -5.29794336014345
13562000 -5.29715973229642
13563000 -5.28050207346163
13564000 -5.30373068018106
13565000 -5.26450092900139
13566000 -5.30012478685321
13567000 -5.26696051011087
13568000 -5.28758159705573
13569000 -5.31853447236274
13570000 -5.28586321971149
13571000 -5.30852223909097
13572000 -5.28687181312939
13573000 -5.29387437719964
13574000 -5.30263116441788
13575000 -5.25619951566701
13576000 -5.30876141837501
13577000 -5.27750844609075
13578000 -5.30722510635882
13579000 -5.29531171966534
13580000 -5.28513752944585
13581000 -5.30490840900193
13582000 -5.28266015652346
13583000 -5.31755673431195
13584000 -5.25959391056915
13585000 -5.31826694778134
13586000 -5.3131154659119
13587000 -5.28690386460341
13588000 -5.28408710930965
13589000 -5.29152168930683
13590000 -5.3241027059071
13591000 -5.2909808424468
13592000 -5.29941282122853
13593000 -5.28809945948417
13594000 -5.29467442565879
13595000 -5.30469602053669
13596000 -5.28430715719327
13597000 -5.31056851034215
13598000 -5.30908715422933
13599000 -5.30957074659802
13600000 -5.30967988216374
13601000 -5.30531539628059
13602000 -5.31594699705443
13603000 -5.2747352589892
13604000 -5.30620570429293
13605000 -5.30582997280403
13606000 -5.33352285001116
13607000 -5.30238559901572
13608000 -5.29574021274102
13609000 -5.31078099574239
13610000 -5.32728587845248
13611000 -5.3164774690271
13612000 -5.27215047107756
13613000 -5.29476234769287
13614000 -5.32531693590028
13615000 -5.28383312231469
13616000 -5.32085864572359
13617000 -5.28611134047345
13618000 -5.32521290035288
13619000 -5.30648609376207
13620000 -5.30879172154416
13621000 -5.33272808174767
13622000 -5.30220005924062
13623000 -5.33116503269356
13624000 -5.2812399592471
13625000 -5.3304797246655
13626000 -5.31644625592704
13627000 -5.31523282347858
13628000 -5.33928874345059
13629000 -5.3152043122658
13630000 -5.33324299190763
13631000 -5.31097201339716
13632000 -5.33198279426231
13633000 -5.31039161929467
13634000 -5.31024990196111
13635000 -5.3223793632911
13636000 -5.30226035856881
13637000 -5.32946875570481
13638000 -5.31153260185753
13639000 -5.31638472459045
13640000 -5.34394964709258
13641000 -5.30811116851423
13642000 -5.3367176800906
13643000 -5.29415096398025
13644000 -5.33028930497317
13645000 -5.33452543060816
13646000 -5.33260915825567
13647000 -5.32898347510065
13648000 -5.3056902216595
13649000 -5.31739920709316
13650000 -5.35289940382794
13651000 -5.31624963634934
13652000 -5.33479437368522
13653000 -5.31881621528401
13654000 -5.3443040258174
13655000 -5.32481796233738
13656000 -5.31330676999256
13657000 -5.30482332414363
13658000 -5.35454461579725
13659000 -5.30463402681802
13660000 -5.3357381769844
13661000 -5.32358690769424
13662000 -5.33589635804954
13663000 -5.32445546764774
13664000 -5.32090360900678
13665000 -5.3404690923632
13666000 -5.31468782719139
13667000 -5.31918576042711
13668000 -5.34338047655976
13669000 -5.30504496921929
13670000 -5.33994492923557
13671000 -5.33746600632799
13672000 -5.32838423687778
13673000 -5.34062396668223
13674000 -5.31969505847204
13675000 -5.34618051256245
13676000 -5.31993600285139
13677000 -5.33968176197637
13678000 -5.30732583683741
13679000 -5.32791955892858
13680000 -5.336638141555
13681000 -5.33039112879098
13682000 -5.38356438467441
13683000 -5.31823336568124
13684000 -5.32050514843015
13685000 -5.34320987415883
13686000 -5.3217181366548
13687000 -5.34720276442784
13688000 -5.32218635100454
13689000 -5.34901162893219
13690000 -5.33787603103316
13691000 -5.33247367964184
13692000 -5.3459722258409
13693000 -5.33405745646919
13694000 -5.35163918623438
13695000 -5.32152945418454
13696000 -5.31473694677549
13697000 -5.3184697003986
13698000 -5.34122604961572
13699000 -5.35290585448037
13700000 -5.3235414615666
13701000 -5.35194599489217
13702000 -5.3567423963389
13703000 -5.32267095189423
13704000 -5.37572966335629
13705000 -5.30791687082288
13706000 -5.35622127009865
13707000 -5.35520723512631
13708000 -5.3536554268632
13709000 -5.36434919070779
13710000 -5.34150859259116
13711000 -5.36854637112825
13712000 -5.34107393379516
13713000 -5.35376377481869
13714000 -5.3381855701685
13715000 -5.31785753053308
13716000 -5.38551880428498
13717000 -5.33109995248361
13718000 -5.37221392024567
13719000 -5.35257359342968
13720000 -5.33450350737971
13721000 -5.37535357768515
13722000 -5.33555101385671
13723000 -5.37267161251559
13724000 -5.34146784857491
13725000 -5.34390442882768
13726000 -5.34972093833295
13727000 -5.3367393736347
13728000 -5.38191984969717
13729000 -5.33085394814961
13730000 -5.36354162902926
13731000 -5.34742943905043
13732000 -5.35884884131199
13733000 -5.36317163335853
13734000 -5.34663942409709
13735000 -5.37587414846599
13736000 -5.32903191328555
13737000 -5.34644772418489
13738000 -5.35091039678658
13739000 -5.36017502173986
13740000 -5.38007580292724
13741000 -5.34616933922926
13742000 -5.35436284718126
13743000 -5.31935408085154
13744000 -5.38446652238873
13745000 -5.37188211683848
13746000 -5.34845121888173
13747000 -5.36427667902964
13748000 -5.34934160883853
13749000 -5.37817008021584
13750000 -5.3596702367452
13751000 -5.35020516249279
13752000 -5.38012928958096
13753000 -5.32676000476023
13754000 -5.36413171460767
13755000 -5.36919152062025
13756000 -5.37926492566807
13757000 -5.33368465289725
13758000 -5.35125072723776
13759000 -5.37316946105025
13760000 -5.35238573906049
13761000 -5.41285704406806
13762000 -5.33915656151317
13763000 -5.35513630488461
13764000 -5.37943752293728
13765000 -5.38296022114032
13766000 -5.37137441383947
13767000 -5.33433783268701
13768000 -5.38212962327466
13769000 -5.38781270241219
13770000 -5.35533268464123
13771000 -5.39255729828917
13772000 -5.35207887580672
13773000 -5.41696954604315
13774000 -5.34720373625624
13775000 -5.3871949861433
13776000 -5.35486660075765
13777000 -5.35832459725912
13778000 -5.40365638559592
13779000 -5.37364727481103
13780000 -5.36524606790553
13781000 -5.37459285352171
13782000 -5.37658504695805
13783000 -5.36562125976852
13784000 -5.37992303965426
13785000 -5.37393673198583
13786000 -5.36130602069728
13787000 -5.3851603677557
13788000 -5.35450744999396
13789000 -5.36732817102034
13790000 -5.41230710621811
13791000 -5.36553838572969
13792000 -5.41236864448081
13793000 -5.36108924267121
13794000 -5.4031586719673
13795000 -5.38496002593873
13796000 -5.34412366163146
13797000 -5.392773381615
13798000 -5.36124620266128
13799000 -5.39403612382816
13800000 -5.37307351953403
13801000 -5.37076441519142
13802000 -5.39550366185761
13803000 -5.36493480239078
13804000 -5.39838453775564
13805000 -5.38335546207034
13806000 -5.39801740427208
13807000 -5.37991469207174
13808000 -5.35243240925354
13809000 -5.3820593198387
13810000 -5.38836501649072
13811000 -5.3885344713165
13812000 -5.37619940592095
13813000 -5.37025204921577
13814000 -5.38546181973844
13815000 -5.39422906004669
13816000 -5.38169618776096
13817000 -5.3929032903219
13818000 -5.38450101074398
13819000 -5.38766199148569
13820000 -5.40004994978115
13821000 -5.37976753725723
13822000 -5.38975897717338
13823000 -5.38984483759196
13824000 -5.36521109624493
13825000 -5.39398324937134
13826000 -5.41439188831687
13827000 -5.38974053306803
13828000 -5.40720325638619
13829000 -5.39869407434687
13830000 -5.40174576301583
13831000 -5.39362969933666
13832000 -5.36135535535532
13833000 -5.43926861394951
13834000 -5.40484033045117
13835000 -5.40061655595531
13836000 -5.39156662822826
13837000 -5.38265332702025
13838000 -5.4183116683825
13839000 -5.37205397248102
13840000 -5.4212767402255
13841000 -5.37426168758919
13842000 -5.38180385971404
13843000 -5.44389604266817
13844000 -5.39983401766674
13845000 -5.38629413569836
13846000 -5.38980614853722
13847000 -5.39777290533371
13848000 -5.42690257401872
13849000 -5.3856999036743
13850000 -5.40968451530487
13851000 -5.38879703976981
13852000 -5.41107370346567
13853000 -5.41793945548762
13854000 -5.3819713331554
13855000 -5.43124052379248
13856000 -5.40561714423304
13857000 -5.38034052393315
13858000 -5.44058629825764
13859000 -5.39288145264723
13860000 -5.4410355950296
13861000 -5.40633580461695
13862000 -5.40226499824495
13863000 -5.42814340121463
13864000 -5.38698398285419
13865000 -5.42606716596037
13866000 -5.36636615112531
13867000 -5.4239708941373
13868000 -5.42473641501701
13869000 -5.39293555110198
13870000 -5.44941865629397
13871000 -5.38068183937473
13872000 -5.40816409092146
13873000 -5.4480777281248
13874000 -5.38302092761389
13875000 -5.43803764625384
13876000 -5.39593129149751
13877000 -5.40902527930958
13878000 -5.41215458960742
13879000 -5.38778474777932
13880000 -5.42679371123333
13881000 -5.40135704651592
13882000 -5.40943322946968
13883000 -5.44222698017956
13884000 -5.37450855411586
13885000 -5.46387244516477
13886000 -5.39071401220628
13887000 -5.40105018707567
13888000 -5.44563421585312
13889000 -5.44445955187392
13890000 -5.43836429491994
13891000 -5.413363823853
13892000 -5.39977512109376
13893000 -5.44077586477262
13894000 -5.37517919841591
13895000 -5.43706249244225
13896000 -5.40799764771811
13897000 -5.41953006829637
13898000 -5.44760469364612
13899000 -5.39538025904899
13900000 -5.42011677182007
13901000 -5.42106352403565
13902000 -5.39671232013049
13903000 -5.43743059008496
13904000 -5.39778328174977
13905000 -5.419576735648
13906000 -5.38138362377519
13907000 -5.41346093610044
13908000 -5.44644752582766
13909000 -5.40462280177634
13910000 -5.44086402561427
13911000 -5.42303525411335
13912000 -5.39902702294217
13913000 -5.45661635929394
13914000 -5.41158634839797
13915000 -5.416305488864
13916000 -5.44066666019307
13917000 -5.40693332522231
13918000 -5.44099998660581
13919000 -5.43202795320846
13920000 -5.45420620793059
13921000 -5.42626955640521
13922000 -5.41403278824721
13923000 -5.41583062765391
13924000 -5.42152630399061
13925000 -5.46023336568362
13926000 -5.41816670060292
13927000 -5.40346550116202
13928000 -5.42550917903838
13929000 -5.41932467279893
13930000 -5.44922785614221
13931000 -5.42916894063424
13932000 -5.41948975559496
13933000 -5.44911952417381
13934000 -5.41567142614097
13935000 -5.45084824273813
13936000 -5.45102755663309
13937000 -5.43816815891631
13938000 -5.43274160429895
13939000 -5.42792691718315
13940000 -5.4652297664744
13941000 -5.43666119307944
13942000 -5.4409923634179
13943000 -5.44231089022262
13944000 -5.42791259354178
13945000 -5.45622772083912
13946000 -5.44518650913268
13947000 -5.44510671681325
13948000 -5.45150836502632
13949000 -5.43790766769539
13950000 -5.45379176168192
13951000 -5.42248480387395
13952000 -5.479916509614
13953000 -5.43308440572398
13954000 -5.43571046032608
13955000 -5.46775167419781
13956000 -5.4146434834459
13957000 -5.45759726464936
13958000 -5.4331234082186
13959000 -5.44092552485442
13960000 -5.45374950949711
13961000 -5.41456613550818
13962000 -5.46523593387249
13963000 -5.43235408040543
13964000 -5.43283674791186
13965000 -5.49721861821688
13966000 -5.40248653595403
13967000 -5.46292032080113
13968000 -5.44511772572271
13969000 -5.41485382036877
13970000 -5.48041755687296
13971000 -5.42596343918868
13972000 -5.45172836736065
13973000 -5.44915486201429
13974000 -5.42958669666487
13975000 -5.45076794170901
13976000 -5.44930670563653
13977000 -5.44027477282128
13978000 -5.4450779513615
13979000 -5.4417263199924
13980000 -5.46512522374477
13981000 -5.45124669523018
13982000 -5.44117328330313
13983000 -5.47171838829631
13984000 -5.44324375451741
13985000 -5.45361597633111
13986000 -5.47517923622595
13987000 -5.4734677301276
13988000 -5.46695637428537
13989000 -5.40726214086125
13990000 -5.48834882045425
13991000 -5.46666751982201
13992000 -5.47527480879875
13993000 -5.46047935746086
13994000 -5.43807065683919
13995000 -5.46992449697141
13996000 -5.45897954914298
13997000 -5.43886244119699
13998000 -5.51760804006094
13999000 -5.4057727259327
14000000 -5.47877772497768
14001000 -5.44774236641272
14002000 -5.46865659980926
14003000 -5.48918911079286
14004000 -5.42730058597529
14005000 -5.48158130227089
14006000 -5.46162893160983
14007000 -5.42364100064983
14008000 -5.49043067506723
14009000 -5.45789797965846
14010000 -5.47550074926546
14011000 -5.47419463783157
14012000 -5.4594894831649
14013000 -5.50358700827353
14014000 -5.41652785796507
14015000 -5.47590254150979
14016000 -5.47569499501895
14017000 -5.43976481237309
14018000 -5.48429501922202
14019000 -5.46736550532632
14020000 -5.47686018926536
14021000 -5.47400857037258
14022000 -5.44486401968923
14023000 -5.49189262020136
14024000 -5.44371361139915
14025000 -5.49448460306785
14026000 -5.48173048973099
14027000 -5.457814863005
14028000 -5.48004823534707
14029000 -5.45961601311503
14030000 -5.46570348178491
14031000 -5.4832217843923
14032000 -5.42222158771906
14033000 -5.50484556321751
14034000 -5.48393133421808
14035000 -5.48211592942663
14036000 -5.48612055058832
14037000 -5.46288552886119
14038000 -5.4602421160433
14039000 -5.49955853165442
14040000 -5.47314527981778
14041000 -5.46444884423193
14042000 -5.47073375086118
14043000 -5.51088377744283
14044000 -5.47422506077513
14045000 -5.47500767194505
14046000 -5.4891167431757
14047000 -5.45232124820328
14048000 -5.46204229856254
14049000 -5.49047324848969
14050000 -5.45086238493816
14051000 -5.51047428148007
14052000 -5.48760910565455
14053000 -5.46797806479556
14054000 -5.47833043590889
14055000 -5.50871953553142
14056000 -5.48834014560138
14057000 -5.47653170934427
14058000 -5.48405319491998
14059000 -5.46822824503071
14060000 -5.48108204549115
14061000 -5.5043043235444
14062000 -5.48017624490205
14063000 -5.50272697090385
14064000 -5.4622085617308
14065000 -5.48538327306888
14066000 -5.51975809990047
14067000 -5.49433235675483
14068000 -5.46157208418406
14069000 -5.48839419634561
14070000 -5.4983139922161
14071000 -5.49442728160494
14072000 -5.47429090656951
14073000 -5.48197848815442
14074000 -5.49142940667216
14075000 -5.50218418480615
14076000 -5.49567643060805
14077000 -5.46852262590607
14078000 -5.52049683612687
14079000 -5.51587062107102
14080000 -5.45256657763667
14081000 -5.48764586982603
14082000 -5.48268861736564
14083000 -5.50001540270147
14084000 -5.48401341709006
14085000 -5.4904273476646
14086000 -5.48219146789242
14087000 -5.50579242809043
14088000 -5.48175572013938
14089000 -5.49932859377337
14090000 -5.49555100712597
14091000 -5.49678926882137
14092000 -5.50185392266002
14093000 -5.48686848056646
14094000 -5.50202641605193
14095000 -5.47678486125715
14096000 -5.52251182506178
14097000 -5.48215453933444
14098000 -5.49909576466048
14099000 -5.51752036160484
14100000 -5.47643721003179
14101000 -5.51119910652967
14102000 -5.46777653539899
14103000 -5.53475511308886
14104000 -5.51999096664366
14105000 -5.48365137105969
14106000 -5.49038161452069
14107000 -5.49791655869709
14108000 -5.5300795597448
14109000 -5.51386468100464
14110000 -5.48957313343193
14111000 -5.52585467380793
14112000 -5.47490301012178
14113000 -5.50882084231994
14114000 -5.48857815450621
14115000 -5.49086168265242
14116000 -5.52224630595043
14117000 -5.48770371199388
14118000 -5.5504847188541
14119000 -5.51111952294368
14120000 -5.48440041006367
14121000 -5.5019567102978
14122000 -5.49556241931951
14123000 -5.55215703497714
14124000 -5.47759983801911
14125000 -5.51332401786102
14126000 -5.52376860943719
14127000 -5.50845665098958
14128000 -5.52514125885215
14129000 -5.50799180665571
14130000 -5.52630267777589
14131000 -5.49750730880442
14132000 -5.49267416210208
14133000 -5.50386643292231
14134000 -5.4881904628788
14135000 -5.54795986011853
14136000 -5.5118901496117
14137000 -5.4950420578564
14138000 -5.53843740542196
14139000 -5.49410484643213
14140000 -5.54079292851803
14141000 -5.49026284339896
14142000 -5.51296786358253
14143000 -5.50187527479287
14144000 -5.51141624415474
14145000 -5.54710411380815
14146000 -5.49257361629483
14147000 -5.52505861792955
14148000 -5.49595802509425
14149000 -5.54786921467098
14150000 -5.54383198060906
14151000 -5.48637474017226
14152000 -5.53568820036072
14153000 -5.51680443511768
14154000 -5.54541359973821
14155000 -5.53964319983544
14156000 -5.49909868098053
14157000 -5.54170776829944
14158000 -5.51502499624348
14159000 -5.50893305581705
14160000 -5.55133811228839
14161000 -5.50916053875685
14162000 -5.52963256301786
14163000 -5.50969877271912
14164000 -5.52210378672854
14165000 -5.54416985318188
14166000 -5.51986001876288
14167000 -5.52428593749474
14168000 -5.49100082948747
14169000 -5.53904975982864
14170000 -5.52208670311205
14171000 -5.50550281340812
14172000 -5.54074194448244
14173000 -5.51972685116127
14174000 -5.51604145717758
14175000 -5.528271579547
14176000 -5.52219455144294
14177000 -5.54015755427525
14178000 -5.49250547758756
14179000 -5.55936275296783
14180000 -5.50715975229437
14181000 -5.52988275953322
14182000 -5.56176712158484
14183000 -5.51721518534679
14184000 -5.51762490150582
14185000 -5.52797162441536
14186000 -5.50020672443011
14187000 -5.5538792458481
14188000 -5.52623486715425
14189000 -5.54860918301684
14190000 -5.53050366044952
14191000 -5.50466560037435
14192000 -5.58618450916515
14193000 -5.52336701748198
14194000 -5.51648393226426
14195000 -5.53422285427216
14196000 -5.51171126095936
14197000 -5.58605272619194
14198000 -5.51572744019779
14199000 -5.52674283578469
14200000 -5.55185531220884
14201000 -5.52307654259112
14202000 -5.59088902690688
14203000 -5.50128540295504
14204000 -5.53582826458686
14205000 -5.54971608919587
14206000 -5.49971066680881
14207000 -5.59239531841649
14208000 -5.50627685259914
14209000 -5.56601908448718
14210000 -5.54679250352856
14211000 -5.50131921270171
14212000 -5.58674109485974
14213000 -5.49643291144803
14214000 -5.56483209141545
14215000 -5.56788435832066
14216000 -5.52634208631635
14217000 -5.58956787877427
14218000 -5.49221974114361
14219000 -5.57230821002245
14220000 -5.56254014405268
14221000 -5.5293813929474
14222000 -5.60268052200977
14223000 -5.50472751177547
14224000 -5.58204784124324
14225000 -5.55406549869932
14226000 -5.51959293157129
14227000 -5.58566038635228
14228000 -5.50787141079331
14229000 -5.58979634378673
14230000 -5.56096991167646
14231000 -5.52532596101461
14232000 -5.57569179163252
14233000 -5.52019863685505
14234000 -5.57688789620329
14235000 -5.56456009819531
14236000 -5.5362980269377
14237000 -5.59370924773267
14238000 -5.52009168732818
14239000 -5.55090856394174
14240000 -5.56753248694284
14241000 -5.52360958581511
14242000 -5.60070473313197
14243000 -5.53690304889541
14244000 -5.5749779949937
14245000 -5.5421302282525
14246000 -5.55578319104154
14247000 -5.59256738085893
14248000 -5.52182600707347
14249000 -5.55951234552254
14250000 -5.56801544960571
14251000 -5.57294510024808
14252000 -5.56543363716149
14253000 -5.52927380409485
14254000 -5.61014080102657
14255000 -5.5343055422964
14256000 -5.55815749178688
14257000 -5.57014381453651
14258000 -5.51085835260974
14259000 -5.5885911862913
14260000 -5.55152039366297
14261000 -5.55563169396658
14262000 -5.55307188667549
14263000 -5.5583672988996
14264000 -5.58329993269015
14265000 -5.55481285891636
14266000 -5.5591357359704
14267000 -5.55826349001927
14268000 -5.52925926027404
14269000 -5.58716370525045
14270000 -5.55868624408662
14271000 -5.55377945607513
14272000 -5.58255155335172
14273000 -5.54612542234298
14274000 -5.60272531510509
14275000 -5.56541871199632
14276000 -5.57755471977262
14277000 -5.54601755141642
14278000 -5.59325009517538
14279000 -5.55823441991977
14280000 -5.59677275389622
14281000 -5.5821181663793
14282000 -5.55437973266248
14283000 -5.55968093840758
14284000 -5.59584615673316
14285000 -5.57532114293443
14286000 -5.58717053536422
14287000 -5.56539797988859
14288000 -5.5911118531386
14289000 -5.55302654729978
14290000 -5.59129121325943
14291000 -5.5756194770487
14292000 -5.57934599698047
14293000 -5.55647525797735
14294000 -5.59084565756145
14295000 -5.57051365517269
14296000 -5.57494607198649
14297000 -5.56544966710988
14298000 -5.58629222086718
14299000 -5.58460157103822
14300000 -5.56354326560655
14301000 -5.5908668809598
14302000 -5.55996316267733
14303000 -5.5573795083308
14304000 -5.58525273046687
14305000 -5.56315728685227
14306000 -5.58479498582949
14307000 -5.59798725243953
14308000 -5.53556934987893
14309000 -5.58638265809165
14310000 -5.57631647496994
14311000 -5.59517253560024
14312000 -5.56513931702268
14313000 -5.5727403008046
14314000 -5.58808354807195
14315000 -5.59290765698668
14316000 -5.56727553632995
14317000 -5.60948789736095
14318000 -5.55401241050442
14319000 -5.57627256417496
14320000 -5.61035842895666
14321000 -5.59498367408822
14322000 -5.57544465053468
14323000 -5.59497760693889
14324000 -5.57620322178372
14325000 -5.59985705667092
14326000 -5.5686592712617
14327000 -5.589277188762
14328000 -5.58262583524574
14329000 -5.60351724151363
14330000 -5.57849323608766
14331000 -5.5869916267024
14332000 -5.59421126823719
14333000 -5.59591915572524
14334000 -5.57182388561036
14335000 -5.59183105032678
14336000 -5.58238168689567
14337000 -5.58474830774135
14338000 -5.59296947505712
14339000 -5.57728265807102
14340000 -5.60980877844838
14341000 -5.59349844710575
14342000 -5.59343087065328
14343000 -5.59162779237993
14344000 -5.59856190608035
14345000 -5.59563911091365
14346000 -5.60278681135761
14347000 -5.61110016129848
14348000 -5.59461915414002
14349000 -5.59879701951241
14350000 -5.60813695349576
14351000 -5.57592854756911
14352000 -5.5960476046107
14353000 -5.59223618308848
14354000 -5.57942377067164
14355000 -5.60763060545748
14356000 -5.59399470009704
14357000 -5.5829095513618
14358000 -5.62395170313771
14359000 -5.59117383463826
14360000 -5.60851267737178
14361000 -5.58658244332744
14362000 -5.60618566709893
14363000 -5.6275113513449
14364000 -5.57794435411656
14365000 -5.58775524756518
14366000 -5.60250780085474
14367000 -5.5953789654128
14368000 -5.60114551888987
14369000 -5.63852784182847
14370000 -5.59571856069224
14371000 -5.57378702851104
14372000 -5.59456674470295
14373000 -5.65015864462993
14374000 -5.58669831551765
14375000 -5.63547753639443
14376000 -5.58660913978962
14377000 -5.61891596290513
14378000 -5.61257783623566
14379000 -5.59167681012096
14380000 -5.61744947884925
14381000 -5.58860630170735
14382000 -5.5944632739957
14383000 -5.63428081220296
14384000 -5.5724076936768
14385000 -5.61303031058765
14386000 -5.59284244220194
14387000 -5.62852819303837
14388000 -5.63152226432362
14389000 -5.57279543764261
14390000 -5.62131116596146
14391000 -5.59287643117939
14392000 -5.60137869517219
14393000 -5.64166943462677
14394000 -5.58664393715185
14395000 -5.63254788032327
14396000 -5.58898612239767
14397000 -5.62073588186655
14398000 -5.65884541387288
14399000 -5.58610545075117
14400000 -5.63747479199892
14401000 -5.59950348084603
14402000 -5.62530327699012
14403000 -5.6068373819837
14404000 -5.57472026553186
14405000 -5.64272610758047
14406000 -5.61781143799285
14407000 -5.62530022183293
14408000 -5.60914411416668
14409000 -5.62263556667234
14410000 -5.63054424005533
14411000 -5.58809696393788
14412000 -5.63830792821182
14413000 -5.64481605975333
14414000 -5.60726749585011
14415000 -5.63304299695872
14416000 -5.6188898092218
14417000 -5.61807541582905
14418000 -5.62659463385459
14419000 -5.62300830907822
14420000 -5.6361116554203
14421000 -5.63832894499295
14422000 -5.61489316356904
14423000 -5.65017386283759
14424000 -5.62043153121659
14425000 -5.61556305791487
14426000 -5.63163424502964
14427000 -5.62933517881245
14428000 -5.62496414284652
14429000 -5.64473184642843
14430000 -5.62252376427741
14431000 -5.63588269650276
14432000 -5.63799595231223
14433000 -5.64218313039539
14434000 -5.62099215234834
14435000 -5.6024859373689
14436000 -5.61699316633283
14437000 -5.63768824532206
14438000 -5.60168631136572
14439000 -5.62733062123458
14440000 -5.62951533573078
14441000 -5.64958117929421
14442000 -5.63767475204664
14443000 -5.6515146629188
14444000 -5.63513326538512
14445000 -5.63051472794699
14446000 -5.62923761551978
14447000 -5.64025940236573
14448000 -5.63015683573062
14449000 -5.640042968672
14450000 -5.64309696838311
14451000 -5.62680317719511
14452000 -5.64020122957548
14453000 -5.63870370165771
14454000 -5.64379796845042
14455000 -5.65325375434396
14456000 -5.61795783219575
14457000 -5.61922099234642
14458000 -5.65190021947719
14459000 -5.63039059155527
14460000 -5.63230098495169
14461000 -5.62612902835664
14462000 -5.65084466948309
14463000 -5.61624395154855
14464000 -5.64389256385479
14465000 -5.67423558175538
14466000 -5.63189199034095
14467000 -5.62856403221921
14468000 -5.64891044464996
14469000 -5.64528170739687
14470000 -5.62977401101039
14471000 -5.63374250292375
14472000 -5.65224537144198
14473000 -5.6337040489148
14474000 -5.63102239442919
14475000 -5.6433590917766
14476000 -5.65117916677096
14477000 -5.6541229865162
14478000 -5.61049651824284
14479000 -5.67764116910728
14480000 -5.66126537980813
14481000 -5.63931092022902
14482000 -5.66209263815431
14483000 -5.61368877958136
14484000 -5.66870990216088
14485000 -5.64893733322339
14486000 -5.66626617758616
14487000 -5.63517587329264
14488000 -5.62390278027987
14489000 -5.66631232188576
14490000 -5.62419591817402
14491000 -5.64493693413189
14492000 -5.65700656684931
14493000 -5.64406633243455
14494000 -5.68263149685984
14495000 -5.62021012222925
14496000 -5.65962533093333
14497000 -5.68363071525429
14498000 -5.6234132841287
14499000 -5.66870168964597
14500000 -5.62765172236066
14501000 -5.66709844141624
14502000 -5.62522470939094
14503000 -5.62524609659709
14504000 -5.70515632032964
14505000 -5.64012416679314
14506000 -5.66125476163176
14507000 -5.63949552148366
14508000 -5.66772749842969
14509000 -5.68075449028956
14510000 -5.61618074069372
14511000 -5.6708531013169
14512000 -5.65399213256331
14513000 -5.64874104555536
14514000 -5.7020613575374
14515000 -5.64678376326876
14516000 -5.6713246116275
14517000 -5.64021427980301
14518000 -5.64769914394375
14519000 -5.68111624083667
14520000 -5.65523731871443
14521000 -5.66956218609398
14522000 -5.66596305528952
14523000 -5.65960376412498
14524000 -5.67461966130666
14525000 -5.6324056723111
14526000 -5.69886686955111
14527000 -5.66409910580937
14528000 -5.66468072182235
14529000 -5.67414740456023
14530000 -5.67227640101008
14531000 -5.69649661814765
14532000 -5.63374227568614
14533000 -5.66957481937958
14534000 -5.6905146003597
14535000 -5.64552119756099
14536000 -5.67918919824446
14537000 -5.65887815151446
14538000 -5.67516369767757
14539000 -5.67160289627448
14540000 -5.64655435061496
14541000 -5.70617068226675
14542000 -5.64993230322072
14543000 -5.68468998094738
14544000 -5.66575573183898
14545000 -5.61425636100547
14546000 -5.70253724629139
14547000 -5.63186234740204
14548000 -5.69005309703077
14549000 -5.67690699978911
14550000 -5.67747587588451
14551000 -5.69033604737763
14552000 -5.65789686070778
14553000 -5.70522873340976
14554000 -5.68377563288847
14555000 -5.66045366188727
14556000 -5.69691270922959
14557000 -5.67452587304169
14558000 -5.71376728794277
14559000 -5.63105498793117
14560000 -5.67821076914265
14561000 -5.6949066366135
14562000 -5.64889659170541
14563000 -5.71026896818783
14564000 -5.68175918931461
14565000 -5.68727944121199
14566000 -5.69988006612473
14567000 -5.66833740623653
14568000 -5.7106268696617
14569000 -5.66460654808064
14570000 -5.69111577978078
14571000 -5.68419770592847
14572000 -5.66034624722131
14573000 -5.71600081167941
14574000 -5.69310293975899
14575000 -5.68310109132193
14576000 -5.68030117281157
14577000 -5.69447395782153
14578000 -5.73597781292738
14579000 -5.6506695519449
14580000 -5.68718938506757
14581000 -5.69887117912389
14582000 -5.69089089684691
14583000 -5.7051098653304
14584000 -5.65499434705089
14585000 -5.69677268445973
14586000 -5.71754765414911
14587000 -5.65935320279701
14588000 -5.69403167113767
14589000 -5.67763107538308
14590000 -5.70422229070326
14591000 -5.71628545076318
14592000 -5.67340449987028
14593000 -5.70526466108086
14594000 -5.67542133281289
14595000 -5.70903332052827
14596000 -5.70186163716662
14597000 -5.68958620674784
14598000 -5.70512074426485
14599000 -5.67735649674061
14600000 -5.70020263063442
14601000 -5.68203707673547
14602000 -5.66882640034932
14603000 -5.72579236428566
14604000 -5.68390187406328
14605000 -5.70253434530485
14606000 -5.69615427078903
14607000 -5.68594581063416
14608000 -5.70606834460512
14609000 -5.68703093162989
14610000 -5.70612438647388
14611000 -5.69629155815079
14612000 -5.70708915451092
14613000 -5.71103385083084
14614000 -5.69729186917449
14615000 -5.6997378122564
14616000 -5.69034109432263
14617000 -5.70893549865339
14618000 -5.69495049437852
14619000 -5.68546048378581
14620000 -5.72754310337745
14621000 -5.71172502411865
14622000 -5.67383933701356
14623000 -5.72689655132572
14624000 -5.69313222843157
14625000 -5.69342944995812
14626000 -5.7020459775009
14627000 -5.70298553293407
14628000 -5.69143489094329
14629000 -5.7258699667891
14630000 -5.73823137477773
14631000 -5.71253768323672
14632000 -5.70332033573966
14633000 -5.69203994656918
14634000 -5.6998553847349
14635000 -5.69815675602056
14636000 -5.71712009339418
14637000 -5.70647631472922
14638000 -5.67958513037923
14639000 -5.72744336450663
14640000 -5.70441423468166
14641000 -5.69553356292532
14642000 -5.70522139313769
14643000 -5.69935127906722
14644000 -5.73129639400547
14645000 -5.6999818211535
14646000 -5.71605263566608
14647000 -5.70042533229077
14648000 -5.70590306024656
14649000 -5.73445796387019
14650000 -5.69267723423258
14651000 -5.71096438980842
14652000 -5.71693241999421
14653000 -5.70256071779614
14654000 -5.73366038693049
14655000 -5.67432424183697
14656000 -5.73048128217553
14657000 -5.71303309669097
14658000 -5.68127308657415
14659000 -5.76061467705932
14660000 -5.70841115539591
14661000 -5.70889185051799
14662000 -5.72852027610414
14663000 -5.71161401524689
14664000 -5.74263240604356
14665000 -5.66484384399526
14666000 -5.75314817989717
14667000 -5.72509479100447
14668000 -5.71699576241528
14669000 -5.75891001124743
14670000 -5.6785064490264
14671000 -5.73081074875909
14672000 -5.72212622457234
14673000 -5.70830029448066
14674000 -5.73850126761127
14675000 -5.67533023741773
14676000 -5.76167744627244
14677000 -5.73691950521433
14678000 -5.67580167161813
14679000 -5.74937723788087
14680000 -5.67343106562522
14681000 -5.75707342327643
14682000 -5.73131273452724
14683000 -5.72200448130207
14684000 -5.75469378757422
14685000 -5.68102375137264
14686000 -5.74170903824768
14687000 -5.70927346696915
14688000 -5.71548263080404
14689000 -5.73715658678973
14690000 -5.70661016882841
14691000 -5.75113910423356
14692000 -5.6951871350086
14693000 -5.71161374938089
14694000 -5.75882106226468
14695000 -5.7039161423763
14696000 -5.72215045407845
14697000 -5.7139510447881
14698000 -5.71133950723458
14699000 -5.75401657134202
14700000 -5.73521207658404
14701000 -5.71315231079859
14702000 -5.71352701769478
14703000 -5.72770410335115
14704000 -5.7425109717109
14705000 -5.75307513451985
14706000 -5.7579218900582
14707000 -5.7122915968583
14708000 -5.7385029850881
14709000 -5.73424007923551
14710000 -5.73265093579715
14711000 -5.76211320550044
14712000 -5.73138240441405
14713000 -5.73704731491428
14714000 -5.74392242884744
14715000 -5.71474156186256
14716000 -5.74582056870492
14717000 -5.7241043325422
14718000 -5.73915188790822
14719000 -5.73137520593013
14720000 -5.73414056136459
14721000 -5.744986865509
14722000 -5.75517417303012
14723000 -5.73035452532635
14724000 -5.73632071223667
14725000 -5.73538744365451
14726000 -5.76758163915073
14727000 -5.72082220080804
14728000 -5.7439772645064
14729000 -5.76051812781693
14730000 -5.7212256329013
14731000 -5.76406900285059
14732000 -5.71398260401168
14733000 -5.73354119867089
14734000 -5.74700267956188
14735000 -5.75119141714744
14736000 -5.74014079288087
14737000 -5.69905098207324
14738000 -5.75136022626236
14739000 -5.74102157178562
14740000 -5.73251079220472
14741000 -5.78218688600035
14742000 -5.75226539968568
14743000 -5.76767069902104
14744000 -5.73699057956339
14745000 -5.73079883036703
14746000 -5.75834554960661
14747000 -5.7457443609283
14748000 -5.76684052754196
14749000 -5.72732148404087
14750000 -5.75328147943957
14751000 -5.76754211103999
14752000 -5.73942602270861
14753000 -5.75662160262281
14754000 -5.75272713952034
14755000 -5.72744738363126
14756000 -5.75937357118049
14757000 -5.73231543848389
14758000 -5.7596746890152
14759000 -5.72442442636394
14760000 -5.77288183414288
14761000 -5.73031931645568
14762000 -5.71137550191716
14763000 -5.75878872395095
14764000 -5.75548807612606
14765000 -5.75235750543577
14766000 -5.77495540082015
14767000 -5.76404098775728
14768000 -5.76539078249649
14769000 -5.7613117483373
14770000 -5.75675638346802
14771000 -5.74226797603644
14772000 -5.74937356953616
14773000 -5.76691610201026
14774000 -5.72974799681874
14775000 -5.76655187905628
14776000 -5.73838613892651
14777000 -5.75904295540566
14778000 -5.76550907617475
14779000 -5.76595347556479
14780000 -5.76808319117271
14781000 -5.76262844357462
14782000 -5.74471114477413
14783000 -5.77158498204122
14784000 -5.76104263976227
14785000 -5.76802916304747
14786000 -5.76133110420865
14787000 -5.75861858855579
14788000 -5.77164032342571
14789000 -5.75209395024436
14790000 -5.77529349460877
14791000 -5.7907510084452
14792000 -5.76484719445398
14793000 -5.75278533585582
14794000 -5.78533265818878
14795000 -5.76448264543488
14796000 -5.73336050508206
14797000 -5.75950169087507
14798000 -5.78998673681303
14799000 -5.7414145814479
14800000 -5.77154619997178
14801000 -5.7757195480162
14802000 -5.75137261243359
14803000 -5.76193831114785
14804000 -5.76912541971016
14805000 -5.79962305417485
14806000 -5.77866867427362
14807000 -5.76693543730042
14808000 -5.781649414575
14809000 -5.74811462941812
14810000 -5.79748614991957
14811000 -5.76386316142983
14812000 -5.78290767317111
14813000 -5.7894216754129
14814000 -5.76672531585855
14815000 -5.78270492153648
14816000 -5.76121250570625
14817000 -5.77948480313816
14818000 -5.76936679057818
14819000 -5.76842674124981
14820000 -5.79698645314243
14821000 -5.77384473053686
14822000 -5.78968003442659
14823000 -5.77260914625313
14824000 -5.77169284265563
14825000 -5.80396515144751
14826000 -5.77596695021878
14827000 -5.77530571744567
14828000 -5.77446773426964
14829000 -5.7684618957296
14830000 -5.81746858727134
14831000 -5.74333427583551
14832000 -5.77175435966825
14833000 -5.79573058194637
14834000 -5.7850008266248
14835000 -5.80006191424602
14836000 -5.75976134418952
14837000 -5.78457910217753
14838000 -5.79512844961161
14839000 -5.75916158785717
14840000 -5.80091043774287
14841000 -5.74412302950358
14842000 -5.77999666779629
14843000 -5.77811742091015
14844000 -5.77558580894605
14845000 -5.78840951371235
14846000 -5.78973916218406
14847000 -5.79956109222682
14848000 -5.80486535628817
14849000 -5.75831475209091
14850000 -5.77771452515321
14851000 -5.79340825630298
14852000 -5.81873850038414
14853000 -5.79346660789438
14854000 -5.77307827756818
14855000 -5.80278378310414
14856000 -5.77470193900765
14857000 -5.81063801800361
14858000 -5.78236538401891
14859000 -5.80309211486275
14860000 -5.79052708189621
14861000 -5.76885821054937
14862000 -5.8176344616358
14863000 -5.7857857758574
14864000 -5.79165198799609
14865000 -5.782452874049
14866000 -5.7756535284479
14867000 -5.81858264633791
14868000 -5.75664314601123
14869000 -5.80655254062777
14870000 -5.80273949001831
14871000 -5.79197899777531
14872000 -5.79334482130724
14873000 -5.76393573795148
14874000 -5.80870172047975
14875000 -5.77966987169067
14876000 -5.79275624958235
14877000 -5.80550950243353
14878000 -5.77790563402275
14879000 -5.79213014719793
14880000 -5.78603856806883
14881000 -5.80827759660406
14882000 -5.78312921954127
14883000 -5.76822297563377
14884000 -5.83865753219993
14885000 -5.80019386191531
14886000 -5.80800304033892
14887000 -5.8226408201142
14888000 -5.77616055897304
14889000 -5.80000997607285
14890000 -5.81653573186214
14891000 -5.82108833318381
14892000 -5.8387107215296
14893000 -5.76694049846774
14894000 -5.82871684546333
14895000 -5.79687423468145
14896000 -5.80126962915381
14897000 -5.83806743404655
14898000 -5.8029820302581
14899000 -5.8142223194542
14900000 -5.77159528742091
14901000 -5.80104611118384
14902000 -5.85081734944726
14903000 -5.7885028912411
14904000 -5.8382918124959
14905000 -5.80763945974512
14906000 -5.82369982122003
14907000 -5.82729168560678
14908000 -5.80724548561728
14909000 -5.82513916121827
14910000 -5.78838972943969
14911000 -5.82417249744863
14912000 -5.81780496910356
14913000 -5.79913247507421
14914000 -5.87269925933215
14915000 -5.79432690243748
14916000 -5.80672893204518
14917000 -5.85522937216688
14918000 -5.76625626670569
14919000 -5.83965112416162
14920000 -5.80101435792019
14921000 -5.82077041836436
14922000 -5.84230445434214
14923000 -5.78605946579115
14924000 -5.86606121866276
14925000 -5.82653046882349
14926000 -5.82923299054948
14927000 -5.8494535373493
14928000 -5.78583334780464
14929000 -5.83156259920333
14930000 -5.83074294203719
14931000 -5.76913445137567
14932000 -5.85659319920511
14933000 -5.78710567815678
14934000 -5.80837933259913
14935000 -5.8445167663573
14936000 -5.80314701216123
14937000 -5.80499780028243
14938000 -5.81351954142998
14939000 -5.83501010430771
14940000 -5.84932560276446
14941000 -5.7795618046094
14942000 -5.85823761215304
14943000 -5.8198640668916
14944000 -5.81250613887401
14945000 -5.83926342370576
14946000 -5.80242814542389
14947000 -5.84679566547819
14948000 -5.83772945089424
14949000 -5.83839788133506
14950000 -5.84898001317454
14951000 -5.80078167635678
14952000 -5.87137368826493
14953000 -5.83955174359333
14954000 -5.83434830274674
14955000 -5.83994777502246
14956000 -5.7897907266091
14957000 -5.85306211504353
14958000 -5.84913191241599
14959000 -5.8159847629088
14960000 -5.86020377826049
14961000 -5.81125876714017
14962000 -5.83498798076302
14963000 -5.85218505180217
14964000 -5.80977910664726
14965000 -5.83955894609944
14966000 -5.83862817760534
14967000 -5.82272478812345
14968000 -5.86677764309937
14969000 -5.81611007013284
14970000 -5.86818827807005
14971000 -5.81490235778636
14972000 -5.82746272026131
14973000 -5.83643574058158
14974000 -5.83140009917889
14975000 -5.84034292590883
14976000 -5.83763661849404
14977000 -5.79836612327345
14978000 -5.83767104643258
14979000 -5.84433397078141
14980000 -5.83142101798477
14981000 -5.82559642071582
14982000 -5.83222050740893
14983000 -5.86599153319432
14984000 -5.82766624802223
14985000 -5.83920926357606
14986000 -5.87116654956388
14987000 -5.81045002707083
14988000 -5.83268235338496
14989000 -5.86082530147666
14990000 -5.85592583316443
14991000 -5.84328671010188
14992000 -5.82320285284876
14993000 -5.85614332218722
14994000 -5.83538037217621
14995000 -5.82150272581447
14996000 -5.87885281991165
14997000 -5.83699850846386
14998000 -5.84224879904534
14999000 -5.83640797004635
15000000 -5.8476142226919
15001000 -5.8560021211158
15002000 -5.84563277943197
15003000 -5.8726858085528
15004000 -5.85182582099393
15005000 -5.83656247850825
15006000 -5.83619108474102
15007000 -5.82311422569932
15008000 -5.86856386795293
15009000 -5.8584627711441
15010000 -5.84838912713016
15011000 -5.89928666313524
15012000 -5.82198591844692
15013000 -5.83685604936178
15014000 -5.85448426313522
15015000 -5.86927484411988
15016000 -5.85894594905367
15017000 -5.8313482748679
15018000 -5.85045312505713
15019000 -5.86605678773229
15020000 -5.83321975086049
15021000 -5.881795596006
15022000 -5.85414892480976
15023000 -5.84661032910444
15024000 -5.84501882800723
15025000 -5.85543693209763
15026000 -5.87648078618519
15027000 -5.82547252974895
15028000 -5.86885191028996
15029000 -5.84046336237556
15030000 -5.85779621025036
15031000 -5.87353834688079
15032000 -5.857075182186
15033000 -5.89357328350079
15034000 -5.8430167689502
15035000 -5.85104872080394
15036000 -5.8951716387082
15037000 -5.84913604086756
15038000 -5.85593189132682
15039000 -5.8555797510781
15040000 -5.85052475482814
15041000 -5.88078945665845
15042000 -5.86560972096814
15043000 -5.87116658432203
15044000 -5.83049359091363
15045000 -5.87292530083274
15046000 -5.90871500559136
15047000 -5.83438132587208
15048000 -5.87452804848748
15049000 -5.84851481257683
15050000 -5.88565233826764
15051000 -5.8640200581696
15052000 -5.8595657879807
15053000 -5.86377522525013
15054000 -5.86411393603434
15055000 -5.87948533827849
15056000 -5.87724328498324
15057000 -5.83691000143109
15058000 -5.88288347782761
15059000 -5.86337379173713
15060000 -5.87457490359856
15061000 -5.8623474042377
15062000 -5.89478060897667
15063000 -5.8541486805106
15064000 -5.85493894593288
15065000 -5.90459432470385
15066000 -5.90101667814818
15067000 -5.89407428882193
15068000 -5.84973708646841
15069000 -5.87617346607735
15070000 -5.89640183656949
15071000 -5.86152036502831
15072000 -5.87934385571447
15073000 -5.89667458174561
15074000 -5.8718629964233
15075000 -5.91116635760623
15076000 -5.8706861555955
15077000 -5.88700422742324
15078000 -5.85765759435147
15079000 -5.85524591583713
15080000 -5.89229714752226
15081000 -5.86326962382168
15082000 -5.87443906839708
15083000 -5.88354429319758
15084000 -5.87909768520828
15085000 -5.91478483450135
15086000 -5.87528713468259
15087000 -5.88298994089344
15088000 -5.87859150734383
15089000 -5.87473881681688
15090000 -5.90527954615523
15091000 -5.84806173469288
15092000 -5.89308124640628
15093000 -5.88273201628815
15094000 -5.87192960073005
15095000 -5.91151842125773
15096000 -5.87340544977011
15097000 -5.87363266504245
15098000 -5.89408786397039
15099000 -5.87027041183693
15100000 -5.88444693574555
15101000 -5.88870381262742
15102000 -5.89937305276497
15103000 -5.88334319549858
15104000 -5.86837349463475
15105000 -5.91537866503488
15106000 -5.88601041418801
15107000 -5.88572599910174
15108000 -5.90586598537639
15109000 -5.88161469857506
15110000 -5.90014417903022
15111000 -5.89642789609835
15112000 -5.88131099443277
15113000 -5.8971313456774
15114000 -5.87035852464804
15115000 -5.89502557094207
15116000 -5.88976638013755
15117000 -5.89460421791921
15118000 -5.90152108853472
15119000 -5.89822066886949
15120000 -5.9125842667043
15121000 -5.92449309263055
15122000 -5.90051329691669
15123000 -5.910979497979
15124000 -5.91069254080909
15125000 -5.87899612567222
15126000 -5.91316648256058
15127000 -5.885465684893
15128000 -5.91542495952061
15129000 -5.91759539232666
15130000 -5.87957135059628
15131000 -5.89821583045443
15132000 -5.90771415652025
15133000 -5.90879010047538
15134000 -5.91472414352067
15135000 -5.87427597592922
15136000 -5.91939698828762
15137000 -5.9165167458535
15138000 -5.90890769436882
15139000 -5.88912725098037
15140000 -5.8755889666451
15141000 -5.91382202062968
15142000 -5.91737165372489
15143000 -5.87774427770854
15144000 -5.89883339917134
15145000 -5.8965295409811
15146000 -5.90652025677872
15147000 -5.90397000465959
15148000 -5.91944375558954
15149000 -5.91657107728451
15150000 -5.90256592853991
15151000 -5.88159985570789
15152000 -5.89294697052177
15153000 -5.88644074802101
15154000 -5.90439721996676
15155000 -5.92675833766339
15156000 -5.9006784212324
15157000 -5.90935761321146
15158000 -5.88436352320632
15159000 -5.88595119596905
15160000 -5.95180965372016
15161000 -5.90479049187579
15162000 -5.92194287576768
15163000 -5.9031817503045
15164000 -5.88399945403309
15165000 -5.9453912836633
15166000 -5.89550720755808
15167000 -5.90417689700108
15168000 -5.93225416290898
15169000 -5.90954417526823
15170000 -5.94112842737237
15171000 -5.90077205271574
15172000 -5.86661626076221
15173000 -5.9436074922624
15174000 -5.90479756493826
15175000 -5.93928249975434
15176000 -5.91355156715352
15177000 -5.89773553711884
15178000 -5.95807582146155
15179000 -5.90786041959307
15180000 -5.92110951825406
15181000 -5.9187798268964
15182000 -5.89741438838219
15183000 -5.94706293833835
15184000 -5.90256175854818
15185000 -5.94622582690568
15186000 -5.92584321260551
15187000 -5.91143287041018
15188000 -5.93994684429712
15189000 -5.88302121005024
15190000 -5.95514889478211
15191000 -5.92248867191733
15192000 -5.90703485852944
15193000 -5.93185333611486
15194000 -5.9005853034611
15195000 -5.97405557610101
15196000 -5.9354330230962
15197000 -5.92700988648351
15198000 -5.94825106994699
15199000 -5.90237680863109
15200000 -5.93874525727197
15201000 -5.90517735548131
15202000 -5.90928740853128
15203000 -5.93705913872726
15204000 -5.90724658452736
15205000 -5.94616222916566
15206000 -5.90953155577963
15207000 -5.90546577390573
15208000 -5.96163711992473
15209000 -5.89395121208023
15210000 -5.94220277118819
15211000 -5.91946622091008
15212000 -5.92319881049145
15213000 -5.95799849707571
15214000 -5.89898824835385
15215000 -5.91620796616447
15216000 -5.95273710069093
15217000 -5.92349185490507
15218000 -5.92704006697307
15219000 -5.90887398929084
15220000 -5.92910261816914
15221000 -5.93226448896423
15222000 -5.9242678782908
15223000 -5.95264826757473
15224000 -5.92342798877632
15225000 -5.93630080416407
15226000 -5.94678625880998
15227000 -5.91616476977276
15228000 -5.97319656593842
15229000 -5.9058631208852
15230000 -5.94405994690688
15231000 -5.97458602535575
15232000 -5.92113757487599
15233000 -5.9690940041956
15234000 -5.90429922100002
15235000 -5.95835272590649
15236000 -5.95166666578671
15237000 -5.9372214435621
15238000 -5.93890110583961
15239000 -5.92039755013552
15240000 -5.94794347896641
15241000 -5.94587914059276
15242000 -5.93302245104651
15243000 -5.98383956198311
15244000 -5.92890339774895
15245000 -5.94624405227276
15246000 -5.94223630908835
15247000 -5.93441970282478
15248000 -5.95336564343252
15249000 -5.9067476081562
15250000 -5.95532857356725
15251000 -5.954501864796
15252000 -5.93596586697023
15253000 -5.96449145436994
15254000 -5.91360523196835
15255000 -5.9626297249603
15256000 -5.95266140971036
15257000 -5.95307707386619
15258000 -5.94833790964475
15259000 -5.94228582006655
15260000 -5.9701599847427
15261000 -5.92343464491764
15262000 -5.9533542075309
15263000 -5.94419952040582
15264000 -5.92718035431186
15265000 -5.94862991901803
15266000 -5.93436012648995
15267000 -5.95500997310016
15268000 -5.94987738182498
15269000 -5.95057619545335
15270000 -5.94854283075528
15271000 -5.92071511074458
15272000 -5.99203282341263
15273000 -5.94823806511549
15274000 -5.93984824017826
15275000 -5.98349293028173
15276000 -5.92473097222175
15277000 -5.97252426476158
15278000 -5.96043710312384
15279000 -5.92887072092605
15280000 -5.99173323656664
15281000 -5.94014847266856
15282000 -5.98394761138721
15283000 -5.92698756031877
15284000 -5.94217522381189
15285000 -5.97402104307635
15286000 -5.94341378693822
15287000 -5.99747191964621
15288000 -5.96677906369071
15289000 -5.94999488810356
15290000 -6.01157472981603
15291000 -5.93734236837897
15292000 -5.99077226844899
15293000 -5.96080209881446
15294000 -5.95395200275465
15295000 -6.0005838206551
15296000 -5.93703207484221
15297000 -5.98788493001163
15298000 -5.93826426987578
15299000 -5.9691819983261
15300000 -5.9808395199725
15301000 -5.93305382261166
15302000 -5.98364059903498
15303000 -5.94468150046149
15304000 -5.98593628268011
15305000 -6.00834200805152
15306000 -5.93530031933984
15307000 -5.99565741228553
15308000 -5.94186581334263
15309000 -5.98954806913402
15310000 -5.98334178062825
15311000 -5.94053684945682
15312000 -6.01037867109766
15313000 -5.9476966981018
15314000 -5.9625968149388
15315000 -6.00200955568158
15316000 -5.96930261533654
15317000 -6.00728855060649
15318000 -5.94715991733521
15319000 -5.98406201060358
15320000 -5.98654845939013
15321000 -5.96271716254767
15322000 -5.9818837233355
15323000 -5.98078131575516
15324000 -5.9811663301715
15325000 -5.9717556978467
15326000 -5.96785435736921
15327000 -5.98699306518661
15328000 -5.9738897719753
15329000 -5.95852265913445
15330000 -5.97284669705107
15331000 -5.97260113600163
15332000 -5.98443802674032
15333000 -5.98215713243065
15334000 -5.97475125079345
15335000 -5.98007629342995
15336000 -5.99041355400689
15337000 -5.97452711387504
15338000 -5.98192709836504
15339000 -5.98371840724414
15340000 -5.98337295116255
15341000 -5.98176586128478
15342000 -5.98329552146951
15343000 -5.99067777772464
15344000 -5.990623171919
15345000 -5.96417652334652
15346000 -5.98948239644636
15347000 -6.00446671301865
15348000 -5.95802475241006
15349000 -5.98910006865485
15350000 -5.99976609251801
15351000 -5.99742501912873
15352000 -5.99860913099544
15353000 -5.98189166150326
15354000 -5.98888748386306
15355000 -5.98124402005358
15356000 -5.98691430459832
15357000 -5.9963592091252
15358000 -5.97501587590658
15359000 -6.00528542987254
15360000 -5.97948350635283
15361000 -5.96921208162115
15362000 -6.00556202838158
15363000 -5.97465951125551
15364000 -5.99526219068699
15365000 -5.9748587249018
15366000 -5.98443090055164
15367000 -5.9789626904059
15368000 -5.96920039729271
15369000 -5.97714272348431
15370000 -5.9884029809198
15371000 -6.00604075295869
15372000 -6.00206651428527
15373000 -5.97129552545304
15374000 -5.98401213405683
15375000 -6.01578463697195
15376000 -6.00929767837891
15377000 -5.9833176306774
15378000 -5.96513128510363
15379000 -6.00369904961023
15380000 -5.9985105165351
15381000 -5.99864032441554
15382000 -6.00316444104738
15383000 -5.98213053064395
15384000 -5.98020132153112
15385000 -6.00618185723858
15386000 -5.99390059198038
15387000 -5.9991134312274
15388000 -5.99449884028841
15389000 -6.00661758832865
15390000 -5.98594527397595
15391000 -6.00130516043513
15392000 -6.01395691613449
15393000 -5.98169085398268
15394000 -5.99583983832863
15395000 -6.01163629471778
15396000 -6.00943894866407
15397000 -6.02600463451394
15398000 -6.01704115935511
15399000 -5.99812004509847
15400000 -5.98662580387371
15401000 -6.01373918311721
15402000 -5.99552150156712
15403000 -6.01055866018402
15404000 -5.98164957308513
15405000 -5.993577443184
15406000 -6.0377452987087
15407000 -6.01391181712817
15408000 -6.01853236478741
15409000 -6.004164554473
15410000 -5.98842729618263
15411000 -6.02512655802154
15412000 -5.99191811281369
15413000 -6.01441533168151
15414000 -6.00925005214576
15415000 -6.00853441335908
15416000 -6.03517725796857
15417000 -5.97505961037904
15418000 -6.04007274880301
15419000 -6.03979044441037
15420000 -5.99996018932306
15421000 -6.01659747725377
15422000 -5.95877426985397
15423000 -6.04065456575886
15424000 -6.01010763989003
15425000 -6.01147310380476
15426000 -6.03637205340938
15427000 -6.00533403414895
15428000 -6.02435830802296
15429000 -6.02484909735009
15430000 -5.99631752836909
15431000 -6.01685033458977
15432000 -5.99063785370785
15433000 -6.02438870320332
15434000 -6.02233276775286
15435000 -6.00641667945331
15436000 -6.03886989415434
15437000 -6.01938824948938
15438000 -6.00169548954239
15439000 -6.03167045376012
15440000 -6.00413784265609
15441000 -5.99565682736594
15442000 -5.99051590009941
15443000 -6.0037801251077
15444000 -6.0305128482383
15445000 -6.02420833453039
15446000 -6.01386632418573
15447000 -6.02311076562199
15448000 -6.02119357138276
15449000 -6.02951506009099
15450000 -6.01536645178935
15451000 -6.00391014538344
15452000 -6.05027135495068
15453000 -6.02475229463911
15454000 -6.02682480365512
15455000 -6.03189639308863
15456000 -5.9961510068146
15457000 -6.01716932196911
15458000 -6.00299935286523
15459000 -6.01601657685279
15460000 -6.02790000310533
15461000 -6.01185750525394
15462000 -6.02941819012014
15463000 -6.00383767168402
15464000 -6.0342507557447
15465000 -6.01203025664281
15466000 -6.01396796315598
15467000 -6.06369899067621
15468000 -6.00857923717285
15469000 -6.00896252483998
15470000 -6.0220263905833
15471000 -6.00741435014919
15472000 -6.04588300503019
15473000 -6.01397799712865
15474000 -6.04599545047477
15475000 -6.05459039076876
15476000 -6.03646010075318
15477000 -6.03653354256313
15478000 -6.02549489051223
15479000 -6.03985273774174
15480000 -6.04408673815111
15481000 -6.00453604351825
15482000 -6.0586428577374
15483000 -6.02513757279205
15484000 -6.03544438785627
15485000 -6.00011219794474
15486000 -6.00735303368261
15487000 -6.07821226831037
15488000 -6.04176357679547
15489000 -6.02660868942774
15490000 -6.04387385839198
15491000 -6.02869221322796
15492000 -6.04204252359209
15493000 -6.02783795955805
15494000 -6.03226061308261
15495000 -6.03219914847898
15496000 -6.04627530216572
15497000 -6.04769799614682
15498000 -6.03151592661088
15499000 -6.03789454208362
15500000 -6.02280065287438
15501000 -6.04516932778636
15502000 -6.04601249174514
15503000 -6.06280012535661
15504000 -6.07030905447405
15505000 -6.02090583912454
15506000 -6.06177441231178
15507000 -6.06092036952423
15508000 -6.04310947663774
15509000 -6.07013834804927
15510000 -6.03760343136921
15511000 -6.04772418778708
15512000 -6.04249278334872
15513000 -6.01754725934113
15514000 -6.05375957663345
15515000 -6.04450430149562
15516000 -6.04849945901757
15517000 -6.05099513927491
15518000 -6.00664868678086
15519000 -6.0690517375128
15520000 -6.04952635927887
15521000 -6.05397904782346
15522000 -6.05490025717433
15523000 -6.03122319807236
15524000 -6.06633546139157
15525000 -6.07207568543425
15526000 -6.0455145277053
15527000 -6.06670419102683
15528000 -6.02825097249816
15529000 -6.06159871684955
15530000 -6.05794000757806
15531000 -6.05168560121771
15532000 -6.05806303606624
15533000 -6.05626464359477
15534000 -6.06094228146044
15535000 -6.05617390262158
15536000 -6.02423935185409
15537000 -6.05433397073474
15538000 -6.07180250569093
15539000 -6.06662706074794
15540000 -6.03955915988563
15541000 -6.03271277302843
15542000 -6.08433354646388
15543000 -6.06626957434086
15544000 -6.06015822674454
15545000 -6.03407648966125
15546000 -6.05166776508347
15547000 -6.05891113054972
15548000 -6.06693507969948
15549000 -6.07239481757268
15550000 -6.05850748011399
15551000 -6.04036026952965
15552000 -6.06846954509056
15553000 -6.06673492407942
15554000 -6.05854533613199
15555000 -6.04720465593703
15556000 -6.0704093373384
15557000 -6.07512681884311
15558000 -6.07364681563756
15559000 -6.08774478733888
15560000 -6.07168699160688
15561000 -6.05953491463241
15562000 -6.06641176893483
15563000 -6.06516791966755
15564000 -6.05834245593375
15565000 -6.06589554528066
15566000 -6.05025307095558
15567000 -6.05353164871709
15568000 -6.07565797050204
15569000 -6.05859317543503
15570000 -6.05863074857142
15571000 -6.07134702003061
15572000 -6.09167384787518
15573000 -6.06761346719674
15574000 -6.0281730474893
15575000 -6.08988843448857
15576000 -6.06933021877074
15577000 -6.06681718445968
15578000 -6.10741208720966
15579000 -6.0355194104748
15580000 -6.08459830486348
15581000 -6.06038754531428
15582000 -6.07399111095147
15583000 -6.08662628508362
15584000 -6.07501427107652
15585000 -6.06203778342683
15586000 -6.08017901088767
15587000 -6.07007767146936
15588000 -6.09703903797316
15589000 -6.07218480188944
15590000 -6.06856380488446
15591000 -6.11329018601853
15592000 -6.04014419680504
15593000 -6.11700186489482
15594000 -6.05622438608987
15595000 -6.06016702443647
15596000 -6.1153293733879
15597000 -6.04810240923607
15598000 -6.06462069340166
15599000 -6.09851708680159
15600000 -6.05245376537335
15601000 -6.105781360368
15602000 -6.07937374270798
15603000 -6.09228655679748
15604000 -6.11602491398672
15605000 -6.04943547711811
15606000 -6.11121870558751
15607000 -6.08584944224719
15608000 -6.070258742734
15609000 -6.1007108311846
15610000 -6.03339724225096
15611000 -6.09503267755134
15612000 -6.0953561056395
15613000 -6.05494536585697
15614000 -6.11511320448135
15615000 -6.07170039512005
15616000 -6.08068542823061
15617000 -6.12440012723793
15618000 -6.05210897601475
15619000 -6.11460418065149
15620000 -6.09048732005759
15621000 -6.06930987057129
15622000 -6.10148378327553
15623000 -6.06601444253049
15624000 -6.11900008713921
15625000 -6.08383714429765
15626000 -6.07877959548696
15627000 -6.13558951823922
15628000 -6.07741514108816
15629000 -6.09427373035698
15630000 -6.09386360315347
15631000 -6.09299372743303
15632000 -6.10047655956353
15633000 -6.07340619270586
15634000 -6.08443587126575
15635000 -6.08770983987191
15636000 -6.07595159550103
15637000 -6.11028865933485
15638000 -6.09782764604496
15639000 -6.06265798905957
15640000 -6.09841359027713
15641000 -6.08748145644863
15642000 -6.09955093283391
15643000 -6.08125988587341
15644000 -6.11871991569118
15645000 -6.12740924349808
15646000 -6.06183974260074
15647000 -6.12083296794062
15648000 -6.08001952515436
15649000 -6.08893945793175
15650000 -6.12565058123072
15651000 -6.07824927512507
15652000 -6.1316343167531
15653000 -6.09211630306565
15654000 -6.09258352894813
15655000 -6.1092038025436
15656000 -6.06412611093256
15657000 -6.10158191911206
15658000 -6.09344549300435
15659000 -6.09229069190428
15660000 -6.13351713738317
15661000 -6.08791491453273
15662000 -6.08518170340816
15663000 -6.11178487501867
15664000 -6.11303196987882
15665000 -6.14259864180429
15666000 -6.11238295323425
15667000 -6.10133719973191
15668000 -6.12011291429344
15669000 -6.0766404986323
15670000 -6.10941982479901
15671000 -6.12544138443151
15672000 -6.08116640451911
15673000 -6.12575664725779
15674000 -6.10716086384609
15675000 -6.14033141769685
15676000 -6.11253313790562
15677000 -6.09311991339874
15678000 -6.11491809588379
15679000 -6.1024614000718
15680000 -6.127140892647
15681000 -6.10984843083916
15682000 -6.08987996508962
15683000 -6.14222226277257
15684000 -6.08821868326962
15685000 -6.10817607777132
15686000 -6.12768710069907
15687000 -6.09621223781103
15688000 -6.12490111310534
15689000 -6.10963838223183
15690000 -6.12570985107839
15691000 -6.14398660711999
15692000 -6.07090433292865
15693000 -6.10913627288872
15694000 -6.0861819011362
15695000 -6.11075800217536
15696000 -6.13693491340602
15697000 -6.11252222424321
15698000 -6.15849541373428
15699000 -6.08116612526651
15700000 -6.10649044126398
15701000 -6.13668714318294
15702000 -6.11631624531191
15703000 -6.11861834859962
15704000 -6.10292714539208
15705000 -6.11545453463579
15706000 -6.14328073197329
15707000 -6.11034242368111
15708000 -6.11907878391043
15709000 -6.11031204006689
15710000 -6.12934213231771
15711000 -6.16331920498885
15712000 -6.09891674157194
15713000 -6.12329232075373
15714000 -6.12473016116472
15715000 -6.12430153252126
15716000 -6.14319379738006
15717000 -6.11464239637246
15718000 -6.10946751451089
15719000 -6.13782943258997
15720000 -6.11302129126481
15721000 -6.14242047564735
15722000 -6.1203672578529
15723000 -6.12694368710794
15724000 -6.13906481338184
15725000 -6.10161478633547
15726000 -6.14017904751527
15727000 -6.13993347830437
15728000 -6.12445273027391
15729000 -6.15505372785852
15730000 -6.12314287574875
15731000 -6.11877968195632
15732000 -6.14629579971962
15733000 -6.11174452278162
15734000 -6.14551899031329
15735000 -6.13724310033093
15736000 -6.12326085648512
15737000 -6.15768411755587
15738000 -6.11560341938502
15739000 -6.16423537966618
15740000 -6.11225509968002
15741000 -6.13079372576465
15742000 -6.15563136647931
15743000 -6.10880106163327
15744000 -6.13261226458177
15745000 -6.13746280824209
15746000 -6.12717180197938
15747000 -6.13953106872425
15748000 -6.11433412960148
15749000 -6.14368600357668
15750000 -6.16880485720945
15751000 -6.11591879338243
15752000 -6.1568064501868
15753000 -6.15882822565303
15754000 -6.1266182527158
15755000 -6.16266457519372
15756000 -6.11928480541378
15757000 -6.13721426152048
15758000 -6.15183985948899
15759000 -6.11874107022802
15760000 -6.17846480138308
15761000 -6.13589159208344
15762000 -6.14374563474065
15763000 -6.17831452567473
15764000 -6.13455317691272
15765000 -6.15488032762463
15766000 -6.14208696961432
15767000 -6.11386003034843
15768000 -6.15939562545956
15769000 -6.12262452112679
15770000 -6.15423452678688
15771000 -6.16449131820104
15772000 -6.14543631492325
15773000 -6.16354499499197
15774000 -6.13678896885872
15775000 -6.15280739667683
15776000 -6.14380481297852
15777000 -6.11033028255376
15778000 -6.16905136316778
15779000 -6.12015731670632
15780000 -6.1297380823408
15781000 -6.14598550839048
15782000 -6.12231606450978
15783000 -6.16594051982222
15784000 -6.15752167466379
15785000 -6.13579074211081
15786000 -6.13775251258864
15787000 -6.13020245375017
15788000 -6.16173227474843
15789000 -6.15359370804628
15790000 -6.114839905327
15791000 -6.17391367600891
15792000 -6.1482947236929
15793000 -6.14476916082424
15794000 -6.14575280188726
15795000 -6.1522353896177
15796000 -6.19190808286215
15797000 -6.16080463190555
15798000 -6.16017530580709
15799000 -6.17293808831673
15800000 -6.1324473908185
15801000 -6.16335337521906
15802000 -6.1627571084846
15803000 -6.15805450032387
15804000 -6.16688577309708
15805000 -6.1482067160771
15806000 -6.1728370476381
15807000 -6.14134015235462
15808000 -6.14095444644611
15809000 -6.17503957744482
15810000 -6.15342425235116
15811000 -6.1737331333127
15812000 -6.15015138601953
15813000 -6.14307348568224
15814000 -6.16431501103041
15815000 -6.12511608764808
15816000 -6.16217874849636
15817000 -6.18103186979733
15818000 -6.14895544639977
15819000 -6.15871805235664
15820000 -6.12501797217196
15821000 -6.14187550056937
15822000 -6.17751056972307
15823000 -6.17401769749352
15824000 -6.15592841043986
15825000 -6.14645708375282
15826000 -6.17047294565296
15827000 -6.18264451155832
15828000 -6.12280001898531
15829000 -6.15963485589208
15830000 -6.20394169762318
15831000 -6.19935355070161
15832000 -6.19558146228555
15833000 -6.14872407368509
15834000 -6.15676669517949
15835000 -6.18206744793102
15836000 -6.18932875724564
15837000 -6.1801006447304
15838000 -6.15471817258377
15839000 -6.15836220044504
15840000 -6.20216945126368
15841000 -6.18993483222913
15842000 -6.18723975263109
15843000 -6.14847251492089
15844000 -6.18801270353239
15845000 -6.19605364496937
15846000 -6.12891806673801
15847000 -6.18145609399788
15848000 -6.16462596402791
15849000 -6.16925502625338
15850000 -6.16516354286473
15851000 -6.14692187492895
15852000 -6.19814774331018
15853000 -6.14615778437372
15854000 -6.18143312888439
15855000 -6.18677963384035
15856000 -6.17560091732139
15857000 -6.20464727282162
15858000 -6.1419846506364
15859000 -6.18278470159571
15860000 -6.19870322166464
15861000 -6.18941147976395
15862000 -6.19846680258288
15863000 -6.16107992840499
15864000 -6.16588817494359
15865000 -6.17637257414888
15866000 -6.18820555214422
15867000 -6.1927857902375
15868000 -6.13834959398255
15869000 -6.16539713089561
15870000 -6.18929400948393
15871000 -6.18915103458458
15872000 -6.20201822435666
15873000 -6.18670205157946
15874000 -6.19036017330422
15875000 -6.18501528183769
15876000 -6.17687294008542
15877000 -6.18546790546348
15878000 -6.17280195495482
15879000 -6.17065198222852
15880000 -6.18817972939923
15881000 -6.17999504156641
15882000 -6.19502539990396
15883000 -6.165981169745
15884000 -6.18594873114784
15885000 -6.20246122676323
15886000 -6.18128400661725
15887000 -6.19005395853985
15888000 -6.1709319521004
15889000 -6.18665965964185
15890000 -6.17992634287001
15891000 -6.20827183076537
15892000 -6.21161271829235
15893000 -6.17016917735413
15894000 -6.18385129585924
15895000 -6.19437386615071
15896000 -6.21065703442384
15897000 -6.19766211122347
15898000 -6.17579986364437
15899000 -6.19459858438179
15900000 -6.17429985080076
15901000 -6.18675873400695
15902000 -6.20651742049968
15903000 -6.21271918480295
15904000 -6.19404925453458
15905000 -6.18410399547475
15906000 -6.22646010952104
15907000 -6.2141871384306
15908000 -6.20140219418446
15909000 -6.21434933328107
15910000 -6.20215708354191
15911000 -6.22384162093425
15912000 -6.18660981005864
15913000 -6.1956122418322
15914000 -6.20093005564129
15915000 -6.20516486375603
15916000 -6.20620184273075
15917000 -6.20225987511003
15918000 -6.18144436907772
15919000 -6.19651873654376
15920000 -6.18715683620738
15921000 -6.19661595028667
15922000 -6.21221350490828
15923000 -6.21488643265874
15924000 -6.20736776178349
15925000 -6.17692242455649
15926000 -6.17999053062176
15927000 -6.19572073828695
15928000 -6.22228276244954
15929000 -6.21930356640435
15930000 -6.21240805166178
15931000 -6.2097935436753
15932000 -6.19542235226844
15933000 -6.18538137028459
15934000 -6.22476665190707
15935000 -6.20433436673793
15936000 -6.19811714751929
15937000 -6.21811821558726
15938000 -6.23506027165986
15939000 -6.23154995079509
15940000 -6.20093656167213
15941000 -6.1868591578573
15942000 -6.22975661881538
15943000 -6.20893421057849
15944000 -6.19762201716875
15945000 -6.22709764170916
15946000 -6.22054286193433
15947000 -6.19997838438263
15948000 -6.19822054153774
15949000 -6.22033241631297
15950000 -6.23414202472676
15951000 -6.21145560355242
15952000 -6.23340004309637
15953000 -6.20511953711035
15954000 -6.22618790763034
15955000 -6.20675571493053
15956000 -6.22830517299691
15957000 -6.24894919001532
15958000 -6.23574640282519
15959000 -6.24536271418715
15960000 -6.22744110717059
15961000 -6.2187772081985
15962000 -6.20692318004872
15963000 -6.24764887212724
15964000 -6.21945329012922
15965000 -6.24009146553447
15966000 -6.22938488161124
15967000 -6.21925441902396
15968000 -6.20160658771703
15969000 -6.20062873038005
15970000 -6.22516158916723
15971000 -6.24211105456366
15972000 -6.21737502780524
15973000 -6.21582876372522
15974000 -6.23610781284236
15975000 -6.22250875037555
15976000 -6.24633552265545
15977000 -6.21634620208331
15978000 -6.21179433388171
15979000 -6.23235905311778
15980000 -6.22254348508785
15981000 -6.20894650465484
15982000 -6.21152609111709
15983000 -6.24012052227898
15984000 -6.25899102411261
15985000 -6.21441161244892
15986000 -6.21182046313262
15987000 -6.19535402410417
15988000 -6.24326408488731
15989000 -6.25063250658061
15990000 -6.22279246907749
15991000 -6.22668448936407
15992000 -6.2027750513384
15993000 -6.22150619876012
15994000 -6.26963288066952
15995000 -6.22397785080128
15996000 -6.24269841783813
15997000 -6.19950422223775
15998000 -6.24260866234023
15999000 -6.24604534162999
16000000 -6.22283209841972
16001000 -6.23669127449206
16002000 -6.24621646428326
16003000 -6.1775583033761
16004000 -6.24404286567717
16005000 -6.24085838910746
16006000 -6.24461352612784
16007000 -6.23743730588675
16008000 -6.19209904352058
16009000 -6.26090071933688
16010000 -6.24979218235088
16011000 -6.23585073526733
16012000 -6.25868928029556
16013000 -6.197497456477
16014000 -6.25656795105707
16015000 -6.25104881598931
16016000 -6.21022577945119
16017000 -6.25222659524578
16018000 -6.21444331171109
16019000 -6.24802278110653
16020000 -6.24060887783672
16021000 -6.25534057853958
16022000 -6.23428114199555
16023000 -6.24239049592544
16024000 -6.26868120968029
16025000 -6.20909751025068
16026000 -6.23277900723681
16027000 -6.24920857371358
16028000 -6.23951163182273
16029000 -6.25493426941698
16030000 -6.23657706799167
16031000 -6.23598030495762
16032000 -6.25094261101025
16033000 -6.23789870341867
16034000 -6.22756746329927
16035000 -6.25445910417181
16036000 -6.23235201418586
16037000 -6.25729966212472
16038000 -6.25179801615
16039000 -6.24891470580899
16040000 -6.27112736487816
16041000 -6.23045448525313
16042000 -6.24191157935296
16043000 -6.24853054016071
16044000 -6.2365179487191
16045000 -6.28268425028887
16046000 -6.23881324210773
16047000 -6.26203019557931
16048000 -6.24805832451727
16049000 -6.2229793304763
16050000 -6.27861652727626
16051000 -6.2311052193937
16052000 -6.26848936207086
16053000 -6.2522670053832
16054000 -6.22414982642028
16055000 -6.26527367950184
16056000 -6.23340989864734
16057000 -6.27879604162118
16058000 -6.29130879928516
16059000 -6.22397535912547
16060000 -6.28120634641053
16061000 -6.2445815640319
16062000 -6.25922521147058
16063000 -6.27991699198
16064000 -6.24833486300205
16065000 -6.26760464812646
16066000 -6.2557120449205
16067000 -6.24954865601842
16068000 -6.28538496512291
16069000 -6.22658807754704
16070000 -6.2620931104309
16071000 -6.28314253705615
16072000 -6.25248120156272
16073000 -6.27106326044995
16074000 -6.2372001688986
16075000 -6.23327622177416
16076000 -6.27230258190847
16077000 -6.23966534603713
16078000 -6.293574475686
16079000 -6.25496186557025
16080000 -6.26630042880702
16081000 -6.25602694529886
16082000 -6.23138622806065
16083000 -6.27863738113241
16084000 -6.25089442705897
16085000 -6.25107333264297
16086000 -6.27867536333775
16087000 -6.24987682878094
16088000 -6.28170862963819
16089000 -6.2555295955293
16090000 -6.25487887653983
16091000 -6.31391901545967
16092000 -6.28131660568545
16093000 -6.25158401464165
16094000 -6.27074831911663
16095000 -6.23521522074824
16096000 -6.26906745632362
16097000 -6.2575487045177
16098000 -6.27492577196079
16099000 -6.27136961741652
16100000 -6.24776482482033
16101000 -6.26901682304323
16102000 -6.28012812809537
16103000 -6.26310209908982
16104000 -6.3070941496493
16105000 -6.27623081783263
16106000 -6.27244774213655
16107000 -6.2737131321013
16108000 -6.26697865506557
16109000 -6.27341510003002
16110000 -6.30164569966308
16111000 -6.26063837980519
16112000 -6.27302122908637
16113000 -6.27184190003668
16114000 -6.30974810232012
16115000 -6.27776257164605
16116000 -6.24153597980338
16117000 -6.28218606221276
16118000 -6.26317088695687
16119000 -6.29464750884893
16120000 -6.29062041821602
16121000 -6.23350361590302
16122000 -6.32234518543748
16123000 -6.29109532552259
16124000 -6.29159730115309
16125000 -6.28198124161438
16126000 -6.2919442004714
16127000 -6.3029861357823
16128000 -6.28343925465846
16129000 -6.27988300789372
16130000 -6.29185668350765
16131000 -6.31248412172698
16132000 -6.29559736782883
16133000 -6.27081581218802
16134000 -6.2934088450661
16135000 -6.28041661705182
16136000 -6.29104293528351
16137000 -6.29944792232056
16138000 -6.28688736230658
16139000 -6.29254241964679
16140000 -6.28375343029717
16141000 -6.25543452136217
16142000 -6.3114783188301
16143000 -6.27890098379052
16144000 -6.28887268142046
16145000 -6.28958658402126
16146000 -6.27764930722335
16147000 -6.30233653360107
16148000 -6.29446682538252
16149000 -6.28930156845091
16150000 -6.304653156799
16151000 -6.27731670891402
16152000 -6.30076099925129
16153000 -6.30200741901684
16154000 -6.26349246162952
16155000 -6.31308983835997
16156000 -6.29198809749962
16157000 -6.26281537358056
16158000 -6.31744757237966
16159000 -6.30685001109784
16160000 -6.3136552039749
16161000 -6.3032685214351
16162000 -6.30554275164201
16163000 -6.30700927570034
16164000 -6.27663409753799
16165000 -6.30196228189862
16166000 -6.3019292705369
16167000 -6.3067743336435
16168000 -6.30704480804163
16169000 -6.27986397078126
16170000 -6.30729020132532
16171000 -6.30193935816871
16172000 -6.28832858973212
16173000 -6.32970159556484
16174000 -6.30079382492211
16175000 -6.31400759502792
16176000 -6.28693729532452
16177000 -6.29995818633932
16178000 -6.28998563720985
16179000 -6.31442903683925
16180000 -6.29874659893728
16181000 -6.30150207463727
16182000 -6.30543104284529
16183000 -6.30227076607666
16184000 -6.3173482722228
16185000 -6.32335185730712
16186000 -6.29425607235289
16187000 -6.29160219066276
16188000 -6.31022137088357
16189000 -6.29511198517305
16190000 -6.31419165628464
16191000 -6.30573568923219
16192000 -6.29515197345889
16193000 -6.29264228061207
16194000 -6.29212802681505
16195000 -6.28531576641031
16196000 -6.27645303917146
16197000 -6.33357634890453
16198000 -6.31908578891534
16199000 -6.29286430757503
16200000 -6.32126447753714
16201000 -6.28665222465615
16202000 -6.3235860559855
16203000 -6.28809193160669
16204000 -6.28624000198038
16205000 -6.31277765632174
16206000 -6.28124901051823
16207000 -6.29441863563067
16208000 -6.31013951480859
16209000 -6.3027987052705
16210000 -6.32456603235487
16211000 -6.29586711137013
16212000 -6.31713994579891
16213000 -6.30637780969771
16214000 -6.33838327035123
16215000 -6.32830065280539
16216000 -6.30034169369795
16217000 -6.32159163868247
16218000 -6.32702406663154
16219000 -6.28488128067075
16220000 -6.31651417711985
16221000 -6.28956501649351
16222000 -6.34506529058373
16223000 -6.34159769399046
16224000 -6.28850967312533
16225000 -6.32214314552664
16226000 -6.31890458546005
16227000 -6.33533206521825
16228000 -6.33536324587531
16229000 -6.31315153121927
16230000 -6.2969146019844
16231000 -6.3220251955828
16232000 -6.31762342750031
16233000 -6.33544114592859
16234000 -6.33595451146612
16235000 -6.30879556730305
16236000 -6.32227756089947
16237000 -6.30784586684573
16238000 -6.31492591836213
16239000 -6.3362148189222
16240000 -6.32805233517156
16241000 -6.30216710565733
16242000 -6.31512477139907
16243000 -6.33132109316379
16244000 -6.33334222965877
16245000 -6.343602030408
16246000 -6.31615956319766
16247000 -6.33898689791006
16248000 -6.30895122238388
16249000 -6.30561228240752
16250000 -6.31754376897141
16251000 -6.3346046105564
16252000 -6.32277486915495
16253000 -6.3389702175523
16254000 -6.30744823656951
16255000 -6.32076236875755
16256000 -6.3224879744409
16257000 -6.29368691110101
16258000 -6.33911673064343
16259000 -6.33308037798097
16260000 -6.33685939171879
16261000 -6.34178496745789
16262000 -6.32373806959791
16263000 -6.31143041543639
16264000 -6.32321226593027
16265000 -6.30209434131646
16266000 -6.32636237071061
16267000 -6.29934749538676
16268000 -6.3374889830639
16269000 -6.34960381676611
16270000 -6.31618426897607
16271000 -6.34484411883094
16272000 -6.32038347970787
16273000 -6.34996604021516
16274000 -6.3522907605771
16275000 -6.30833187139308
16276000 -6.36857430463699
16277000 -6.3215090564761
16278000 -6.32355568014731
16279000 -6.35578525033549
16280000 -6.28824182439134
16281000 -6.37464959807357
16282000 -6.32428351929311
16283000 -6.30152785124302
16284000 -6.36273141594957
16285000 -6.32367500777769
16286000 -6.3692248651219
16287000 -6.34097972040837
16288000 -6.31968566701806
16289000 -6.37725613683587
16290000 -6.34024119612076
16291000 -6.34200894491672
16292000 -6.36903175411641
16293000 -6.31233268420318
16294000 -6.35149442031364
16295000 -6.34117790032066
16296000 -6.33553790465187
16297000 -6.38301392863515
16298000 -6.33173262736437
16299000 -6.34151415995051
16300000 -6.34459303413645
16301000 -6.31817438680407
16302000 -6.36353194561801
16303000 -6.32966947935867
16304000 -6.37098297894264
16305000 -6.3970425915403
16306000 -6.32714633669549
16307000 -6.3696229713834
16308000 -6.35299811121293
16309000 -6.36084686839909
16310000 -6.36745977643225
16311000 -6.31448228647585
16312000 -6.36992351997239
16313000 -6.3686097089879
16314000 -6.32280376039033
16315000 -6.35108151563399
16316000 -6.35165715211222
16317000 -6.36966556591416
16318000 -6.37368067079853
16319000 -6.35172124885716
16320000 -6.36650769557416
16321000 -6.35256297357573
16322000 -6.34306862135458
16323000 -6.37776932334227
16324000 -6.34555430334465
16325000 -6.3771425625048
16326000 -6.37687995730559
16327000 -6.36777705569615
16328000 -6.38653243397341
16329000 -6.35301610104683
16330000 -6.33140926987737
16331000 -6.35749707173987
16332000 -6.33181118835035
16333000 -6.38869856289308
16334000 -6.3581688578469
16335000 -6.3621179233538
16336000 -6.37906223446576
16337000 -6.33335758414274
16338000 -6.40072880497472
16339000 -6.37724222425957
16340000 -6.34276829240969
16341000 -6.37912114469164
16342000 -6.32859180465885
16343000 -6.36566234961972
16344000 -6.37264593569322
16345000 -6.34388519462153
16346000 -6.40369152345468
16347000 -6.34921998447367
16348000 -6.36779561639213
16349000 -6.39346145076095
16350000 -6.32818356349846
16351000 -6.39734811091104
16352000 -6.36832841604042
16353000 -6.35071450996716
16354000 -6.4127197043979
16355000 -6.31798934150163
16356000 -6.37594246448655
16357000 -6.39085270473898
16358000 -6.34144854111206
16359000 -6.40734734240698
16360000 -6.38049121050173
16361000 -6.36731516245428
16362000 -6.39743356878714
16363000 -6.34684381644389
16364000 -6.41485821093626
16365000 -6.37070274566723
16366000 -6.35211379454883
16367000 -6.3891674429456
16368000 -6.35054221591371
16369000 -6.39323437472368
16370000 -6.38340965879927
16371000 -6.33211889190087
16372000 -6.40333104514079
16373000 -6.35386549584723
16374000 -6.38929508167329
16375000 -6.37834052233329
16376000 -6.35211900878051
16377000 -6.41650041762375
16378000 -6.3939614123854
16379000 -6.3726060122795
16380000 -6.39419057328581
16381000 -6.31048539859611
16382000 -6.37689768488255
16383000 -6.41498888289147
16384000 -6.39996315098207
16385000 -6.38972507752283
16386000 -6.34614579364463
16387000 -6.35189862099084
16388000 -6.39111267428895
16389000 -6.37304939207967
16390000 -6.39288093534711
16391000 -6.37794307271429
16392000 -6.36332175125532
16393000 -6.40744856078369
16394000 -6.34687697444439
16395000 -6.40384442619605
16396000 -6.3787967080905
16397000 -6.3583592366117
16398000 -6.38543957641584
16399000 -6.36516518818922
16400000 -6.39636715874843
16401000 -6.38008925857635
16402000 -6.37461082779297
16403000 -6.4212931518889
16404000 -6.39758995003991
16405000 -6.39423683462198
16406000 -6.39271523426936
16407000 -6.36638044267721
16408000 -6.40810123157583
16409000 -6.41633456076432
16410000 -6.39727072667039
16411000 -6.41609829405006
16412000 -6.36352513363571
16413000 -6.39651923023366
16414000 -6.40565558437903
16415000 -6.38899697106064
16416000 -6.40595891696578
16417000 -6.38925430315963
16418000 -6.39061376256123
16419000 -6.40522366578243
16420000 -6.38041661061232
16421000 -6.42882655815846
16422000 -6.38942595110235
16423000 -6.37679157185224
16424000 -6.43368161763
16425000 -6.38318838561141
16426000 -6.40501280799673
16427000 -6.41212892652174
16428000 -6.37430895244761
16429000 -6.40992261317637
16430000 -6.36721708671638
16431000 -6.40198338291679
16432000 -6.41788972390248
16433000 -6.35751540019971
16434000 -6.39435838768728
16435000 -6.38596589786414
16436000 -6.3965176115912
16437000 -6.4000324016583
16438000 -6.37465505230584
16439000 -6.42923267560322
16440000 -6.42427474141496
16441000 -6.37267106919574
16442000 -6.40919471365644
16443000 -6.37677212413714
16444000 -6.4003786197907
16445000 -6.39672654033798
16446000 -6.41662643382863
16447000 -6.42507966966635
16448000 -6.38922092640012
16449000 -6.373448977566
16450000 -6.42195559263395
16451000 -6.40326054505777
16452000 -6.37601290425679
16453000 -6.40703343812672
16454000 -6.39271785591786
16455000 -6.42341667847914
16456000 -6.38913916262629
16457000 -6.37926499442164
16458000 -6.40948042798821
16459000 -6.39666499719042
16460000 -6.40531824569298
16461000 -6.45255981661247
16462000 -6.41427571285845
16463000 -6.41068986173668
16464000 -6.40880136553012
16465000 -6.41420952285927
16466000 -6.42622127538747
16467000 -6.41847786960028
16468000 -6.42522771567863
16469000 -6.41548543386708
16470000 -6.41659104956435
16471000 -6.42443833557421
16472000 -6.39417311104986
16473000 -6.41862427731261
16474000 -6.40043478932319
16475000 -6.43254572089105
16476000 -6.43185979818608
16477000 -6.4316072178557
16478000 -6.43718656579088
16479000 -6.39879277022449
16480000 -6.42119517984559
16481000 -6.44835270474056
16482000 -6.40855427101058
16483000 -6.45277821741766
16484000 -6.39511048590509
16485000 -6.44078921906525
16486000 -6.42361648068886
16487000 -6.41761809247461
16488000 -6.43598534242077
16489000 -6.40564426078531
16490000 -6.42951238186643
16491000 -6.42547011198558
16492000 -6.39643326856438
16493000 -6.42242425520418
16494000 -6.44257396503223
16495000 -6.41315252549236
16496000 -6.42748856547499
16497000 -6.39379314588496
16498000 -6.39093686245249
16499000 -6.43452788168304
16500000 -6.4397383166237
16501000 -6.42249018104757
16502000 -6.44244033705588
16503000 -6.40100774512053
16504000 -6.39866465691466
16505000 -6.42639468350104
16506000 -6.39096771775216
16507000 -6.4249872582763
16508000 -6.3958292089927
16509000 -6.40172734425911
16510000 -6.42630063437592
16511000 -6.39791982156794
16512000 -6.44415287607472
16513000 -6.43982702773521
16514000 -6.41733410919267
16515000 -6.42151116943203
16516000 -6.4068443501255
16517000 -6.43003989674453
16518000 -6.431187250111
16519000 -6.42000898071228
16520000 -6.46496643995873
16521000 -6.41869865593157
16522000 -6.41914982907484
16523000 -6.43961745445632
16524000 -6.41607381245327
16525000 -6.43970321654371
16526000 -6.40428782925212
16527000 -6.41515101257989
16528000 -6.42922509984901
16529000 -6.4230887917436
16530000 -6.45650855286988
16531000 -6.44038706190267
16532000 -6.42025712003493
16533000 -6.41864468157827
16534000 -6.43033150869043
16535000 -6.4434832142816
16536000 -6.43834268349133
16537000 -6.41890129538216
16538000 -6.44789802028961
16539000 -6.44751146220403
16540000 -6.41697058708618
16541000 -6.44520313062025
16542000 -6.42645170110293
16543000 -6.42116381534286
16544000 -6.42151139656598
16545000 -6.43888311485191
16546000 -6.45646066634478
16547000 -6.43568470887286
16548000 -6.42318414918803
16549000 -6.42762057099893
16550000 -6.41590905487298
16551000 -6.41986082856751
16552000 -6.46610480217765
16553000 -6.44451472282635
16554000 -6.43378847304669
16555000 -6.40920349249217
16556000 -6.43355500005991
16557000 -6.45705347047681
16558000 -6.39595328401015
16559000 -6.44898854237297
16560000 -6.44483057338712
16561000 -6.43779189525911
16562000 -6.46812021551304
16563000 -6.41325446707784
16564000 -6.46971090173852
16565000 -6.44681220550401
16566000 -6.41942168269954
16567000 -6.44456658650538
16568000 -6.43704984070619
16569000 -6.44945319344732
16570000 -6.48561950529995
16571000 -6.44578691269358
16572000 -6.43537737704259
16573000 -6.47170609371186
16574000 -6.43770899828325
16575000 -6.46894796859843
16576000 -6.47057051464571
16577000 -6.45531964920998
16578000 -6.44492723796261
16579000 -6.44581290383826
16580000 -6.44078460254283
16581000 -6.4653660320746
16582000 -6.44713252019562
16583000 -6.42689526068001
16584000 -6.46225145462251
16585000 -6.46196616055994
16586000 -6.45640345980853
16587000 -6.45679766312201
16588000 -6.45864405190583
16589000 -6.43756912598067
16590000 -6.44363616308164
16591000 -6.44505343779339
16592000 -6.47592797475438
16593000 -6.48570881445867
16594000 -6.46240387873682
16595000 -6.44130223947013
16596000 -6.43367362605519
16597000 -6.46324663922732
16598000 -6.45073329476841
16599000 -6.45779188280077
16600000 -6.4639645724193
16601000 -6.46306863267279
16602000 -6.46218769638361
16603000 -6.43534278360287
16604000 -6.45066481993488
16605000 -6.45848566719185
16606000 -6.44292545798062
16607000 -6.50382460235356
16608000 -6.50786879331335
16609000 -6.45949557064068
16610000 -6.45850820732112
16611000 -6.45393053584004
16612000 -6.46735082841539
16613000 -6.44068610348956
16614000 -6.44163514064476
16615000 -6.48437887441755
16616000 -6.44878756144461
16617000 -6.45947627311968
16618000 -6.45550965796069
16619000 -6.41869022234832
16620000 -6.47631043977448
16621000 -6.47119577627344
16622000 -6.46512678860402
16623000 -6.50071625600215
16624000 -6.46761960906628
16625000 -6.48340870551011
16626000 -6.45693892039644
16627000 -6.42793770672238
16628000 -6.47874775809605
16629000 -6.4838881755708
16630000 -6.48380227454728
16631000 -6.49991022356856
16632000 -6.46088823750166
16633000 -6.48916392846057
16634000 -6.47669840564324
16635000 -6.44652144524508
16636000 -6.4941875968099
16637000 -6.45352699470309
16638000 -6.48466155463509
16639000 -6.48289532797515
16640000 -6.45463139269878
16641000 -6.49095141187831
16642000 -6.46491912930178
16643000 -6.44054604089951
16644000 -6.49594162925075
16645000 -6.46867628932555
16646000 -6.47505350395425
16647000 -6.49159348157516
16648000 -6.50038755146782
16649000 -6.46443183129846
16650000 -6.47786911471854
16651000 -6.47343034378342
16652000 -6.49850134002999
16653000 -6.50514479923703
16654000 -6.47337178523992
16655000 -6.48438588571203
16656000 -6.47665395888057
16657000 -6.46831065972296
16658000 -6.4992549613284
16659000 -6.45310089307578
16660000 -6.48120817916056
16661000 -6.48622509106569
16662000 -6.47359185326505
16663000 -6.48539261995844
16664000 -6.48513440103337
16665000 -6.46510839416841
16666000 -6.48523421385911
16667000 -6.48522135905182
16668000 -6.49163597510049
16669000 -6.5048709659864
16670000 -6.47873004524549
16671000 -6.48591679397956
16672000 -6.46212044014725
16673000 -6.46448509106501
16674000 -6.51307416828453
16675000 -6.47664182073222
16676000 -6.4613843126612
16677000 -6.49050198661719
16678000 -6.47142023163418
16679000 -6.49442175583151
16680000 -6.49874877606525
16681000 -6.46765683190514
16682000 -6.5163738336617
16683000 -6.50104262360012
16684000 -6.50718304115466
16685000 -6.50590453161635
16686000 -6.47572790369291
16687000 -6.49901662486648
16688000 -6.49000553920998
16689000 -6.49083787278632
16690000 -6.51056786427446
16691000 -6.47361098139516
16692000 -6.47177249757034
16693000 -6.49903632079367
16694000 -6.49005151230397
16695000 -6.51771061748373
16696000 -6.50880781887288
16697000 -6.50813276086152
16698000 -6.5017804826662
16699000 -6.50036182875341
16700000 -6.48776650407683
16701000 -6.50624246359997
16702000 -6.49401297438563
16703000 -6.50038505417047
16704000 -6.50429356778158
16705000 -6.47380649456967
16706000 -6.48030100644905
16707000 -6.5099262220609
16708000 -6.50964827428975
16709000 -6.49897157302453
16710000 -6.51644815418915
16711000 -6.51571817313908
16712000 -6.50621895586531
16713000 -6.48009728016412
16714000 -6.50580016898281
16715000 -6.48007069444949
16716000 -6.50727231378025
16717000 -6.51160273460775
16718000 -6.50515106221547
16719000 -6.51317280347731
16720000 -6.51211052942837
16721000 -6.4895613908348
16722000 -6.4971019824385
16723000 -6.52503474889488
16724000 -6.52415285760401
16725000 -6.51085513904384
16726000 -6.48456920436661
16727000 -6.49111358934781
16728000 -6.50616629819631
16729000 -6.47498314648625
16730000 -6.5220875971264
16731000 -6.5392796741424
16732000 -6.50601888529318
16733000 -6.51482669870768
16734000 -6.48340657205865
16735000 -6.49622681770891
16736000 -6.49678770064056
16737000 -6.51336638860449
16738000 -6.51758510404406
16739000 -6.54200476422967
16740000 -6.51591707992445
16741000 -6.51361372081232
16742000 -6.4982894561773
16743000 -6.50971388768136
16744000 -6.53983268336732
16745000 -6.5184519254777
16746000 -6.52369452656627
16747000 -6.50060093292515
16748000 -6.52500333558829
16749000 -6.49425833987551
16750000 -6.50389414150456
16751000 -6.52936320912073
16752000 -6.49089839225423
16753000 -6.48744071596426
16754000 -6.50358418348995
16755000 -6.5090551143179
16756000 -6.50554162861726
16757000 -6.52757002665701
16758000 -6.50929129650099
16759000 -6.5411559611285
16760000 -6.53748877137492
16761000 -6.51953353317726
16762000 -6.52211605391014
16763000 -6.49212953116856
16764000 -6.52341558194716
16765000 -6.53696726699272
16766000 -6.51701831853936
16767000 -6.54949952481569
16768000 -6.50323568435379
16769000 -6.51343288722361
16770000 -6.53848427653883
16771000 -6.51921451427442
16772000 -6.54242644171802
16773000 -6.52154713899036
16774000 -6.4893374710514
16775000 -6.55155027748706
16776000 -6.51496121371056
16777000 -6.54166523796277
16778000 -6.53451795538605
16779000 -6.50526476130061
16780000 -6.55549816636683
16781000 -6.51248049894257
16782000 -6.51760670981075
16783000 -6.51539319043473
16784000 -6.50973918426079
16785000 -6.53592202472703
16786000 -6.55361635260104
16787000 -6.54970786412933
16788000 -6.55584445968417
16789000 -6.52064076410702
16790000 -6.52121201178127
16791000 -6.52706680061529
16792000 -6.53981249504061
16793000 -6.5456002637082
16794000 -6.54350368453124
16795000 -6.52809129558695
16796000 -6.53499708675991
16797000 -6.53260002905899
16798000 -6.53409070218446
16799000 -6.56470948659777
16800000 -6.54624339550472
16801000 -6.53359821905647
16802000 -6.54548156758683
16803000 -6.54827486785952
16804000 -6.54036902072078
16805000 -6.52891608505176
16806000 -6.52783992524248
16807000 -6.56111047767223
16808000 -6.5534081321295
16809000 -6.53539351471281
16810000 -6.51718843570808
16811000 -6.49237210073355
16812000 -6.54207713080712
16813000 -6.53989927761187
16814000 -6.54039549615515
16815000 -6.5470898160969
16816000 -6.53682287117039
16817000 -6.5301260998982
16818000 -6.54844408461377
16819000 -6.53929310705077
16820000 -6.54857057047706
16821000 -6.57224856073805
16822000 -6.55435648663183
16823000 -6.54688677249998
16824000 -6.5267747181025
16825000 -6.53255077263204
16826000 -6.54962785998558
16827000 -6.54344076472738
16828000 -6.57088075458069
16829000 -6.54635052513637
16830000 -6.5397530201279
16831000 -6.55771590327948
16832000 -6.51146455881216
16833000 -6.52210172211111
16834000 -6.58710856474972
16835000 -6.54076227613948
16836000 -6.55770087261053
16837000 -6.54855270441773
16838000 -6.56013133772776
16839000 -6.55217037518847
16840000 -6.54410389451954
16841000 -6.55994047531553
16842000 -6.57858824528514
16843000 -6.54882281476558
16844000 -6.53659081387033
16845000 -6.5330511106155
16846000 -6.53854270503788
16847000 -6.55571013356378
16848000 -6.56073397271834
16849000 -6.57780414104539
16850000 -6.52078712868843
16851000 -6.52633500607216
16852000 -6.58251368732637
16853000 -6.54063099258024
16854000 -6.56207731833103
16855000 -6.55403324579446
16856000 -6.55765277373749
16857000 -6.57397740644541
16858000 -6.57529234357983
16859000 -6.54163278079636
16860000 -6.54797478699337
16861000 -6.52838007117507
16862000 -6.57167732003214
16863000 -6.57915732082312
16864000 -6.55221789607792
16865000 -6.56055710678559
16866000 -6.57161217593021
16867000 -6.58008668724606
16868000 -6.58893208089863
16869000 -6.57275375292524
16870000 -6.58933000239505
16871000 -6.54715312451015
16872000 -6.51516663160498
16873000 -6.56198443742571
16874000 -6.54642383194166
16875000 -6.56299530279474
16876000 -6.60566398931874
16877000 -6.57433844781062
16878000 -6.58605736202037
16879000 -6.54749829547692
16880000 -6.55671712780503
16881000 -6.59114604570308
16882000 -6.59079586534935
16883000 -6.56060257255933
16884000 -6.59440288565343
16885000 -6.54651173138159
16886000 -6.55204177989782
16887000 -6.5812337087053
16888000 -6.55787796368956
16889000 -6.58904358401589
16890000 -6.55082538717161
16891000 -6.5763442933399
16892000 -6.57176887127674
16893000 -6.53697816439608
16894000 -6.58469733495587
16895000 -6.59650771532659
16896000 -6.54679225624942
16897000 -6.59107289058577
16898000 -6.58345657491869
16899000 -6.5428971631088
16900000 -6.55780058158406
16901000 -6.56931257483105
16902000 -6.59760366636267
16903000 -6.56637048063238
16904000 -6.5970215067192
16905000 -6.6087250365659
16906000 -6.55226437154404
16907000 -6.56138515298229
16908000 -6.57464914067167
16909000 -6.58174344498047
16910000 -6.62997889962377
16911000 -6.57115832438986
16912000 -6.5957027221332
16913000 -6.58218809532045
16914000 -6.53530487976432
16915000 -6.58564691516329
16916000 -6.56171381276635
16917000 -6.57117822262551
16918000 -6.59248779749001
16919000 -6.57825517449619
16920000 -6.59547982122162
16921000 -6.61632214159439
16922000 -6.58592328645932
16923000 -6.60228247829327
16924000 -6.57526652675629
16925000 -6.56243837097019
16926000 -6.55970608838943
16927000 -6.57618096467024
16928000 -6.58191468958985
16929000 -6.58350361354929
16930000 -6.57560851810864
16931000 -6.58165459053161
16932000 -6.60027168733232
16933000 -6.58974753832889
16934000 -6.57582749218292
16935000 -6.59250769722859
16936000 -6.58412151764316
16937000 -6.58390304644003
16938000 -6.57992322267321
16939000 -6.60070467703312
16940000 -6.59118362180603
16941000 -6.58208293831326
16942000 -6.5849003738544
16943000 -6.61615174566416
16944000 -6.60355451102074
16945000 -6.58717648830722
16946000 -6.59141173521911
16947000 -6.58945399638259
16948000 -6.55873442953608
16949000 -6.6039491156499
16950000 -6.63248676948934
16951000 -6.57565551147122
16952000 -6.60890542371337
16953000 -6.59038868571151
16954000 -6.60245656938785
16955000 -6.59447133138024
16956000 -6.56721101998011
16957000 -6.60780628478331
16958000 -6.57381386109463
16959000 -6.59270765387313
16960000 -6.59737113818111
16961000 -6.57376913926881
16962000 -6.60970129960885
16963000 -6.60651900052214
16964000 -6.57726106533524
16965000 -6.61547798748943
16966000 -6.58363929721982
16967000 -6.57970343335541
16968000 -6.56190096254768
16969000 -6.59834300499136
16970000 -6.59414456676798
16971000 -6.59899701953597
16972000 -6.60235879306498
16973000 -6.63153725954718
16974000 -6.59023015334794
16975000 -6.60755760210232
16976000 -6.59325228057005
16977000 -6.55904300179106
16978000 -6.6047764970458
16979000 -6.5728755129459
16980000 -6.595920105617
16981000 -6.62451899928906
16982000 -6.59929689428241
16983000 -6.60825734620873
16984000 -6.60236422316135
16985000 -6.58016633013512
16986000 -6.63154882804091
16987000 -6.58283962776001
16988000 -6.59124452356656
16989000 -6.61726158502777
16990000 -6.6135531081316
16991000 -6.61244582286376
16992000 -6.5956548562645
16993000 -6.57619625824838
16994000 -6.61984231406045
16995000 -6.60912068095398
16996000 -6.60305573318384
16997000 -6.63039882292379
16998000 -6.59439131167602
16999000 -6.64481425444303
17000000 -6.60528820886012
17001000 -6.61696484568188
17002000 -6.65214751766297
17003000 -6.57052305170463
17004000 -6.59495388027709
17005000 -6.63995955470555
17006000 -6.59774080220923
17007000 -6.62483506874703
17008000 -6.62466075785866
17009000 -6.6257025950204
17010000 -6.62127472367888
17011000 -6.55872784791368
17012000 -6.59401648882451
17013000 -6.63421573705513
17014000 -6.59224129940994
17015000 -6.62855405499316
17016000 -6.59911784216464
17017000 -6.60049022364452
17018000 -6.63818740468582
17019000 -6.61170352385773
17020000 -6.620790905384
17021000 -6.60897936033696
17022000 -6.59191709222149
17023000 -6.63913793353564
17024000 -6.6375414087467
17025000 -6.61396195383836
17026000 -6.64155388145982
17027000 -6.5972825766573
17028000 -6.5849301235072
17029000 -6.63467368563229
17030000 -6.5911170199747
17031000 -6.63159240376922
17032000 -6.62663538586218
17033000 -6.62664801149813
17034000 -6.66315954906496
17035000 -6.60851814069885
17036000 -6.64778352513023
17037000 -6.64999441137688
17038000 -6.58759603848682
17039000 -6.62446352353177
17040000 -6.60694248807986
17041000 -6.60769159182099
17042000 -6.63343252716262
17043000 -6.62657541913765
17044000 -6.62068943364863
17045000 -6.65573350651324
17046000 -6.63200490355974
17047000 -6.66008307677691
17048000 -6.63891985892747
17049000 -6.63652387351266
17050000 -6.63727660488517
17051000 -6.60567261673717
17052000 -6.63600857027249
17053000 -6.61876286478856
17054000 -6.59715111327658
17055000 -6.65124213461527
17056000 -6.6297573451306
17057000 -6.61800780137535
17058000 -6.68166100013648
17059000 -6.63568532961476
17060000 -6.62504806127868
17061000 -6.65282010536963
17062000 -6.61715017510641
17063000 -6.63370072078278
17064000 -6.62592666012157
17065000 -6.62471019725669
17066000 -6.65973240207126
17067000 -6.63724392821255
17068000 -6.61631422003114
17069000 -6.65397428601383
17070000 -6.62486658246294
17071000 -6.67039847799683
17072000 -6.67155719898048
17073000 -6.61422481323296
17074000 -6.65651722215947
17075000 -6.62335310477151
17076000 -6.62299290764299
17077000 -6.65663861849275
17078000 -6.60501684179157
17079000 -6.6354918244893
17080000 -6.66322086096936
17081000 -6.59828663506421
17082000 -6.65858820930536
17083000 -6.6368308142885
17084000 -6.63070955041554
17085000 -6.67670843996305
17086000 -6.59127186424702
17087000 -6.64539467664681
17088000 -6.65635682685352
17089000 -6.61075749646935
17090000 -6.64067634030074
17091000 -6.62915186281191
17092000 -6.64639431653899
17093000 -6.68391334085366
17094000 -6.60724895029344
17095000 -6.62953786201941
17096000 -6.66302362110974
17097000 -6.63194803651399
17098000 -6.72303385022783
17099000 -6.64018780784788
17100000 -6.62789607211597
17101000 -6.68715403782819
17102000 -6.6185688446451
17103000 -6.66921986952375
17104000 -6.68069297863678
17105000 -6.61697066696736
17106000 -6.68377292487375
17107000 -6.65677411013388
17108000 -6.63711290482936
17109000 -6.67405375527603
17110000 -6.61317047184372
17111000 -6.64818259029607
17112000 -6.67987252886272
17113000 -6.6211044236952
17114000 -6.68225116474395
17115000 -6.66052682048268
17116000 -6.64226455752386
17117000 -6.70397128682515
17118000 -6.64249569285095
17119000 -6.66796542158451
17120000 -6.66819966108616
17121000 -6.62941774919497
17122000 -6.68586215521042
17123000 -6.61894544221505
17124000 -6.63347279987508
17125000 -6.66936098518605
17126000 -6.67199114092429
17127000 -6.6754546979836
17128000 -6.71222052368142
17129000 -6.65355560128457
17130000 -6.65893396459604
17131000 -6.66832397878281
17132000 -6.64923929831641
17133000 -6.66924062772238
17134000 -6.62643991008964
17135000 -6.64362600824195
17136000 -6.68013875116277
17137000 -6.65867544694529
17138000 -6.68739369202679
17139000 -6.66895545934886
17140000 -6.65435409872691
17141000 -6.65273452784609
17142000 -6.61307688907022
17143000 -6.68060171580291
17144000 -6.69792632538128
17145000 -6.64629625676294
17146000 -6.7043731916812
17147000 -6.6939070134942
17148000 -6.66642280166576
17149000 -6.66589346380803
17150000 -6.66045903518121
17151000 -6.69114248828168
17152000 -6.68301731274874
17153000 -6.66556617428894
17154000 -6.67259224151368
17155000 -6.66291704484602
17156000 -6.67600776403373
17157000 -6.69548810275714
17158000 -6.66950914272426
17159000 -6.632187423627
17160000 -6.65973467380761
17161000 -6.66813550308494
17162000 -6.68687355117676
17163000 -6.69315841737279
17164000 -6.68450583728006
17165000 -6.66280178278859
17166000 -6.63632185376848
17167000 -6.6831885714785
17168000 -6.64847504310605
17169000 -6.6676255798449
17170000 -6.66666749442555
17171000 -6.66468661719098
17172000 -6.68226850704836
17173000 -6.67852302623434
17174000 -6.66107634399056
17175000 -6.66641056266299
17176000 -6.6857202775352
17177000 -6.69130785779845
17178000 -6.66499440342325
17179000 -6.66697545580257
17180000 -6.66132334137681
17181000 -6.69712119274719
17182000 -6.68536056505114
17183000 -6.66325719583137
17184000 -6.69020925954275
17185000 -6.68002805406865
17186000 -6.68131850160767
17187000 -6.68147902328517
17188000 -6.67403122633013
17189000 -6.69925610544233
17190000 -6.6908013342834
17191000 -6.65134526986842
17192000 -6.66418742887655
17193000 -6.66460189789973
17194000 -6.69548365829015
17195000 -6.68965765190773
17196000 -6.64594308002886
17197000 -6.66875250418718
17198000 -6.68257710756873
17199000 -6.68101849022343
17200000 -6.70352702788748
17201000 -6.65758582155903
17202000 -6.65824858966034
17203000 -6.68994366739738
17204000 -6.663536429125
17205000 -6.70184081324893
17206000 -6.65762056504531
17207000 -6.67395150256997
17208000 -6.72241591586745
17209000 -6.68557248580666
17210000 -6.69346054776798
17211000 -6.68209013698853
17212000 -6.66087648320492
17213000 -6.7015242529655
17214000 -6.67772734280961
17215000 -6.68888415989356
17216000 -6.70004432139644
17217000 -6.64456512936548
17218000 -6.68364886368822
17219000 -6.70904778432394
17220000 -6.68855369391143
17221000 -6.73577923003822
17222000 -6.71434119174484
17223000 -6.69436817060859
17224000 -6.69063395690182
17225000 -6.67857633685215
17226000 -6.68303608304723
17227000 -6.69948981670058
17228000 -6.69947458872938
17229000 -6.7037001567146
17230000 -6.68068057657505
17231000 -6.68789190426774
17232000 -6.73111632395503
17233000 -6.69625773933498
17234000 -6.69143927599047
17235000 -6.67489576467105
17236000 -6.67718813177112
17237000 -6.72585644079877
17238000 -6.72403981704378
17239000 -6.69631001100847
17240000 -6.7227008953977
17241000 -6.70827062982289
17242000 -6.67834667315042
17243000 -6.68475540602699
17244000 -6.68255481004858
17245000 -6.70876756703089
17246000 -6.70146005011816
17247000 -6.67178492691633
17248000 -6.69997584533091
17249000 -6.69119483567978
17250000 -6.70524865113597
17251000 -6.69891618195342
17252000 -6.68153351941557
17253000 -6.71502675355633
17254000 -6.73804884808954
17255000 -6.71767092130057
17256000 -6.73524726418277
17257000 -6.70803510102198
17258000 -6.72956237789006
17259000 -6.70511030963627
17260000 -6.66873443955165
17261000 -6.72766866597396
17262000 -6.68790919293216
17263000 -6.68362386652282
17264000 -6.73367749699608
17265000 -6.69339178121233
17266000 -6.73803341284249
17267000 -6.67026983102512
17268000 -6.72585199942134
17269000 -6.7495844071778
17270000 -6.71574024248996
17271000 -6.69648540192303
17272000 -6.70877185547534
17273000 -6.69556784237951
17274000 -6.70991451026105
17275000 -6.69695377078054
17276000 -6.67739618588259
17277000 -6.71691626870917
17278000 -6.71129093894075
17279000 -6.71616467067202
17280000 -6.72786140415791
17281000 -6.69742542504594
17282000 -6.73823710925314
17283000 -6.72822153541977
17284000 -6.70696691892093
17285000 -6.75069504917746
17286000 -6.721048654413
17287000 -6.68505932281363
17288000 -6.72636374876165
17289000 -6.70612492093829
17290000 -6.73384446777591
17291000 -6.74380739939261
17292000 -6.699602535601
17293000 -6.74891334367525
17294000 -6.73520181524611
17295000 -6.70934882267636
17296000 -6.72472104049141
17297000 -6.70632094435218
17298000 -6.72932158405709
17299000 -6.72596327467755
17300000 -6.70692289417071
17301000 -6.7311123210696
17302000 -6.72295288333504
17303000 -6.70874806720953
17304000 -6.73404558216345
17305000 -6.70160398431992
17306000 -6.74426582562922
17307000 -6.70287604069777
17308000 -6.72267019216533
17309000 -6.74405922571904
17310000 -6.71865367914976
17311000 -6.73893651357132
17312000 -6.7484466727405
17313000 -6.70764423030532
17314000 -6.73759934428664
17315000 -6.73657794417445
17316000 -6.70913789139004
17317000 -6.69438008897136
17318000 -6.69800514268686
17319000 -6.70859190610102
17320000 -6.76959314671663
17321000 -6.75645316663556
17322000 -6.732508268702
17323000 -6.75687259925289
17324000 -6.72509704672852
17325000 -6.72979301606676
17326000 -6.73685754103197
17327000 -6.7283692706157
17328000 -6.73662580477486
17329000 -6.72210000759018
17330000 -6.74325162150682
17331000 -6.74564889910647
17332000 -6.74168270446264
17333000 -6.76702414515448
17334000 -6.76233177485726
17335000 -6.74898701982922
17336000 -6.75359538353808
17337000 -6.72471830975832
17338000 -6.72069856186749
17339000 -6.74104019253963
17340000 -6.71720049285182
17341000 -6.751316313244
17342000 -6.75187439252742
17343000 -6.73505232116298
17344000 -6.77016397277872
17345000 -6.74022201561629
17346000 -6.72038427745323
17347000 -6.74328366994401
17348000 -6.72879184796347
17349000 -6.74236870661942
17350000 -6.74029156352396
17351000 -6.73164391096463
17352000 -6.74403124869636
17353000 -6.73172238439522
17354000 -6.72499709929545
17355000 -6.72764222520841
17356000 -6.72538344166776
17357000 -6.74083681422444
17358000 -6.76273421569374
17359000 -6.74806875877032
17360000 -6.77086645783485
17361000 -6.73310656748348
17362000 -6.75034583458355
17363000 -6.76687842384714
17364000 -6.74085623133415
17365000 -6.73591780566245
17366000 -6.75340281179657
17367000 -6.72103029740016
17368000 -6.72965679545736
17369000 -6.74580897691781
17370000 -6.76681904448514
17371000 -6.77500221617906
17372000 -6.73109313081501
17373000 -6.77363411921423
17374000 -6.73691164023777
17375000 -6.76766030745018
17376000 -6.74758633975808
17377000 -6.75786072621835
17378000 -6.7775769687363
17379000 -6.77118940966186
17380000 -6.76064389858506
17381000 -6.7447213852138
17382000 -6.72985571873864
17383000 -6.77308910100541
17384000 -6.76108556875252
17385000 -6.73797050823344
17386000 -6.75062983092576
17387000 -6.75476500219987
17388000 -6.76494007246804
17389000 -6.77492622519432
17390000 -6.77088590847121
17391000 -6.73871676201851
17392000 -6.73983669552575
17393000 -6.75610845685423
17394000 -6.77129318446821
17395000 -6.76597079996795
17396000 -6.7461796496437
17397000 -6.78125544275214
17398000 -6.7517440958522
17399000 -6.77081638070629
17400000 -6.75368142464468
17401000 -6.74437158281205
17402000 -6.76505555959265
17403000 -6.76717754667032
17404000 -6.7957760362258
17405000 -6.75111874887933
17406000 -6.71554142549357
17407000 -6.7468486322171
17408000 -6.73556890034304
17409000 -6.75701923858947
17410000 -6.78244918281637
17411000 -6.74086484867611
17412000 -6.75620771195367
17413000 -6.78330393182955
17414000 -6.74826441348305
17415000 -6.79062595776067
17416000 -6.79426115638725
17417000 -6.75986752076287
17418000 -6.73837309956831
17419000 -6.72581219714512
17420000 -6.73788525277126
17421000 -6.74083375434251
17422000 -6.77411088507353
17423000 -6.76830341883485
17424000 -6.77159895334469
17425000 -6.75955923546871
17426000 -6.78284603026466
17427000 -6.77561709175576
17428000 -6.75843801790073
17429000 -6.74406584830897
17430000 -6.75097115320616
17431000 -6.76115323343665
17432000 -6.78091560655178
17433000 -6.80310847419355
17434000 -6.79458366026027
17435000 -6.75240175313133
17436000 -6.74198953029205
17437000 -6.78977996229521
17438000 -6.76328963709207
17439000 -6.77427023994745
17440000 -6.77457370325754
17441000 -6.778004102372
17442000 -6.81737992732633
17443000 -6.79070069342722
17444000 -6.77148885487396
17445000 -6.7806406631394
17446000 -6.76172879842146
17447000 -6.75930138725542
17448000 -6.77422449045359
17449000 -6.77167306157069
17450000 -6.77517498862992
17451000 -6.76991195669418
17452000 -6.76466768023304
17453000 -6.79187543215061
17454000 -6.76718464372009
17455000 -6.80688581002334
17456000 -6.78124742735618
17457000 -6.76499915201657
17458000 -6.7936300121625
17459000 -6.78892039520404
17460000 -6.78875269184258
17461000 -6.80412664019319
17462000 -6.79016420679648
17463000 -6.76950746732084
17464000 -6.80218629042867
17465000 -6.77249001997413
17466000 -6.78420333719276
17467000 -6.76111495591118
17468000 -6.76695015976715
17469000 -6.78369536186163
17470000 -6.78589098841663
17471000 -6.80184134463353
17472000 -6.80627025571262
17473000 -6.79052922361341
17474000 -6.78810532849305
17475000 -6.80688082201195
17476000 -6.81248185455378
17477000 -6.80443715361614
17478000 -6.78626657343581
17479000 -6.79406980260796
17480000 -6.77688653664253
17481000 -6.76613380637514
17482000 -6.78371692812248
17483000 -6.76477736272198
17484000 -6.79158381724517
17485000 -6.78765161840155
17486000 -6.8105682390102
17487000 -6.82324429784467
17488000 -6.83626453039561
17489000 -6.76670324004886
17490000 -6.80594977825534
17491000 -6.7882278680358
17492000 -6.78735090480382
17493000 -6.82292448772027
17494000 -6.76847612604203
17495000 -6.78372020809157
17496000 -6.77509309305644
17497000 -6.78050811003561
17498000 -6.79666313044709
17499000 -6.81406149216571
17500000 -6.81824190805429
17501000 -6.8218973335236
17502000 -6.78070946467742
17503000 -6.78763666940001
17504000 -6.82066320567315
17505000 -6.78506109460198
17506000 -6.80216046935378
17507000 -6.81178522597484
17508000 -6.80919005227236
17509000 -6.82196754202466
17510000 -6.80087490736702
17511000 -6.79588492314535
17512000 -6.81554463160519
17513000 -6.81636009820969
17514000 -6.81790618641924
17515000 -6.76605174433206
17516000 -6.76417515888213
17517000 -6.78868923071749
17518000 -6.77554507472006
17519000 -6.8173037716226
17520000 -6.82995312454438
17521000 -6.79078601238452
17522000 -6.82562181805994
17523000 -6.77886728835273
17524000 -6.78113818956524
17525000 -6.83025776572663
17526000 -6.80917471593679
17527000 -6.82201101058819
17528000 -6.80695910680644
17529000 -6.79761091230046
17530000 -6.81845549191157
17531000 -6.82217427557051
17532000 -6.82807709095878
17533000 -6.8043840318475
17534000 -6.80066487087494
17535000 -6.8085056080194
17536000 -6.81159523518335
17537000 -6.78441095149036
17538000 -6.81407719448813
17539000 -6.82411330027266
17540000 -6.82022582477784
17541000 -6.82969892140779
17542000 -6.79182422285888
17543000 -6.82315416824557
17544000 -6.84763242515645
17545000 -6.82651423356024
17546000 -6.84017615152923
17547000 -6.82798442395047
17548000 -6.80853067051642
17549000 -6.83591188919246
17550000 -6.7976021273968
17551000 -6.80764589111091
17552000 -6.82916883193842
17553000 -6.79500727992534
17554000 -6.81787232141812
17555000 -6.81353395155688
17556000 -6.8210852141607
17557000 -6.85063645979955
17558000 -6.82129895595006
17559000 -6.82541545388304
17560000 -6.81628779025701
17561000 -6.79359459781869
17562000 -6.82747114433753
17563000 -6.81827136903319
17564000 -6.82629325900328
17565000 -6.84640592962165
17566000 -6.8012028700665
17567000 -6.80216719936214
17568000 -6.84872236385822
17569000 -6.78893527347103
17570000 -6.83566362856493
17571000 -6.84243277079441
17572000 -6.80114382020785
17573000 -6.85001161542666
17574000 -6.83618997626324
17575000 -6.86022403794776
17576000 -6.84115444288334
17577000 -6.79663229097091
17578000 -6.8484253145152
17579000 -6.83513776269355
17580000 -6.79036342233784
17581000 -6.83802841034567
17582000 -6.79779549232109
17583000 -6.82038490548774
17584000 -6.85680651502886
17585000 -6.80288120916844
17586000 -6.83697886530491
17587000 -6.83718196252422
17588000 -6.82823767635876
17589000 -6.85670963513071
17590000 -6.8071104269815
17591000 -6.82073548202311
17592000 -6.85622800296165
17593000 -6.78996466322844
17594000 -6.84951767633216
17595000 -6.83986377018733
17596000 -6.80981396416824
17597000 -6.87311807512302
17598000 -6.82694742933268
17599000 -6.81719405303532
17600000 -6.8738565096863
17601000 -6.80459937865709
17602000 -6.85996229368937
17603000 -6.8285849172287
17604000 -6.81445782866344
17605000 -6.8448259615725
17606000 -6.81371991885836
17607000 -6.8569953123308
17608000 -6.85727364271765
17609000 -6.8094167429842
17610000 -6.86074520314567
17611000 -6.83628825660817
17612000 -6.81428720895945
17613000 -6.8528771698542
17614000 -6.81977956950735
17615000 -6.83649479079471
17616000 -6.85363469304448
17617000 -6.81944439898259
17618000 -6.88394819558599
17619000 -6.85798773953069
17620000 -6.84963880644354
17621000 -6.86679081834352
17622000 -6.8227495092715
17623000 -6.81542489079378
17624000 -6.84455785473651
17625000 -6.80605852737846
17626000 -6.86052983598904
17627000 -6.82826218034544
17628000 -6.83906296837221
17629000 -6.85539784277411
17630000 -6.83352296803674
17631000 -6.83542134045857
17632000 -6.85797760690613
17633000 -6.78501252248231
17634000 -6.82952896214881
17635000 -6.83032646978548
17636000 -6.83644258067833
17637000 -6.88618783798424
17638000 -6.85144547385248
17639000 -6.82239322300805
17640000 -6.85758330505899
17641000 -6.79569181144563
17642000 -6.83685605311981
17643000 -6.86335169332135
17644000 -6.82991222432645
17645000 -6.86885368819022
17646000 -6.81811005593183
17647000 -6.82015773374459
17648000 -6.89891750214149
17649000 -6.84431149910475
17650000 -6.85255909455272
17651000 -6.88262461963609
17652000 -6.79481924691136
17653000 -6.89317925675802
17654000 -6.86256515319498
17655000 -6.8372615481551
17656000 -6.8958577656426
17657000 -6.80851514892477
17658000 -6.82893216641017
17659000 -6.87055477847685
17660000 -6.80118751107862
17661000 -6.89955448334393
17662000 -6.85424146571319
17663000 -6.81909243728794
17664000 -6.88378228879773
17665000 -6.8307568845967
17666000 -6.82856376228579
17667000 -6.91582693579494
17668000 -6.81000818073218
17669000 -6.86471932799931
17670000 -6.85480609810351
17671000 -6.81054160034451
17672000 -6.92304480426085
17673000 -6.88340520509905
17674000 -6.84672387994982
17675000 -6.91861466651859
17676000 -6.81695842345003
17677000 -6.87900013467687
17678000 -6.87227959885232
17679000 -6.8333224519445
17680000 -6.90123747835923
17681000 -6.85525085636292
17682000 -6.84626790765196
17683000 -6.90851470261775
17684000 -6.85696479955471
17685000 -6.89677546377805
17686000 -6.89603870678644
17687000 -6.79638750670875
17688000 -6.85216241640353
17689000 -6.83028854221264
17690000 -6.85803140351423
17691000 -6.90871542238694
17692000 -6.83257417501142
17693000 -6.88565641591258
17694000 -6.92030185745345
17695000 -6.855718132677
17696000 -6.88683744275306
17697000 -6.86265466037011
17698000 -6.84668574300498
17699000 -6.92656171797243
17700000 -6.8311827216887
17701000 -6.86028957243468
17702000 -6.90332229728678
17703000 -6.85279276307186
17704000 -6.89667162287276
17705000 -6.88436355059446
17706000 -6.84888480069524
17707000 -6.918930107738
17708000 -6.85441099876782
17709000 -6.86976476865466
17710000 -6.88501538565302
17711000 -6.87264176323968
17712000 -6.88797672626468
17713000 -6.86693395998905
17714000 -6.84274661564161
17715000 -6.88696679843862
17716000 -6.88135605556905
17717000 -6.84839577506632
17718000 -6.91245882730227
17719000 -6.86367152262974
17720000 -6.88923178415932
17721000 -6.92563892659421
17722000 -6.85757324955148
17723000 -6.9112597171112
17724000 -6.88568578314705
17725000 -6.85770853902276
17726000 -6.90252271826733
17727000 -6.85634175351205
17728000 -6.8645256443136
17729000 -6.89646187188662
17730000 -6.85511958377452
17731000 -6.87729120015007
17732000 -6.90036900318939
17733000 -6.87087467812014
17734000 -6.88775313876128
17735000 -6.90233703997417
17736000 -6.87843343212075
17737000 -6.8941442940196
17738000 -6.88759325343836
17739000 -6.86489409584477
17740000 -6.90904376250745
17741000 -6.88852011426252
17742000 -6.87840541087195
17743000 -6.88155297461309
17744000 -6.87046793225056
17745000 -6.93229008120115
17746000 -6.88333690187537
17747000 -6.87527018492797
17748000 -6.9105994783042
17749000 -6.86933993045247
17750000 -6.88161681033224
17751000 -6.89958856863638
17752000 -6.85068459668934
17753000 -6.91691861854248
17754000 -6.9050545545322
17755000 -6.89073973516126
17756000 -6.94822041376595
17757000 -6.86059154301185
17758000 -6.85483088088018
17759000 -6.93684864370764
17760000 -6.87794926753802
17761000 -6.88589824685235
17762000 -6.91781944479495
17763000 -6.86246220560905
17764000 -6.88992113799091
17765000 -6.8799342297216
17766000 -6.86889786853906
17767000 -6.91518832982192
17768000 -6.87841854571309
17769000 -6.87504433580779
17770000 -6.93271649207446
17771000 -6.91609438171083
17772000 -6.89020400134717
17773000 -6.91266021045158
17774000 -6.8545197123278
17775000 -6.91446246870049
17776000 -6.90157282010467
17777000 -6.85056603174572
17778000 -6.91928430708802
17779000 -6.89326324230914
17780000 -6.86700093083959
17781000 -6.93628274806743
17782000 -6.91277320769813
17783000 -6.94298969679423
17784000 -6.9373096808255
17785000 -6.87029133369434
17786000 -6.92630700466871
17787000 -6.90008663783977
17788000 -6.8513020212359
17789000 -6.90469559239186
17790000 -6.91644417294945
17791000 -6.9258086792733
17792000 -6.91302960378299
17793000 -6.87211473949872
17794000 -6.9004788572679
17795000 -6.87441625955962
17796000 -6.86910078849611
17797000 -6.93320933272687
17798000 -6.89288346997805
17799000 -6.89567314626196
17800000 -6.90593043003054
17801000 -6.88151369288336
17802000 -6.92042070686456
17803000 -6.94658316488117
17804000 -6.90088366008156
17805000 -6.93062155639016
17806000 -6.91406180185287
17807000 -6.86543917566962
17808000 -6.91656394639131
17809000 -6.90720121295294
17810000 -6.91777598683981
17811000 -6.91384988310198
17812000 -6.86418774878197
17813000 -6.92404785241525
17814000 -6.93775247861006
17815000 -6.91083854481322
17816000 -6.91978688038768
17817000 -6.89106439895088
17818000 -6.89064891239855
17819000 -6.93612762620349
17820000 -6.89967948330924
17821000 -6.8993117956116
17822000 -6.91840355322105
17823000 -6.93354035270919
17824000 -6.93824943156316
17825000 -6.92511686411113
17826000 -6.88976555678377
17827000 -6.92383096363111
17828000 -6.89590233059692
17829000 -6.90434096788278
17830000 -6.92532238978433
17831000 -6.88975121012881
17832000 -6.89729714467668
17833000 -6.92773972912175
17834000 -6.93749301117806
17835000 -6.94483899406708
17836000 -6.93634688522232
17837000 -6.91971192763042
17838000 -6.93003409506018
17839000 -6.86559665560432
17840000 -6.89429248360147
17841000 -6.95109318925543
17842000 -6.91286946856217
17843000 -6.93484272330401
17844000 -6.91083420891764
17845000 -6.89382727304636
17846000 -6.96288589219822
17847000 -6.8993661881177
17848000 -6.92009735186117
17849000 -6.94567884395685
17850000 -6.9032114159649
17851000 -6.94193968720922
17852000 -6.926675707554
17853000 -6.91023807498955
17854000 -6.94444541253476
17855000 -6.92294598643915
17856000 -6.90070508513997
17857000 -6.92538393390535
17858000 -6.87723462355223
17859000 -6.93516996532264
17860000 -6.94207485223678
17861000 -6.91937783249174
17862000 -6.97812496111962
17863000 -6.92614854158022
17864000 -6.92136912460977
17865000 -6.94807842878374
17866000 -6.9056303955242
17867000 -6.92180829105602
17868000 -6.95410745722753
17869000 -6.92232741888195
17870000 -6.95531065136815
17871000 -6.93984156055248
17872000 -6.94256021643975
17873000 -6.9424105485383
17874000 -6.91033567331611
17875000 -6.9368470938401
17876000 -6.96139238176339
17877000 -6.92532998190914
17878000 -6.9530759539924
17879000 -6.94203803123395
17880000 -6.94071562746672
17881000 -6.95754890048158
17882000 -6.94399444213723
17883000 -6.94675116448024
17884000 -6.95117075881462
17885000 -6.93028685799579
17886000 -6.94177038626014
17887000 -6.93390511715368
17888000 -6.9090921307977
17889000 -6.97169361009652
17890000 -6.93413816740189
17891000 -6.94271706326541
17892000 -6.96239491077054
17893000 -6.95375745240227
17894000 -6.95970930053195
17895000 -6.95324422021217
17896000 -6.95370048878276
17897000 -6.95834746365635
17898000 -6.892693534093
17899000 -6.95087856944117
17900000 -6.96658290492695
17901000 -6.94581625323383
17902000 -6.97416971618882
17903000 -6.95784245884157
17904000 -6.93445480110447
17905000 -6.96449380508215
17906000 -6.94712931147225
17907000 -6.91452375267931
17908000 -6.95273432505371
17909000 -6.96525700393421
17910000 -6.97494795162083
17911000 -6.95765413129623
17912000 -6.9345027874622
17913000 -6.98387032817733
17914000 -6.95338627178405
17915000 -6.9593174518103
17916000 -6.980013786847
17917000 -6.93726479697044
17918000 -6.97114694353365
17919000 -6.95307093472296
17920000 -6.93562181656536
17921000 -6.94090729018765
17922000 -6.94188851169577
17923000 -6.92956622280462
17924000 -6.94922356909515
17925000 -6.94258539756196
17926000 -6.96841595361341
17927000 -6.95437454176469
17928000 -6.96088681730464
17929000 -6.96667388391895
17930000 -6.92174428479522
17931000 -6.90059714682163
17932000 -6.92587081397517
17933000 -6.95801289916132
17934000 -6.98161539683719
17935000 -6.9703446591647
17936000 -6.98667072818973
17937000 -6.98358419523956
17938000 -6.95863320119753
17939000 -6.95238628423733
17940000 -6.96984707916022
17941000 -6.94767379014135
17942000 -6.96160164075134
17943000 -6.96176962808556
17944000 -6.92380769788436
17945000 -6.94744426805763
17946000 -6.96185126323901
17947000 -6.93461993198613
17948000 -6.92978125928352
17949000 -6.9499764837451
17950000 -6.98147142453944
17951000 -6.95655770267536
17952000 -6.95283010637262
17953000 -6.95818050436809
17954000 -6.96366928019575
17955000 -6.96732840795815
17956000 -6.98898814145413
17957000 -6.95565693689127
17958000 -6.9544379248215
17959000 -6.94813115498173
17960000 -6.95422412423581
17961000 -6.9393759908334
17962000 -6.9625336201755
17963000 -6.96264458729241
17964000 -6.96251954391065
17965000 -6.97954378325767
17966000 -6.97797071355911
17967000 -6.98810643594184
17968000 -6.96198036800676
17969000 -6.97346951828675
17970000 -6.98590876873142
17971000 -6.98132244469
17972000 -6.98263555474788
17973000 -6.95337169058929
17974000 -6.94048598777234
17975000 -6.99472607244099
17976000 -6.98942711238161
17977000 -6.99980048078911
17978000 -7.01589485179346
17979000 -6.97345053502073
17980000 -6.98473574605619
17981000 -6.97779727055495
17982000 -6.96126552432147
17983000 -6.95378587081114
17984000 -6.98022416234527
17985000 -6.95612892113622
17986000 -6.96382074045505
17987000 -7.00185263564387
17988000 -6.98727742175786
17989000 -7.0053416149257
17990000 -6.97640718235923
17991000 -6.96469793269709
17992000 -6.98437477577974
17993000 -6.96387209245093
17994000 -7.0138347912189
17995000 -6.99742869902023
17996000 -6.99212561564793
17997000 -6.96753423816336
17998000 -6.98127281408336
17999000 -6.98565775045143
18000000 -6.98053181522954
18001000 -6.98449270509961
18002000 -6.98724000078982
18003000 -6.99186422665425
18004000 -6.96910820614018
18005000 -7.00658076230265
18006000 -7.03332156403485
18007000 -6.98852187634023
18008000 -7.0093890063458
18009000 -7.02910014137963
18010000 -7.0089116872508
18011000 -6.96826967522638
18012000 -6.97183453720741
18013000 -7.00924215650716
18014000 -7.00577546373964
18015000 -6.97371390590264
18016000 -6.97785282115954
18017000 -6.97594570770416
18018000 -7.00060337606781
18019000 -6.99268652049135
18020000 -6.96846486113223
18021000 -6.98744622727214
18022000 -7.00368972491733
18023000 -6.98520681945356
18024000 -6.99124902970831
18025000 -6.96869285055469
18026000 -6.97490179634323
18027000 -6.98150417598601
18028000 -6.98484209769552
18029000 -7.01080619228175
18030000 -7.01837377047491
18031000 -6.96040952607058
18032000 -6.99211225738015
18033000 -6.98632254145615
18034000 -6.98406167722426
18035000 -7.01945004622701
18036000 -6.97957816930855
18037000 -7.00173568492087
18038000 -7.02576285399199
18039000 -7.00055467048296
18040000 -7.01970979348412
18041000 -7.00995660440293
18042000 -6.97723816636009
18043000 -6.97525672749873
18044000 -6.98549081019356
18045000 -6.96546512397287
18046000 -7.03775084572972
18047000 -6.9969819249992
18048000 -6.97785501807866
18049000 -6.99535802561339
18050000 -7.01039152156945
18051000 -7.01829183623521
18052000 -7.04077152575161
18053000 -6.97401186726037
18054000 -7.01854753462108
18055000 -6.99037664678846
18056000 -6.95196494788783
18057000 -7.01508324126825
18058000 -7.00997031710934
18059000 -7.01088332729754
18060000 -7.01235311829415
18061000 -6.9711767059843
18062000 -6.97613582259351
18063000 -7.01981693610129
18064000 -6.9793135825705
18065000 -7.01138547973904
18066000 -7.00536503189857
18067000 -7.02471621764887
18068000 -6.99646786382038
18069000 -6.99324204663894
18070000 -6.98265596103415
18071000 -7.03201558224846
18072000 -6.97410208814184
18073000 -6.98136090256397
18074000 -7.00608646290454
18075000 -6.97521148636534
18076000 -7.03593377236289
18077000 -7.00834523389939
18078000 -6.99139836541794
18079000 -7.04541286109816
18080000 -6.98756872451547
18081000 -6.98630793427851
18082000 -7.03480767392193
18083000 -7.00223180453925
18084000 -7.05262683627759
18085000 -7.02334887944013
18086000 -6.99990642317385
18087000 -6.99222773382567
18088000 -7.02303114783769
18089000 -6.98306369633346
18090000 -7.04246108816652
18091000 -7.02681945284403
18092000 -6.99057100195976
18093000 -7.05281689143807
18094000 -7.02228803210593
18095000 -7.03745370437179
18096000 -7.05700953956292
18097000 -6.98680239666281
18098000 -7.03326923689095
18099000 -7.01976366675724
18100000 -6.9952845427257
18101000 -7.03547389130776
18102000 -7.00572476172673
18103000 -7.01979825600623
18104000 -7.03490981088117
18105000 -7.01016362340093
18106000 -7.00744836630355
18107000 -7.04275843011667
18108000 -7.02006391665734
18109000 -7.05706246509091
18110000 -7.06535794234146
18111000 -7.04209939108224
18112000 -7.05597728923284
18113000 -7.02274139098765
18114000 -7.00763880214101
18115000 -7.03882515268499
18116000 -7.02085125399171
18117000 -7.03997010829648
18118000 -7.05043289380065
18119000 -7.01141742641086
18120000 -7.02881516732838
18121000 -7.0301399667357
18122000 -7.04190885805094
18123000 -7.02377626612707
18124000 -7.03041632790398
18125000 -7.07917742288479
18126000 -7.06342096640712
18127000 -6.997684870366
18128000 -7.05289580796183
18129000 -7.04341871356503
18130000 -7.03724291606673
18131000 -7.08494859438276
18132000 -7.03610276766593
18133000 -7.04558725657607
18134000 -7.07019942106374
18135000 -7.01363704917924
18136000 -7.03034899697507
18137000 -7.04339596866896
18138000 -7.03731888200439
18139000 -7.03295379516535
18140000 -7.00410688056807
18141000 -7.04919466148227
18142000 -7.05202503569113
18143000 -6.99658350856814
18144000 -7.02379981551542
18145000 -7.04752627760907
18146000 -7.00133910854635
18147000 -7.06025678220354
18148000 -7.02658879510892
18149000 -7.01302455244209
18150000 -7.04983883301472
18151000 -7.02032666921157
18152000 -7.01577088569778
18153000 -7.02469012280148
18154000 -7.02815944971942
18155000 -7.02207389679271
18156000 -7.03368599050894
18157000 -7.01712504254404
18158000 -7.06118595610148
18159000 -7.04808460488288
18160000 -7.03365448600567
18161000 -7.04702928049239
18162000 -7.01937206372591
18163000 -7.05760432983575
18164000 -7.07555122078873
18165000 -7.0326481874233
18166000 -7.04329989311368
18167000 -7.05041844356069
18168000 -7.02657893332306
18169000 -7.05094337995768
18170000 -7.03905398642243
18171000 -7.02714325463961
18172000 -7.05031914516401
18173000 -7.00383493731804
18174000 -7.04824809921684
18175000 -7.06301238750711
18176000 -7.03434613665112
18177000 -7.04449176021694
18178000 -7.04078994373818
18179000 -7.00678787943359
18180000 -7.06066068485561
18181000 -7.03751162062635
18182000 -7.05138962647392
18183000 -7.0267234106709
18184000 -7.05810396370984
18185000 -7.0768987674268
18186000 -7.02703375369986
18187000 -7.01629815436526
18188000 -7.04437333964887
18189000 -7.02853506503105
18190000 -7.02483462210144
18191000 -7.05888388313526
18192000 -7.04350368778291
18193000 -7.05361433331033
18194000 -7.08064671867518
18195000 -7.01596941939502
18196000 -7.05304420274531
18197000 -7.04475012957382
18198000 -7.04934372799321
18199000 -7.06984678879294
18200000 -7.06945629397608
18201000 -7.03864346125656
18202000 -7.05044677563364
18203000 -7.04776279454755
18204000 -7.07247761780641
18205000 -7.06225155670605
18206000 -7.04309777805441
18207000 -7.04473217932116
18208000 -7.04594396835712
18209000 -7.05649990673386
18210000 -7.06937677356053
18211000 -7.06542858747582
18212000 -7.07678859884342
18213000 -7.07599193990176
18214000 -7.03735734428401
18215000 -7.05452878653166
18216000 -7.06158520127248
18217000 -7.06569123313498
18218000 -7.04211312085002
18219000 -7.03010603014669
18220000 -7.08238164165351
18221000 -7.06683340709103
18222000 -7.05304025279109
18223000 -7.07614125564634
18224000 -7.07185007346154
18225000 -7.05838018044003
18226000 -7.07107622897029
18227000 -7.0479456211549
18228000 -7.05616429463173
18229000 -7.09037985074024
18230000 -7.07946386701414
18231000 -7.0734582708815
18232000 -7.10093806845536
18233000 -7.08429667321388
18234000 -7.10715289104205
18235000 -7.08327613669624
18236000 -7.07052411058896
18237000 -7.10582297493105
18238000 -7.0764789485982
18239000 -7.08346130224996
18240000 -7.09768045709515
18241000 -7.07249558227413
18242000 -7.05813587172282
18243000 -7.06001135797882
18244000 -7.05849961900524
18245000 -7.07795795190007
18246000 -7.07674834718034
18247000 -7.08075248247736
18248000 -7.08159162362392
18249000 -7.05055441070887
18250000 -7.06975274842287
18251000 -7.09430907445663
18252000 -7.08871433256747
18253000 -7.05922655352504
18254000 -7.06886889761643
18255000 -7.06455462318029
18256000 -7.06314234249903
18257000 -7.08541633669988
18258000 -7.06592135030054
18259000 -7.08434358685524
18260000 -7.08443594304146
18261000 -7.07093864515237
18262000 -7.07898814979708
18263000 -7.07094208295333
18264000 -7.05564418930296
18265000 -7.07938032506591
18266000 -7.08771299504674
18267000 -7.07441565698529
18268000 -7.1014073539101
18269000 -7.06555825937244
18270000 -7.07171900412793
18271000 -7.07250750383589
18272000 -7.06872916478524
18273000 -7.08282316373212
18274000 -7.08176904628416
18275000 -7.05506987403985
18276000 -7.09784718679431
18277000 -7.07730111206252
18278000 -7.0839191364032
18279000 -7.10341502602535
18280000 -7.08418143729899
18281000 -7.09866625506652
18282000 -7.10629600554868
18283000 -7.09489400138344
18284000 -7.08730744643748
18285000 -7.07483952841926
18286000 -7.09677891762204
18287000 -7.08853936832382
18288000 -7.07944271442732
18289000 -7.06614044103478
18290000 -7.09611627103708
18291000 -7.10750010752453
18292000 -7.08132302147005
18293000 -7.10076700763483
18294000 -7.09154640761117
18295000 -7.09890442143494
18296000 -7.09207755257492
18297000 -7.07333928849496
18298000 -7.08899283384507
18299000 -7.08433572571404
18300000 -7.09165004963892
18301000 -7.11310641730438
18302000 -7.09369332241337
18303000 -7.06698143633941
18304000 -7.104791315936
18305000 -7.05509032657971
18306000 -7.07441302575353
18307000 -7.06879927037845
18308000 -7.04745547613633
18309000 -7.10539167458855
18310000 -7.09032677352144
18311000 -7.06042893535253
18312000 -7.13446706881107
18313000 -7.12262715216058
18314000 -7.0964907917381
18315000 -7.1218261710614
18316000 -7.08705484223241
18317000 -7.1063840067921
18318000 -7.11590889113547
18319000 -7.10286940441353
18320000 -7.12840338127376
18321000 -7.10804584281879
18322000 -7.0650349378609
18323000 -7.1429632682845
18324000 -7.07730677897885
18325000 -7.08367903811239
18326000 -7.13737382515155
18327000 -7.0896308154836
18328000 -7.09035121162013
18329000 -7.11204290677491
18330000 -7.03946050610826
18331000 -7.0855805623098
18332000 -7.11523548166885
18333000 -7.09073696629299
18334000 -7.13346685163142
18335000 -7.1082674798864
18336000 -7.09529555096574
18337000 -7.15531578259006
18338000 -7.09448910062784
18339000 -7.08675498009507
18340000 -7.12705456778511
18341000 -7.08536541795688
18342000 -7.12308749430223
18343000 -7.11150035250156
18344000 -7.07950432249785
18345000 -7.1383387266159
18346000 -7.09383905423375
18347000 -7.09116980397837
18348000 -7.13333105159718
18349000 -7.09602804634058
18350000 -7.12394461784147
18351000 -7.10963428349416
18352000 -7.09900008932237
18353000 -7.13316038291191
18354000 -7.12672569286532
18355000 -7.09113859078047
18356000 -7.15716743797246
18357000 -7.1180481660098
18358000 -7.10567851078882
18359000 -7.133186870571
18360000 -7.10063251518305
18361000 -7.10066490854646
18362000 -7.12090974961288
18363000 -7.09305788861627
18364000 -7.15631384190424
18365000 -7.14873047998258
18366000 -7.1293532981036
18367000 -7.13712879193656
18368000 -7.09275087422611
18369000 -7.10487540346737
18370000 -7.1403306549779
18371000 -7.12208718493595
18372000 -7.13546324985469
18373000 -7.12137126957551
18374000 -7.08785825321034
18375000 -7.09437481459003
18376000 -7.12057642047974
18377000 -7.11125139612598
18378000 -7.12784804390509
18379000 -7.12321622503351
18380000 -7.10386421685174
18381000 -7.1200271212177
18382000 -7.12501876720773
18383000 -7.10757989111902
18384000 -7.16706129152095
18385000 -7.13175487727269
18386000 -7.13270365143953
18387000 -7.14937293924686
18388000 -7.10412368930445
18389000 -7.15366190843699
18390000 -7.13937137806836
18391000 -7.13329491062081
18392000 -7.17846260692455
18393000 -7.12481706113788
18394000 -7.12752316354916
18395000 -7.16075561925453
18396000 -7.10200766600423
18397000 -7.13019775156103
18398000 -7.12388463641552
18399000 -7.11269618423952
18400000 -7.12148113491568
18401000 -7.15599674687455
18402000 -7.14535945506558
18403000 -7.16953404992219
18404000 -7.12286196388447
18405000 -7.12968870145253
18406000 -7.13088521285523
18407000 -7.12466240109455
18408000 -7.17456477771184
18409000 -7.16662354741936
18410000 -7.12522879643458
18411000 -7.14571538353258
18412000 -7.12649272792845
18413000 -7.12680742952148
18414000 -7.18485085627024
18415000 -7.14605915340888
18416000 -7.11794649859682
18417000 -7.14320773519307
18418000 -7.11932396326202
18419000 -7.14462710686614
18420000 -7.14599667878898
18421000 -7.13575394837498
18422000 -7.13013153560813
18423000 -7.13054096720054
18424000 -7.11146802509272
18425000 -7.16405280910573
18426000 -7.1139487083211
18427000 -7.14588793611263
18428000 -7.15293261360077
18429000 -7.13074068150269
18430000 -7.16077208155913
18431000 -7.13551089337793
18432000 -7.12792983592964
18433000 -7.16524957245523
18434000 -7.15119364209281
18435000 -7.12809134440192
18436000 -7.18266825189401
18437000 -7.12157885141919
18438000 -7.14652915253281
18439000 -7.15825250890235
18440000 -7.13145862261655
18441000 -7.17276180138937
18442000 -7.15600880516657
18443000 -7.13236695958108
18444000 -7.16821390161239
18445000 -7.11133259647129
18446000 -7.14753264718347
18447000 -7.170218121492
18448000 -7.10881844626526
18449000 -7.18270760896403
18450000 -7.16224685652768
18451000 -7.12411748658198
18452000 -7.17812577019644
18453000 -7.14521377379607
18454000 -7.14554506673912
18455000 -7.18529608574241
18456000 -7.13034206409122
18457000 -7.16122597349092
18458000 -7.17906481862734
18459000 -7.12184549291182
18460000 -7.17597011679811
18461000 -7.14748872871644
18462000 -7.1281510909973
18463000 -7.15708882615704
18464000 -7.10531187735227
18465000 -7.13776582044888
18466000 -7.18257324300282
18467000 -7.13317642577777
18468000 -7.17847211157234
18469000 -7.1759199298018
18470000 -7.11945697857508
18471000 -7.1793067730249
18472000 -7.18305209182817
18473000 -7.13966762638975
18474000 -7.17974950393291
18475000 -7.13948295142553
18476000 -7.15580659514878
18477000 -7.16616661889579
18478000 -7.13076921496955
18479000 -7.16514367434363
18480000 -7.18846242102785
18481000 -7.12216842313081
18482000 -7.17029465949333
18483000 -7.13589324402096
18484000 -7.14831806882729
18485000 -7.19981207785727
18486000 -7.16210516241384
18487000 -7.17906168353662
18488000 -7.18437049992971
18489000 -7.1302752980761
18490000 -7.14843971736531
18491000 -7.1278301683494
18492000 -7.11373988579145
18493000 -7.17162332898011
18494000 -7.13704446197407
18495000 -7.12022418961434
18496000 -7.17363185012603
18497000 -7.12531242390795
18498000 -7.16959341096313
18499000 -7.1786781850334
18500000 -7.13668343203571
18501000 -7.17112369695215
18502000 -7.17771167956319
18503000 -7.16492806045394
18504000 -7.17417018849941
18505000 -7.16428688775175
18506000 -7.1578623068145
18507000 -7.16607198432013
18508000 -7.15056069367959
18509000 -7.15373392833666
18510000 -7.17722754575117
18511000 -7.13910145932887
18512000 -7.18548694563582
18513000 -7.16478319694558
18514000 -7.13989455833098
18515000 -7.16320921192991
18516000 -7.1838126810228
18517000 -7.15537568191427
18518000 -7.18955803908417
18519000 -7.16113874295455
18520000 -7.14651497599339
18521000 -7.14541244303341
18522000 -7.14364803196338
18523000 -7.1400995238867
18524000 -7.17020298523262
18525000 -7.18207686143334
18526000 -7.16592081624697
18527000 -7.16711240332017
18528000 -7.16747425383578
18529000 -7.1920770063574
18530000 -7.19136945184506
18531000 -7.16534634240018
18532000 -7.16778241371949
18533000 -7.18074395162146
18534000 -7.19852981962315
18535000 -7.16929056502869
18536000 -7.19475519259014
18537000 -7.18590604405469
18538000 -7.14814364114477
18539000 -7.13690322332837
18540000 -7.18504204180845
18541000 -7.17426512728256
18542000 -7.16918047791942
18543000 -7.16554315690198
18544000 -7.17803312806268
18545000 -7.21031318822541
18546000 -7.19915507082149
18547000 -7.16443454810338
18548000 -7.21395646301456
18549000 -7.20787454562426
18550000 -7.16795777566775
18551000 -7.19473744672144
18552000 -7.19348511922877
18553000 -7.18499828679328
18554000 -7.20518572480218
18555000 -7.18844586568851
18556000 -7.19549498163619
18557000 -7.21004106037157
18558000 -7.21052734114321
18559000 -7.19444087311804
18560000 -7.2102644586189
18561000 -7.17032910644746
18562000 -7.17162331898833
18563000 -7.17525392997955
18564000 -7.15921730825539
18565000 -7.19699321847096
18566000 -7.20153412822127
18567000 -7.1869612646711
18568000 -7.19596756122987
18569000 -7.17873620355453
18570000 -7.18505954423694
18571000 -7.20997313738458
18572000 -7.21384466738689
18573000 -7.20592956451073
18574000 -7.19983770358777
18575000 -7.19091978114948
18576000 -7.17393158534417
18577000 -7.19730439340367
18578000 -7.16299919610148
18579000 -7.20654298395648
18580000 -7.19360823626548
18581000 -7.1961715997626
18582000 -7.18922577399236
18583000 -7.20242549429973
18584000 -7.19294029831731
18585000 -7.19252374817327
18586000 -7.1880022748395
18587000 -7.21279184063714
18588000 -7.1709560031022
18589000 -7.23615219731802
18590000 -7.23065458075452
18591000 -7.20337993136248
18592000 -7.21857899948086
18593000 -7.1832535774005
18594000 -7.20606736586128
18595000 -7.19621475300939
18596000 -7.1723420234306
18597000 -7.19268836058922
18598000 -7.19332551661373
18599000 -7.1775867363779
18600000 -7.18180836530708
18601000 -7.24602523631776
18602000 -7.20091430583384
18603000 -7.18952972738291
18604000 -7.21006782646706
18605000 -7.21454855735678
18606000 -7.20597641741111
18607000 -7.21507787955372
18608000 -7.22481389669948
18609000 -7.1788244548374
18610000 -7.18610637670376
18611000 -7.20315371692517
18612000 -7.20661361420583
18613000 -7.21161527477135
18614000 -7.20886357453561
18615000 -7.21757389726226
18616000 -7.2104421558128
18617000 -7.20789895433856
18618000 -7.20436796799533
18619000 -7.19934698867017
18620000 -7.18881030688114
18621000 -7.18135853528611
18622000 -7.21604857309817
18623000 -7.20745903854524
18624000 -7.20227975050264
18625000 -7.2045339751034
18626000 -7.2483982877043
18627000 -7.22229859579105
18628000 -7.20411478180081
18629000 -7.20842930773963
18630000 -7.19411380478617
18631000 -7.21036359021985
18632000 -7.2254526669413
18633000 -7.22367296414914
18634000 -7.25362819113893
18635000 -7.20849668863015
18636000 -7.21068591676723
18637000 -7.21044235377845
18638000 -7.22406481738426
18639000 -7.19818233807348
18640000 -7.23258355030651
18641000 -7.21865509795059
18642000 -7.22180292800795
18643000 -7.23313864247963
18644000 -7.22966047481476
18645000 -7.22491871777786
18646000 -7.1915570817446
18647000 -7.21063143915897
18648000 -7.22069977884284
18649000 -7.21362820684395
18650000 -7.23573001420513
18651000 -7.23582603367336
18652000 -7.21769433840153
18653000 -7.23422416428637
18654000 -7.23260014938944
18655000 -7.21598280137632
18656000 -7.24730743850331
18657000 -7.19863153384094
18658000 -7.20226367217572
18659000 -7.22479987800344
18660000 -7.23542678137964
18661000 -7.23327002068892
18662000 -7.22156866324815
18663000 -7.24295289358162
18664000 -7.24165356581221
18665000 -7.21071380871736
18666000 -7.21842294160032
18667000 -7.259227094047
18668000 -7.2168076180983
18669000 -7.24782818152447
18670000 -7.19050598477574
18671000 -7.21252304781938
18672000 -7.2633896824639
18673000 -7.19760710382911
18674000 -7.21976054830533
18675000 -7.24802597781242
18676000 -7.2277134160178
18677000 -7.25948128469509
18678000 -7.24334711503604
18679000 -7.1952994752755
18680000 -7.23528620433029
18681000 -7.20388655697035
18682000 -7.18058439430391
18683000 -7.24458821676545
18684000 -7.22787458903275
18685000 -7.23207776314939
18686000 -7.26493946300082
18687000 -7.24489349914878
18688000 -7.26521047364015
18689000 -7.27147047233934
18690000 -7.20733960998373
18691000 -7.27381032082207
18692000 -7.25108031455197
18693000 -7.22903011228742
18694000 -7.24948184139086
18695000 -7.2323946985754
18696000 -7.23264416941064
18697000 -7.29869514922133
18698000 -7.23306921316363
18699000 -7.24153657320333
18700000 -7.25787419351845
18701000 -7.22694961980688
18702000 -7.25692196791585
18703000 -7.24625792750485
18704000 -7.2121576967211
18705000 -7.26053685748563
18706000 -7.24357582147458
18707000 -7.20073079177248
18708000 -7.26275220878002
18709000 -7.23456958489009
18710000 -7.25851006200642
18711000 -7.27217449105931
18712000 -7.21972001051885
18713000 -7.24308566098748
18714000 -7.27509438571497
18715000 -7.22619179558617
18716000 -7.25307114816619
18717000 -7.22346514058138
18718000 -7.21583216132833
18719000 -7.2597630771543
18720000 -7.22861467383132
18721000 -7.22929682870009
18722000 -7.21296227877382
18723000 -7.23155003729331
18724000 -7.24152441528775
18725000 -7.24596569190254
18726000 -7.23289823500054
18727000 -7.23631545009568
18728000 -7.23726670030308
18729000 -7.25275666424406
18730000 -7.2435495971839
18731000 -7.22185069918616
18732000 -7.24723263233373
18733000 -7.2283376155522
18734000 -7.27163653410748
18735000 -7.28786148964278
18736000 -7.23651354658411
18737000 -7.26549382284813
18738000 -7.26789580410089
18739000 -7.24439963841421
18740000 -7.28166955583162
18741000 -7.2591149110199
18742000 -7.23957710696694
18743000 -7.26772279507691
18744000 -7.26160527630627
18745000 -7.24390863287796
18746000 -7.27744683873721
18747000 -7.22751485265781
18748000 -7.25888152432878
18749000 -7.24693401889527
18750000 -7.25457000857516
18751000 -7.27012257974052
18752000 -7.20611580153994
18753000 -7.23861120202648
18754000 -7.29403690129736
18755000 -7.24845350777636
18756000 -7.25072404229348
18757000 -7.27419782319408
18758000 -7.26226006423023
18759000 -7.27274103365798
18760000 -7.26589163649714
18761000 -7.27194675342181
18762000 -7.28235102927881
18763000 -7.26512295561374
18764000 -7.26427865249837
18765000 -7.27221021427291
18766000 -7.25963729992562
18767000 -7.26746435351883
18768000 -7.28538866426856
18769000 -7.26445181509075
18770000 -7.25583447549061
18771000 -7.26012688138204
18772000 -7.24408982545034
18773000 -7.24443625245883
18774000 -7.22624386395064
18775000 -7.21373660288541
18776000 -7.25293109331845
18777000 -7.25865115408911
18778000 -7.25949283844029
18779000 -7.24972033872738
18780000 -7.26346065274017
18781000 -7.24069039464148
18782000 -7.27129113911081
18783000 -7.2388755403491
18784000 -7.27002316783549
18785000 -7.29284069226241
18786000 -7.2643018941533
18787000 -7.28186784202905
18788000 -7.27741198250619
18789000 -7.25524534210055
18790000 -7.29329203866181
18791000 -7.2735163994652
18792000 -7.26892022609272
18793000 -7.28509806266228
18794000 -7.2467878208378
18795000 -7.27335473101682
18796000 -7.31108248061719
18797000 -7.25013546106257
18798000 -7.25607859237384
18799000 -7.22732561822308
18800000 -7.26443255350764
18801000 -7.28443493289194
18802000 -7.27393224462218
18803000 -7.27045527566646
18804000 -7.27427916961926
18805000 -7.25683081873665
18806000 -7.29900550710505
18807000 -7.29094152529001
18808000 -7.25953363001457
18809000 -7.29975028514295
18810000 -7.28058179496469
18811000 -7.26482670640973
18812000 -7.28588974152791
18813000 -7.2558012160973
18814000 -7.28948839808911
18815000 -7.28758906708051
18816000 -7.24076075982581
18817000 -7.27080362991287
18818000 -7.27155503863168
18819000 -7.25658403117349
18820000 -7.28916459235038
18821000 -7.26736757053925
18822000 -7.28562164073329
18823000 -7.27199103509701
18824000 -7.24965264417486
18825000 -7.27443716036481
18826000 -7.28839667219085
18827000 -7.2552428264205
18828000 -7.29734127975386
18829000 -7.25038970712447
18830000 -7.26506877330217
18831000 -7.30729424648575
18832000 -7.26642884361757
18833000 -7.26754175154614
18834000 -7.29650955082997
18835000 -7.29000575963038
18836000 -7.29977636728818
18837000 -7.29847114999204
18838000 -7.27830927839891
18839000 -7.28251900993227
18840000 -7.29176727179661
18841000 -7.27076134890994
18842000 -7.31261480245041
18843000 -7.28390747357035
18844000 -7.25557740419047
18845000 -7.32780035399548
18846000 -7.27868596332349
18847000 -7.31446283775283
18848000 -7.30494477002111
18849000 -7.28766704520035
18850000 -7.30650104037384
18851000 -7.29176068829238
18852000 -7.28208592928172
18853000 -7.32572328628648
18854000 -7.26764003978762
18855000 -7.25321610119536
18856000 -7.30793920039577
18857000 -7.27301361190503
18858000 -7.27987047706255
18859000 -7.29187618003399
18860000 -7.27912498791968
18861000 -7.29106843806636
18862000 -7.31003891683006
18863000 -7.28501014163187
18864000 -7.3044501330415
18865000 -7.30684020173732
18866000 -7.2974556462595
18867000 -7.30362681569958
18868000 -7.27854996489586
18869000 -7.2808154595084
18870000 -7.28643178711331
18871000 -7.26619135788361
18872000 -7.31385225564517
18873000 -7.30476123659938
18874000 -7.29824904168627
18875000 -7.32170738465657
18876000 -7.30353086186016
18877000 -7.31042292740035
18878000 -7.30701358591366
18879000 -7.29357548800044
18880000 -7.31369899924147
18881000 -7.33190303808621
18882000 -7.2838104424855
18883000 -7.33094923362438
18884000 -7.30511823123029
18885000 -7.29411508709892
18886000 -7.32561031968112
18887000 -7.33040726648889
18888000 -7.30560850840992
18889000 -7.31741981042484
18890000 -7.29715325473513
18891000 -7.31140991575392
18892000 -7.34230994701586
18893000 -7.28293070359261
18894000 -7.32028730760923
18895000 -7.31385918061756
18896000 -7.28018165125583
18897000 -7.32401237259889
18898000 -7.31656806725547
18899000 -7.30299349746583
18900000 -7.33125434576401
18901000 -7.28573229745195
18902000 -7.29147931682635
18903000 -7.35147796822946
18904000 -7.32310510857852
18905000 -7.33106591356716
18906000 -7.32830371615929
18907000 -7.30132778992812
18908000 -7.30935225120213
18909000 -7.29034764293712
18910000 -7.32653021594309
18911000 -7.34508472927277
18912000 -7.3389520012472
18913000 -7.33818011891325
18914000 -7.32242309698828
18915000 -7.32424127912104
18916000 -7.32606946007482
18917000 -7.33770532334569
18918000 -7.31105968184407
18919000 -7.33051558601031
18920000 -7.30457123741657
18921000 -7.31908546817081
18922000 -7.28837592018408
18923000 -7.29420181096583
18924000 -7.26461875266392
18925000 -7.3058430945435
18926000 -7.31499503113761
18927000 -7.32413731089722
18928000 -7.32975263357334
18929000 -7.31604736246133
18930000 -7.33010787586536
18931000 -7.32436286661891
18932000 -7.31978840754054
18933000 -7.32637840914825
18934000 -7.32460869634666
18935000 -7.32430237362341
18936000 -7.31467108714562
18937000 -7.3098276312887
18938000 -7.31757029621953
18939000 -7.33329893227469
18940000 -7.32766195338948
18941000 -7.32001061527435
18942000 -7.33520977177505
18943000 -7.31436289937738
18944000 -7.32246434918825
18945000 -7.32724706392309
18946000 -7.32970146558983
18947000 -7.3482187943964
18948000 -7.34856056129264
18949000 -7.32788567193017
18950000 -7.32091678119384
18951000 -7.32675763114363
18952000 -7.31578477874211
18953000 -7.34214578097254
18954000 -7.29603794578184
18955000 -7.32771258795304
18956000 -7.34482948264153
18957000 -7.32924234288218
18958000 -7.35095505904703
18959000 -7.34045773734481
18960000 -7.30472986750435
18961000 -7.30194686496619
18962000 -7.3080771367571
18963000 -7.3250983329217
18964000 -7.33393851619934
18965000 -7.31462689900925
18966000 -7.33377767154331
18967000 -7.35367490088838
18968000 -7.33245162019671
18969000 -7.3515645339055
18970000 -7.34382712282132
18971000 -7.29116311166648
18972000 -7.36500811003992
18973000 -7.36515266645171
18974000 -7.33424049027666
18975000 -7.35672587729842
18976000 -7.34394991337105
18977000 -7.324466717844
18978000 -7.32231409895508
18979000 -7.32611139770268
18980000 -7.38134807038365
18981000 -7.37856665952562
18982000 -7.3338635402571
18983000 -7.31701639880751
18984000 -7.34054003515949
18985000 -7.34367286738416
18986000 -7.32672070329185
18987000 -7.31530526885683
18988000 -7.32268532690643
18989000 -7.33371285071538
18990000 -7.33955277566306
18991000 -7.35449195060698
18992000 -7.34819343834864
18993000 -7.32100279265539
18994000 -7.35456559183109
18995000 -7.36436953303843
18996000 -7.32687006270638
18997000 -7.35905237914793
18998000 -7.35723895194483
18999000 -7.33262895029145
19000000 -7.34553511799816
19001000 -7.31727734597063
19002000 -7.29361914189721
19003000 -7.33901293292598
19004000 -7.340256944707
19005000 -7.35068235056851
19006000 -7.34464978209316
19007000 -7.34919678450484
19008000 -7.36954258566136
19009000 -7.34059674902745
19010000 -7.33024771573321
19011000 -7.3509252742242
19012000 -7.32301729415437
19013000 -7.34320980512961
19014000 -7.35895177119706
19015000 -7.34973822526223
19016000 -7.33017546603602
19017000 -7.34661667619099
19018000 -7.37430434182725
19019000 -7.37800829937727
19020000 -7.32812673256678
19021000 -7.34686257428172
19022000 -7.36137862654436
19023000 -7.3615399929012
19024000 -7.37058937151886
19025000 -7.36090267657862
19026000 -7.36928655410372
19027000 -7.37860976366316
19028000 -7.38218891670225
19029000 -7.36761641369337
19030000 -7.33562138406753
19031000 -7.35425154143518
19032000 -7.35057172357804
19033000 -7.35528260416705
19034000 -7.35359387154386
19035000 -7.35342911039348
19036000 -7.35429423082378
19037000 -7.36277549513857
19038000 -7.35881870888844
19039000 -7.37577500886152
19040000 -7.36392045911172
19041000 -7.3612360610407
19042000 -7.36494650983787
19043000 -7.37184694174639
19044000 -7.35024514570951
19045000 -7.3361956970926
19046000 -7.37395771442532
19047000 -7.36399118586733
19048000 -7.35095245370729
19049000 -7.36810622067854
19050000 -7.39591782513962
19051000 -7.35948519588299
19052000 -7.36456214319052
19053000 -7.35148976506499
19054000 -7.35721484652741
19055000 -7.37094791794068
19056000 -7.36173915949713
19057000 -7.36855344464112
19058000 -7.38472147130519
19059000 -7.38247993408118
19060000 -7.39481731182459
19061000 -7.4012880657286
19062000 -7.38157997535172
19063000 -7.39659265024496
19064000 -7.38514412549751
19065000 -7.37463558819709
19066000 -7.39787006637009
19067000 -7.36805488086789
19068000 -7.41061544867904
19069000 -7.38269188071611
19070000 -7.37001477702668
19071000 -7.36090509859253
19072000 -7.39475919988455
19073000 -7.36903838068467
19074000 -7.37929776069649
19075000 -7.38665729242855
19076000 -7.36785468405319
19077000 -7.40310014105921
19078000 -7.39876333534789
19079000 -7.37567790669789
19080000 -7.35520562672783
19081000 -7.37008721410103
19082000 -7.4206773835069
19083000 -7.37280907731295
19084000 -7.38346170095107
19085000 -7.38619089191645
19086000 -7.37931159906571
19087000 -7.38749523560405
19088000 -7.40256610740162
19089000 -7.36886575545041
19090000 -7.37690037381437
19091000 -7.37855057871094
19092000 -7.36448190558769
19093000 -7.38142264980736
19094000 -7.39088230097508
19095000 -7.38371553528288
19096000 -7.35976569910854
19097000 -7.37200270393155
19098000 -7.3689769788324
19099000 -7.39744415709206
19100000 -7.38867949583145
19101000 -7.35809259438194
19102000 -7.38936509778091
19103000 -7.37828225849672
19104000 -7.39809895065712
19105000 -7.38294911666439
19106000 -7.39965507254409
19107000 -7.40290406641761
19108000 -7.36515533504839
19109000 -7.36693781257864
19110000 -7.39624070881098
19111000 -7.37894355258223
19112000 -7.40359201066771
19113000 -7.40948720972755
19114000 -7.39025916607296
19115000 -7.36600280830388
19116000 -7.39232651265305
19117000 -7.37696791492379
19118000 -7.38149939725833
19119000 -7.38532795543919
19120000 -7.39852866337575
19121000 -7.38933771746645
19122000 -7.40376732141707
19123000 -7.39067248127817
19124000 -7.39956102033603
19125000 -7.4131220722115
19126000 -7.37812509250903
19127000 -7.36993922512376
19128000 -7.39056887905652
19129000 -7.39531090206566
19130000 -7.36692572238261
19131000 -7.39337808469593
19132000 -7.38013808991855
19133000 -7.37106175517027
19134000 -7.38752162980643
19135000 -7.39176508255255
19136000 -7.37804139107089
19137000 -7.37531136064035
19138000 -7.36271275991013
19139000 -7.39228997715518
19140000 -7.39843885739664
19141000 -7.38971643942227
19142000 -7.44220279803902
19143000 -7.39435671307213
19144000 -7.41104190977529
19145000 -7.40912633641538
19146000 -7.3663470986667
19147000 -7.39569320696077
19148000 -7.40324950300493
19149000 -7.36318681715789
19150000 -7.38434853188771
19151000 -7.39267620065224
19152000 -7.3954199954084
19153000 -7.38606961192973
19154000 -7.38950149719387
19155000 -7.36915968052576
19156000 -7.40754941763402
19157000 -7.41348418983246
19158000 -7.42544054788525
19159000 -7.40644128294633
19160000 -7.39581301545405
19161000 -7.36582799437969
19162000 -7.4122157596501
19163000 -7.40614780415381
19164000 -7.42411444921429
19165000 -7.43152424695511
19166000 -7.4089324151492
19167000 -7.41791382158324
19168000 -7.41220030104659
19169000 -7.4275799191112
19170000 -7.4144682922018
19171000 -7.40558636272655
19172000 -7.42665542945503
19173000 -7.40291096491075
19174000 -7.43103955830514
19175000 -7.40863266437608
19176000 -7.3768756634448
19177000 -7.41251474459852
19178000 -7.4377900113048
19179000 -7.40238108219927
19180000 -7.40196863424695
19181000 -7.43139124725665
19182000 -7.40544297441736
19183000 -7.41766586655252
19184000 -7.42774426989222
19185000 -7.37721826741861
19186000 -7.40066879189401
19187000 -7.39261152923994
19188000 -7.38782914965486
19189000 -7.4344830444301
19190000 -7.43195002283237
19191000 -7.43159027036226
19192000 -7.44358856914708
19193000 -7.41022848085246
19194000 -7.41193348732985
19195000 -7.39567380835593
19196000 -7.40368629118319
19197000 -7.4228898543934
19198000 -7.39833898843066
19199000 -7.40916389117068
19200000 -7.39548444881941
19201000 -7.4046905310602
19202000 -7.43376296749947
19203000 -7.42689579913081
19204000 -7.41808804685411
19205000 -7.45327547482596
19206000 -7.42659093979352
19207000 -7.43944460064197
19208000 -7.43049550460283
19209000 -7.41982896658895
19210000 -7.42879206309309
19211000 -7.44802327701131
19212000 -7.38834575220276
19213000 -7.43304319335216
19214000 -7.40073481257662
19215000 -7.37974293989879
19216000 -7.43654542802856
19217000 -7.40201532434748
19218000 -7.43409272291422
19219000 -7.42184962539856
19220000 -7.39759369481709
19221000 -7.39528605810629
19222000 -7.43449423472019
19223000 -7.37790608467422
19224000 -7.40393037867735
19225000 -7.41010398007751
19226000 -7.40536137898005
19227000 -7.47303829713446
19228000 -7.42551437721778
19229000 -7.41351901215501
19230000 -7.44479158194316
19231000 -7.38750043989266
19232000 -7.41962175906517
19233000 -7.41314238613286
19234000 -7.40105053647394
19235000 -7.44174951863236
19236000 -7.42628249800377
19237000 -7.43195055136231
19238000 -7.41295357420245
19239000 -7.42066617142504
19240000 -7.44994244554116
19241000 -7.42333337143634
19242000 -7.41357241519306
19243000 -7.41661175152168
19244000 -7.43944917217642
19245000 -7.41130912665007
19246000 -7.45797315098898
19247000 -7.41374332213363
19248000 -7.43586726144684
19249000 -7.45746253275338
19250000 -7.43600354253054
19251000 -7.45547918488019
19252000 -7.43755996695979
19253000 -7.42456042606723
19254000 -7.4088634235051
19255000 -7.42470962613652
19256000 -7.41472008214478
19257000 -7.4079158997462
19258000 -7.43579893431394
19259000 -7.43333514473684
19260000 -7.43653432636672
19261000 -7.44900047797696
19262000 -7.44062220381189
19263000 -7.41749081325802
19264000 -7.43790993241321
19265000 -7.44191539383509
19266000 -7.43841597219548
19267000 -7.41740646142328
19268000 -7.45781205260433
19269000 -7.47486798561889
19270000 -7.41226675381478
19271000 -7.4583619902808
19272000 -7.45613186250533
19273000 -7.43678392505305
19274000 -7.48884333866521
19275000 -7.44748338316485
19276000 -7.44722440126419
19277000 -7.4522390636664
19278000 -7.43173017865235
19279000 -7.45255231219355
19280000 -7.44151041223723
19281000 -7.44982720372357
19282000 -7.47763243030033
19283000 -7.44279301748695
19284000 -7.42834563359128
19285000 -7.44830639786378
19286000 -7.47736362189287
19287000 -7.46334900443346
19288000 -7.45137594759478
19289000 -7.43581582929818
19290000 -7.44189937972918
19291000 -7.45573855638483
19292000 -7.42682306248628
19293000 -7.45819241020019
19294000 -7.47554165331569
19295000 -7.45586262153041
19296000 -7.46528160235088
19297000 -7.44878330744503
19298000 -7.44690003072163
19299000 -7.4452342612595
19300000 -7.44051524285095
19301000 -7.43328193183792
19302000 -7.45977133997859
19303000 -7.46590147808737
19304000 -7.47269306082134
19305000 -7.43704627861944
19306000 -7.46125835138385
19307000 -7.47305448296811
19308000 -7.40896497403048
19309000 -7.45270919928393
19310000 -7.4628700132289
19311000 -7.42453462072266
19312000 -7.45748249537471
19313000 -7.45641515747929
19314000 -7.43560314296642
19315000 -7.46412900045326
19316000 -7.45310214109684
19317000 -7.46713368854009
19318000 -7.48487690298296
19319000 -7.46003794875136
19320000 -7.47085889253986
19321000 -7.48299458112934
19322000 -7.45857667109462
19323000 -7.46738683264996
19324000 -7.44332772654043
19325000 -7.43380084837734
19326000 -7.44078850235941
19327000 -7.47693561768591
19328000 -7.47075062668504
19329000 -7.45501624099854
19330000 -7.4474572956862
19331000 -7.48034263094429
19332000 -7.4474555843852
19333000 -7.45865974409001
19334000 -7.4563661999651
19335000 -7.44100501107329
19336000 -7.44986939247754
19337000 -7.4550177768711
19338000 -7.42534474386213
19339000 -7.47328456534582
19340000 -7.47635533478754
19341000 -7.45193967411219
19342000 -7.45795451338901
19343000 -7.48141064876373
19344000 -7.46483461056121
19345000 -7.47374004537763
19346000 -7.49635090086841
19347000 -7.47836379452299
19348000 -7.45161644367112
19349000 -7.47180352921655
19350000 -7.4496446075338
19351000 -7.46989904950025
19352000 -7.45910520117988
19353000 -7.46256749789365
19354000 -7.47011878127153
19355000 -7.48217971277116
19356000 -7.4569121680348
19357000 -7.47363858331576
19358000 -7.48784748890462
19359000 -7.49098642574804
19360000 -7.49433381672275
19361000 -7.49930813621496
19362000 -7.47544832841166
19363000 -7.47563005383381
19364000 -7.4967497116149
19365000 -7.49785156847876
19366000 -7.4803087498069
19367000 -7.46438531487915
19368000 -7.47992996267805
19369000 -7.46660080893727
19370000 -7.45076186239829
19371000 -7.4805846932922
19372000 -7.46570211770554
19373000 -7.44878926635121
19374000 -7.49346479318572
19375000 -7.50944066186445
19376000 -7.46968747159042
19377000 -7.51746460152549
19378000 -7.48942695238325
19379000 -7.48438541000274
19380000 -7.48655718873037
19381000 -7.47126763011485
19382000 -7.43603077506044
19383000 -7.51171655882934
19384000 -7.4915883151963
19385000 -7.46274738380659
19386000 -7.46913314159973
19387000 -7.49327916316798
19388000 -7.49058434519298
19389000 -7.50529303847957
19390000 -7.47762010076915
19391000 -7.4763964728561
19392000 -7.45281574566695
19393000 -7.49140445953315
19394000 -7.49204960311081
19395000 -7.48282768140585
19396000 -7.47902917838578
19397000 -7.44359382227937
19398000 -7.46696495841736
19399000 -7.48803453951169
19400000 -7.47807925129465
19401000 -7.47400525431259
19402000 -7.50188571397886
19403000 -7.47622551196292
19404000 -7.46464274474998
19405000 -7.49778332939328
19406000 -7.47627691293674
19407000 -7.49136088967644
19408000 -7.51690627204552
19409000 -7.44899355454015
19410000 -7.48589289458749
19411000 -7.50443983085193
19412000 -7.48341170470206
19413000 -7.49421907751167
19414000 -7.51324159658857
19415000 -7.50332766174927
19416000 -7.51247110193867
19417000 -7.48038635425005
19418000 -7.51038762711552
19419000 -7.50204444623181
19420000 -7.48985016861206
19421000 -7.49100057870537
19422000 -7.48285709645687
19423000 -7.47354115949775
19424000 -7.50106959216896
19425000 -7.48748576397538
19426000 -7.4633651251928
19427000 -7.5231825332691
19428000 -7.48931342921931
19429000 -7.49148448151315
19430000 -7.46285817250557
19431000 -7.47115224608902
19432000 -7.49425784360153
19433000 -7.45452146015448
19434000 -7.46849427728275
19435000 -7.52330720519404
19436000 -7.48477886734329
19437000 -7.46907248194227
19438000 -7.47745724623891
19439000 -7.45822277162297
19440000 -7.49325082879168
19441000 -7.48583833414409
19442000 -7.4884805207298
19443000 -7.52222640976046
19444000 -7.53229604870332
19445000 -7.49609138561728
19446000 -7.4712321960809
19447000 -7.5260320708884
19448000 -7.5110859911328
19449000 -7.55290017377259
19450000 -7.53573062616276
19451000 -7.50575272839486
19452000 -7.52162535832563
19453000 -7.52789388515377
19454000 -7.5079556033829
19455000 -7.53183364488567
19456000 -7.49179847302698
19457000 -7.49587658526698
19458000 -7.4934446341027
19459000 -7.48628104638811
19460000 -7.48354668047122
19461000 -7.51222633212006
19462000 -7.4964595778634
19463000 -7.50013603357287
19464000 -7.52171120407642
19465000 -7.49436806871362
19466000 -7.52180055122734
19467000 -7.54471721764598
19468000 -7.49870588067376
19469000 -7.49320588481229
19470000 -7.51268627951728
19471000 -7.49214438659011
19472000 -7.53482320087926
19473000 -7.5155219247905
19474000 -7.48601583520161
19475000 -7.4984937396495
19476000 -7.48386527295839
19477000 -7.52169918466433
19478000 -7.54589750060938
19479000 -7.53115085319138
19480000 -7.53657256687004
19481000 -7.52009294821329
19482000 -7.49518976377575
19483000 -7.53130274848416
19484000 -7.50860077789674
19485000 -7.49805618620051
19486000 -7.53631926229675
19487000 -7.51399535889544
19488000 -7.5255734172007
19489000 -7.54927012754866
19490000 -7.4919651238872
19491000 -7.51496886693181
19492000 -7.52692337884416
19493000 -7.50310262971831
19494000 -7.52935991420439
19495000 -7.52262204790872
19496000 -7.53515211194953
19497000 -7.52716506714958
19498000 -7.52469341212514
19499000 -7.55015820941366
19500000 -7.57256387305838
19501000 -7.5450061690048
19502000 -7.53950464050551
19503000 -7.56183734267598
19504000 -7.53927718210893
19505000 -7.5408107954708
19506000 -7.51964675344991
19507000 -7.52490651045116
19508000 -7.551543913621
19509000 -7.5211033625023
19510000 -7.50082602434863
19511000 -7.50819644592452
19512000 -7.52501376793529
19513000 -7.51391056362407
19514000 -7.54364786326218
19515000 -7.51432951899308
19516000 -7.53534207032189
19517000 -7.54631025334217
19518000 -7.50612598467598
19519000 -7.49754785405315
19520000 -7.53714167384611
19521000 -7.49902913211039
19522000 -7.53364675227429
19523000 -7.55423572431127
19524000 -7.52873262754137
19525000 -7.5297360537252
19526000 -7.52503877912306
19527000 -7.5080605309416
19528000 -7.53414545638175
19529000 -7.53602443985416
19530000 -7.49536738500387
19531000 -7.5397049712029
19532000 -7.5842430641954
19533000 -7.5566433078571
19534000 -7.5490922347263
19535000 -7.53724937693883
19536000 -7.50249294280433
19537000 -7.54218922075053
19538000 -7.49391411893853
19539000 -7.52525344149301
19540000 -7.57546735476849
19541000 -7.54007020892826
19542000 -7.50151502115291
19543000 -7.52937454558665
19544000 -7.51802826389705
19545000 -7.53431422816911
19546000 -7.54439827112938
19547000 -7.50424435613335
19548000 -7.55157160759325
19549000 -7.5401007069399
19550000 -7.52572408580857
19551000 -7.54843143400227
19552000 -7.54925688621322
19553000 -7.54325255407444
19554000 -7.57269253883979
19555000 -7.54976016119704
19556000 -7.53497370226767
19557000 -7.55549842777193
19558000 -7.5094789759339
19559000 -7.5353948047374
19560000 -7.60047201447534
19561000 -7.53909399184252
19562000 -7.56361271151509
19563000 -7.55830394599135
19564000 -7.52599072210795
19565000 -7.52797819271523
19566000 -7.57698264944964
19567000 -7.51810731120258
19568000 -7.56047260388172
19569000 -7.54960831245044
19570000 -7.50516524748799
19571000 -7.51704260096018
19572000 -7.55577729289938
19573000 -7.53442438672197
19574000 -7.57099273454798
19575000 -7.58325231834007
19576000 -7.52917493869691
19577000 -7.57105489114326
19578000 -7.53925024210834
19579000 -7.55420122051324
19580000 -7.58146870125364
19581000 -7.57543086337679
19582000 -7.54347469668648
19583000 -7.56053485247822
19584000 -7.55108705639309
19585000 -7.5085962137131
19586000 -7.57265611710944
19587000 -7.54184954403158
19588000 -7.5516833627493
19589000 -7.6044096632248
19590000 -7.59674137838221
19591000 -7.56526799139979
19592000 -7.57516935308543
19593000 -7.55681212384682
19594000 -7.53890802777572
19595000 -7.56698281819954
19596000 -7.53826271664638
19597000 -7.5377612955775
19598000 -7.58513814885655
19599000 -7.53887496149849
19600000 -7.53754893450303
19601000 -7.5778874018345
19602000 -7.54377982268367
19603000 -7.51837620574239
19604000 -7.55748309927182
19605000 -7.57372694384324
19606000 -7.5985504438511
19607000 -7.59942431274705
19608000 -7.58864866511931
19609000 -7.56802187661238
19610000 -7.58156234942774
19611000 -7.54321511860649
19612000 -7.55940750520421
19613000 -7.57039912881596
19614000 -7.5790045081481
19615000 -7.56167748789701
19616000 -7.56317910080591
19617000 -7.55249303640042
19618000 -7.5801905632877
19619000 -7.61342934558644
19620000 -7.56502960484622
19621000 -7.5700960055614
19622000 -7.56019450007299
19623000 -7.54015929738654
19624000 -7.59548421070975
19625000 -7.57644756322625
19626000 -7.58034832250998
19627000 -7.60466104691645
19628000 -7.55212812975279
19629000 -7.56803445051922
19630000 -7.58390831716673
19631000 -7.5583106035087
19632000 -7.56511966285575
19633000 -7.59190990576131
19634000 -7.55568881491314
19635000 -7.54208733501109
19636000 -7.57245381960679
19637000 -7.54562810439017
19638000 -7.57403499501647
19639000 -7.56583789526394
19640000 -7.55538742702054
19641000 -7.5754351734052
19642000 -7.59499270166967
19643000 -7.55829264061428
19644000 -7.5978181265431
19645000 -7.60489589885139
19646000 -7.57650210551033
19647000 -7.56740261340295
19648000 -7.54552427489603
19649000 -7.60415061929716
19650000 -7.57257484750557
19651000 -7.55614618456873
19652000 -7.57330330467195
19653000 -7.58982642363167
19654000 -7.56733135124788
19655000 -7.57832236047344
19656000 -7.60272887423683
19657000 -7.60251308919502
19658000 -7.5702117328008
19659000 -7.61835473771326
19660000 -7.58666561047298
19661000 -7.60027522084021
19662000 -7.59112523521125
19663000 -7.56519138918751
19664000 -7.61972820291121
19665000 -7.60406173919087
19666000 -7.58410538484231
19667000 -7.60798865448339
19668000 -7.56999599525906
19669000 -7.57965860623232
19670000 -7.57923855090931
19671000 -7.56439669077456
19672000 -7.56634566605928
19673000 -7.58985281019935
19674000 -7.57661487247161
19675000 -7.60762074635073
19676000 -7.59524647278398
19677000 -7.60344010577095
19678000 -7.61680322550678
19679000 -7.61014108162643
19680000 -7.60608749645721
19681000 -7.61314780286185
19682000 -7.57952154754809
19683000 -7.58141774027428
19684000 -7.60445681330239
19685000 -7.57470459954245
19686000 -7.58799046728389
19687000 -7.58753808101741
19688000 -7.57340286847306
19689000 -7.5712350518582
19690000 -7.59080991645045
19691000 -7.56858129795594
19692000 -7.59015688383079
19693000 -7.57435904076539
19694000 -7.60283649438632
19695000 -7.5971339363882
19696000 -7.58294496974207
19697000 -7.61469373732
19698000 -7.58827857710652
19699000 -7.59365328208532
19700000 -7.5979008945456
19701000 -7.59521564122945
19702000 -7.60544385581543
19703000 -7.61608253961999
19704000 -7.59906989777374
19705000 -7.58650602008579
19706000 -7.58578611182317
19707000 -7.58903946971957
19708000 -7.58813774998816
19709000 -7.61553086000975
19710000 -7.58764057255758
19711000 -7.60429802211372
19712000 -7.58212459526853
19713000 -7.58852645659467
19714000 -7.61586867157659
19715000 -7.6107497609437
19716000 -7.61040759078102
19717000 -7.58991177863995
19718000 -7.62215163740725
19719000 -7.62150050228691
19720000 -7.60085053178344
19721000 -7.60050715170084
19722000 -7.57712665154291
19723000 -7.60161554108846
19724000 -7.58727591724065
19725000 -7.58263282650544
19726000 -7.64407507069577
19727000 -7.62176261890611
19728000 -7.63595763641201
19729000 -7.62971037428414
19730000 -7.59622015654405
19731000 -7.57749594255931
19732000 -7.62472266679813
19733000 -7.5727397140045
19734000 -7.58170220345239
19735000 -7.62472537478976
19736000 -7.6153862069755
19737000 -7.60735351346871
19738000 -7.64451605198979
19739000 -7.60975613806132
19740000 -7.62378867188341
19741000 -7.6409344610017
19742000 -7.61014099885186
19743000 -7.58435348922381
19744000 -7.61682110880568
19745000 -7.62720850066047
19746000 -7.62820317516688
19747000 -7.631760516438
19748000 -7.62467654158678
19749000 -7.62368653156644
19750000 -7.59817291432724
19751000 -7.6070729913986
19752000 -7.64330371943115
19753000 -7.63410730280588
19754000 -7.59562945546926
19755000 -7.63386372743389
19756000 -7.60028715338818
19757000 -7.60028316258179
19758000 -7.6032152483292
19759000 -7.60042193891787
19760000 -7.59490256204471
19761000 -7.64696491822151
19762000 -7.58037636694629
19763000 -6.09509462277492
19764000 0.45825752863364
19765000 -0.169696348128243
19766000 0.081714217972947
19767000 0.129786852248048
19768000 0.04712366913495
19769000 -0.0692084890391398
19770000 -0.156163403946429
19771000 -0.00648688246248737
19772000 0.0913252994260111
19773000 -0.328071779779159
19774000 0.140688907784995
19775000 -0.0855037458269013
19776000 0.156660177338127
19777000 -0.164449172502546
19778000 0.146826977158104
19779000 -0.226579455274171
19780000 0.0965197851732158
19781000 -0.127626537086963
19782000 -0.0178925080036019
19783000 0.0379287442611791
19784000 -0.0462608525771814
19785000 -0.0642341259185656
19786000 0.139623729398543
19787000 -0.0612313893526654
19788000 0.0675623839988818
19789000 -0.000138302583670616
19790000 -0.104651382234346
19791000 0.0194278157795813
19792000 0.0458993883492715
19793000 -0.0259484805442885
19794000 -0.0292002358499663
19795000 -0.0100030062135284
19796000 -0.0656430116115269
19797000 0.0726069161287884
19798000 0.0105285768298722
19799000 -0.0900646479996794
19800000 0.0468128039940465
19801000 0.00539596617963293
19802000 -0.029925928138912
19803000 0.0175211519652319
19804000 -0.0356040241112739
19805000 0.0119414573280717
19806000 0.0195552035446524
19807000 -0.0190760948105588
19808000 0.0189551147065649
19809000 -0.0667610647611405
19810000 -0.0100342428408713
19811000 -0.0678529630691245
19812000 0.0139171500751915
19813000 -0.036149675304073
19814000 -0.0298825483399973
19815000 -0.0316212080023635
19816000 -0.0312777504043609
19817000 0.00423662093573014
19818000 -0.0333297180767234
19819000 -0.00769893393540781
19820000 -0.00630187870355282
19821000 -0.0100011127122696
19822000 -0.00664472060956685
19823000 0.00158690945753666
19824000 -0.063572786826135
19825000 0.00198871889202214
19826000 0.0151960431593286
19827000 -0.0380289020178685
19828000 -0.00488957017467683
19829000 0.00270446424048339
19830000 -0.0810935078546082
19831000 -0.0189951227710152
19832000 -0.0516089082358447
19833000 -0.0542505579979238
19834000 0.00836796339517752
19835000 -0.0288781050162085
19836000 0.00829004338945043
19837000 -0.0164531012874234
19838000 0.0331956684684765
19839000 -0.0363059566746076
19840000 -0.0376509577224657
19841000 -0.00868478874299473
19842000 0.0377005022497554
19843000 0.00217830165851328
19844000 -0.0637118206830114
19845000 0.0270417106783996
19846000 0.0813661042347773
19847000 -0.0531199639351989
19848000 0.123379987136783
19849000 -0.125287751512778
19850000 0.0508027401928338
19851000 0.0197297446466691
19852000 -0.0263040912934412
19853000 -0.11766464508067
19854000 0.112844152926741
19855000 -0.0474298963905474
19856000 -0.0164189907521644
19857000 -0.0345186377220851
19858000 0.00737998846229632
19859000 -0.0815540918101782
19860000 0.0446624161127671
19861000 -0.0725205421070526
19862000 -0.000255611150670805
19863000 -0.136308523416905
19864000 0.0509324284950046
19865000 -0.033245920862992
19866000 -0.0754948606514027
19867000 0.101545353798376
19868000 -0.0230632310401085
19869000 -0.00399946718812173
19870000 0.044497675064926
19871000 -0.000694066660113987
19872000 -0.0204062974348318
19873000 0.014335974837471
19874000 0.0274113565970876
19875000 0.0200706687841509
19876000 0.0403497316947029
19877000 -0.00182321955353719
19878000 0.000585487563732802
19879000 0.0132495439482951
19880000 0.0803548009426531
19881000 -0.00556329349710562
19882000 -0.022661866486837
19883000 -0.0744633700709236
19884000 0.0379327697554491
19885000 -0.0140088093995246
19886000 0.0505523006662727
19887000 -0.0775782367380558
19888000 0.0878898536497546
19889000 -0.0436154580565236
19890000 0.00902770840868253
19891000 -0.000622517433273937
19892000 0.0429445921915782
19893000 -0.0341255150346926
19894000 -0.0235567482176066
19895000 0.00930908951754234
19896000 0.0148341283502343
19897000 0.0416741379842048
19898000 -0.0318545103333099
19899000 0.0390072132043437
19900000 -0.01309085228763
19901000 -0.0136912099138324
19902000 0.0707804240562086
19903000 -0.0480671839760318
19904000 0.0597386982298667
19905000 0.00254148448486376
19906000 -0.0312113418776561
19907000 -0.00379173711490619
19908000 -0.0376294616076481
19909000 0.0288661480718884
19910000 -0.0166260226944358
19911000 -0.00722835330867428
19912000 -0.0346305063280507
19913000 -0.0132802560504127
19914000 0.0198409879980326
19915000 0.0152247896668395
19916000 0.0352520593213427
19917000 -0.0167270273639889
19918000 0.0182818812118672
19919000 -0.028134214639388
19920000 -0.0102312638250154
19921000 0.0529499618752661
19922000 -0.0433591716017878
19923000 0.000172539643456115
19924000 0.07539113165155
19925000 0.027723344911169
19926000 -0.0407142740766113
19927000 -0.0263342209607719
19928000 0.0459293943663888
19929000 -0.026459596958086
19930000 -0.00358737423966656
19931000 -0.0301302629248976
19932000 0.0348923101662438
19933000 -0.0194448744285223
19934000 0.0540836997704656
19935000 -0.0391866170441843
19936000 -0.0615508445196293
19937000 0.00625209386263081
19938000 0.00515745091922311
19939000 -0.0274438837176358
19940000 -0.00487414365781443
19941000 0.0324138126490235
19942000 0.0336552812572347
19943000 -0.0477344021270517
19944000 0.0632610181044424
19945000 -0.0496981383113225
19946000 -0.00214005435368781
19947000 0.000837135465924899
19948000 0.0108650475739461
19949000 0.00961018031834671
19950000 0.0210193450270984
19951000 0.00497454329889232
19952000 0.0160520155937858
19953000 0.0513960053175858
19954000 -0.138206524488241
19955000 0.00732974303268522
19956000 -0.0412816012717654
19957000 -0.00230256370993769
19958000 0.0123405628310417
19959000 0.0341817021186939
19960000 0.0104610369109552
19961000 0.0275023575160253
19962000 -0.00315709726818386
19963000 0.0690757424450881
19964000 -0.0202836558844323
19965000 0.0224074802865225
19966000 -0.0676339163635314
19967000 -0.00862116669079059
19968000 -0.0228125172597974
19969000 0.0567362541167147
19970000 -0.0814692332312948
19971000 0.0586131822682839
19972000 -0.0274743806388835
19973000 0.0587287017804486
19974000 -0.009090360370167
19975000 -0.0899206512677248
19976000 0.0485086042373553
19977000 -0.00274427062260223
19978000 0.0360106435940669
19979000 0.0254716061573623
19980000 -0.00225153303799745
19981000 0.0658621381642128
19982000 0.0473372142358093
19983000 -0.0665094226987075
19984000 0.0126546988985944
19985000 0.00287811511405978
19986000 0.00209415771792834
19987000 -0.0263583591649845
19988000 0.0655692102657071
19989000 -0.00186908282973003
19990000 0.0296264244827007
19991000 -0.0399183958414393
19992000 0.0494998785102108
19993000 0.0494574932411859
19994000 -0.00535000776321662
19995000 0.0192288218695253
19996000 -0.0345359163667169
19997000 0.023898175546906
19998000 -0.0666321939324268
19999000 0.057528388816516
20000000 0.0268125394446432
20001000 -0.0132698635578866
20002000 0.0638462492876455
20003000 0.0315083087097471
20004000 -0.0442775860514007
20005000 0.0984991076137791
20006000 -0.0668418908107489
20007000 -0.0117439886009168
20008000 0.0422305722762878
20009000 0.0775739100182582
20010000 -0.00811804012692042
20011000 -0.0308971951747473
20012000 0.0586751265164417
20013000 -0.0451941238948727
20014000 0.0646433907442201
20015000 -0.00231420479915507
20016000 -0.0174427468975462
20017000 0.107341716757113
20018000 -0.00925200442339123
20019000 0.0116258729689639
20020000 -0.0346737220514172
20021000 0.0220996305414512
20022000 -0.0312234156325115
20023000 0.0628448167574159
20024000 0.020882848096605
20025000 -0.065895717576349
20026000 0.0706337426673966
20027000 -0.0237785755015715
20028000 -0.00259666981306466
20029000 0.016645038319382
20030000 0.0115096392382537
20031000 0.0408776422178679
20032000 -0.0145295257178306
20033000 0.0206940479689638
20034000 0.0335828940410805
20035000 -0.0602263057125836
20036000 0.0228111486130677
20037000 -0.0682499644880235
20038000 0.0477724289197631
20039000 0.021210036670451
20040000 -0.0163658237516871
20041000 0.0449355548140029
20042000 -0.00211027268420247
20043000 0.00996885852401933
20044000 0.00664402243586324
20045000 0.0173742194909333
20046000 0.00111296015272298
20047000 0.000813898267225148
20048000 0.0494466148062894
20049000 0.026520970589386
20050000 0.0962513655279094
20051000 0.0339212523109252
20052000 0.0493294587779548
20053000 -0.00270435600064165
20054000 0.0607631876463536
20055000 0.037718407890396
20056000 0.0520574684204641
20057000 0.0596003631463151
20058000 0.0158749917251351
20059000 0.0184671958313696
20060000 -0.028266156767191
20061000 0.0329201861485363
20062000 0.0283112538766797
20063000 0.0558624219890585
20064000 0.0492490207102153
20065000 -0.0246591040087979
20066000 -0.0391212896645044
20067000 0.0991567413628855
20068000 0.00973042931372699
20069000 0.0558696940108978
20070000 -0.0332532161569411
20071000 -0.00639986830877975
20072000 0.0423754483389056
20073000 -0.000695893459775724
20074000 0.0334698822172866
20075000 -0.0169554282928674
20076000 0.029294441376364
20077000 0.0807910958768825
20078000 -0.00602645090659812
20079000 0.0323752281628064
20080000 0.0617109177979606
20081000 0.0302180914887583
20082000 0.0171343829937843
20083000 -0.00411714889291378
20084000 0.0871344168475301
20085000 0.0719862000848969
20086000 0.0595149988971911
20087000 0.0449743671424179
20088000 0.0508495483896346
20089000 0.0342204549510263
20090000 0.0768436253182992
20091000 0.0396664867278933
20092000 0.0482045052470795
20093000 0.0761158271278327
20094000 0.0898047572410568
20095000 0.0397176502018855
20096000 0.0720541833465553
20097000 0.082188847156383
20098000 0.107594659316699
20099000 0.0865755189970532
20100000 0.0365429520973687
20101000 0.129048413916545
20102000 0.0412968389993664
20103000 0.0517971201274167
20104000 0.128404144626087
20105000 0.00849078500802
20106000 0.0969360688528408
20107000 0.0171892193739217
20108000 0.0581653787271526
20109000 0.0821280523822369
20110000 0.0117446965650522
20111000 0.121835614910462
20112000 0.0666566179746207
20113000 0.00247076557827061
20114000 -0.0175995281994637
20115000 0.0611172968098308
20116000 0.0141352930560458
20117000 0.0527855752531143
20118000 0.0813556589597376
20119000 -0.0142989992233883
20120000 0.0711083740698296
20121000 0.00792410707393919
20122000 0.0544536353205497
20123000 0.0784878214949249
20124000 0.0994700120110229
20125000 0.0894897589921708
20126000 0.0268876739734384
20127000 0.105648398650136
20128000 0.102611552555215
20129000 0.00970552656672624
20130000 0.119389728694488
20131000 0.105212687940511
20132000 0.0718184474155089
20133000 0.136365910994547
20134000 0.149600546236754
20135000 0.0863016097931573
20136000 0.101684420314841
20137000 0.0847097130975568
20138000 0.12042323358715
20139000 0.127755398164403
20140000 0.0733829216157407
20141000 0.182054714601421
20142000 0.0676100121633555
20143000 0.102845290769504
20144000 0.171890685994245
20145000 0.120701076367173
20146000 0.111731865246659
20147000 0.117300931963443
20148000 0.0722951550268764
20149000 0.0928353625807421
20150000 0.0294904555224839
20151000 0.0940496044638894
20152000 0.108653550816822
20153000 0.0615560298273052
20154000 0.113229541430752
20155000 0.0929154200875311
20156000 0.0744834686661858
20157000 0.113392750374829
20158000 0.0414931864633958
20159000 0.0865458866738006
20160000 0.103348974561212
20161000 0.0684869749408581
20162000 0.0734883883859899
20163000 0.0491412863946477
20164000 0.110349675813118
20165000 0.0158577976603177
20166000 0.141108136889157
20167000 0.0740848559830835
20168000 0.00706217070117257
20169000 0.165906125999126
20170000 0.00828782068672364
20171000 0.134875621346512
20172000 0.0384110414303998
20173000 0.105559281988012
20174000 0.0180944808516209
20175000 0.0655102815886581
20176000 0.112627590071177
20177000 -0.00253901027532445
20178000 0.0545105422202624
20179000 0.072080483676789
20180000 -0.00182949031474239
20181000 0.120442211186901
20182000 0.0338635486091768
20183000 0.106640173512151
20184000 0.100835723265034
20185000 0.0747612665678764
20186000 0.110176888726522
20187000 0.151134035582764
20188000 0.112578464981527
20189000 0.0420348805556276
20190000 0.157586882823211
20191000 0.0280110244398559
20192000 0.102198266215142
20193000 0.0716053472608777
20194000 0.0896088619114753
20195000 0.138181841473553
20196000 0.0516904728702083
20197000 0.0822271666121221
20198000 0.0627688219444901
20199000 0.104264590004807
20200000 0.130940030235352
20201000 0.0877010715357036
20202000 0.166734309209635
20203000 0.0384724958004427
20204000 0.159249149110209
20205000 0.131934449875072
20206000 0.145188373501062
20207000 0.019396355603938
20208000 0.169369926694785
20209000 0.0396963510973847
20210000 0.182568141347215
20211000 0.0470697677765795
20212000 0.119497289606684
20213000 0.221837670492169
20214000 0.133459391555933
20215000 0.160476571980142
20216000 0.049784743931015
20217000 0.17772143928935
20218000 0.0753411809118089
20219000 0.0732622225507311
20220000 0.0983226734502635
20221000 0.0663913981961508
20222000 0.0773785736986136
20223000 0.131636919777169
20224000 0.145199688988664
20225000 0.0336301259475721
20226000 0.161754375984919
20227000 0.170278291791431
20228000 0.290579487529415
20229000 0.242749676003304
20230000 0.256658595474511
20231000 0.274425375730883
20232000 0.283951727920724
20233000 0.220410693586764
20234000 0.272860828235623
20235000 0.212696225533185
20236000 0.374182019187965
20237000 0.314422679768107
20238000 0.333180959714056
20239000 0.408221933274899
20240000 0.370501826104506
20241000 0.338134646637433
20242000 0.406475239749495
20243000 0.348393135300914
20244000 0.350741913942777
20245000 0.299731566077175
20246000 0.428189660359477
20247000 0.374455453279622
20248000 0.395782079267671
20249000 0.29788839450644
20250000 0.379027433117335
20251000 0.403130838672441
20252000 0.357102153169641
20253000 0.439351776819442
20254000 0.379291713034273
20255000 0.426874786490495
20256000 0.299203456118857
20257000 0.41653786435452
20258000 0.356754118395043
20259000 0.413780957943474
20260000 0.31501361697429
20261000 0.316975263814253
20262000 0.388809585225434
20263000 0.33011355564046
20264000 0.355582334747587
20265000 0.359512307357908
20266000 0.396564238920287
20267000 0.340745901721979
20268000 0.33714269070934
20269000 0.291573767029285
20270000 0.42908104604178
20271000 0.433747326967056
20272000 0.371412604465599
20273000 0.519781373201024
20274000 0.345751265323678
20275000 0.344927123822125
20276000 0.404311517549881
20277000 0.447390901498972
20278000 0.44230007371379
20279000 0.425862228062728
20280000 0.4329196260893
20281000 0.387602056644772
20282000 0.442697737537813
20283000 0.392701982209952
20284000 0.356410222125572
20285000 0.3769707137783
20286000 0.396937664934868
20287000 0.397503009517906
20288000 0.403206346321299
20289000 0.367116705536976
20290000 0.350292282808345
20291000 0.396828421747966
20292000 0.386837722599241
20293000 0.341044733653865
20294000 0.404115389713676
20295000 0.402018359842545
20296000 0.39550071208501
20297000 0.427543936906564
20298000 0.448418086976436
20299000 0.346279980835913
20300000 0.380293965748569
20301000 0.46685254335232
20302000 0.425045313721664
20303000 0.369050052852992
20304000 0.466797384703358
20305000 0.352185990449159
20306000 0.326287342070121
20307000 0.407462339934118
20308000 0.426856119376446
20309000 0.380852138445096
20310000 0.43291118865746
20311000 0.422239620217296
20312000 0.406795685898203
20313000 0.454521432893373
20314000 0.391796914774376
20315000 0.342739485866755
20316000 0.438533434440822
20317000 0.417346105870946
20318000 0.411593255592057
20319000 0.378797901820166
20320000 0.370459461294692
20321000 0.433205505747875
20322000 0.377297684969258
20323000 0.366251495730667
20324000 0.478671979969843
20325000 0.380307343432033
20326000 0.393683926512268
20327000 0.366161713211379
20328000 0.367594567765678
20329000 0.374471608694574
20330000 0.286987688373602
20331000 0.428981237663739
20332000 0.356066903122187
20333000 0.381405503655413
20334000 0.37472644906641
20335000 0.400189770875252
20336000 0.405706192029678
20337000 0.319473180102106
20338000 0.383713713136648
20339000 0.339615700268365
20340000 0.373814928861137
20341000 0.363233021977694
20342000 0.40742846884827
20343000 0.423757752611042
20344000 0.376543974736716
20345000 0.318861182170956
20346000 0.350190794582455
20347000 0.400678476906725
20348000 0.373126869202445
20349000 0.378584699790051
20350000 0.363571522046102
20351000 0.416344657215896
20352000 0.351858041606984
20353000 0.431815708375336
20354000 0.390143895564015
20355000 0.44205188860498
20356000 0.402058788766516
20357000 0.447039546425289
20358000 0.361291528773919
20359000 0.410678874341628
20360000 0.369821142843165
20361000 0.383772511548503
20362000 0.381442118777451
20363000 0.430222945490615
20364000 0.39290827775205
20365000 0.374328256651743
20366000 0.428730477795009
20367000 0.332473693797111
20368000 0.381372924808124
20369000 0.351932568930437
20370000 0.427554714850184
20371000 0.389102231239366
20372000 0.415881203350213
20373000 0.345361759542556
20374000 0.315061289703428
20375000 0.383305146524923
20376000 0.339541896268052
20377000 0.444205656400133
20378000 0.387869849487676
20379000 0.358261326745355
20380000 0.431788784322769
20381000 0.336615401956808
20382000 0.43025694715381
20383000 0.337386795113447
20384000 0.423680046865647
20385000 0.425355428007178
20386000 0.392571399436784
20387000 0.458780009077858
20388000 0.368437625573079
20389000 0.397254815713554
20390000 0.359515916933216
20391000 0.385069785010934
20392000 0.391464483292565
20393000 0.335057014505856
20394000 0.304487176582562
20395000 0.419429168631505
20396000 0.303103097123993
20397000 0.390878749071882
20398000 0.368595306235401
20399000 0.362200402260952
20400000 0.397115532106056
20401000 0.356182488627162
20402000 0.416843460681107
20403000 0.425095400100768
20404000 0.332695186135051
20405000 0.403392499998943
20406000 0.395070610392761
20407000 0.323839074057938
20408000 0.409380363730795
20409000 0.362822489845487
20410000 0.383470879528515
20411000 0.361777302677263
20412000 0.40974817837338
20413000 0.306972242199479
20414000 0.384662874791247
20415000 0.347613859616082
20416000 0.48709978603697
20417000 0.417523205852386
20418000 0.399622352595667
20419000 0.387528249008082
20420000 0.444683896996152
20421000 0.401780622871707
20422000 0.390655462271471
20423000 0.398783483722435
20424000 0.326445759359661
20425000 0.450804336456137
20426000 0.314282511321207
20427000 0.441736909996891
20428000 0.332735209157131
20429000 0.422794389553783
20430000 0.424827858773665
20431000 0.388439268300316
20432000 0.475449356878923
20433000 0.447657555201918
20434000 0.440497868326444
20435000 0.447590696348412
20436000 0.382297049738217
20437000 0.458441221182703
20438000 0.445491375706423
20439000 0.442941977866113
20440000 0.397527455594599
20441000 0.468154806243963
20442000 0.510648442284811
20443000 0.399375003310773
20444000 0.553074646751032
20445000 0.453211813634805
20446000 0.527242139164714
20447000 0.424206013862703
20448000 0.509761642305946
20449000 0.438351414733301
20450000 0.473300006373671
20451000 0.460573171700137
20452000 0.506432210193981
20453000 0.519676208635673
20454000 0.494089479724939
20455000 0.469085418123573
20456000 0.481465252962787
20457000 0.499871376297567
20458000 0.51492317053499
20459000 0.471538446846821
20460000 0.487073930632666
20461000 0.481277509089681
20462000 0.419368004109814
20463000 0.608068106800347
20464000 0.432012877957514
20465000 0.468760363131148
20466000 0.468794871889563
20467000 0.435335637983543
20468000 0.492543295909095
20469000 0.454115612717886
20470000 0.464658027226538
20471000 0.565162290047496
20472000 0.416980900291327
20473000 0.537929623584444
20474000 0.449014643198624
20475000 0.530622741258589
20476000 0.539100367551814
20477000 0.421878259498232
20478000 0.586784368989483
20479000 0.455588241078988
20480000 0.495957746966323
20481000 0.516802488877139
20482000 0.48090490100285
20483000 0.473453056838952
20484000 0.432601491480825
20485000 0.516884644659883
20486000 0.473653008984771
20487000 0.434895857865961
20488000 0.507571389096718
20489000 0.465616314519425
20490000 0.476163401272945
20491000 0.533010134865803
20492000 0.487678067406001
20493000 0.498547257023251
20494000 0.471351750472507
20495000 0.501785185848354
20496000 0.444323696977056
20497000 0.491422585311382
20498000 0.44175225266772
20499000 0.439257452346897
20500000 0.482335938798309
20501000 0.433106582093554
20502000 0.442838718406253
20503000 0.509255086434225
20504000 0.43639159223332
20505000 0.43376943549648
20506000 0.441287890952325
20507000 0.434984634956356
20508000 0.521835661430905
20509000 0.481184779675869
20510000 0.480144285231541
20511000 0.474321672986953
20512000 0.397627977096553
20513000 0.519387306891632
20514000 0.507289591199773
20515000 0.376657853907162
20516000 0.487233790314721
20517000 0.476187353608871
20518000 0.511577755752839
20519000 0.448401175403148
20520000 0.492399429100247
20521000 0.466336153937388
20522000 0.472629774754843
20523000 0.425989000931458
20524000 0.405869805147557
20525000 0.480721226978237
20526000 0.491507717654099
20527000 0.538373672848002
20528000 0.451574759314387
20529000 0.422226547670561
20530000 0.387865423787038
20531000 0.47896038940552
20532000 0.434625899659928
20533000 0.459346421799677
20534000 0.44703839268473
20535000 0.531446487988085
20536000 0.527134338096032
20537000 0.443865273921369
20538000 0.476087986110274
20539000 0.488047913359901
20540000 0.420990750016189
20541000 0.502157927423161
20542000 0.453916805521227
20543000 0.517338213912464
20544000 0.426417580664004
20545000 0.462088856627065
20546000 0.434496791018101
20547000 0.480573211352427
20548000 0.434238415884138
20549000 0.469281906186089
20550000 0.479251591725979
20551000 0.407927439399293
20552000 0.434730481160818
20553000 0.442084952568103
20554000 0.476863157456302
20555000 0.448934626244466
20556000 0.498656483216799
20557000 0.460842331286765
20558000 0.562677549212961
20559000 0.42316045500135
20560000 0.476190821114231
20561000 0.410644826371886
20562000 0.498601314956234
20563000 0.479728544984943
20564000 0.482146151830668
20565000 0.422298669045638
20566000 0.436813068283181
20567000 0.473839826090132
20568000 0.384302817824153
20569000 0.471358842661166
20570000 0.575661257467095
20571000 0.491492739883802
20572000 0.444017005688362
20573000 0.483767927263557
20574000 0.433713827049051
20575000 0.496818418626167
20576000 0.495558884946968
20577000 0.502475553331325
20578000 0.473121398508261
20579000 0.452784387978606
20580000 0.454488447703922
20581000 0.424162550986476
20582000 0.488142986686081
20583000 0.551875841993171
20584000 0.429528258857383
20585000 0.46448667849346
20586000 0.437373725739033
20587000 0.523877074601424
20588000 0.419821338232728
20589000 0.540828366810002
20590000 0.417158686968458
20591000 0.42439983356767
20592000 0.475553712795406
20593000 0.413574610824454
20594000 0.435875836824674
20595000 0.46160180104286
20596000 0.495049488457519
20597000 0.487602942691696
20598000 0.440511874149492
20599000 0.401209760880705
20600000 0.472390497667857
20601000 0.473918307924679
20602000 0.541412743216754
20603000 0.407562089194871
20604000 0.505183058489602
20605000 0.376483329267695
20606000 0.460150781154341
20607000 0.465992420658804
20608000 0.39167110891267
20609000 0.448168258216637
20610000 0.479573342802871
20611000 0.380022785517856
20612000 0.448274079325529
20613000 0.44463443774873
20614000 0.450812580258287
20615000 0.462402026899692
20616000 0.496111236457467
20617000 0.488256872657374
20618000 0.412263417781214
20619000 0.456744651340202
20620000 0.393241482051112
20621000 0.506732197328009
20622000 0.370217548816954
20623000 0.453130338605179
20624000 0.402759425677271
20625000 0.398597588054736
20626000 0.460939117579432
20627000 0.458910304772056
20628000 0.422350037384238
20629000 0.511420359454924
20630000 0.379522793356884
20631000 0.463326944243522
20632000 0.422233318926147
20633000 0.435103165462654
20634000 0.484821953496391
20635000 0.404706113452076
20636000 0.419318472313096
20637000 0.432316366313223
20638000 0.45366295893018
20639000 0.45495938536982
20640000 0.476235084202922
20641000 0.422286614297096
20642000 0.470236802413043
20643000 0.371797794636903
20644000 0.440332614854109
20645000 0.472290293334501
20646000 0.454136727393558
20647000 0.443232367234072
20648000 0.442824576629777
20649000 0.413932606070071
20650000 0.427968789852635
20651000 0.379241579931193
20652000 0.4736759808942
20653000 0.450232705895344
20654000 0.453559398489355
20655000 0.462493407648424
20656000 0.340712095408127
20657000 0.407306944070662
20658000 0.270837084626684
20659000 0.447474603072753
20660000 0.382594386069245
20661000 0.379958490983942
20662000 0.449474293765399
20663000 0.444080092554617
20664000 0.468078321126711
20665000 0.438929050128935
20666000 0.348565543581533
20667000 0.423079043046539
20668000 0.420690381792229
20669000 0.413351209639004
20670000 0.444283021686256
20671000 0.477032422394214
20672000 0.522763579237846
20673000 0.448997655355558
20674000 0.424310195576545
20675000 0.418633020780343
20676000 0.448549735445267
20677000 0.399795442803887
20678000 0.433746978288135
20679000 0.453455293068675
20680000 0.375289092743599
20681000 0.395315626111203
20682000 0.438168812066204
20683000 0.458495462628134
20684000 0.462454481982757
20685000 0.444838638743601
20686000 0.444244886465769
20687000 0.376856928528625
20688000 0.409063907225487
20689000 0.364297921039014
20690000 0.502940709735589
20691000 0.467419387208478
20692000 0.427774985372688
20693000 0.508772095336211
20694000 0.474566072831523
20695000 0.488172362335769
20696000 0.397929784648882
20697000 0.401374390387773
20698000 0.417347795318332
20699000 0.385490457547426
20700000 0.424310436737884
20701000 0.489658476745208
20702000 0.420811358747467
20703000 0.406648332787169
20704000 0.479429327173896
20705000 0.424432997651218
20706000 0.362737733263597
20707000 0.390371592876985
20708000 0.431898774664172
20709000 0.416023993306287
20710000 0.395999523065353
20711000 0.480274921142024
20712000 0.431723577346027
20713000 0.45144808878214
20714000 0.384121859207186
20715000 0.343246396076796
20716000 0.558172999858524
20717000 0.344902906668308
20718000 0.412245860930003
20719000 0.424508633501407
20720000 0.362919712207474
20721000 0.470625924719476
20722000 0.385972174826064
20723000 0.384190769838311
20724000 0.416673205119986
20725000 0.389577428126386
20726000 0.45382418707362
20727000 0.494238891883595
20728000 0.4785106140372
20729000 0.44279800898372
20730000 0.412120887441436
20731000 0.470993650598294
20732000 0.454655449819515
20733000 0.422218503579095
20734000 0.436445642945329
20735000 0.465986539132245
20736000 0.388127345072562
20737000 0.471545706549809
20738000 0.522543358605088
20739000 0.379856783171657
20740000 0.464261377747519
20741000 0.45809106212224
20742000 0.423839328328199
20743000 0.46292303816346
20744000 0.473687626126333
20745000 0.385567636149498
20746000 0.360785367473551
20747000 0.48023794967102
20748000 0.416239104608414
20749000 0.446166685604456
20750000 0.464544385974383
20751000 0.425668057075214
20752000 0.493352653994388
20753000 0.377192119467718
20754000 0.504689067996053
20755000 0.425382003422942
20756000 0.397342039180415
20757000 0.443459500945317
20758000 0.439701528975331
20759000 0.450926342126325
20760000 0.446198741336516
20761000 0.412658746125994
20762000 0.525033975927798
20763000 0.417164288011219
20764000 0.506885629901388
20765000 0.405307454602155
20766000 0.453091690677168
20767000 0.478020046685983
20768000 0.483959059012558
20769000 0.428097045620037
20770000 0.492295391353788
20771000 0.479289496280402
20772000 0.476578845544846
20773000 0.525600977575137
20774000 0.432311477979199
20775000 0.407042422923722
20776000 0.414958877601051
20777000 0.430231359857807
20778000 0.445347018498654
20779000 0.42410870265973
20780000 0.445924428375611
20781000 0.413886689219266
20782000 0.443093063395844
20783000 0.42589517919416
20784000 0.440193655003665
20785000 0.464062848328483
20786000 0.444232573936797
20787000 0.445136187889328
20788000 0.507912082374637
20789000 0.490851299244174
20790000 0.438164928148631
20791000 0.509189234064244
20792000 0.450771629857923
20793000 0.467933566356876
20794000 0.404512661403472
20795000 0.452474127290055
20796000 0.465440310906864
20797000 0.549189738758386
20798000 0.425186781671772
20799000 0.414162081729815
20800000 0.467688638019108
20801000 0.439020315713233
20802000 0.378881264686013
20803000 0.468156210454125
20804000 0.386984976005346
20805000 0.518192542631812
20806000 0.433843663472198
20807000 0.395127649477127
20808000 0.472067990027393
20809000 0.399054298298567
20810000 0.387808686873216
20811000 0.403086151678617
20812000 0.391202861788543
20813000 0.431478397054395
20814000 0.404873789480678
20815000 0.348032283749797
20816000 0.480273302452839
20817000 0.307715781969728
20818000 0.419701333029853
20819000 0.372314063457237
20820000 0.354573933408643
20821000 0.459739600103983
20822000 0.387101523032525
20823000 0.407043136023462
20824000 0.409678348527297
20825000 0.382699036188521
20826000 0.376814546748428
20827000 0.420830607248145
20828000 0.398594906104936
20829000 0.468001028955245
20830000 0.449543253824282
20831000 0.348253357974525
20832000 0.492790486438128
20833000 0.305850919304452
20834000 0.477720896976229
20835000 0.436914931254723
20836000 0.361811353202723
20837000 0.453776760564835
20838000 0.451284069276475
20839000 0.480086374737474
20840000 0.442126585247424
20841000 0.415881713543951
20842000 0.425022781233017
20843000 0.348414479790011
20844000 0.440592266081131
20845000 0.3729700537962
20846000 0.4591045937356
20847000 0.443507300351211
20848000 0.37036905221637
20849000 0.387439624279828
20850000 0.457255563134995
20851000 0.342391292965869
20852000 0.404438157280317
20853000 0.434502341558076
20854000 0.395376348028232
20855000 0.424700767605541
20856000 0.405386536367823
20857000 0.352233640497053
20858000 0.390647155584419
20859000 0.428930385806455
20860000 0.409242987628764
20861000 0.475833273891087
20862000 0.310332971473059
20863000 0.479432178468216
20864000 0.446180205636349
20865000 0.356864905950968
20866000 0.455158999048732
20867000 0.421337017217406
20868000 0.45220153379167
20869000 0.349481697452685
20870000 0.440020006298925
20871000 0.391874306551138
20872000 0.389751252953708
20873000 0.383375872642144
20874000 0.349957563274564
20875000 0.429744889680901
20876000 0.359995691170157
20877000 0.374759460386775
20878000 0.406839737737498
20879000 0.355496947663374
20880000 0.391913757634776
20881000 0.437319157250636
20882000 0.351233792298267
20883000 0.417781177182623
20884000 0.370392589195095
20885000 0.432136736168894
20886000 0.35897061300627
20887000 0.369252248995301
20888000 0.423704465644651
20889000 0.34000499601226
20890000 0.430539327826112
20891000 0.374272495993982
20892000 0.355129340214574
20893000 0.406644822874642
20894000 0.347510423824564
20895000 0.394265089175173
20896000 0.358891354441852
20897000 0.374868496440448
20898000 0.37147550056758
20899000 0.338886579964892
20900000 0.394228241551833
20901000 0.334001038090961
20902000 0.32323788015756
20903000 0.344201464168561
20904000 0.312104749099142
20905000 0.32930566117744
20906000 0.329627501567099
20907000 0.407579644351745
20908000 0.336764214620376
20909000 0.405383603142867
20910000 0.364372488673095
20911000 0.368903582034257
20912000 0.376486805632228
20913000 0.348532846083488
20914000 0.376151285752689
20915000 0.329605024595058
20916000 0.337690230200123
20917000 0.341303914625844
20918000 0.396215494800745
20919000 0.367728981386784
20920000 0.293276188236318
20921000 0.391029634225861
20922000 0.263103671697507
20923000 0.304165112119082
20924000 0.389595911688268
20925000 0.297734025908518
20926000 0.410641832015782
20927000 0.35473846680778
20928000 0.263316071928872
20929000 0.341750088292841
20930000 0.301303425172564
20931000 0.361155508306613
20932000 0.296590791417872
20933000 0.39272835096909
20934000 0.374690310669431
20935000 0.306783986768572
20936000 0.239347278454097
20937000 0.311653481940218
20938000 0.262039558495794
20939000 0.27335244921617
20940000 0.253697977478854
20941000 0.299077779069871
20942000 0.250867610997516
20943000 0.380623404069738
20944000 0.330045819603259
20945000 0.270147698859178
20946000 0.339545511766082
20947000 0.286527991644822
20948000 0.366806940495331
20949000 0.314446379438107
20950000 0.275204190288212
20951000 0.282025733974868
20952000 0.336172924644062
20953000 0.331578264291363
20954000 0.277066054081771
20955000 0.268891769623708
20956000 0.248111374553669
20957000 0.273431218614859
20958000 0.312404395649407
20959000 0.292169121883636
20960000 0.222544523599075
20961000 0.244561245067186
20962000 0.308180359510962
20963000 0.346392307949424
20964000 0.303929791479988
20965000 0.369867973221729
20966000 0.293334821115456
20967000 0.244359799602651
20968000 0.331212301770081
20969000 0.342569683224192
20970000 0.304510690215381
20971000 0.271225479045402
20972000 0.284802765852417
20973000 0.420317743716006
20974000 0.347844367756458
20975000 0.290947234072198
20976000 0.319247052365784
20977000 0.342752809116429
20978000 0.258595908627095
20979000 0.302606169472293
20980000 0.309428118167579
20981000 0.259497833827991
20982000 0.360248865594369
20983000 0.313011936258519
20984000 0.254667335767856
20985000 0.234801788470801
20986000 0.324065216116954
20987000 0.293334228917824
20988000 0.279239568981711
20989000 0.244423459817686
20990000 0.358990812894337
20991000 0.243154286576941
20992000 0.334780081153733
20993000 0.282253704421938
20994000 0.39741379575451
20995000 0.213458135632972
20996000 0.287991979183327
20997000 0.298545513005141
20998000 0.273333569615714
20999000 0.313008168003264
21000000 0.251310043848177
21001000 0.306887186514436
21002000 0.265104433954457
21003000 0.300185893977561
21004000 0.348251503539042
21005000 0.327980142152388
21006000 0.311651587852023
21007000 0.307199582880188
21008000 0.317980003540177
21009000 0.280562510112928
21010000 0.291720545322576
21011000 0.255102266930208
21012000 0.358317366803921
21013000 0.241129956586769
21014000 0.303785424808589
21015000 0.344008971937111
21016000 0.325950610469493
21017000 0.270201292103692
21018000 0.309646338555587
21019000 0.220319417949314
21020000 0.305992389046923
21021000 0.261581109963919
21022000 0.370408502654318
21023000 0.29590251150051
21024000 0.342313245022618
21025000 0.315715608521362
21026000 0.270278982646645
21027000 0.272459263207104
21028000 0.294415353811513
21029000 0.393342730561148
21030000 0.317736243452286
21031000 0.285515082280013
21032000 0.395513640917018
21033000 0.319428904312793
21034000 0.305477211573524
21035000 0.310936842790863
21036000 0.256056983049971
21037000 0.299810209627969
21038000 0.232838173650516
21039000 0.298550470664103
21040000 0.318488891662081
21041000 0.233371803609928
21042000 0.331882623512113
21043000 0.278134552056853
21044000 0.343138958527428
21045000 0.330378875032837
21046000 0.240101627183256
21047000 0.328603827984086
21048000 0.207608904691936
21049000 0.238106341986511
21050000 0.323208943037288
21051000 0.271919430164234
21052000 0.300634735534557
21053000 0.285351653230786
21054000 0.255361775785015
21055000 0.351370158365396
21056000 0.235641013543141
21057000 0.312887453243673
21058000 0.269126850300684
21059000 0.276492310567237
21060000 0.275282844864763
21061000 0.319956780396001
21062000 0.335934584765202
21063000 0.323404323505311
21064000 0.283069305546613
21065000 0.346481660324003
21066000 0.326590812555314
21067000 0.39189253312421
21068000 0.315699740660096
21069000 0.391743854219559
21070000 0.341644251026627
21071000 0.268478543167438
21072000 0.307053494736852
21073000 0.395715324633837
21074000 0.351207671564831
21075000 0.33454522476932
21076000 0.455683815485047
21077000 0.435905156262523
21078000 0.407792563660583
21079000 0.423522628355392
21080000 0.364908714354601
21081000 0.422804114449067
21082000 0.510741110777917
21083000 0.380258558801368
21084000 0.44545540869374
21085000 0.452378066280973
21086000 0.381259103207489
21087000 0.436503078705265
21088000 0.430326549043088
21089000 0.445120609211417
21090000 0.412714706630133
21091000 0.427646924228846
21092000 0.535048754158136
21093000 0.458554866336396
21094000 0.420168018577077
21095000 0.369211141064938
21096000 0.460665135259777
21097000 0.411016125918422
21098000 0.430040621967873
21099000 0.495226486101526
21100000 0.483789112121501
21101000 0.410454013381651
21102000 0.458597413413824
21103000 0.384277352383679
21104000 0.513215108828627
21105000 0.431827292749719
21106000 0.398827254262634
21107000 0.405619832764915
21108000 0.447854513630865
21109000 0.447461597935456
21110000 0.438945687684508
21111000 0.374334661654805
21112000 0.396410254301187
21113000 0.405073784578036
21114000 0.42972130606843
21115000 0.412931506279336
21116000 0.437514944516724
21117000 0.40448285116055
21118000 0.410272965435975
21119000 0.379406013012468
21120000 0.384277236980529
21121000 0.471208835620627
21122000 0.366355918293366
21123000 0.338988838487195
21124000 0.41715666325076
21125000 0.432451075618175
21126000 0.431196527460289
21127000 0.389383104807623
21128000 0.417577967559127
21129000 0.29460606483426
21130000 0.394366108380025
21131000 0.382570836517883
21132000 0.336361888157173
21133000 0.391497056541599
21134000 0.369624944718426
21135000 0.406273367397749
21136000 0.351834230499375
21137000 0.363271288374337
21138000 0.379391752320278
21139000 0.423041835011785
21140000 0.393269723705808
21141000 0.448261135313509
21142000 0.392106137226825
21143000 0.387123201077622
21144000 0.350224768813771
21145000 0.400334980779996
21146000 0.472183883566713
21147000 0.449933571525376
21148000 0.430369602682031
21149000 0.336820703710565
21150000 0.410959632015123
21151000 0.379221265813063
21152000 0.387125782145704
21153000 0.43589266535773
21154000 0.421763783380215
21155000 0.35269350148364
21156000 0.463672759596869
21157000 0.392325922089733
21158000 0.347612370269143
21159000 0.443278886181162
21160000 0.359183718336772
21161000 0.390069600787296
21162000 0.354587051072891
21163000 0.41263457829418
21164000 0.357818365559919
21165000 0.345891129780254
21166000 0.347489900239446
21167000 0.342918946502048
21168000 0.431282959316164
21169000 0.324855479610594
21170000 0.41535876213368
21171000 0.320402224783883
21172000 0.46271349547902
21173000 0.391257026102717
21174000 0.536577366727734
21175000 0.431088822637039
21176000 0.42337979686323
21177000 0.461747887515411
21178000 0.469980545083967
21179000 0.462528343437076
21180000 0.514661518792121
21181000 0.575118851002521
21182000 0.442810932433888
21183000 0.525051251441915
21184000 0.469250991509459
21185000 0.577569495707164
21186000 0.461798887448711
21187000 0.529783053268116
21188000 0.403740645405041
21189000 0.452453392018154
21190000 0.493160556906342
21191000 0.501213479857772
21192000 0.435170572982944
21193000 0.565519779485282
21194000 0.506436222491216
21195000 0.488607358220477
21196000 0.543264460827687
21197000 0.542272560670481
21198000 0.551723951053231
21199000 0.471353975979205
21200000 0.502734403840773
21201000 0.401662467195232
21202000 0.538871497014734
21203000 0.435299433182371
21204000 0.344385708237496
21205000 0.472156781457778
21206000 0.562863767026115
21207000 0.393303848410427
21208000 0.471231169888707
21209000 0.396554719472785
21210000 0.411607216534346
21211000 0.454521478231168
21212000 0.48993519837309
21213000 0.497538874656658
21214000 0.442547636394062
21215000 0.530209100971098
21216000 0.47450516380102
21217000 0.518329374962431
21218000 0.494439020780442
21219000 0.485861324893873
21220000 0.478271590302197
21221000 0.442702364651141
21222000 0.47323324235021
21223000 0.465019149647433
21224000 0.413602718919186
21225000 0.456237257812111
21226000 0.477736633731194
21227000 0.441529843523738
21228000 0.435688981667192
21229000 0.57734461744069
21230000 0.445797929788467
21231000 0.444738795165909
21232000 0.474314168573395
21233000 0.57498751640827
21234000 0.472841804445162
21235000 0.483874912496356
21236000 0.50946432089022
21237000 0.483302982032777
21238000 0.512831401524455
21239000 0.489251180107571
21240000 0.537910460272925
21241000 0.470061320506015
21242000 0.536455976026719
21243000 0.460013336286653
21244000 0.504122426977365
21245000 0.481025558948051
21246000 0.47019982792809
21247000 0.443672386208468
21248000 0.500095642705934
21249000 0.463747766007207
21250000 0.526480380385679
21251000 0.477050539084364
21252000 0.418339206773765
21253000 0.434867689245467
21254000 0.5273269451241
21255000 0.401377829558314
21256000 0.514034354683007
21257000 0.437519393986393
21258000 0.377891060796214
21259000 0.496563022146053
21260000 0.557256405693332
21261000 0.503875973145015
21262000 0.449996605952588
21263000 0.452031788241282
21264000 0.479336809639141
21265000 0.432373536927078
21266000 0.434824541158429
21267000 0.552927702455025
21268000 0.473958588312097
21269000 0.440645115778521
21270000 0.467140528490148
21271000 0.519005218088092
21272000 0.542487069583657
21273000 0.476493771485379
21274000 0.580547056702393
21275000 0.547586221028215
21276000 0.491317014017564
21277000 0.590063222882107
21278000 0.520895014535603
21279000 0.545368820351653
21280000 0.41673913098674
21281000 0.543203326691074
21282000 0.44746285782146
21283000 0.554751673185042
21284000 0.555123767398458
21285000 0.420248408412877
21286000 0.577708155045141
21287000 0.514412929402666
21288000 0.508479731897155
21289000 0.49372321080109
21290000 0.637756538343972
21291000 0.519507434457577
21292000 0.52564670613776
21293000 0.471632971274064
21294000 0.554899527528416
21295000 0.477529485023831
21296000 0.567873377542998
21297000 0.587189361557131
21298000 0.548303802086632
21299000 0.534004377129311
21300000 0.579962133818334
21301000 0.528598882729766
21302000 0.541319163036398
21303000 0.529504329262847
21304000 0.520129427452217
21305000 0.493481338884765
21306000 0.474815262008455
21307000 0.553114653188503
21308000 0.513645223352832
21309000 0.509307582665937
21310000 0.490255991519205
21311000 0.487503483634333
21312000 0.52948977957559
21313000 0.549496108023548
21314000 0.506084090280881
21315000 0.549524243621832
21316000 0.478613304200614
21317000 0.523976806348837
21318000 0.504251525613383
21319000 0.433008185488234
21320000 0.545796570037462
21321000 0.537625708656697
21322000 0.582734214471045
21323000 0.576674947665221
21324000 0.499209239454535
21325000 0.488527507311347
21326000 0.559793443857366
21327000 0.584369369554561
21328000 0.558777647988267
21329000 0.524110623396736
21330000 0.505069436280855
21331000 0.511239507658596
21332000 0.493133557504613
21333000 0.533104044725298
21334000 0.576676046874937
21335000 0.525191098564885
21336000 0.585594756337751
21337000 0.582272862403942
21338000 0.560302598688651
21339000 0.547339654541516
21340000 0.517779309515024
21341000 0.493113643918052
21342000 0.587919186845935
21343000 0.585654806147496
21344000 0.448098566199454
21345000 0.509476381344267
21346000 0.520452652650678
21347000 0.576072239389521
21348000 0.56030974727278
21349000 0.554330000578549
21350000 0.538123100313575
21351000 0.443375642572423
21352000 0.546697039700276
21353000 0.577880428043452
21354000 0.555478786761658
21355000 0.544148263067911
21356000 0.596124616668909
21357000 0.491810287757273
21358000 0.538705088829457
21359000 0.543813495916393
21360000 0.409290640488688
21361000 0.49687795524597
21362000 0.537972044184986
21363000 0.39729863968194
21364000 0.461822765418997
21365000 0.509184624929031
21366000 0.412028308943099
21367000 0.478224855201135
21368000 0.45251645313273
21369000 0.461015922152314
21370000 0.468325723553393
21371000 0.377913086178908
21372000 0.40252819903184
21373000 0.43013944221446
21374000 0.450776596799904
21375000 0.449787280329856
21376000 0.449787462415684
21377000 0.443450924406288
21378000 0.408061231341068
21379000 0.368543411771976
21380000 0.50298868501923
21381000 0.466175422900111
21382000 0.423329003457425
21383000 0.455418824217474
21384000 0.457306364448305
21385000 0.410963840636379
21386000 0.575576611775382
21387000 0.449251981658013
21388000 0.42394530879355
21389000 0.533649695666223
21390000 0.465045424023461
21391000 0.403096436915872
21392000 0.461326895352963
21393000 0.551299616578143
21394000 0.425597611605165
21395000 0.515054848066494
21396000 0.424567368177694
21397000 0.472463091350242
21398000 0.484540783408166
21399000 0.448803873904497
21400000 0.478540176005763
21401000 0.404006184024488
21402000 0.516052327307529
21403000 0.424101434664343
21404000 0.431146939761055
21405000 0.552860178886986
21406000 0.414546685409311
21407000 0.475774534873536
21408000 0.458198718999258
21409000 0.512801434312234
21410000 0.513469871066808
21411000 0.440362984398259
21412000 0.50287601391348
21413000 0.515451036869474
21414000 0.43834711472865
21415000 0.493788821291867
21416000 0.4347871236158
21417000 0.514062704604557
21418000 0.410431321963718
21419000 0.524242464453825
21420000 0.471508423707852
21421000 0.527656058152936
21422000 0.408758405536754
21423000 0.514452651267439
21424000 0.461153228535965
21425000 0.445266778551918
21426000 0.452454953159429
21427000 0.482479204460871
21428000 0.571213361483386
21429000 0.38560252118584
21430000 0.408123654936184
21431000 0.374376048186716
21432000 0.511473906014613
21433000 0.476037262731533
21434000 0.478661642236995
21435000 0.470488614513935
21436000 0.544334988780952
21437000 0.407318988888078
21438000 0.456909590569525
21439000 0.42577225807568
21440000 0.503247112043903
21441000 0.51283408446443
21442000 0.509243926794683
21443000 0.470613520265415
21444000 0.582467384657995
21445000 0.480678474063682
21446000 0.515904020391033
21447000 0.398381651347395
21448000 0.508300719679346
21449000 0.525801216418337
