#Timestep sxy 
100000 -0.00378671632569197
101000 -0.00112124500137157
102000 0.00101449685884644
103000 -0.00447266464886053
104000 -0.000312736105154972
105000 -0.00347226907739222
106000 -0.00589943816371177
107000 -0.00257809040083317
108000 -0.00349455596652484
109000 -0.00439575548667473
110000 -0.00812125144414441
111000 -0.00485365371559121
112000 -0.00827751411989161
113000 -0.00525244133158669
114000 -0.0104153780832044
115000 -0.0074828375916541
116000 -0.00910926980083199
117000 -0.00833648911628573
118000 -0.0114677856825547
119000 -0.0103869042225468
120000 -0.0100543723949601
121000 -0.0101105801491542
122000 -0.0131515681055202
123000 -0.0120202957195289
124000 -0.0115401181690602
125000 -0.0154192373666013
126000 -0.0133252919598868
127000 -0.0159722283645597
128000 -0.0138332494314317
129000 -0.0131297666118001
130000 -0.0151056211829844
131000 -0.0180489332929747
132000 -0.0182145408680334
133000 -0.0152783492802305
134000 -0.0211430494865417
135000 -0.0155405046115146
136000 -0.0193047023830207
137000 -0.0183295296603725
138000 -0.0185459478084752
139000 -0.0179473071396931
140000 -0.0191429824988223
141000 -0.0223245191466118
142000 -0.0255409789273597
143000 -0.0232069730707313
144000 -0.0248825452759207
145000 -0.025558515511453
146000 -0.021217766735211
147000 -0.0278040819645698
148000 -0.0192783832544799
149000 -0.0277457817959417
150000 -0.0225183915247608
151000 -0.0252057715632089
152000 -0.0306349714021225
153000 -0.0216248139559243
154000 -0.0302278744462612
155000 -0.0272567016403851
156000 -0.0282547117773213
157000 -0.0301617050752264
158000 -0.0274872798361275
159000 -0.0307648735744274
160000 -0.0287256791271741
161000 -0.0294527661990724
162000 -0.0344267786694887
163000 -0.0268178997427033
164000 -0.0355494148895485
165000 -0.0323947671666724
166000 -0.0318455869366761
167000 -0.0313044623078558
168000 -0.0313826153224683
169000 -0.033943216750079
170000 -0.0343251597955529
171000 -0.0336132948559938
172000 -0.0377995419833817
173000 -0.0342608104141946
174000 -0.0353207878798276
175000 -0.0371716617789923
176000 -0.0390486552036314
177000 -0.0433696521138427
178000 -0.037087117262117
179000 -0.0390449630019799
180000 -0.0346870647321427
181000 -0.0364890505953879
182000 -0.0399985916186056
183000 -0.0406426028832137
184000 -0.0436487542024402
185000 -0.0406174914117521
186000 -0.0438433483075981
187000 -0.0390315457954847
188000 -0.0433889156216724
189000 -0.0488308542050663
190000 -0.0485869753228993
191000 -0.0453189558911576
192000 -0.0473257474746661
193000 -0.0457599952573336
194000 -0.0448815917405946
195000 -0.0500858591619093
196000 -0.0465922296006323
197000 -0.0562591551721279
198000 -0.0511268738268631
199000 -0.0483146736639637
200000 -0.049426613991649
201000 -0.0520260622147872
202000 -0.047548129146411
203000 -0.0549788091663855
204000 -0.051632343334954
205000 -0.0543511546395665
206000 -0.0604035898278137
207000 -0.0531620810857748
208000 -0.0564000385784138
209000 -0.0517144038047926
210000 -0.0602378828689052
211000 -0.0564778362408978
212000 -0.0559176206478162
213000 -0.0558314726992914
214000 -0.0587875700845064
215000 -0.0556877693126172
216000 -0.0596601767695892
217000 -0.0588032316034538
218000 -0.0627460081718891
219000 -0.0601144483466396
220000 -0.0619220616622175
221000 -0.0617653869670893
222000 -0.0632748206980757
223000 -0.0661660565971827
224000 -0.0657585931732349
225000 -0.064949662178227
226000 -0.0629721997911646
227000 -0.0689354012731341
228000 -0.0609879968688724
229000 -0.0667568760928504
230000 -0.0584539877751331
231000 -0.0713614414798954
232000 -0.0662687869835774
233000 -0.0698718964806743
234000 -0.070347028105982
235000 -0.0659086084527972
236000 -0.0694786091715103
237000 -0.0710306821482303
238000 -0.0693175056718291
239000 -0.0737107024478106
240000 -0.0708602536179397
241000 -0.0692293959614876
242000 -0.0751338934130497
243000 -0.0721408649816929
244000 -0.0754544370242913
245000 -0.0742378833599074
246000 -0.0805520158424144
247000 -0.07596690520612
248000 -0.0757487025050389
249000 -0.0752890362090824
250000 -0.0771896944161141
251000 -0.0775287857323021
252000 -0.0801823240995578
253000 -0.080608171038204
254000 -0.0766767750926131
255000 -0.0822726253190818
256000 -0.0762575710907044
257000 -0.0800194888504984
258000 -0.0782981578116551
259000 -0.0809711364524205
260000 -0.08068023344341
261000 -0.0841220865575643
262000 -0.07858071423335
263000 -0.0851570029138679
264000 -0.0789870871211488
265000 -0.0853775148636426
266000 -0.0818591773014331
267000 -0.0849073163565173
268000 -0.0881605501851227
269000 -0.086727354318123
270000 -0.0884580337689402
271000 -0.0856493818568064
272000 -0.0861482230247397
273000 -0.0886558031266871
274000 -0.0941990276880501
275000 -0.088687314549429
276000 -0.0943766855647217
277000 -0.0866518687312332
278000 -0.0908846431937883
279000 -0.0935347729333251
280000 -0.0925893579411148
281000 -0.0964911802108992
282000 -0.0944413091221827
283000 -0.0964196148359647
284000 -0.0982729721911141
285000 -0.0972682403969635
286000 -0.0923696126457324
287000 -0.100156957689391
288000 -0.0949395931498006
289000 -0.0986622876015159
290000 -0.0969056294528665
291000 -0.101285988802784
292000 -0.0957360510838356
293000 -0.0997745907606654
294000 -0.0951899316583659
295000 -0.102808909680592
296000 -0.0986190894286783
297000 -0.101812104968445
298000 -0.103993079876748
299000 -0.104669020733493
300000 -0.105063218412845
301000 -0.104680509632306
302000 -0.106520376672659
303000 -0.106769825625684
304000 -0.103700521618535
305000 -0.107413871513806
306000 -0.107422879888503
307000 -0.109033456688062
308000 -0.111588839583624
309000 -0.104779594492874
310000 -0.109079570664804
311000 -0.104938650017218
312000 -0.112911532702172
313000 -0.109333962671001
314000 -0.115966971371347
315000 -0.107416011340328
316000 -0.116487113828131
317000 -0.111045432792019
318000 -0.112609616530659
319000 -0.113674968100423
320000 -0.114828580762918
321000 -0.11583585426765
322000 -0.114621196243916
323000 -0.115541234532406
324000 -0.11255698556638
325000 -0.116220191006401
326000 -0.119432879262217
327000 -0.120844473812693
328000 -0.115820724402091
329000 -0.121973772447656
330000 -0.121453338304401
331000 -0.12161442439361
332000 -0.120141649142862
333000 -0.121736625292093
334000 -0.116538903123166
335000 -0.125306267846037
336000 -0.116612334372987
337000 -0.127835502690355
338000 -0.120925965925232
339000 -0.127458800130382
340000 -0.130288077516942
341000 -0.129352527822487
342000 -0.125637013979571
343000 -0.127887093117543
344000 -0.129836285109501
345000 -0.128221031049957
346000 -0.130390176075711
347000 -0.128298972243504
348000 -0.128337034695578
349000 -0.125784411670153
350000 -0.126889263612656
351000 -0.125772728821321
352000 -0.130514101415282
353000 -0.128461594887197
354000 -0.133390705482702
355000 -0.129569326314062
356000 -0.133293027916297
357000 -0.12991644708982
358000 -0.134422172729403
359000 -0.131054267357004
360000 -0.138877673656664
361000 -0.128171641243429
362000 -0.141486581690167
363000 -0.136525647956014
364000 -0.141248576517549
365000 -0.136549020369105
366000 -0.142286309211434
367000 -0.142415006568936
368000 -0.140569343077131
369000 -0.140941083660459
370000 -0.140778265814706
371000 -0.143781399633447
372000 -0.140266711214857
373000 -0.144988420617355
374000 -0.142322283761407
375000 -0.144240083216958
376000 -0.138860331662593
377000 -0.142544252407454
378000 -0.141977506826867
379000 -0.148469107477077
380000 -0.145306721527159
381000 -0.147749198849254
382000 -0.14781140256357
383000 -0.154271633142656
384000 -0.14748585862754
385000 -0.153850650331393
386000 -0.14969662670908
387000 -0.15234552900833
388000 -0.150460125870481
389000 -0.156483538257541
390000 -0.151235071513138
391000 -0.154864265574212
392000 -0.153648938073338
393000 -0.156505320073393
394000 -0.157762281486035
395000 -0.156564221356434
396000 -0.159254678984916
397000 -0.158984278520621
398000 -0.158054842203416
399000 -0.161848880555774
400000 -0.161319774110222
401000 -0.162738765695734
402000 -0.16010625844202
403000 -0.161419487203521
404000 -0.16362980107889
405000 -0.157176827838281
406000 -0.164799359129943
407000 -0.16640917698249
408000 -0.163306111887438
409000 -0.167270452715582
410000 -0.169579325315971
411000 -0.164211672800901
412000 -0.171522380814236
413000 -0.160623298216539
414000 -0.171358290157949
415000 -0.161129878578464
416000 -0.171015037415671
417000 -0.169215822687749
418000 -0.172966613809502
419000 -0.172171144655897
420000 -0.174334043470814
421000 -0.16552360883984
422000 -0.168803249201556
423000 -0.169774385453473
424000 -0.171993739842748
425000 -0.173217766650708
426000 -0.171149863493891
427000 -0.171230328724348
428000 -0.176390990714423
429000 -0.177685610609196
430000 -0.178453592770745
431000 -0.174599857997551
432000 -0.180819742979423
433000 -0.173576458260076
434000 -0.179321887024541
435000 -0.178057049991738
436000 -0.173104868105026
437000 -0.179241535122146
438000 -0.18498512489728
439000 -0.182689405149287
440000 -0.178472491366488
441000 -0.182386145534074
442000 -0.177941531061656
443000 -0.179602590663939
444000 -0.175002423399663
445000 -0.179589503962072
446000 -0.176883655923423
447000 -0.184443229574313
448000 -0.187889589863154
449000 -0.187954591749803
450000 -0.187010652018379
451000 -0.187449869662833
452000 -0.182928885765299
453000 -0.183005888351236
454000 -0.181586740249562
455000 -0.186811973686055
456000 -0.185739611706497
457000 -0.189390915006599
458000 -0.188101335653705
459000 -0.194254002607451
460000 -0.19023549570644
461000 -0.193152860921005
462000 -0.190091508425305
463000 -0.190146210503252
464000 -0.183403399922765
465000 -0.185116767019985
466000 -0.192181500260119
467000 -0.194195146424943
468000 -0.190336604010443
469000 -0.196841627972402
470000 -0.197136846322164
471000 -0.197725894312436
472000 -0.192850030877024
473000 -0.195226387794648
474000 -0.193473941999995
475000 -0.191629390758365
476000 -0.189376549003858
477000 -0.195887269579729
478000 -0.197541546925976
479000 -0.198618202262716
480000 -0.203313162150083
481000 -0.203865340724626
482000 -0.203554504385555
483000 -0.202471928915056
484000 -0.198004726709148
485000 -0.198935839094896
486000 -0.197036770241714
487000 -0.194481476110962
488000 -0.199334780036026
489000 -0.200545295977188
490000 -0.206905466376103
491000 -0.206048692399243
492000 -0.21075742644338
493000 -0.207333321720799
494000 -0.205700318424088
495000 -0.202435857113666
496000 -0.203863191708938
497000 -0.201155250015992
498000 -0.202636400673404
499000 -0.20461995217478
500000 -0.211235863954166
501000 -0.209649646742834
502000 -0.214536756044079
503000 -0.213832827836672
504000 -0.216190393936195
505000 -0.213147554842505
506000 -0.209456350959125
507000 -0.209830762734943
508000 -0.209872131329167
509000 -0.210514961289543
510000 -0.211460589529857
511000 -0.205987685724392
512000 -0.215746767639884
513000 -0.209280643768743
514000 -0.217173554069268
515000 -0.223864708581529
516000 -0.218656228428354
517000 -0.21953430973057
518000 -0.222585154005243
519000 -0.217452760816475
520000 -0.218053276243886
521000 -0.216296730766751
522000 -0.216511945773133
523000 -0.212311154107033
524000 -0.216100734264312
525000 -0.215858085663594
526000 -0.224058727500678
527000 -0.223178581930716
528000 -0.224921101114235
529000 -0.229471590073998
530000 -0.231597799232345
531000 -0.226376185634167
532000 -0.229624694228203
533000 -0.218951250014269
534000 -0.220413539314492
535000 -0.22159229928838
536000 -0.221260980886269
537000 -0.218423285003271
538000 -0.225487041236532
539000 -0.228591114426396
540000 -0.228538685972919
541000 -0.230438933578365
542000 -0.233132403295355
543000 -0.233917850367307
544000 -0.233627373578498
545000 -0.228025233380503
546000 -0.2249881776067
547000 -0.223950842496293
548000 -0.229065430044705
549000 -0.229585360365534
550000 -0.227958962798952
551000 -0.229298105051848
552000 -0.233924644004829
553000 -0.236703425878848
554000 -0.238305923518335
555000 -0.238999733598054
556000 -0.242708513219738
557000 -0.235935763339656
558000 -0.236540265365282
559000 -0.238193630751627
560000 -0.232964322059452
561000 -0.229518535449729
562000 -0.232551848658052
563000 -0.233083497649163
564000 -0.235533657069414
565000 -0.238650889928625
566000 -0.240453789595284
567000 -0.247546752215396
568000 -0.250535021553325
569000 -0.247901862599497
570000 -0.245910804751181
571000 -0.241657798607762
572000 -0.242301398930555
573000 -0.238096936934588
574000 -0.23586397133174
575000 -0.233630091553168
576000 -0.236347649925093
577000 -0.24358995719356
578000 -0.249383638956825
579000 -0.248820098346463
580000 -0.24898036187965
581000 -0.251876132926778
582000 -0.25653775708014
583000 -0.259128971020666
584000 -0.25410239742271
585000 -0.251950537638637
586000 -0.253287787074221
587000 -0.253124073022945
588000 -0.249038165092812
589000 -0.248340349200853
590000 -0.24498927436033
591000 -0.247131534393938
592000 -0.242120597928688
593000 -0.248195608023473
594000 -0.24806462961828
595000 -0.256222210272413
596000 -0.255333420770082
597000 -0.262997727674247
598000 -0.262398049666895
599000 -0.263079615951322
600000 -0.261004451931304
601000 -0.262027736812278
602000 -0.257918699504825
603000 -0.256431110526218
604000 -0.253146645787762
605000 -0.252900381427297
606000 -0.255903076799295
607000 -0.260586124679265
608000 -0.256664777004657
609000 -0.254709165206808
610000 -0.258866402315437
611000 -0.263377576648032
612000 -0.264605370472476
613000 -0.265785580433113
614000 -0.267254356208273
615000 -0.271558332164298
616000 -0.272723537171727
617000 -0.270014551708346
618000 -0.267422668836241
619000 -0.269754287118922
620000 -0.26339897118003
621000 -0.264489749150175
622000 -0.258121664878597
623000 -0.257953621336131
624000 -0.257719719379674
625000 -0.264436973105898
626000 -0.264791097514485
627000 -0.266687179698403
628000 -0.270159220858888
629000 -0.275073277113721
630000 -0.277657266497913
631000 -0.277874228848922
632000 -0.277352281260918
633000 -0.281878799576784
634000 -0.275690235296839
635000 -0.27608824068369
636000 -0.27916840623501
637000 -0.278842975177831
638000 -0.27594971476829
639000 -0.278912906423815
640000 -0.270964515527461
641000 -0.274311304723058
642000 -0.269821691790954
643000 -0.270793283257392
644000 -0.272657150598261
645000 -0.278836877515761
646000 -0.280280889596796
647000 -0.283957467347868
648000 -0.282156664881735
649000 -0.284066355914417
650000 -0.286068443297914
651000 -0.288495612448514
652000 -0.288302250445915
653000 -0.287323009783995
654000 -0.287714547063922
655000 -0.293679787113214
656000 -0.286559447110622
657000 -0.288589007944438
658000 -0.290050235973081
659000 -0.287728847086644
660000 -0.284186044006752
661000 -0.283326920059292
662000 -0.278349004371602
663000 -0.278495512410545
664000 -0.282803740237894
665000 -0.28224895180942
666000 -0.285588466504532
667000 -0.288439358427936
668000 -0.289374479813883
669000 -0.291022901413078
670000 -0.290308744540283
671000 -0.29541468465333
672000 -0.294342493646808
673000 -0.296911938759648
674000 -0.295414552507475
675000 -0.293806182467968
676000 -0.293071295897671
677000 -0.292731951901257
678000 -0.290929108637706
679000 -0.291497051004854
680000 -0.292798037949969
681000 -0.288875561201809
682000 -0.289462607255368
683000 -0.289500696577788
684000 -0.294609113499129
685000 -0.294200628564429
686000 -0.295793211581223
687000 -0.296126112008527
688000 -0.298124183644785
689000 -0.293998073917591
690000 -0.299251436257698
691000 -0.302741505937964
692000 -0.299226043801103
693000 -0.301423205939406
694000 -0.296584131982325
695000 -0.302491913502945
696000 -0.292564320537909
697000 -0.296943202186491
698000 -0.290506883658133
699000 -0.297286341148881
700000 -0.298285271520555
701000 -0.29904782612769
702000 -0.298089047680714
703000 -0.302407962513426
704000 -0.301671747363515
705000 -0.303520892613879
706000 -0.307224290944742
707000 -0.307099154115066
708000 -0.302979568272353
709000 -0.309301579409315
710000 -0.308984639145746
711000 -0.31095964643034
712000 -0.304302737692056
713000 -0.30341612789153
714000 -0.300915878890771
715000 -0.300772985425863
716000 -0.300035033037122
717000 -0.30289190966273
718000 -0.307014420059978
719000 -0.312032980267309
720000 -0.311931416167423
721000 -0.315883135120472
722000 -0.310744326873556
723000 -0.315450824220138
724000 -0.313529956625561
725000 -0.31542926390294
726000 -0.30949902042276
727000 -0.310961043450303
728000 -0.309558085721658
729000 -0.306674224077437
730000 -0.299564976528051
731000 -0.305129155144618
732000 -0.300797498891846
733000 -0.307597497486361
734000 -0.308616463039611
735000 -0.316220917902052
736000 -0.314333173245995
737000 -0.325012061828712
738000 -0.315756648650434
739000 -0.324633689185056
740000 -0.319852849396982
741000 -0.318358044973294
742000 -0.312759632514602
743000 -0.309097578545805
744000 -0.303042787485089
745000 -0.311613250686239
746000 -0.311710351927132
747000 -0.314966923520755
748000 -0.319881697753988
749000 -0.317041584091057
750000 -0.317696709660217
751000 -0.327599137590668
752000 -0.322505993605943
753000 -0.328441036389428
754000 -0.322951205132308
755000 -0.325478326534436
756000 -0.317922200978231
757000 -0.319138040203023
758000 -0.313279086226264
759000 -0.313772132065612
760000 -0.310508352872705
761000 -0.324048003810042
762000 -0.326860717738619
763000 -0.3325337915797
764000 -0.331929918917423
765000 -0.335842798825834
766000 -0.33251382108639
767000 -0.336977840534251
768000 -0.323964429983888
769000 -0.329011994844236
770000 -0.324273943695146
771000 -0.315780452034545
772000 -0.317502427006265
773000 -0.318463205867146
774000 -0.318019308656168
775000 -0.329928167208417
776000 -0.333241271071001
777000 -0.3366012828298
778000 -0.335882844538749
779000 -0.343823560543955
780000 -0.339254370044551
781000 -0.345981371179636
782000 -0.338373830306526
783000 -0.337217868226051
784000 -0.327305250281411
785000 -0.326322747803212
786000 -0.318547328561748
787000 -0.3232259565131
788000 -0.331409909983178
789000 -0.333858659292382
790000 -0.343154085591038
791000 -0.347308052780241
792000 -0.341817592134298
793000 -0.344878661066284
794000 -0.349011464402611
795000 -0.337262244331621
796000 -0.333171007183987
797000 -0.332591119204141
798000 -0.329126400572696
799000 -0.335723389983685
800000 -0.335487531057759
801000 -0.33711732209157
802000 -0.3408887874391
803000 -0.343256179042711
804000 -0.34904831505605
805000 -0.353168504486603
806000 -0.348948225131685
807000 -0.348555476194666
808000 -0.342387840103491
809000 -0.335874303078125
810000 -0.325695148436515
811000 -0.332763753903332
812000 -0.334797768181788
813000 -0.342666910147262
814000 -0.351229907122262
815000 -0.350241344957798
816000 -0.359520407130538
817000 -0.353255600189262
818000 -0.356913062457928
819000 -0.345996139177302
820000 -0.342971682944336
821000 -0.3393297704681
822000 -0.336606378436813
823000 -0.33246140674966
824000 -0.345537872742748
825000 -0.346272939030274
826000 -0.353035243243902
827000 -0.351155902963762
828000 -0.354887922370517
829000 -0.362212584840272
830000 -0.361383729515036
831000 -0.351844927870816
832000 -0.354760457073469
833000 -0.343073082956769
834000 -0.33718272872872
835000 -0.335963638767676
836000 -0.34197408922903
837000 -0.352170520536254
838000 -0.362443191311739
839000 -0.366522254830229
840000 -0.367992046305518
841000 -0.363891893860587
842000 -0.363025617756701
843000 -0.357921076005042
844000 -0.346954063048333
845000 -0.337722326064078
846000 -0.340746680653162
847000 -0.343795289478196
848000 -0.356658397022723
849000 -0.359305431253558
850000 -0.368986725972652
851000 -0.364128244152746
852000 -0.374392650983506
853000 -0.363934986884796
854000 -0.365701543468801
855000 -0.356615951032829
856000 -0.34805189237446
857000 -0.344514601815766
858000 -0.350612776073331
859000 -0.345762697654373
860000 -0.36181240334331
861000 -0.359500304531406
862000 -0.373556924463906
863000 -0.371963754074964
864000 -0.375154476401983
865000 -0.367696048310495
866000 -0.370703444387717
867000 -0.355420278926972
868000 -0.350992908067797
869000 -0.347408642359898
870000 -0.351573206523242
871000 -0.361100161142005
872000 -0.368300561492018
873000 -0.375348608013293
874000 -0.374260181647615
875000 -0.375116943005895
876000 -0.370970823445971
877000 -0.363902966130792
878000 -0.365888205673167
879000 -0.355751030274082
880000 -0.355800149844866
881000 -0.357729669848679
882000 -0.355369656160582
883000 -0.367995504791899
884000 -0.374280716180666
885000 -0.379585672660436
886000 -0.379030425011254
887000 -0.382933951356373
888000 -0.375881041703987
889000 -0.375053939862229
890000 -0.361762896538822
891000 -0.357839287957801
892000 -0.364782177247812
893000 -0.36621983000482
894000 -0.370732557552213
895000 -0.379161742402027
896000 -0.3835565468813
897000 -0.382612517923009
898000 -0.382546732039346
899000 -0.374656203547335
900000 -0.360299895317047
901000 -0.371159714566001
902000 -0.366135787109706
903000 -0.373016102465886
904000 -0.377026307853205
905000 -0.382821151366042
906000 -0.381151714089695
907000 -0.388881964554678
908000 -0.378243987647109
909000 -0.381137852988795
910000 -0.375626042844968
911000 -0.372687194140448
912000 -0.368662963667248
913000 -0.373515339220434
914000 -0.368170956531274
915000 -0.379086798617783
916000 -0.384000335752935
917000 -0.389534983397039
918000 -0.390940133625477
919000 -0.386409817145306
920000 -0.376431107744232
921000 -0.373432508097348
922000 -0.374947715895192
923000 -0.378868942899254
924000 -0.384884405708087
925000 -0.389248770815486
926000 -0.393729489516129
927000 -0.397649895369969
928000 -0.387750832909836
929000 -0.383039155609624
930000 -0.379306332360821
931000 -0.377213293211449
932000 -0.381278137238272
933000 -0.383525312250797
934000 -0.386504491279699
935000 -0.390519137893246
936000 -0.388718293722583
937000 -0.388697145712761
938000 -0.390510281857041
939000 -0.389096123843355
940000 -0.392062735846358
941000 -0.389390331706572
942000 -0.384723190304227
943000 -0.384342503274337
944000 -0.388707537976316
945000 -0.392760494707332
946000 -0.40143882733888
947000 -0.399206610942832
948000 -0.402330427448624
949000 -0.397084207373025
950000 -0.387664541708155
951000 -0.388619734510337
952000 -0.386771662005482
953000 -0.387652643265061
954000 -0.405800143042594
955000 -0.402536939811905
956000 -0.403341043345164
957000 -0.405591456163577
958000 -0.398925158209612
959000 -0.390504408381719
960000 -0.390421712284097
961000 -0.387932603148782
962000 -0.392688814789387
963000 -0.40424475670459
964000 -0.403548420216624
965000 -0.403151412612165
966000 -0.4061721189476
967000 -0.397869834412974
968000 -0.401980743190989
969000 -0.402776076181907
970000 -0.397571142587715
971000 -0.400235237589312
972000 -0.403721778886313
973000 -0.402363502087018
974000 -0.407318497466319
975000 -0.411583983502294
976000 -0.403197946286235
977000 -0.40362285315848
978000 -0.398001123620472
979000 -0.392978327725111
980000 -0.394866167923594
981000 -0.40264279071291
982000 -0.40330082181923
983000 -0.41323173762834
984000 -0.413275278317102
985000 -0.41425356788086
986000 -0.407692033713011
987000 -0.403956922050755
988000 -0.398499192593918
989000 -0.402837755436663
990000 -0.405012775822851
991000 -0.410732963136231
992000 -0.417372867165436
993000 -0.415145000895663
994000 -0.410365706990727
995000 -0.411196799793229
996000 -0.400737052650872
997000 -0.401104994084791
998000 -0.405707271051318
999000 -0.410630341165047
1000000 -0.419322769987225
1001000 -0.41496038433407
1002000 -0.417365984685032
1003000 -0.411915023362664
1004000 -0.411669936685221
1005000 -0.408087248896411
1006000 -0.411238399900955
1007000 -0.409196591257085
1008000 -0.421366878801333
1009000 -0.420676872539156
1010000 -0.423134827690427
1011000 -0.417126101349913
1012000 -0.42272474544677
1013000 -0.414932521190829
1014000 -0.418632438036336
1015000 -0.410030009861623
1016000 -0.407027696562202
1017000 -0.413094552867922
1018000 -0.419220805450896
1019000 -0.427785564796106
1020000 -0.427556711715808
1021000 -0.425594344965366
1022000 -0.423780463099065
1023000 -0.411972241991951
1024000 -0.413043011396058
1025000 -0.413983366112063
1026000 -0.417307999868266
1027000 -0.429130366535719
1028000 -0.426886648597701
1029000 -0.424749992898843
1030000 -0.42698408837148
1031000 -0.419382629512369
1032000 -0.409684058896092
1033000 -0.422609429028573
1034000 -0.418578707526518
1035000 -0.423763076247395
1036000 -0.431315120499867
1037000 -0.431731313086122
1038000 -0.431525298009829
1039000 -0.429312592426106
1040000 -0.427490157265871
1041000 -0.424332310323489
1042000 -0.424459056025198
1043000 -0.422629185252416
1044000 -0.424894313453615
1045000 -0.427531289970937
1046000 -0.433607573010963
1047000 -0.43267793475973
1048000 -0.433668516930102
1049000 -0.431335331699596
1050000 -0.424072018395291
1051000 -0.423193361765419
1052000 -0.423438427504227
1053000 -0.433546157265104
1054000 -0.435803045649944
1055000 -0.440763322398506
1056000 -0.441729079277582
1057000 -0.436083985003427
1058000 -0.420038385515433
1059000 -0.421925692219176
1060000 -0.432678151356178
1061000 -0.437116389465294
1062000 -0.441596677891726
1063000 -0.445282778706111
1064000 -0.437666709835386
1065000 -0.437240611258019
1066000 -0.431896027629545
1067000 -0.428355113926151
1068000 -0.439276028189579
1069000 -0.434171902504182
1070000 -0.444403828682577
1071000 -0.445952932467653
1072000 -0.438055129148909
1073000 -0.43504817655903
1074000 -0.436954825796065
1075000 -0.438532972915849
1076000 -0.44013805168675
1077000 -0.445126144443642
1078000 -0.444536174624441
1079000 -0.438870947600989
1080000 -0.441724749083904
1081000 -0.440893308039956
1082000 -0.444424408709307
1083000 -0.445211170674252
1084000 -0.442340081476155
1085000 -0.445020063794736
1086000 -0.443203563280713
1087000 -0.443472349077379
1088000 -0.450148372450303
1089000 -0.451959581736023
1090000 -0.447199702197731
1091000 -0.447650084624608
1092000 -0.439343278300446
1093000 -0.437589883516774
1094000 -0.442495180510806
1095000 -0.44909360280506
1096000 -0.449039125784169
1097000 -0.459837702633024
1098000 -0.453952172129023
1099000 -0.446186045682014
1100000 -0.440512200385133
1101000 -0.438602959172662
1102000 -0.449082255834579
1103000 -0.45563938581065
1104000 -0.454508485997542
1105000 -0.459302855563581
1106000 -0.457229435489024
1107000 -0.44636604445072
1108000 -0.449252161587737
1109000 -0.445107056615831
1110000 -0.449791759122897
1111000 -0.460871949924876
1112000 -0.458437309956595
1113000 -0.45633513236426
1114000 -0.454633856266299
1115000 -0.44876924535581
1116000 -0.452879976302154
1117000 -0.454196240382561
1118000 -0.454674342971425
1119000 -0.459151729274641
1120000 -0.460286505298633
1121000 -0.45575934230312
1122000 -0.459461510679987
1123000 -0.463929919272919
1124000 -0.455016250870002
1125000 -0.456224393123786
1126000 -0.452574844398171
1127000 -0.452459150044243
1128000 -0.463485610113283
1129000 -0.466296936300258
1130000 -0.462264525158086
1131000 -0.465485137208107
1132000 -0.458730004154381
1133000 -0.453057915151192
1134000 -0.453802546411309
1135000 -0.464087025224836
1136000 -0.465847495584664
1137000 -0.478980419851872
1138000 -0.467017842299813
1139000 -0.464392519772112
1140000 -0.460012207166507
1141000 -0.455676001749074
1142000 -0.455764539389869
1143000 -0.471295291379908
1144000 -0.469709279352581
1145000 -0.468468548850111
1146000 -0.476298155567648
1147000 -0.459857156009979
1148000 -0.459322821050698
1149000 -0.46339334472862
1150000 -0.46387430360647
1151000 -0.476450671295065
1152000 -0.479106023757633
1153000 -0.470146790847347
1154000 -0.473144406748279
1155000 -0.464507242609271
1156000 -0.462201277639603
1157000 -0.472961306762735
1158000 -0.476558450579484
1159000 -0.470734543056611
1160000 -0.478422243915228
1161000 -0.473984119614001
1162000 -0.475193765150147
1163000 -0.474892992551245
1164000 -0.46941136407116
1165000 -0.469445094476402
1166000 -0.46745989568063
1167000 -0.471853484291468
1168000 -0.478474899320051
1169000 -0.482878636514098
1170000 -0.475653161920886
1171000 -0.477921506392762
1172000 -0.467471247679877
1173000 -0.467303339871141
1174000 -0.473941015097982
1175000 -0.483315267560019
1176000 -0.483898814776143
1177000 -0.488548748401925
1178000 -0.4796275792948
1179000 -0.470778884023719
1180000 -0.476784153146017
1181000 -0.478216821243587
1182000 -0.486392447857098
1183000 -0.493144446545839
1184000 -0.49135843484427
1185000 -0.486571491205059
1186000 -0.48406070943395
1187000 -0.472603373490088
1188000 -0.484246913692298
1189000 -0.48612299121045
1190000 -0.491057275951473
1191000 -0.491234693987519
1192000 -0.486700238792365
1193000 -0.481553968367527
1194000 -0.482628945913328
1195000 -0.484215663786422
1196000 -0.492900359426769
1197000 -0.493821343715029
1198000 -0.496374869337414
1199000 -0.485826578882183
1200000 -0.484946360409826
1201000 -0.477744025250081
1202000 -0.485639229453458
1203000 -0.495769776165547
1204000 -0.494090726408655
1205000 -0.492798866017713
1206000 -0.494154486408845
1207000 -0.488159412082147
1208000 -0.48675589357511
1209000 -0.494057235548876
1210000 -0.491794427284248
1211000 -0.498221905058916
1212000 -0.495616528069002
1213000 -0.495243920217536
1214000 -0.500398871190262
1215000 -0.497735057352267
1216000 -0.493872305247132
1217000 -0.492608230253705
1218000 -0.492242217413309
1219000 -0.491880938469916
1220000 -0.499673323214649
1221000 -0.499428157376061
1222000 -0.500718207405646
1223000 -0.499951685214293
1224000 -0.487161964143474
1225000 -0.490553279959881
1226000 -0.502655720060148
1227000 -0.506072581022719
1228000 -0.515979856910311
1229000 -0.505439170816048
1230000 -0.491719309750869
1231000 -0.490574654454167
1232000 -0.494058041902276
1233000 -0.501653315412658
1234000 -0.50967620719118
1235000 -0.518067003260079
1236000 -0.514863355643171
1237000 -0.505526632772239
1238000 -0.491741968092961
1239000 -0.493754007017505
1240000 -0.506422146420304
1241000 -0.507336652265247
1242000 -0.515862109592037
1243000 -0.510604482022378
1244000 -0.498043301366042
1245000 -0.496420814874633
1246000 -0.502738436353873
1247000 -0.50976684009962
1248000 -0.520774159902632
1249000 -0.521132560652654
1250000 -0.513159404642251
1251000 -0.510899140275297
1252000 -0.505405290691264
1253000 -0.509546230219824
1254000 -0.519192755340532
1255000 -0.511317997122096
1256000 -0.514029527281932
1257000 -0.516429465628991
1258000 -0.511221200189158
1259000 -0.51094231527688
1260000 -0.512496273106691
1261000 -0.510032819037904
1262000 -0.514456897026127
1263000 -0.51125722174707
1264000 -0.518267960885347
1265000 -0.526866262108282
1266000 -0.522760495291119
1267000 -0.511169409268385
1268000 -0.506845356597629
1269000 -0.501973434112181
1270000 -0.515598106909978
1271000 -0.53039892415689
1272000 -0.524964895033359
1273000 -0.521794901362553
1274000 -0.514046120120701
1275000 -0.50353480412816
1276000 -0.513583195924448
1277000 -0.521688534697449
1278000 -0.532345525153001
1279000 -0.531782172967681
1280000 -0.524307259337217
1281000 -0.511209951461253
1282000 -0.509542371107028
1283000 -0.514433779227824
1284000 -0.524643265302746
1285000 -0.539727338712449
1286000 -0.535526688392931
1287000 -0.521640726098454
1288000 -0.513770962011455
1289000 -0.508532296621215
1290000 -0.520960856121414
1291000 -0.533252983350141
1292000 -0.535222106320431
1293000 -0.533675148378096
1294000 -0.525831683108621
1295000 -0.517324465847663
1296000 -0.519148564444425
1297000 -0.530151593250907
1298000 -0.533156751521987
1299000 -0.535163510096365
1300000 -0.52814092203659
1301000 -0.523073095571269
1302000 -0.526119723964332
1303000 -0.528577762110676
1304000 -0.531967306461377
1305000 -0.535962707145182
1306000 -0.531062340052871
1307000 -0.536191600597868
1308000 -0.538785204825931
1309000 -0.529782910713045
1310000 -0.538675201321654
1311000 -0.528894493257096
1312000 -0.53172746862939
1313000 -0.541436620953727
1314000 -0.543949584258643
1315000 -0.541112168224202
1316000 -0.542110205546905
1317000 -0.527389513265449
1318000 -0.522232830045882
1319000 -0.530923145406416
1320000 -0.54071295606889
1321000 -0.555454003179355
1322000 -0.550135201005578
1323000 -0.532514565073794
1324000 -0.523846349944513
1325000 -0.529104036202266
1326000 -0.539028609259129
1327000 -0.556236739988678
1328000 -0.557933202656879
1329000 -0.54467733916705
1330000 -0.528019600567557
1331000 -0.522649741673286
1332000 -0.531763761951925
1333000 -0.550253609101444
1334000 -0.557766944340439
1335000 -0.551432926471489
1336000 -0.547215061064679
1337000 -0.526765061110843
1338000 -0.533192451610159
1339000 -0.547206100374002
1340000 -0.552482854312593
1341000 -0.564465284626826
1342000 -0.547728843986152
1343000 -0.535763064409
1344000 -0.536342790947013
1345000 -0.541763953207416
1346000 -0.550240585288059
1347000 -0.558411606985705
1348000 -0.549586274832062
1349000 -0.545532266912274
1350000 -0.545810645591906
1351000 -0.547649691744273
1352000 -0.551747512511694
1353000 -0.560634298958281
1354000 -0.551428850201557
1355000 -0.549158421354887
1356000 -0.552822025662569
1357000 -0.548650913597016
1358000 -0.553382796639362
1359000 -0.554574001758088
1360000 -0.550093349133263
1361000 -0.55514141431913
1362000 -0.554600053662817
1363000 -0.561140941898253
1364000 -0.561691379567858
1365000 -0.549017472561529
1366000 -0.5440008948534
1367000 -0.554506878109779
1368000 -0.554505073812721
1369000 -0.56561200807534
1370000 -0.561411766638193
1371000 -0.553078254894391
1372000 -0.545923604452719
1373000 -0.544798978128733
1374000 -0.556469359040019
1375000 -0.573510790247504
1376000 -0.567513456596921
1377000 -0.561118783768371
1378000 -0.546577259276342
1379000 -0.542788416864142
1380000 -0.557148413823498
1381000 -0.574708594551541
1382000 -0.570707889877969
1383000 -0.569395204748631
1384000 -0.551650198976434
1385000 -0.543114636675142
1386000 -0.557449004240319
1387000 -0.576605700950207
1388000 -0.580032471092953
1389000 -0.572672514055464
1390000 -0.55525976303027
1391000 -0.548204792645249
1392000 -0.55900807455453
1393000 -0.568329564256156
1394000 -0.581014065462183
1395000 -0.574646622693849
1396000 -0.554459084183218
1397000 -0.548170194482165
1398000 -0.551347429392229
1399000 -0.565070663417345
1400000 -0.585663616672714
1401000 -0.575653015851198
1402000 -0.56181290476401
1403000 -0.554068451186888
1404000 -0.558143783688642
1405000 -0.568878275444544
1406000 -0.576252230571853
1407000 -0.572278282777682
1408000 -0.568316642883847
1409000 -0.56400528020686
1410000 -0.560975347820794
1411000 -0.568932243828941
1412000 -0.574199256637827
1413000 -0.571479614366018
1414000 -0.571626940772821
1415000 -0.574896472402339
1416000 -0.569625475738712
1417000 -0.569403031777443
1418000 -0.573875206087908
1419000 -0.565030219742105
1420000 -0.578848633825614
1421000 -0.575699155334733
1422000 -0.582628795849112
1423000 -0.576444446019888
1424000 -0.570897589997973
1425000 -0.568417143147044
1426000 -0.57387421885132
1427000 -0.581895981027127
1428000 -0.583768706627431
1429000 -0.572909707386861
1430000 -0.568691739875303
1431000 -0.562772398728666
1432000 -0.574477264453103
1433000 -0.590587209792644
1434000 -0.592814671050536
1435000 -0.582827090573408
1436000 -0.568317434245352
1437000 -0.565926392477312
1438000 -0.577588753238058
1439000 -0.593986401223638
1440000 -0.603921435540658
1441000 -0.587948455067517
1442000 -0.570829714428476
1443000 -0.562620647323002
1444000 -0.577308057355138
1445000 -0.597918047556477
1446000 -0.608146224810339
1447000 -0.59122839864594
1448000 -0.578943935011638
1449000 -0.564386540127574
1450000 -0.580403070586301
1451000 -0.600174440542855
1452000 -0.604879738108422
1453000 -0.594909004616893
1454000 -0.576368336473964
1455000 -0.571657165224148
1456000 -0.588076794991481
1457000 -0.600046994837687
1458000 -0.608373877816637
1459000 -0.597138106630723
1460000 -0.581254241030808
1461000 -0.57780589306894
1462000 -0.582786037120739
1463000 -0.594593898452796
1464000 -0.602729923047914
1465000 -0.599398026619523
1466000 -0.585205057205285
1467000 -0.584399056007884
1468000 -0.583545265098668
1469000 -0.597372514695754
1470000 -0.605278873657905
1471000 -0.595808882538217
1472000 -0.593603908221426
1473000 -0.591892537246909
1474000 -0.590717758291507
1475000 -0.598277032960931
1476000 -0.604648810526578
1477000 -0.603355216158149
1478000 -0.600614381478452
1479000 -0.59510778396196
1480000 -0.590997081980694
1481000 -0.599841949245829
1482000 -0.603028801467911
1483000 -0.606887248099438
1484000 -0.606457163534884
1485000 -0.601492758553612
1486000 -0.594786930222809
1487000 -0.601091422476617
1488000 -0.599878345378579
1489000 -0.606654469840049
1490000 -0.609464549137721
1491000 -0.603345575199824
1492000 -0.59931731594579
1493000 -0.602832752643463
1494000 -0.606160918553234
1495000 -0.610640459243539
1496000 -0.614124795810224
1497000 -0.607580085231195
1498000 -0.600878964001532
1499000 -0.598195728953699
1500000 -0.603027485878318
1501000 -0.613275764562181
1502000 -0.61927102301148
1503000 -0.607748688755993
1504000 -0.604051312832919
1505000 -0.599654353719924
1506000 -0.602330283313092
1507000 -0.61498000768888
1508000 -0.620089061563153
1509000 -0.615388284018769
1510000 -0.605842862352406
1511000 -0.59825918859439
1512000 -0.604229027361776
1513000 -0.61650025717879
1514000 -0.624413461075505
1515000 -0.619845738804801
1516000 -0.598930847857335
1517000 -0.593715317038631
1518000 -0.603117057581189
1519000 -0.621185068743816
1520000 -0.632828028755676
1521000 -0.616871815520415
1522000 -0.605467978258914
1523000 -0.602041669187358
1524000 -0.605434098916823
1525000 -0.632423083082743
1526000 -0.627663423942065
1527000 -0.611365013527245
1528000 -0.60768677522681
1529000 -0.601879429930315
1530000 -0.615511841569598
1531000 -0.632627189625841
1532000 -0.632153955077108
1533000 -0.617608318314491
1534000 -0.603786262721649
1535000 -0.603639035971838
1536000 -0.62361494043042
1537000 -0.633241888703971
1538000 -0.627209146656245
1539000 -0.622238282353852
1540000 -0.606231429628896
1541000 -0.609738122731945
1542000 -0.624485647277208
1543000 -0.634774197085392
1544000 -0.631194998746565
1545000 -0.623914516429393
1546000 -0.61192121117035
1547000 -0.619826675183645
1548000 -0.624196068131443
1549000 -0.634484051872389
1550000 -0.628879875822688
1551000 -0.626411832498446
1552000 -0.619959226791112
1553000 -0.615630965223033
1554000 -0.627739976246706
1555000 -0.637372425234575
1556000 -0.641109123087713
1557000 -0.629889018294891
1558000 -0.613181632770264
1559000 -0.617187331314743
1560000 -0.624067064443352
1561000 -0.63673948145244
1562000 -0.640787929534705
1563000 -0.628098542287726
1564000 -0.618311077378659
1565000 -0.622538552474325
1566000 -0.627615655842467
1567000 -0.641095410946782
1568000 -0.645178994246697
1569000 -0.633451952147339
1570000 -0.621257658825446
1571000 -0.623031765997001
1572000 -0.634467950503496
1573000 -0.643789706876692
1574000 -0.643057672630428
1575000 -0.634646419610516
1576000 -0.621955315043988
1577000 -0.626407181351117
1578000 -0.637738426566151
1579000 -0.648894309754752
1580000 -0.646426201620193
1581000 -0.63727909263941
1582000 -0.629104752664388
1583000 -0.625518283144775
1584000 -0.641637385715536
1585000 -0.650132268165692
1586000 -0.64906848615225
1587000 -0.631987301824985
1588000 -0.62995059905237
1589000 -0.63440215199144
1590000 -0.641876086229345
1591000 -0.65438194909432
1592000 -0.645399194807023
1593000 -0.63419650813034
1594000 -0.63097101036516
1595000 -0.635945501659609
1596000 -0.647124292468603
1597000 -0.653351850500864
1598000 -0.645289972031908
1599000 -0.637720547102913
1600000 -0.632934986813655
1601000 -0.640453522021779
1602000 -0.657565585961995
1603000 -0.655927036189444
1604000 -0.645797124715189
1605000 -0.640588222216652
1606000 -0.636099703141367
1607000 -0.647545561656892
1608000 -0.656645199903276
1609000 -0.65387933767894
1610000 -0.643148377629883
1611000 -0.636468622753063
1612000 -0.63820089914058
1613000 -0.649285829503049
1614000 -0.662913020833963
1615000 -0.65791216511386
1616000 -0.65045468717247
1617000 -0.64383537026301
1618000 -0.645867931461201
1619000 -0.662772378148727
1620000 -0.663093184620056
1621000 -0.659897452113129
1622000 -0.64551622911733
1623000 -0.641312043260881
1624000 -0.650676505423953
1625000 -0.664103169028269
1626000 -0.668858074853375
1627000 -0.65961128876578
1628000 -0.647254737612394
1629000 -0.647380639076025
1630000 -0.656402334357515
1631000 -0.658091685210087
1632000 -0.66699556363819
1633000 -0.654896999194137
1634000 -0.647581240775047
1635000 -0.652802881703367
1636000 -0.657606711640075
1637000 -0.668488731700619
1638000 -0.666255139407504
1639000 -0.654228375615508
1640000 -0.645657541439034
1641000 -0.654645580099265
1642000 -0.663476629732048
1643000 -0.67199913371035
1644000 -0.667194933442921
1645000 -0.651949195037426
1646000 -0.654621983787461
1647000 -0.657376981276814
1648000 -0.67523717113164
1649000 -0.67370570700046
1650000 -0.665189040797932
1651000 -0.654623600595604
1652000 -0.657100510565316
1653000 -0.669652670927287
1654000 -0.67746183636154
1655000 -0.672636873844636
1656000 -0.657615279945251
1657000 -0.654195743152651
1658000 -0.656059779035629
1659000 -0.66703192152117
1660000 -0.678427167803468
1661000 -0.667740220806808
1662000 -0.656715771785124
1663000 -0.662460095277595
1664000 -0.660602231662021
1665000 -0.681341768619842
1666000 -0.677757066896909
1667000 -0.667570186840762
1668000 -0.66232391554765
1669000 -0.663752433423054
1670000 -0.680448429473563
1671000 -0.679405628374632
1672000 -0.673694325745595
1673000 -0.670376012164902
1674000 -0.660124552426908
1675000 -0.661328713595206
1676000 -0.680329442071631
1677000 -0.678045199589405
1678000 -0.667757496574621
1679000 -0.673712135723245
1680000 -0.663570826772364
1681000 -0.67502012984335
1682000 -0.684509457772693
1683000 -0.679926202437308
1684000 -0.675376344208327
1685000 -0.672266169514211
1686000 -0.672362266158022
1687000 -0.675011599016682
1688000 -0.686226417252625
1689000 -0.681934333854873
1690000 -0.677178045011685
1691000 -0.668519821024613
1692000 -0.679599427117874
1693000 -0.683869611612877
1694000 -0.686191925329951
1695000 -0.687046393565179
1696000 -0.675551725876806
1697000 -0.671797893189072
1698000 -0.684039247418058
1699000 -0.688389569278485
1700000 -0.686941630066528
1701000 -0.686071398176654
1702000 -0.67357987714751
1703000 -0.666369933344827
1704000 -0.690425075317947
1705000 -0.698052036344186
1706000 -0.692247666803042
1707000 -0.68178949906222
1708000 -0.671863657487409
1709000 -0.681577421739786
1710000 -0.697011730467255
1711000 -0.697710689423925
1712000 -0.694056654645285
1713000 -0.671707181761774
1714000 -0.677433390967046
1715000 -0.69503975269838
1716000 -0.700103484570805
1717000 -0.699957416390899
1718000 -0.68535341598354
1719000 -0.670975929846575
1720000 -0.680691327770676
1721000 -0.704861230329804
1722000 -0.702397515700015
1723000 -0.69468358841702
1724000 -0.680317141387496
1725000 -0.679051262422183
1726000 -0.700398134951577
1727000 -0.709147200930681
1728000 -0.699690937539006
1729000 -0.683874695016645
1730000 -0.676991386118215
1731000 -0.692667360251449
1732000 -0.716448089875217
1733000 -0.713293923468143
1734000 -0.695181050898057
1735000 -0.682445008202367
1736000 -0.688158124103759
1737000 -0.704814389012876
1738000 -0.715903164894107
1739000 -0.703670891683105
1740000 -0.685777667581994
1741000 -0.688658668770275
1742000 -0.704970017436906
1743000 -0.71428306929219
1744000 -0.709100560803816
1745000 -0.692699470047116
1746000 -0.689601770521435
1747000 -0.693702244390445
1748000 -0.71156090253115
1749000 -0.714846099904431
1750000 -0.700331187715093
1751000 -0.692432288623746
1752000 -0.693409432218688
1753000 -0.703934411886072
1754000 -0.711615382547967
1755000 -0.707303192822931
1756000 -0.699673394605579
1757000 -0.700517333751987
1758000 -0.703525988326607
1759000 -0.715371079735347
1760000 -0.709622321749279
1761000 -0.705146377670519
1762000 -0.708577457042727
1763000 -0.701628209312799
1764000 -0.70864677275757
1765000 -0.708923715357871
1766000 -0.715085645994066
1767000 -0.710634120369366
1768000 -0.702716834149979
1769000 -0.701086489248885
1770000 -0.705841743976857
1771000 -0.718199558882601
1772000 -0.716748328125547
1773000 -0.710593807228462
1774000 -0.701500582836091
1775000 -0.712240195388447
1776000 -0.721063930481741
1777000 -0.723936003064414
1778000 -0.717341187221558
1779000 -0.706748073357872
1780000 -0.702294347144831
1781000 -0.716982375337135
1782000 -0.725780610690026
1783000 -0.729800295943207
1784000 -0.712872329602217
1785000 -0.699481691990917
1786000 -0.713864758987223
1787000 -0.730128344364685
1788000 -0.730281124118384
1789000 -0.715976403130765
1790000 -0.699620726863857
1791000 -0.711723919459785
1792000 -0.733594605907204
1793000 -0.736398260202746
1794000 -0.723852560967214
1795000 -0.700347836284279
1796000 -0.70287781530082
1797000 -0.728837596217834
1798000 -0.740859654548832
1799000 -0.732218968180941
1800000 -0.704979185360887
1801000 -0.695042927388236
1802000 -0.724486976823881
1803000 -0.740568260944546
1804000 -0.735292127903403
1805000 -0.710056846386488
1806000 -0.695569101339802
1807000 -0.715368905545861
1808000 -0.746983351429032
1809000 -0.743548530490513
1810000 -0.72346997907974
1811000 -0.696505374342027
1812000 -0.712851424849029
1813000 -0.745963469017852
1814000 -0.753358267383325
1815000 -0.731001256998609
1816000 -0.705557472331743
1817000 -0.710158186074041
1818000 -0.739431999533243
1819000 -0.761926745662287
1820000 -0.739481965109199
1821000 -0.706390721566324
1822000 -0.707939370814462
1823000 -0.733035242536739
1824000 -0.754254657104369
1825000 -0.749948156104433
1826000 -0.713405341830954
1827000 -0.706618681172915
1828000 -0.733556560924429
1829000 -0.752342295379951
1830000 -0.753177753794978
1831000 -0.725245318620563
1832000 -0.709021671926367
1833000 -0.731693041996221
1834000 -0.751527768320648
1835000 -0.757519431276244
1836000 -0.736050036155391
1837000 -0.715004496660387
1838000 -0.730105790787613
1839000 -0.755741033767885
1840000 -0.7579268907601
1841000 -0.744073127175323
1842000 -0.721362483579613
1843000 -0.727503977768251
1844000 -0.752117702080944
1845000 -0.756536894691864
1846000 -0.743018887163597
1847000 -0.72573855799258
1848000 -0.724387626152836
1849000 -0.746182107921553
1850000 -0.75547016183754
1851000 -0.74266450995132
1852000 -0.726628596056626
1853000 -0.722844574551796
1854000 -0.741409880228829
1855000 -0.754306363517133
1856000 -0.75029507581499
1857000 -0.731893276298714
1858000 -0.735298608151282
1859000 -0.742987849187921
1860000 -0.764679438032414
1861000 -0.749492360099377
1862000 -0.74449844292005
1863000 -0.738437700809243
1864000 -0.744436757885229
1865000 -0.757913864009196
1866000 -0.75819820865766
1867000 -0.743301058296536
1868000 -0.742032842452055
1869000 -0.746010521098224
1870000 -0.75632976521361
1871000 -0.758881007646189
1872000 -0.747035397047902
1873000 -0.739101033924283
1874000 -0.746656938010579
1875000 -0.751260653634541
1876000 -0.756246155339927
1877000 -0.748263101885191
1878000 -0.74848135864204
1879000 -0.745560714492095
1880000 -0.74934975569698
1881000 -0.755933551738196
1882000 -0.755497447421375
1883000 -0.748607671627161
1884000 -0.752400700212101
1885000 -0.749046435827749
1886000 -0.751654406251005
1887000 -0.759611328263307
1888000 -0.76236221503181
1889000 -0.757000506578149
1890000 -0.75086512148036
1891000 -0.750855323489414
1892000 -0.767824802492026
1893000 -0.770562403324024
1894000 -0.760960983951554
1895000 -0.752127139543822
1896000 -0.755842707263338
1897000 -0.766211715718991
1898000 -0.77946783271929
1899000 -0.769344005749796
1900000 -0.752820899339149
1901000 -0.755624018193291
1902000 -0.768295633333016
1903000 -0.781010865993231
1904000 -0.774944900155678
1905000 -0.749391286008049
1906000 -0.748442457822892
1907000 -0.765584185897927
1908000 -0.783749173630355
1909000 -0.783188165294139
1910000 -0.751088628194688
1911000 -0.747468238750437
1912000 -0.770071143372503
1913000 -0.782605867731268
1914000 -0.783045537388184
1915000 -0.760767959739201
1916000 -0.743948963197873
1917000 -0.768036456422356
1918000 -0.789094540131245
1919000 -0.789943273416095
1920000 -0.766856950494829
1921000 -0.740258289437917
1922000 -0.769888643959128
1923000 -0.791266761648311
1924000 -0.785124227801413
1925000 -0.765260344744393
1926000 -0.742487519490425
1927000 -0.761491854574909
1928000 -0.79271515149482
1929000 -0.786058349985944
1930000 -0.763010652335836
1931000 -0.744524906238809
1932000 -0.762318441996505
1933000 -0.795067417793736
1934000 -0.798238007069328
1935000 -0.766360170903472
1936000 -0.746331713450529
1937000 -0.763458901023957
1938000 -0.790006584438104
1939000 -0.801855181693501
1940000 -0.768859492963802
1941000 -0.744388150579188
1942000 -0.769718175630765
1943000 -0.797407273853944
1944000 -0.801578764005135
1945000 -0.778632275572412
1946000 -0.746108420918949
1947000 -0.77163533513014
1948000 -0.808400503508375
1949000 -0.801892601321505
1950000 -0.776878441390895
1951000 -0.751345038368285
1952000 -0.766904430896278
1953000 -0.806946753674545
1954000 -0.804303705621107
1955000 -0.778534522410556
1956000 -0.754169890195749
1957000 -0.773437761954304
1958000 -0.807559459832934
1959000 -0.807598484124091
1960000 -0.778867232448953
1961000 -0.756544935991135
1962000 -0.779557279208203
1963000 -0.810178577744953
1964000 -0.811765365689234
1965000 -0.776701395075564
1966000 -0.755369799595424
1967000 -0.782882402408602
1968000 -0.813958222226244
1969000 -0.810570043651402
1970000 -0.777679123882008
1971000 -0.760612985678022
1972000 -0.782561313019441
1973000 -0.815107535695093
1974000 -0.800483316936692
1975000 -0.779342906134413
1976000 -0.767405604241167
1977000 -0.783868209322681
1978000 -0.813672056714747
1979000 -0.797416104516019
1980000 -0.77181336514887
1981000 -0.776290464606668
1982000 -0.794583127667857
1983000 -0.806833037761792
1984000 -0.801979727903325
1985000 -0.780835493714596
1986000 -0.783001287242371
1987000 -0.799491850798858
1988000 -0.808615440152351
1989000 -0.797446131686147
1990000 -0.784108931070131
1991000 -0.78442474470992
1992000 -0.807942897992176
1993000 -0.808518705647753
1994000 -0.795176878753637
1995000 -0.794289872348405
1996000 -0.79997315171495
1997000 -0.803295565338771
1998000 -0.804501168218435
1999000 -0.795748064012588
2000000 -0.797560985091198
2001000 -0.809842273718202
2002000 -0.80180552657617
2003000 -0.801081859295475
2004000 -0.792497822227191
2005000 -0.803413103625629
2006000 -0.80823595588512
2007000 -0.806165500867524
2008000 -0.792629394273176
2009000 -0.800759059695052
2010000 -0.812037175024401
2011000 -0.817079187335119
2012000 -0.797373884208163
2013000 -0.792255511162634
2014000 -0.802321854142424
2015000 -0.814764043051949
2016000 -0.815499997496071
2017000 -0.798399281033595
2018000 -0.792279800298906
2019000 -0.811390486422493
2020000 -0.817562775243576
2021000 -0.816737001481987
2022000 -0.793893253593138
2023000 -0.795584449568977
2024000 -0.823521328769802
2025000 -0.833671443568768
2026000 -0.817022649702383
2027000 -0.792821203322397
2028000 -0.797820497298598
2029000 -0.82233674072414
2030000 -0.838253513132383
2031000 -0.817100161939824
2032000 -0.790317720957071
2033000 -0.80516308691247
2034000 -0.830344339903939
2035000 -0.840313282973116
2036000 -0.808604197080297
2037000 -0.787564470413467
2038000 -0.806635224175664
2039000 -0.839724740978807
2040000 -0.838715485248278
2041000 -0.805661214595764
2042000 -0.787998269766139
2043000 -0.81449798578189
2044000 -0.846638622909989
2045000 -0.828852394175001
2046000 -0.798137249423719
2047000 -0.790391042327777
2048000 -0.822975595592735
2049000 -0.846461010920063
2050000 -0.837695324445501
2051000 -0.800019801251334
2052000 -0.791724977303561
2053000 -0.834074543998941
2054000 -0.849804361821217
2055000 -0.827348304541952
2056000 -0.793031246609599
2057000 -0.804732078088572
2058000 -0.847275367619758
2059000 -0.853055210421108
2060000 -0.819986339878263
2061000 -0.789481875675694
2062000 -0.810785554479049
2063000 -0.853621669174961
2064000 -0.851432258040284
2065000 -0.816181899851484
2066000 -0.785435212275161
2067000 -0.824563768036679
2068000 -0.852911682794467
2069000 -0.847681959101307
2070000 -0.809057591057933
2071000 -0.795719453525047
2072000 -0.833881388164654
2073000 -0.858857974219888
2074000 -0.843059241610426
2075000 -0.805514415993321
2076000 -0.808969663916531
2077000 -0.845656868345305
2078000 -0.861007394145419
2079000 -0.832940896382577
2080000 -0.799741704330294
2081000 -0.817317646039489
2082000 -0.847305367419461
2083000 -0.858468951326817
2084000 -0.824785658936872
2085000 -0.804692630074402
2086000 -0.827614630905432
2087000 -0.848796003278395
2088000 -0.853561071247983
2089000 -0.823449868630233
2090000 -0.804168164953993
2091000 -0.835745405657463
2092000 -0.857892555648262
2093000 -0.846876300697883
2094000 -0.820039623581197
2095000 -0.816068549381636
2096000 -0.84479640361589
2097000 -0.864574173799593
2098000 -0.841430427093248
2099000 -0.817352125311683
2100000 -0.820318926710808
2101000 -0.847252238550218
2102000 -0.852567388921518
2103000 -0.83727543527258
2104000 -0.823751750545972
2105000 -0.835688738552125
2106000 -0.856155087312067
2107000 -0.84593234240531
2108000 -0.833068986456676
2109000 -0.830062140486219
2110000 -0.843789712033175
2111000 -0.849289709182359
2112000 -0.843850820981399
2113000 -0.834642960860523
2114000 -0.839138132983863
2115000 -0.847200875173468
2116000 -0.850355813782969
2117000 -0.844292002795561
2118000 -0.83834822576444
2119000 -0.844660490203432
2120000 -0.845079366205576
2121000 -0.845801440039207
2122000 -0.843774599538935
2123000 -0.84838485434848
2124000 -0.855883218986511
2125000 -0.84437785808131
2126000 -0.84843365384133
2127000 -0.853525905341739
2128000 -0.859375400707448
2129000 -0.857030873638499
2130000 -0.840270416385284
2131000 -0.846907926820474
2132000 -0.859989932030713
2133000 -0.86459990233068
2134000 -0.847491834217785
2135000 -0.840503804315266
2136000 -0.850817515711184
2137000 -0.867386941327011
2138000 -0.86728727519907
2139000 -0.841603601235404
2140000 -0.836286966906396
2141000 -0.859836921275147
2142000 -0.869053373829161
2143000 -0.858566632989163
2144000 -0.838934213236979
2145000 -0.8376588255779
2146000 -0.871878520170323
2147000 -0.873971913015105
2148000 -0.853966038691662
2149000 -0.834720747680344
2150000 -0.850339075465807
2151000 -0.884620337056299
2152000 -0.879282970395161
2153000 -0.846383091723106
2154000 -0.836817396249107
2155000 -0.864233821774389
2156000 -0.884496096532574
2157000 -0.868232426271799
2158000 -0.840045433824874
2159000 -0.84314125015674
2160000 -0.878308115169853
2161000 -0.886685651019417
2162000 -0.858042521222707
2163000 -0.833196747139216
2164000 -0.854370141091052
2165000 -0.886367608955902
2166000 -0.886561808257696
2167000 -0.855036472050777
2168000 -0.83348916958448
2169000 -0.868117346316965
2170000 -0.896683483909464
2171000 -0.874610593353481
2172000 -0.839520314369666
2173000 -0.843840520535694
2174000 -0.882867622607725
2175000 -0.90161662498759
2176000 -0.866150957829348
2177000 -0.83791131535149
2178000 -0.862561090840149
2179000 -0.895117850468186
2180000 -0.896554868749575
2181000 -0.855341140228721
2182000 -0.84035992961945
2183000 -0.879069694016999
2184000 -0.907544504119627
2185000 -0.881238825504893
2186000 -0.843572635454794
2187000 -0.851912008975714
2188000 -0.891539134352608
2189000 -0.900897723392361
2190000 -0.87013869077187
2191000 -0.840403540691319
2192000 -0.868221821571819
2193000 -0.904362167412391
2194000 -0.896729931056377
2195000 -0.854747715902328
2196000 -0.848621147719548
2197000 -0.888942247720349
2198000 -0.902700197257816
2199000 -0.88275295483918
2200000 -0.851218757694741
2201000 -0.86418749635142
2202000 -0.90095560759328
2203000 -0.901029654447701
2204000 -0.87087549643227
2205000 -0.852560701176151
2206000 -0.880351652208728
2207000 -0.907743936925323
2208000 -0.894358458267824
2209000 -0.863954304992372
2210000 -0.864144368921193
2211000 -0.892912348147112
2212000 -0.906102314069772
2213000 -0.880883115124344
2214000 -0.860381115054313
2215000 -0.878524172052563
2216000 -0.905821955702193
2217000 -0.892798954679496
2218000 -0.87273082788402
2219000 -0.869987279670545
2220000 -0.890811335001325
2221000 -0.90366675006301
2222000 -0.887237948475196
2223000 -0.873101291233639
2224000 -0.884466403870918
2225000 -0.900476527890477
2226000 -0.894825092089991
2227000 -0.879317394702052
2228000 -0.886721007423971
2229000 -0.891649249710812
2230000 -0.900135355073042
2231000 -0.883664597324367
2232000 -0.883078506070644
2233000 -0.895974588285479
2234000 -0.89820564701773
2235000 -0.892327455100306
2236000 -0.884961797827764
2237000 -0.889090413745405
2238000 -0.899898873600393
2239000 -0.896319534749835
2240000 -0.882882245440622
2241000 -0.88981807905888
2242000 -0.90556196160814
2243000 -0.901156883767895
2244000 -0.891527872395466
2245000 -0.886094806129801
2246000 -0.901159406389671
2247000 -0.913376285865215
2248000 -0.895200451217389
2249000 -0.880848742097353
2250000 -0.896284408593391
2251000 -0.911713133366377
2252000 -0.905715688892309
2253000 -0.882488520065821
2254000 -0.885879773004834
2255000 -0.906213316511012
2256000 -0.92118012109558
2257000 -0.89781498014216
2258000 -0.879884684143112
2259000 -0.896536251128538
2260000 -0.918377423301531
2261000 -0.909359765864187
2262000 -0.88598676863686
2263000 -0.885515185629482
2264000 -0.913987148504597
2265000 -0.922721502325501
2266000 -0.896177130456739
2267000 -0.870868204658686
2268000 -0.899378087116274
2269000 -0.922334647143319
2270000 -0.913507609086128
2271000 -0.884484553017312
2272000 -0.884646058674989
2273000 -0.918988012140223
2274000 -0.929901350144843
2275000 -0.895133779741492
2276000 -0.884553565762449
2277000 -0.903996441836813
2278000 -0.927430505352248
2279000 -0.922608323705296
2280000 -0.885179352451538
2281000 -0.892040027199352
2282000 -0.922549881699627
2283000 -0.936743388745037
2284000 -0.909424929527516
2285000 -0.887902447994699
2286000 -0.908814216724269
2287000 -0.939757448306633
2288000 -0.928921912514036
2289000 -0.890303426635142
2290000 -0.895105421247592
2291000 -0.924770043674024
2292000 -0.942829327739425
2293000 -0.918373065943534
2294000 -0.888147932189671
2295000 -0.914409454808383
2296000 -0.935960803290904
2297000 -0.930927258720769
2298000 -0.898242835628613
2299000 -0.896668552593265
2300000 -0.926775719350058
2301000 -0.94902626042384
2302000 -0.917994797825325
2303000 -0.895823305541796
2304000 -0.915564408934305
2305000 -0.93935092465993
2306000 -0.936572138381173
2307000 -0.908154944293899
2308000 -0.901830880033171
2309000 -0.928708626025838
2310000 -0.939923049931206
2311000 -0.921290742682134
2312000 -0.901970356717027
2313000 -0.915961242052096
2314000 -0.94108751094921
2315000 -0.939905275323147
2316000 -0.90823368451323
2317000 -0.911854604504194
2318000 -0.929592736251905
2319000 -0.945867633338865
2320000 -0.93067827236177
2321000 -0.911611760305391
2322000 -0.923214276736325
2323000 -0.945658878759595
2324000 -0.938680166860317
2325000 -0.916467145977678
2326000 -0.914044185792226
2327000 -0.928704626457635
2328000 -0.944870206322951
2329000 -0.924064542580616
2330000 -0.913509143620078
2331000 -0.935077722914582
2332000 -0.935533574582177
2333000 -0.940217261978487
2334000 -0.926078491015582
2335000 -0.924635819887573
2336000 -0.933758185629467
2337000 -0.936164723464706
2338000 -0.931973468254569
2339000 -0.932616025887005
2340000 -0.936983018413291
2341000 -0.938063148564774
2342000 -0.93340027996681
2343000 -0.93102460613216
2344000 -0.937303685482936
2345000 -0.940325327990004
2346000 -0.932163598776106
2347000 -0.939881854448151
2348000 -0.940113351771503
2349000 -0.939374501471119
2350000 -0.933912012724877
2351000 -0.93189379362809
2352000 -0.93877954246188
2353000 -0.943780324350319
2354000 -0.936108659799708
2355000 -0.923879926692429
2356000 -0.9386219960086
2357000 -0.947538422532438
2358000 -0.942413376795135
2359000 -0.92893960957934
2360000 -0.935462952456196
2361000 -0.947999746167827
2362000 -0.945154519846925
2363000 -0.939191246971231
2364000 -0.932442856093832
2365000 -0.946255374254161
2366000 -0.954629489331967
2367000 -0.94251486873618
2368000 -0.933412285000317
2369000 -0.941799878059597
2370000 -0.9582182787627
2371000 -0.952177600736378
2372000 -0.934163817904712
2373000 -0.935883568368218
2374000 -0.951092973420364
2375000 -0.960747130225752
2376000 -0.950806242390715
2377000 -0.936037475502015
2378000 -0.947557372102234
2379000 -0.963220955629201
2380000 -0.962888376643076
2381000 -0.932402161288738
2382000 -0.938764191405173
2383000 -0.959700001419511
2384000 -0.965687373521112
2385000 -0.951974021565904
2386000 -0.932597076069068
2387000 -0.948332903062066
2388000 -0.967232245158736
2389000 -0.952014123535776
2390000 -0.932159759657045
2391000 -0.938995387019381
2392000 -0.963311179154493
2393000 -0.965803060244387
2394000 -0.948057765252997
2395000 -0.934245625729126
2396000 -0.952632444684881
2397000 -0.968653605412021
2398000 -0.956519532063554
2399000 -0.941673705049655
2400000 -0.952017009246075
2401000 -0.970049320589446
2402000 -0.966270825400537
2403000 -0.950807168153509
2404000 -0.942499235985996
2405000 -0.96199751243209
2406000 -0.976494531662858
2407000 -0.960309126943779
2408000 -0.946246447546351
2409000 -0.95399377842864
2410000 -0.975265124775831
2411000 -0.966992971007521
2412000 -0.949790056016571
2413000 -0.954115455886278
2414000 -0.971231092038585
2415000 -0.982707508861699
2416000 -0.95634955019949
2417000 -0.950271187708153
2418000 -0.967315504841244
2419000 -0.976128300607027
2420000 -0.967453771260165
2421000 -0.94718446457418
2422000 -0.956873304403162
2423000 -0.976254701918291
2424000 -0.978725717341443
2425000 -0.954411186277345
2426000 -0.950512298821341
2427000 -0.968946329777507
2428000 -0.976514548257236
2429000 -0.966070249223258
2430000 -0.950195124706179
2431000 -0.967587507159648
2432000 -0.971839931298979
2433000 -0.969218215704172
2434000 -0.964014470747244
2435000 -0.956988815253602
2436000 -0.977848677296782
2437000 -0.974684307699655
2438000 -0.969690224130474
2439000 -0.961583456062511
2440000 -0.973588926387995
2441000 -0.974337797425553
2442000 -0.971146109044394
2443000 -0.967734029872636
2444000 -0.964236986233035
2445000 -0.982683051914271
2446000 -0.975638889241212
2447000 -0.969649766178979
2448000 -0.9702429169786
2449000 -0.975187354083544
2450000 -0.979244301794797
2451000 -0.981984056708405
2452000 -0.975112823707826
2453000 -0.975642345408949
2454000 -0.984534652251219
2455000 -0.971737473812608
2456000 -0.983060725836971
2457000 -0.978787876908002
2458000 -0.975852036869978
2459000 -0.985676102113589
2460000 -0.980198192411777
2461000 -0.981518237258896
2462000 -0.980404611201124
2463000 -0.981346832578307
2464000 -0.980680313974444
2465000 -0.977218910195002
2466000 -0.97592311414133
2467000 -0.972676522489111
2468000 -0.977957177647159
2469000 -0.979723780585237
2470000 -0.987002046261189
2471000 -0.973300935275859
2472000 -0.970519187493792
2473000 -0.990363023952009
2474000 -0.991164809835844
2475000 -0.984941129734967
2476000 -0.981894828930912
2477000 -0.985648243618558
2478000 -0.992924588512139
2479000 -0.992321769308613
2480000 -0.973785037674379
2481000 -0.981600768536229
2482000 -0.997951091424542
2483000 -0.988863455024296
2484000 -0.985940215797341
2485000 -0.974896821369348
2486000 -0.99527532939008
2487000 -1.00034169844076
2488000 -0.984513589212562
2489000 -0.979591457635893
2490000 -0.997407642730861
2491000 -1.00343037052703
2492000 -0.99704187545137
2493000 -0.979360513894029
2494000 -0.984883221173256
2495000 -1.00957947842491
2496000 -0.998117796149263
2497000 -0.981581252012999
2498000 -0.993807793333067
2499000 -1.0015168225644
2500000 -1.00863505241965
2501000 -0.983118044882325
2502000 -0.978562365270978
2503000 -1.00537028582996
2504000 -1.01328175184713
2505000 -0.997565513395454
2506000 -0.983241071576297
2507000 -0.994418420286371
2508000 -1.01300229231974
2509000 -1.00664165400092
2510000 -0.981392975247493
2511000 -0.994652860543714
2512000 -1.014027188788
2513000 -1.01022493546269
2514000 -0.992070159931398
2515000 -0.981982633534408
2516000 -1.00845375262278
2517000 -1.01609374499767
2518000 -0.995560131555545
2519000 -0.990543191273741
2520000 -1.00302988045907
2521000 -1.02119729623309
2522000 -1.00052451608158
2523000 -0.991103343736763
2524000 -1.00052369569942
2525000 -1.01028493083331
2526000 -1.01265525882301
2527000 -0.991466169523351
2528000 -1.00066510857966
2529000 -1.01084207155014
2530000 -1.01948868170313
2531000 -1.00230509340034
2532000 -0.995051470956271
2533000 -1.01248866151964
2534000 -1.01657546976238
2535000 -1.00653704810521
2536000 -0.998136753488794
2537000 -1.01359279170781
2538000 -1.01157138276893
2539000 -1.00616270733211
2540000 -1.00421229648513
2541000 -1.01137942023879
2542000 -1.02160626429681
2543000 -1.00601597066434
2544000 -1.00608054797669
2545000 -1.00889178680079
2546000 -1.01261936950767
2547000 -1.01862654755242
2548000 -1.00603670642292
2549000 -1.0066233494475
2550000 -1.02129558052541
2551000 -1.00996119904187
2552000 -1.01469238074513
2553000 -1.01641242321235
2554000 -1.00790813463539
2555000 -1.01923600847679
2556000 -1.00918725768498
2557000 -1.0194193014633
2558000 -1.02018639780232
2559000 -1.00452182553974
2560000 -1.0149781359348
2561000 -1.01981551453629
2562000 -1.01829882710618
2563000 -1.01563955518191
2564000 -1.01193809067608
2565000 -1.02045705918815
2566000 -1.02823115466922
2567000 -1.01081438074589
2568000 -1.01333825258288
2569000 -1.0242664004639
2570000 -1.02559394834568
2571000 -1.02947020824674
2572000 -1.01429714730458
2573000 -1.01454869576928
2574000 -1.02706716201395
2575000 -1.02617732173409
2576000 -1.01338082841516
2577000 -1.01839989726869
2578000 -1.03006793294089
2579000 -1.03146777120531
2580000 -1.02115784886148
2581000 -1.01267574564636
2582000 -1.02842423266927
2583000 -1.03226095855718
2584000 -1.02465210276685
2585000 -1.01716549359753
2586000 -1.02493020724404
2587000 -1.0410731353257
2588000 -1.02799583912314
2589000 -1.0140174866176
2590000 -1.02738306801374
2591000 -1.04214456251904
2592000 -1.02997036197308
2593000 -1.02351874431585
2594000 -1.02082221754146
2595000 -1.03535938592275
2596000 -1.04299688615533
2597000 -1.02002840999961
2598000 -1.01980127660902
2599000 -1.03591780985544
2600000 -1.04099896073335
2601000 -1.03513121457259
2602000 -1.02109932657162
2603000 -1.03719124697478
2604000 -1.04218747722443
2605000 -1.03365140170975
2606000 -1.02194644451584
2607000 -1.03987491672173
2608000 -1.04426926325279
2609000 -1.04202276306664
2610000 -1.03220023888991
2611000 -1.02879261118082
2612000 -1.04889381813698
2613000 -1.04059533697507
2614000 -1.02752086949858
2615000 -1.03546055227578
2616000 -1.03976093667867
2617000 -1.04603362893017
2618000 -1.03613370374732
2619000 -1.03100517566001
2620000 -1.04150344349251
2621000 -1.04371766407623
2622000 -1.03226896255541
2623000 -1.03958803062594
2624000 -1.04074463068894
2625000 -1.04297380611589
2626000 -1.04257780947872
2627000 -1.03733307080674
2628000 -1.04252818299922
2629000 -1.0429090407375
2630000 -1.04948394474835
2631000 -1.0456103895967
2632000 -1.04686747190772
2633000 -1.04162508856196
2634000 -1.04658363617629
2635000 -1.04764434382342
2636000 -1.0444230841782
2637000 -1.04584197621776
2638000 -1.04649871102863
2639000 -1.05093768749567
2640000 -1.05043529633803
2641000 -1.04521614845456
2642000 -1.04143991404603
2643000 -1.05162966561531
2644000 -1.05334966060702
2645000 -1.04207858784573
2646000 -1.04692848664354
2647000 -1.05485970396576
2648000 -1.05449068219845
2649000 -1.04294833922795
2650000 -1.0441096671138
2651000 -1.05908432626154
2652000 -1.06446792333985
2653000 -1.05054960136231
2654000 -1.04156132078055
2655000 -1.05733895556649
2656000 -1.06008482243451
2657000 -1.05374284619084
2658000 -1.05121461026255
2659000 -1.05854659451843
2660000 -1.06900792855516
2661000 -1.06584197661947
2662000 -1.04564209381191
2663000 -1.05719236453788
2664000 -1.06149543619203
2665000 -1.05967528703081
2666000 -1.05739555431695
2667000 -1.05163621223718
2668000 -1.06797081629702
2669000 -1.06507675617169
2670000 -1.05200901364026
2671000 -1.06127604577693
2672000 -1.06703761931942
2673000 -1.06535525633937
2674000 -1.06109509172556
2675000 -1.05716237226343
2676000 -1.06010427699569
2677000 -1.06636627712148
2678000 -1.06015123400641
2679000 -1.05400098586211
2680000 -1.06162631351264
2681000 -1.07457018440613
2682000 -1.06914331825634
2683000 -1.06284155430133
2684000 -1.06218603959987
2685000 -1.06792237869687
2686000 -1.07167097394368
2687000 -1.06263256341572
2688000 -1.06593919360383
2689000 -1.06884297033013
2690000 -1.06966150004088
2691000 -1.06918328478971
2692000 -1.05919040642414
2693000 -1.07078354052991
2694000 -1.07247241040482
2695000 -1.06779337015797
2696000 -1.06883981139818
2697000 -1.06882312653211
2698000 -1.07773389574433
2699000 -1.07860295421127
2700000 -1.06691266247677
2701000 -1.06518706856014
2702000 -1.07629670397746
2703000 -1.07670864332203
2704000 -1.07147517474456
2705000 -1.0665147865736
2706000 -1.0755416997849
2707000 -1.07747395005714
2708000 -1.07266692064776
2709000 -1.07530601988097
2710000 -1.07948754990595
2711000 -1.08508356385191
2712000 -1.07969511334931
2713000 -1.06909347497789
2714000 -1.07758630752503
2715000 -1.09124562295796
2716000 -1.08614530209909
2717000 -1.07878263680112
2718000 -1.07851180752508
2719000 -1.08638235782128
2720000 -1.08621772189394
2721000 -1.07497916369736
2722000 -1.07533768140625
2723000 -1.08426914669726
2724000 -1.09102273115566
2725000 -1.07953605207983
2726000 -1.07160980408748
2727000 -1.08196159498874
2728000 -1.08498786683186
2729000 -1.0764781445957
2730000 -1.0745464298163
2731000 -1.08466241134742
2732000 -1.09168612899785
2733000 -1.08680876232482
2734000 -1.07544060359156
2735000 -1.08637748835889
2736000 -1.09028261202535
2737000 -1.0862262878808
2738000 -1.0803766914394
2739000 -1.08323810709349
2740000 -1.09699130956897
2741000 -1.0868056222726
2742000 -1.0811012246659
2743000 -1.07950945964297
2744000 -1.09134186663782
2745000 -1.09610751308888
2746000 -1.09007961654787
2747000 -1.08977434800837
2748000 -1.09881578743913
2749000 -1.09251498253375
2750000 -1.08815785906398
2751000 -1.0886747882911
2752000 -1.08888130984908
2753000 -1.09773860342058
2754000 -1.09237836905972
2755000 -1.09300184378603
2756000 -1.10111119449088
2757000 -1.09333616407307
2758000 -1.0987838858359
2759000 -1.09570188200849
2760000 -1.09242791719225
2761000 -1.09989792215376
2762000 -1.09521912787992
2763000 -1.09343924573464
2764000 -1.09302636992717
2765000 -1.09291018406755
2766000 -1.10951487308014
2767000 -1.10248469505282
2768000 -1.09443571883526
2769000 -1.10226853822706
2770000 -1.10263702905925
2771000 -1.10431015944076
2772000 -1.09475461561452
2773000 -1.08852735034549
2774000 -1.1082493426073
2775000 -1.10759518001317
2776000 -1.09272272024186
2777000 -1.09643773118089
2778000 -1.10403540005315
2779000 -1.10853080758792
2780000 -1.09751252728564
2781000 -1.0936092305503
2782000 -1.11766934001452
2783000 -1.11557594672456
2784000 -1.09938817261157
2785000 -1.10165604609266
2786000 -1.11145895230127
2787000 -1.11386785669795
2788000 -1.10126567526593
2789000 -1.09502867244621
2790000 -1.10766676426786
2791000 -1.1162587704416
2792000 -1.10136863754644
2793000 -1.09893898753875
2794000 -1.11125379702734
2795000 -1.12030777657319
2796000 -1.10918673716996
2797000 -1.10724148058742
2798000 -1.11390309280456
2799000 -1.12506701889536
2800000 -1.11005764855486
2801000 -1.10346239601322
2802000 -1.11501964188768
2803000 -1.1206776504872
2804000 -1.11422885929587
2805000 -1.1090343264521
2806000 -1.1180282840064
2807000 -1.1201665165103
2808000 -1.11220235949118
2809000 -1.11312570062389
2810000 -1.11720125390858
2811000 -1.12298693955914
2812000 -1.12215905577382
2813000 -1.11249097670022
2814000 -1.11748464186171
2815000 -1.12163789910792
2816000 -1.11401747383723
2817000 -1.11919277049018
2818000 -1.12659242186359
2819000 -1.11834874970843
2820000 -1.1278823535729
2821000 -1.12841469574924
2822000 -1.12167400674839
2823000 -1.12151742584999
2824000 -1.1234185872198
2825000 -1.12862008558975
2826000 -1.13305741661313
2827000 -1.11544009303142
2828000 -1.1279853190959
2829000 -1.13082954403704
2830000 -1.12581981968738
2831000 -1.12064614384569
2832000 -1.12955666671092
2833000 -1.13907876121809
2834000 -1.12868038957143
2835000 -1.1100490050987
2836000 -1.12735776535263
2837000 -1.13688961592593
2838000 -1.12332392908519
2839000 -1.1272733776292
2840000 -1.13027620674301
2841000 -1.14649546422485
2842000 -1.13372827118348
2843000 -1.11732013891221
2844000 -1.13164399958991
2845000 -1.14473878962295
2846000 -1.13443938828961
2847000 -1.11862360091349
2848000 -1.13210662914006
2849000 -1.1435298315564
2850000 -1.13514152793738
2851000 -1.1215429508701
2852000 -1.13661012056026
2853000 -1.14495175497553
2854000 -1.14198760344581
2855000 -1.12992273358203
2856000 -1.13793554736493
2857000 -1.15057280318206
2858000 -1.13795858890195
2859000 -1.12765645847678
2860000 -1.1396013201399
2861000 -1.15290231812502
2862000 -1.13866574624565
2863000 -1.13094309072006
2864000 -1.13691588430134
2865000 -1.14361225485816
2866000 -1.13887509740386
2867000 -1.13310765070041
2868000 -1.14177195128475
2869000 -1.14868287551092
2870000 -1.14229395368188
2871000 -1.13388183395674
2872000 -1.14069797492402
2873000 -1.14108630964497
2874000 -1.14651409700178
2875000 -1.14137563832997
2876000 -1.1494920070439
2877000 -1.14820630544486
2878000 -1.14521887007442
2879000 -1.1377514267887
2880000 -1.1485826419933
2881000 -1.14534254196754
2882000 -1.14373342339684
2883000 -1.15181580961619
2884000 -1.15359814136267
2885000 -1.14515273438126
2886000 -1.14082065133288
2887000 -1.15213762781593
2888000 -1.14688700085068
2889000 -1.14060048742603
2890000 -1.15401355538071
2891000 -1.15582762355524
2892000 -1.14394851430696
2893000 -1.14789659971589
2894000 -1.14928039557116
2895000 -1.15873969794569
2896000 -1.14948725005686
2897000 -1.14429251748229
2898000 -1.15403474072086
2899000 -1.15752163344682
2900000 -1.14819363577441
2901000 -1.14642809363269
2902000 -1.15731067328487
2903000 -1.16293945850154
2904000 -1.15080639217769
2905000 -1.14817815942458
2906000 -1.15571955695738
2907000 -1.16839402298294
2908000 -1.15567747164672
2909000 -1.1460785019377
2910000 -1.15647191223279
2911000 -1.18085087866562
2912000 -1.15396884135893
2913000 -1.14635463606978
2914000 -1.16068123309957
2915000 -1.17416906630807
2916000 -1.1517779543263
2917000 -1.14492687318359
2918000 -1.16852015682714
2919000 -1.1715997089121
2920000 -1.15613445046183
2921000 -1.14456650819853
2922000 -1.16312477758547
2923000 -1.17346141958996
2924000 -1.15753736360699
2925000 -1.14833516313614
2926000 -1.17005192775536
2927000 -1.17641464972542
2928000 -1.15756928506105
2929000 -1.14422063138649
2930000 -1.16114378903074
2931000 -1.18096705976445
2932000 -1.1638748485201
2933000 -1.15176630427212
2934000 -1.17078585026443
2935000 -1.17163714945044
2936000 -1.16181948595671
2937000 -1.15140605504092
2938000 -1.1721769567938
2939000 -1.17524626117694
2940000 -1.15696477207058
2941000 -1.16367765056305
2942000 -1.17482068149382
2943000 -1.17778797199817
2944000 -1.16486925358715
2945000 -1.16201308034227
2946000 -1.17366280465051
2947000 -1.18101145857946
2948000 -1.16646069873609
2949000 -1.16564598361095
2950000 -1.17947203475535
2951000 -1.17421395991539
2952000 -1.17768178337052
2953000 -1.17408721205531
2954000 -1.18591130130087
2955000 -1.1837309856864
2956000 -1.17370834394872
2957000 -1.17098930210229
2958000 -1.18247856547439
2959000 -1.17771448655696
2960000 -1.17822282954016
2961000 -1.18967733477573
2962000 -1.18225423076248
2963000 -1.17816459173194
2964000 -1.18000058999811
2965000 -1.18762115265918
2966000 -1.18583578325165
2967000 -1.17451373856269
2968000 -1.18112342382189
2969000 -1.19095243893992
2970000 -1.17915922277964
2971000 -1.17346886084235
2972000 -1.18485893601151
2973000 -1.19536949421048
2974000 -1.17811686193579
2975000 -1.17586799491233
2976000 -1.19395043423267
2977000 -1.19274823451437
2978000 -1.17711501133087
2979000 -1.17478433208967
2980000 -1.19595323573033
2981000 -1.19953418400438
2982000 -1.184085847071
2983000 -1.18089451229685
2984000 -1.18973363911437
2985000 -1.19857539212507
2986000 -1.17930549302112
2987000 -1.1725701553381
2988000 -1.20433881832774
2989000 -1.20073353807319
2990000 -1.18010237325471
2991000 -1.1828965244363
2992000 -1.19930458995614
2993000 -1.20224570681473
2994000 -1.17272592914861
2995000 -1.18092058151125
2996000 -1.21308793793818
2997000 -1.20252599136451
2998000 -1.17098078723523
2999000 -1.18515512720156
3000000 -1.20917161641297
3001000 -1.20162164797605
3002000 -1.17645886629447
3003000 -1.20354998909613
3004000 -1.21502981854442
3005000 -1.19258131602865
3006000 -1.181670676601
3007000 -1.19820062026559
3008000 -1.21641548457498
3009000 -1.20053602678621
3010000 -1.18505567799859
3011000 -1.2018326956297
3012000 -1.20966516287069
3013000 -1.19886482578704
3014000 -1.18641792467124
3015000 -1.20848906289892
3016000 -1.22288486931502
3017000 -1.19588137241487
3018000 -1.19263881059713
3019000 -1.21738166837477
3020000 -1.21112948034984
3021000 -1.19070150587682
3022000 -1.19738294952681
3023000 -1.21672308758875
3024000 -1.21659080107452
3025000 -1.19483639891724
3026000 -1.19988446791789
3027000 -1.22053166650355
3028000 -1.20321397344017
3029000 -1.19576967426388
3030000 -1.21387618272866
3031000 -1.22395292905519
3032000 -1.19586262562541
3033000 -1.20061354377953
3034000 -1.21621845372783
3035000 -1.21454419279995
3036000 -1.19449073609326
3037000 -1.20621228062839
3038000 -1.22293524877036
3039000 -1.20692400884188
3040000 -1.20160830198121
3041000 -1.21221934670893
3042000 -1.22456765812388
3043000 -1.2054672513976
3044000 -1.20019547040178
3045000 -1.22326246816615
3046000 -1.22204836606882
3047000 -1.20251397420828
3048000 -1.20598390955452
3049000 -1.22428439233872
3050000 -1.21662220053046
3051000 -1.20131725840915
3052000 -1.21469643154347
3053000 -1.22619721548363
3054000 -1.21890034778537
3055000 -1.19719861561248
3056000 -1.21356527804871
3057000 -1.23614493652529
3058000 -1.21110179511567
3059000 -1.20514743861386
3060000 -1.2267624104809
3061000 -1.23022014720351
3062000 -1.20998945842732
3063000 -1.2085761161278
3064000 -1.23154124724178
3065000 -1.24063562184492
3066000 -1.20011360380107
3067000 -1.20808151860443
3068000 -1.24064248136036
3069000 -1.21918122311558
3070000 -1.20624546720728
3071000 -1.22489738777452
3072000 -1.24047975129801
3073000 -1.22287405175691
3074000 -1.20897200538767
3075000 -1.22287420018964
3076000 -1.24316211323686
3077000 -1.22104609488256
3078000 -1.21332662378112
3079000 -1.23357355240121
3080000 -1.23621762922598
3081000 -1.22159983825683
3082000 -1.22641307831553
3083000 -1.22805318066689
3084000 -1.23657651248601
3085000 -1.22134106252853
3086000 -1.213625358296
3087000 -1.23716001584308
3088000 -1.22882425839262
3089000 -1.21770122296822
3090000 -1.23008369836865
3091000 -1.23989615165354
3092000 -1.23165502791099
3093000 -1.22106090766023
3094000 -1.2295064743649
3095000 -1.24519600926828
3096000 -1.2255897960617
3097000 -1.23170659165725
3098000 -1.23465461818808
3099000 -1.22804340421339
3100000 -1.2329395621254
3101000 -1.23465225926153
3102000 -1.22857839235017
3103000 -1.23766080358878
3104000 -1.22807411969355
3105000 -1.2417859448573
3106000 -1.23576162037281
3107000 -1.21825553020525
3108000 -1.23722282240332
3109000 -1.23643457825035
3110000 -1.23191232228457
3111000 -1.22950671594761
3112000 -1.24382526013392
3113000 -1.24197908841303
3114000 -1.23160588609811
3115000 -1.23099184756043
3116000 -1.24716187188974
3117000 -1.23684783430459
3118000 -1.23584925488559
3119000 -1.24192748083516
3120000 -1.24919755102987
3121000 -1.23985273621732
3122000 -1.23084220358083
3123000 -1.24609051880528
3124000 -1.24996586572731
3125000 -1.23815445523114
3126000 -1.23637569156217
3127000 -1.24705598097536
3128000 -1.24700246078964
3129000 -1.24242670675594
3130000 -1.23171960990954
3131000 -1.24897258243474
3132000 -1.24817695681953
3133000 -1.23035114807545
3134000 -1.24027141239652
3135000 -1.24837023740189
3136000 -1.24294426548229
3137000 -1.24797978609207
3138000 -1.24223089927409
3139000 -1.25764989938394
3140000 -1.25216991634566
3141000 -1.24384075543838
3142000 -1.25101662085182
3143000 -1.2537144417342
3144000 -1.24899741358794
3145000 -1.24855387991614
3146000 -1.25498675204015
3147000 -1.25642198038816
3148000 -1.25418963629573
3149000 -1.25519007528368
3150000 -1.26558059571499
3151000 -1.2452097385603
3152000 -1.25447956661824
3153000 -1.26286009813254
3154000 -1.2500759441335
3155000 -1.25244384344274
3156000 -1.25480985477134
3157000 -1.26687375795661
3158000 -1.25134384618586
3159000 -1.25173012721435
3160000 -1.27099124857195
3161000 -1.25918242637376
3162000 -1.25114421263628
3163000 -1.25821246636929
3164000 -1.26554860607143
3165000 -1.26190880310025
3166000 -1.24503284594494
3167000 -1.2573464111452
3168000 -1.2770855877701
3169000 -1.25455085220089
3170000 -1.24729515287891
3171000 -1.26983640672111
3172000 -1.26952811006789
3173000 -1.25460626459012
3174000 -1.24767779565153
3175000 -1.27119136293655
3176000 -1.2709439479586
3177000 -1.24795505427341
3178000 -1.25761945308366
3179000 -1.28011528212379
3180000 -1.26209555024781
3181000 -1.24766568014056
3182000 -1.27345344564763
3183000 -1.27656491098035
3184000 -1.26294098175772
3185000 -1.2490776552997
3186000 -1.27442434281645
3187000 -1.28230743739725
3188000 -1.25440931454658
3189000 -1.25625633644102
3190000 -1.28632380343294
3191000 -1.27124722691554
3192000 -1.25692116013103
3193000 -1.26726586990955
3194000 -1.27635452517226
3195000 -1.26814342429525
3196000 -1.25827905927205
3197000 -1.27288377041309
3198000 -1.28346428317872
3199000 -1.2677648487807
3200000 -1.26643634465529
3201000 -1.27676888770561
3202000 -1.274412358611
3203000 -1.2626549904026
3204000 -1.2775775960509
3205000 -1.28174627819691
3206000 -1.27005395392481
3207000 -1.27063588545712
3208000 -1.27804620413506
3209000 -1.27798423667776
3210000 -1.27131583679272
3211000 -1.27652194943399
3212000 -1.28474900934117
3213000 -1.27596272103119
3214000 -1.26637248870371
3215000 -1.28376623935234
3216000 -1.28835784158999
3217000 -1.26738129097245
3218000 -1.2799089790142
3219000 -1.28666609781484
3220000 -1.28769583131285
3221000 -1.267480387468
3222000 -1.27513907798224
3223000 -1.28984423139943
3224000 -1.2772466274881
3225000 -1.27885916259556
3226000 -1.28187957288122
3227000 -1.29192350499808
3228000 -1.27848254567778
3229000 -1.27569739726123
3230000 -1.28970515398703
3231000 -1.2896490842535
3232000 -1.276290706604
3233000 -1.28146804329899
3234000 -1.29650230332417
3235000 -1.28870574353142
3236000 -1.27742518408767
3237000 -1.28212931399653
3238000 -1.29806852515673
3239000 -1.28519776447491
3240000 -1.28066353053556
3241000 -1.29046997527511
3242000 -1.29560382176933
3243000 -1.27819733564928
3244000 -1.27776310845052
3245000 -1.29584542958044
3246000 -1.30530049798021
3247000 -1.27327500361573
3248000 -1.28846905558655
3249000 -1.3046167498428
3250000 -1.28405016043282
3251000 -1.28523597196511
3252000 -1.29650153313288
3253000 -1.28949749488998
3254000 -1.2889125502052
3255000 -1.28208229339943
3256000 -1.30176901821253
3257000 -1.2919149225058
3258000 -1.29171923860653
3259000 -1.3002957988732
3260000 -1.29229511985751
3261000 -1.28469496726432
3262000 -1.30620250110775
3263000 -1.30126036158667
3264000 -1.28650823053116
3265000 -1.30090114633286
3266000 -1.30591246820669
3267000 -1.30093281645871
3268000 -1.28363533512772
3269000 -1.29982066654709
3270000 -1.30725668741431
3271000 -1.29545070497088
3272000 -1.29261889871015
3273000 -1.30901531141332
3274000 -1.30844055602258
3275000 -1.29335400579455
3276000 -1.29524120377107
3277000 -1.32366664629524
3278000 -1.30252332377497
3279000 -1.28805241388598
3280000 -1.31108158068472
3281000 -1.31466130131352
3282000 -1.29706627310457
3283000 -1.30117874703759
3284000 -1.30891103450845
3285000 -1.31212580494211
3286000 -1.29595300345139
3287000 -1.30317926876685
3288000 -1.32286517143798
3289000 -1.31372220789454
3290000 -1.29831069101116
3291000 -1.31153041614951
3292000 -1.31614912186655
3293000 -1.30610651266196
3294000 -1.30649794187168
3295000 -1.31313331798298
3296000 -1.31481921061442
3297000 -1.30543258539765
3298000 -1.31165360956489
3299000 -1.31321364142711
3300000 -1.31449958016908
3301000 -1.30699533446442
3302000 -1.30649510493914
3303000 -1.31945553409422
3304000 -1.31932424753985
3305000 -1.30791453716172
3306000 -1.3227312141079
3307000 -1.31252606454855
3308000 -1.31969988370956
3309000 -1.31492357301521
3310000 -1.31880380290769
3311000 -1.31432228670414
3312000 -1.31070399659906
3313000 -1.31411754154414
3314000 -1.3311137804572
3315000 -1.30575712636812
3316000 -1.31468580378027
3317000 -1.33719604678457
3318000 -1.31835816951945
3319000 -1.31061502105993
3320000 -1.33154357084537
3321000 -1.32673062472387
3322000 -1.31916391580175
3323000 -1.31025029958097
3324000 -1.33185982237482
3325000 -1.33182326063099
3326000 -1.30256366721713
3327000 -1.32277065263898
3328000 -1.34529423722714
3329000 -1.32036178722877
3330000 -1.30954738489107
3331000 -1.33984188524347
3332000 -1.339450325804
3333000 -1.31325020878035
3334000 -1.30837366883901
3335000 -1.34759806975698
3336000 -1.33213713186325
3337000 -1.30442283141616
3338000 -1.32928857028856
3339000 -1.35166210280489
3340000 -1.32261509840513
3341000 -1.31169628238381
3342000 -1.34146173483696
3343000 -1.34876971896355
3344000 -1.30939625192757
3345000 -1.3239478090243
3346000 -1.3481490137715
3347000 -1.33684747377037
3348000 -1.31390888967063
3349000 -1.33898469970093
3350000 -1.34754102039781
3351000 -1.32813471744734
3352000 -1.31797121592978
3353000 -1.34813572623021
3354000 -1.34016198445398
3355000 -1.32616943118645
3356000 -1.33561205186694
3357000 -1.34669604385264
3358000 -1.33331936905934
3359000 -1.33389608910677
3360000 -1.34388933889519
3361000 -1.34014913410816
3362000 -1.32310688949855
3363000 -1.34234644072755
3364000 -1.34653659281714
3365000 -1.32726961292558
3366000 -1.33505680018593
3367000 -1.34728017741592
3368000 -1.33616587827619
3369000 -1.32964697584438
3370000 -1.34684637480859
3371000 -1.34562315135072
3372000 -1.33561713163226
3373000 -1.32236410962771
3374000 -1.3601765868964
3375000 -1.35033834760863
3376000 -1.32241757103888
3377000 -1.34661228007102
3378000 -1.35757881664616
3379000 -1.32851217584781
3380000 -1.33864781373207
3381000 -1.35148953770027
3382000 -1.35330670869447
3383000 -1.33845695924924
3384000 -1.33523502499472
3385000 -1.35813563475733
3386000 -1.3496373845445
3387000 -1.32263239011422
3388000 -1.35983759798636
3389000 -1.35897366710082
3390000 -1.33870455382362
3391000 -1.33930966328318
3392000 -1.35370196451185
3393000 -1.35488186680839
3394000 -1.34207272108524
3395000 -1.35351106314092
3396000 -1.36584780003387
3397000 -1.34368460762346
3398000 -1.34020631365822
3399000 -1.35410779060909
3400000 -1.35546129485964
3401000 -1.34353800267527
3402000 -1.35252477067386
3403000 -1.36926419074085
3404000 -1.35152977183804
3405000 -1.33805697943917
3406000 -1.36519550507149
3407000 -1.35559076623918
3408000 -1.34662240738747
3409000 -1.36302476096286
3410000 -1.36724544224105
3411000 -1.34173304304141
3412000 -1.34796732056176
3413000 -1.3719210313399
3414000 -1.35330379814628
3415000 -1.34655989891833
3416000 -1.36895737597467
3417000 -1.36652139211587
3418000 -1.35206535694776
3419000 -1.35441710611145
3420000 -1.38337005620808
3421000 -1.36993231102972
3422000 -1.33784742492051
3423000 -1.37085012826273
3424000 -1.37297564358886
3425000 -1.35010260295293
3426000 -1.35909086581737
3427000 -1.38091498224724
3428000 -1.37768284466126
3429000 -1.34308493552783
3430000 -1.36066855478374
3431000 -1.39647838408861
3432000 -1.36089467557589
3433000 -1.3482946762743
3434000 -1.38176862221409
3435000 -1.37955027207041
3436000 -1.34860544538275
3437000 -1.35375645351653
3438000 -1.39098235914217
3439000 -1.37994330650904
3440000 -1.34483176387428
3441000 -1.37936424079903
3442000 -1.39243975749907
3443000 -1.3566634159814
3444000 -1.35370391470769
3445000 -1.39079654849229
3446000 -1.38115161948353
3447000 -1.35776191786899
3448000 -1.37638847566396
3449000 -1.39933608402897
3450000 -1.36825109715186
3451000 -1.35996207971296
3452000 -1.38709111307889
3453000 -1.39000923167267
3454000 -1.35500648134015
3455000 -1.3751887795271
3456000 -1.39226038577232
3457000 -1.37273695465234
3458000 -1.36913107092156
3459000 -1.38994941918201
3460000 -1.38911008702336
3461000 -1.36385534411038
3462000 -1.37157376230915
3463000 -1.40311151102715
3464000 -1.37136381885605
3465000 -1.37320853369518
3466000 -1.39795703178054
3467000 -1.38947903099607
3468000 -1.35710168596852
3469000 -1.39338283236292
3470000 -1.39875254902961
3471000 -1.37539452185042
3472000 -1.37156406099475
3473000 -1.40411462652247
3474000 -1.39014609577169
3475000 -1.35179278520589
3476000 -1.39350360208449
3477000 -1.41024037463384
3478000 -1.36375200353314
3479000 -1.37158769039247
3480000 -1.41078967993672
3481000 -1.39333919626691
3482000 -1.3542528771552
3483000 -1.39462100798422
3484000 -1.41187806719637
3485000 -1.38136889058315
3486000 -1.36830562964672
3487000 -1.4090462637394
3488000 -1.40363903546501
3489000 -1.36056996844294
3490000 -1.39639200960865
3491000 -1.41849160917029
3492000 -1.38303867081318
3493000 -1.37451809890399
3494000 -1.40094802180508
3495000 -1.40635454916101
3496000 -1.37192341394146
3497000 -1.38315839625955
3498000 -1.41949559583522
3499000 -1.39014709109653
3500000 -1.37409660258598
3501000 -1.41189025886936
3502000 -1.40215372679233
3503000 -1.3833610167392
3504000 -1.39570969268482
3505000 -1.41149471699501
3506000 -1.39148545413384
3507000 -1.37812653863419
3508000 -1.40780270714161
3509000 -1.40460992434209
3510000 -1.38018645801968
3511000 -1.40803590658816
3512000 -1.41042836557734
3513000 -1.38694309586805
3514000 -1.39490867394863
3515000 -1.41903963012748
3516000 -1.40039639946138
3517000 -1.38490398127315
3518000 -1.40487580230615
3519000 -1.41499705962186
3520000 -1.38384661726289
3521000 -1.39422180727976
3522000 -1.43201356040696
3523000 -1.39572411512063
3524000 -1.38949464343523
3525000 -1.41715180205232
3526000 -1.41283421178759
3527000 -1.3875572546481
3528000 -1.39939792249401
3529000 -1.43096251158829
3530000 -1.40056665640106
3531000 -1.38017737372474
3532000 -1.41789200897642
3533000 -1.41653106715365
3534000 -1.37956138443523
3535000 -1.4019855637971
3536000 -1.4336630919468
3537000 -1.40169691850319
3538000 -1.38691085947294
3539000 -1.42343081085653
3540000 -1.42403867125671
3541000 -1.39422331569677
3542000 -1.40329863233901
3543000 -1.4288572184424
3544000 -1.40800760132792
3545000 -1.38464923050227
3546000 -1.42543060155079
3547000 -1.41927825287313
3548000 -1.39116981917543
3549000 -1.41420294988001
3550000 -1.42478285481528
3551000 -1.4047045224335
3552000 -1.40278234985812
3553000 -1.42740413712571
3554000 -1.42013071444753
3555000 -1.40382617152018
3556000 -1.42118132572992
3557000 -1.42778361952644
3558000 -1.40624236749063
3559000 -1.4067854867999
3560000 -1.43353777051108
3561000 -1.41121634441174
3562000 -1.40463958550307
3563000 -1.43254462001106
3564000 -1.42506269289155
3565000 -1.39942261396299
3566000 -1.41950028553028
3567000 -1.43772264640764
3568000 -1.40485265644375
3569000 -1.40669654620521
3570000 -1.4405184302153
3571000 -1.42831336405057
3572000 -1.39525291818203
3573000 -1.42164987020821
3574000 -1.44722643241463
3575000 -1.40699919981821
3576000 -1.40334474516478
3577000 -1.45367471508529
3578000 -1.42455063086508
3579000 -1.39664286132546
3580000 -1.44177149899442
3581000 -1.43922010840422
3582000 -1.40565446215715
3583000 -1.41633061551881
3584000 -1.45051774952428
3585000 -1.43280443845244
3586000 -1.3975835388973
3587000 -1.44897260733847
3588000 -1.44242160015262
3589000 -1.41278882552288
3590000 -1.42909780813676
3591000 -1.44979021641117
3592000 -1.42251590368938
3593000 -1.41434680386387
3594000 -1.44849984372246
3595000 -1.4358079514355
3596000 -1.41662741551196
3597000 -1.4307112862636
3598000 -1.44982665464857
3599000 -1.41839810997848
3600000 -1.42322808883776
3601000 -1.45442321671274
3602000 -1.42335819636046
3603000 -1.41635033109424
3604000 -1.4463946718605
3605000 -1.43703862924677
3606000 -1.41306067969365
3607000 -1.44045622014312
3608000 -1.44803941899194
3609000 -1.42268131714868
3610000 -1.41707040512187
3611000 -1.46348851243797
3612000 -1.44181212655938
3613000 -1.41046709165272
3614000 -1.44873394059751
3615000 -1.46232559620398
3616000 -1.41846501554484
3617000 -1.43055276754484
3618000 -1.46552397658652
3619000 -1.43895132638415
3620000 -1.41616819177684
3621000 -1.44986028194802
3622000 -1.45848588495926
3623000 -1.42808586496206
3624000 -1.42729802210303
3625000 -1.46201388385987
3626000 -1.43574172534206
3627000 -1.42402356529311
3628000 -1.44707942982676
3629000 -1.45555887627722
3630000 -1.41877829012008
3631000 -1.45026617063177
3632000 -1.45895228542888
3633000 -1.4401422444781
3634000 -1.43991415048284
3635000 -1.45585042654229
3636000 -1.44359609711604
3637000 -1.44313471736725
3638000 -1.45325408292105
3639000 -1.46111062817698
3640000 -1.43455873852498
3641000 -1.44223696991045
3642000 -1.46430211855628
3643000 -1.43851918920261
3644000 -1.44618848268293
3645000 -1.46357877883038
3646000 -1.4442068152827
3647000 -1.44408855341497
3648000 -1.45339153910771
3649000 -1.46727882978613
3650000 -1.43456073280976
3651000 -1.44123671532289
3652000 -1.47898846476422
3653000 -1.45064618631794
3654000 -1.42852013929755
3655000 -1.47587300771413
3656000 -1.47082166258767
3657000 -1.43063367196933
3658000 -1.44776869833613
3659000 -1.48324106472422
3660000 -1.44757568769236
3661000 -1.43582172165474
3662000 -1.48160473485868
3663000 -1.47595276727576
3664000 -1.42916455493657
3665000 -1.45963373554923
3666000 -1.48195573581609
3667000 -1.4504759985448
3668000 -1.4379236759825
3669000 -1.48922932336919
3670000 -1.47454346295929
3671000 -1.4341557455389
3672000 -1.46785523311638
3673000 -1.48288999733692
3674000 -1.44895114041624
3675000 -1.45696659156128
3676000 -1.49003469780434
3677000 -1.4652083394589
3678000 -1.44785813219867
3679000 -1.47340768923084
3680000 -1.48160469736023
3681000 -1.44761457795473
3682000 -1.46222867011877
3683000 -1.48817147836411
3684000 -1.45352740244869
3685000 -1.45822278906853
3686000 -1.47970222343442
3687000 -1.4707440131454
3688000 -1.44715551462342
3689000 -1.47193052549386
3690000 -1.47966323945602
3691000 -1.45357573042903
3692000 -1.46299389991058
3693000 -1.48786553967894
3694000 -1.46206288179657
3695000 -1.45430051535179
3696000 -1.4860587445821
3697000 -1.47581356968694
3698000 -1.45348536881537
3699000 -1.46797282941073
3700000 -1.48743676672999
3701000 -1.45620791860085
3702000 -1.45922657611795
3703000 -1.48322046594076
3704000 -1.47931702187681
3705000 -1.4477570718776
3706000 -1.47528363178694
3707000 -1.49876487591938
3708000 -1.45145909422917
3709000 -1.46955584280539
3710000 -1.49642687848191
3711000 -1.4701576715295
3712000 -1.45393789987546
3713000 -1.48472576576426
3714000 -1.49827025605532
3715000 -1.44539691364404
3716000 -1.47206355863163
3717000 -1.50181388737786
3718000 -1.46828996515283
3719000 -1.46180859216686
3720000 -1.49579493458696
3721000 -1.48779358681702
3722000 -1.4628395027424
3723000 -1.47977654964158
3724000 -1.5044589779641
3725000 -1.47146288807329
3726000 -1.4717919307888
3727000 -1.50973117604873
3728000 -1.47829462414267
3729000 -1.46857932004141
3730000 -1.4958835666637
3731000 -1.48686316550795
3732000 -1.47821975404398
3733000 -1.48265649858986
3734000 -1.49846768576609
3735000 -1.48467022154699
3736000 -1.48156322671911
3737000 -1.50985621563388
3738000 -1.48758312713207
3739000 -1.4791401264674
3740000 -1.49910163166664
3741000 -1.49140134385761
3742000 -1.48093524617647
3743000 -1.49822793048442
3744000 -1.49760431076655
3745000 -1.48806805628124
3746000 -1.49062218727713
3747000 -1.49381601134641
3748000 -1.4914217534203
3749000 -1.4926386063946
3750000 -1.48463401737264
3751000 -1.5022899207786
3752000 -1.49311874840382
3753000 -1.4870454947906
3754000 -1.49533138242438
3755000 -1.50713276749368
3756000 -1.49762166633304
3757000 -1.47955863816047
3758000 -1.51145549051731
3759000 -1.49791935732409
3760000 -1.47669154899276
3761000 -1.50802898082235
3762000 -1.50544906084608
3763000 -1.4874924114441
3764000 -1.48509865451708
3765000 -1.51287972666971
3766000 -1.49905428885339
3767000 -1.47596450865681
3768000 -1.51148231684241
3769000 -1.51284241676077
3770000 -1.47404886816004
3771000 -1.5004594617436
3772000 -1.52585513685421
3773000 -1.4834872177585
3774000 -1.4888390644052
3775000 -1.51135808424441
3776000 -1.50768388485973
3777000 -1.48231007324598
3778000 -1.50981994270769
3779000 -1.52092693914914
3780000 -1.4884676764775
3781000 -1.50248019426261
3782000 -1.51524021255435
3783000 -1.50105382714007
3784000 -1.49471130386811
3785000 -1.51025043666866
3786000 -1.51212450187797
3787000 -1.49081932698627
3788000 -1.51235162491363
3789000 -1.50699639358858
3790000 -1.51014623215981
3791000 -1.5091920240102
3792000 -1.51727303473369
3793000 -1.51234975262381
3794000 -1.50399902016529
3795000 -1.50149216196432
3796000 -1.51251610562605
3797000 -1.50779455453181
3798000 -1.5068633102281
3799000 -1.51245734702704
3800000 -1.51293486909046
3801000 -1.50202644061629
3802000 -1.50399289963944
3803000 -1.52497392001145
3804000 -1.5053020769001
3805000 -1.49593200345826
3806000 -1.52837560119642
3807000 -1.51670316434013
3808000 -1.49636143248335
3809000 -1.51734788733739
3810000 -1.53135377616693
3811000 -1.49588380562195
3812000 -1.50934108503724
3813000 -1.54917939936929
3814000 -1.50446662595677
3815000 -1.49231740535353
3816000 -1.53462321966539
3817000 -1.52651910079368
3818000 -1.47738689810178
3819000 -1.52316437224584
3820000 -1.5401557816975
3821000 -1.48757572892934
3822000 -1.50289982064251
3823000 -1.54670522013393
3824000 -1.50289613478151
3825000 -1.49795703730077
3826000 -1.5331869035274
3827000 -1.53184501668064
3828000 -1.49878951544848
3829000 -1.51637762983869
3830000 -1.54468915160926
3831000 -1.50112679284396
3832000 -1.5085325226122
3833000 -1.53976718282505
3834000 -1.51623093174464
3835000 -1.50436264884604
3836000 -1.5282436419938
3837000 -1.53530683431129
3838000 -1.50992629640615
3839000 -1.52263379791432
3840000 -1.53158266677786
3841000 -1.52472245363906
3842000 -1.52057201199433
3843000 -1.52213291916242
3844000 -1.53085296231192
3845000 -1.53176596162363
3846000 -1.52037206426082
3847000 -1.53405621831935
3848000 -1.53920614430883
3849000 -1.51918134697464
3850000 -1.52513854712957
3851000 -1.54023998383846
3852000 -1.53374554983377
3853000 -1.51601233874221
3854000 -1.54780023327684
3855000 -1.54178465851052
3856000 -1.51464704361724
3857000 -1.53721718488731
3858000 -1.54985380954487
3859000 -1.52148296429914
3860000 -1.52692285722832
3861000 -1.55617030737448
3862000 -1.52581186039088
3863000 -1.51463784005315
3864000 -1.55901051237091
3865000 -1.54330467686043
3866000 -1.50700385614685
3867000 -1.5634118554661
3868000 -1.5511183861131
3869000 -1.50840096235218
3870000 -1.54764009541311
3871000 -1.56482594542339
3872000 -1.52483048810114
3873000 -1.52195945814946
3874000 -1.57385336940999
3875000 -1.53420733670582
3876000 -1.51282605149445
3877000 -1.57265604577906
3878000 -1.55335044749167
3879000 -1.51271736963735
3880000 -1.54811164570689
3881000 -1.57407619591072
3882000 -1.5135122084541
3883000 -1.53393493101288
3884000 -1.57198555903825
3885000 -1.52627191352241
3886000 -1.52867947665061
3887000 -1.56241620825106
3888000 -1.55555112508316
3889000 -1.52500974417461
3890000 -1.544761346764
3891000 -1.5535874678359
3892000 -1.53569964790153
3893000 -1.53923562347413
3894000 -1.55808363673251
3895000 -1.54209369585132
3896000 -1.54809612634915
3897000 -1.53902839810713
3898000 -1.5560340854753
3899000 -1.55662386792879
3900000 -1.53882841938326
3901000 -1.55395803889756
3902000 -1.56213256698565
3903000 -1.54641563644934
3904000 -1.54135152980021
3905000 -1.56420105616496
3906000 -1.56255564903391
3907000 -1.52959718835599
3908000 -1.56387914267877
3909000 -1.56930032011889
3910000 -1.52822159186664
3911000 -1.56061745177175
3912000 -1.57144960694627
3913000 -1.54595761248252
3914000 -1.53921160701749
3915000 -1.57250462985602
3916000 -1.55690105336346
3917000 -1.52753036628817
3918000 -1.5730528604772
3919000 -1.56585363539223
3920000 -1.52995984168369
3921000 -1.56510250592194
3922000 -1.56443212917093
3923000 -1.54409486747043
3924000 -1.54941473319916
3925000 -1.57912564843498
3926000 -1.55487713605029
3927000 -1.54835644846678
3928000 -1.58028988861168
3929000 -1.55911017418851
3930000 -1.55045837222908
3931000 -1.57560026663902
3932000 -1.5683520364127
3933000 -1.54992087746716
3934000 -1.56112234368244
3935000 -1.5737620453628
3936000 -1.54876774778959
3937000 -1.55575863524084
3938000 -1.58054671965038
3939000 -1.55753730866587
3940000 -1.55305368912215
3941000 -1.5688090705551
3942000 -1.56809434508802
3943000 -1.56027784609799
3944000 -1.57260070842269
3945000 -1.57681614385707
3946000 -1.56808868517355
3947000 -1.55524208859036
3948000 -1.57240285968172
3949000 -1.58208275900648
3950000 -1.56693026608568
3951000 -1.55422729216754
3952000 -1.59031630694476
3953000 -1.56923072970396
3954000 -1.55277046961523
3955000 -1.58361523820361
3956000 -1.58513910167653
3957000 -1.55888536787104
3958000 -1.56023230783545
3959000 -1.5919575591674
3960000 -1.5670172110431
3961000 -1.55060350925305
3962000 -1.59542801175167
3963000 -1.58070916394921
3964000 -1.54265740482569
3965000 -1.58137255158837
3966000 -1.5890420032143
3967000 -1.56214839178826
3968000 -1.5659234473909
3969000 -1.60257039341087
3970000 -1.57702509109334
3971000 -1.55391426162203
3972000 -1.6012232030151
3973000 -1.58106470892081
3974000 -1.55847940202153
3975000 -1.5778054167332
3976000 -1.58877837720762
3977000 -1.57797307494509
3978000 -1.57320086610369
3979000 -1.59540864301915
3980000 -1.58861821006432
3981000 -1.56905192717128
3982000 -1.58125645721349
3983000 -1.59942405320662
3984000 -1.57837405374411
3985000 -1.56817874395141
3986000 -1.6063629787878
3987000 -1.58944314917483
3988000 -1.56716525712279
3989000 -1.59129709478821
3990000 -1.59795193895351
3991000 -1.57280900815649
3992000 -1.58116171758877
3993000 -1.60923385184283
3994000 -1.58183544766695
3995000 -1.57636260783297
3996000 -1.6088118801641
3997000 -1.59240081392008
3998000 -1.57855842530172
3999000 -1.60585319767975
4000000 -1.58506700646159
4001000 -1.5841971774419
4002000 -1.59618603763416
4003000 -1.59465237518581
4004000 -1.58634153671701
4005000 -1.58931856378442
4006000 -1.60039883308985
4007000 -1.59266711700941
4008000 -1.59453018658483
4009000 -1.58826172217069
4010000 -1.59321478456665
4011000 -1.59515895489359
4012000 -1.59102624794065
4013000 -1.60433675396706
4014000 -1.59866890606648
4015000 -1.59091452930037
4016000 -1.59232885508147
4017000 -1.61041833359266
4018000 -1.5935350757771
4019000 -1.58329187668002
4020000 -1.61750432812047
4021000 -1.59305498660969
4022000 -1.57834802649318
4023000 -1.61891219001186
4024000 -1.60465347120725
4025000 -1.57253553173757
4026000 -1.6044932060022
4027000 -1.62131265580926
4028000 -1.57852444376252
4029000 -1.59609159244974
4030000 -1.63952587778298
4031000 -1.58051396378241
4032000 -1.58421233552215
4033000 -1.6309421294667
4034000 -1.59154623648082
4035000 -1.5865367777181
4036000 -1.61293675431133
4037000 -1.61766831621962
4038000 -1.58561025728103
4039000 -1.60972239090189
4040000 -1.62461188547574
4041000 -1.59445504231472
4042000 -1.59770816298405
4043000 -1.6168150838807
4044000 -1.60583045506211
4045000 -1.60667232583226
4046000 -1.5993452904121
4047000 -1.61264862485969
4048000 -1.61443716488098
4049000 -1.59935652014982
4050000 -1.60427982921403
4051000 -1.62983468872255
4052000 -1.5935986115084
4053000 -1.59899487528525
4054000 -1.6463047250591
4055000 -1.60164998011813
4056000 -1.58589622941823
4057000 -1.63641724503123
4058000 -1.62112280284378
4059000 -1.58872202418484
4060000 -1.61959653753335
4061000 -1.6437348226936
4062000 -1.57852495507131
4063000 -1.60656112871672
4064000 -1.65804571659162
4065000 -1.59018117005681
4066000 -1.60433609914307
4067000 -1.65489240360639
4068000 -1.6110711352842
4069000 -1.59820175758506
4070000 -1.6334579205161
4071000 -1.63333791548189
4072000 -1.59824061359305
4073000 -1.62765756284602
4074000 -1.63122715559849
4075000 -1.61397995546967
4076000 -1.61826821413988
4077000 -1.62251247827324
4078000 -1.62890229551487
4079000 -1.61947842624668
4080000 -1.61492409931951
4081000 -1.63245167146977
4082000 -1.63014026323697
4083000 -1.61445393058669
4084000 -1.62747427932457
4085000 -1.64632606663185
4086000 -1.60534428067676
4087000 -1.60963912284526
4088000 -1.66499762555156
4089000 -1.60887026313115
4090000 -1.61094336498084
4091000 -1.66317223628856
4092000 -1.62359861506931
4093000 -1.60576497532943
4094000 -1.64633634140357
4095000 -1.64411015951162
4096000 -1.61337575933112
4097000 -1.63159139236851
4098000 -1.65207784572031
4099000 -1.61520197323354
4100000 -1.62945027473173
4101000 -1.64927006428463
4102000 -1.62939234897723
4103000 -1.62629449256498
4104000 -1.64011469130494
4105000 -1.63457635470923
4106000 -1.63136682811599
4107000 -1.63336760991497
4108000 -1.63451163186909
4109000 -1.64557655201705
4110000 -1.62365769419648
4111000 -1.6297098394217
4112000 -1.6575137134892
4113000 -1.62461560079259
4114000 -1.62554532542216
4115000 -1.64992884059428
4116000 -1.63773699734559
4117000 -1.62506390917462
4118000 -1.64845600962245
4119000 -1.65309344055703
4120000 -1.62010781203355
4121000 -1.64466678625433
4122000 -1.65513936221757
4123000 -1.62159718894923
4124000 -1.64514215593146
4125000 -1.65818141684264
4126000 -1.62943255466722
4127000 -1.62805347781937
4128000 -1.66084711013753
4129000 -1.63128122380776
4130000 -1.62764770547392
4131000 -1.66205272119133
4132000 -1.63466664470148
4133000 -1.63984247388305
4134000 -1.64946727428426
4135000 -1.63995903392388
4136000 -1.64702299912378
4137000 -1.64447875043262
4138000 -1.64928463176014
4139000 -1.64972875879473
4140000 -1.64032598798928
4141000 -1.64466975795974
4142000 -1.64880766462218
4143000 -1.65483013131711
4144000 -1.63004029567021
4145000 -1.65942947503242
4146000 -1.65523730365929
4147000 -1.62527442351291
4148000 -1.6603428784434
4149000 -1.66121598879474
4150000 -1.63635238560476
4151000 -1.63766346968806
4152000 -1.67620718049076
4153000 -1.63561777853333
4154000 -1.63625634864566
4155000 -1.68698092215379
4156000 -1.63513407527849
4157000 -1.63483348796053
4158000 -1.67143373023345
4159000 -1.64897874624248
4160000 -1.63811094544005
4161000 -1.66060805760071
4162000 -1.67114816916434
4163000 -1.63612971970219
4164000 -1.65175095984368
4165000 -1.67462580895812
4166000 -1.64354034373253
4167000 -1.65259599576548
4168000 -1.66515916847808
4169000 -1.66519116953218
4170000 -1.65092707999057
4171000 -1.65753386460858
4172000 -1.66858985906374
4173000 -1.65566818766016
4174000 -1.65085370322396
4175000 -1.65821933737342
4176000 -1.68303573581929
4177000 -1.64248332969379
4178000 -1.64853492505238
4179000 -1.70160652762342
4180000 -1.64768921430868
4181000 -1.65142985589159
4182000 -1.68813771612583
4183000 -1.66420464957867
4184000 -1.63946987891816
4185000 -1.67628915176576
4186000 -1.68659431142331
4187000 -1.63757101848823
4188000 -1.67120172476321
4189000 -1.68850977349564
4190000 -1.63712648902841
4191000 -1.66823383449159
4192000 -1.6843887116018
4193000 -1.65929131547036
4194000 -1.65443482241053
4195000 -1.67122997219686
4196000 -1.67128872525486
4197000 -1.65789382047533
4198000 -1.66830265534622
4199000 -1.67293309606577
4200000 -1.67167332114052
4201000 -1.65410221825874
4202000 -1.67016230987168
4203000 -1.68093005742191
4204000 -1.65789232032353
4205000 -1.66932116277232
4206000 -1.68427247912554
4207000 -1.66772364820227
4208000 -1.66255413970221
4209000 -1.68944721260561
4210000 -1.68218552316007
4211000 -1.65109815675454
4212000 -1.69284445581329
4213000 -1.69193619446211
4214000 -1.64850631276192
4215000 -1.6819226753073
4216000 -1.69045841191469
4217000 -1.66402305415794
4218000 -1.67759860558637
4219000 -1.69228910156201
4220000 -1.67433362655013
4221000 -1.6650423768177
4222000 -1.69435421017104
4223000 -1.68417690240927
4224000 -1.67167094582956
4225000 -1.67843472304859
4226000 -1.69110267436219
4227000 -1.67805501072124
4228000 -1.67678703832266
4229000 -1.69053611765539
4230000 -1.68884874292967
4231000 -1.67149487399253
4232000 -1.68022154428513
4233000 -1.6983847587636
4234000 -1.68145746377044
4235000 -1.66687321295935
4236000 -1.71040837406201
4237000 -1.68477877962798
4238000 -1.66607562272932
4239000 -1.69713002867285
4240000 -1.6983885492022
4241000 -1.67135503004132
4242000 -1.68700445581341
4243000 -1.71445750426049
4244000 -1.66355545266109
4245000 -1.67795724680085
4246000 -1.71540605147119
4247000 -1.67387327956769
4248000 -1.68133110342578
4249000 -1.70876577677167
4250000 -1.68235044954958
4251000 -1.67911691804674
4252000 -1.69837038963136
4253000 -1.69446419413632
4254000 -1.69283586416425
4255000 -1.69000919015235
4256000 -1.69418861461546
4257000 -1.69882139551544
4258000 -1.6904264800037
4259000 -1.69483172608664
4260000 -1.70280805217366
4261000 -1.69197011597423
4262000 -1.68819616569277
4263000 -1.69622506126225
4264000 -1.70361664079103
4265000 -1.68623397506147
4266000 -1.70796176610988
4267000 -1.71276245548446
4268000 -1.66838362490542
4269000 -1.70982139577269
4270000 -1.7117349736501
4271000 -1.67363841264679
4272000 -1.70743331610658
4273000 -1.718887765419
4274000 -1.68750854996271
4275000 -1.68991925794992
4276000 -1.72730138845539
4277000 -1.69682791327837
4278000 -1.68401963742217
4279000 -1.71862767097973
4280000 -1.69971223863519
4281000 -1.69010577096932
4282000 -1.71397544011536
4283000 -1.70357999478162
4284000 -1.68579813696975
4285000 -1.70564947093788
4286000 -1.70768473820014
4287000 -1.69508761985143
4288000 -1.70370539010097
4289000 -1.71166464248812
4290000 -1.70369665939092
4291000 -1.70916181205112
4292000 -1.69927749731224
4293000 -1.71639343188123
4294000 -1.70156996261565
4295000 -1.70015073525103
4296000 -1.72172735373794
4297000 -1.70237572053648
4298000 -1.70364005837235
4299000 -1.71456707809454
4300000 -1.71678786606586
4301000 -1.70046622187716
4302000 -1.7116767325237
4303000 -1.7220118128332
4304000 -1.70106981341752
4305000 -1.71629836274685
4306000 -1.72342956946968
4307000 -1.70151520183805
4308000 -1.70273546850971
4309000 -1.72724760215212
4310000 -1.71178714976045
4311000 -1.70386922273489
4312000 -1.72467836754153
4313000 -1.72327402390448
4314000 -1.70962909511979
4315000 -1.7134467486222
4316000 -1.72755566214675
4317000 -1.71181984100396
4318000 -1.71324568070848
4319000 -1.73792480005515
4320000 -1.71449779644828
4321000 -1.71052597569817
4322000 -1.72342994085072
4323000 -1.72571824457239
4324000 -1.7179808204344
4325000 -1.71801833393364
4326000 -1.73165835778933
4327000 -1.71993499427501
4328000 -1.70135038815676
4329000 -1.74067918293792
4330000 -1.72478848606288
4331000 -1.70880789734933
4332000 -1.73687867566969
4333000 -1.73677595547605
4334000 -1.7101925931061
4335000 -1.72313274776721
4336000 -1.73820353477057
4337000 -1.71836578243989
4338000 -1.72291168919505
4339000 -1.73106568665921
4340000 -1.73089948844163
4341000 -1.71024025678014
4342000 -1.74114803098427
4343000 -1.73593928833785
4344000 -1.70741693360843
4345000 -1.73946127173242
4346000 -1.72457726250799
4347000 -1.72476753072614
4348000 -1.73029644916093
4349000 -1.72655012649334
4350000 -1.73352135714121
4351000 -1.71635202346225
4352000 -1.72878426979616
4353000 -1.73746445197801
4354000 -1.71889174723906
4355000 -1.72251454949662
4356000 -1.74241104319148
4357000 -1.72727079264584
4358000 -1.7231346344608
4359000 -1.73967936797817
4360000 -1.74433652249776
4361000 -1.71495711060817
4362000 -1.73732477110798
4363000 -1.75884592965481
4364000 -1.71447751489918
4365000 -1.73520657867846
4366000 -1.75943512119765
4367000 -1.72706509197162
4368000 -1.73306468020058
4369000 -1.76979117347099
4370000 -1.73314782559041
4371000 -1.73015135473029
4372000 -1.74636535273107
4373000 -1.74433463877057
4374000 -1.7286293360124
4375000 -1.74337976797852
4376000 -1.75349917428118
4377000 -1.73394258339217
4378000 -1.73691303932742
4379000 -1.74471417683499
4380000 -1.74918227066008
4381000 -1.73840482304743
4382000 -1.74174811700743
4383000 -1.75562118599922
4384000 -1.73322401860915
4385000 -1.73843110283438
4386000 -1.75749588670364
4387000 -1.74418459985624
4388000 -1.72832475239412
4389000 -1.76010818193764
4390000 -1.74844747710615
4391000 -1.73089229303512
4392000 -1.750958598129
4393000 -1.75724781122978
4394000 -1.72820861334447
4395000 -1.74274766518919
4396000 -1.7662114229273
4397000 -1.73430585618492
4398000 -1.73960846613672
4399000 -1.76391222260372
4400000 -1.74155524206742
4401000 -1.73980281751616
4402000 -1.75694684803554
4403000 -1.74743372194746
4404000 -1.74745926880501
4405000 -1.74862897788985
4406000 -1.76679389510727
4407000 -1.75522247985606
4408000 -1.74932521792598
4409000 -1.76410086056307
4410000 -1.74428236953359
4411000 -1.75383690751325
4412000 -1.76009167500119
4413000 -1.76765902464106
4414000 -1.74716876421061
4415000 -1.75003844105738
4416000 -1.77104768630034
4417000 -1.75185569208357
4418000 -1.7473595756122
4419000 -1.77376845050718
4420000 -1.75873840102535
4421000 -1.74096079865126
4422000 -1.77394286471603
4423000 -1.75416423302527
4424000 -1.74841279271094
4425000 -1.77665050014528
4426000 -1.75784669187487
4427000 -1.75242851780099
4428000 -1.76277094447665
4429000 -1.76805382874151
4430000 -1.76045360993619
4431000 -1.7617950087035
4432000 -1.7655380593919
4433000 -1.76143001190344
4434000 -1.76596551898575
4435000 -1.77171497730533
4436000 -1.76529377205068
4437000 -1.77327808541676
4438000 -1.75966145234725
4439000 -1.76892338848547
4440000 -1.7785990952162
4441000 -1.75045862030858
4442000 -1.77014364283477
4443000 -1.77902045884271
4444000 -1.74777591716057
4445000 -1.77125776035656
4446000 -1.7843368731787
4447000 -1.74251372283702
4448000 -1.77247545869824
4449000 -1.7901863156425
4450000 -1.75388734361807
4451000 -1.77558840393711
4452000 -1.77168585768136
4453000 -1.76748438455446
4454000 -1.76363240494566
4455000 -1.78763993464467
4456000 -1.77516710274689
4457000 -1.75909364657564
4458000 -1.7866598799062
4459000 -1.76587883327572
4460000 -1.77041071136042
4461000 -1.78180774951536
4462000 -1.77505122870437
4463000 -1.77024607888615
4464000 -1.78530104684601
4465000 -1.77223268197131
4466000 -1.77751036966038
4467000 -1.78493984953086
4468000 -1.76438892271891
4469000 -1.79458996809545
4470000 -1.77333424077106
4471000 -1.76984398823099
4472000 -1.79213339097137
4473000 -1.76716410935394
4474000 -1.775974922854
4475000 -1.78404247231902
4476000 -1.77804534682247
4477000 -1.76862875571378
4478000 -1.78865034840842
4479000 -1.78902952071298
4480000 -1.7668099761063
4481000 -1.78275199076425
4482000 -1.79253372210371
4483000 -1.76403595594206
4484000 -1.78568181399932
4485000 -1.79035341498138
4486000 -1.77989946383112
4487000 -1.78436860621412
4488000 -1.78992665936618
4489000 -1.78575901877226
4490000 -1.77252457759316
4491000 -1.78675407349755
4492000 -1.79018394355573
4493000 -1.77789599191032
4494000 -1.78085650539181
4495000 -1.79446932049551
4496000 -1.7833678429046
4497000 -1.78474188958649
4498000 -1.79492695153772
4499000 -1.79241704837026
4500000 -1.78116532926146
4501000 -1.79030532365842
4502000 -1.79873679881177
4503000 -1.77824268414322
4504000 -1.79157785645117
4505000 -1.80710952445651
4506000 -1.77885521505486
4507000 -1.7997316023345
4508000 -1.80467573688944
4509000 -1.79064233192831
4510000 -1.78242135801736
4511000 -1.80636431829085
4512000 -1.7921419471414
4513000 -1.78682812686975
4514000 -1.80941500884272
4515000 -1.79691011657197
4516000 -1.78721451802263
4517000 -1.79645585461496
4518000 -1.80491972541819
4519000 -1.79080473797859
4520000 -1.79050605033651
4521000 -1.81010233301826
4522000 -1.79387201040806
4523000 -1.79444354046489
4524000 -1.8074197120483
4525000 -1.7954062117497
4526000 -1.78959044708263
4527000 -1.80544499048435
4528000 -1.80586964179299
4529000 -1.79962849525495
4530000 -1.79709857250635
4531000 -1.80638974294065
4532000 -1.80677230719185
4533000 -1.79949079273998
4534000 -1.80934562871391
4535000 -1.8082813906153
4536000 -1.8020009049539
4537000 -1.8061121512605
4538000 -1.81674964067117
4539000 -1.80277081782216
4540000 -1.8042186505466
4541000 -1.81794953626334
4542000 -1.80731405612171
4543000 -1.79970370404537
4544000 -1.81563592914932
4545000 -1.80762127763415
4546000 -1.7955392149043
4547000 -1.81507962439498
4548000 -1.80527462114956
4549000 -1.79879397628117
4550000 -1.80827696450818
4551000 -1.81827753089337
4552000 -1.80282454535691
4553000 -1.80579653577601
4554000 -1.81570619640424
4555000 -1.79775836988119
4556000 -1.81427656731703
4557000 -1.81682974307601
4558000 -1.81367950316137
4559000 -1.80371288301435
4560000 -1.81886150096846
4561000 -1.82340150611375
4562000 -1.79966627548572
4563000 -1.81855217839487
4564000 -1.8217198358523
4565000 -1.80779518179768
4566000 -1.81161283554604
4567000 -1.82608952256381
4568000 -1.81507486900238
4569000 -1.81222335843262
4570000 -1.82630163245797
4571000 -1.81806834837546
4572000 -1.80515513288686
4573000 -1.82091202855463
4574000 -1.83176525098593
4575000 -1.81213697773267
4576000 -1.82153862849114
4577000 -1.83181104410344
4578000 -1.80939703247501
4579000 -1.82861563781377
4580000 -1.82596143431353
4581000 -1.82471273560703
4582000 -1.81384356812568
4583000 -1.82235489776464
4584000 -1.8378092956272
4585000 -1.81659017942107
4586000 -1.82037824764748
4587000 -1.83418752887277
4588000 -1.83200997456517
4589000 -1.81193240758916
4590000 -1.83715276120706
4591000 -1.83351150627556
4592000 -1.80952402788615
4593000 -1.83731716509976
4594000 -1.83241489530894
4595000 -1.81763802875055
4596000 -1.82409052185842
4597000 -1.84222985906818
4598000 -1.81942010032198
4599000 -1.81807975726533
4600000 -1.8413618371869
4601000 -1.81599557519118
4602000 -1.82055523408937
4603000 -1.83302045269301
4604000 -1.82893502998748
4605000 -1.8204396074272
4606000 -1.82599079302803
4607000 -1.84293873761828
4608000 -1.8197728365925
4609000 -1.82830724588272
4610000 -1.83774511483542
4611000 -1.83022229514298
4612000 -1.82922021128279
4613000 -1.84340632398469
4614000 -1.84211496037844
4615000 -1.82036829995281
4616000 -1.84160131126306
4617000 -1.84850302856266
4618000 -1.83228159979209
4619000 -1.84022112853269
4620000 -1.85187916678905
4621000 -1.83559798547026
4622000 -1.83202154682492
4623000 -1.85797270641316
4624000 -1.83555643342603
4625000 -1.84095461841578
4626000 -1.84758529923673
4627000 -1.84063313554399
4628000 -1.84537682508108
4629000 -1.8358269731696
4630000 -1.84152385150692
4631000 -1.84315197603034
4632000 -1.8420468701772
4633000 -1.84850564814883
4634000 -1.84170642198778
4635000 -1.84125951602251
4636000 -1.84453862977651
4637000 -1.85545795664394
4638000 -1.82907694256329
4639000 -1.84085623205312
4640000 -1.86069407671228
4641000 -1.83623005952347
4642000 -1.83450763996211
4643000 -1.85963947493101
4644000 -1.84492363384845
4645000 -1.8347410479704
4646000 -1.86508966139806
4647000 -1.84858150163832
4648000 -1.83529721378144
4649000 -1.86435044775872
4650000 -1.84837129706802
4651000 -1.85087580480803
4652000 -1.84688486662847
4653000 -1.85432471146324
4654000 -1.85657330049221
4655000 -1.8417305479834
4656000 -1.8607117552162
4657000 -1.8612198501708
4658000 -1.84846865378544
4659000 -1.84738793990248
4660000 -1.8698850773563
4661000 -1.83978880277572
4662000 -1.85223453014953
4663000 -1.87090435451272
4664000 -1.84249788643004
4665000 -1.85349710657657
4666000 -1.86213542310469
4667000 -1.85016645708394
4668000 -1.83987986714792
4669000 -1.86614392972077
4670000 -1.85461477516122
4671000 -1.84153882310762
4672000 -1.86635371972963
4673000 -1.84950392392476
4674000 -1.8640710057019
4675000 -1.8529223037701
4676000 -1.86018353328664
4677000 -1.86864443175936
4678000 -1.84858424673159
4679000 -1.86944055772485
4680000 -1.86822405948859
4681000 -1.84729006050143
4682000 -1.85766295493774
4683000 -1.87654464620043
4684000 -1.85206396736719
4685000 -1.85910152733038
4686000 -1.87524701544172
4687000 -1.85327033518665
4688000 -1.85889615545624
4689000 -1.87968349773737
4690000 -1.86460293604653
4691000 -1.85266233871071
4692000 -1.88063327297915
4693000 -1.87152099334577
4694000 -1.85996532909963
4695000 -1.88284574743188
4696000 -1.86626513691488
4697000 -1.86450464735017
4698000 -1.86710316346801
4699000 -1.87103151168818
4700000 -1.88092210432416
4701000 -1.85034327101718
4702000 -1.88390086547731
4703000 -1.87939849719531
4704000 -1.86341520287552
4705000 -1.87341613816622
4706000 -1.88785241210019
4707000 -1.86558631117304
4708000 -1.85901319904755
4709000 -1.89823846322282
4710000 -1.85775115998685
4711000 -1.86466743647999
4712000 -1.89855443584455
4713000 -1.86176553477146
4714000 -1.87189170480693
4715000 -1.88653283397666
4716000 -1.87886531687134
4717000 -1.868413456918
4718000 -1.88216017997183
4719000 -1.87775993698699
4720000 -1.87724158430273
4721000 -1.87314262098811
4722000 -1.8840982681055
4723000 -1.88613317720344
4724000 -1.86692148174181
4725000 -1.88586627811713
4726000 -1.88835556350871
4727000 -1.86910588384156
4728000 -1.87868195026351
4729000 -1.90262532453296
4730000 -1.86876745491689
4731000 -1.87200862997415
4732000 -1.91437939014218
4733000 -1.86721508971044
4734000 -1.87764661440677
4735000 -1.90093131629824
4736000 -1.87255850543703
4737000 -1.88252540748899
4738000 -1.89518015940583
4739000 -1.88714834612753
4740000 -1.87315993144224
4741000 -1.89509512934714
4742000 -1.88641779044371
4743000 -1.8885471429549
4744000 -1.88757998308584
4745000 -1.88624032406124
4746000 -1.89774098574204
4747000 -1.87937541058624
4748000 -1.895102474396
4749000 -1.90059893907419
4750000 -1.8777365292479
4751000 -1.89339577352064
4752000 -1.89930459427102
4753000 -1.88553566980888
4754000 -1.88005110969327
4755000 -1.91685677103249
4756000 -1.888858989666
4757000 -1.87829752022737
4758000 -1.91157543904788
4759000 -1.89037918721008
4760000 -1.87900784555186
4761000 -1.90079153695519
4762000 -1.89322962585428
4763000 -1.88011873665068
4764000 -1.90533949344993
4765000 -1.89146979238407
4766000 -1.89709671767068
4767000 -1.89652309579591
4768000 -1.89202217506008
4769000 -1.90842618834808
4770000 -1.88293457775682
4771000 -1.91328461414607
4772000 -1.90637465197774
4773000 -1.89408013580743
4774000 -1.9006354137272
4775000 -1.90991539514482
4776000 -1.90128995742582
4777000 -1.88907796429301
4778000 -1.91905672868372
4779000 -1.89455135733002
4780000 -1.89419029768172
4781000 -1.91929864516718
4782000 -1.90006132574874
4783000 -1.88650661253551
4784000 -1.91636603908046
4785000 -1.90939860739499
4786000 -1.88647676567693
4787000 -1.91960458686837
4788000 -1.90652471765042
4789000 -1.89030628184623
4790000 -1.90197515548603
4791000 -1.90832152431006
4792000 -1.91083973111383
4793000 -1.89557071589899
4794000 -1.91607572679548
4795000 -1.9138573118302
4796000 -1.90634373411388
4797000 -1.91451237117345
4798000 -1.92202055363282
4799000 -1.90192699588038
4800000 -1.90721444631583
4801000 -1.93103190137966
4802000 -1.89997567748441
4803000 -1.91095484817166
4804000 -1.92527397395214
4805000 -1.89921153724692
4806000 -1.90645139401459
4807000 -1.92990153113578
4808000 -1.9101256579601
4809000 -1.90077330775756
4810000 -1.92847251685093
4811000 -1.9113897841091
4812000 -1.91202701785809
4813000 -1.9125567994521
4814000 -1.91949474963099
4815000 -1.92774454099744
4816000 -1.90798995352855
4817000 -1.92243154512524
4818000 -1.92008567555634
4819000 -1.91239058997761
4820000 -1.92380039147394
4821000 -1.925310162869
4822000 -1.90885862756013
4823000 -1.92102642683737
4824000 -1.93152680198653
4825000 -1.90894823572321
4826000 -1.91412530260181
4827000 -1.93324800976425
4828000 -1.92178735746885
4829000 -1.90559875430686
4830000 -1.93576857182503
4831000 -1.91646405123862
4832000 -1.91378206904005
4833000 -1.93648190789071
4834000 -1.9196534034139
4835000 -1.92629252108001
4836000 -1.9199178317187
4837000 -1.92566033360456
4838000 -1.92557907502581
4839000 -1.90964980432241
4840000 -1.9378344371463
4841000 -1.93200120477459
4842000 -1.91397738742978
4843000 -1.93277605558107
4844000 -1.93874694197872
4845000 -1.9173665052367
4846000 -1.92742061788096
4847000 -1.94223135884302
4848000 -1.9207652857291
4849000 -1.9202213152429
4850000 -1.94307171249786
4851000 -1.92186457114825
4852000 -1.92580275738427
4853000 -1.94019596648745
4854000 -1.92431739660431
4855000 -1.93224352472761
4856000 -1.93690998220863
4857000 -1.9269229412093
4858000 -1.93060831150383
4859000 -1.93328711398866
4860000 -1.94375917336655
4861000 -1.93723706889124
4862000 -1.92266287178881
4863000 -1.94359741964189
4864000 -1.94118313387997
4865000 -1.92269375464698
4866000 -1.9470328582908
4867000 -1.94790147495707
4868000 -1.92552307836307
4869000 -1.94151680006866
4870000 -1.94775440234339
4871000 -1.92928323580958
4872000 -1.94253983013042
4873000 -1.94212109053851
4874000 -1.93420757979192
4875000 -1.94679587530087
4876000 -1.9482088179033
4877000 -1.93424295057345
4878000 -1.93803884122735
4879000 -1.94059157453889
4880000 -1.93914658859971
4881000 -1.94699163004991
4882000 -1.94156291895694
4883000 -1.946066681272
4884000 -1.94843041429039
4885000 -1.93845390593845
4886000 -1.95728337909266
4887000 -1.94093194265318
4888000 -1.9359059612695
4889000 -1.9665061787477
4890000 -1.9460283247753
4891000 -1.93443195546001
4892000 -1.97058419075565
4893000 -1.93988267855605
4894000 -1.9389529902431
4895000 -1.96151173659969
4896000 -1.93829796755229
4897000 -1.94539258583602
4898000 -1.9506041492398
4899000 -1.95087692017628
4900000 -1.94821446548635
4901000 -1.93685385178267
4902000 -1.95221518933441
4903000 -1.96071430836593
4904000 -1.9464192896881
4905000 -1.95535385276241
4906000 -1.96704020078171
4907000 -1.94088792044969
4908000 -1.95665212350175
4909000 -1.96584183872469
4910000 -1.94694541512113
4911000 -1.95238721119862
4912000 -1.97138688833587
4913000 -1.95418519816501
4914000 -1.96016777223148
4915000 -1.96743145050764
4916000 -1.94938870112575
4917000 -1.96353136014919
4918000 -1.96353290916955
4919000 -1.95426111109491
4920000 -1.9520753663439
4921000 -1.96226830795721
4922000 -1.95624870440622
4923000 -1.96093046630593
4924000 -1.96052640695402
4925000 -1.95549121945556
4926000 -1.96531576073324
4927000 -1.95427275775434
4928000 -1.96186481092352
4929000 -1.98098435538148
4930000 -1.94644282761503
4931000 -1.96863344005799
4932000 -1.98918365871598
4933000 -1.93724423585842
4934000 -1.97294307909704
4935000 -1.97180382727622
4936000 -1.94089098514199
4937000 -1.97271853597504
4938000 -1.97120083114911
4939000 -1.95762172784235
4940000 -1.96266184413788
4941000 -1.97267431273614
4942000 -1.96524739175839
4943000 -1.96588813332934
4944000 -1.96477190466754
4945000 -1.97430496390348
4946000 -1.96302434819829
4947000 -1.96253232703564
4948000 -1.97715901127011
4949000 -1.97223339768487
4950000 -1.96109577983163
4951000 -1.98992439399794
4952000 -1.98376901593988
4953000 -1.95319476451809
4954000 -1.99584732855519
4955000 -1.98263075169637
4956000 -1.960104097359
4957000 -1.98894853646545
4958000 -1.97556649636308
4959000 -1.96453418309257
4960000 -1.98035349511562
4961000 -1.97843592412972
4962000 -1.96770474902518
4963000 -1.97441469024193
4964000 -1.9714472710459
4965000 -1.97896004593443
4966000 -1.96979579577205
4967000 -1.96794600812005
4968000 -1.98917900073893
4969000 -1.96215948115344
4970000 -1.97565145553162
4971000 -1.99077907720357
4972000 -1.96829414347828
4973000 -1.97835136804233
4974000 -1.98594150333455
4975000 -1.97763146359326
4976000 -1.97073849085899
4977000 -1.99039637218394
4978000 -1.9793267138881
4979000 -1.97432833263931
4980000 -1.99528089513088
4981000 -1.97847505351185
4982000 -1.98121755496388
4983000 -1.98545267941407
4984000 -1.98322217480369
4985000 -1.98907568674718
4986000 -1.97809520329738
4987000 -1.98705787005114
4988000 -1.99489868548457
4989000 -1.97176016359724
4990000 -1.98888705328532
4991000 -2.00152254865802
4992000 -1.96553841429698
4993000 -1.99243324115174
4994000 -2.00786244167514
4995000 -1.96917632544614
4996000 -1.9898459465921
4997000 -1.99853726704302
4998000 -1.97991376966661
4999000 -1.98849203259262
5000000 -1.99885180105832
5001000 -1.98495938439209
5002000 -1.99047909980411
5003000 -1.993046159269
5004000 -1.9973272703455
5005000 -1.99042614559948
5006000 -1.98363092954587
5007000 -1.99955071333665
5008000 -1.99613147340369
5009000 -1.98619625734546
5010000 -2.00689381670571
5011000 -1.99560035290848
5012000 -1.9845246539519
5013000 -2.01001200625299
5014000 -1.99494416375326
5015000 -1.98011762930311
5016000 -2.0120315808101
5017000 -1.99464533625049
5018000 -1.98789699960803
5019000 -2.00498164987431
5020000 -1.99560340542976
5021000 -1.99296353657689
5022000 -2.00573175336826
5023000 -1.99547741560487
5024000 -2.00002130374827
5025000 -2.00161688867929
5026000 -1.99451491333709
5027000 -2.01505533084427
5028000 -2.00059172453214
5029000 -1.99134099069389
5030000 -2.01873724867958
5031000 -1.99924201029869
5032000 -1.99581524358811
5033000 -2.02125903791931
5034000 -1.99784475678343
5035000 -1.99682999493636
5036000 -2.03127308069257
5037000 -1.99590411684247
5038000 -2.00905329552129
5039000 -2.01696279639974
5040000 -1.9955398164168
5041000 -2.00832161563959
5042000 -2.01018970566807
5043000 -1.99643813781456
5044000 -2.01165852875887
5045000 -2.00513000857518
5046000 -1.99823170529184
5047000 -2.00828067672409
5048000 -2.00172821478374
5049000 -2.00978252026253
5050000 -2.00782906832301
5051000 -1.9988960012947
5052000 -2.02223663426859
5053000 -2.02243956034349
5054000 -1.99320156224607
5055000 -2.02475377912615
5056000 -2.02094458802856
5057000 -1.9967466303678
5058000 -2.02987674675212
5059000 -2.0119860207944
5060000 -2.0143250831998
5061000 -2.03077348371215
5062000 -2.01810889125964
5063000 -2.01748561185887
5064000 -2.02251010382007
5065000 -2.00994598501659
5066000 -2.01964567828912
5067000 -2.02677449054452
5068000 -2.01049380405535
5069000 -2.03223719440833
5070000 -2.01643707987713
5071000 -2.01001799247139
5072000 -2.03368066101586
5073000 -2.00784147644891
5074000 -2.0183917836916
5075000 -2.02899061288204
5076000 -2.00539518858774
5077000 -2.02498420885589
5078000 -2.03448256567916
5079000 -2.00577449725291
5080000 -2.03130599932648
5081000 -2.02503303987668
5082000 -2.00982577515866
5083000 -2.03276019305598
5084000 -2.02510857765625
5085000 -2.01665082409836
5086000 -2.03258917190889
5087000 -2.02351564482373
5088000 -2.02288023565385
5089000 -2.04592644414598
5090000 -2.01002644784137
5091000 -2.03457567952215
5092000 -2.03337559272444
5093000 -2.01134049941844
5094000 -2.05687997638072
5095000 -2.02793782716872
5096000 -2.01446627032981
5097000 -2.05667774465357
5098000 -2.02434470650265
5099000 -2.02253135014708
5100000 -2.04807450086839
5101000 -2.02476480402133
5102000 -2.03387655741228
5103000 -2.03885898929031
5104000 -2.02034274362568
5105000 -2.0349042766184
5106000 -2.03307115511897
5107000 -2.02292895864197
5108000 -2.03540329959657
5109000 -2.03675171287589
5110000 -2.02345229198007
5111000 -2.0476147257149
5112000 -2.02916865102523
5113000 -2.03852050068103
5114000 -2.0466751945
5115000 -2.02814858041324
5116000 -2.04558756662059
5117000 -2.05514837460376
5118000 -2.02919884103996
5119000 -2.05186549179889
5120000 -2.04481215224023
5121000 -2.02826717721377
5122000 -2.05623900295977
5123000 -2.03654449309742
5124000 -2.03100059682796
5125000 -2.05464022904049
5126000 -2.02858102000321
5127000 -2.03939464729724
5128000 -2.0494447232112
5129000 -2.03853759653458
5130000 -2.04205727114822
5131000 -2.05156913208799
5132000 -2.03323664220296
5133000 -2.05248325850012
5134000 -2.04013359552093
5135000 -2.04559322512291
5136000 -2.05358768232097
5137000 -2.03903601342599
5138000 -2.04858735809196
5139000 -2.05772966479368
5140000 -2.04032779889979
5141000 -2.04647695616342
5142000 -2.05789528526178
5143000 -2.04134866059796
5144000 -2.04880563190465
5145000 -2.053138014398
5146000 -2.03933420873814
5147000 -2.05391986729687
5148000 -2.05261136272507
5149000 -2.04061356185272
5150000 -2.06364986302212
5151000 -2.04781373254185
5152000 -2.04829958721547
5153000 -2.06515313050794
5154000 -2.04970743103247
5155000 -2.05829801918857
5156000 -2.05697238693722
5157000 -2.04932135883293
5158000 -2.06521763972661
5159000 -2.05203859526911
5160000 -2.04307055689027
5161000 -2.06653437991422
5162000 -2.05547186369808
5163000 -2.04798691243877
5164000 -2.06630237691278
5165000 -2.05438456674892
5166000 -2.05429746090996
5167000 -2.06904447904726
5168000 -2.0482136575077
5169000 -2.06485781536683
5170000 -2.07016501277581
5171000 -2.05119364316758
5172000 -2.07471306158858
5173000 -2.05555595788853
5174000 -2.05308363310416
5175000 -2.08347637316119
5176000 -2.05231519525143
5177000 -2.05676940817567
5178000 -2.08052730431672
5179000 -2.05282274723143
5180000 -2.06212608164707
5181000 -2.06875964727292
5182000 -2.05129109221405
5183000 -2.070005055967
5184000 -2.07038415694911
5185000 -2.05620009673167
5186000 -2.07648111552011
5187000 -2.06672124496591
5188000 -2.06867013049331
5189000 -2.07464314278422
5190000 -2.06107058199339
5191000 -2.06852938694169
5192000 -2.07736989216294
5193000 -2.05314801678711
5194000 -2.06710336114037
5195000 -2.07331756383802
5196000 -2.0526288085222
5197000 -2.07549430679029
5198000 -2.06868783127679
5199000 -2.06382944455376
5200000 -2.08277483402956
5201000 -2.0697313573755
5202000 -2.06066002820278
5203000 -2.08589139151853
5204000 -2.06845316517445
5205000 -2.07220236985175
5206000 -2.08358896084051
5207000 -2.07158185616296
5208000 -2.08911224594078
5209000 -2.07123902538258
5210000 -2.07430496968986
5211000 -2.07900337572051
5212000 -2.06983513653017
5213000 -2.07389596555024
5214000 -2.08666976931931
5215000 -2.06648005711021
5216000 -2.07669091710678
5217000 -2.07804497879239
5218000 -2.06566607161953
5219000 -2.08666648465808
5220000 -2.07650845773453
5221000 -2.07402929498519
5222000 -2.09132170361373
5223000 -2.07655798821086
5224000 -2.07691743278835
5225000 -2.0926914515233
5226000 -2.07558267422103
5227000 -2.08072841099123
5228000 -2.08829168525778
5229000 -2.08111449266758
5230000 -2.08738514779722
5231000 -2.07861856400522
5232000 -2.08757419075491
5233000 -2.08597180297898
5234000 -2.07519132516337
5235000 -2.08668040305849
5236000 -2.09098954479569
5237000 -2.07562860715528
5238000 -2.08331900743882
5239000 -2.09607744299011
5240000 -2.06953103050411
5241000 -2.09762082389876
5242000 -2.09128370853682
5243000 -2.08581712094842
5244000 -2.09699638095773
5245000 -2.08722329246293
5246000 -2.08674209719564
5247000 -2.09159038466316
5248000 -2.09123717751351
5249000 -2.0944725168446
5250000 -2.09395514925547
5251000 -2.08468397278629
5252000 -2.09981287421843
5253000 -2.09158145413751
5254000 -2.08396259389949
5255000 -2.10557271545882
5256000 -2.09344923048679
5257000 -2.08820366325469
5258000 -2.1166402588553
5259000 -2.08552043167
5260000 -2.09856677261013
5261000 -2.1100910163913
5262000 -2.07969791321688
5263000 -2.11056700129832
5264000 -2.09331837956226
5265000 -2.09183427904805
5266000 -2.1039809684124
5267000 -2.08977815513838
5268000 -2.09858023858606
5269000 -2.10836929506637
5270000 -2.08618935554301
5271000 -2.10725418700194
5272000 -2.09767274258425
5273000 -2.09338283028704
5274000 -2.11513917643501
5275000 -2.09302638948282
5276000 -2.10028664607334
5277000 -2.10393865790039
5278000 -2.09833905906493
5279000 -2.10252167254357
5280000 -2.10532255507804
5281000 -2.0951571945801
5282000 -2.09978995837479
5283000 -2.11184237115137
5284000 -2.10309692491089
5285000 -2.10757757168408
5286000 -2.10378692621635
5287000 -2.10867322230463
5288000 -2.10208464975768
5289000 -2.10433525403406
5290000 -2.10229163194605
5291000 -2.11110170733226
5292000 -2.10194083325369
5293000 -2.10662930630036
5294000 -2.11687083027743
5295000 -2.09372804802364
5296000 -2.1203245132871
5297000 -2.10867056627555
5298000 -2.09409201803461
5299000 -2.12542155392981
5300000 -2.10792348725447
5301000 -2.10652455010382
5302000 -2.12760098737509
5303000 -2.10648619874492
5304000 -2.11593399978737
5305000 -2.11251549123963
5306000 -2.10287818543618
5307000 -2.12452705506448
5308000 -2.09550844512847
5309000 -2.12186146875184
5310000 -2.12189080193551
5311000 -2.10116940045918
5312000 -2.12269309081693
5313000 -2.11073789162728
5314000 -2.10695810860159
5315000 -2.1236840370867
5316000 -2.1135027088425
5317000 -2.11335289503307
5318000 -2.12318837239513
5319000 -2.11564492230099
5320000 -2.11658708115813
5321000 -2.12018928487716
5322000 -2.11466087833198
5323000 -2.12177463804502
5324000 -2.12414324803845
5325000 -2.11723074288311
5326000 -2.12820612713056
5327000 -2.12571602270799
5328000 -2.11843108838291
5329000 -2.13866888725447
5330000 -2.12056986752812
5331000 -2.12410918869285
5332000 -2.13482468377554
5333000 -2.11251561873584
5334000 -2.12519212860472
5335000 -2.13188917362803
5336000 -2.11597590960266
5337000 -2.13631352273235
5338000 -2.12750705315404
5339000 -2.11978192731065
5340000 -2.12418363802051
5341000 -2.12468084695656
5342000 -2.13043224326808
5343000 -2.13092234190118
5344000 -2.12125500195824
5345000 -2.13313297533377
5346000 -2.13750727650784
5347000 -2.12391971977021
5348000 -2.13722355412169
5349000 -2.13468843516579
5350000 -2.12492175520285
5351000 -2.14431832191676
5352000 -2.1260885173028
5353000 -2.13279457223505
5354000 -2.14863513976049
5355000 -2.12285602512823
5356000 -2.14148834889468
5357000 -2.13958936905832
5358000 -2.12821738595513
5359000 -2.13551857867984
5360000 -2.12705843643664
5361000 -2.13698396756635
5362000 -2.13821818310621
5363000 -2.12735633203631
5364000 -2.14683425946721
5365000 -2.13754401639675
5366000 -2.13706934388193
5367000 -2.14529564156662
5368000 -2.13129209622955
5369000 -2.13982889360935
5370000 -2.14201322359229
5371000 -2.13475234654718
5372000 -2.13978926006338
5373000 -2.14876235056669
5374000 -2.12926659739925
5375000 -2.14274328744614
5376000 -2.13970111422922
5377000 -2.1360377598143
5378000 -2.14207957066008
5379000 -2.129083914861
5380000 -2.14332638074844
5381000 -2.14397865827609
5382000 -2.13572828571743
5383000 -2.15185299414356
5384000 -2.14149149531951
5385000 -2.13977349003339
5386000 -2.15603993778775
5387000 -2.13689860870506
5388000 -2.14505147060515
5389000 -2.15171651528846
5390000 -2.13610307524014
5391000 -2.15149752583899
5392000 -2.14613602734382
5393000 -2.14432955069845
5394000 -2.15010931458644
5395000 -2.14431139505321
5396000 -2.14180887187487
5397000 -2.15840165727823
5398000 -2.13842723293701
5399000 -2.15230824816557
5400000 -2.15030266820918
5401000 -2.1478014732769
5402000 -2.16278258094081
5403000 -2.14935594519686
5404000 -2.15265063970511
5405000 -2.16272291991144
5406000 -2.15217735735758
5407000 -2.15647382307693
5408000 -2.15725524165026
5409000 -2.15278838864647
5410000 -2.15583029705162
5411000 -2.15483064246554
5412000 -2.14737247506896
5413000 -2.15709874948348
5414000 -2.15180270802309
5415000 -2.15224428870789
5416000 -2.16272889020306
5417000 -2.149462183093
5418000 -2.15799955686728
5419000 -2.1649443946479
5420000 -2.146330770905
5421000 -2.16917081726593
5422000 -2.16053305684039
5423000 -2.15353343764379
5424000 -2.17382543860552
5425000 -2.15455443176318
5426000 -2.16687773920364
5427000 -2.17166190939374
5428000 -2.15338830139117
5429000 -2.17706684777616
5430000 -2.15731488496623
5431000 -2.15721564470804
5432000 -2.18374390146215
5433000 -2.14867892005689
5434000 -2.16671464399925
5435000 -2.17709033050115
5436000 -2.1419764056489
5437000 -2.17558252889267
5438000 -2.16199039555537
5439000 -2.15536573843252
5440000 -2.17899926843601
5441000 -2.15831149596995
5442000 -2.16287708454736
5443000 -2.17139292476003
5444000 -2.15291590065902
5445000 -2.18502474691311
5446000 -2.17124066142685
5447000 -2.16486850957203
5448000 -2.18499078086487
5449000 -2.1649633800205
5450000 -2.1698735936784
5451000 -2.17741243433028
5452000 -2.1673603150087
5453000 -2.17300791668002
5454000 -2.17723377543076
5455000 -2.16526553194026
5456000 -2.18453504314871
5457000 -2.16529244268024
5458000 -2.1818384355399
5459000 -2.17935251322979
5460000 -2.16549671803631
5461000 -2.18485887547977
5462000 -2.16811241471748
5463000 -2.16794209259493
5464000 -2.18513145741641
5465000 -2.17523823135492
5466000 -2.17263148518159
5467000 -2.18879730696984
5468000 -2.17091016906691
5469000 -2.17379364237935
5470000 -2.18089303496948
5471000 -2.17129445922272
5472000 -2.18519439667301
5473000 -2.17602475373554
5474000 -2.17864376549921
5475000 -2.18314961761001
5476000 -2.17283612378543
5477000 -2.18225587963738
5478000 -2.18569827288213
5479000 -2.17018858066435
5480000 -2.19517083177482
5481000 -2.18109866809274
5482000 -2.18059492604451
5483000 -2.18984857246418
5484000 -2.17670485951217
5485000 -2.18724081278122
5486000 -2.1859191878648
5487000 -2.18646260144108
5488000 -2.19059685724421
5489000 -2.18301883573293
5490000 -2.1863644494715
5491000 -2.19407910095964
5492000 -2.18096061905992
5493000 -2.18973413549636
5494000 -2.19699791208967
5495000 -2.17103097135505
5496000 -2.19426371615665
5497000 -2.19262218252389
5498000 -2.17799461516461
5499000 -2.20013413650509
5500000 -2.18701678891453
5501000 -2.18837078488016
5502000 -2.20035854683344
5503000 -2.1891058254553
5504000 -2.20076094139304
5505000 -2.19769264805261
5506000 -2.18091988618317
5507000 -2.21175608096679
5508000 -2.18673122982552
5509000 -2.19365910936438
5510000 -2.20330824889042
5511000 -2.18055120220768
5512000 -2.20361815282868
5513000 -2.19316217318019
5514000 -2.18169574535128
5515000 -2.21172723483184
5516000 -2.1876138306219
5517000 -2.18981531766978
5518000 -2.21233219409289
5519000 -2.18681894386598
5520000 -2.20282794365658
5521000 -2.20101597882556
5522000 -2.19823689193148
5523000 -2.20212100859278
5524000 -2.19966732431053
5525000 -2.20396107849514
5526000 -2.21113703683901
5527000 -2.18468033195543
5528000 -2.20537645953897
5529000 -2.20820854721371
5530000 -2.1842804078333
5531000 -2.22146124394565
5532000 -2.20184773897273
5533000 -2.19560234526238
5534000 -2.21335149132788
5535000 -2.19901300075036
5536000 -2.20074819820056
5537000 -2.21269152656204
5538000 -2.19677007604941
5539000 -2.2125660389917
5540000 -2.20362679694296
5541000 -2.21009755199457
5542000 -2.21679557194164
5543000 -2.18882134095616
5544000 -2.22239440545198
5545000 -2.20414111137642
5546000 -2.2063416781858
5547000 -2.21477066484063
5548000 -2.20963246761552
5549000 -2.21174903990564
5550000 -2.22121316874126
5551000 -2.20568736274432
5552000 -2.21060445728138
5553000 -2.22044606020725
5554000 -2.19988948605038
5555000 -2.2183876387055
5556000 -2.21499141196106
5557000 -2.20141118300024
5558000 -2.23252413108451
5559000 -2.20479134149998
5560000 -2.21875659754035
5561000 -2.23309941100661
5562000 -2.19689232863287
5563000 -2.2334989455271
5564000 -2.21113600164983
5565000 -2.20424664155426
5566000 -2.23555446317278
5567000 -2.19477469111171
5568000 -2.23062598672734
5569000 -2.22402363594523
5570000 -2.20895208768738
5571000 -2.23996189113161
5572000 -2.2030199409968
5573000 -2.22760462477388
5574000 -2.22832369507849
5575000 -2.20689379386395
5576000 -2.2321176486386
5577000 -2.22060328471621
5578000 -2.20812799305329
5579000 -2.23341018115121
5580000 -2.22208558479279
5581000 -2.21920266232904
5582000 -2.22759965644761
5583000 -2.21786982934733
5584000 -2.2266251068883
5585000 -2.22589917049903
5586000 -2.21996034974225
5587000 -2.23477991818133
5588000 -2.22110231682397
5589000 -2.22728318432455
5590000 -2.24560692895852
5591000 -2.21176616034975
5592000 -2.23593678465457
5593000 -2.23017829023854
5594000 -2.21369999199966
5595000 -2.2459273746358
5596000 -2.21987012887831
5597000 -2.22725832768789
5598000 -2.24026482754426
5599000 -2.22511628524531
5600000 -2.23494216228422
5601000 -2.23417634449354
5602000 -2.22626558218658
5603000 -2.24106653088661
5604000 -2.22683612688051
5605000 -2.23290023430248
5606000 -2.24323896019385
5607000 -2.21869725968812
5608000 -2.24600427200939
5609000 -2.24138048684991
5610000 -2.21968062094782
5611000 -2.24784048958206
5612000 -2.22577030915141
5613000 -2.23237217285448
5614000 -2.25123515997542
5615000 -2.22548713242929
5616000 -2.24624149465665
5617000 -2.23580600966835
5618000 -2.23488180790983
5619000 -2.25487301523723
5620000 -2.22605227829353
5621000 -2.24802291420148
5622000 -2.25240098283202
5623000 -2.23027299655226
5624000 -2.2528608104639
5625000 -2.24365821592281
5626000 -2.22935602661289
5627000 -2.25125043645749
5628000 -2.23089970904685
5629000 -2.24299050802865
5630000 -2.24505234468333
5631000 -2.22905867414586
5632000 -2.25753222849395
5633000 -2.23026764123972
5634000 -2.2528864142148
5635000 -2.24444972047037
5636000 -2.23807255838205
5637000 -2.25249630304976
5638000 -2.2514594344139
5639000 -2.23397302908819
5640000 -2.26152202751307
5641000 -2.24006269290171
5642000 -2.24512020359133
5643000 -2.25379918019797
5644000 -2.23801030296056
5645000 -2.25262476724521
5646000 -2.24736508134858
5647000 -2.24940413366516
5648000 -2.25430567894722
5649000 -2.24628962432226
5650000 -2.25087182048182
5651000 -2.25150322695014
5652000 -2.24167405401117
5653000 -2.25472950516762
5654000 -2.25756540191433
5655000 -2.24477949329388
5656000 -2.26345919471007
5657000 -2.24763945005759
5658000 -2.25873763216376
5659000 -2.25394287111519
5660000 -2.25089889982175
5661000 -2.26284560652076
5662000 -2.24814665892001
5663000 -2.25530279014052
5664000 -2.26952453593498
5665000 -2.24020914886932
5666000 -2.26538534326341
5667000 -2.25582732774843
5668000 -2.24772475240658
5669000 -2.26949207578834
5670000 -2.24992950799905
5671000 -2.2620779885558
5672000 -2.26509635947342
5673000 -2.26143539155763
5674000 -2.26316001255185
5675000 -2.26469004829132
5676000 -2.25875466456996
5677000 -2.26908941555337
5678000 -2.25774411364648
5679000 -2.26171073175347
5680000 -2.27205994715035
5681000 -2.24661303850655
5682000 -2.27313824049017
5683000 -2.25560907466585
5684000 -2.25582702604676
5685000 -2.27057114618266
5686000 -2.25307824143059
5687000 -2.26562827966081
5688000 -2.26785686701779
5689000 -2.25917255453586
5690000 -2.27521333623701
5691000 -2.26582863873203
5692000 -2.26415334344216
5693000 -2.28678039754063
5694000 -2.25624569664383
5695000 -2.27689527670073
5696000 -2.27475004449734
5697000 -2.25569831448016
5698000 -2.27414525037369
5699000 -2.26648499300216
5700000 -2.25646873495495
5701000 -2.2869871519486
5702000 -2.26017869940447
5703000 -2.2741455357826
5704000 -2.28394770353944
5705000 -2.26403118631811
5706000 -2.29504289768119
5707000 -2.26320132906279
5708000 -2.28540458921805
5709000 -2.27980324277121
5710000 -2.26593877454784
5711000 -2.28622437544726
5712000 -2.26836510047773
5713000 -2.27200237978115
5714000 -2.28318006445641
5715000 -2.26705274618171
5716000 -2.27618792874284
5717000 -2.28242386861693
5718000 -2.26731481042581
5719000 -2.29719991798277
5720000 -2.2712749731869
5721000 -2.28309736920436
5722000 -2.28989891033965
5723000 -2.26808557743798
5724000 -2.29291266641299
5725000 -2.27959931719102
5726000 -2.27393943042103
5727000 -2.2948678815184
5728000 -2.27665728382904
5729000 -2.28919653211481
5730000 -2.29088344209398
5731000 -2.27658284557155
5732000 -2.29643295115256
5733000 -2.28004828086419
5734000 -2.29147093313992
5735000 -2.28655742624167
5736000 -2.27959434683447
5737000 -2.29661361012069
5738000 -2.29019271298562
5739000 -2.28858409817075
5740000 -2.29110418637022
5741000 -2.28856201981124
5742000 -2.28530442413222
5743000 -2.29749110752047
5744000 -2.2895433097023
5745000 -2.29347502226971
5746000 -2.28566967309294
5747000 -2.29680217656616
5748000 -2.29611869945644
5749000 -2.28752485961648
5750000 -2.29209882463425
5751000 -2.29625974477559
5752000 -2.28030993467295
5753000 -2.30009209793367
5754000 -2.30180107425665
5755000 -2.2842918470129
5756000 -2.31219855475844
5757000 -2.28426661132662
5758000 -2.30138915463432
5759000 -2.29741309036237
5760000 -2.29303061705138
5761000 -2.30708047223996
5762000 -2.28870836646452
5763000 -2.31110074894632
5764000 -2.29561722159796
5765000 -2.29239106593666
5766000 -2.30985713934567
5767000 -2.29607479860056
5768000 -2.2972269568878
5769000 -2.31155916140938
5770000 -2.29355692014814
5771000 -2.3006606405603
5772000 -2.30495193890572
5773000 -2.29233088524797
5774000 -2.30598141318243
5775000 -2.30132954409192
5776000 -2.29588834411185
5777000 -2.31143629496633
5778000 -2.29738221009478
5779000 -2.30862926546945
5780000 -2.30958113850559
5781000 -2.29618235959691
5782000 -2.31873272624925
5783000 -2.29743587584855
5784000 -2.30197770637874
5785000 -2.31136639826015
5786000 -2.29472397993934
5787000 -2.32103809768587
5788000 -2.29862507931982
5789000 -2.31302644385983
5790000 -2.31205259922023
5791000 -2.30128089462849
5792000 -2.32426867627496
5793000 -2.30606327316484
5794000 -2.31443159234417
5795000 -2.31840721903342
5796000 -2.30588871200423
5797000 -2.31238332770896
5798000 -2.31183738041349
5799000 -2.30074065817227
5800000 -2.31640240538164
5801000 -2.30217265191836
5802000 -2.31727747010962
5803000 -2.31732064261056
5804000 -2.31370371544294
5805000 -2.32257789517835
5806000 -2.31507955152285
5807000 -2.30813797494409
5808000 -2.32084781966196
5809000 -2.3150174386979
5810000 -2.3105101642669
5811000 -2.33295722823984
5812000 -2.30930953461868
5813000 -2.32601277741054
5814000 -2.31634078489766
5815000 -2.31286051475135
5816000 -2.32209588549749
5817000 -2.31206879879597
5818000 -2.32327550606123
5819000 -2.3193212569212
5820000 -2.31816673858861
5821000 -2.32384713038606
5822000 -2.32424925824424
5823000 -2.31546786463909
5824000 -2.33298644969494
5825000 -2.31521490813034
5826000 -2.32268700340382
5827000 -2.32608977271896
5828000 -2.32000004785423
5829000 -2.32885920228477
5830000 -2.31698630070174
5831000 -2.32982815352203
5832000 -2.32088450907097
5833000 -2.31727779842749
5834000 -2.33497901346923
5835000 -2.31364511847341
5836000 -2.33071191258877
5837000 -2.33748834910424
5838000 -2.31759876901937
5839000 -2.3390699986233
5840000 -2.32679341980107
5841000 -2.32460556526791
5842000 -2.33887369079032
5843000 -2.32247632915911
5844000 -2.33988997468354
5845000 -2.32808107351412
5846000 -2.3280757175905
5847000 -2.34092596162825
5848000 -2.31958180581459
5849000 -2.33931433977034
5850000 -2.33876965491788
5851000 -2.32371350193654
5852000 -2.34281870089267
5853000 -2.33125275782244
5854000 -2.33529088028166
5855000 -2.33764596920679
5856000 -2.33354240422621
5857000 -2.34542113016879
5858000 -2.32958665178695
5859000 -2.3414057063948
5860000 -2.34056636496892
5861000 -2.32761350067946
5862000 -2.34113051787138
5863000 -2.34273542842137
5864000 -2.33580856856348
5865000 -2.34249075939017
5866000 -2.3440886218711
5867000 -2.34089913087369
5868000 -2.35002161996576
5869000 -2.33865731651354
5870000 -2.3460464312018
5871000 -2.34995906237884
5872000 -2.33766908145082
5873000 -2.34919998355625
5874000 -2.34451578887996
5875000 -2.33998157604949
5876000 -2.34923093779029
5877000 -2.3381297050808
5878000 -2.34825487444925
5879000 -2.34674437946963
5880000 -2.34097015703056
5881000 -2.35555449797039
5882000 -2.33954410875262
5883000 -2.35119866516925
5884000 -2.34992636181265
5885000 -2.34348798884198
5886000 -2.35640212445696
5887000 -2.34312836101639
5888000 -2.36100254808763
5889000 -2.34634399782258
5890000 -2.35247661902414
5891000 -2.34609037184576
5892000 -2.35194008332822
5893000 -2.33971842873224
5894000 -2.35437404500555
5895000 -2.34798390861727
5896000 -2.34664583818295
5897000 -2.35968911476233
5898000 -2.34882943140479
5899000 -2.36323195691764
5900000 -2.34831631361825
5901000 -2.35675844460356
5902000 -2.35744791641432
5903000 -2.34973485435237
5904000 -2.35807677073105
5905000 -2.36035383580596
5906000 -2.35036528366828
5907000 -2.35984749695648
5908000 -2.34828100799218
5909000 -2.35301508142133
5910000 -2.36124361554869
5911000 -2.34696304040384
5912000 -2.37171931327795
5913000 -2.34784156362785
5914000 -2.36556978618178
5915000 -2.35809979709888
5916000 -2.35521540342383
5917000 -2.36839967914203
5918000 -2.35499233775346
5919000 -2.3613067400681
5920000 -2.36883179894492
5921000 -2.36458066484859
5922000 -2.36569589177468
5923000 -2.37477413912612
5924000 -2.35771999749342
5925000 -2.37266752224061
5926000 -2.35369035925985
5927000 -2.36957889778194
5928000 -2.36008811519116
5929000 -2.35426162665321
5930000 -2.37131129006375
5931000 -2.36360311947942
5932000 -2.3591053864108
5933000 -2.37802753212934
5934000 -2.35872495260543
5935000 -2.36091693438283
5936000 -2.38027400044143
5937000 -2.35132633355358
5938000 -2.38434141069459
5939000 -2.36176056310616
5940000 -2.36915694429124
5941000 -2.37498578114873
5942000 -2.3589924551125
5943000 -2.37944820240708
5944000 -2.36481734430351
5945000 -2.36800617427972
5946000 -2.38290390253965
5947000 -2.36076629384359
5948000 -2.38009075527633
5949000 -2.38174735768989
5950000 -2.37380247269612
5951000 -2.38919716739567
5952000 -2.36440734168587
5953000 -2.39374218979122
5954000 -2.36477071297261
5955000 -2.37561672522649
5956000 -2.38295427015086
5957000 -2.36270619354305
5958000 -2.38730309743487
5959000 -2.36943362974468
5960000 -2.37986107114753
5961000 -2.38378447727638
5962000 -2.37646261060519
5963000 -2.3838540950794
5964000 -2.38385286665848
5965000 -2.37876964499741
5966000 -2.38115707701591
5967000 -2.37304518366544
5968000 -2.37699755254612
5969000 -2.38485372939199
5970000 -2.37275662272789
5971000 -2.39332486843201
5972000 -2.36979342187864
5973000 -2.3856273715628
5974000 -2.38530415036546
5975000 -2.37689337626846
5976000 -2.39049099145101
5977000 -2.38219791887226
5978000 -2.38260602985765
5979000 -2.39205445808793
5980000 -2.37672578638299
5981000 -2.39335032260916
5982000 -2.39287432110985
5983000 -2.37657957241567
5984000 -2.40137907651015
5985000 -2.37619101401673
5986000 -2.39372656493286
5987000 -2.39083256854635
5988000 -2.38947868421622
5989000 -2.39650308751958
5990000 -2.38955277516108
5991000 -2.39415335668364
5992000 -2.3841781071673
5993000 -2.38963849300171
5994000 -2.39504473117632
5995000 -2.39473504067038
5996000 -2.38582585202592
5997000 -2.3994099493662
5998000 -2.38458437159887
5999000 -2.39756994616512
6000000 -2.39563798215982
6001000 -2.39287900437606
6002000 -2.40592152289383
6003000 -2.38828917886203
6004000 -2.40149519621425
6005000 -2.39707282156663
6006000 -2.38976054111673
6007000 -2.39787442643312
6008000 -2.40128320042123
6009000 -2.38438318006362
6010000 -2.40826149022659
6011000 -2.38772844687111
6012000 -2.39506603047333
6013000 -2.40102053440772
6014000 -2.39012235771486
6015000 -2.40829441073929
6016000 -2.38918388199437
6017000 -2.4094809572933
6018000 -2.40566196266095
6019000 -2.39639851789976
6020000 -2.40754787778408
6021000 -2.39286086554273
6022000 -2.39530907615739
6023000 -2.41083972663936
6024000 -2.39533998812906
6025000 -2.4031306318249
6026000 -2.40770946541126
6027000 -2.3903835723857
6028000 -2.41132693697165
6029000 -2.39412468849727
6030000 -2.40988012540644
6031000 -2.40182434280748
6032000 -2.40336456744097
6033000 -2.41684431550079
6034000 -2.39948031955098
6035000 -2.42002025116075
6036000 -2.40743978512194
6037000 -2.4139508863853
6038000 -2.41780803388899
6039000 -2.41169790724082
6040000 -2.40475773963316
6041000 -2.41877510598351
6042000 -2.40339146490798
6043000 -2.42309642601747
6044000 -2.4019657794364
6045000 -2.40914748862439
6046000 -2.41665293475586
6047000 -2.39890354759854
6048000 -2.42129218831208
6049000 -2.40664544412131
6050000 -2.42060520247498
6051000 -2.41532819539772
6052000 -2.41196911042599
6053000 -2.42043373368897
6054000 -2.4186442703667
6055000 -2.40812100037675
6056000 -2.42970160432617
6057000 -2.40191830156996
6058000 -2.42538420171774
6059000 -2.41987854281358
6060000 -2.39873373944579
6061000 -2.43554943252696
6062000 -2.40831713774156
6063000 -2.42458943847112
6064000 -2.42558777156099
6065000 -2.41585307573946
6066000 -2.42463861645964
6067000 -2.41780915208695
6068000 -2.4212587120975
6069000 -2.43243007074063
6070000 -2.40852942375264
6071000 -2.42947260925491
6072000 -2.42373900822059
6073000 -2.41536093346071
6074000 -2.43591324537492
6075000 -2.4170863010617
6076000 -2.43329916506884
6077000 -2.41699874967857
6078000 -2.42919585132667
6079000 -2.42856429347948
6080000 -2.42139675690108
6081000 -2.42983530277234
6082000 -2.42457556944873
6083000 -2.41939627640306
6084000 -2.43619746758145
6085000 -2.42639161115194
6086000 -2.42708240867384
6087000 -2.43507397030993
6088000 -2.41421278224676
6089000 -2.44638052207818
6090000 -2.41934063775978
6091000 -2.44244044765131
6092000 -2.43316668732088
6093000 -2.41992124274904
6094000 -2.44428178418312
6095000 -2.42702659556109
6096000 -2.4340912381135
6097000 -2.44047678218429
6098000 -2.42376229472233
6099000 -2.44099427603856
6100000 -2.44223279155373
6101000 -2.4247945174239
6102000 -2.45051885253298
6103000 -2.41730784182829
6104000 -2.45064101807537
6105000 -2.42867993578639
6106000 -2.43160982434684
6107000 -2.45359550793702
6108000 -2.41960378794096
6109000 -2.44766769206905
6110000 -2.43000041808649
6111000 -2.43642473041187
6112000 -2.44550970412776
6113000 -2.43400783400334
6114000 -2.44035022652281
6115000 -2.44341273330507
6116000 -2.42656486431931
6117000 -2.4527091569345
6118000 -2.43197133760708
6119000 -2.43862092364305
6120000 -2.45259419279075
6121000 -2.42318231566451
6122000 -2.46343190407558
6123000 -2.4367823869405
6124000 -2.45081642784562
6125000 -2.45376421259897
6126000 -2.43836323636635
6127000 -2.45296457535019
6128000 -2.4344484954439
6129000 -2.44822160224708
6130000 -2.45069863500844
6131000 -2.43357178597382
6132000 -2.45021560769575
6133000 -2.4480617657088
6134000 -2.44129455891191
6135000 -2.46755983540423
6136000 -2.4352875603945
6137000 -2.45629941462756
6138000 -2.44705453865282
6139000 -2.4365419600895
6140000 -2.45979340677048
6141000 -2.42994806206744
6142000 -2.46143255693628
6143000 -2.45235542079115
6144000 -2.44575518973281
6145000 -2.47050114638484
6146000 -2.45213465506886
6147000 -2.44791663918593
6148000 -2.46584098156453
6149000 -2.44036443247053
6150000 -2.46594927470114
6151000 -2.44566079382103
6152000 -2.45201486344846
6153000 -2.46417249424411
6154000 -2.43680181952109
6155000 -2.47223391282933
6156000 -2.43883844993563
6157000 -2.45836975959752
6158000 -2.46198656398672
6159000 -2.44877760456368
6160000 -2.46568188241153
6161000 -2.4556811290287
6162000 -2.45290593856408
6163000 -2.47649456154025
6164000 -2.44914588060557
6165000 -2.46800065736546
6166000 -2.46067632440036
6167000 -2.45373657667493
6168000 -2.47396847030825
6169000 -2.45088331098738
6170000 -2.47708280260453
6171000 -2.45244451058519
6172000 -2.46951228437602
6173000 -2.46586724265654
6174000 -2.46806580457402
6175000 -2.46022644132243
6176000 -2.46698994347539
6177000 -2.46424392901293
6178000 -2.4613568165461
6179000 -2.46968899665635
6180000 -2.46366446784008
6181000 -2.47511510954664
6182000 -2.45974179161291
6183000 -2.47227450093705
6184000 -2.47295054483131
6185000 -2.46454470103131
6186000 -2.47418095524805
6187000 -2.47132159349959
6188000 -2.47292420912454
6189000 -2.47091615800171
6190000 -2.4703379834307
6191000 -2.47718037409569
6192000 -2.46432140989603
6193000 -2.47810559850311
6194000 -2.47830259412908
6195000 -2.46713510833117
6196000 -2.48366254962759
6197000 -2.47071973558947
6198000 -2.47327451906628
6199000 -2.48722170467396
6200000 -2.46011814897072
6201000 -2.4870288120516
6202000 -2.46760429521064
6203000 -2.47692220357117
6204000 -2.47608742826846
6205000 -2.47134317360525
6206000 -2.48286145475737
6207000 -2.47971173681876
6208000 -2.47427666390964
6209000 -2.48860180974761
6210000 -2.47796863759327
6211000 -2.48537109575604
6212000 -2.48091915627045
6213000 -2.46816966685641
6214000 -2.49463462152972
6215000 -2.46559794174637
6216000 -2.49011447845476
6217000 -2.47646157041701
6218000 -2.4799402373502
6219000 -2.49352728878187
6220000 -2.47091494079096
6221000 -2.49156165866044
6222000 -2.48718482211473
6223000 -2.47994075322173
6224000 -2.49330571320319
6225000 -2.48452541374394
6226000 -2.48382955446133
6227000 -2.48646183830245
6228000 -2.47682907819274
6229000 -2.49525136670796
6230000 -2.47239742987706
6231000 -2.49599068224788
6232000 -2.48975752750529
6233000 -2.48150729001504
6234000 -2.49782009395111
6235000 -2.47580306661926
6236000 -2.50183063747772
6237000 -2.48420095698786
6238000 -2.48888852562255
6239000 -2.48822089372752
6240000 -2.47778855553994
6241000 -2.49457003214815
6242000 -2.489237476037
6243000 -2.47980357752337
6244000 -2.50506049645957
6245000 -2.48253701916508
6246000 -2.50184260961656
6247000 -2.49781226336485
6248000 -2.49038039154883
6249000 -2.5059870184373
6250000 -2.48920830904496
6251000 -2.50582121642054
6252000 -2.48353264295007
6253000 -2.49793219852037
6254000 -2.49684471446522
6255000 -2.48585806198034
6256000 -2.50614165272118
6257000 -2.49735205124315
6258000 -2.49923943515291
6259000 -2.5045484739465
6260000 -2.49215337701236
6261000 -2.50532328280957
6262000 -2.49629406751053
6263000 -2.49509055383906
6264000 -2.50443379768615
6265000 -2.4917802795689
6266000 -2.50825679479241
6267000 -2.49518245160538
6268000 -2.49527070026322
6269000 -2.51173237658054
6270000 -2.49494989681871
6271000 -2.51199221318396
6272000 -2.50089769059206
6273000 -2.50155976362993
6274000 -2.51246389088909
6275000 -2.49857890141868
6276000 -2.50821403291616
6277000 -2.50803541513828
6278000 -2.5033267284312
6279000 -2.50910712258009
6280000 -2.50151668398947
6281000 -2.51075081015982
6282000 -2.50901279582698
6283000 -2.49996273177955
6284000 -2.51609107745064
6285000 -2.5046183669639
6286000 -2.51481666908587
6287000 -2.50344162960941
6288000 -2.50409154230477
6289000 -2.50995499086038
6290000 -2.50493345263312
6291000 -2.51468263967559
6292000 -2.50816726248009
6293000 -2.51169788639821
6294000 -2.51500074771662
6295000 -2.51221462988095
6296000 -2.50772827098966
6297000 -2.51321653343865
6298000 -2.50531465624999
6299000 -2.52581689627
6300000 -2.51255770717534
6301000 -2.52120284398181
6302000 -2.51431923982407
6303000 -2.50714258090643
6304000 -2.51837864958216
6305000 -2.50923929493002
6306000 -2.51892528539592
6307000 -2.50896927017641
6308000 -2.51341748924804
6309000 -2.52492067511724
6310000 -2.51467517536236
6311000 -2.52673954204064
6312000 -2.52499621591872
6313000 -2.52089822114569
6314000 -2.52530826540496
6315000 -2.51144866553036
6316000 -2.52227585127742
6317000 -2.51576798873655
6318000 -2.51557617917884
6319000 -2.5275370897746
6320000 -2.51503406458009
6321000 -2.53041525790026
6322000 -2.52318086538813
6323000 -2.52915690039484
6324000 -2.53176186866203
6325000 -2.5288285945994
6326000 -2.52745416230345
6327000 -2.53153750395081
6328000 -2.51869907897516
6329000 -2.51732445651355
6330000 -2.53349641643524
6331000 -2.51852701458405
6332000 -2.53398792455297
6333000 -2.52257393479253
6334000 -2.53161596398857
6335000 -2.5405835509867
6336000 -2.52705456820487
6337000 -2.54033497851854
6338000 -2.52247214668998
6339000 -2.53992792310536
6340000 -2.52183410794927
6341000 -2.52915893071996
6342000 -2.53525409454002
6343000 -2.5307565729044
6344000 -2.54176494029287
6345000 -2.53698052375788
6346000 -2.53707206663157
6347000 -2.54471737184709
6348000 -2.52802023403873
6349000 -2.54488308185518
6350000 -2.53671192997108
6351000 -2.52571925023962
6352000 -2.55404011446609
6353000 -2.52153783405582
6354000 -2.5464524914659
6355000 -2.5342510656783
6356000 -2.53962858658999
6357000 -2.55011859333336
6358000 -2.52842021933509
6359000 -2.55103910216022
6360000 -2.53870917588514
6361000 -2.53510208895499
6362000 -2.54995428271336
6363000 -2.537742579261
6364000 -2.54978948453567
6365000 -2.53930062352807
6366000 -2.53922819759813
6367000 -2.55344597918123
6368000 -2.53167301936652
6369000 -2.55693863003828
6370000 -2.53571531873854
6371000 -2.54943975684364
6372000 -2.54775376224204
6373000 -2.53548873507583
6374000 -2.55940788766149
6375000 -2.53416642419138
6376000 -2.5535052626187
6377000 -2.54169526800911
6378000 -2.54575593269014
6379000 -2.55280011034246
6380000 -2.53626709022385
6381000 -2.55376315464473
6382000 -2.54686863148863
6383000 -2.54587883408656
6384000 -2.55827136869563
6385000 -2.54456301540757
6386000 -2.55200460912619
6387000 -2.55120351267139
6388000 -2.5430685249434
6389000 -2.56793465962945
6390000 -2.54228152723696
6391000 -2.56432636630236
6392000 -2.54362621062153
6393000 -2.55271739270373
6394000 -2.56095736439304
6395000 -2.54085336105075
6396000 -2.5706240686522
6397000 -2.54771610650685
6398000 -2.56242677835119
6399000 -2.55302853560967
6400000 -2.55307744141354
6401000 -2.55648132650198
6402000 -2.55991078642474
6403000 -2.55133778933968
6404000 -2.56295106021742
6405000 -2.54921717405853
6406000 -2.56121230292844
6407000 -2.55730309438838
6408000 -2.55459559814649
6409000 -2.56222047514011
6410000 -2.54529469582792
6411000 -2.57419850112962
6412000 -2.55447693527704
6413000 -2.56185025366924
6414000 -2.56666069305202
6415000 -2.5541963709622
6416000 -2.56487411257089
6417000 -2.55641720982709
6418000 -2.56075585742373
6419000 -2.56395901944126
6420000 -2.55841169871129
6421000 -2.56048558439647
6422000 -2.56322187021471
6423000 -2.56327727486138
6424000 -2.57233672823593
6425000 -2.55446324892134
6426000 -2.57730159559448
6427000 -2.56183333713842
6428000 -2.56549528722376
6429000 -2.57066415636838
6430000 -2.55509114096145
6431000 -2.57599685705264
6432000 -2.56135883780461
6433000 -2.57257852154544
6434000 -2.56933637227369
6435000 -2.56855194148486
6436000 -2.57249360297778
6437000 -2.57503806812606
6438000 -2.56744196136709
6439000 -2.57539176099858
6440000 -2.56671289829825
6441000 -2.57902055603375
6442000 -2.57859496444033
6443000 -2.56404789028598
6444000 -2.58715362264519
6445000 -2.55379584704725
6446000 -2.58965798936413
6447000 -2.56333927211912
6448000 -2.57715382882394
6449000 -2.58124539841679
6450000 -2.56951838624149
6451000 -2.5854418493987
6452000 -2.57191914411209
6453000 -2.57208488842568
6454000 -2.58145451073761
6455000 -2.57271449200852
6456000 -2.58267990076341
6457000 -2.57916627887478
6458000 -2.58049685214724
6459000 -2.58732101970169
6460000 -2.56710287862489
6461000 -2.59801942607281
6462000 -2.56796479821145
6463000 -2.58501521171474
6464000 -2.58779155248026
6465000 -2.57894568166156
6466000 -2.5956038343496
6467000 -2.57774313677474
6468000 -2.59480710232301
6469000 -2.58566374849407
6470000 -2.57687733140732
6471000 -2.59485303642928
6472000 -2.57198035975903
6473000 -2.58944533417358
6474000 -2.58423520254866
6475000 -2.58152206082783
6476000 -2.60024763077342
6477000 -2.57837574823239
6478000 -2.60135934142457
6479000 -2.58059273999844
6480000 -2.58242056375358
6481000 -2.59894699391523
6482000 -2.56433518569578
6483000 -2.60408096576955
6484000 -2.57477726051378
6485000 -2.58718443613104
6486000 -2.59838424897606
6487000 -2.57981938405003
6488000 -2.61143749457192
6489000 -2.58354415595724
6490000 -2.59491595604049
6491000 -2.59372429031729
6492000 -2.58463159177306
6493000 -2.59909125436985
6494000 -2.58810135479105
6495000 -2.58928488718395
6496000 -2.59849183884198
6497000 -2.58858229710718
6498000 -2.61213731300974
6499000 -2.58151484817168
6500000 -2.60980423732128
6501000 -2.59229432932471
6502000 -2.58209762474429
6503000 -2.61351373329111
6504000 -2.58273058771182
6505000 -2.61124577957599
6506000 -2.59765258561617
6507000 -2.60289324990194
6508000 -2.61043681087733
6509000 -2.58626429537132
6510000 -2.60980381466939
6511000 -2.59532094210086
6512000 -2.59447939493413
6513000 -2.61660902291379
6514000 -2.58972190835714
6515000 -2.61890062684763
6516000 -2.5984074997263
6517000 -2.60538172908581
6518000 -2.62124266029081
6519000 -2.58671598655694
6520000 -2.62293745094458
6521000 -2.58501430465636
6522000 -2.60792720470528
6523000 -2.61109367912575
6524000 -2.5900506366373
6525000 -2.61981467381027
6526000 -2.59787131822274
6527000 -2.61466963424328
6528000 -2.61199213525566
6529000 -2.59690657907831
6530000 -2.62065399464061
6531000 -2.59805307174672
6532000 -2.61207928993366
6533000 -2.61961990872143
6534000 -2.5962169788048
6535000 -2.62700019401313
6536000 -2.59848227488957
6537000 -2.62332806743111
6538000 -2.61522641695571
6539000 -2.60995189139373
6540000 -2.63253906204422
6541000 -2.59857471768184
6542000 -2.63071233737898
6543000 -2.60065412535403
6544000 -2.61575820872096
6545000 -2.62274697119907
6546000 -2.59819712092144
6547000 -2.62439107404539
6548000 -2.60886626971211
6549000 -2.61541416038203
6550000 -2.6287269122923
6551000 -2.60893824685464
6552000 -2.62775057907663
6553000 -2.61520587523258
6554000 -2.61628704041432
6555000 -2.63270932776123
6556000 -2.60279943162756
6557000 -2.63513629728379
6558000 -2.60464529693987
6559000 -2.63030754232083
6560000 -2.62082522186573
6561000 -2.6156369012856
6562000 -2.63200452710763
6563000 -2.61428325544161
6564000 -2.62784504083634
6565000 -2.62396219776074
6566000 -2.62132690773978
6567000 -2.63435458015
6568000 -2.62469103013319
6569000 -2.62509637765301
6570000 -2.63430747873607
6571000 -2.62220276241402
6572000 -2.63097055289923
6573000 -2.61905475475522
6574000 -2.62753269767065
6575000 -2.62048087961346
6576000 -2.6242677507477
6577000 -2.63410310108202
6578000 -2.61942850623916
6579000 -2.64947732328046
6580000 -2.621806218873
6581000 -2.64126428594365
6582000 -2.63555951028706
6583000 -2.62123501333004
6584000 -2.63720975682159
6585000 -2.6248897540998
6586000 -2.63516003904205
6587000 -2.63604295658564
6588000 -2.62808201122384
6589000 -2.64163653156257
6590000 -2.63766538186474
6591000 -2.63062956210497
6592000 -2.63458592994385
6593000 -2.62428347180369
6594000 -2.64297033221943
6595000 -2.6230320390318
6596000 -2.63783806484663
6597000 -2.6387378102712
6598000 -2.63223592324029
6599000 -2.64854065135352
6600000 -2.62723227473212
6601000 -2.64242058920534
6602000 -2.63162655006127
6603000 -2.63652342625196
6604000 -2.6420118390885
6605000 -2.63505360166459
6606000 -2.64501541059163
6607000 -2.6375760102141
6608000 -2.64401015990398
6609000 -2.63954723499423
6610000 -2.6464800134301
6611000 -2.64701504496972
6612000 -2.64572276061573
6613000 -2.64514778445197
6614000 -2.64515797653107
6615000 -2.63946660820951
6616000 -2.65267683119162
6617000 -2.6280012332616
6618000 -2.65084624753981
6619000 -2.63592760368304
6620000 -2.645588966193
6621000 -2.65707512332274
6622000 -2.64295653285633
6623000 -2.66175822158491
6624000 -2.63842374493805
6625000 -2.65027389159735
6626000 -2.63651655239685
6627000 -2.64747011522264
6628000 -2.6440884382631
6629000 -2.64583661634611
6630000 -2.65428891549474
6631000 -2.64661333804628
6632000 -2.65793897971719
6633000 -2.66008178959915
6634000 -2.65022702065788
6635000 -2.66181970583503
6636000 -2.64919953391796
6637000 -2.65012190976189
6638000 -2.65952710110653
6639000 -2.64443914789591
6640000 -2.66388907371367
6641000 -2.64555742723445
6642000 -2.66187352914158
6643000 -2.6524200278786
6644000 -2.66238875373798
6645000 -2.65829815379551
6646000 -2.65062437633541
6647000 -2.66068317063295
6648000 -2.6512578177284
6649000 -2.65686545111806
6650000 -2.6625868307785
6651000 -2.6508926718507
6652000 -2.66661309369855
6653000 -2.66140415519705
6654000 -2.66034203742863
6655000 -2.67576928652144
6656000 -2.64977122553335
6657000 -2.67579297460008
6658000 -2.64838166106942
6659000 -2.65701670758955
6660000 -2.66160863563737
6661000 -2.65793985128327
6662000 -2.67488816667415
6663000 -2.66537857336256
6664000 -2.6767164383918
6665000 -2.66310268918465
6666000 -2.66962187951413
6667000 -2.670439647099
6668000 -2.65826341189525
6669000 -2.66854130135929
6670000 -2.66116847531391
6671000 -2.67774943427722
6672000 -2.66438813560216
6673000 -2.67214388038426
6674000 -2.67013932938593
6675000 -2.66906024928363
6676000 -2.67080043974678
6677000 -2.6692729158419
6678000 -2.66929779922931
6679000 -2.67280982494038
6680000 -2.6692984626036
6681000 -2.67265036378014
6682000 -2.66837403697087
6683000 -2.67719287194457
6684000 -2.6746098682281
6685000 -2.67031411666455
6686000 -2.6720888772842
6687000 -2.66897689432718
6688000 -2.66929520025399
6689000 -2.67555479804228
6690000 -2.66613835089958
6691000 -2.68137348882062
6692000 -2.67282298692579
6693000 -2.67756398822565
6694000 -2.68208058159814
6695000 -2.67266808941752
6696000 -2.67986352588979
6697000 -2.66736403558169
6698000 -2.68088965995785
6699000 -2.67172116731679
6700000 -2.67979783465415
6701000 -2.68799030506182
6702000 -2.6752327676906
6703000 -2.69039521467816
6704000 -2.66859020147515
6705000 -2.68116939151698
6706000 -2.67565402340575
6707000 -2.68100438692593
6708000 -2.69198111290974
6709000 -2.68100372930693
6710000 -2.68749156307007
6711000 -2.68393583985491
6712000 -2.68041676579136
6713000 -2.68349167126499
6714000 -2.6737764181079
6715000 -2.68390609992907
6716000 -2.68098236697494
6717000 -2.68218056563307
6718000 -2.69076821899041
6719000 -2.68419618220878
6720000 -2.68696725260016
6721000 -2.6907568421392
6722000 -2.67935427955915
6723000 -2.69546180335216
6724000 -2.67901919619206
6725000 -2.69467124489814
6726000 -2.68364889039898
6727000 -2.68614644322281
6728000 -2.69104018176489
6729000 -2.68776974928643
6730000 -2.69445506828547
6731000 -2.68903532360671
6732000 -2.69892645515212
6733000 -2.68668469160144
6734000 -2.69036574460526
6735000 -2.69187262874977
6736000 -2.69008968865189
6737000 -2.70356574081741
6738000 -2.68620924667607
6739000 -2.70230191904107
6740000 -2.69241209422754
6741000 -2.69411646796067
6742000 -2.70070984204593
6743000 -2.68430543636586
6744000 -2.69962378936612
6745000 -2.6851919669422
6746000 -2.70159196559516
6747000 -2.69495401682996
6748000 -2.69683380157038
6749000 -2.70593497003132
6750000 -2.69213975875278
6751000 -2.70266720738224
6752000 -2.6921900025041
6753000 -2.69750696717303
6754000 -2.71106099081841
6755000 -2.69195102321365
6756000 -2.71689905190539
6757000 -2.69483284854403
6758000 -2.69832043770729
6759000 -2.70662394069293
6760000 -2.68890471179474
6761000 -2.70994943476956
6762000 -2.69738096074204
6763000 -2.70711986921401
6764000 -2.71092832704228
6765000 -2.69764108251859
6766000 -2.71061429745672
6767000 -2.69719088564956
6768000 -2.70746790376832
6769000 -2.70424930194914
6770000 -2.70268618995436
6771000 -2.71242305026857
6772000 -2.69989636088954
6773000 -2.71573196437563
6774000 -2.69915121622883
6775000 -2.71595646051434
6776000 -2.70496503721757
6777000 -2.70371573639454
6778000 -2.72007886317419
6779000 -2.69905946541479
6780000 -2.72032958365559
6781000 -2.70437113426446
6782000 -2.71546756813629
6783000 -2.7178193644971
6784000 -2.69654096246859
6785000 -2.73652818564085
6786000 -2.69123956440207
6787000 -2.72513646346995
6788000 -2.70539649000216
6789000 -2.71144983970298
6790000 -2.72407596051279
6791000 -2.7029463669295
6792000 -2.73118201202834
6793000 -2.70836528432228
6794000 -2.72071775469125
6795000 -2.72208403880068
6796000 -2.70608189109338
6797000 -2.73044738112879
6798000 -2.70221700805733
6799000 -2.72719634479417
6800000 -2.71699901571617
6801000 -2.72269541021961
6802000 -2.72696469735617
6803000 -2.71122500447337
6804000 -2.73782570032184
6805000 -2.70973421026063
6806000 -2.72941746925038
6807000 -2.72166168213717
6808000 -2.70879052487926
6809000 -2.73591688930297
6810000 -2.70979908541864
6811000 -2.73326904934364
6812000 -2.72648520088766
6813000 -2.71759033333616
6814000 -2.74243501683576
6815000 -2.70953273990406
6816000 -2.74793223311405
6817000 -2.7169278060285
6818000 -2.72842623647787
6819000 -2.73806206029485
6820000 -2.71090461739618
6821000 -2.74367971419353
6822000 -2.70876437257882
6823000 -2.73874202187461
6824000 -2.72766060516174
6825000 -2.72282130012375
6826000 -2.75006563547244
6827000 -2.71583956813514
6828000 -2.74360371102848
6829000 -2.72690687885999
6830000 -2.7235648365422
6831000 -2.73541588749885
6832000 -2.71033965111707
6833000 -2.75116517339888
6834000 -2.71589268120293
6835000 -2.7416995015441
6836000 -2.73540475734507
6837000 -2.72421121276734
6838000 -2.75027866404145
6839000 -2.71950556098405
6840000 -2.74872482812273
6841000 -2.728887557747
6842000 -2.73328037969073
6843000 -2.73660017826034
6844000 -2.72551814451169
6845000 -2.75723819152436
6846000 -2.72689355549297
6847000 -2.74513095586596
6848000 -2.73867785330588
6849000 -2.73010327024543
6850000 -2.74607726850219
6851000 -2.72600379777516
6852000 -2.75445937331873
6853000 -2.73166647257072
6854000 -2.74494443681818
6855000 -2.74315087057067
6856000 -2.72395508224038
6857000 -2.74983714943009
6858000 -2.72478013346998
6859000 -2.75743155578855
6860000 -2.7436755659298
6861000 -2.7406691137091
6862000 -2.76718282245267
6863000 -2.7253477532663
6864000 -2.76806901013535
6865000 -2.72854433241239
6866000 -2.74575099143343
6867000 -2.75261106400927
6868000 -2.72896804031925
6869000 -2.76398247720199
6870000 -2.74231753564782
6871000 -2.76192715930734
6872000 -2.74654211860941
6873000 -2.74043175791092
6874000 -2.75902316954032
6875000 -2.73176269711051
6876000 -2.75571038160545
6877000 -2.74116923715843
6878000 -2.74383914107779
6879000 -2.7590699654904
6880000 -2.73935562770572
6881000 -2.76700608449543
6882000 -2.73803308867809
6883000 -2.76775820648544
6884000 -2.74677915234547
6885000 -2.74795850024203
6886000 -2.76597581259048
6887000 -2.73177083840646
6888000 -2.77220546755459
6889000 -2.73485977835594
6890000 -2.76510896538078
6891000 -2.76499362379238
6892000 -2.74264387794714
6893000 -2.77950602032956
6894000 -2.73838578181866
6895000 -2.7666402436745
6896000 -2.75300743935926
6897000 -2.74772596405687
6898000 -2.77068736942238
6899000 -2.74938970829943
6900000 -2.77321398359532
6901000 -2.74812071346246
6902000 -2.76648908707738
6903000 -2.76757832596371
6904000 -2.75144596585926
6905000 -2.77425910038237
6906000 -2.75157789673204
6907000 -2.77364368340249
6908000 -2.75971961348437
6909000 -2.76276869175542
6910000 -2.77148074379641
6911000 -2.75408629261936
6912000 -2.77171534624389
6913000 -2.7603127183274
6914000 -2.77053174509256
6915000 -2.76333204409385
6916000 -2.76394016282485
6917000 -2.77647551318464
6918000 -2.75781406099915
6919000 -2.77319525371772
6920000 -2.7659326983722
6921000 -2.77044444529171
6922000 -2.77555329623742
6923000 -2.75922629569986
6924000 -2.78284723096074
6925000 -2.76122824394967
6926000 -2.76777121496175
6927000 -2.76107591885613
6928000 -2.76247918957204
6929000 -2.78281833725407
6930000 -2.75592926385633
6931000 -2.79034282115878
6932000 -2.75859727143852
6933000 -2.77892961904039
6934000 -2.76402518877764
6935000 -2.77131360199867
6936000 -2.77958259172499
6937000 -2.76369231705271
6938000 -2.78176036938859
6939000 -2.76435225377477
6940000 -2.777258211073
6941000 -2.77786156281627
6942000 -2.76534005769716
6943000 -2.79214141936908
6944000 -2.7671727050035
6945000 -2.79415205850988
6946000 -2.77451382203535
6947000 -2.77859255266821
6948000 -2.79035652935984
6949000 -2.76336977514051
6950000 -2.79346654437925
6951000 -2.7662192851857
6952000 -2.78096825530422
6953000 -2.783017912656
6954000 -2.77332879842693
6955000 -2.79232497959436
6956000 -2.76758323468068
6957000 -2.80236786311995
6958000 -2.76942746676388
6959000 -2.7857738256929
6960000 -2.78807527137373
6961000 -2.76986454512174
6962000 -2.79564732031664
6963000 -2.76793059770034
6964000 -2.80093106670926
6965000 -2.77601189035387
6966000 -2.79068927446392
6967000 -2.79316543903688
6968000 -2.77152983912133
6969000 -2.80265836644874
6970000 -2.76275716447988
6971000 -2.79916499268206
6972000 -2.7794632856674
6973000 -2.78382035523717
6974000 -2.80717240290418
6975000 -2.77530276469983
6976000 -2.81427780459986
6977000 -2.78055789150002
6978000 -2.79385434163993
6979000 -2.79083536231486
6980000 -2.77800407126017
6981000 -2.80068017167732
6982000 -2.77607845742354
6983000 -2.81184581276264
6984000 -2.78668896099704
6985000 -2.80291041011542
6986000 -2.80985718261187
6987000 -2.77724168066554
6988000 -2.81375971057965
6989000 -2.76908638430418
6990000 -2.80663999960945
6991000 -2.78614844964252
6992000 -2.79393029145778
6993000 -2.81242701462773
6994000 -2.78784278823896
6995000 -2.81642341927452
6996000 -2.78921524043988
6997000 -2.80611404367583
6998000 -2.79852015354289
6999000 -2.78634036364637
7000000 -2.80943297702903
7001000 -2.78506599416262
7002000 -2.81287406272408
7003000 -2.79320648768352
7004000 -2.80604660250245
7005000 -2.80866453146235
7006000 -2.78757375792647
7007000 -2.81830962812685
7008000 -2.77987445618299
7009000 -2.82299398716643
7010000 -2.78418362793505
7011000 -2.80599460538448
7012000 -2.81083383187833
7013000 -2.79651557838016
7014000 -2.82205023043467
7015000 -2.79186665335828
7016000 -2.81295775254459
7017000 -2.79977399306317
7018000 -2.80303863993906
7019000 -2.80890302111762
7020000 -2.78950875144313
7021000 -2.82781516076407
7022000 -2.79354208245687
7023000 -2.81520991137596
7024000 -2.80776212469094
7025000 -2.8099963383012
7026000 -2.82706209499216
7027000 -2.79244665483221
7028000 -2.83164915707579
7029000 -2.80112804724741
7030000 -2.81945874308625
7031000 -2.81597738234469
7032000 -2.79900582803427
7033000 -2.82483156899376
7034000 -2.79589970084067
7035000 -2.82692218587383
7036000 -2.80681578826241
7037000 -2.82170438961167
7038000 -2.82764877920909
7039000 -2.79865655822254
7040000 -2.83976748717235
7041000 -2.78955116818287
7042000 -2.84103182013385
7043000 -2.80173197722024
7044000 -2.82495344914253
7045000 -2.83054731029715
7046000 -2.80079449274554
7047000 -2.8420866251153
7048000 -2.79733754323464
7049000 -2.83579901660337
7050000 -2.81598059936454
7051000 -2.82122057582804
7052000 -2.835296626858
7053000 -2.80487502720503
7054000 -2.84786792005877
7055000 -2.80173238596259
7056000 -2.82930758986587
7057000 -2.82230718174993
7058000 -2.80747649210798
7059000 -2.84087868500267
7060000 -2.80508765477177
7061000 -2.84794061656714
7062000 -2.80330286702147
7063000 -2.83832553758189
7064000 -2.82111678749597
7065000 -2.81876589814736
7066000 -2.83717737868486
7067000 -2.80961154027768
7068000 -2.84445989982612
7069000 -2.81467148080035
7070000 -2.84055934107793
7071000 -2.82858005052719
7072000 -2.81659721583807
7073000 -2.84298543477772
7074000 -2.81289829268224
7075000 -2.84222893864897
7076000 -2.82680483033095
7077000 -2.82950518095531
7078000 -2.83752318135349
7079000 -2.82230837840271
7080000 -2.8438474540182
7081000 -2.81497531433865
7082000 -2.84863866992324
7083000 -2.82108968925766
7084000 -2.83870954991395
7085000 -2.83966067962927
7086000 -2.82421108340388
7087000 -2.84651033958654
7088000 -2.82004486185552
7089000 -2.84233144647061
7090000 -2.83559190742878
7091000 -2.835807013347
7092000 -2.84619004026701
7093000 -2.82939170471607
7094000 -2.84868917932239
7095000 -2.82549198714324
7096000 -2.84123548224008
7097000 -2.83622417459728
7098000 -2.84034727392422
7099000 -2.84551067620586
7100000 -2.83219741527224
7101000 -2.85283595611734
7102000 -2.83570136314299
7103000 -2.84249995041722
7104000 -2.84463912695347
7105000 -2.83669570185454
7106000 -2.85272354038062
7107000 -2.82913256675133
7108000 -2.85017925360032
7109000 -2.83939316955563
7110000 -2.83906232664124
7111000 -2.8524639278626
7112000 -2.8333137215138
7113000 -2.85583325864234
7114000 -2.83392349978318
7115000 -2.85466201597304
7116000 -2.83078310272483
7117000 -2.85223467590729
7118000 -2.85053356338139
7119000 -2.84623515860792
7120000 -2.86096316397317
7121000 -2.84007582066095
7122000 -2.86538503477727
7123000 -2.83914179851263
7124000 -2.85891615881101
7125000 -2.84849113974613
7126000 -2.83518731172411
7127000 -2.86683334179498
7128000 -2.83272860475388
7129000 -2.86995538759965
7130000 -2.84183760458808
7131000 -2.86711938603852
7132000 -2.84660741791732
7133000 -2.8437491859442
7134000 -2.86252181212687
7135000 -2.83326678247061
7136000 -2.87471162605579
7137000 -2.84271052958275
7138000 -2.86285281600521
7139000 -2.86006056910302
7140000 -2.8477185075629
7141000 -2.87132232930504
7142000 -2.83969898996407
7143000 -2.86906376734183
7144000 -2.84984901042711
7145000 -2.8658123196398
7146000 -2.86179860725751
7147000 -2.85614246846677
7148000 -2.87102560023588
7149000 -2.84314427829968
7150000 -2.87066236347646
7151000 -2.83948908900563
7152000 -2.86621602222515
7153000 -2.86267939553532
7154000 -2.85717675503401
7155000 -2.87531472510228
7156000 -2.85830788344083
7157000 -2.87817063260412
7158000 -2.84601469911738
7159000 -2.87426775545032
7160000 -2.85805774917659
7161000 -2.86614318206417
7162000 -2.87862983127093
7163000 -2.86425869504436
7164000 -2.87675032273276
7165000 -2.84694754854783
7166000 -2.87254442805302
7167000 -2.85172977884724
7168000 -2.8671316330124
7169000 -2.88294408763402
7170000 -2.85885099917659
7171000 -2.89140036515388
7172000 -2.85727826593023
7173000 -2.87943120205087
7174000 -2.86492105441175
7175000 -2.85641436365895
7176000 -2.87810732456649
7177000 -2.85451474295318
7178000 -2.88738106724743
7179000 -2.86042735324234
7180000 -2.88181701803172
7181000 -2.87234515535507
7182000 -2.86078318503008
7183000 -2.88181626253414
7184000 -2.85001023936528
7185000 -2.90098167634921
7186000 -2.85400687524857
7187000 -2.89387292117454
7188000 -2.87888871463886
7189000 -2.86699571883822
7190000 -2.89768805357342
7191000 -2.85097964840041
7192000 -2.9005430181649
7193000 -2.8574920831179
7194000 -2.89128872103723
7195000 -2.88115611708061
7196000 -2.87011580927138
7197000 -2.89634444199048
7198000 -2.86005005956787
7199000 -2.90230162560914
7200000 -2.86366509703792
7201000 -2.89755535356433
7202000 -2.88765869969882
7203000 -2.87266320620335
7204000 -2.89931045164343
7205000 -2.85938327147985
7206000 -2.89820135940312
7207000 -2.87083210218148
7208000 -2.89208954412413
7209000 -2.87956893145605
7210000 -2.88744558816179
7211000 -2.90224625782401
7212000 -2.8741118837028
7213000 -2.90499970824561
7214000 -2.87088988042806
7215000 -2.89658201532856
7216000 -2.8788584707336
7217000 -2.88206948585083
7218000 -2.8988726314523
7219000 -2.87173358689665
7220000 -2.9132978325112
7221000 -2.87466820404586
7222000 -2.89813076654512
7223000 -2.88777986286676
7224000 -2.88657116142976
7225000 -2.89374991795277
7226000 -2.88533277393329
7227000 -2.90838045061012
7228000 -2.87162907971892
7229000 -2.91231223018344
7230000 -2.88338224590919
7231000 -2.89516623009297
7232000 -2.89285545037002
7233000 -2.88615148718357
7234000 -2.91140155294837
7235000 -2.86977862978809
7236000 -2.92075839253283
7237000 -2.88163396902221
7238000 -2.90171949374583
7239000 -2.89340570281173
7240000 -2.88449785931956
7241000 -2.9106057790399
7242000 -2.8818119944394
7243000 -2.92074017333643
7244000 -2.88429797719412
7245000 -2.89966379192678
7246000 -2.90502193221908
7247000 -2.88152854496021
7248000 -2.91136920922634
7249000 -2.88256906292742
7250000 -2.92031053969458
7251000 -2.88765005598504
7252000 -2.91235342887625
7253000 -2.91145973146783
7254000 -2.88509770263245
7255000 -2.91794976992045
7256000 -2.88350194021578
7257000 -2.91695709023667
7258000 -2.89970162886532
7259000 -2.91120582036941
7260000 -2.91074228882328
7261000 -2.89643675775254
7262000 -2.92265941822073
7263000 -2.88841315844356
7264000 -2.91609501684916
7265000 -2.89773413322113
7266000 -2.91644740757242
7267000 -2.90817165335348
7268000 -2.90620660078565
7269000 -2.92226708344644
7270000 -2.88486135532481
7271000 -2.92699814398536
7272000 -2.88943336638855
7273000 -2.91473196847204
7274000 -2.91192475232639
7275000 -2.90580114577517
7276000 -2.92692706387057
7277000 -2.89479395338788
7278000 -2.93851330684529
7279000 -2.89160214200228
7280000 -2.92081146616448
7281000 -2.91573358195123
7282000 -2.90034793678579
7283000 -2.92995029901154
7284000 -2.8918125415768
7285000 -2.94034861912915
7286000 -2.90021847900695
7287000 -2.93503474500075
7288000 -2.91952419628791
7289000 -2.91293731573997
7290000 -2.92562019830431
7291000 -2.90387558459082
7292000 -2.93005434871651
7293000 -2.90242423788428
7294000 -2.94118824224099
7295000 -2.91007713647295
7296000 -2.92875584569122
7297000 -2.92031761423851
7298000 -2.9053980412683
7299000 -2.93373404057599
7300000 -2.89855465325375
7301000 -2.94198494188458
7302000 -2.90464775325955
7303000 -2.93506515974359
7304000 -2.92320634432842
7305000 -2.91434530466954
7306000 -2.93182258447583
7307000 -2.90004654512653
7308000 -2.94229022548335
7309000 -2.89987863948761
7310000 -2.94786803114222
7311000 -2.92058499672509
7312000 -2.9285509131829
7313000 -2.94111847567317
7314000 -2.90841395627283
7315000 -2.94401545872464
7316000 -2.90896942156119
7317000 -2.94161529792868
7318000 -2.92765728929431
7319000 -2.93153198569605
7320000 -2.95109180370564
7321000 -2.90183118067329
7322000 -2.95568491299974
7323000 -2.90649285838165
7324000 -2.94937473466257
7325000 -2.93207798818558
7326000 -2.92801373673638
7327000 -2.94730422152623
7328000 -2.9034691413288
7329000 -2.95953491490639
7330000 -2.91321942645972
7331000 -2.94683711085992
7332000 -2.92911948816014
7333000 -2.94121744526521
7334000 -2.94711698963148
7335000 -2.92526364523991
7336000 -2.95616102123852
7337000 -2.91245049593441
7338000 -2.95494101169366
7339000 -2.9258540428895
7340000 -2.9461658038506
7341000 -2.95167292401527
7342000 -2.92273887257708
7343000 -2.9631143808366
7344000 -2.91665213974505
7345000 -2.96284575443733
7346000 -2.92670610984712
7347000 -2.94441210470313
7348000 -2.94632119385777
7349000 -2.93230488369374
7350000 -2.96117643286562
7351000 -2.91438515163709
7352000 -2.95810782353675
7353000 -2.9214884905694
7354000 -2.95611486161953
7355000 -2.94041177400027
7356000 -2.93782526119812
7357000 -2.96118992115279
7358000 -2.93057940001843
7359000 -2.96281752593768
7360000 -2.92341958609291
7361000 -2.96262767020118
7362000 -2.94652693578562
7363000 -2.9339634840464
7364000 -2.9704433659147
7365000 -2.92442932552003
7366000 -2.97839380879375
7367000 -2.92046695723854
7368000 -2.96774534134849
7369000 -2.94542995004531
7370000 -2.93935245026819
7371000 -2.97672726041763
7372000 -2.92701946165597
7373000 -2.97329835208239
7374000 -2.92971910915073
7375000 -2.96898336881726
7376000 -2.93695798154177
7377000 -2.9575952282372
7378000 -2.9739213813188
7379000 -2.93353281858942
7380000 -2.97787841150374
7381000 -2.93529782739331
7382000 -2.97042003517418
7383000 -2.93470988559116
7384000 -2.96924160085337
7385000 -2.9521030831587
7386000 -2.94936788938538
7387000 -2.97302472893659
7388000 -2.93552251534239
7389000 -2.97352273392042
7390000 -2.9356448088111
7391000 -2.97038076194723
7392000 -2.95654507846643
7393000 -2.95058078703194
7394000 -2.97062054324446
7395000 -2.94733733483908
7396000 -2.97536575258328
7397000 -2.94874898155291
7398000 -2.97049951408873
7399000 -2.94905100247614
7400000 -2.97461274481525
7401000 -2.96353549505498
7402000 -2.95482646526143
7403000 -2.97929123692124
7404000 -2.94881473781447
7405000 -2.98159198697944
7406000 -2.94937805185411
7407000 -2.97635216924577
7408000 -2.96317316164389
7409000 -2.95543186654635
7410000 -2.99707747325313
7411000 -2.93964958675926
7412000 -2.98846995276329
7413000 -2.95496127487895
7414000 -2.96575973658468
7415000 -2.9746360418449
7416000 -2.95274836532564
7417000 -2.99605494876859
7418000 -2.93839183607392
7419000 -2.99610693848752
7420000 -2.95987194577546
7421000 -2.97396852041735
7422000 -2.97499336971694
7423000 -2.9663430735361
7424000 -2.98067428052306
7425000 -2.96329686901524
7426000 -2.98493149361381
7427000 -2.96652461677408
7428000 -2.97286129846004
7429000 -2.9855477276323
7430000 -2.96201006222526
7431000 -2.98948159652405
7432000 -2.95504643207284
7433000 -3.00523050101364
7434000 -2.95993592585876
7435000 -2.99513686336375
7436000 -2.97167114305661
7437000 -2.97349602696869
7438000 -2.98729176289492
7439000 -2.96678297274523
7440000 -2.99641692377093
7441000 -2.96371501170517
7442000 -2.99235786517221
7443000 -2.97508908140946
7444000 -2.9669110407925
7445000 -2.99914194067222
7446000 -2.94803472930826
7447000 -3.00573289649381
7448000 -2.95842689155532
7449000 -3.01071377030981
7450000 -2.95795819490006
7451000 -2.98786174641646
7452000 -2.97776090314157
7453000 -2.96735369920017
7454000 -2.99328831960087
7455000 -2.97206798100292
7456000 -3.00340176337582
7457000 -2.97502817712011
7458000 -2.99762771008887
7459000 -2.98550938930165
7460000 -2.97871720321939
7461000 -3.00044780234554
7462000 -2.97267866145925
7463000 -2.99888759793782
7464000 -2.97261820360786
7465000 -2.99822671068601
7466000 -2.98022308611379
7467000 -2.99047407672922
7468000 -3.00348891298914
7469000 -2.9821500924661
7470000 -3.00170718155968
7471000 -2.978960113855
7472000 -2.99893884455379
7473000 -2.97637441609775
7474000 -2.99499179394096
7475000 -2.99601123029929
7476000 -2.98008300574839
7477000 -3.01002320934328
7478000 -2.97611770015488
7479000 -3.01011777486708
7480000 -2.97556985328853
7481000 -3.01686283139052
7482000 -2.97680334945715
7483000 -3.00511437258375
7484000 -3.00323127825958
7485000 -2.9758100414914
7486000 -3.01540356502762
7487000 -2.97529228239955
7488000 -3.02043600885591
7489000 -2.98363195157646
7490000 -3.0032982883175
7491000 -3.0011241914839
7492000 -2.98544324017882
7493000 -3.02074999128842
7494000 -2.98114366033798
7495000 -3.01728871761211
7496000 -2.98534260889441
7497000 -3.00704719049842
7498000 -2.99687258736087
7499000 -2.99435921350014
7500000 -3.02545218685857
7501000 -2.98492088641896
7502000 -3.02468147463161
7503000 -2.98356910314563
7504000 -3.01340602799919
7505000 -2.99310502453559
7506000 -3.00207821146183
7507000 -3.02393954649275
7508000 -2.98341041549167
7509000 -3.03061999674632
7510000 -2.99972499279173
7511000 -3.01585959813432
7512000 -2.994743611591
7513000 -3.0039622203139
7514000 -3.02025161207267
7515000 -2.99284760318371
7516000 -3.03293805004336
7517000 -2.98658081059258
7518000 -3.0320911656586
7519000 -2.99030412248489
7520000 -3.02243138873234
7521000 -2.99935432135526
7522000 -3.0090113524332
7523000 -3.01886022686162
7524000 -3.00271308865728
7525000 -3.03504447653993
7526000 -3.00064651790312
7527000 -3.02062511973459
7528000 -3.00185307543968
7529000 -3.0082096701901
7530000 -3.03646350816409
7531000 -2.99273052822001
7532000 -3.03945205246446
7533000 -3.00504845944059
7534000 -3.02165209470633
7535000 -3.02193654613515
7536000 -3.01343941603361
7537000 -3.03204880024155
7538000 -2.99765781188772
7539000 -3.04675638995127
7540000 -2.99870564639782
7541000 -3.03158239777282
7542000 -3.01623845427247
7543000 -3.02272495366034
7544000 -3.02713562967682
7545000 -3.0179327973193
7546000 -3.04036455772578
7547000 -2.99549926621103
7548000 -3.04286591756654
7549000 -2.99545021277484
7550000 -3.03307035395029
7551000 -3.01694312253819
7552000 -3.03024033932381
7553000 -3.02712686523791
7554000 -3.01950441459085
7555000 -3.03060285732181
7556000 -3.01387507662998
7557000 -3.03043901983093
7558000 -3.01712768980235
7559000 -3.03368198260171
7560000 -3.03226855386754
7561000 -3.01848783749653
7562000 -3.04020734255378
7563000 -3.00623161026518
7564000 -3.05067959559519
7565000 -3.01126526837371
7566000 -3.04216783996916
7567000 -3.02501702664403
7568000 -3.04039627531629
7569000 -3.03708662307398
7570000 -3.0197623502159
7571000 -3.04745150876807
7572000 -3.00729576557739
7573000 -3.04443505449835
7574000 -3.02787048735058
7575000 -3.03725451817163
7576000 -3.04521962992398
7577000 -3.01939498609884
7578000 -3.0606176612626
7579000 -3.00420388828216
7580000 -3.06016254144388
7581000 -3.01186556790018
7582000 -3.04625590702727
7583000 -3.03371616176134
7584000 -3.03214486056665
7585000 -3.0497826725564
7586000 -3.0259802155105
7587000 -3.05943417893626
7588000 -3.01805216773175
7589000 -3.05245516894628
7590000 -3.02923475585586
7591000 -3.04140932134122
7592000 -3.04051258255918
7593000 -3.02828308760264
7594000 -3.06444199165053
7595000 -3.01559784887447
7596000 -3.06136184470689
7597000 -3.02472356406956
7598000 -3.05197548377936
7599000 -3.03464835466764
7600000 -3.04016147358356
7601000 -3.05207840278429
7602000 -3.02685066541021
7603000 -3.05973930996686
7604000 -3.03103028369227
7605000 -3.05918136847225
7606000 -3.04148384798529
7607000 -3.05201302619787
7608000 -3.04679263267891
7609000 -3.03669563771307
7610000 -3.05675715143141
7611000 -3.03053038484276
7612000 -3.06566755175579
7613000 -3.04206748166352
7614000 -3.06325388228372
7615000 -3.04526904411098
7616000 -3.04709566770521
7617000 -3.05699110773899
7618000 -3.02890152669576
7619000 -3.07298180698589
7620000 -3.02731057756953
7621000 -3.07798836476021
7622000 -3.03930977810544
7623000 -3.06071568181302
7624000 -3.06169738216188
7625000 -3.03810274332123
7626000 -3.08112085803385
7627000 -3.03216621512103
7628000 -3.07868804768346
7629000 -3.05487699876398
7630000 -3.05316741783931
7631000 -3.06175114011392
7632000 -3.04107448744306
7633000 -3.0770460208273
7634000 -3.0396071681715
7635000 -3.07187405638138
7636000 -3.05258373668032
7637000 -3.07010978123501
7638000 -3.05600167737754
7639000 -3.05747211148876
7640000 -3.0589328502686
7641000 -3.04798319330937
7642000 -3.06738959924941
7643000 -3.04768324236943
7644000 -3.07347955309745
7645000 -3.06035790358341
7646000 -3.06965998809895
7647000 -3.06411673474679
7648000 -3.05924737300542
7649000 -3.07853119545606
7650000 -3.04700930924364
7651000 -3.08611088386437
7652000 -3.05025764203159
7653000 -3.08250929575216
7654000 -3.05521888593266
7655000 -3.07683692433281
7656000 -3.06953469752512
7657000 -3.05855432510492
7658000 -3.08293253852354
7659000 -3.05394169839885
7660000 -3.07817982708511
7661000 -3.05488796980889
7662000 -3.08753913568415
7663000 -3.06343661717789
7664000 -3.07292572978607
7665000 -3.07879718720029
7666000 -3.05100016080238
7667000 -3.08665577886788
7668000 -3.05255729452097
7669000 -3.09592765933936
7670000 -3.05197067555905
7671000 -3.08027516135896
7672000 -3.0636868054136
7673000 -3.0614958763145
7674000 -3.08784818452381
7675000 -3.0612466332977
7676000 -3.0863386636231
7677000 -3.06601239313723
7678000 -3.09289269013725
7679000 -3.06605344882094
7680000 -3.06982240527679
7681000 -3.0826628992322
7682000 -3.06010041444141
7683000 -3.08990967360602
7684000 -3.06545205438823
7685000 -3.09461197107705
7686000 -3.0698604350072
7687000 -3.0812694288346
7688000 -3.07520752305303
7689000 -3.07423391386136
7690000 -3.09338959930637
7691000 -3.07467216210509
7692000 -3.08976734089745
7693000 -3.07517192996806
7694000 -3.08825539077859
7695000 -3.06656039627672
7696000 -3.08618340894687
7697000 -3.08307882545374
7698000 -3.08748132742591
7699000 -3.09334538595226
7700000 -3.07925673652313
7701000 -3.09891396195204
7702000 -3.0696539192375
7703000 -3.09979380047218
7704000 -3.06858909671289
7705000 -3.10613091630975
7706000 -3.08880111145493
7707000 -3.08372400051882
7708000 -3.1053652604506
7709000 -3.07060278758721
7710000 -3.10243650932888
7711000 -3.07659084668277
7712000 -3.10546184023376
7713000 -3.09267742708877
7714000 -3.08662935346592
7715000 -3.09334130329119
7716000 -3.08476768322359
7717000 -3.10027635011561
7718000 -3.06751710435719
7719000 -3.11520260316449
7720000 -3.0728845042893
7721000 -3.10226104902751
7722000 -3.08709967811995
7723000 -3.0950140597679
7724000 -3.10357380520869
7725000 -3.07660174384465
7726000 -3.11247435506972
7727000 -3.07586184188907
7728000 -3.10665450039293
7729000 -3.08588549915399
7730000 -3.10739355987059
7731000 -3.09952662382352
7732000 -3.09542365129829
7733000 -3.11281491729789
7734000 -3.08140110644773
7735000 -3.11259384348372
7736000 -3.08395327301234
7737000 -3.11458726856212
7738000 -3.09478954992718
7739000 -3.10639118966803
7740000 -3.10349754652829
7741000 -3.09089639045871
7742000 -3.11923280795326
7743000 -3.08425017178158
7744000 -3.12251301072595
7745000 -3.08447218236397
7746000 -3.1200168205928
7747000 -3.09819476465581
7748000 -3.10315026664041
7749000 -3.11705978249031
7750000 -3.08479657647709
7751000 -3.12780815758229
7752000 -3.08123600394494
7753000 -3.12500346965816
7754000 -3.08642848409386
7755000 -3.12641874241403
7756000 -3.10129378042788
7757000 -3.10567993827468
7758000 -3.1154326085425
7759000 -3.09162567012077
7760000 -3.119241129051
7761000 -3.10488828773319
7762000 -3.12681883218089
7763000 -3.10776920844588
7764000 -3.11822631154278
7765000 -3.10793921254912
7766000 -3.10588912690765
7767000 -3.11798805522053
7768000 -3.09904679554619
7769000 -3.13169146477786
7770000 -3.09676792609397
7771000 -3.13329465888964
7772000 -3.10437782910105
7773000 -3.11759803580756
7774000 -3.10958961323317
7775000 -3.10889594659177
7776000 -3.12618631118665
7777000 -3.10368486427815
7778000 -3.14398144174949
7779000 -3.09499228657019
7780000 -3.14271771106086
7781000 -3.0996750583806
7782000 -3.12931039929961
7783000 -3.1173096188761
7784000 -3.10853006205888
7785000 -3.13492449800736
7786000 -3.0950233263161
7787000 -3.15585741241733
7788000 -3.09131636853103
7789000 -3.14556930025674
7790000 -3.1119784792892
7791000 -3.12669915903413
7792000 -3.12756621484209
7793000 -3.11401006394617
7794000 -3.15127986292149
7795000 -3.09758353970003
7796000 -3.1499948111157
7797000 -3.10468155865455
7798000 -3.14451900742713
7799000 -3.1203885968924
7800000 -3.12662099531686
7801000 -3.14564865463986
7802000 -3.10486236850373
7803000 -3.15013556671907
7804000 -3.09928595808857
7805000 -3.14780328234435
7806000 -3.11820724148409
7807000 -3.14303874048113
7808000 -3.11952162414892
7809000 -3.13211860742395
7810000 -3.1272586057335
7811000 -3.12266339820627
7812000 -3.14110522754024
7813000 -3.11873119384868
7814000 -3.15627645913015
7815000 -3.11399177459068
7816000 -3.14261533631936
7817000 -3.12178340438777
7818000 -3.12421963385108
7819000 -3.14005679309104
7820000 -3.12653774107178
7821000 -3.14703789456421
7822000 -3.11637099409266
7823000 -3.15149731375813
7824000 -3.11612561425716
7825000 -3.15018807150763
7826000 -3.13083292680046
7827000 -3.14312926981384
7828000 -3.14286424065806
7829000 -3.1308890626729
7830000 -3.15337672752283
7831000 -3.11480340660961
7832000 -3.16801700312902
7833000 -3.11322023275979
7834000 -3.16091452635596
7835000 -3.12711804607397
7836000 -3.15340134428884
7837000 -3.13829709197094
7838000 -3.13215854617467
7839000 -3.16075028432807
7840000 -3.12507276261068
7841000 -3.1653073275823
7842000 -3.12032902333428
7843000 -3.16328986159387
7844000 -3.1280174159174
7845000 -3.14802464451533
7846000 -3.14959627234969
7847000 -3.13748088367442
7848000 -3.16185715131851
7849000 -3.12647956911778
7850000 -3.16967309195703
7851000 -3.12585016816207
7852000 -3.161733545055
7853000 -3.13622858492227
7854000 -3.1511561329778
7855000 -3.14623388954204
7856000 -3.14496636204216
7857000 -3.16097147395508
7858000 -3.127674665573
7859000 -3.16876388368873
7860000 -3.12874902906349
7861000 -3.17819977018662
7862000 -3.13638485386751
7863000 -3.15069565354432
7864000 -3.15886760641524
7865000 -3.13309638879213
7866000 -3.18388409921272
7867000 -3.11963571809741
7868000 -3.18908802151356
7869000 -3.12808434360158
7870000 -3.17393445505681
7871000 -3.138141273697
7872000 -3.15950359200273
7873000 -3.15657683715826
7874000 -3.14950130835068
7875000 -3.16977704883258
7876000 -3.13686467901041
7877000 -3.17490331255912
7878000 -3.1418948929778
7879000 -3.17130169030257
7880000 -3.14753440580368
7881000 -3.16471729374983
7882000 -3.153770011939
7883000 -3.15749103111915
7884000 -3.17170729390026
7885000 -3.14913233793417
7886000 -3.17977397252596
7887000 -3.14312760733482
7888000 -3.18580670736582
7889000 -3.1352744638335
7890000 -3.1845541856347
7891000 -3.15143981231213
7892000 -3.17003715840492
7893000 -3.17441533245262
7894000 -3.15528486302996
7895000 -3.17713116919511
7896000 -3.14656539220461
7897000 -3.17998049312836
7898000 -3.14740462862041
7899000 -3.18540103051945
7900000 -3.16271700381763
7901000 -3.16977407404794
7902000 -3.18061049369031
7903000 -3.14701723063899
7904000 -3.18716458376757
7905000 -3.14549886514622
7906000 -3.197829127341
7907000 -3.1504133390991
7908000 -3.18279477387041
7909000 -3.16354856832942
7910000 -3.16607248752901
7911000 -3.17387635662309
7912000 -3.1476935671913
7913000 -3.19734258364085
7914000 -3.14483761597475
7915000 -3.19866830837597
7916000 -3.14698540628456
7917000 -3.1899250380556
7918000 -3.16842416802487
7919000 -3.17425478341872
7920000 -3.18657576346302
7921000 -3.1555860041141
7922000 -3.20669118544996
7923000 -3.14387514104679
7924000 -3.20382085007801
7925000 -3.15059738885033
7926000 -3.1888543717489
7927000 -3.16736342222966
7928000 -3.18095023505948
7929000 -3.18260047608827
7930000 -3.16990233910853
7931000 -3.1904299296058
7932000 -3.17202693514114
7933000 -3.19341989481549
7934000 -3.16462759306604
7935000 -3.20034026422324
7936000 -3.16683227316155
7937000 -3.19135848170072
7938000 -3.18197054180299
7939000 -3.17846643269199
7940000 -3.19590150097024
7941000 -3.162612293751
7942000 -3.20475067431307
7943000 -3.16104395320799
7944000 -3.2060268564878
7945000 -3.16657481539513
7946000 -3.19220758604512
7947000 -3.18923139287933
7948000 -3.17801232978526
7949000 -3.20142222650106
7950000 -3.18312155820299
7951000 -3.20922321586181
7952000 -3.16735360434544
7953000 -3.20113637331975
7954000 -3.17813102325741
7955000 -3.19935077706256
7956000 -3.19881445471585
7957000 -3.1812555025083
7958000 -3.19864949776524
7959000 -3.17593429200654
7960000 -3.19814883013005
7961000 -3.17667363781203
7962000 -3.21039178441626
7963000 -3.1694613525155
7964000 -3.20839465447052
7965000 -3.17763255067047
7966000 -3.20252417645986
7967000 -3.19444801102896
7968000 -3.18439644069132
7969000 -3.20687856388269
7970000 -3.17940115551304
7971000 -3.20727101170168
7972000 -3.17618316626803
7973000 -3.21522050586163
7974000 -3.18670043415614
7975000 -3.20718071460752
7976000 -3.19078451538924
7977000 -3.19994147897017
7978000 -3.20544690380895
7979000 -3.19535387052483
7980000 -3.21781593379642
7981000 -3.17972814950287
7982000 -3.2229589375523
7983000 -3.1742917165325
7984000 -3.21939179058011
7985000 -3.18901614048426
7986000 -3.20827796903755
7987000 -3.20797719019
7988000 -3.19881448860439
7989000 -3.21447235115314
7990000 -3.18496311160588
7991000 -3.22900238348586
7992000 -3.18928440581076
7993000 -3.21439856721748
7994000 -3.19078523486895
7995000 -3.21042426283289
7996000 -3.21136256431679
7997000 -3.20285103637364
7998000 -3.22395297321222
7999000 -3.19780732928894
8000000 -3.22295804943743
8001000 -3.1887926359798
8002000 -3.22460629051149
8003000 -3.1935523135591
8004000 -3.22359956788035
8005000 -3.21295914293928
8006000 -3.20353657518922
8007000 -3.22237705042817
8008000 -3.19300781548808
8009000 -3.24068513568764
8010000 -3.18923631475454
8011000 -3.23444873087386
8012000 -3.19756314393715
8013000 -3.21785426612304
8014000 -3.21461100370464
8015000 -3.20646154198681
8016000 -3.22529204803494
8017000 -3.19982033531166
8018000 -3.2360574620772
8019000 -3.19520631823234
8020000 -3.23635437093408
8021000 -3.21037662649331
8022000 -3.22137668535464
8023000 -3.20700787708589
8024000 -3.21516714979489
8025000 -3.21913487414082
8026000 -3.21645623023885
8027000 -3.2275997479959
8028000 -3.20654084404394
8029000 -3.22878667525814
8030000 -3.20427715887442
8031000 -3.23156148619965
8032000 -3.20866300942833
8033000 -3.22897583814855
8034000 -3.21706721544548
8035000 -3.22122544729638
8036000 -3.22302320690358
8037000 -3.21314624646895
8038000 -3.23915234331892
8039000 -3.20002358391429
8040000 -3.25167420159749
8041000 -3.20194032421738
8042000 -3.24083971830296
8043000 -3.20819098676396
8044000 -3.22608537628794
8045000 -3.22849001551578
8046000 -3.21938193708742
8047000 -3.23653679562922
8048000 -3.2111561544211
8049000 -3.23727713650343
8050000 -3.21645352290145
8051000 -3.24398211228475
8052000 -3.21270734550722
8053000 -3.23805200453244
8054000 -3.23311784395422
8055000 -3.22304693177737
8056000 -3.24834859548748
8057000 -3.21865667569922
8058000 -3.24621282243658
8059000 -3.21752292721491
8060000 -3.24350493641731
8061000 -3.22431234896004
8062000 -3.24126011092059
8063000 -3.23023286052879
8064000 -3.23406043347222
8065000 -3.24325499520675
8066000 -3.22989691684427
8067000 -3.2518562440858
8068000 -3.21339348620003
8069000 -3.25243755622741
8070000 -3.21915234303108
8071000 -3.2506318799335
8072000 -3.23706135539241
8073000 -3.24211660411355
8074000 -3.24231047685878
8075000 -3.22215068719957
8076000 -3.25141633745485
8077000 -3.22254032087194
8078000 -3.25962333298369
8079000 -3.21827122035262
8080000 -3.26689322975964
8081000 -3.22367349420397
8082000 -3.2520612260256
8083000 -3.22684062359821
8084000 -3.23690667129911
8085000 -3.23850299454989
8086000 -3.24108291205269
8087000 -3.2692768466788
8088000 -3.22707768311668
8089000 -3.26223186172332
8090000 -3.21669385819702
8091000 -3.26488402860991
8092000 -3.23213893995728
8093000 -3.25989220017286
8094000 -3.24595521072018
8095000 -3.24661950824212
8096000 -3.24751978854636
8097000 -3.23088928571461
8098000 -3.26078993401314
8099000 -3.23028301331745
8100000 -3.26212945193328
8101000 -3.22869789876355
8102000 -3.271737744935
8103000 -3.23167387555296
8104000 -3.26384401844457
8105000 -3.24071826441346
8106000 -3.25521334628884
8107000 -3.24876666624078
8108000 -3.2443913919816
8109000 -3.26737974290719
8110000 -3.23362613297758
8111000 -3.27063215295935
8112000 -3.22896980573947
8113000 -3.277519656255
8114000 -3.24334275979028
8115000 -3.26484484598185
8116000 -3.25850406142233
8117000 -3.24386401832413
8118000 -3.2719677679503
8119000 -3.23339535080057
8120000 -3.28279877709284
8121000 -3.23592542232716
8122000 -3.27371707868325
8123000 -3.24428852639006
8124000 -3.26092337590006
8125000 -3.26860082090171
8126000 -3.24952161189853
8127000 -3.27851337228521
8128000 -3.23929288296899
8129000 -3.27168290492404
8130000 -3.23693484557893
8131000 -3.27923716636085
8132000 -3.24864224041934
8133000 -3.2693873274055
8134000 -3.2622522286229
8135000 -3.25102189300896
8136000 -3.26611724957429
8137000 -3.24923454690714
8138000 -3.27572712367969
8139000 -3.24578908929508
8140000 -3.28426784481622
8141000 -3.23395520287578
8142000 -3.2861285134444
8143000 -3.24452203139268
8144000 -3.2772319850448
8145000 -3.2645602942968
8146000 -3.26385918584748
8147000 -3.27569973730987
8148000 -3.24813937378184
8149000 -3.28715992257676
8150000 -3.24523066374743
8151000 -3.28851805963211
8152000 -3.25319380323114
8153000 -3.29489225454131
8154000 -3.24388911140307
8155000 -3.28817154952742
8156000 -3.2524712615733
8157000 -3.28197967732663
8158000 -3.27780563759178
8159000 -3.25820369615645
8160000 -3.3008295418135
8161000 -3.23965271428276
8162000 -3.30189097507174
8163000 -3.24961541096171
8164000 -3.30183257863665
8165000 -3.26001291298862
8166000 -3.28823947167868
8167000 -3.26246385564764
8168000 -3.27374903180561
8169000 -3.28499122378147
8170000 -3.26049211131516
8171000 -3.30022290432086
8172000 -3.25068094510888
8173000 -3.30015747216345
8174000 -3.26223839985085
8175000 -3.28568766886116
8176000 -3.26931573092028
8177000 -3.28019161045553
8178000 -3.27831062342802
8179000 -3.2740933647238
8180000 -3.28912205408813
8181000 -3.26757482676922
8182000 -3.2819155785842
8183000 -3.27677705303265
8184000 -3.28706518366695
8185000 -3.2717518768348
8186000 -3.28842883326565
8187000 -3.27484977299321
8188000 -3.28475484351496
8189000 -3.27908203275682
8190000 -3.28871550868883
8191000 -3.29220598540395
8192000 -3.27920382044915
8193000 -3.30658279405064
8194000 -3.26229961248509
8195000 -3.30076518391694
8196000 -3.27431715961584
8197000 -3.30032890492963
8198000 -3.28313476123434
8199000 -3.28727210048625
8200000 -3.29452179887389
8201000 -3.26688998391105
8202000 -3.31481866747386
8203000 -3.27042968899823
8204000 -3.31255725231019
8205000 -3.2639009180041
8206000 -3.30412841447786
8207000 -3.28249076072523
8208000 -3.2943959156265
8209000 -3.29852287185892
8210000 -3.29067759957708
8211000 -3.30328957071904
8212000 -3.28352897442082
8213000 -3.30119326744617
8214000 -3.27997461259636
8215000 -3.3162723263633
8216000 -3.27116192092795
8217000 -3.32079857765876
8218000 -3.27058224828418
8219000 -3.31209699170654
8220000 -3.28740823687342
8221000 -3.29530811818517
8222000 -3.30532800347043
8223000 -3.28333542619078
8224000 -3.30852229851192
8225000 -3.27661251907975
8226000 -3.31928845620688
8227000 -3.27725509715792
8228000 -3.32286452392269
8229000 -3.27413061912125
8230000 -3.31363519219712
8231000 -3.28335485619765
8232000 -3.30168125665389
8233000 -3.29973198844681
8234000 -3.28928845050192
8235000 -3.31580814311447
8236000 -3.28213931387213
8237000 -3.32669105050072
8238000 -3.27948868363968
8239000 -3.31856474496303
8240000 -3.28744303947148
8241000 -3.31155611609111
8242000 -3.29808352060656
8243000 -3.31000035070651
8244000 -3.30015241771536
8245000 -3.30226729145489
8246000 -3.31072988796694
8247000 -3.30325699935456
8248000 -3.32337149173347
8249000 -3.28750166179075
8250000 -3.31997476867636
8251000 -3.29150990865616
8252000 -3.32479980646712
8253000 -3.30115677407801
8254000 -3.31698411168574
8255000 -3.3063465278869
8256000 -3.31432217373431
8257000 -3.32256444537033
8258000 -3.29312741401516
8259000 -3.32825297166763
8260000 -3.29537505772003
8261000 -3.33241360502763
8262000 -3.29847610581353
8263000 -3.32252453333066
8264000 -3.30398776500277
8265000 -3.31041895622076
8266000 -3.31935260163784
8267000 -3.30796789731814
8268000 -3.33345498997198
8269000 -3.29829910953121
8270000 -3.33205313494085
8271000 -3.29321911482463
8272000 -3.32874732599678
8273000 -3.30363088979913
8274000 -3.33465007078668
8275000 -3.30601007514148
8276000 -3.3175646232426
8277000 -3.32513816295974
8278000 -3.31618643042785
8279000 -3.33051424093476
8280000 -3.30979420750629
8281000 -3.33198997649939
8282000 -3.29950920841687
8283000 -3.34370032521999
8284000 -3.31096120923948
8285000 -3.34271468484773
8286000 -3.30326277747318
8287000 -3.33379170097476
8288000 -3.30878398189585
8289000 -3.32464069431353
8290000 -3.33480787312021
8291000 -3.30744110451977
8292000 -3.35303775855932
8293000 -3.29563688892013
8294000 -3.33909915912632
8295000 -3.30743556138427
8296000 -3.34564173532122
8297000 -3.31117695595479
8298000 -3.33655932199697
8299000 -3.3186242534486
8300000 -3.33285967790466
8301000 -3.32474452784045
8302000 -3.33400826859557
8303000 -3.33848841314971
8304000 -3.32015659814493
8305000 -3.35043840291252
8306000 -3.31009703722624
8307000 -3.35118827800401
8308000 -3.30777684466701
8309000 -3.35979611362704
8310000 -3.31846506974938
8311000 -3.34146774304858
8312000 -3.32662855806836
8313000 -3.33977540204519
8314000 -3.33875195146013
8315000 -3.32582427770886
8316000 -3.35706189591344
8317000 -3.31626803175691
8318000 -3.35914153616338
8319000 -3.30595703750502
8320000 -3.36314340077385
8321000 -3.31054463147307
8322000 -3.35237592603741
8323000 -3.31915705935305
8324000 -3.34942142712816
8325000 -3.33466923468148
8326000 -3.33664315296932
8327000 -3.34645874877818
8328000 -3.32901497785573
8329000 -3.35452123321791
8330000 -3.3178976389648
8331000 -3.35878566124684
8332000 -3.32474565724453
8333000 -3.34841541932045
8334000 -3.33128319281731
8335000 -3.34634971750823
8336000 -3.33905532546159
8337000 -3.33926756655984
8338000 -3.34932497385538
8339000 -3.34093580201943
8340000 -3.35180205692681
8341000 -3.33057034615819
8342000 -3.36411199151417
8343000 -3.327118522722
8344000 -3.36589386754574
8345000 -3.32967616226291
8346000 -3.36348245706099
8347000 -3.32823492650168
8348000 -3.35449017023617
8349000 -3.33886012351567
8350000 -3.34787346068686
8351000 -3.35687772945643
8352000 -3.3354209364629
8353000 -3.36319781605009
8354000 -3.32915503919979
8355000 -3.36563748046667
8356000 -3.33977604226859
8357000 -3.36121027672843
8358000 -3.34035146090787
8359000 -3.35866020771358
8360000 -3.35593800910488
8361000 -3.35204668521415
8362000 -3.35917521286405
8363000 -3.34328228146769
8364000 -3.37684804020421
8365000 -3.32752785590906
8366000 -3.37644007438585
8367000 -3.34498843722174
8368000 -3.37874398428347
8369000 -3.33391605806517
8370000 -3.37891783226776
8371000 -3.33756651209633
8372000 -3.37350434778893
8373000 -3.35086937829808
8374000 -3.35700630198834
8375000 -3.37501849514617
8376000 -3.34320987701849
8377000 -3.38046607335473
8378000 -3.32824759489784
8379000 -3.37585561321883
8380000 -3.33877559343628
8381000 -3.38540325579111
8382000 -3.35236611049988
8383000 -3.37538512157547
8384000 -3.34799277149326
8385000 -3.36384445247347
8386000 -3.36149927581247
8387000 -3.36105194628277
8388000 -3.37635151160831
8389000 -3.35467022492018
8390000 -3.38258796360927
8391000 -3.33882147434517
8392000 -3.39198970553559
8393000 -3.34351318170833
8394000 -3.39034501297371
8395000 -3.34791678354913
8396000 -3.37541234038823
8397000 -3.35564953185551
8398000 -3.36675771527229
8399000 -3.37865941285462
8400000 -3.35489342479756
8401000 -3.38742167269181
8402000 -3.346854194786
8403000 -3.39827872281673
8404000 -3.35083214463302
8405000 -3.39434429066982
8406000 -3.34827099377772
8407000 -3.3896410400675
8408000 -3.3498619817774
8409000 -3.39578342161634
8410000 -3.37317941960092
8411000 -3.38023219032159
8412000 -3.37121869998404
8413000 -3.36441687491778
8414000 -3.38234542914502
8415000 -3.36232240847143
8416000 -3.40185815891107
8417000 -3.35667835221851
8418000 -3.394272429901
8419000 -3.3629393549837
8420000 -3.39246402126146
8421000 -3.3681934810499
8422000 -3.38485114212271
8423000 -3.36872907119693
8424000 -3.38319810153389
8425000 -3.38567773564347
8426000 -3.37863984471983
8427000 -3.38928480234803
8428000 -3.36670570072364
8429000 -3.40205363137672
8430000 -3.35870804140531
8431000 -3.40653769213258
8432000 -3.36546045468232
8433000 -3.40867117326374
8434000 -3.37685803282584
8435000 -3.38154063987829
8436000 -3.37935726168073
8437000 -3.37772441877159
8438000 -3.39921782401368
8439000 -3.38057435926627
8440000 -3.3966671588638
8441000 -3.37932156022127
8442000 -3.38359740042608
8443000 -3.37628305756871
8444000 -3.40111129065639
8445000 -3.38449067284798
8446000 -3.38513016329346
8447000 -3.38712353356032
8448000 -3.38290924048351
8449000 -3.39045573870123
8450000 -3.38213870808285
8451000 -3.41068517530411
8452000 -3.37351178032215
8453000 -3.4026235325195
8454000 -3.37588246407873
8455000 -3.4116325758465
8456000 -3.3674049303927
8457000 -3.41524009171567
8458000 -3.37552761852698
8459000 -3.4037823419747
8460000 -3.39416842643424
8461000 -3.39982026569509
8462000 -3.4040092568685
8463000 -3.37861205168318
8464000 -3.41131116989285
8465000 -3.38391926070671
8466000 -3.41801031209311
8467000 -3.38370855134743
8468000 -3.41156133885221
8469000 -3.38473981153088
8470000 -3.40391869225534
8471000 -3.39815091716621
8472000 -3.40495021979458
8473000 -3.40545010153696
8474000 -3.38974073781833
8475000 -3.40949782177539
8476000 -3.38423602245822
8477000 -3.42309741445063
8478000 -3.38269334832893
8479000 -3.42938071381957
8480000 -3.37749104041093
8481000 -3.41542765043634
8482000 -3.39084941765555
8483000 -3.41275150872772
8484000 -3.40528686710413
8485000 -3.39690537442133
8486000 -3.41129262858352
8487000 -3.39279658750906
8488000 -3.41703375651323
8489000 -3.38925459303695
8490000 -3.42795692334855
8491000 -3.37590885097241
8492000 -3.4228835203041
8493000 -3.38781060391958
8494000 -3.42358241367799
8495000 -3.38726976828808
8496000 -3.42945708555059
8497000 -3.3886446661806
8498000 -3.41792609359952
8499000 -3.40881137377428
8500000 -3.40392754807925
8501000 -3.42336284873157
8502000 -3.39447361577461
8503000 -3.4277408621438
8504000 -3.38603450308256
8505000 -3.43224492123082
8506000 -3.39054289718848
8507000 -3.43239763105448
8508000 -3.39690914065878
8509000 -3.43364768936035
8510000 -3.40745256036541
8511000 -3.41500510180231
8512000 -3.4138525178832
8513000 -3.40354894099101
8514000 -3.42992158787018
8515000 -3.39495160080127
8516000 -3.44170231613939
8517000 -3.38971694616553
8518000 -3.43894676855876
8519000 -3.38382682850687
8520000 -3.44496520018135
8521000 -3.39328296488532
8522000 -3.4361734342355
8523000 -3.40515332209849
8524000 -3.41928547208759
8525000 -3.41855686975558
8526000 -3.41017520440022
8527000 -3.4324143917593
8528000 -3.4044146935736
8529000 -3.44081636010516
8530000 -3.40481792416395
8531000 -3.44709581982481
8532000 -3.40536743174001
8533000 -3.43364414949172
8534000 -3.40951318219818
8535000 -3.42675424989382
8536000 -3.42427644189224
8537000 -3.42624610333073
8538000 -3.42966079150824
8539000 -3.42113436065939
8540000 -3.43087746815332
8541000 -3.4199778043581
8542000 -3.44057513319425
8543000 -3.40666011983336
8544000 -3.45495155628753
8545000 -3.41062914428051
8546000 -3.4522987393428
8547000 -3.40311721962976
8548000 -3.45544757375645
8549000 -3.41969417059276
8550000 -3.44124713929471
8551000 -3.43374502285474
8552000 -3.42381163882692
8553000 -3.43243961372434
8554000 -3.41869374163936
8555000 -3.45846002999131
8556000 -3.42398123465206
8557000 -3.44772813715653
8558000 -3.40867352697418
8559000 -3.45084898486942
8560000 -3.4144770124709
8561000 -3.44894086592209
8562000 -3.43842150053849
8563000 -3.4356955588916
8564000 -3.43490004058106
8565000 -3.42975962220142
8566000 -3.44427693458862
8567000 -3.4227774485726
8568000 -3.45913772505853
8569000 -3.42519440033409
8570000 -3.45682628255951
8571000 -3.40764663622695
8572000 -3.46375654800966
8573000 -3.42539688294645
8574000 -3.44661720569098
8575000 -3.43579802166536
8576000 -3.44429520484863
8577000 -3.45108745805096
8578000 -3.43302892553621
8579000 -3.45458479357595
8580000 -3.43020250607316
8581000 -3.45440819751709
8582000 -3.43290956201154
8583000 -3.46213306949044
8584000 -3.42805481775174
8585000 -3.47390116778918
8586000 -3.42245935713608
8587000 -3.45315653151966
8588000 -3.42659644055474
8589000 -3.45359252950301
8590000 -3.4570877682982
8591000 -3.43320852385314
8592000 -3.46396448192037
8593000 -3.43337730078794
8594000 -3.46775406259551
8595000 -3.42044516814556
8596000 -3.47420812007891
8597000 -3.42104138034513
8598000 -3.47437006808488
8599000 -3.42372193829219
8600000 -3.47049988780084
8601000 -3.43265654393677
8602000 -3.4614021440694
8603000 -3.44999081466831
8604000 -3.45100813179154
8605000 -3.46155656897239
8606000 -3.43686767880861
8607000 -3.47286541187515
8608000 -3.42900527972714
8609000 -3.47923103002109
8610000 -3.43675571621631
8611000 -3.48376121262503
8612000 -3.42948517957169
8613000 -3.47896367191619
8614000 -3.43775436661441
8615000 -3.47372032362173
8616000 -3.44280701235326
8617000 -3.46005003207073
8618000 -3.45798541964011
8619000 -3.45286792400893
8620000 -3.4714216121729
8621000 -3.44613162945155
8622000 -3.47110810586443
8623000 -3.44202241546738
8624000 -3.48689248001377
8625000 -3.43897874660409
8626000 -3.48361570838271
8627000 -3.4381947620785
8628000 -3.48623762085628
8629000 -3.44333194938313
8630000 -3.46779171640558
8631000 -3.46243287718016
8632000 -3.45625238399551
8633000 -3.47182441909375
8634000 -3.44589465912193
8635000 -3.4862230838868
8636000 -3.44232745575756
8637000 -3.48829005932804
8638000 -3.45431082813491
8639000 -3.48438943268493
8640000 -3.44799280847428
8641000 -3.48192873341615
8642000 -3.45811808674922
8643000 -3.47855706262158
8644000 -3.46398230351244
8645000 -3.47761579476825
8646000 -3.47257825544119
8647000 -3.46459712242554
8648000 -3.47900054260721
8649000 -3.45303679518448
8650000 -3.48903610938589
8651000 -3.45453558203038
8652000 -3.4972475559976
8653000 -3.44902105824837
8654000 -3.49334023801082
8655000 -3.45753135076111
8656000 -3.48545683680931
8657000 -3.46443393843275
8658000 -3.48412326219764
8659000 -3.48398477820364
8660000 -3.46036698390126
8661000 -3.48751708943607
8662000 -3.45311992889328
8663000 -3.50236806652425
8664000 -3.45624179581165
8665000 -3.49797720421095
8666000 -3.4540596688982
8667000 -3.49885710723599
8668000 -3.45993223790953
8669000 -3.50271175447511
8670000 -3.46564315302688
8671000 -3.49191756947564
8672000 -3.46876686150389
8673000 -3.48050427512254
8674000 -3.4896362829025
8675000 -3.4704907151714
8676000 -3.50697371400654
8677000 -3.45155405664935
8678000 -3.5053996046712
8679000 -3.45346221855527
8680000 -3.51328717877718
8681000 -3.4586925853565
8682000 -3.50499168630967
8683000 -3.47247344657875
8684000 -3.49951394281127
8685000 -3.47694886037249
8686000 -3.49331351947873
8687000 -3.48846906233824
8688000 -3.48629549742452
8689000 -3.4979516110434
8690000 -3.47901384909835
8691000 -3.50524669890976
8692000 -3.46272994644128
8693000 -3.51484865723084
8694000 -3.46476206406479
8695000 -3.52052695376266
8696000 -3.46741119822481
8697000 -3.50455242825084
8698000 -3.47838351522934
8699000 -3.49257342631175
8700000 -3.50597594782678
8701000 -3.48477184609877
8702000 -3.50482050657438
8703000 -3.46443427944837
8704000 -3.5149484953949
8705000 -3.47294549853392
8706000 -3.52519716371781
8707000 -3.46994107737411
8708000 -3.50771922993558
8709000 -3.47650075188223
8710000 -3.51474054356573
8711000 -3.47909441495283
8712000 -3.51081627795
8713000 -3.48799527423925
8714000 -3.50198739546133
8715000 -3.50283085289846
8716000 -3.48385986816831
8717000 -3.52814511762127
8718000 -3.47104543539218
8719000 -3.53145095717817
8720000 -3.45599451294634
8721000 -3.53899318367704
8722000 -3.4702843306179
8723000 -3.53235183174167
8724000 -3.48108410234168
8725000 -3.51336642180853
8726000 -3.49109132410706
8727000 -3.51454852776505
8728000 -3.50507262123749
8729000 -3.49754016962579
8730000 -3.51009248299108
8731000 -3.4866258927447
8732000 -3.52251969613957
8733000 -3.48304376976907
8734000 -3.53561882123967
8735000 -3.47871722757385
8736000 -3.53052792924923
8737000 -3.48018984036531
8738000 -3.5307672431721
8739000 -3.4807626897192
8740000 -3.52127435316082
8741000 -3.51145085666791
8742000 -3.49964035651551
8743000 -3.51509179849043
8744000 -3.49727901390539
8745000 -3.53270174879949
8746000 -3.48381284890447
8747000 -3.54036933374352
8748000 -3.48140434672367
8749000 -3.54415435227135
8750000 -3.48357198168516
8751000 -3.53671576695767
8752000 -3.49509203304383
8753000 -3.53622107055302
8754000 -3.50982911714442
8755000 -3.52095502457939
8756000 -3.51351982309961
8757000 -3.5073520118049
8758000 -3.52926369428128
8759000 -3.50640616705647
8760000 -3.53612152372427
8761000 -3.49840215611066
8762000 -3.54095790785621
8763000 -3.49381861706599
8764000 -3.54453813706995
8765000 -3.50432314512841
8766000 -3.53021633274561
8767000 -3.50927651785852
8768000 -3.52892433843962
8769000 -3.51376941995584
8770000 -3.52511232791188
8771000 -3.52128367569372
8772000 -3.51921895195651
8773000 -3.52270509682985
8774000 -3.51058585643493
8775000 -3.5407434797541
8776000 -3.49923772814795
8777000 -3.54569680526275
8778000 -3.50188054127165
8779000 -3.54200243675765
8780000 -3.50389232761169
8781000 -3.54222859327851
8782000 -3.51830303323429
8783000 -3.53271666292277
8784000 -3.52712674072028
8785000 -3.51528683315835
8786000 -3.54156323104248
8787000 -3.50554780090128
8788000 -3.55931838290711
8789000 -3.49992978353736
8790000 -3.54891592802995
8791000 -3.51236279347875
8792000 -3.54532687673374
8793000 -3.50876678360839
8794000 -3.54775950589952
8795000 -3.51716160669234
8796000 -3.5479571706096
8797000 -3.52675199230727
8798000 -3.53720794757804
8799000 -3.53385120500148
8800000 -3.52834730147974
8801000 -3.5436597569361
8802000 -3.5208263073031
8803000 -3.55016965406699
8804000 -3.5154059711325
8805000 -3.55985488179567
8806000 -3.51677446866662
8807000 -3.55428462401697
8808000 -3.51542854910902
8809000 -3.54834209350973
8810000 -3.52286993686271
8811000 -3.54821484312839
8812000 -3.5348650386544
8813000 -3.53470192427871
8814000 -3.54707858693427
8815000 -3.52160701095405
8816000 -3.56328117490483
8817000 -3.52753005565162
8818000 -3.56327106647196
8819000 -3.51689372571808
8820000 -3.56277428240168
8821000 -3.5254001547296
8822000 -3.55684512648821
8823000 -3.53164046742411
8824000 -3.54634456316222
8825000 -3.54631780218462
8826000 -3.54488667422311
8827000 -3.54900311924901
8828000 -3.54516229664174
8829000 -3.54637835844267
8830000 -3.5391816238636
8831000 -3.5595106991482
8832000 -3.54385643541588
8833000 -3.56465814849818
8834000 -3.52436553163586
8835000 -3.57110692073261
8836000 -3.52755809060241
8837000 -3.57622194945723
8838000 -3.53102631395385
8839000 -3.56642647912756
8840000 -3.53999901989739
8841000 -3.55646663370711
8842000 -3.55388485970522
8843000 -3.54958082152844
8844000 -3.5629702346338
8845000 -3.53597072362844
8846000 -3.57318458169542
8847000 -3.52643189311885
8848000 -3.58027777860298
8849000 -3.53245967584835
8850000 -3.58381390003982
8851000 -3.53019158931695
8852000 -3.57437305351902
8853000 -3.5314525925221
8854000 -3.57289103225171
8855000 -3.54974853109994
8856000 -3.55736734710522
8857000 -3.5595644337553
8858000 -3.53911757521274
8859000 -3.57408326822923
8860000 -3.54620092790992
8861000 -3.58005256689851
8862000 -3.53470840825043
8863000 -3.57856032278209
8864000 -3.53678198659422
8865000 -3.58540212929007
8866000 -3.5427835136394
8867000 -3.58394557624628
8868000 -3.54811424953427
8869000 -3.56730728437038
8870000 -3.5652086666942
8871000 -3.55589216999625
8872000 -3.58237796666526
8873000 -3.53888100965726
8874000 -3.59784611753778
8875000 -3.52869331129793
8876000 -3.59591825992878
8877000 -3.54104700505993
8878000 -3.59957370141612
8879000 -3.54286052888587
8880000 -3.57714550087709
8881000 -3.55334003818299
8882000 -3.57261247003575
8883000 -3.56528716032586
8884000 -3.56085480096446
8885000 -3.58132231907773
8886000 -3.55158526713907
8887000 -3.58853028044742
8888000 -3.54730446270095
8889000 -3.59904392557194
8890000 -3.54089968217899
8891000 -3.60216275590962
8892000 -3.53928149358836
8893000 -3.5939145291952
8894000 -3.55239032665196
8895000 -3.59493702171541
8896000 -3.56512295861546
8897000 -3.58042255876674
8898000 -3.57006206722657
8899000 -3.57342137263187
8900000 -3.57703351450095
8901000 -3.5634718814947
8902000 -3.59501497644066
8903000 -3.55011559685188
8904000 -3.60054309417293
8905000 -3.54857492015212
8906000 -3.60471968820139
8907000 -3.55619409389521
8908000 -3.5998327764011
8909000 -3.56784996174712
8910000 -3.58954515885987
8911000 -3.57429243912496
8912000 -3.57768142159371
8913000 -3.58664900487568
8914000 -3.56843825042952
8915000 -3.60444276812323
8916000 -3.56054405504885
8917000 -3.60994332805383
8918000 -3.54810506815893
8919000 -3.60748002764185
8920000 -3.55112241854426
8921000 -3.61489474510105
8922000 -3.56575754359132
8923000 -3.59865280609511
8924000 -3.57327611556613
8925000 -3.58348753025828
8926000 -3.59034324426993
8927000 -3.56374713164615
8928000 -3.61185882176377
8929000 -3.56094738198792
8930000 -3.60958322858763
8931000 -3.55878083933348
8932000 -3.61520446882685
8933000 -3.5600663596713
8934000 -3.6032063028964
8935000 -3.56727860184958
8936000 -3.60523610223755
8937000 -3.58466843583235
8938000 -3.59108432520921
8939000 -3.5936942737571
8940000 -3.58150844225803
8941000 -3.59906539213302
8942000 -3.58001059404514
8943000 -3.61229364544803
8944000 -3.57108040364133
8945000 -3.60574159165387
8946000 -3.5727476621642
8947000 -3.61787480093256
8948000 -3.56862799987196
8949000 -3.61429928358648
8950000 -3.57966665497599
8951000 -3.6043430154049
8952000 -3.5991232148652
8953000 -3.59186729120306
8954000 -3.61513525740491
8955000 -3.57049405158224
8956000 -3.62005657275382
8957000 -3.57189117098455
8958000 -3.62216835908888
8959000 -3.57138386002599
8960000 -3.61967918623834
8961000 -3.58177238295409
8962000 -3.61191742994428
8963000 -3.59966551320902
8964000 -3.60631546538164
8965000 -3.59615612215818
8966000 -3.59264323793061
8967000 -3.61726385072867
8968000 -3.58816563716307
8969000 -3.61249690187616
8970000 -3.57529641504418
8971000 -3.62985280625391
8972000 -3.59125353292817
8973000 -3.62658356889738
8974000 -3.58481240367404
8975000 -3.61486664121969
8976000 -3.59295097813932
8977000 -3.62032978033182
8978000 -3.60162050786693
8979000 -3.60134459137082
8980000 -3.60736399365431
8981000 -3.59115314134169
8982000 -3.62207118631006
8983000 -3.59099594275548
8984000 -3.62898951860746
8985000 -3.59159516176507
8986000 -3.62172496100566
8987000 -3.59618618521324
8988000 -3.62466021150802
8989000 -3.59880673162695
8990000 -3.61779407495425
8991000 -3.60597285886099
8992000 -3.61300405711879
8993000 -3.61731901014184
8994000 -3.60633416716514
8995000 -3.62487701052651
8996000 -3.59734731950353
8997000 -3.62668108094642
8998000 -3.60166433100556
8999000 -3.62767648959772
9000000 -3.59536386770393
9001000 -3.62800719307422
9002000 -3.60254829712652
9003000 -3.62512005593924
9004000 -3.60914094161489
9005000 -3.6236784222515
9006000 -3.61879945986329
9007000 -3.61769165387024
9008000 -3.61963071514361
9009000 -3.61253040798135
9010000 -3.62890065933613
9011000 -3.61055441541141
9012000 -3.63675378896679
9013000 -3.59939314482138
9014000 -3.63325714781392
9015000 -3.60451172807336
9016000 -3.63900626253479
9017000 -3.60977264768486
9018000 -3.63511937379926
9019000 -3.60463606986876
9020000 -3.63767819579674
9021000 -3.62092858068068
9022000 -3.63482701288601
9023000 -3.61990337324753
9024000 -3.61838902213766
9025000 -3.63976440380341
9026000 -3.61736163933018
9027000 -3.63878371349079
9028000 -3.61191531963957
9029000 -3.65383166509012
9030000 -3.61213768944898
9031000 -3.65071061199945
9032000 -3.60844169681028
9033000 -3.65210142090767
9034000 -3.61408765743667
9035000 -3.64338176117082
9036000 -3.61751854312571
9037000 -3.63467898553842
9038000 -3.63151504541117
9039000 -3.63361148771516
9040000 -3.64256380923641
9041000 -3.62308196628339
9042000 -3.64747303196406
9043000 -3.61697188271113
9044000 -3.65312415058472
9045000 -3.61506457856225
9046000 -3.65243486873793
9047000 -3.61492777643399
9048000 -3.64539443292734
9049000 -3.6247324804498
9050000 -3.64794063627078
9051000 -3.62723927723625
9052000 -3.63877781172589
9053000 -3.63338049713109
9054000 -3.63633047463338
9055000 -3.6415903310072
9056000 -3.62510450982047
9057000 -3.64437684657776
9058000 -3.621187130337
9059000 -3.66645828542513
9060000 -3.61603133222707
9061000 -3.66184474719927
9062000 -3.6042665638169
9063000 -3.66870188572583
9064000 -3.62711602947033
9065000 -3.65546238471618
9066000 -3.62643637713257
9067000 -3.64697888682342
9068000 -3.64170058491231
9069000 -3.64056276133053
9070000 -3.64670087829462
9071000 -3.62889924471814
9072000 -3.65922747036045
9073000 -3.62888790537589
9074000 -3.66955828656942
9075000 -3.61800686196228
9076000 -3.66522995094438
9077000 -3.62260242617664
9078000 -3.67912251908181
9079000 -3.62473109297594
9080000 -3.67062277086401
9081000 -3.62668933969396
9082000 -3.65523210660934
9083000 -3.64874311802094
9084000 -3.64559526490053
9085000 -3.66339717781711
9086000 -3.63087781849394
9087000 -3.67814986667576
9088000 -3.61352160065623
9089000 -3.67922479218927
9090000 -3.62775674809983
9091000 -3.6825859462061
9092000 -3.62881863099655
9093000 -3.66328023003409
9094000 -3.63924904751154
9095000 -3.67206630399209
9096000 -3.65597973119462
9097000 -3.65270240192693
9098000 -3.64984853931386
9099000 -3.64980801563045
9100000 -3.66983191416871
9101000 -3.64425551028097
9102000 -3.67553382675342
9103000 -3.62954654783629
9104000 -3.67523142578118
9105000 -3.63805285448858
9106000 -3.69010303184761
9107000 -3.62821454745312
9108000 -3.67763120814105
9109000 -3.64370503729928
9110000 -3.68276055672047
9111000 -3.64689348618511
9112000 -3.66557353785314
9113000 -3.66276910490449
9114000 -3.65275704157242
9115000 -3.68013843434791
9116000 -3.64034612176152
9117000 -3.6858638269088
9118000 -3.64655662738698
9119000 -3.68788893346607
9120000 -3.64192140514473
9121000 -3.68326209201386
9122000 -3.64329327305881
9123000 -3.67438247182645
9124000 -3.65072624365529
9125000 -3.68105226802372
9126000 -3.65888546341538
9127000 -3.66778306906247
9128000 -3.66995176686821
9129000 -3.66887731141681
9130000 -3.68172807916488
9131000 -3.65382423199703
9132000 -3.68713221628715
9133000 -3.64030230640156
9134000 -3.69549834500121
9135000 -3.65782504155158
9136000 -3.68293069338101
9137000 -3.65631240589948
9138000 -3.68178048958153
9139000 -3.67482583939063
9140000 -3.67085570219927
9141000 -3.67458722823683
9142000 -3.67245348062581
9143000 -3.67781533735381
9144000 -3.66754272767712
9145000 -3.68358192239259
9146000 -3.66684125197502
9147000 -3.68787524317799
9148000 -3.67584633589188
9149000 -3.68676997579398
9150000 -3.6641591954124
9151000 -3.68153885685139
9152000 -3.67217761132129
9153000 -3.6791213321375
9154000 -3.68401822386906
9155000 -3.67487257727478
9156000 -3.68341396586457
9157000 -3.67133317404938
9158000 -3.69125043727875
9159000 -3.67324749462812
9160000 -3.68973045945245
9161000 -3.68135793708605
9162000 -3.68113971339197
9163000 -3.67177365754168
9164000 -3.6944119330932
9165000 -3.68267300069578
9166000 -3.68616914930484
9167000 -3.67600860172141
9168000 -3.68078376947496
9169000 -3.68316272647455
9170000 -3.68644802535496
9171000 -3.69087684682051
9172000 -3.68131687672172
9173000 -3.68871911889042
9174000 -3.68694404253863
9175000 -3.69625117430846
9176000 -3.67394563921509
9177000 -3.69949345430295
9178000 -3.67320241693393
9179000 -3.704778129245
9180000 -3.68548011636483
9181000 -3.69593779880153
9182000 -3.68448399286667
9183000 -3.68502115665088
9184000 -3.70276126657249
9185000 -3.68615948555579
9186000 -3.69416128104586
9187000 -3.68783802443613
9188000 -3.69826817190202
9189000 -3.69124160124467
9190000 -3.69108040225914
9191000 -3.69929849648693
9192000 -3.69039814843977
9193000 -3.70469409814942
9194000 -3.6870705527565
9195000 -3.69955724206745
9196000 -3.69640501178291
9197000 -3.70184572146199
9198000 -3.6943778761533
9199000 -3.69664014851605
9200000 -3.69654859263764
9201000 -3.69392378229819
9202000 -3.70011667968745
9203000 -3.6948858336507
9204000 -3.69938032155945
9205000 -3.68655945231192
9206000 -3.70173117236161
9207000 -3.70859656984459
9208000 -3.69909822160615
9209000 -3.70065890290349
9210000 -3.69281855770013
9211000 -3.68690670840258
9212000 -3.70895118696058
9213000 -3.69826491301328
9214000 -3.70667862554408
9215000 -3.68749823375393
9216000 -3.70675813927484
9217000 -3.72556918154396
9218000 -3.70744581843786
9219000 -3.70794991597912
9220000 -3.69326013090605
9221000 -3.71644493938773
9222000 -3.70586418439754
9223000 -3.71793429667582
9224000 -3.6947097781243
9225000 -3.70693962867899
9226000 -3.71162093067539
9227000 -3.71004838976311
9228000 -3.71694376605501
9229000 -3.69904503270407
9230000 -3.72490223630808
9231000 -3.69796510036515
9232000 -3.71694298665146
9233000 -3.71073828902933
9234000 -3.72011426125481
9235000 -3.70644568386267
9236000 -3.71101019385243
9237000 -3.71360155833389
9238000 -3.71197313367623
9239000 -3.72682770477683
9240000 -3.70481972134554
9241000 -3.72502778272101
9242000 -3.69723189914421
9243000 -3.7343891279667
9244000 -3.70832825629268
9245000 -3.72996819519053
9246000 -3.70144889357409
9247000 -3.72327540464623
9248000 -3.71246585379612
9249000 -3.72268046166699
9250000 -3.72132365346826
9251000 -3.70991062254846
9252000 -3.72458990119495
9253000 -3.7118063020262
9254000 -3.72934053001717
9255000 -3.70518860771532
9256000 -3.7352433731567
9257000 -3.70293210860212
9258000 -3.72864766051948
9259000 -3.71155245589458
9260000 -3.73898530378613
9261000 -3.70097217763316
9262000 -3.73247538176212
9263000 -3.70115824021878
9264000 -3.7306020001857
9265000 -3.72133653961817
9266000 -3.71828181741741
9267000 -3.72902329692146
9268000 -3.70405025275158
9269000 -3.74728243585045
9270000 -3.70267060730114
9271000 -3.74769764751771
9272000 -3.70336770781738
9273000 -3.74195016331139
9274000 -3.71121538577862
9275000 -3.73375341713121
9276000 -3.72500289644278
9277000 -3.72558768824096
9278000 -3.72410762084273
9279000 -3.73286402789386
9280000 -3.72229086010802
9281000 -3.72741463299091
9282000 -3.73630616653526
9283000 -3.70987457245241
9284000 -3.74719937360412
9285000 -3.71439463289754
9286000 -3.75666008395671
9287000 -3.70828882579879
9288000 -3.75679191059748
9289000 -3.70385711400518
9290000 -3.7446677192569
9291000 -3.72964799185143
9292000 -3.73918667845008
9293000 -3.73458297551211
9294000 -3.72518801089919
9295000 -3.74710289733741
9296000 -3.71205298744972
9297000 -3.75858163589765
9298000 -3.72558938452844
9299000 -3.74751980588451
9300000 -3.714504079004
9301000 -3.75800036114912
9302000 -3.71898728337066
9303000 -3.76030384176383
9304000 -3.71916381390169
9305000 -3.75017258100521
9306000 -3.72321127538054
9307000 -3.74195989846835
9308000 -3.75194670778428
9309000 -3.73039417688726
9310000 -3.75117955619272
9311000 -3.71839531521063
9312000 -3.76475162136705
9313000 -3.72617209763267
9314000 -3.76305473099186
9315000 -3.71441075218983
9316000 -3.76148603088367
9317000 -3.73889220894038
9318000 -3.75662467233975
9319000 -3.7264267157239
9320000 -3.75666864023508
9321000 -3.73843704122658
9322000 -3.75412432038043
9323000 -3.73733898569767
9324000 -3.7453982919657
9325000 -3.7471175760514
9326000 -3.74980260013485
9327000 -3.74869326231067
9328000 -3.74373422141981
9329000 -3.75238563272104
9330000 -3.74845043779565
9331000 -3.75535737921048
9332000 -3.73993947792989
9333000 -3.75360265580247
9334000 -3.74117408520386
9335000 -3.75795974533877
9336000 -3.74190063862117
9337000 -3.76068654223245
9338000 -3.74371207621357
9339000 -3.76723935075347
9340000 -3.74023524315251
9341000 -3.76757545751824
9342000 -3.74724537502941
9343000 -3.7615850077332
9344000 -3.74260878407154
9345000 -3.76429104082157
9346000 -3.74664398536964
9347000 -3.76045072651614
9348000 -3.75197434924031
9349000 -3.76137360331124
9350000 -3.75650890360335
9351000 -3.74929340781682
9352000 -3.77209838849068
9353000 -3.74103634769868
9354000 -3.76914356934199
9355000 -3.74702349969708
9356000 -3.77882448303356
9357000 -3.73936789903224
9358000 -3.77042631569859
9359000 -3.74075014570303
9360000 -3.77298614768549
9361000 -3.75549811543946
9362000 -3.76654619620701
9363000 -3.75969831682895
9364000 -3.75088553771924
9365000 -3.77436657987829
9366000 -3.74893062699074
9367000 -3.78379703770958
9368000 -3.73624865713272
9369000 -3.78472953602128
9370000 -3.74330162353511
9371000 -3.795735160472
9372000 -3.74278394349617
9373000 -3.78005694679185
9374000 -3.75289223063631
9375000 -3.77549643733441
9376000 -3.76983673941858
9377000 -3.76337634114942
9378000 -3.77962050415357
9379000 -3.75540038258067
9380000 -3.77741482310956
9381000 -3.75774323157998
9382000 -3.79454945511515
9383000 -3.75075350327684
9384000 -3.79963013999334
9385000 -3.73499103505715
9386000 -3.79688700684118
9387000 -3.74699484183972
9388000 -3.80284671567456
9389000 -3.75701703801619
9390000 -3.78396964011098
9391000 -3.76849984274059
9392000 -3.76593513390169
9393000 -3.79204164888832
9394000 -3.76660837386406
9395000 -3.79444029175024
9396000 -3.75506301803225
9397000 -3.80190654275058
9398000 -3.75566292121658
9399000 -3.81032521047161
9400000 -3.74558185350332
9401000 -3.80356901172992
9402000 -3.7507511931288
9403000 -3.80587852414525
9404000 -3.76378002186085
9405000 -3.79778632055031
9406000 -3.78011377325268
9407000 -3.77442721776861
9408000 -3.78892071171254
9409000 -3.7715298727289
9410000 -3.79562161428745
9411000 -3.77167867905461
9412000 -3.79352391225019
9413000 -3.77280530976494
9414000 -3.79550758435673
9415000 -3.76895413319206
9416000 -3.80332689672708
9417000 -3.76649622043707
9418000 -3.79136881994295
9419000 -3.77466924163544
9420000 -3.79743383697514
9421000 -3.7747793671328
9422000 -3.7845986304166
9423000 -3.7838020417196
9424000 -3.78496015926567
9425000 -3.78790729744146
9426000 -3.78869619211649
9427000 -3.78106968437673
9428000 -3.78786788746719
9429000 -3.79238636665955
9430000 -3.79218398486377
9431000 -3.78736713103072
9432000 -3.78802081589243
9433000 -3.79892806677194
9434000 -3.78603603422997
9435000 -3.80742204865169
9436000 -3.773642172115
9437000 -3.80522671689398
9438000 -3.77657125540734
9439000 -3.81915078789024
9440000 -3.77572689758215
9441000 -3.81439847668249
9442000 -3.77643143154872
9443000 -3.80911571165808
9444000 -3.78951964685334
9445000 -3.80811812530013
9446000 -3.79958482678671
9447000 -3.78501592159845
9448000 -3.80975157158107
9449000 -3.78923747664163
9450000 -3.81710379879869
9451000 -3.77997104659687
9452000 -3.8193517484287
9453000 -3.7698929908424
9454000 -3.82795397967392
9455000 -3.77735588064076
9456000 -3.82403927729085
9457000 -3.77541468368257
9458000 -3.81996565050627
9459000 -3.77861633881468
9460000 -3.81368647225562
9461000 -3.79401894067474
9462000 -3.78979676896976
9463000 -3.8132025138143
9464000 -3.79060991928073
9465000 -3.82779855597856
9466000 -3.7749865423015
9467000 -3.83560648539121
9468000 -3.77332200667038
9469000 -3.83115227356412
9470000 -3.77783306976845
9471000 -3.83664307663529
9472000 -3.77971380724323
9473000 -3.82652250066881
9474000 -3.78594917285995
9475000 -3.82091156969931
9476000 -3.79992682942908
9477000 -3.80947367564849
9478000 -3.81584162405329
9479000 -3.79756441091124
9480000 -3.8314232895294
9481000 -3.78098052717713
9482000 -3.84363653238805
9483000 -3.7733158101032
9484000 -3.84322555889221
9485000 -3.78424412626203
9486000 -3.84545710983092
9487000 -3.78877019107155
9488000 -3.8343408402447
9489000 -3.80063367500594
9490000 -3.81877181565276
9491000 -3.80540681991608
9492000 -3.82836723146938
9493000 -3.80617728844664
9494000 -3.82923283133976
9495000 -3.81636856174683
9496000 -3.81695837577451
9497000 -3.81324954502023
9498000 -3.80919034555428
9499000 -3.8353053896191
9500000 -3.80935686650311
9501000 -3.85224575581696
9502000 -3.78957226937909
9503000 -3.8414017773686
9504000 -3.80101949062311
9505000 -3.85228945316506
9506000 -3.78364422505322
9507000 -3.84439695817917
9508000 -3.80411760018937
9509000 -3.84516858749206
9510000 -3.8125147372672
9511000 -3.8304397509888
9512000 -3.81463871682321
9513000 -3.83016277276046
9514000 -3.8258061206889
9515000 -3.83051112844186
9516000 -3.81957510703545
9517000 -3.82188699781529
9518000 -3.83659845089541
9519000 -3.82232806213008
9520000 -3.84632413803688
9521000 -3.80100724694522
9522000 -3.84637538412184
9523000 -3.81202405162863
9524000 -3.85878989468933
9525000 -3.81204647090439
9526000 -3.8468167702123
9527000 -3.81377626642026
9528000 -3.84493692660326
9529000 -3.82660545847714
9530000 -3.83684790740195
9531000 -3.82673374188666
9532000 -3.83129848127952
9533000 -3.83234996950428
9534000 -3.8261470687427
9535000 -3.84744743097829
9536000 -3.82629461869565
9537000 -3.8379556583819
9538000 -3.82554299349203
9539000 -3.85151411414714
9540000 -3.81485093247046
9541000 -3.85233746794076
9542000 -3.81488222205462
9543000 -3.85815480024536
9544000 -3.81855140111198
9545000 -3.86133267270214
9546000 -3.81967591413801
9547000 -3.83917670354347
9548000 -3.83481552415808
9549000 -3.84687264444741
9550000 -3.842031330945
9551000 -3.84507537966269
9552000 -3.84022391580996
9553000 -3.83792064529701
9554000 -3.84631788560621
9555000 -3.8374478321784
9556000 -3.84840558503843
9557000 -3.83039383980252
9558000 -3.86676829300669
9559000 -3.82039826764971
9560000 -3.86811988380316
9561000 -3.81659697302425
9562000 -3.87854127320599
9563000 -3.82195446484587
9564000 -3.87491331438407
9565000 -3.82342043380125
9566000 -3.8586082261944
9567000 -3.83737515150104
9568000 -3.85528209299499
9569000 -3.83292933105754
9570000 -3.86525219129121
9571000 -3.83992335775192
9572000 -3.85520108772648
9573000 -3.84182267364494
9574000 -3.85005825132793
9575000 -3.85633933684236
9576000 -3.84574487991406
9577000 -3.85612284114697
9578000 -3.83434024623302
9579000 -3.86620456605372
9580000 -3.83575704142107
9581000 -3.87415789479042
9582000 -3.82467934297792
9583000 -3.87396525497909
9584000 -3.82845418281306
9585000 -3.87458358248462
9586000 -3.84201908403779
9587000 -3.86518955704404
9588000 -3.83865801935056
9589000 -3.86834165622382
9590000 -3.8439543598977
9591000 -3.86048690809391
9592000 -3.85560037714244
9593000 -3.85660130876465
9594000 -3.85367615885118
9595000 -3.85982842236255
9596000 -3.86107539218835
9597000 -3.84634316063388
9598000 -3.86619709214266
9599000 -3.83973132005107
9600000 -3.87448863456663
9601000 -3.84306614493068
9602000 -3.88694951506422
9603000 -3.82978779283702
9604000 -3.89382374713089
9605000 -3.83524290570071
9606000 -3.88397303580227
9607000 -3.83354410291464
9608000 -3.88825056944261
9609000 -3.84788073349179
9610000 -3.87995621178202
9611000 -3.85832829265865
9612000 -3.8589806934921
9613000 -3.86794109438916
9614000 -3.85565648695104
9615000 -3.87936088452971
9616000 -3.85894852918572
9617000 -3.88489640309931
9618000 -3.84782144730662
9619000 -3.89283318060489
9620000 -3.84334327651238
9621000 -3.8945701363992
9622000 -3.83321763527799
9623000 -3.90704747113014
9624000 -3.82773192218694
9625000 -3.91272091513214
9626000 -3.83583099364168
9627000 -3.89539215405825
9628000 -3.84101010911967
9629000 -3.89184429918855
9630000 -3.86915452380713
9631000 -3.89136537591106
9632000 -3.86260214090025
9633000 -3.87103199538216
9634000 -3.86864969634065
9635000 -3.88503845798208
9636000 -3.88451063356907
9637000 -3.85952011706045
9638000 -3.8821167116397
9639000 -3.86577038313711
9640000 -3.89854943755117
9641000 -3.85866999282096
9642000 -3.89252611658955
9643000 -3.85722339767824
9644000 -3.90804228412889
9645000 -3.8568189064191
9646000 -3.90290121388601
9647000 -3.8612091068209
9648000 -3.8998507312094
9649000 -3.8686624408327
9650000 -3.89864197174419
9651000 -3.86608518453716
9652000 -3.89913003869494
9653000 -3.86689659386028
9654000 -3.89360699943518
9655000 -3.86430340073716
9656000 -3.89100670887755
9657000 -3.8875584616149
9658000 -3.87412588894047
9659000 -3.89664308218358
9660000 -3.86761639697205
9661000 -3.90287484681512
9662000 -3.86287122557948
9663000 -3.89776921326094
9664000 -3.87126387397231
9665000 -3.9019226183887
9666000 -3.88434067559468
9667000 -3.89298645279437
9668000 -3.86751635175392
9669000 -3.90354390343009
9670000 -3.87671940640964
9671000 -3.89975195502038
9672000 -3.87873300689497
9673000 -3.89709843895756
9674000 -3.8784102092536
9675000 -3.89652056590975
9676000 -3.89541003456541
9677000 -3.89195854088968
9678000 -3.89515455713936
9679000 -3.88512358606114
9680000 -3.90072591172499
9681000 -3.8875141837378
9682000 -3.90757113190717
9683000 -3.86686651870938
9684000 -3.91445061579209
9685000 -3.86800773777402
9686000 -3.93432814436503
9687000 -3.8635035961292
9688000 -3.91217912919986
9689000 -3.86660643231823
9690000 -3.92069854411832
9691000 -3.89096404913598
9692000 -3.90755361538081
9693000 -3.87612715417766
9694000 -3.91083086492714
9695000 -3.89669651385804
9696000 -3.90225596285051
9697000 -3.89440726302125
9698000 -3.90044062915832
9699000 -3.9042077628701
9700000 -3.91110406469715
9701000 -3.90120745075259
9702000 -3.88814406764327
9703000 -3.9115569107713
9704000 -3.89848720476522
9705000 -3.92444634919775
9706000 -3.88240488883907
9707000 -3.9182295743103
9708000 -3.87946151310873
9709000 -3.9338248754132
9710000 -3.89338731197098
9711000 -3.92376161770702
9712000 -3.88056878573999
9713000 -3.92815782744623
9714000 -3.88606268922665
9715000 -3.92941717051155
9716000 -3.88329930345982
9717000 -3.91690771081977
9718000 -3.8896593266745
9719000 -3.93241334397595
9720000 -3.88789653775518
9721000 -3.92300487102795
9722000 -3.88736714757602
9723000 -3.92285583639292
9724000 -3.90360775657766
9725000 -3.91892406390181
9726000 -3.9033259262624
9727000 -3.89670606279885
9728000 -3.92787887518163
9729000 -3.90830913213746
9730000 -3.9252764003391
9731000 -3.88819047751759
9732000 -3.9230128775643
9733000 -3.89860732942267
9734000 -3.94085995458799
9735000 -3.89458397020751
9736000 -3.92480735104995
9737000 -3.89262828190783
9738000 -3.93436942988909
9739000 -3.90300480658712
9740000 -3.94078844432782
9741000 -3.89062987045653
9742000 -3.9266560399789
9743000 -3.90520549726445
9744000 -3.93488949141843
9745000 -3.91441364321372
9746000 -3.91697537543025
9747000 -3.92357147020766
9748000 -3.91284122679709
9749000 -3.9250544109191
9750000 -3.91532818173464
9751000 -3.92912756725916
9752000 -3.90305876952546
9753000 -3.94021710653824
9754000 -3.90456269783979
9755000 -3.93641461285518
9756000 -3.90287974974337
9757000 -3.94291981501854
9758000 -3.90277647286232
9759000 -3.94766836813842
9760000 -3.90380527717868
9761000 -3.93543993841517
9762000 -3.91438057960186
9763000 -3.94350331011029
9764000 -3.90841749074967
9765000 -3.93948942857859
9766000 -3.91295778040513
9767000 -3.94426783351876
9768000 -3.92010369214056
9769000 -3.94170009460279
9770000 -3.9234879136884
9771000 -3.9149121306481
9772000 -3.94593769236746
9773000 -3.92005567646553
9774000 -3.95742080377762
9775000 -3.91277649134249
9776000 -3.95589233656259
9777000 -3.90252785250207
9778000 -3.9541717488115
9779000 -3.91833374355708
9780000 -3.95148330374261
9781000 -3.91559810295128
9782000 -3.95755564036814
9783000 -3.92485055161892
9784000 -3.95389323452459
9785000 -3.91784696706234
9786000 -3.94880274116963
9787000 -3.92773481152539
9788000 -3.95798051025834
9789000 -3.91552647444599
9790000 -3.95286246017348
9791000 -3.93594703687791
9792000 -3.94134410798816
9793000 -3.94062311179496
9794000 -3.93278491892499
9795000 -3.9482741690479
9796000 -3.93240952617674
9797000 -3.95048829443125
9798000 -3.92438820218645
9799000 -3.95075442972139
9800000 -3.93368604555954
9801000 -3.95402653520487
9802000 -3.92522208962505
9803000 -3.95850310823292
9804000 -3.92190524426887
9805000 -3.96248973306725
9806000 -3.91620466185213
9807000 -3.96590696780291
9808000 -3.92943217008527
9809000 -3.96431100911074
9810000 -3.93174700267837
9811000 -3.95395325623474
9812000 -3.94568698010548
9813000 -3.94771514011175
9814000 -3.96053210422635
9815000 -3.93369494684713
9816000 -3.96150178007976
9817000 -3.93609680261461
9818000 -3.96530708907401
9819000 -3.92803787152633
9820000 -3.97230964217733
9821000 -3.92320276652744
9822000 -3.97469818603396
9823000 -3.92453712030045
9824000 -3.97432218518885
9825000 -3.92721784144863
9826000 -3.97269687767603
9827000 -3.93471913510064
9828000 -3.97018709478599
9829000 -3.94224305212953
9830000 -3.97125537530815
9831000 -3.93410661585501
9832000 -3.9673056144275
9833000 -3.94152969071715
9834000 -3.9707663600627
9835000 -3.94658541124456
9836000 -3.96504322706676
9837000 -3.95829514902077
9838000 -3.95747613145683
9839000 -3.96177502510797
9840000 -3.94784660663075
9841000 -3.96801105827754
9842000 -3.95215137873208
9843000 -3.97066029594695
9844000 -3.94186458588977
9845000 -3.98664739445484
9846000 -3.94207385322475
9847000 -3.98406455604742
9848000 -3.9389773550538
9849000 -3.98261806534411
9850000 -3.93717349896396
9851000 -3.98603702320889
9852000 -3.94393799691434
9853000 -3.98256191241446
9854000 -3.94291943864927
9855000 -3.98216962085446
9856000 -3.94706563817608
9857000 -3.98431637161251
9858000 -3.95704392643263
9859000 -3.97930640575174
9860000 -3.95890621385233
9861000 -3.97239012830126
9862000 -3.9588368122136
9863000 -3.97508357717237
9864000 -3.96771935808902
9865000 -3.96611686303337
9866000 -3.97006241249944
9867000 -3.96586801601729
9868000 -3.98290616886529
9869000 -3.95906184777699
9870000 -3.9777707745095
9871000 -3.94618431618151
9872000 -3.9910895823194
9873000 -3.94964043177267
9874000 -3.98840576751295
9875000 -3.95235095232895
9876000 -3.9861238083103
9877000 -3.96213416512096
9878000 -3.98262702123779
9879000 -3.9652867881301
9880000 -3.99286726253312
9881000 -3.95895994515578
9882000 -3.98872379909188
9883000 -3.95298357619299
9884000 -4.00068951537464
9885000 -3.96267652226937
9886000 -3.98154428505306
9887000 -3.96690135945538
9888000 -3.98891553442522
9889000 -3.97465066074875
9890000 -3.97575917171864
9891000 -3.9857446654709
9892000 -3.97147894326462
9893000 -3.98765599791311
9894000 -3.97035469113133
9895000 -3.98028801949081
9896000 -3.97667178444399
9897000 -3.99762342327931
9898000 -3.97058709818968
9899000 -3.99108919269631
9900000 -3.97079816122487
9901000 -3.996334594985
9902000 -3.96731149672478
9903000 -3.99941820375297
9904000 -3.96547916671583
9905000 -4.00126629747815
9906000 -3.9660894439863
9907000 -4.0059652453756
9908000 -3.95432898378929
9909000 -4.01571281678344
9910000 -3.96080891651981
9911000 -4.01306600138666
9912000 -3.96645835500297
9913000 -4.00255524550827
9914000 -3.96954646288027
9915000 -4.00202703941407
9916000 -3.97827044312833
9917000 -3.99839137957578
9918000 -3.97864601210284
9919000 -3.99512100249664
9920000 -3.98408992308152
9921000 -3.99961738484268
9922000 -3.98480833331562
9923000 -3.98791765310262
9924000 -4.0003376006656
9925000 -3.98267073685978
9926000 -4.00813260714331
9927000 -3.97283405682546
9928000 -4.01049889101164
9929000 -3.96778102735041
9930000 -4.01296151762724
9931000 -3.9748748396576
9932000 -4.01268611426782
9933000 -3.98318300309106
9934000 -4.0155098741535
9935000 -3.9790127415533
9936000 -4.00926948522287
9937000 -3.98454529197089
9938000 -4.00614414762719
9939000 -3.98676795667959
9940000 -4.01590662547842
9941000 -3.98314346616956
9942000 -4.01187119047935
9943000 -3.98189779532883
9944000 -4.01014847164962
9945000 -3.9907062412969
9946000 -4.00761584134146
9947000 -3.98412180178058
9948000 -4.00419001875633
9949000 -4.00853195078079
9950000 -3.99444866476556
9951000 -4.01082425429698
9952000 -3.99808763595809
9953000 -4.00062962425713
9954000 -4.00039171232008
9955000 -4.0095538622661
9956000 -3.99892435979599
9957000 -4.00972935347745
9958000 -4.00160834590401
9959000 -4.00700185961609
9960000 -4.00096840310246
9961000 -4.01993685715985
9962000 -3.97785592764249
9963000 -4.03202617448441
9964000 -4.00153397483777
9965000 -4.0230662055909
9966000 -3.98097773791011
9967000 -4.02772467416064
9968000 -3.99134327746804
9969000 -4.03015087812955
9970000 -3.99949306322863
9971000 -4.01375454517722
9972000 -3.99397993482832
9973000 -4.03579655165121
9974000 -3.98999601988772
9975000 -4.03119504809447
9976000 -3.99217639257478
9977000 -4.0389138975634
9978000 -3.99158604029161
9979000 -4.03251277012145
9980000 -3.99672156691183
9981000 -4.01899070530699
9982000 -4.01940619579688
9983000 -4.00895967857662
9984000 -4.0126528142021
9985000 -4.01241140350044
9986000 -4.02601816186606
9987000 -4.00735482187921
9988000 -4.031665455851
9989000 -3.99904254690807
9990000 -4.02785776187229
9991000 -4.00773977743065
9992000 -4.03798755974821
9993000 -3.99219794066581
9994000 -4.0464674457275
9995000 -3.98834193681968
9996000 -4.04993718220166
9997000 -3.98451456442438
9998000 -4.05313923972601
9999000 -3.98989718124575
10000000 -4.05217588530052
10001000 -3.98943561146125
10002000 -4.04734517753895
10003000 -4.00603212167767
10004000 -4.03951215161821
10005000 -4.00164537425401
10006000 -4.03647940317158
10007000 -4.01442787814083
10008000 -4.04348863991256
10009000 -4.00933316193033
10010000 -4.02706800176099
10011000 -4.02307151419609
10012000 -4.02579967663418
10013000 -4.02912044577948
10014000 -4.01439478758882
10015000 -4.02902597434913
10016000 -4.0240291300186
10017000 -4.03399173493682
10018000 -4.02464631328977
10019000 -4.02929450044711
10020000 -4.02352770508914
10021000 -4.04386499147828
10022000 -4.02134963938772
10023000 -4.04211159022584
10024000 -4.02348098107996
10025000 -4.04288008489312
10026000 -4.02321551536123
10027000 -4.03618912499191
10028000 -4.02573893249604
10029000 -4.03165249205764
10030000 -4.03497257326389
10031000 -4.03950385520978
10032000 -4.02672189650326
10033000 -4.03618023002854
10034000 -4.02904524756061
10035000 -4.04819545934932
10036000 -4.02436084246014
10037000 -4.06080696432964
10038000 -4.01666888231254
10039000 -4.06492557086594
10040000 -4.02023016813629
10041000 -4.06126140346215
10042000 -4.00387990036935
10043000 -4.07076603998995
10044000 -4.0132637185589
10045000 -4.06280873246371
10046000 -4.01303435858852
10047000 -4.0716311366343
10048000 -4.02096943707949
10049000 -4.07127500020599
10050000 -4.0135029441011
10051000 -4.05820728599456
10052000 -4.03825928419254
10053000 -4.06440054236932
10054000 -4.03033591225919
10055000 -4.04479431260621
10056000 -4.04015579497417
10057000 -4.0451396799253
10058000 -4.05135360672037
10059000 -4.02926148109555
10060000 -4.06644760882456
10061000 -4.03486736280709
10062000 -4.06713788392468
10063000 -4.02131871895312
10064000 -4.08019462734506
10065000 -4.02321259818469
10066000 -4.07437696940271
10067000 -4.02200655742932
10068000 -4.07264867030529
10069000 -4.01858178156571
10070000 -4.07737881265039
10071000 -4.03144076238399
10072000 -4.07027109044258
10073000 -4.03146840650449
10074000 -4.07207362595635
10075000 -4.03978334441055
10076000 -4.05924322058749
10077000 -4.04058413294629
10078000 -4.06257104430157
10079000 -4.05063064207493
10080000 -4.0592851496514
10081000 -4.04231075053412
10082000 -4.06374934445887
10083000 -4.04983727582674
10084000 -4.06941609296758
10085000 -4.04922299913014
10086000 -4.05932835958687
10087000 -4.05291444642295
10088000 -4.06793761628457
10089000 -4.05906727907635
10090000 -4.05402288758629
10091000 -4.05556876074851
10092000 -4.06236400703266
10093000 -4.06100731540088
10094000 -4.05922822333443
10095000 -4.05547014901443
10096000 -4.06424283995887
10097000 -4.05941550323482
10098000 -4.06461686647229
10099000 -4.05918479209303
10100000 -4.05322450092405
10101000 -4.06993974547277
10102000 -4.04483440747497
10103000 -4.08288971609736
10104000 -4.0488627508589
10105000 -4.08361308830482
10106000 -4.04369959169505
10107000 -4.09401213186531
10108000 -4.04411254930536
10109000 -4.09226468406286
10110000 -4.03925724241255
10111000 -4.10592917534383
10112000 -4.03423409361391
10113000 -4.10159556570918
10114000 -4.03116807478088
10115000 -4.11330101443981
10116000 -4.03141633373942
10117000 -4.11488173861616
10118000 -4.02863596156681
10119000 -4.11301875151212
10120000 -4.0397859638379
10121000 -4.09268659129997
10122000 -4.05857866018639
10123000 -4.0843632895375
10124000 -4.07549847849017
10125000 -4.07721464131252
10126000 -4.07222563659739
10127000 -4.07321253204544
10128000 -4.0760823291548
10129000 -4.07438780982669
10130000 -4.07470265181987
10131000 -4.0843190906721
10132000 -4.07922226155958
10133000 -4.07671775911338
10134000 -4.0849362187212
10135000 -4.06153888257602
10136000 -4.09883695829106
10137000 -4.06296497518811
10138000 -4.08629820405867
10139000 -4.06955016517403
10140000 -4.097809279498
10141000 -4.0718199195158
10142000 -4.08438025489573
10143000 -4.08082550631529
10144000 -4.07577962368395
10145000 -4.09064329457547
10146000 -4.070572576448
10147000 -4.08718645789228
10148000 -4.07991276481733
10149000 -4.0820211003981
10150000 -4.08739554647007
10151000 -4.0640348718182
10152000 -4.10785518161502
10153000 -4.07676699251199
10154000 -4.10583631345333
10155000 -4.07183141867432
10156000 -4.09955033707734
10157000 -4.07938289707624
10158000 -4.09189557817994
10159000 -4.06300047600373
10160000 -4.11000266696285
10161000 -4.07083214633553
10162000 -4.1060591085642
10163000 -4.0575341986695
10164000 -4.12833206221949
10165000 -4.05669535798665
10166000 -4.1328203986873
10167000 -4.04203496861855
10168000 -4.12745947593614
10169000 -4.05143772276725
10170000 -4.13523189671828
10171000 -4.04820040891385
10172000 -4.12155323104054
10173000 -4.06289051888593
10174000 -4.1264491973787
10175000 -4.06804156813492
10176000 -4.12503062550247
10177000 -4.06783715757954
10178000 -4.13518447106725
10179000 -4.06056801992857
10180000 -4.12192408139576
10181000 -4.0724953132794
10182000 -4.1213852706257
10183000 -4.07366671985679
10184000 -4.11613014152786
10185000 -4.07858856867668
10186000 -4.10983592253743
10187000 -4.10345673506481
10188000 -4.09719848812315
10189000 -4.09232000820839
10190000 -4.1014442197448
10191000 -4.10601757761343
10192000 -4.1001742487133
10193000 -4.10105252139365
10194000 -4.10111924847341
10195000 -4.09260941685938
10196000 -4.11041864734871
10197000 -4.08800195689635
10198000 -4.10819126731031
10199000 -4.10791204495905
10200000 -4.11789502309591
10201000 -4.10101319538983
10202000 -4.1134116223244
10203000 -4.10223887327281
10204000 -4.11579404420932
10205000 -4.11096674403692
10206000 -4.10705740741052
10207000 -4.09107559490773
10208000 -4.12870051639435
10209000 -4.08809114198668
10210000 -4.13293841820788
10211000 -4.08356451029483
10212000 -4.12245926710581
10213000 -4.09866554829752
10214000 -4.12779924115127
10215000 -4.09736758808601
10216000 -4.1079376633727
10217000 -4.1156825295032
10218000 -4.10387298693357
10219000 -4.12915589069158
10220000 -4.08990547488124
10221000 -4.13726017218155
10222000 -4.08692702797372
10223000 -4.14451363653902
10224000 -4.08257948315332
10225000 -4.14871683468022
10226000 -4.09646034125443
10227000 -4.13863667838853
10228000 -4.09325420263658
10229000 -4.14632494919234
10230000 -4.09458000671656
10231000 -4.13736359544755
10232000 -4.09798217650196
10233000 -4.12855766172669
10234000 -4.11132719892702
10235000 -4.1308337257448
10236000 -4.10136233975856
10237000 -4.1341353710333
10238000 -4.10797389878251
10239000 -4.13904764385491
10240000 -4.09818826018926
10241000 -4.13851400242158
10242000 -4.09228772930924
10243000 -4.14675251872347
10244000 -4.09905040823188
10245000 -4.12820221250572
10246000 -4.12422399682105
10247000 -4.12600167303219
10248000 -4.1193103770802
10249000 -4.12981344765186
10250000 -4.11692631709917
10251000 -4.13846073579231
10252000 -4.11201154467202
10253000 -4.13906295134664
10254000 -4.11310797784965
10255000 -4.15272188480999
10256000 -4.09517888723705
10257000 -4.14652717908561
10258000 -4.1171621657068
10259000 -4.14910513209145
10260000 -4.09881309585798
10261000 -4.15125561294684
10262000 -4.11077438836044
10263000 -4.15671804737204
10264000 -4.10418212721379
10265000 -4.14904154842648
10266000 -4.11295112913448
10267000 -4.16237658209735
10268000 -4.10834281765895
10269000 -4.14661599349526
10270000 -4.11413890794348
10271000 -4.14940690618185
10272000 -4.1192916310741
10273000 -4.14209905157157
10274000 -4.1278287881017
10275000 -4.14079644843009
10276000 -4.13863882953973
10277000 -4.1208528090861
10278000 -4.14175027099181
10279000 -4.12638890142954
10280000 -4.13915845918607
10281000 -4.12725688060451
10282000 -4.14044648315739
10283000 -4.13408082349874
10284000 -4.13921434161866
10285000 -4.12738945222637
10286000 -4.14749708711645
10287000 -4.13999652869984
10288000 -4.14216194661665
10289000 -4.13287375720665
10290000 -4.15268234897909
10291000 -4.13610591944461
10292000 -4.14943190332584
10293000 -4.12919483514144
10294000 -4.14948014355051
10295000 -4.14017486750229
10296000 -4.15069649896574
10297000 -4.13165625642099
10298000 -4.14255892321637
10299000 -4.14821597253117
10300000 -4.14982152454088
10301000 -4.12924207399932
10302000 -4.1513832545991
10303000 -4.12970679562082
10304000 -4.16558530103222
10305000 -4.12521079011125
10306000 -4.15868022201147
10307000 -4.12379376386901
10308000 -4.18108849954686
10309000 -4.12422640814744
10310000 -4.17139609326624
10311000 -4.12722172178449
10312000 -4.17436905052929
10313000 -4.13289707686033
10314000 -4.17752950953017
10315000 -4.11564235810881
10316000 -4.18079519324921
10317000 -4.12364523919375
10318000 -4.17585367719484
10319000 -4.12293487147957
10320000 -4.18327309978233
10321000 -4.13405990974802
10322000 -4.18633643185853
10323000 -4.1300487530875
10324000 -4.17161163540304
10325000 -4.14354716892112
10326000 -4.17558566689611
10327000 -4.13711018708706
10328000 -4.18134580885523
10329000 -4.14427487873217
10330000 -4.16142019433373
10331000 -4.14393407747281
10332000 -4.15999834045598
10333000 -4.15318245146024
10334000 -4.16092790096711
10335000 -4.14690082653468
10336000 -4.16639017135309
10337000 -4.15162412806811
10338000 -4.16233934733621
10339000 -4.14995804432588
10340000 -4.17857123247003
10341000 -4.14706268180344
10342000 -4.17411223484045
10343000 -4.15162198117111
10344000 -4.16842191294029
10345000 -4.15311166522705
10346000 -4.17996159829814
10347000 -4.13643254036051
10348000 -4.18528493202897
10349000 -4.14098202559893
10350000 -4.1852783515361
10351000 -4.14183030010299
10352000 -4.19410310805632
10353000 -4.13401279420427
10354000 -4.19744533224665
10355000 -4.14650718575848
10356000 -4.18273814139564
10357000 -4.15610698986307
10358000 -4.18687132595374
10359000 -4.15301379596556
10360000 -4.17918294150725
10361000 -4.16396551701704
10362000 -4.16106914565728
10363000 -4.1770406805269
10364000 -4.15405314277977
10365000 -4.17486296225452
10366000 -4.16789402845892
10367000 -4.18213038857235
10368000 -4.14596056133285
10369000 -4.19371123046346
10370000 -4.15452057711844
10371000 -4.19324353035036
10372000 -4.15174605029214
10373000 -4.18296423839432
10374000 -4.15391746418394
10375000 -4.20373834604932
10376000 -4.15923058577462
10377000 -4.17906358542503
10378000 -4.17118699610377
10379000 -4.1813959470975
10380000 -4.17943867285457
10381000 -4.17497650316199
10382000 -4.18075190104421
10383000 -4.18486267315236
10384000 -4.18012799499791
10385000 -4.16576669877708
10386000 -4.18245255947993
10387000 -4.18960702757149
10388000 -4.17869243853284
10389000 -4.1743537043706
10390000 -4.17868973593001
10391000 -4.18285142054489
10392000 -4.18728190147696
10393000 -4.18322324231609
10394000 -4.16649600985553
10395000 -4.20553035721143
10396000 -4.16959063116639
10397000 -4.19705460958644
10398000 -4.15629105193806
10399000 -4.21841457090301
10400000 -4.15452360789692
10401000 -4.22294487517178
10402000 -4.14178255764928
10403000 -4.22597074334673
10404000 -4.15641471852164
10405000 -4.22397458712646
10406000 -4.15405439032385
10407000 -4.21477851136844
10408000 -4.16819143381029
10409000 -4.21653983754714
10410000 -4.17673133829584
10411000 -4.20087713567862
10412000 -4.1796969276235
10413000 -4.21661959350022
10414000 -4.16515862523258
10415000 -4.20256817326719
10416000 -4.1815054369045
10417000 -4.19776768626259
10418000 -4.18697104446955
10419000 -4.19909905763919
10420000 -4.18246206050622
10421000 -4.20433911353454
10422000 -4.18296597503796
10423000 -4.19596966587136
10424000 -4.19278421517885
10425000 -4.19814580382916
10426000 -4.1803545123929
10427000 -4.20939383654295
10428000 -4.18399627164614
10429000 -4.20865256668054
10430000 -4.18245681030084
10431000 -4.20597069492326
10432000 -4.18075007809724
10433000 -4.22850032595923
10434000 -4.160263393279
10435000 -4.22632277465711
10436000 -4.17937344385426
10437000 -4.23745091402895
10438000 -4.15723349493551
10439000 -4.23259654535746
10440000 -4.16804028497735
10441000 -4.23949033542783
10442000 -4.16726058166335
10443000 -4.21453596669414
10444000 -4.19061593969246
10445000 -4.22802660167897
10446000 -4.18512682960696
10447000 -4.2125395606645
10448000 -4.19286662804903
10449000 -4.20882890279843
10450000 -4.20941793518582
10451000 -4.21237935303747
10452000 -4.19043530032448
10453000 -4.22129374567973
10454000 -4.19770181876823
10455000 -4.21240566963233
10456000 -4.21643306392478
10457000 -4.20348209528964
10458000 -4.20776189528437
10459000 -4.22102353977524
10460000 -4.21308256260392
10461000 -4.21369403238749
10462000 -4.20838012246177
10463000 -4.21291866516467
10464000 -4.20960735488189
10465000 -4.22637260792505
10466000 -4.19117456673886
10467000 -4.2295367786424
10468000 -4.21191421294434
10469000 -4.22663897954001
10470000 -4.19317527170267
10471000 -4.23694504036221
10472000 -4.19870045708881
10473000 -4.2368812388041
10474000 -4.20197387756926
10475000 -4.21355761769852
10476000 -4.22081305612315
10477000 -4.23254867969389
10478000 -4.19486488854252
10479000 -4.23176769971086
10480000 -4.20975003826163
10481000 -4.22247560513638
10482000 -4.22036152906916
10483000 -4.21639614251717
10484000 -4.22778586413291
10485000 -4.21899337039739
10486000 -4.22275242211427
10487000 -4.21791890248205
10488000 -4.24589984248853
10489000 -4.20199824011791
10490000 -4.23070529801802
10491000 -4.22174756026883
10492000 -4.24876353130273
10493000 -4.21091480376372
10494000 -4.23342256927962
10495000 -4.20875794599993
10496000 -4.25273365310027
10497000 -4.22117993364473
10498000 -4.23117783911011
10499000 -4.2149282927456
10500000 -4.2465912239442
10501000 -4.22428760286851
10502000 -4.23638074907947
10503000 -4.21459148624705
10504000 -4.23541949311536
10505000 -4.2408015274863
10506000 -4.22836644609121
10507000 -4.22268340379749
10508000 -4.24840246446191
10509000 -4.22995502536994
10510000 -4.24026662361609
10511000 -4.21893854779339
10512000 -4.24258681101706
10513000 -4.22680550131899
10514000 -4.25433526869311
10515000 -4.21112690320611
10516000 -4.25688848322107
10517000 -4.2237251886311
10518000 -4.25104188754898
10519000 -4.21641805600869
10520000 -4.25890872485084
10521000 -4.22150383228587
10522000 -4.25356452343824
10523000 -4.22617092344865
10524000 -4.25180072945834
10525000 -4.23217107876927
10526000 -4.24891635533714
10527000 -4.21857568010082
10528000 -4.26357347460004
10529000 -4.21949094819719
10530000 -4.25207798749722
10531000 -4.21591583648856
10532000 -4.26385166856132
10533000 -4.21849671837951
10534000 -4.26136927412746
10535000 -4.22001645351871
10536000 -4.26310150853925
10537000 -4.22957928593273
10538000 -4.25580910090282
10539000 -4.23118598732338
10540000 -4.26458344227091
10541000 -4.22626906844749
10542000 -4.2578087525699
10543000 -4.23400289335242
10544000 -4.24922849400329
10545000 -4.23818502345206
10546000 -4.26245029565083
10547000 -4.23107857946353
10548000 -4.26928593111325
10549000 -4.22561153389672
10550000 -4.26054348449372
10551000 -4.23654590404354
10552000 -4.25688998255754
10553000 -4.23974346819733
10554000 -4.26367081870314
10555000 -4.22853380211771
10556000 -4.26472582781723
10557000 -4.23461057997001
10558000 -4.26459993593801
10559000 -4.2247661200391
10560000 -4.27501245386418
10561000 -4.23428249693849
10562000 -4.2632865547868
10563000 -4.24811543263234
10564000 -4.25460063856755
10565000 -4.25332609006247
10566000 -4.24916653992962
10567000 -4.25731003671537
10568000 -4.25358687527869
10569000 -4.24918315674319
10570000 -4.2537652875458
10571000 -4.24826197023982
10572000 -4.26067465038435
10573000 -4.24877767946914
10574000 -4.26127600738015
10575000 -4.25630424429502
10576000 -4.24785509067576
10577000 -4.26760117825638
10578000 -4.25328437800171
10579000 -4.26885699336372
10580000 -4.25735395921061
10581000 -4.25515837728019
10582000 -4.25988869383939
10583000 -4.26151355778166
10584000 -4.26908468863593
10585000 -4.23695176706465
10586000 -4.26956291624774
10587000 -4.26324076484454
10588000 -4.26346884929741
10589000 -4.26067816506961
10590000 -4.25907047566124
10591000 -4.27670300243274
10592000 -4.25391222628448
10593000 -4.26595593966536
10594000 -4.25701160175508
10595000 -4.28272632779918
10596000 -4.24828220880506
10597000 -4.28305391867868
10598000 -4.2521184825211
10599000 -4.29254170120107
10600000 -4.24353486202069
10601000 -4.28484478339811
10602000 -4.26236127339564
10603000 -4.29270755214943
10604000 -4.25985055806441
10605000 -4.26600813831107
10606000 -4.25985280124504
10607000 -4.28333709410796
10608000 -4.25957877560234
10609000 -4.26492156621307
10610000 -4.2695714918489
10611000 -4.28452828525526
10612000 -4.26625200990713
10613000 -4.27765612641076
10614000 -4.26504990834707
10615000 -4.28430199664358
10616000 -4.27094276665225
10617000 -4.27962739302244
10618000 -4.26761655292728
10619000 -4.27754741970975
10620000 -4.26948417532937
10621000 -4.28201761280641
10622000 -4.26389852819199
10623000 -4.28534847455652
10624000 -4.26599669057251
10625000 -4.29911620919068
10626000 -4.25534145200338
10627000 -4.30010370621973
10628000 -4.24957203141223
10629000 -4.30868235890736
10630000 -4.26399228467625
10631000 -4.29794538399062
10632000 -4.25757899695737
10633000 -4.30213456532301
10634000 -4.25983402546936
10635000 -4.30611246039124
10636000 -4.25465666828208
10637000 -4.30545348611235
10638000 -4.26534261396552
10639000 -4.30027943304216
10640000 -4.26587568548932
10641000 -4.2971650290329
10642000 -4.27764828974487
10643000 -4.29524347645873
10644000 -4.26999474369396
10645000 -4.29347793735165
10646000 -4.2898524965464
10647000 -4.28220303287997
10648000 -4.28356130305119
10649000 -4.297851136741
10650000 -4.29398185017822
10651000 -4.29448187989795
10652000 -4.28038632899691
10653000 -4.30901212162925
10654000 -4.28171638328915
10655000 -4.30547510457783
10656000 -4.26840409542563
10657000 -4.31515452480299
10658000 -4.27179437238431
10659000 -4.31007799438124
10660000 -4.28099240205396
10661000 -4.31549160468082
10662000 -4.27768067037679
10663000 -4.31473707627391
10664000 -4.28303525688483
10665000 -4.3023179734603
10666000 -4.28341977200397
10667000 -4.30981269223138
10668000 -4.28896847307752
10669000 -4.30900924771972
10670000 -4.28334665732449
10671000 -4.30892553745267
10672000 -4.29550341818736
10673000 -4.29847046170621
10674000 -4.28744422693733
10675000 -4.29999566066633
10676000 -4.30231196875938
10677000 -4.29384672839131
10678000 -4.30718466560318
10679000 -4.29064027092448
10680000 -4.31173682008337
10681000 -4.3010504438354
10682000 -4.30367732930207
10683000 -4.30720063806852
10684000 -4.2976989069338
10685000 -4.29822504649301
10686000 -4.3025076603818
10687000 -4.30918225874255
10688000 -4.29135046931022
10689000 -4.30270556797393
10690000 -4.29225748603427
10691000 -4.32602973386044
10692000 -4.28586881147748
10693000 -4.32744767290403
10694000 -4.27891073640182
10695000 -4.32715033741859
10696000 -4.29848042502675
10697000 -4.30784197125196
10698000 -4.30171994860291
10699000 -4.31011242191046
10700000 -4.31363436326074
10701000 -4.30059256287911
10702000 -4.31981383552864
10703000 -4.2936083108545
10704000 -4.33197948650405
10705000 -4.28004354606067
10706000 -4.33334822214895
10707000 -4.29397982588651
10708000 -4.33681028723699
10709000 -4.29609855572313
10710000 -4.32948130920689
10711000 -4.29778557289218
10712000 -4.31920840909345
10713000 -4.3178974172033
10714000 -4.31633197862589
10715000 -4.31429544746877
10716000 -4.3000801472971
10717000 -4.33041252902387
10718000 -4.30863747882623
10719000 -4.32030410669095
10720000 -4.30707834975917
10721000 -4.32818403044296
10722000 -4.30742737760589
10723000 -4.31941544431574
10724000 -4.30751220544256
10725000 -4.32745145341782
10726000 -4.30915168937375
10727000 -4.31562577192012
10728000 -4.32252600733474
10729000 -4.32478965193701
10730000 -4.32078985370253
10731000 -4.31094115032935
10732000 -4.3399411408272
10733000 -4.30960711843264
10734000 -4.34114129168449
10735000 -4.304268380821
10736000 -4.34220761720137
10737000 -4.30828920469535
10738000 -4.34353303023737
10739000 -4.3028722130285
10740000 -4.34303861219661
10741000 -4.31933898377224
10742000 -4.33208140523726
10743000 -4.32246248799942
10744000 -4.3283367553407
10745000 -4.32694199119843
10746000 -4.33163085210279
10747000 -4.32882549584286
10748000 -4.32735935124775
10749000 -4.32871736609919
10750000 -4.33327186443887
10751000 -4.32261229141612
10752000 -4.34238616861155
10753000 -4.31515040759461
10754000 -4.35234686810862
10755000 -4.31049177292992
10756000 -4.35284249372261
10757000 -4.31280767450375
10758000 -4.34802687890195
10759000 -4.30768309478002
10760000 -4.36022857056132
10761000 -4.30421803375252
10762000 -4.35352677886288
10763000 -4.30692167571996
10764000 -4.36088438766122
10765000 -4.31806612891294
10766000 -4.3515323965758
10767000 -4.3048482590941
10768000 -4.35605217460775
10769000 -4.31552731342059
10770000 -4.35190485134714
10771000 -4.31764342889083
10772000 -4.35185497983405
10773000 -4.3204490802632
10774000 -4.35167158071576
10775000 -4.32314032543225
10776000 -4.3493019722159
10777000 -4.3337776895254
10778000 -4.34441446834489
10779000 -4.33752466525258
10780000 -4.3420365654306
10781000 -4.34061196476453
10782000 -4.35681897480633
10783000 -4.33440391875161
10784000 -4.34295823807937
10785000 -4.33224100011926
10786000 -4.37266697450965
10787000 -4.31341513467466
10788000 -4.3703869396936
10789000 -4.31490151334577
10790000 -4.37773666045381
10791000 -4.31722737552881
10792000 -4.37200873530807
10793000 -4.30942969073428
10794000 -4.38698011561119
10795000 -4.3074924600454
10796000 -4.38140499445625
10797000 -4.32677500153205
10798000 -4.3746848930498
10799000 -4.32164235250486
10800000 -4.3752700155316
10801000 -4.32783831567905
10802000 -4.39075519644719
10803000 -4.31910192870967
10804000 -4.38119777384405
10805000 -4.33684127676812
10806000 -4.38160830675279
10807000 -4.3330835233297
10808000 -4.37112844240185
10809000 -4.34596373502649
10810000 -4.35829989481972
10811000 -4.35801561978467
10812000 -4.34908010528753
10813000 -4.35851867268558
10814000 -4.35692643864319
10815000 -4.35445793878809
10816000 -4.36291762155729
10817000 -4.34847063139419
10818000 -4.3713352850446
10819000 -4.34422104864291
10820000 -4.38166852919891
10821000 -4.33151704361109
10822000 -4.39831096644889
10823000 -4.31628326016106
10824000 -4.3902379459457
10825000 -4.32258605562314
10826000 -4.3949339356788
10827000 -4.32747965152081
10828000 -4.38476507575809
10829000 -4.33527918380434
10830000 -4.38774442909336
10831000 -4.33563502612407
10832000 -4.38565278313417
10833000 -4.34536447326119
10834000 -4.3914434573487
10835000 -4.33870271136738
10836000 -4.40342900016061
10837000 -4.32719379107216
10838000 -4.39241007899121
10839000 -4.35405795904052
10840000 -4.38949814606018
10841000 -4.35610051257598
10842000 -4.3743573189905
10843000 -4.36760277983763
10844000 -4.37941338180589
10845000 -4.36445980664242
10846000 -4.36309549069276
10847000 -4.38524118987474
10848000 -4.36760757940009
10849000 -4.37728725558245
10850000 -4.35989644015689
10851000 -4.38975957251569
10852000 -4.35646595558929
10853000 -4.38734727228258
10854000 -4.35375637253435
10855000 -4.39064653554374
10856000 -4.36154636926707
10857000 -4.37416381763537
10858000 -4.38097299444064
10859000 -4.35468723090284
10860000 -4.38668908305098
10861000 -4.36173034329828
10862000 -4.4021442229923
10863000 -4.35144639580637
10864000 -4.38639080907691
10865000 -4.36189354276662
10866000 -4.39330254547784
10867000 -4.3635532839127
10868000 -4.38363228728555
10869000 -4.36391220128008
10870000 -4.39609350046811
10871000 -4.35584146578066
10872000 -4.40138418940114
10873000 -4.36853863134349
10874000 -4.39045904122038
10875000 -4.37709668934538
10876000 -4.38163200178799
10877000 -4.40180442616094
10878000 -4.36562074645959
10879000 -4.38969488695681
10880000 -4.36945753206743
10881000 -4.40947824375996
10882000 -4.35524693165189
10883000 -4.40158793143904
10884000 -4.37164567761517
10885000 -4.4081616747189
10886000 -4.36752578403467
10887000 -4.39821302049008
10888000 -4.37109396180026
10889000 -4.40570244862322
10890000 -4.37489987789698
10891000 -4.40394269111248
10892000 -4.37324475488039
10893000 -4.40512234128721
10894000 -4.37787442631014
10895000 -4.40183776254225
10896000 -4.37602594386062
10897000 -4.40565418209082
10898000 -4.38199554948573
10899000 -4.39134816270366
10900000 -4.38553654983253
10901000 -4.39829398882998
10902000 -4.39130441953201
10903000 -4.38747938668244
10904000 -4.38806116956483
10905000 -4.40711073516054
10906000 -4.38444895796583
10907000 -4.4001128096534
10908000 -4.38017693356544
10909000 -4.4056566548874
10910000 -4.38275873396553
10911000 -4.40888110500405
10912000 -4.37638273960531
10913000 -4.41695347879328
10914000 -4.37891175270291
10915000 -4.40442144413626
10916000 -4.38965162526264
10917000 -4.40959428045001
10918000 -4.38798133655269
10919000 -4.39872568309129
10920000 -4.39724218701516
10921000 -4.40931524455609
10922000 -4.38147471984233
10923000 -4.41512708749302
10924000 -4.38555445638521
10925000 -4.41799878612231
10926000 -4.38013699829961
10927000 -4.4203381754371
10928000 -4.39279486289261
10929000 -4.41014941048369
10930000 -4.39395596180281
10931000 -4.4047457954945
10932000 -4.40383975091402
10933000 -4.40619431845275
10934000 -4.3965181624548
10935000 -4.41371106896696
10936000 -4.39083207080638
10937000 -4.42614764830584
10938000 -4.39710837183839
10939000 -4.42691207976938
10940000 -4.38585467776923
10941000 -4.41715805956564
10942000 -4.38801586851189
10943000 -4.43685070845458
10944000 -4.39267051229205
10945000 -4.42038381132934
10946000 -4.39411637514928
10947000 -4.42393581597615
10948000 -4.3978996921788
10949000 -4.42061759489838
10950000 -4.41210422198332
10951000 -4.41184591897944
10952000 -4.40769693482834
10953000 -4.41641023860707
10954000 -4.41218695654583
10955000 -4.41398194177842
10956000 -4.41040732631578
10957000 -4.41946686049425
10958000 -4.41623120188356
10959000 -4.41208253618164
10960000 -4.41397325268924
10961000 -4.41118044987623
10962000 -4.42008185454613
10963000 -4.4186141255755
10964000 -4.41909942573896
10965000 -4.41458262859567
10966000 -4.41187548458817
10967000 -4.42367700848834
10968000 -4.42869537974808
10969000 -4.41541447548272
10970000 -4.40189132086165
10971000 -4.44009578140889
10972000 -4.40976593242758
10973000 -4.43301637884406
10974000 -4.4082198371093
10975000 -4.43851983167522
10976000 -4.40444082905345
10977000 -4.42573202424293
10978000 -4.42446137607704
10979000 -4.43341747619739
10980000 -4.41532727333686
10981000 -4.42036983586527
10982000 -4.43419198395057
10983000 -4.42772276919238
10984000 -4.4335631686181
10985000 -4.4057809639343
10986000 -4.44311369217997
10987000 -4.41216703570356
10988000 -4.44081058010113
10989000 -4.40661069556336
10990000 -4.44181830994533
10991000 -4.40392912907089
10992000 -4.44664978138515
10993000 -4.4049222634605
10994000 -4.44891285819788
10995000 -4.40579110055566
10996000 -4.45778078385455
10997000 -4.39998870007123
10998000 -4.45311160162538
10999000 -4.40605523650832
11000000 -4.45004691029974
11001000 -4.41020031483491
11002000 -4.43613395963128
11003000 -4.43140503130681
11004000 -4.44411076033161
11005000 -4.42188824935311
11006000 -4.43314543880934
11007000 -4.4435965934762
11008000 -4.43490630851159
11009000 -4.43139419133463
11010000 -4.43187382995572
11011000 -4.43624005198411
11012000 -4.43568206677194
11013000 -4.42761409713886
11014000 -4.43650749632341
11015000 -4.43704330382227
11016000 -4.43687681421115
11017000 -4.43487908701429
11018000 -4.44912063464667
11019000 -4.43078724083739
11020000 -4.44705014566363
11021000 -4.43271114156114
11022000 -4.44382524743512
11023000 -4.42468883573659
11024000 -4.44958591240531
11025000 -4.42030141631915
11026000 -4.4621700825769
11027000 -4.40653988736043
11028000 -4.46626713540773
11029000 -4.41738334398232
11030000 -4.46179995903609
11031000 -4.42207737438086
11032000 -4.45602138412614
11033000 -4.43209545022196
11034000 -4.45209700128384
11035000 -4.43902522995913
11036000 -4.44577312961525
11037000 -4.43844148698324
11038000 -4.44097869628043
11039000 -4.44893001909358
11040000 -4.44932156107056
11041000 -4.44473507056724
11042000 -4.43784285913889
11043000 -4.46518695857419
11044000 -4.43154644982741
11045000 -4.4661289278704
11046000 -4.42465195676998
11047000 -4.47737576134372
11048000 -4.4259868591125
11049000 -4.47011911917756
11050000 -4.42453470226856
11051000 -4.48006280924485
11052000 -4.43172023363132
11053000 -4.4808559746597
11054000 -4.41694336787146
11055000 -4.48195402883721
11056000 -4.42867054767
11057000 -4.46926950764136
11058000 -4.44039045490634
11059000 -4.47254735586092
11060000 -4.4516801461958
11061000 -4.45315930295008
11062000 -4.46964858083077
11063000 -4.44929569068094
11064000 -4.46424124368053
11065000 -4.44750153236931
11066000 -4.47063215893885
11067000 -4.448422984484
11068000 -4.46872517311123
11069000 -4.44550917578146
11070000 -4.47923380030281
11071000 -4.44610263001214
11072000 -4.46948657815042
11073000 -4.46067397751006
11074000 -4.453420880452
11075000 -4.47271530670595
11076000 -4.45371850291754
11077000 -4.47496651374191
11078000 -4.45532061473749
11079000 -4.47353509072071
11080000 -4.45343241605776
11081000 -4.47858281624392
11082000 -4.44676467047363
11083000 -4.4813064783707
11084000 -4.4508082456452
11085000 -4.47286381633521
11086000 -4.46137383204509
11087000 -4.46472094386409
11088000 -4.47509310530639
11089000 -4.4630475593366
11090000 -4.47561247731463
11091000 -4.44948183860758
11092000 -4.49937438046615
11093000 -4.44925280209579
11094000 -4.48528655945414
11095000 -4.45499322479003
11096000 -4.49449002379399
11097000 -4.45407370279986
11098000 -4.48859135194716
11099000 -4.45940657077074
11100000 -4.4975237991285
11101000 -4.4542503317516
11102000 -4.48978381632991
11103000 -4.47382095215739
11104000 -4.47783361110144
11105000 -4.47155111519111
11106000 -4.49173026289296
11107000 -4.47194999658684
11108000 -4.47835053951319
11109000 -4.47717999900989
11110000 -4.4848849272182
11111000 -4.48111603721476
11112000 -4.46576891483824
11113000 -4.49550868596579
11114000 -4.47254437820888
11115000 -4.48384108117592
11116000 -4.48526021290708
11117000 -4.48111307826267
11118000 -4.48389401914316
11119000 -4.46696628587984
11120000 -4.49640853499261
11121000 -4.47391959861138
11122000 -4.49412026930119
11123000 -4.45585889777701
11124000 -4.50517849531244
11125000 -4.47016379645565
11126000 -4.49533487254947
11127000 -4.46598543031307
11128000 -4.50441969147511
11129000 -4.47366253654503
11130000 -4.49402286232421
11131000 -4.47115363365926
11132000 -4.49819880098537
11133000 -4.48077437291343
11134000 -4.4797858492129
11135000 -4.47881729179765
11136000 -4.49957082564727
11137000 -4.4786489555955
11138000 -4.49348005055941
11139000 -4.47116386654568
11140000 -4.50384742807519
11141000 -4.48164982280374
11142000 -4.48615543216608
11143000 -4.48558415106363
11144000 -4.48892172829473
11145000 -4.49149734255262
11146000 -4.49184399578958
11147000 -4.49875244734627
11148000 -4.48143609589902
11149000 -4.50299257836537
11150000 -4.486052655775
11151000 -4.49850177242536
11152000 -4.49027334797665
11153000 -4.49450010690667
11154000 -4.49912588344911
11155000 -4.49144210251149
11156000 -4.50238019859197
11157000 -4.49449605339505
11158000 -4.49897403257207
11159000 -4.49127770415001
11160000 -4.50423769078848
11161000 -4.49234001592743
11162000 -4.5066586462421
11163000 -4.49355341014886
11164000 -4.50051168811527
11165000 -4.49334684958785
11166000 -4.50582161097169
11167000 -4.49608419699074
11168000 -4.49706570447171
11169000 -4.50110436030928
11170000 -4.49470150730425
11171000 -4.5095005853377
11172000 -4.48449952311383
11173000 -4.51729555449571
11174000 -4.4805657799807
11175000 -4.52639231589807
11176000 -4.47600369053421
11177000 -4.53440705617978
11178000 -4.46779677854367
11179000 -4.52674545643993
11180000 -4.48471201256086
11181000 -4.52153480332867
11182000 -4.49490656461618
11183000 -4.514481287013
11184000 -4.50977474750841
11185000 -4.49986599232674
11186000 -4.50269404583632
11187000 -4.5035270798416
11188000 -4.51674570355028
11189000 -4.49686701321945
11190000 -4.52742213207745
11191000 -4.49714256345916
11192000 -4.5143975223898
11193000 -4.49895579723743
11194000 -4.51044515638182
11195000 -4.50694051499779
11196000 -4.50245369913221
11197000 -4.51760813988869
11198000 -4.49991870888694
11199000 -4.5330921023211
11200000 -4.48756769274872
11201000 -4.53525706186104
11202000 -4.49043519524866
11203000 -4.54165888316886
11204000 -4.48424818688347
11205000 -4.53594856497133
11206000 -4.50466680340257
11207000 -4.53678811968483
11208000 -4.50098792899191
11209000 -4.52994061409763
11210000 -4.51275974937634
11211000 -4.51651128773726
11212000 -4.51817649324081
11213000 -4.51280684133655
11214000 -4.5193097149088
11215000 -4.50522546996886
11216000 -4.52641794393603
11217000 -4.51250700241909
11218000 -4.51815673567065
11219000 -4.50747717511033
11220000 -4.54009714626815
11221000 -4.49552008565414
11222000 -4.54274274507334
11223000 -4.50048147814069
11224000 -4.53946812903959
11225000 -4.49640389733073
11226000 -4.53775432200958
11227000 -4.50647707887385
11228000 -4.53652757933439
11229000 -4.50463008586759
11230000 -4.53587536585208
11231000 -4.52162308700709
11232000 -4.52319179587572
11233000 -4.52266122101545
11234000 -4.52303607699908
11235000 -4.53132598991238
11236000 -4.5195343254109
11237000 -4.53268527482703
11238000 -4.52414101909761
11239000 -4.53662827235907
11240000 -4.52181075165889
11241000 -4.53092820331556
11242000 -4.53871445923834
11243000 -4.52806806656877
11244000 -4.53133244143331
11245000 -4.53390614915906
11246000 -4.52258145575566
11247000 -4.535026656113
11248000 -4.53501149781884
11249000 -4.53021122886107
11250000 -4.54241420245998
11251000 -4.52085327390763
11252000 -4.55267960497029
11253000 -4.52360744300703
11254000 -4.54318673126353
11255000 -4.51864929996565
11256000 -4.55523783246616
11257000 -4.51934667022446
11258000 -4.54815952422186
11259000 -4.53238883807992
11260000 -4.53597287051485
11261000 -4.54204039788997
11262000 -4.53320575034605
11263000 -4.54893776356892
11264000 -4.52477864966745
11265000 -4.55047759604785
11266000 -4.53659353271772
11267000 -4.55277686418541
11268000 -4.51899634791942
11269000 -4.56639539099709
11270000 -4.51890786781188
11271000 -4.55933149628392
11272000 -4.51899711364755
11273000 -4.56483863482676
11274000 -4.52399498625782
11275000 -4.5483201126212
11276000 -4.54037805863022
11277000 -4.54963664628327
11278000 -4.53659720819661
11279000 -4.53856324281434
11280000 -4.55464009618899
11281000 -4.53290862823947
11282000 -4.5622585287536
11283000 -4.52767146590496
11284000 -4.57416193481959
11285000 -4.53245264803087
11286000 -4.56078670105531
11287000 -4.53524408004942
11288000 -4.55621052852136
11289000 -4.54083217328365
11290000 -4.55662481731559
11291000 -4.53632588737719
11292000 -4.55413468618229
11293000 -4.56108486593918
11294000 -4.53455714478742
11295000 -4.55749386190478
11296000 -4.55009132616716
11297000 -4.55426826472352
11298000 -4.54180731491348
11299000 -4.56886288400856
11300000 -4.54384672052069
11301000 -4.56197196102713
11302000 -4.54057099519866
11303000 -4.57066504331257
11304000 -4.54537277572914
11305000 -4.54225137577895
11306000 -4.56059635112647
11307000 -4.55410663890655
11308000 -4.55508264516773
11309000 -4.55666587679421
11310000 -4.57001842200359
11311000 -4.54853109698731
11312000 -4.57239192391312
11313000 -4.54665600718909
11314000 -4.57038648169417
11315000 -4.55067082145662
11316000 -4.56280578321031
11317000 -4.55133810264226
11318000 -4.5780810659045
11319000 -4.53599893235392
11320000 -4.57066114210014
11321000 -4.55217599081676
11322000 -4.57446255567666
11323000 -4.55426768598707
11324000 -4.57041725814654
11325000 -4.56711650728791
11326000 -4.55770805997001
11327000 -4.55438309196362
11328000 -4.57928172083999
11329000 -4.55762428024729
11330000 -4.55738115054286
11331000 -4.57201192267565
11332000 -4.55867451092639
11333000 -4.58409251941945
11334000 -4.55695010619514
11335000 -4.57641490653573
11336000 -4.56534403138512
11337000 -4.57380026446532
11338000 -4.56476015972295
11339000 -4.5796561846898
11340000 -4.56989223310613
11341000 -4.56475108231624
11342000 -4.57549888693069
11343000 -4.56478483053311
11344000 -4.56834093580368
11345000 -4.56600986817096
11346000 -4.5751427077137
11347000 -4.56859372923188
11348000 -4.5670348917868
11349000 -4.57480696216558
11350000 -4.58216796105269
11351000 -4.55704441707409
11352000 -4.58757899614542
11353000 -4.5663052747477
11354000 -4.5757847423875
11355000 -4.57951307196459
11356000 -4.57225520314769
11357000 -4.58478691696606
11358000 -4.56827215929144
11359000 -4.58798088888618
11360000 -4.56916550557689
11361000 -4.58404354524589
11362000 -4.55678906154062
11363000 -4.60128223922016
11364000 -4.56103093320854
11365000 -4.58560050417716
11366000 -4.57452662896259
11367000 -4.58584693599734
11368000 -4.57895812576692
11369000 -4.5818687118438
11370000 -4.58261086548885
11371000 -4.57260756283302
11372000 -4.58915469078627
11373000 -4.56371204589499
11374000 -4.6023175051803
11375000 -4.56425468690237
11376000 -4.59577403968624
11377000 -4.5737781218852
11378000 -4.58491508935581
11379000 -4.58453807712628
11380000 -4.58769310271973
11381000 -4.57952294556723
11382000 -4.59428627406862
11383000 -4.58074392844897
11384000 -4.6002040167527
11385000 -4.57477664642763
11386000 -4.5872263937345
11387000 -4.58894838628467
11388000 -4.57944886046477
11389000 -4.58680711433028
11390000 -4.59516532814742
11391000 -4.58947144917175
11392000 -4.58570712109968
11393000 -4.60212879553132
11394000 -4.58189901706321
11395000 -4.59962066556355
11396000 -4.58789519798756
11397000 -4.59501112915628
11398000 -4.59603788985079
11399000 -4.57389105008871
11400000 -4.60475763153017
11401000 -4.585435654414
11402000 -4.60468166646218
11403000 -4.58191265713684
11404000 -4.61101608395338
11405000 -4.57810369848523
11406000 -4.61689641011007
11407000 -4.5705591547174
11408000 -4.62452313725318
11409000 -4.58017254654906
11410000 -4.60051805127168
11411000 -4.60670235816803
11412000 -4.59332355384235
11413000 -4.60041989583105
11414000 -4.60718390807367
11415000 -4.60684689266005
11416000 -4.59212964351158
11417000 -4.60586361952467
11418000 -4.60006438010579
11419000 -4.60793490347739
11420000 -4.58921280056357
11421000 -4.60707535465106
11422000 -4.61240338114791
11423000 -4.59333993078875
11424000 -4.60809315031686
11425000 -4.60229310724951
11426000 -4.59768754365801
11427000 -4.60476457383274
11428000 -4.60792156491507
11429000 -4.60700243426051
11430000 -4.6022998431945
11431000 -4.60831004533628
11432000 -4.60985770929705
11433000 -4.61034361028535
11434000 -4.6044848535429
11435000 -4.59831724943923
11436000 -4.61072655542563
11437000 -4.60140235937281
11438000 -4.62159042264748
11439000 -4.59663494355809
11440000 -4.61158694444214
11441000 -4.6195286840772
11442000 -4.60598259153853
11443000 -4.61122702189447
11444000 -4.61216400216221
11445000 -4.61101298198566
11446000 -4.62122311317858
11447000 -4.61846731072456
11448000 -4.59898831094981
11449000 -4.62639269027923
11450000 -4.60102422870225
11451000 -4.62948527825627
11452000 -4.60637394718767
11453000 -4.62512330229047
11454000 -4.60700235282654
11455000 -4.63118156118685
11456000 -4.59943370823964
11457000 -4.63609030060274
11458000 -4.58562706443088
11459000 -4.63704057297106
11460000 -4.59812489230791
11461000 -4.6306461502182
11462000 -4.60680323139817
11463000 -4.62215261843019
11464000 -4.62492308057953
11465000 -4.61937521652696
11466000 -4.61900915303809
11467000 -4.61543588752313
11468000 -4.63349528194064
11469000 -4.59995251184822
11470000 -4.63837558659063
11471000 -4.60505476708439
11472000 -4.63493991679367
11473000 -4.61838505866283
11474000 -4.63456996240327
11475000 -4.6213108503226
11476000 -4.619317256088
11477000 -4.62952567050409
11478000 -4.61625834381318
11479000 -4.64239080325648
11480000 -4.60247846162408
11481000 -4.65130905530851
11482000 -4.5992856374532
11483000 -4.656254649081
11484000 -4.61218567825602
11485000 -4.63436869416962
11486000 -4.63236810067747
11487000 -4.6197014195596
11488000 -4.63834360615639
11489000 -4.62093696275262
11490000 -4.64203910752996
11491000 -4.62034617044984
11492000 -4.64380869876151
11493000 -4.61327821158883
11494000 -4.65224938923564
11495000 -4.60203902587984
11496000 -4.6655410098161
11497000 -4.61166480201364
11498000 -4.65664059247217
11499000 -4.61804089403536
11500000 -4.64751113321766
11501000 -4.62712461417963
11502000 -4.63803929629428
11503000 -4.63191287478368
11504000 -4.62513721957669
11505000 -4.65093078797575
11506000 -4.6307175644161
11507000 -4.65655079769677
11508000 -4.62097752428519
11509000 -4.64610166112417
11510000 -4.63683138498989
11511000 -4.64265190941171
11512000 -4.64044539211382
11513000 -4.63924908290648
11514000 -4.65188092373642
11515000 -4.63998416503678
11516000 -4.6467474871446
11517000 -4.63161874826754
11518000 -4.6570628124861
11519000 -4.6235206791196
11520000 -4.67464927405362
11521000 -4.62136528722826
11522000 -4.66647662005268
11523000 -4.62753839675559
11524000 -4.66109330919048
11525000 -4.63559885861472
11526000 -4.65085462184412
11527000 -4.64920748879363
11528000 -4.65465716775808
11529000 -4.6481816056856
11530000 -4.6399174231243
11531000 -4.66871388605196
11532000 -4.62860070155833
11533000 -4.65994768088838
11534000 -4.62985882221299
11535000 -4.65909234743684
11536000 -4.6396405894677
11537000 -4.6622314904325
11538000 -4.64810123232776
11539000 -4.65420374744234
11540000 -4.65181497212542
11541000 -4.64909357916573
11542000 -4.65759645184309
11543000 -4.63955040063227
11544000 -4.66620133624357
11545000 -4.63249785393153
11546000 -4.67495041776073
11547000 -4.64215767414139
11548000 -4.66829243099811
11549000 -4.64981332090393
11550000 -4.64999819099143
11551000 -4.67148057517618
11552000 -4.63349904891629
11553000 -4.68276005867603
11554000 -4.64674738784504
11555000 -4.67783394133863
11556000 -4.62879145125078
11557000 -4.69121238893506
11558000 -4.63482508445205
11559000 -4.68299570468759
11560000 -4.64221908296522
11561000 -4.68531112463943
11562000 -4.64350726068886
11563000 -4.66838680453354
11564000 -4.65814829823053
11565000 -4.66341876666045
11566000 -4.66067912626328
11567000 -4.66602563087225
11568000 -4.66636870194737
11569000 -4.65586639059034
11570000 -4.67442784332659
11571000 -4.66871689730672
11572000 -4.65951234801741
11573000 -4.66839025624573
11574000 -4.67163858164755
11575000 -4.66011906083701
11576000 -4.6687314128205
11577000 -4.67142371370335
11578000 -4.67549904699205
11579000 -4.67070092130989
11580000 -4.65545014572503
11581000 -4.6854084125047
11582000 -4.65117014709271
11583000 -4.68268874280912
11584000 -4.65315689133132
11585000 -4.68457038321382
11586000 -4.65409148864223
11587000 -4.67916029492994
11588000 -4.67136906873644
11589000 -4.68114083520817
11590000 -4.6623790198487
11591000 -4.67834580456907
11592000 -4.67791146247181
11593000 -4.66233467422787
11594000 -4.69127690129277
11595000 -4.65985816481313
11596000 -4.68385339606016
11597000 -4.66057267644631
11598000 -4.69651231320742
11599000 -4.66024482219947
11600000 -4.68483303613784
11601000 -4.67747263445324
11602000 -4.67502219834667
11603000 -4.66905688524898
11604000 -4.67973273032324
11605000 -4.68683194264908
11606000 -4.66347014918531
11607000 -4.69153355566213
11608000 -4.67442537477604
11609000 -4.68593102172422
11610000 -4.68223353729648
11611000 -4.67940662101023
11612000 -4.67893560734866
11613000 -4.67912198164348
11614000 -4.68411487328656
11615000 -4.6769606661462
11616000 -4.68611332333098
11617000 -4.66939335722958
11618000 -4.69641571529602
11619000 -4.66726690015958
11620000 -4.69098972938514
11621000 -4.68312068890106
11622000 -4.68070674094658
11623000 -4.6883900580555
11624000 -4.67540156833464
11625000 -4.67935212016037
11626000 -4.69180731000403
11627000 -4.67479067855663
11628000 -4.6903523786701
11629000 -4.68774983994455
11630000 -4.69320670913367
11631000 -4.67588111254711
11632000 -4.69295530534974
11633000 -4.68058775373548
11634000 -4.6956139944629
11635000 -4.67680310875927
11636000 -4.70313932684095
11637000 -4.68154477497227
11638000 -4.68697035543124
11639000 -4.69099791059858
11640000 -4.68750062212609
11641000 -4.68292941730575
11642000 -4.69800327817798
11643000 -4.68110252380843
11644000 -4.7111776583367
11645000 -4.6746168962192
11646000 -4.71112091040825
11647000 -4.67633867920424
11648000 -4.70344521841078
11649000 -4.68811904279238
11650000 -4.69911843387144
11651000 -4.69941336460602
11652000 -4.70003440136393
11653000 -4.69017124939095
11654000 -4.70458322360264
11655000 -4.68549901845974
11656000 -4.71288408549219
11657000 -4.6850916615531
11658000 -4.71393939840582
11659000 -4.6879434457009
11660000 -4.71535667254972
11661000 -4.69034676523648
11662000 -4.71601022201923
11663000 -4.69291842394982
11664000 -4.71227005513193
11665000 -4.69454375241316
11666000 -4.70991566902266
11667000 -4.69777502157991
11668000 -4.70653664402086
11669000 -4.70158044353771
11670000 -4.71078905224309
11671000 -4.7002845265563
11672000 -4.70840134868416
11673000 -4.7093632391378
11674000 -4.71096318705574
11675000 -4.6999770748987
11676000 -4.71194539636662
11677000 -4.69379724406773
11678000 -4.71861400989283
11679000 -4.70132320128594
11680000 -4.71406686942273
11681000 -4.70766236509636
11682000 -4.70541513831933
11683000 -4.70945221644507
11684000 -4.71779918926716
11685000 -4.70717427768617
11686000 -4.71553620205561
11687000 -4.70209347105718
11688000 -4.71748955479006
11689000 -4.7056917872125
11690000 -4.71242687633135
11691000 -4.71250350911518
11692000 -4.70485409996502
11693000 -4.71634586025495
11694000 -4.72085836075645
11695000 -4.69631096631038
11696000 -4.72963616359856
11697000 -4.70548314190273
11698000 -4.73163888351163
11699000 -4.7047728258011
11700000 -4.71463440318886
11701000 -4.72293360785193
11702000 -4.71280076187452
11703000 -4.71757473209027
11704000 -4.71473618259596
11705000 -4.7153424538128
11706000 -4.71992403386724
11707000 -4.71593317952199
11708000 -4.7065608593482
11709000 -4.73069910344588
11710000 -4.71270492375789
11711000 -4.72116097595584
11712000 -4.72631086889235
11713000 -4.71366133714695
11714000 -4.73720068432714
11715000 -4.7086116622786
11716000 -4.73687708991308
11717000 -4.71630714949725
11718000 -4.73018459473721
11719000 -4.72102447213041
11720000 -4.72214897528317
11721000 -4.7306769112589
11722000 -4.72265178674063
11723000 -4.72270798776498
11724000 -4.73935739049332
11725000 -4.72850390361092
11726000 -4.72740085095358
11727000 -4.72151492746894
11728000 -4.72656390077168
11729000 -4.73068301407736
11730000 -4.73033290011764
11731000 -4.72684222859721
11732000 -4.71359638503036
11733000 -4.74363474492848
11734000 -4.71402405127322
11735000 -4.74509164884413
11736000 -4.71652405723277
11737000 -4.74791917721041
11738000 -4.71758667023521
11739000 -4.72913999170783
11740000 -4.72688737738017
11741000 -4.72894171612367
11742000 -4.73578046537606
11743000 -4.72648830101005
11744000 -4.73584587257683
11745000 -4.72383442775209
11746000 -4.74294898462302
11747000 -4.72045526985727
11748000 -4.74415942158108
11749000 -4.74078219044037
11750000 -4.72899594325969
11751000 -4.74818741054343
11752000 -4.72380482515454
11753000 -4.75226267132724
11754000 -4.72320133516428
11755000 -4.76063019600879
11756000 -4.71995627114733
11757000 -4.74970564657148
11758000 -4.72785223583692
11759000 -4.75698678141726
11760000 -4.72086273969039
11761000 -4.75555392355872
11762000 -4.72941305952617
11763000 -4.74576247061552
11764000 -4.74558014200682
11765000 -4.73670214475097
11766000 -4.75187557789493
11767000 -4.73102814102653
11768000 -4.75886591221827
11769000 -4.72536317456137
11770000 -4.7532251143483
11771000 -4.7573918562082
11772000 -4.73208212186892
11773000 -4.75817014053471
11774000 -4.73061619698694
11775000 -4.76677616201765
11776000 -4.72258797632295
11777000 -4.77400826270857
11778000 -4.72387335946345
11779000 -4.77144053560858
11780000 -4.72563506130989
11781000 -4.75989465819453
11782000 -4.74328548959167
11783000 -4.7528084136055
11784000 -4.75358989920274
11785000 -4.74618000325572
11786000 -4.74885235507297
11787000 -4.7562499621311
11788000 -4.76108075211112
11789000 -4.74017986353734
11790000 -4.76197851487009
11791000 -4.74543301010682
11792000 -4.75602453354637
11793000 -4.75371771476873
11794000 -4.748683777316
11795000 -4.77497569261786
11796000 -4.7347011723402
11797000 -4.78388461909831
11798000 -4.73077710035172
11799000 -4.77914893249629
11800000 -4.74767924616636
11801000 -4.77146472731112
11802000 -4.75016303830788
11803000 -4.76681897782869
11804000 -4.75729189611771
11805000 -4.76139260213387
11806000 -4.74464186789778
11807000 -4.76659112178185
11808000 -4.76402457693961
11809000 -4.75769725323414
11810000 -4.77146729236366
11811000 -4.75414483685315
11812000 -4.77323948337573
11813000 -4.75535758268688
11814000 -4.77093000279679
11815000 -4.75959325833031
11816000 -4.76393410686474
11817000 -4.77168859687146
11818000 -4.74759290891529
11819000 -4.78451141087799
11820000 -4.74847541301907
11821000 -4.77632931987229
11822000 -4.74702656145538
11823000 -4.78146333324016
11824000 -4.77155312378552
11825000 -4.7626064077681
11826000 -4.76749007035358
11827000 -4.75483012557623
11828000 -4.78372046509797
11829000 -4.74187741145392
11830000 -4.78947464171689
11831000 -4.7480852513725
11832000 -4.77694101904691
11833000 -4.76317414067315
11834000 -4.77923306673678
11835000 -4.76440835684225
11836000 -4.76566704428716
11837000 -4.78101920452153
11838000 -4.75875695605293
11839000 -4.79126222520334
11840000 -4.76333250232293
11841000 -4.77887698276018
11842000 -4.75893843167957
11843000 -4.78659379213811
11844000 -4.77091136789489
11845000 -4.76152517786237
11846000 -4.78706181632971
11847000 -4.7699467807383
11848000 -4.79337142456659
11849000 -4.74668638958009
11850000 -4.8088301032154
11851000 -4.74329877863371
11852000 -4.79220153964275
11853000 -4.76583653919644
11854000 -4.78877122788137
11855000 -4.76997011416669
11856000 -4.78377787703964
11857000 -4.78570833675027
11858000 -4.7780707788138
11859000 -4.79057660825709
11860000 -4.76802189860596
11861000 -4.78704563170567
11862000 -4.7855482315826
11863000 -4.78237399185096
11864000 -4.78179246145092
11865000 -4.77915692359194
11866000 -4.79976863210885
11867000 -4.76534277710911
11868000 -4.7966069740065
11869000 -4.77181805486411
11870000 -4.79677444157494
11871000 -4.77230181712606
11872000 -4.80752816146019
11873000 -4.77621709758458
11874000 -4.79458832055179
11875000 -4.7745665690291
11876000 -4.79900051188173
11877000 -4.78537871921423
11878000 -4.79801853777295
11879000 -4.78308227810063
11880000 -4.79131069526659
11881000 -4.78649415768587
11882000 -4.78981095496557
11883000 -4.79131499930388
11884000 -4.79198401661795
11885000 -4.7897962549975
11886000 -4.78671819997063
11887000 -4.79263075856225
11888000 -4.80100266306524
11889000 -4.78871312219241
11890000 -4.80281997981449
11891000 -4.78311979442854
11892000 -4.80052460917981
11893000 -4.78056645012411
11894000 -4.81335935568193
11895000 -4.78405785921941
11896000 -4.7978692165275
11897000 -4.79805343635489
11898000 -4.80566245226459
11899000 -4.78995384092947
11900000 -4.79580523241991
11901000 -4.80198369490759
11902000 -4.8003343223503
11903000 -4.80537592156822
11904000 -4.79054770763681
11905000 -4.80172593113589
11906000 -4.79358764779471
11907000 -4.80079295669931
11908000 -4.80620355938664
11909000 -4.79178467584837
11910000 -4.81149024924575
11911000 -4.79499333704748
11912000 -4.80657149568367
11913000 -4.80489618605666
11914000 -4.79728360264471
11915000 -4.80380906310277
11916000 -4.8029774890419
11917000 -4.80762201745745
11918000 -4.80048343536376
11919000 -4.81042346157009
11920000 -4.79913519914419
11921000 -4.80478278512787
11922000 -4.80992000203786
11923000 -4.79851645826996
11924000 -4.81119915211541
11925000 -4.8018010713645
11926000 -4.80401501676351
11927000 -4.79782720052402
11928000 -4.80618949904341
11929000 -4.81575667733612
11930000 -4.7930728484161
11931000 -4.82136189950064
11932000 -4.79360306387672
11933000 -4.81634928915684
11934000 -4.79619056085929
11935000 -4.82208382464397
11936000 -4.79711624111291
11937000 -4.82460235510342
11938000 -4.81429204171248
11939000 -4.81145866314752
11940000 -4.81130898726788
11941000 -4.81192756547574
11942000 -4.81729250010117
11943000 -4.80621547806471
11944000 -4.82007641655888
11945000 -4.81321091138179
11946000 -4.8143002255195
11947000 -4.82142466183178
11948000 -4.8109722460115
11949000 -4.81130739257899
11950000 -4.81728291920933
11951000 -4.82593110344811
11952000 -4.81535230708797
11953000 -4.82023846279431
11954000 -4.82304964077504
11955000 -4.81542581709939
11956000 -4.82056709953553
11957000 -4.82081584684794
11958000 -4.81292132508166
11959000 -4.83039592190762
11960000 -4.81703574989562
11961000 -4.82845169791462
11962000 -4.80800978287205
11963000 -4.83479832280551
11964000 -4.81432987175519
11965000 -4.82919720135755
11966000 -4.82981732217252
11967000 -4.81399935873563
11968000 -4.83128928677518
11969000 -4.82022512017935
11970000 -4.83125737458912
11971000 -4.82036536711354
11972000 -4.83612859745178
11973000 -4.8233834612609
11974000 -4.8277184406758
11975000 -4.82322398071221
11976000 -4.82300251960874
11977000 -4.8246429184145
11978000 -4.8436391194449
11979000 -4.82489034153233
11980000 -4.83338160671933
11981000 -4.82633314274219
11982000 -4.8300172043207
11983000 -4.82990835160941
11984000 -4.83833200744287
11985000 -4.82384378806472
11986000 -4.83330951278699
11987000 -4.83509800037302
11988000 -4.83119200790847
11989000 -4.82951966926436
11990000 -4.83812449766168
11991000 -4.82868355080784
11992000 -4.83106560026323
11993000 -4.84169305614222
11994000 -4.83564571955574
11995000 -4.8344598581317
11996000 -4.83529765549194
11997000 -4.830597479829
11998000 -4.83923269592213
11999000 -4.83993066119846
12000000 -4.83435638466592
12001000 -4.83542062685145
12002000 -4.83695869387773
12003000 -4.8403482251956
12004000 -4.83628298182159
12005000 -4.83993146479199
12006000 -4.84893445268512
12007000 -4.83666221623224
12008000 -4.84933546206719
12009000 -4.83508239425781
12010000 -4.8400721975762
12011000 -4.84712456554392
12012000 -4.84261663735908
12013000 -4.84117852095313
12014000 -4.84080024645829
12015000 -4.85033081190923
12016000 -4.83236319607274
12017000 -4.86083734239356
12018000 -4.84030167554266
12019000 -4.84739968235651
12020000 -4.85127800834647
12021000 -4.84077866236974
12022000 -4.84979326882549
12023000 -4.83940690019426
12024000 -4.85063771579138
12025000 -4.854070740172
12026000 -4.84314504661568
12027000 -4.86358050226259
12028000 -4.83439764271765
12029000 -4.86112939855345
12030000 -4.85291462039289
12031000 -4.84222479758938
12032000 -4.86135629636495
12033000 -4.85237481557871
12034000 -4.85334946818231
12035000 -4.8470236046766
12036000 -4.85624379794187
12037000 -4.85708829696527
12038000 -4.84542448680432
12039000 -4.864564692611
12040000 -4.84729239815498
12041000 -4.84899502347679
12042000 -4.85253277497603
12043000 -4.85996328983025
12044000 -4.84942561300221
12045000 -4.86091806599627
12046000 -4.854227538876
12047000 -4.86055837143271
12048000 -4.84882730969618
12049000 -4.86788167145586
12050000 -4.84955904005558
12051000 -4.85916457078698
12052000 -4.86396061809611
12053000 -4.85390448521423
12054000 -4.86447779594214
12055000 -4.85844070646231
12056000 -4.85454282346741
12057000 -4.85842029591857
12058000 -4.86648700703597
12059000 -4.86331908327567
12060000 -4.85261177052187
12061000 -4.86613130071831
12062000 -4.86659955683746
12063000 -4.86428187188959
12064000 -4.85997677384045
12065000 -4.87402528679963
12066000 -4.85167895986528
12067000 -4.87137540217112
12068000 -4.8652095887118
12069000 -4.87246171941618
12070000 -4.85300321528332
12071000 -4.8782695520197
12072000 -4.85715865395887
12073000 -4.87473733906688
12074000 -4.86807656439215
12075000 -4.8689669745137
12076000 -4.86958857395069
12077000 -4.86211741111492
12078000 -4.88386995735348
12079000 -4.85275658169389
12080000 -4.87977099903504
12081000 -4.85486119651253
12082000 -4.88807688203808
12083000 -4.85303790675018
12084000 -4.88101738689562
12085000 -4.86734458072113
12086000 -4.87108793212925
12087000 -4.8869907874097
12088000 -4.86041881913177
12089000 -4.88798460362817
12090000 -4.86311875888403
12091000 -4.89288411633102
12092000 -4.85913330103206
12093000 -4.89207698298106
12094000 -4.87011819353427
12095000 -4.8736341327975
12096000 -4.88223712186935
12097000 -4.87463861246172
12098000 -4.88069866854983
12099000 -4.87469374546278
12100000 -4.88565643192284
12101000 -4.86637102329225
12102000 -4.8956489787884
12103000 -4.86604117616963
12104000 -4.89887705750638
12105000 -4.87061060725362
12106000 -4.89520456605133
12107000 -4.87156735309976
12108000 -4.8947878390185
12109000 -4.8766844363479
12110000 -4.88274758701675
12111000 -4.88831990066414
12112000 -4.87581964159359
12113000 -4.90860394868801
12114000 -4.87104522686984
12115000 -4.89513917394449
12116000 -4.86717612365672
12117000 -4.91258507133757
12118000 -4.86779557593737
12119000 -4.89621660309607
12120000 -4.88191614471318
12121000 -4.88020093176172
12122000 -4.89689878549068
12123000 -4.88297964153336
12124000 -4.8977866205853
12125000 -4.87969633815289
12126000 -4.89934765468812
12127000 -4.88012417859505
12128000 -4.90157803989242
12129000 -4.8817885611656
12130000 -4.90224672742316
12131000 -4.88011401719846
12132000 -4.89903966467327
12133000 -4.89345037270521
12134000 -4.88593334757013
12135000 -4.89222348885352
12136000 -4.8848909277056
12137000 -4.90140989796429
12138000 -4.90027644204333
12139000 -4.88896095037166
12140000 -4.89657919036048
12141000 -4.89782058561217
12142000 -4.89545618144884
12143000 -4.88836402879941
12144000 -4.89812062399281
12145000 -4.90748611051038
12146000 -4.88893358187113
12147000 -4.89995709460932
12148000 -4.89839347910344
12149000 -4.90685698606713
12150000 -4.89477278465445
12151000 -4.89874942368026
12152000 -4.90721594770076
12153000 -4.8907390495723
12154000 -4.90196626362496
12155000 -4.91156287060131
12156000 -4.9016909102586
12157000 -4.90768015918892
12158000 -4.8987758300559
12159000 -4.9053449005536
12160000 -4.9009849374905
12161000 -4.8994635919634
12162000 -4.90948992119869
12163000 -4.90226863245033
12164000 -4.90130301323586
12165000 -4.91000997379115
12166000 -4.89554800832047
12167000 -4.9118418901772
12168000 -4.91219419104377
12169000 -4.90050111850824
12170000 -4.90462956977828
12171000 -4.90263952969581
12172000 -4.91388102335286
12173000 -4.9012888905232
12174000 -4.90339810664784
12175000 -4.9078062591414
12176000 -4.90980541563757
12177000 -4.90412761237016
12178000 -4.90253564719888
12179000 -4.92103582254038
12180000 -4.90411417072496
12181000 -4.92433994596022
12182000 -4.90094928142155
12183000 -4.92099078740409
12184000 -4.90855699065837
12185000 -4.92165193739999
12186000 -4.91411666191064
12187000 -4.91034231381556
12188000 -4.91444425146115
12189000 -4.91575010197555
12190000 -4.91678173503246
12191000 -4.91751752740761
12192000 -4.91659860324869
12193000 -4.91293255328928
12194000 -4.92115942907121
12195000 -4.92520693941465
12196000 -4.91833389415075
12197000 -4.91791650771585
12198000 -4.92742171216922
12199000 -4.9198530769285
12200000 -4.92177996488587
12201000 -4.92042075342645
12202000 -4.91589850719991
12203000 -4.93688574713856
12204000 -4.92484276637266
12205000 -4.91667901967097
12206000 -4.92010302203367
12207000 -4.92482921245064
12208000 -4.93613196512573
12209000 -4.91245752845799
12210000 -4.92821001675438
12211000 -4.91570646562559
12212000 -4.93062867751446
12213000 -4.92287299279078
12214000 -4.92582930912702
12215000 -4.92257030901827
12216000 -4.93367249395094
12217000 -4.9247622567107
12218000 -4.92170946216509
12219000 -4.93644031992729
12220000 -4.92427493673201
12221000 -4.92462331518799
12222000 -4.92360896588383
12223000 -4.93718248760503
12224000 -4.91564528868965
12225000 -4.94488775134999
12226000 -4.92570455155688
12227000 -4.92657779385324
12228000 -4.94721010819086
12229000 -4.91487917509461
12230000 -4.93804248530915
12231000 -4.92687013422112
12232000 -4.95300904141942
12233000 -4.91642082973522
12234000 -4.93715924942509
12235000 -4.93603615804363
12236000 -4.92834155703215
12237000 -4.94542017477797
12238000 -4.92152670249918
12239000 -4.94499687542236
12240000 -4.92131016752094
12241000 -4.95435450568257
12242000 -4.92998570401841
12243000 -4.95340995916738
12244000 -4.92010922662451
12245000 -4.9507373298295
12246000 -4.93620471589409
12247000 -4.93445618584214
12248000 -4.94210233050061
12249000 -4.93229206412576
12250000 -4.95183693561215
12251000 -4.92083761006117
12252000 -4.96427118958706
12253000 -4.92294520466622
12254000 -4.956376995705
12255000 -4.93753898465509
12256000 -4.93610722784958
12257000 -4.94677335215989
12258000 -4.93945875203338
12259000 -4.94649281154413
12260000 -4.9271937541246
12261000 -4.95084672029366
12262000 -4.93071496899048
12263000 -4.95906649202988
12264000 -4.94160350560627
12265000 -4.94445782082172
12266000 -4.94096987456751
12267000 -4.94815446388041
12268000 -4.94254115206029
12269000 -4.94248972924622
12270000 -4.95557939244314
12271000 -4.93396656637976
12272000 -4.95723445620565
12273000 -4.93597918449714
12274000 -4.95615420048411
12275000 -4.93673619943242
12276000 -4.94520396171272
12277000 -4.95356134893866
12278000 -4.95871218898361
12279000 -4.94784239626006
12280000 -4.93566081974935
12281000 -4.97658525527964
12282000 -4.93868724524544
12283000 -4.94812917178413
12284000 -4.95151043560582
12285000 -4.95637653474312
12286000 -4.95586520806852
12287000 -4.94840102274899
12288000 -4.95711747362835
12289000 -4.94851995641487
12290000 -4.96657435220035
12291000 -4.95301579698749
12292000 -4.95632933295756
12293000 -4.95493884028941
12294000 -4.9629483774516
12295000 -4.95326019456059
12296000 -4.95607886280929
12297000 -4.96852106852068
12298000 -4.95306973703386
12299000 -4.95821866092158
12300000 -4.95416762202854
12301000 -4.95416862381726
12302000 -4.96842142484867
12303000 -4.96111688013433
12304000 -4.9603132079792
12305000 -4.95922291079763
12306000 -4.96182073983955
12307000 -4.95157183638476
12308000 -4.96435990217797
12309000 -4.95678022612748
12310000 -4.96634772550679
12311000 -4.96495613231215
12312000 -4.9601616991184
12313000 -4.96503103408057
12314000 -4.96862877936821
12315000 -4.96096480997159
12316000 -4.95884253414841
12317000 -4.96406515247941
12318000 -4.95714209738465
12319000 -4.98305860441863
12320000 -4.95436358114792
12321000 -4.98276964236274
12322000 -4.95981026803186
12323000 -4.97171928666195
12324000 -4.96662807584606
12325000 -4.96607437700092
12326000 -4.98607367750456
12327000 -4.94683457164124
12328000 -4.99335229865966
12329000 -4.94870987726334
12330000 -4.98791303962753
12331000 -4.9605118573946
12332000 -4.98591706490551
12333000 -4.9654835003449
12334000 -4.97582162256841
12335000 -4.97165352087375
12336000 -4.96435983849087
12337000 -4.98243281088666
12338000 -4.95895839052254
12339000 -4.99384976301536
12340000 -4.94610560649574
12341000 -4.99673330684567
12342000 -4.96476527061269
12343000 -4.98227767908032
12344000 -4.97157922471069
12345000 -4.98318208521182
12346000 -4.97860799754564
12347000 -4.96945343133892
12348000 -4.99814296376949
12349000 -4.9615413718406
12350000 -5.0033414903144
12351000 -4.95429534908588
12352000 -4.99059647349919
12353000 -4.979563462001
12354000 -4.98690758705791
12355000 -4.97437757047531
12356000 -4.98133837100965
12357000 -4.99635305363435
12358000 -4.97123022487914
12359000 -4.99239865193514
12360000 -4.98098914685421
12361000 -4.98867434244248
12362000 -4.98699906479034
12363000 -4.99620193188858
12364000 -4.96970153812001
12365000 -4.99355451149732
12366000 -4.98973439388634
12367000 -4.98690905443175
12368000 -4.99222925670256
12369000 -4.97953866717429
12370000 -4.99750756407103
12371000 -4.98175609128293
12372000 -5.0013240260176
12373000 -4.98298569009013
12374000 -4.9888609680288
12375000 -4.99959441694633
12376000 -4.98638257196483
12377000 -4.9954426670707
12378000 -4.97929101643221
12379000 -4.98737491891816
12380000 -4.99710946661665
12381000 -4.98751289498753
12382000 -4.98091232598366
12383000 -5.00106818506253
12384000 -4.99039041402376
12385000 -4.99448016532814
12386000 -4.99504308063018
12387000 -5.00879894606961
12388000 -4.99107872874024
12389000 -4.99177712897391
12390000 -5.00896195115306
12391000 -4.99465606037309
12392000 -5.00055758646536
12393000 -5.00307826843826
12394000 -4.99023569583277
12395000 -5.00928930762802
12396000 -4.97941279152222
12397000 -5.00808661593319
12398000 -4.98991674159271
12399000 -5.01057370803488
12400000 -5.0023254691244
12401000 -4.98778785751182
12402000 -5.00360297759628
12403000 -5.0011164300541
12404000 -4.99700520669962
12405000 -5.00461650437895
12406000 -5.00086012521933
12407000 -5.00246677922371
12408000 -4.99660771842888
12409000 -5.01219697121604
12410000 -4.99355978395292
12411000 -5.0091399197353
12412000 -4.99689342168184
12413000 -5.01734816160873
12414000 -4.99255913604266
12415000 -5.01175826982493
12416000 -5.00712287714492
12417000 -5.00586640609367
12418000 -5.0007759171222
12419000 -5.01568312307452
12420000 -4.99955767940587
12421000 -5.01287677370322
12422000 -5.00901967001121
12423000 -5.00757927929337
12424000 -5.01542218455802
12425000 -4.99824016275634
12426000 -5.01919308658765
12427000 -5.01109258821865
12428000 -5.01369427005151
12429000 -5.01947898298619
12430000 -5.01565869311634
12431000 -5.01060161652534
12432000 -5.00543019951616
12433000 -5.01656712219628
12434000 -5.01242407241575
12435000 -5.01831795095885
12436000 -5.01045621602266
12437000 -5.01849278190472
12438000 -5.01186165298689
12439000 -5.02349389223498
12440000 -5.0010762533364
12441000 -5.03043209720464
12442000 -5.01038505933059
12443000 -5.02420619635485
12444000 -5.0161527927594
12445000 -5.0104100249159
12446000 -5.03165605987948
12447000 -5.00317254713958
12448000 -5.03848504883059
12449000 -4.99931845446321
12450000 -5.0329561700702
12451000 -5.0151743503107
12452000 -5.01882798222472
12453000 -5.02416847200567
12454000 -5.01800870175713
12455000 -5.0229484263412
12456000 -5.02846662041554
12457000 -5.02068035717138
12458000 -5.03432269869258
12459000 -5.01010733975395
12460000 -5.03352486597016
12461000 -5.01630394028841
12462000 -5.02501506668824
12463000 -5.0308921682299
12464000 -5.02112273851167
12465000 -5.04031846389636
12466000 -5.02466154632615
12467000 -5.02607528659198
12468000 -5.03539919008502
12469000 -5.0249019956661
12470000 -5.04623504595038
12471000 -5.02316021059815
12472000 -5.04507188155463
12473000 -5.02151554276528
12474000 -5.03099694422287
12475000 -5.03678471879115
12476000 -5.03049294004426
12477000 -5.02002659106113
12478000 -5.03486653043393
12479000 -5.02427024880924
12480000 -5.03268223545373
12481000 -5.02670840109658
12482000 -5.04349035713694
12483000 -5.01732806316573
12484000 -5.04293698006677
12485000 -5.03467395670898
12486000 -5.03574445936359
12487000 -5.03649867120914
12488000 -5.03345156823385
12489000 -5.0409663757473
12490000 -5.02632776237075
12491000 -5.04111829716547
12492000 -5.0459857788728
12493000 -5.03074762447455
12494000 -5.04704074975581
12495000 -5.03317172013414
12496000 -5.03882605877865
12497000 -5.03870181479869
12498000 -5.05130151377963
12499000 -5.02822789197231
12500000 -5.0476129058096
12501000 -5.0326743490035
12502000 -5.05050157927375
12503000 -5.03370125026191
12504000 -5.04926528348115
12505000 -5.02607449035674
12506000 -5.05384859042684
12507000 -5.03475410781876
12508000 -5.04129176560932
12509000 -5.05085589349775
12510000 -5.03964910876893
12511000 -5.04480144982631
12512000 -5.04328710902402
12513000 -5.04600936027343
12514000 -5.04674136112482
12515000 -5.05313675677572
12516000 -5.04664130164604
12517000 -5.04072966597019
12518000 -5.05591106912268
12519000 -5.04880905624227
12520000 -5.05522397748374
12521000 -5.04576093379348
12522000 -5.05530318221166
12523000 -5.04696984898891
12524000 -5.04889385692711
12525000 -5.05538595491452
12526000 -5.05100297577494
12527000 -5.05873416312705
12528000 -5.04878813065962
12529000 -5.05831530774751
12530000 -5.05150337921332
12531000 -5.06569347614007
12532000 -5.05093628277233
12533000 -5.05440342367403
12534000 -5.06310793597667
12535000 -5.04317996805719
12536000 -5.05542416812469
12537000 -5.05287116503132
12538000 -5.06023642324366
12539000 -5.05792897906093
12540000 -5.0444651768
12541000 -5.06574457692336
12542000 -5.04644692521037
12543000 -5.06518463277421
12544000 -5.05089785520763
12545000 -5.0762113960738
12546000 -5.04553889791877
12547000 -5.06488069599154
12548000 -5.06213989253494
12549000 -5.05541472180365
12550000 -5.07030178817458
12551000 -5.06212887103623
12552000 -5.05872227636526
12553000 -5.05314099638728
12554000 -5.06875114513163
12555000 -5.04945719510111
12556000 -5.07770817880954
12557000 -5.05933531909081
12558000 -5.05189328090092
12559000 -5.07279877070595
12560000 -5.05244258866006
12561000 -5.08078269139922
12562000 -5.0461744213741
12563000 -5.08654901512403
12564000 -5.04438124134949
12565000 -5.07957856877893
12566000 -5.05517317357548
12567000 -5.05744961081933
12568000 -5.07525780080504
12569000 -5.05860062140342
12570000 -5.07971436062335
12571000 -5.05407218143714
12572000 -5.07636878198876
12573000 -5.06520712833986
12574000 -5.07297913066276
12575000 -5.0659425966188
12576000 -5.07075238478035
12577000 -5.0772823415322
12578000 -5.05498205868995
12579000 -5.08328904143284
12580000 -5.06549889791946
12581000 -5.08918146558172
12582000 -5.05666771444928
12583000 -5.09295555479297
12584000 -5.06395092528219
12585000 -5.08178058496635
12586000 -5.06916368132353
12587000 -5.07522320296099
12588000 -5.08570680079707
12589000 -5.0693300536733
12590000 -5.08485896008279
12591000 -5.07295351840817
12592000 -5.09522376904869
12593000 -5.0550568280061
12594000 -5.10466534775858
12595000 -5.06626617816485
12596000 -5.08531459885565
12597000 -5.07792147195267
12598000 -5.07792044094571
12599000 -5.08799049262004
12600000 -5.06457140962965
12601000 -5.10533122755642
12602000 -5.06532618253962
12603000 -5.10463234068363
12604000 -5.07772649667906
12605000 -5.08393576808559
12606000 -5.08507190444311
12607000 -5.08165193566527
12608000 -5.09360835395445
12609000 -5.07469448876427
12610000 -5.0915312746105
12611000 -5.07249624163249
12612000 -5.09047968713103
12613000 -5.08797284080252
12614000 -5.08343612771446
12615000 -5.08119073232216
12616000 -5.09118954779549
12617000 -5.0811846447727
12618000 -5.07664641112215
12619000 -5.10693444585236
12620000 -5.07444559260765
12621000 -5.10642744486126
12622000 -5.08804193231358
12623000 -5.08355686252646
12624000 -5.10552011129787
12625000 -5.08019541681057
12626000 -5.10222781198189
12627000 -5.08545384519059
12628000 -5.10756581389644
12629000 -5.07569014231247
12630000 -5.11203136063806
12631000 -5.08856558543728
12632000 -5.10036048974092
12633000 -5.10142714124884
12634000 -5.08973379837654
12635000 -5.09382814054903
12636000 -5.10090140835858
12637000 -5.09358046463039
12638000 -5.09471274691512
12639000 -5.10002972529965
12640000 -5.09634876433712
12641000 -5.09404998193204
12642000 -5.09566173240844
12643000 -5.091372862065
12644000 -5.09998914004294
12645000 -5.10341655813595
12646000 -5.09804472998444
12647000 -5.09444391941144
12648000 -5.10567320437088
12649000 -5.08922127006404
12650000 -5.11742475669421
12651000 -5.08663403715663
12652000 -5.11471054236073
12653000 -5.09577915002882
12654000 -5.11286200750544
12655000 -5.1009847502683
12656000 -5.09965993313926
12657000 -5.11872195938886
12658000 -5.09473965599361
12659000 -5.12252488150181
12660000 -5.08803019831489
12661000 -5.13424230370455
12662000 -5.0886901802049
12663000 -5.1099462771819
12664000 -5.12366542334881
12665000 -5.09088000193046
12666000 -5.12773581191749
12667000 -5.09400022479134
12668000 -5.12438717538789
12669000 -5.0960422239874
12670000 -5.11913817912985
12671000 -5.11549413704478
12672000 -5.10121618059746
12673000 -5.11817856984478
12674000 -5.09641292420048
12675000 -5.12230815351384
12676000 -5.09465268021213
12677000 -5.13106084495722
12678000 -5.09879094293888
12679000 -5.11207264874474
12680000 -5.12282076115796
12681000 -5.10251242371814
12682000 -5.11624822251327
12683000 -5.10763776922563
12684000 -5.11501335369543
12685000 -5.11787211037375
12686000 -5.11662437068398
12687000 -5.1196041293509
12688000 -5.11029428507674
12689000 -5.1259081359776
12690000 -5.09733440628088
12691000 -5.12988676913862
12692000 -5.11324083151015
12693000 -5.12872760974755
12694000 -5.11361051614231
12695000 -5.1285849192453
12696000 -5.11816066005913
12697000 -5.1214631571701
12698000 -5.12962434694049
12699000 -5.11806952244709
12700000 -5.14049879288102
12701000 -5.11535914031191
12702000 -5.12742355639216
12703000 -5.13708357113859
12704000 -5.12174501946916
12705000 -5.13208148776865
12706000 -5.12249239645874
12707000 -5.14181706619165
12708000 -5.1103407328715
12709000 -5.14240483231025
12710000 -5.11109221119664
12711000 -5.14450006415036
12712000 -5.12010337280007
12713000 -5.12821296910625
12714000 -5.12591548862326
12715000 -5.13520289839287
12716000 -5.12874193968683
12717000 -5.13855535720317
12718000 -5.1340781218961
12719000 -5.1258559385904
12720000 -5.13493783335782
12721000 -5.1294323412427
12722000 -5.13079597283688
12723000 -5.13875778197998
12724000 -5.12909327240798
12725000 -5.13360539014239
12726000 -5.13424392046187
12727000 -5.14370982627258
12728000 -5.12542712204546
12729000 -5.14268244742353
12730000 -5.11929782998864
12731000 -5.14582949864266
12732000 -5.1370459207301
12733000 -5.13087202019762
12734000 -5.14043879462518
12735000 -5.14024626757354
12736000 -5.12736906464058
12737000 -5.13796987365395
12738000 -5.13990238247356
12739000 -5.1333278456462
12740000 -5.14262850731111
12741000 -5.13900512937456
12742000 -5.1360711584373
12743000 -5.13938015764301
12744000 -5.14509595666321
12745000 -5.14201761083668
12746000 -5.13710004575519
12747000 -5.15148063126741
12748000 -5.12431551451353
12749000 -5.16658253442922
12750000 -5.11515542454502
12751000 -5.16994352777889
12752000 -5.1299434234533
12753000 -5.15539698757083
12754000 -5.14393614426246
12755000 -5.13330234380502
12756000 -5.16086557262205
12757000 -5.12469345094188
12758000 -5.15532251088977
12759000 -5.14267815896597
12760000 -5.14905712355604
12761000 -5.14096213969837
12762000 -5.1439959138128
12763000 -5.15180996124464
12764000 -5.13407998168574
12765000 -5.15386450057861
12766000 -5.13769760253387
12767000 -5.14342786641359
12768000 -5.15069977179012
12769000 -5.15318808528633
12770000 -5.1356568891386
12771000 -5.1675138784491
12772000 -5.14128151047285
12773000 -5.14852466487312
12774000 -5.16365218216516
12775000 -5.13443121963679
12776000 -5.1630343712732
12777000 -5.14140926535725
12778000 -5.1636249379723
12779000 -5.14403955941377
12780000 -5.1608386036001
12781000 -5.15222931868926
12782000 -5.1520963346204
12783000 -5.16389658884804
12784000 -5.14784321397086
12785000 -5.16933844187473
12786000 -5.13955262847515
12787000 -5.1648944001347
12788000 -5.16304569443468
12789000 -5.15478808277051
12790000 -5.16900197142874
12791000 -5.148033645934
12792000 -5.16610804445431
12793000 -5.1561206018163
12794000 -5.16758245982767
12795000 -5.156719032272
12796000 -5.16481584837789
12797000 -5.14942924382997
12798000 -5.17039783905739
12799000 -5.14878842583904
12800000 -5.17143720645605
12801000 -5.14975570095073
12802000 -5.17030333633563
12803000 -5.15756145618283
12804000 -5.16180961689037
12805000 -5.17046413814367
12806000 -5.15516058163872
12807000 -5.17413674581561
12808000 -5.15722390100073
12809000 -5.17927964468628
12810000 -5.15741757980165
12811000 -5.16753697942926
12812000 -5.17779329106085
12813000 -5.15867508799631
12814000 -5.18568240176783
12815000 -5.15735925382885
12816000 -5.18414184043294
12817000 -5.15545854363196
12818000 -5.17971185236807
12819000 -5.16397337907369
12820000 -5.17360457104107
12821000 -5.16938471827013
12822000 -5.17478458613905
12823000 -5.15266368550043
12824000 -5.18641600329547
12825000 -5.1617318064706
12826000 -5.18184472229587
12827000 -5.17193526601152
12828000 -5.15401512600008
12829000 -5.18314775690932
12830000 -5.16588830354254
12831000 -5.17396053397093
12832000 -5.1744894517916
12833000 -5.17507443073968
12834000 -5.1812960993338
12835000 -5.15971724859631
12836000 -5.19330275451396
12837000 -5.15791915637818
12838000 -5.19933600973199
12839000 -5.16092748551114
12840000 -5.19046279603214
12841000 -5.17482152256126
12842000 -5.17166819915172
12843000 -5.19181824085373
12844000 -5.17438823762693
12845000 -5.19147994173479
12846000 -5.17649303296897
12847000 -5.18219449146491
12848000 -5.19136668245127
12849000 -5.16429761052651
12850000 -5.191015854182
12851000 -5.1765536849079
12852000 -5.20279766757606
12853000 -5.17186033636574
12854000 -5.18938077124592
12855000 -5.1776851306367
12856000 -5.18505358464655
12857000 -5.17586296416368
12858000 -5.18926344276974
12859000 -5.17957104415971
12860000 -5.19029000341559
12861000 -5.17997171658924
12862000 -5.18797516738652
12863000 -5.19044912018399
12864000 -5.18482753049684
12865000 -5.20097472660844
12866000 -5.17275014775455
12867000 -5.19907400199136
12868000 -5.18864350426122
12869000 -5.18798503461475
12870000 -5.21289460445427
12871000 -5.16776950854798
12872000 -5.21776345652919
12873000 -5.17118504745963
12874000 -5.21087664014881
12875000 -5.18594979752977
12876000 -5.21011637240181
12877000 -5.17876575473946
12878000 -5.20058748098935
12879000 -5.20465021606454
12880000 -5.17694186868741
12881000 -5.19987331983752
12882000 -5.19313904154036
12883000 -5.19256647863517
12884000 -5.20274579699864
12885000 -5.18679979164072
12886000 -5.20142982916324
12887000 -5.20045425155224
12888000 -5.18675304148596
12889000 -5.20685499252077
12890000 -5.19388797218444
12891000 -5.199478215304
12892000 -5.20402628976171
12893000 -5.18452143827168
12894000 -5.21245975904197
12895000 -5.18670393939688
12896000 -5.21078350971286
12897000 -5.18992736091346
12898000 -5.21142620995899
12899000 -5.19737247963532
12900000 -5.20526876945789
12901000 -5.20853789205459
12902000 -5.20229748218019
12903000 -5.21339442958339
12904000 -5.20897639425309
12905000 -5.1930146631448
12906000 -5.22831207703066
12907000 -5.19065028227216
12908000 -5.21923576563675
12909000 -5.20319212172591
12910000 -5.20446426499745
12911000 -5.20548187733578
12912000 -5.20565411372172
12913000 -5.21686894106639
12914000 -5.19966429787469
12915000 -5.21010502330836
12916000 -5.21618353071803
12917000 -5.1922281124008
12918000 -5.2295616621112
12919000 -5.19030030596002
12920000 -5.21772336839415
12921000 -5.20401942278358
12922000 -5.21142654570228
12923000 -5.21270742773482
12924000 -5.20954096378289
12925000 -5.22049006433296
12926000 -5.20854523177231
12927000 -5.21609094155549
12928000 -5.22152352229356
12929000 -5.20930077931368
12930000 -5.22428748238186
12931000 -5.20483842580676
12932000 -5.23855374764447
12933000 -5.19596872842968
12934000 -5.24216376098023
12935000 -5.20632315996407
12936000 -5.22437594091939
12937000 -5.22711094432936
12938000 -5.20987089504254
12939000 -5.22579312097782
12940000 -5.21053548586025
12941000 -5.22298058927551
12942000 -5.22231996506596
12943000 -5.21198174223504
12944000 -5.23373270855263
12945000 -5.20344687519892
12946000 -5.23225919435378
12947000 -5.21184821821918
12948000 -5.2258013054178
12949000 -5.22609750039471
12950000 -5.21861063167015
12951000 -5.21958546409349
12952000 -5.21717212679884
12953000 -5.23238095464907
12954000 -5.21072269361477
12955000 -5.23337783952772
12956000 -5.22780072966226
12957000 -5.20742383942024
12958000 -5.25104230835798
12959000 -5.20496125614836
12960000 -5.23884164864955
12961000 -5.23087390808366
12962000 -5.22858654854302
12963000 -5.2239368106469
12964000 -5.23435892004232
12965000 -5.21390920518248
12966000 -5.24308927761465
12967000 -5.22261840955702
12968000 -5.23303099317366
12969000 -5.23048430340888
12970000 -5.23968467048024
12971000 -5.21404660821799
12972000 -5.2427305112186
12973000 -5.23415252244306
12974000 -5.2249983028472
12975000 -5.24806193576973
12976000 -5.21265758953718
12977000 -5.25280067911701
12978000 -5.21775459929233
12979000 -5.24395235444169
12980000 -5.24271578542353
12981000 -5.22695106484123
12982000 -5.24150351509206
12983000 -5.23235303496056
12984000 -5.23951689464498
12985000 -5.23299675322893
12986000 -5.24819602787119
12987000 -5.22861836233955
12988000 -5.2361190046464
12989000 -5.23780647167423
12990000 -5.23468286589175
12991000 -5.24417256399105
12992000 -5.23562082305576
12993000 -5.23857016619484
12994000 -5.24243034494925
12995000 -5.23219198383376
12996000 -5.24673376159852
12997000 -5.23737804998922
12998000 -5.22961826260306
12999000 -5.25866469707905
13000000 -5.22290858667741
13001000 -5.25513875114276
13002000 -5.23809505638909
13003000 -5.23391821720146
13004000 -5.25759876151756
13005000 -5.2419320178009
13006000 -5.24783102377818
13007000 -5.23956716818204
13008000 -5.25345408750395
13009000 -5.24177584199821
13010000 -5.24721463659724
13011000 -5.25766212069766
13012000 -5.23802096974226
13013000 -5.26409610630477
13014000 -5.23828174449377
13015000 -5.25679398036066
13016000 -5.24849994008776
13017000 -5.25190316098136
13018000 -5.25765678905171
13019000 -5.25516706250451
13020000 -5.24520668331915
13021000 -5.25968335967522
13022000 -5.25103870049052
13023000 -5.24813743468682
13024000 -5.26465227215284
13025000 -5.24214655506977
13026000 -5.27108071818896
13027000 -5.24583207480026
13028000 -5.25979530657365
13029000 -5.25451872320669
13030000 -5.26391537559567
13031000 -5.25230736542392
13032000 -5.25751131202488
13033000 -5.26215773157163
13034000 -5.24594364581948
13035000 -5.27481867231158
13036000 -5.23324270031133
13037000 -5.28081336855144
13038000 -5.23526327283937
13039000 -5.26713526779381
13040000 -5.25791134065111
13041000 -5.25648411865378
13042000 -5.26735063240195
13043000 -5.25644930645313
13044000 -5.26625557061922
13045000 -5.26042126264394
13046000 -5.26264863528389
13047000 -5.25151749409688
13048000 -5.26719269528797
13049000 -5.26658371688438
13050000 -5.25640281930904
13051000 -5.2852773179331
13052000 -5.24485976902389
13053000 -5.27980133869701
13054000 -5.26106417566868
13055000 -5.26452278480843
13056000 -5.27126967252305
13057000 -5.27004825023959
13058000 -5.2559613779717
13059000 -5.2824311450535
13060000 -5.25021554393687
13061000 -5.28731630879448
13062000 -5.25110622735408
13063000 -5.26953695687357
13064000 -5.2680199417594
13065000 -5.26874583519145
13066000 -5.27184563523331
13067000 -5.26084615799924
13068000 -5.27823824061719
13069000 -5.25973115483805
13070000 -5.27842739308957
13071000 -5.26722505516234
13072000 -5.26107494869011
13073000 -5.27928450424146
13074000 -5.26395562871172
13075000 -5.26746753573432
13076000 -5.27021162024803
13077000 -5.27738963848197
13078000 -5.26083516984171
13079000 -5.29397944279618
13080000 -5.2508330452311
13081000 -5.29411660368003
13082000 -5.26640547227028
13083000 -5.2807631621927
13084000 -5.26872506407431
13085000 -5.2846450830357
13086000 -5.27622484160872
13087000 -5.28135196499235
13088000 -5.2788380090729
13089000 -5.26500181769778
13090000 -5.3033215069487
13091000 -5.2610493506646
13092000 -5.29610879565977
13093000 -5.2764991347772
13094000 -5.27753521410678
13095000 -5.29557536857521
13096000 -5.26333325794621
13097000 -5.29921893395651
13098000 -5.27022933383708
13099000 -5.29453367190052
13100000 -5.28358726665399
13101000 -5.2849518624281
13102000 -5.27257834104972
13103000 -5.29371374459725
13104000 -5.27618308113371
13105000 -5.29405022605163
13106000 -5.28068664431729
13107000 -5.28498230838613
13108000 -5.28599217058705
13109000 -5.28213682783073
13110000 -5.29117676552093
13111000 -5.28438473691231
13112000 -5.29087545529644
13113000 -5.2832022988345
13114000 -5.28913224003202
13115000 -5.29565836530714
13116000 -5.28272646965542
13117000 -5.29892209845272
13118000 -5.27561608886367
13119000 -5.30925125161655
13120000 -5.27777377209038
13121000 -5.31670701843614
13122000 -5.27561239783859
13123000 -5.30095789860516
13124000 -5.29094775863806
13125000 -5.29519178992684
13126000 -5.29883348660658
13127000 -5.2945055049929
13128000 -5.29271339941894
13129000 -5.29746390468711
13130000 -5.29846478106481
13131000 -5.2922175380704
13132000 -5.29400979952161
13133000 -5.30539665751195
13134000 -5.29401406802265
13135000 -5.30530316462903
13136000 -5.30050818440851
13137000 -5.29568036724518
13138000 -5.30055238119092
13139000 -5.30330318967731
13140000 -5.29405522221216
13141000 -5.31129129311263
13142000 -5.2951120817113
13143000 -5.31492313416065
13144000 -5.28458085518376
13145000 -5.32361909633016
13146000 -5.28066568011168
13147000 -5.32067736579927
13148000 -5.3019598435872
13149000 -5.29410509477205
13150000 -5.32428420382274
13151000 -5.28565382309057
13152000 -5.31456419344658
13153000 -5.3054279241905
13154000 -5.30367001087072
13155000 -5.31447951349731
13156000 -5.30521587502221
13157000 -5.31633130767835
13158000 -5.29670465936648
13159000 -5.319450525303
13160000 -5.29810823422421
13161000 -5.31784714462461
13162000 -5.30317253585654
13163000 -5.30595412990783
13164000 -5.31242125944633
13165000 -5.31109530963847
13166000 -5.30271618559343
13167000 -5.31715880601602
13168000 -5.31467321661129
13169000 -5.32315889941578
13170000 -5.30365289712238
13171000 -5.32392769180058
13172000 -5.30610306368094
13173000 -5.32223365940539
13174000 -5.3153882100095
13175000 -5.30928192264949
13176000 -5.32000980181976
13177000 -5.31666608034921
13178000 -5.32189602911046
13179000 -5.31665020514818
13180000 -5.32125339960109
13181000 -5.31982524836447
13182000 -5.31533729956399
13183000 -5.32052005666279
13184000 -5.3048731568822
13185000 -5.32274232110938
13186000 -5.31945122446994
13187000 -5.32527589089542
13188000 -5.30658661766118
13189000 -5.33077220147158
13190000 -5.31530989912495
13191000 -5.30966474575276
13192000 -5.32434894506597
13193000 -5.31863294441981
13194000 -5.32510546284298
13195000 -5.32669872822638
13196000 -5.31343633606509
13197000 -5.32401170074256
13198000 -5.32619075993283
13199000 -5.32375894504301
13200000 -5.31718601550476
13201000 -5.33230390422259
13202000 -5.32634751126882
13203000 -5.32657480975799
13204000 -5.31647048971187
13205000 -5.33355339212006
13206000 -5.30728647454594
13207000 -5.3473658050137
13208000 -5.31174051817356
13209000 -5.33139557049478
13210000 -5.32522430859465
13211000 -5.33106724194618
13212000 -5.32307175543598
13213000 -5.33425136634774
13214000 -5.32571924793222
13215000 -5.33666576509193
13216000 -5.32539110685517
13217000 -5.32571729873974
13218000 -5.34304173841763
13219000 -5.32372858452425
13220000 -5.33808262881408
13221000 -5.34030171473192
13222000 -5.30917852149232
13223000 -5.35873130225959
13224000 -5.30946662047291
13225000 -5.35623148660056
13226000 -5.3256335336379
13227000 -5.34506869963939
13228000 -5.33005211026077
13229000 -5.34730796872718
13230000 -5.31524963463923
13231000 -5.35269736805473
13232000 -5.31526202183167
13233000 -5.35590882050474
13234000 -5.33160424310405
13235000 -5.34046169378303
13236000 -5.33730847808605
13237000 -5.33502587251311
13238000 -5.33759277447227
13239000 -5.33827433196049
13240000 -5.34047042072004
13241000 -5.33245848272277
13242000 -5.35199035651236
13243000 -5.33373215239224
13244000 -5.3459457265873
13245000 -5.34086412073648
13246000 -5.34927272456693
13247000 -5.34564744598146
13248000 -5.33245658264159
13249000 -5.36590417017051
13250000 -5.31940846726172
13251000 -5.37609891336471
13252000 -5.32056797367191
13253000 -5.36557199474661
13254000 -5.33241854899432
13255000 -5.36581156933121
13256000 -5.33869256946832
13257000 -5.34913271301645
13258000 -5.35289874479123
13259000 -5.34297412050659
13260000 -5.36522323305964
13261000 -5.33145232916787
13262000 -5.37237440118008
13263000 -5.33513884891683
13264000 -5.36675223729065
13265000 -5.34669814085498
13266000 -5.35402576164075
13267000 -5.35709316759443
13268000 -5.34549068120562
13269000 -5.36463817853929
13270000 -5.34211343141491
13271000 -5.35313820826021
13272000 -5.35200140756944
13273000 -5.35682160247222
13274000 -5.35640931676052
13275000 -5.35371436940801
13276000 -5.35693267516579
13277000 -5.35964979164001
13278000 -5.34986981542941
13279000 -5.36296186926903
13280000 -5.3476862054211
13281000 -5.37094481993183
13282000 -5.34706008529845
13283000 -5.3738336225756
13284000 -5.34075219050627
13285000 -5.37335799479419
13286000 -5.34436922072422
13287000 -5.3638037520367
13288000 -5.36163382527247
13289000 -5.35363433865457
13290000 -5.3679523618315
13291000 -5.34921646196582
13292000 -5.35420339354269
13293000 -5.363591335218
13294000 -5.3582145658857
13295000 -5.36306888385499
13296000 -5.35825891212517
13297000 -5.36553758427182
13298000 -5.37022816587237
13299000 -5.36309978409895
13300000 -5.365184027481
13301000 -5.37152817057884
13302000 -5.3620472513872
13303000 -5.37306186665176
13304000 -5.35427212388931
13305000 -5.380493526798
13306000 -5.35592407138545
13307000 -5.37886565123342
13308000 -5.35645115558683
13309000 -5.3747135323516
13310000 -5.36389303859434
13311000 -5.37458720424729
13312000 -5.37053955068759
13313000 -5.36415872074063
13314000 -5.3786774495511
13315000 -5.37199798921187
13316000 -5.36574037715959
13317000 -5.3775505456094
13318000 -5.35469618538484
13319000 -5.39057981982493
13320000 -5.36540198824232
13321000 -5.37708725008451
13322000 -5.38291743148497
13323000 -5.36984186800975
13324000 -5.3714275495147
13325000 -5.37917650884935
13326000 -5.36977788024041
13327000 -5.38442606908902
13328000 -5.37831233667098
13329000 -5.36907630929839
13330000 -5.38312047653068
13331000 -5.3787838407812
13332000 -5.37439317038302
13333000 -5.38726585642485
13334000 -5.3731474540672
13335000 -5.38549042660357
13336000 -5.38469754060423
13337000 -5.36454521137668
13338000 -5.39065690999385
13339000 -5.37635724375899
13340000 -5.38058827291024
13341000 -5.38068798203611
13342000 -5.36663700747935
13343000 -5.3915364955013
13344000 -5.37345043006187
13345000 -5.38471232331931
13346000 -5.38224152250078
13347000 -5.38100494923933
13348000 -5.37875647517485
13349000 -5.38659434567269
13350000 -5.37924773340983
13351000 -5.39409874347144
13352000 -5.38605256791763
13353000 -5.38247581226089
13354000 -5.39218219916195
13355000 -5.38482666218545
13356000 -5.39019921988148
13357000 -5.39480231085745
13358000 -5.38014950394119
13359000 -5.39582236302029
13360000 -5.39272328535998
13361000 -5.37516269661877
13362000 -5.39620882147134
13363000 -5.38763194723393
13364000 -5.39038179163787
13365000 -5.39274209372376
13366000 -5.38482470971939
13367000 -5.3988485108517
13368000 -5.39172354991787
13369000 -5.38696776103216
13370000 -5.4058519878945
13371000 -5.38732365692759
13372000 -5.40404232760394
13373000 -5.39720057036331
13374000 -5.38151347960708
13375000 -5.40347794998551
13376000 -5.39088685630958
13377000 -5.4026290440944
13378000 -5.39238887532643
13379000 -5.39599233179873
13380000 -5.38881131966129
13381000 -5.4153395415021
13382000 -5.38999615637168
13383000 -5.39284505789588
13384000 -5.40803313511693
13385000 -5.39356978939115
13386000 -5.41285566572224
13387000 -5.38656040311932
13388000 -5.40871693065626
13389000 -5.40021271569304
13390000 -5.39642523682782
13391000 -5.39730083956705
13392000 -5.40212367771681
13393000 -5.40122051578821
13394000 -5.41052456273879
13395000 -5.38588884112452
13396000 -5.41580366350915
13397000 -5.4002664423436
13398000 -5.39728316601165
13399000 -5.40825485134556
13400000 -5.39806921590066
13401000 -5.41069724706722
13402000 -5.40512068414002
13403000 -5.41244431522352
13404000 -5.39923770580281
13405000 -5.41356591609308
13406000 -5.39533898866098
13407000 -5.41771395545907
13408000 -5.40097445412801
13409000 -5.40587329774718
13410000 -5.42147810595468
13411000 -5.3970341644419
13412000 -5.41819041214282
13413000 -5.39969986425473
13414000 -5.41579083149903
13415000 -5.41039445451541
13416000 -5.41467731137995
13417000 -5.41392783789682
13418000 -5.4182244989923
13419000 -5.40285875993324
13420000 -5.43456299977917
13421000 -5.39580209811148
13422000 -5.43755996135997
13423000 -5.40088683218597
13424000 -5.43050716616053
13425000 -5.40969056046426
13426000 -5.42533395938947
13427000 -5.41153348722097
13428000 -5.41752663988088
13429000 -5.41672414115998
13430000 -5.41422014461466
13431000 -5.41857222246829
13432000 -5.41013204395457
13433000 -5.42540720939773
13434000 -5.41141348719898
13435000 -5.42568740496374
13436000 -5.41611494995408
13437000 -5.41661443077416
13438000 -5.42356636741047
13439000 -5.42210610778035
13440000 -5.42055843580497
13441000 -5.42476665797147
13442000 -5.41456851927649
13443000 -5.43009064749582
13444000 -5.41424843303875
13445000 -5.41946086730305
13446000 -5.42809633482163
13447000 -5.41741093856665
13448000 -5.42913886024941
13449000 -5.42016548127129
13450000 -5.42732988993331
13451000 -5.41810828256925
13452000 -5.42471973192328
13453000 -5.42585614263112
13454000 -5.43385637410279
13455000 -5.42527231055438
13456000 -5.43174271328655
13457000 -5.41510950080655
13458000 -5.43825155143911
13459000 -5.42533919784358
13460000 -5.43379036815142
13461000 -5.43297257444504
13462000 -5.43974681294937
13463000 -5.42508056995915
13464000 -5.43428746183258
13465000 -5.42451852071726
13466000 -5.43856644232661
13467000 -5.43316699517538
13468000 -5.43594391908897
13469000 -5.42939272205591
13470000 -5.43644912161864
13471000 -5.44071464840546
13472000 -5.42928792715002
13473000 -5.44008449489351
13474000 -5.42829562358084
13475000 -5.43964844766832
13476000 -5.42994433710578
13477000 -5.441069222237
13478000 -5.42703294586909
13479000 -5.44082148463744
13480000 -5.43822666475752
13481000 -5.44339601741663
13482000 -5.43843699737614
13483000 -5.44562411627407
13484000 -5.4363755445735
13485000 -5.43996046667815
13486000 -5.43773574588755
13487000 -5.44745901289562
13488000 -5.43459251090086
13489000 -5.43772274505789
13490000 -5.45134804759417
13491000 -5.43123903742956
13492000 -5.45478044532438
13493000 -5.43300386971977
13494000 -5.44980736422781
13495000 -5.43962933039143
13496000 -5.44725310077109
13497000 -5.44377434558328
13498000 -5.45264189247479
13499000 -5.43575743331002
13500000 -5.45552196974746
13501000 -5.43325913303099
13502000 -5.45166188312538
13503000 -5.43547663752128
13504000 -5.45484358738269
13505000 -5.44234724733848
13506000 -5.45092999240047
13507000 -5.4449295602227
13508000 -5.44912831744082
13509000 -5.44539597300627
13510000 -5.44795420764846
13511000 -5.44814656462092
13512000 -5.45264222562681
13513000 -5.45451579365268
13514000 -5.4379120767189
13515000 -5.46728175061817
13516000 -5.43347847619159
13517000 -5.46323680970252
13518000 -5.44476799382836
13519000 -5.45105826098526
13520000 -5.46360423613223
13521000 -5.43520846671534
13522000 -5.47540065352668
13523000 -5.43381431665692
13524000 -5.47194594621783
13525000 -5.44525134163748
13526000 -5.46186456810809
13527000 -5.46505806246205
13528000 -5.44250263974421
13529000 -5.47009001318551
13530000 -5.45722923566683
13531000 -5.45705301744018
13532000 -5.46881347066595
13533000 -5.43927893668542
13534000 -5.49080228450621
13535000 -5.44015795463501
13536000 -5.46618679527737
13537000 -5.47368848151868
13538000 -5.44606950256968
13539000 -5.48965225304729
13540000 -5.43571649067211
13541000 -5.47861317653389
13542000 -5.45490825459798
13543000 -5.46633617082522
13544000 -5.47114760308285
13545000 -5.44785147592964
13546000 -5.48110078777039
13547000 -5.45032353894139
13548000 -5.46018375682454
13549000 -5.46669454655217
13550000 -5.458128209544
13551000 -5.47594223522125
13552000 -5.46163652645001
13553000 -5.45826990952469
13554000 -5.4888184854842
13555000 -5.44342439062443
13556000 -5.49270618967811
13557000 -5.45273631020168
13558000 -5.47347952168548
13559000 -5.47388943069308
13560000 -5.46253690363024
13561000 -5.47330718325447
13562000 -5.48008717079002
13563000 -5.45612085922766
13564000 -5.49858875045912
13565000 -5.44646742582359
13566000 -5.49337598765852
13567000 -5.46302367946529
13568000 -5.47191308850438
13569000 -5.48034816829742
13570000 -5.4553374068906
13571000 -5.4964556091429
13572000 -5.45197513371612
13573000 -5.48859443048524
13574000 -5.46311879135036
13575000 -5.47696001369187
13576000 -5.48024852851124
13577000 -5.47296526229835
13578000 -5.4640827176995
13579000 -5.49337348323731
13580000 -5.45178337396045
13581000 -5.50225515787398
13582000 -5.45682723987595
13583000 -5.49531403612801
13584000 -5.47512050707361
13585000 -5.48836643360282
13586000 -5.48289794741595
13587000 -5.48471849182784
13588000 -5.48240934335275
13589000 -5.48018712844541
13590000 -5.49065255921106
13591000 -5.47350284572967
13592000 -5.48791858921939
13593000 -5.48176858614669
13594000 -5.48428520723591
13595000 -5.49198921375875
13596000 -5.47433120194492
13597000 -5.48477606964517
13598000 -5.48627750029705
13599000 -5.48101723589794
13600000 -5.49363218567427
13601000 -5.48074614805073
13602000 -5.4831140219645
13603000 -5.50529871370588
13604000 -5.47191615533367
13605000 -5.50558285214337
13606000 -5.47368230006269
13607000 -5.5011773707807
13608000 -5.48529642910997
13609000 -5.48567537253581
13610000 -5.49668041576854
13611000 -5.48031467368628
13612000 -5.49878360273729
13613000 -5.50084653843148
13614000 -5.4791508135627
13615000 -5.5153224350771
13616000 -5.47093342785158
13617000 -5.50233212759607
13618000 -5.49267590426312
13619000 -5.48053956192649
13620000 -5.5162707001803
13621000 -5.47688084274506
13622000 -5.50949694635302
13623000 -5.48785215742105
13624000 -5.49279268832132
13625000 -5.49944563711396
13626000 -5.49172844535251
13627000 -5.50186666963412
13628000 -5.49745169222332
13629000 -5.49636368423862
13630000 -5.49524306790517
13631000 -5.50181792958483
13632000 -5.49278585094083
13633000 -5.50666386500641
13634000 -5.48878771312187
13635000 -5.51677201450519
13636000 -5.49838842776845
13637000 -5.50571949595021
13638000 -5.49503470170185
13639000 -5.51211955864168
13640000 -5.48838201686086
13641000 -5.51333084360288
13642000 -5.49692607738349
13643000 -5.51237884489261
13644000 -5.501958263308
13645000 -5.51090763154381
13646000 -5.50636809957334
13647000 -5.50766698962773
13648000 -5.51568856281014
13649000 -5.5030656882462
13650000 -5.51161026513785
13651000 -5.50527823174268
13652000 -5.51017602214711
13653000 -5.50779556376355
13654000 -5.51282982564629
13655000 -5.50713086221288
13656000 -5.51333088090394
13657000 -5.4935132362395
13658000 -5.51840245746937
13659000 -5.50484645590796
13660000 -5.5057486229865
13661000 -5.51516262027564
13662000 -5.50262089801288
13663000 -5.53890488891258
13664000 -5.48794965622596
13665000 -5.52744844635051
13666000 -5.50628659080998
13667000 -5.52213342672134
13668000 -5.51293167283315
13669000 -5.52197386799154
13670000 -5.51069881113238
13671000 -5.53018024489844
13672000 -5.50168672855638
13673000 -5.53373815730573
13674000 -5.48997866647104
13675000 -5.54299909165418
13676000 -5.50058320240561
13677000 -5.52419616433806
13678000 -5.51649014292995
13679000 -5.5054616777522
13680000 -5.54540851570043
13681000 -5.49455037784996
13682000 -5.53531877222289
13683000 -5.50787181483414
13684000 -5.51254800452688
13685000 -5.53042918279215
13686000 -5.50169097540404
13687000 -5.53659097178526
13688000 -5.51839356982956
13689000 -5.52209532327945
13690000 -5.52621747080295
13691000 -5.52007004198267
13692000 -5.52371117760521
13693000 -5.51952755290932
13694000 -5.52624589750548
13695000 -5.53339620188786
13696000 -5.51868354732826
13697000 -5.54016746787788
13698000 -5.51771456212199
13699000 -5.54243042569517
13700000 -5.51963991788474
13701000 -5.52140994887985
13702000 -5.53162843449546
13703000 -5.51956962927315
13704000 -5.53746120721458
13705000 -5.52124609442629
13706000 -5.51804974418276
13707000 -5.54468823342756
13708000 -5.50746837438011
13709000 -5.54680431999162
13710000 -5.5174624953613
13711000 -5.5381863245445
13712000 -5.53492647315453
13713000 -5.52001580499568
13714000 -5.54369547764206
13715000 -5.51741814969743
13716000 -5.54426606579941
13717000 -5.52856684252232
13718000 -5.53252892266738
13719000 -5.5457875464967
13720000 -5.52354170921648
13721000 -5.54873089958376
13722000 -5.51313519861074
13723000 -5.55540164426293
13724000 -5.52620533540758
13725000 -5.53978908986075
13726000 -5.54253869898763
13727000 -5.52774788974463
13728000 -5.55320491613932
13729000 -5.52888030506102
13730000 -5.52870127731743
13731000 -5.55336156130285
13732000 -5.5184038645085
13733000 -5.55854321215098
13734000 -5.52219388101655
13735000 -5.5464176857373
13736000 -5.55141115839461
13737000 -5.52403803502759
13738000 -5.56176859141454
13739000 -5.52625980606857
13740000 -5.55459596487548
13741000 -5.54934784020302
13742000 -5.53164143130286
13743000 -5.56138454748022
13744000 -5.52933956161786
13745000 -5.55889320932437
13746000 -5.53717446150634
13747000 -5.54358514204909
13748000 -5.55617027106383
13749000 -5.533755248238
13750000 -5.56228058924294
13751000 -5.53024367864832
13752000 -5.56329972092217
13753000 -5.54024940406137
13754000 -5.54311893978278
13755000 -5.56005600843627
13756000 -5.53250171459179
13757000 -5.56973217664878
13758000 -5.53539850869392
13759000 -5.55375840251714
13760000 -5.55786997000729
13761000 -5.5423018788129
13762000 -5.56428037780258
13763000 -5.53019934397789
13764000 -5.57506724586741
13765000 -5.53171024643198
13766000 -5.56994021239572
13767000 -5.55749955670314
13768000 -5.53766250597845
13769000 -5.58107257378322
13770000 -5.53731587138172
13771000 -5.56537347810201
13772000 -5.56353900943754
13773000 -5.54211796831721
13774000 -5.57763558428583
13775000 -5.54106740268633
13776000 -5.5676598783033
13777000 -5.55112686714741
13778000 -5.5511565282796
13779000 -5.5694190109365
13780000 -5.5407836332518
13781000 -5.56722454549594
13782000 -5.55438069495412
13783000 -5.55494522171056
13784000 -5.56817831060086
13785000 -5.55449651839298
13786000 -5.57028643032245
13787000 -5.55112299828441
13788000 -5.56568356338406
13789000 -5.56391586710871
13790000 -5.55704733727503
13791000 -5.57117309163094
13792000 -5.5451953208779
13793000 -5.58097578976479
13794000 -5.55211537838344
13795000 -5.56894270918826
13796000 -5.57335076042168
13797000 -5.54648268105525
13798000 -5.58197657963332
13799000 -5.55026218200294
13800000 -5.57408036085322
13801000 -5.56992525925616
13802000 -5.56170671437003
13803000 -5.58704645727386
13804000 -5.55063624423325
13805000 -5.58588142444494
13806000 -5.5585165355448
13807000 -5.56616285713772
13808000 -5.58208010024397
13809000 -5.55288667794683
13810000 -5.58703488395343
13811000 -5.5619588370738
13812000 -5.58142185688982
13813000 -5.57863634337638
13814000 -5.56310733826808
13815000 -5.58557053242954
13816000 -5.5638084440163
13817000 -5.57875957472912
13818000 -5.57598055902021
13819000 -5.5681131534458
13820000 -5.59623548842228
13821000 -5.55308507866133
13822000 -5.59331152766497
13823000 -5.56070910950059
13824000 -5.57900106239443
13825000 -5.57996524234158
13826000 -5.5613677718227
13827000 -5.59183881779385
13828000 -5.56626197313204
13829000 -5.59144532484965
13830000 -5.58282817316981
13831000 -5.56669525456485
13832000 -5.59731255762082
13833000 -5.55979362401539
13834000 -5.5979737839225
13835000 -5.57383179110085
13836000 -5.58078306857783
13837000 -5.59292084169239
13838000 -5.56562410086932
13839000 -5.59904358854787
13840000 -5.56835619197936
13841000 -5.58418026910531
13842000 -5.5956247081911
13843000 -5.56162790890995
13844000 -5.60813144625545
13845000 -5.56038074874836
13846000 -5.60071734386808
13847000 -5.58144595907861
13848000 -5.57186771824501
13849000 -5.60412231469899
13850000 -5.56557068948096
13851000 -5.59803701676659
13852000 -5.58510621388758
13853000 -5.58603621030801
13854000 -5.60025829071232
13855000 -5.57239938520992
13856000 -5.61309729513351
13857000 -5.57653297851299
13858000 -5.60909127527518
13859000 -5.58004651270309
13860000 -5.58987793675002
13861000 -5.59735664605105
13862000 -5.5787361140637
13863000 -5.60424184372319
13864000 -5.58254084995465
13865000 -5.59835328409834
13866000 -5.5998128087371
13867000 -5.57934477221782
13868000 -5.61304718549772
13869000 -5.56920983014327
13870000 -5.61137852012948
13871000 -5.59139619289885
13872000 -5.58860918701761
13873000 -5.61592678520341
13874000 -5.57417733405946
13875000 -5.6165747807855
13876000 -5.58699715691097
13877000 -5.59389786084265
13878000 -5.60614634006934
13879000 -5.59213501661157
13880000 -5.61305578882469
13881000 -5.59250474136377
13882000 -5.6066953042863
13883000 -5.60141633245523
13884000 -5.59884106565703
13885000 -5.61058670405048
13886000 -5.5873309190508
13887000 -5.62076566156766
13888000 -5.59104834655433
13889000 -5.6143024165099
13890000 -5.60057392886943
13891000 -5.58946331819304
13892000 -5.62834885083094
13893000 -5.57907845880354
13894000 -5.62642163517336
13895000 -5.59069856509714
13896000 -5.60912893816809
13897000 -5.62380760318405
13898000 -5.5858174349658
13899000 -5.62734013944964
13900000 -5.59173149348476
13901000 -5.61520492811026
13902000 -5.61719961489989
13903000 -5.59278461114201
13904000 -5.63176219147506
13905000 -5.60048744257412
13906000 -5.61267207770186
13907000 -5.61548539646879
13908000 -5.60500688454106
13909000 -5.62441793314662
13910000 -5.60408353567533
13911000 -5.61765346839181
13912000 -5.61562003670268
13913000 -5.61358527289625
13914000 -5.61624950511955
13915000 -5.60448664283688
13916000 -5.61803287803144
13917000 -5.61202485310794
13918000 -5.61007026484713
13919000 -5.61987896340869
13920000 -5.61224891114522
13921000 -5.61882588984741
13922000 -5.62284290166796
13923000 -5.59989682187773
13924000 -5.64515405432043
13925000 -5.59628491241452
13926000 -5.6346809560195
13927000 -5.60945633548015
13928000 -5.62511371511821
13929000 -5.62256960285206
13930000 -5.62012536445397
13931000 -5.62421928998526
13932000 -5.61234575929793
13933000 -5.63019537186515
13934000 -5.62014128794044
13935000 -5.61485356568893
13936000 -5.62944815882305
13937000 -5.60561106065249
13938000 -5.6308068554316
13939000 -5.61352489730603
13940000 -5.63087236019062
13941000 -5.62125926246422
13942000 -5.63083701380484
13943000 -5.62970543598697
13944000 -5.61665414870585
13945000 -5.63701306296799
13946000 -5.62568685468398
13947000 -5.62507763924413
13948000 -5.62879094708054
13949000 -5.6182034896195
13950000 -5.63757067840665
13951000 -5.61929698696474
13952000 -5.6273996070376
13953000 -5.63497627435964
13954000 -5.62286378854172
13955000 -5.63110154447438
13956000 -5.6309085349964
13957000 -5.62720631066385
13958000 -5.63815319541416
13959000 -5.61959903943285
13960000 -5.6502099157816
13961000 -5.60855503413388
13962000 -5.65164521819011
13963000 -5.61403325756887
13964000 -5.64263496111723
13965000 -5.63241074845922
13966000 -5.62875116223125
13967000 -5.65294458801596
13968000 -5.62912076391162
13969000 -5.6399795623897
13970000 -5.64220102283378
13971000 -5.61677164346047
13972000 -5.66520945551727
13973000 -5.60588526673181
13974000 -5.66141267105329
13975000 -5.63146388668719
13976000 -5.63826635521545
13977000 -5.65080432205814
13978000 -5.61726831017359
13979000 -5.65542841482449
13980000 -5.62956482780763
13981000 -5.63372678091239
13982000 -5.65395098171776
13983000 -5.62415445170925
13984000 -5.65973920663673
13985000 -5.62697802612444
13986000 -5.64786427832748
13987000 -5.64943229679213
13988000 -5.63749690312416
13989000 -5.64625731207563
13990000 -5.64577661748758
13991000 -5.63248831739981
13992000 -5.65669494219234
13993000 -5.62671986805795
13994000 -5.66183124768501
13995000 -5.62755643484541
13996000 -5.66225855627222
13997000 -5.63042423861076
13998000 -5.64742997822921
13999000 -5.6486821458665
14000000 -5.63031990060074
14001000 -5.65962344384944
14002000 -5.63885012809333
14003000 -5.65043013406448
14004000 -5.6584102620652
14005000 -5.62810387769924
14006000 -5.67547616104736
14007000 -5.62181938384493
14008000 -5.67275146425352
14009000 -5.63566349759282
14010000 -5.6578298972357
14011000 -5.65738059692601
14012000 -5.64568682174766
14013000 -5.66613682929385
14014000 -5.64016264806762
14015000 -5.65902516298154
14016000 -5.64684319346871
14017000 -5.64581356218631
14018000 -5.66528803611771
14019000 -5.64064495024453
14020000 -5.66998434969126
14021000 -5.64111740182786
14022000 -5.66233358967681
14023000 -5.65900966847267
14024000 -5.64947286883027
14025000 -5.6554444245975
14026000 -5.6500456558471
14027000 -5.65767236799256
14028000 -5.65867604486684
14029000 -5.6577473130586
14030000 -5.66296563918848
14031000 -5.66152849031805
14032000 -5.66373848243355
14033000 -5.66151543042367
14034000 -5.65901573653123
14035000 -5.67559255648268
14036000 -5.66146384692502
14037000 -5.66721210447929
14038000 -5.66280426740411
14039000 -5.65850043748934
14040000 -5.67075586851864
14041000 -5.64977941067263
14042000 -5.67998827237611
14043000 -5.64886038629948
14044000 -5.67801075162927
14045000 -5.6457249900979
14046000 -5.67172006819544
14047000 -5.66889938363117
14048000 -5.65105551083822
14049000 -5.67698500808593
14050000 -5.6614244091049
14051000 -5.66512918638234
14052000 -5.67439129437298
14053000 -5.65297861770185
14054000 -5.68111630025714
14055000 -5.66599997489096
14056000 -5.66994526519527
14057000 -5.67505850895911
14058000 -5.66183352565835
14059000 -5.6754965868099
14060000 -5.67468578546804
14061000 -5.65645298993956
14062000 -5.68086060147099
14063000 -5.66093784318141
14064000 -5.68458833045785
14065000 -5.66575164860168
14066000 -5.67166078506179
14067000 -5.68164849641997
14068000 -5.66438672022216
14069000 -5.69063667062717
14070000 -5.67120691436118
14071000 -5.68410424484241
14072000 -5.67810744756615
14073000 -5.67488503917425
14074000 -5.69449878943848
14075000 -5.65702183446823
14076000 -5.69595251730774
14077000 -5.66671619172339
14078000 -5.68833285069576
14079000 -5.67610906315839
14080000 -5.6741352078239
14081000 -5.68732163547341
14082000 -5.66943121158192
14083000 -5.68292064464511
14084000 -5.67492153675269
14085000 -5.67937149049194
14086000 -5.69059524887232
14087000 -5.66105823566299
14088000 -5.70258061033014
14089000 -5.66905837021091
14090000 -5.68477730754187
14091000 -5.69451609628981
14092000 -5.67160776408467
14093000 -5.70771148918604
14094000 -5.67760932000717
14095000 -5.68590701580682
14096000 -5.69584688470534
14097000 -5.66522166647531
14098000 -5.71634082574291
14099000 -5.65754623956736
14100000 -5.70952842370299
14101000 -5.67034060593881
14102000 -5.6828300569461
14103000 -5.69719704340755
14104000 -5.66676573496552
14105000 -5.70459208942921
14106000 -5.68166444092395
14107000 -5.68208378084446
14108000 -5.70506900459369
14109000 -5.67358509818007
14110000 -5.71192752146154
14111000 -5.68047240603962
14112000 -5.70349496828301
14113000 -5.70121678508476
14114000 -5.67680654334306
14115000 -5.71756279334794
14116000 -5.67440601431403
14117000 -5.70863989013826
14118000 -5.70133456370909
14119000 -5.68527103313138
14120000 -5.71867579154435
14121000 -5.66602549574196
14122000 -5.71603172555462
14123000 -5.68463054962656
14124000 -5.69615614090767
14125000 -5.70009604393348
14126000 -5.69232496510835
14127000 -5.69983039726015
14128000 -5.69402416905584
14129000 -5.69641724860165
14130000 -5.7102208338403
14131000 -5.68624578447873
14132000 -5.71802638389863
14133000 -5.69131909467403
14134000 -5.71276211101804
14135000 -5.70985896277878
14136000 -5.68850798222323
14137000 -5.71837563052719
14138000 -5.69374653362589
14139000 -5.71055854905461
14140000 -5.70259267626948
14141000 -5.70521452552926
14142000 -5.71423360478813
14143000 -5.69152651474029
14144000 -5.70817804414352
14145000 -5.70547086309047
14146000 -5.69943285408294
14147000 -5.71708915794529
14148000 -5.70093975058617
14149000 -5.71830728710085
14150000 -5.70622703941177
14151000 -5.69809639356175
14152000 -5.72131760160266
14153000 -5.69470916980078
14154000 -5.72893740020141
14155000 -5.71271881100521
14156000 -5.70974777506313
14157000 -5.72899622369708
14158000 -5.69168513706517
14159000 -5.74042378281569
14160000 -5.69499107358358
14161000 -5.72638607550501
14162000 -5.71310205243217
14163000 -5.70175282014657
14164000 -5.73004810356224
14165000 -5.69333201453645
14166000 -5.71893160443118
14167000 -5.71576839599782
14168000 -5.70766413485177
14169000 -5.73400582061912
14170000 -5.694878896147
14171000 -5.73574642967845
14172000 -5.71137594427188
14173000 -5.71834876594053
14174000 -5.72219067282065
14175000 -5.70975158693145
14176000 -5.734260727965
14177000 -5.70775696214324
14178000 -5.72771669532709
14179000 -5.71976065205616
14180000 -5.71548625170717
14181000 -5.73422292275401
14182000 -5.70393616621994
14183000 -5.73823011406582
14184000 -5.70008424641288
14185000 -5.72699869845717
14186000 -5.727869615957
14187000 -5.71149425125948
14188000 -5.7339547023824
14189000 -5.71748082726819
14190000 -5.72064612149409
14191000 -5.73600436901225
14192000 -5.70616005360794
14193000 -5.7468979500793
14194000 -5.71449303383149
14195000 -5.72444416355181
14196000 -5.74152282488279
14197000 -5.70240690498063
14198000 -5.75593256799571
14199000 -5.71608110950852
14200000 -5.73116277871896
14201000 -5.74377571072418
14202000 -5.70868995267516
14203000 -5.74515634599335
14204000 -5.71010570728036
14205000 -5.73657240722341
14206000 -5.73142791808858
14207000 -5.71873954294453
14208000 -5.74708063863996
14209000 -5.71612109732606
14210000 -5.75066141850485
14211000 -5.72609706603606
14212000 -5.72881792519616
14213000 -5.73789536598335
14214000 -5.72253887229658
14215000 -5.74223651954558
14216000 -5.73219695290997
14217000 -5.73238778606727
14218000 -5.74369632624891
14219000 -5.72040746117633
14220000 -5.74924272875193
14221000 -5.72712005782057
14222000 -5.72778254261143
14223000 -5.75010014762965
14224000 -5.71764245455214
14225000 -5.75648042210909
14226000 -5.72112600524132
14227000 -5.74522602946285
14228000 -5.74319206292236
14229000 -5.73423773892368
14230000 -5.75293625038686
14231000 -5.72613094642574
14232000 -5.74350130892129
14233000 -5.751839988572
14234000 -5.71949575275919
14235000 -5.76809529638404
14236000 -5.71502664874114
14237000 -5.76509785101932
14238000 -5.73377218395416
14239000 -5.75142845394478
14240000 -5.75756803726146
14241000 -5.7322339339853
14242000 -5.74947704249121
14243000 -5.73772523347913
14244000 -5.73874794852435
14245000 -5.77050991973327
14246000 -5.71995885144998
14247000 -5.76985138362141
14248000 -5.73516642957778
14249000 -5.74758286890532
14250000 -5.75533380028442
14251000 -5.73173608968275
14252000 -5.7649369230441
14253000 -5.74691241298003
14254000 -5.74653571114378
14255000 -5.76271625875866
14256000 -5.72590853653754
14257000 -5.77693001702666
14258000 -5.7304383702979
14259000 -5.76535479890193
14260000 -5.75751909276803
14261000 -5.74365004526587
14262000 -5.77028336245724
14263000 -5.73963544422736
14264000 -5.7572134924724
14265000 -5.76005636778107
14266000 -5.7474861641603
14267000 -5.76618733845129
14268000 -5.73599199440393
14269000 -5.77783077536236
14270000 -5.74679145624124
14271000 -5.7581677169069
14272000 -5.76713698818897
14273000 -5.7488531481484
14274000 -5.77568632855301
14275000 -5.75771345657358
14276000 -5.75555073344365
14277000 -5.77635555609217
14278000 -5.74001661901241
14279000 -5.78088870488739
14280000 -5.74738895295039
14281000 -5.76424202646306
14282000 -5.761926808732
14283000 -5.74607948177437
14284000 -5.77229604400014
14285000 -5.7501045955064
14286000 -5.76051722219496
14287000 -5.7738652421595
14288000 -5.7499776995724
14289000 -5.77770492333519
14290000 -5.74226573563033
14291000 -5.77325608507855
14292000 -5.7640833595908
14293000 -5.75572672269087
14294000 -5.78342217123198
14295000 -5.75393613082987
14296000 -5.77225859347176
14297000 -5.77466367048102
14298000 -5.75071155165444
14299000 -5.79439226564873
14300000 -5.74759356710327
14301000 -5.79064525955194
14302000 -5.75788799510859
14303000 -5.7632494137476
14304000 -5.77399472253946
14305000 -5.764125625276
14306000 -5.77575843727633
14307000 -5.76772823124524
14308000 -5.76903343541357
14309000 -5.78817165224799
14310000 -5.74945405625278
14311000 -5.79028338635945
14312000 -5.76213781445809
14313000 -5.77007242670685
14314000 -5.79508906044906
14315000 -5.75821142572227
14316000 -5.79288270395473
14317000 -5.76446513822094
14318000 -5.78069819441745
14319000 -5.78586154837994
14320000 -5.75557910382874
14321000 -5.81130931152527
14322000 -5.74923738855813
14323000 -5.79765929546489
14324000 -5.77086565958276
14325000 -5.77116764841344
14326000 -5.78908951580023
14327000 -5.75719901057511
14328000 -5.79302195366905
14329000 -5.7737406372476
14330000 -5.77031549211653
14331000 -5.80524848985743
14332000 -5.75217242896477
14333000 -5.80473939339631
14334000 -5.77314803681211
14335000 -5.77499107642155
14336000 -5.79488115946061
14337000 -5.76482333239869
14338000 -5.80406861464193
14339000 -5.77594514260049
14340000 -5.77944067226473
14341000 -5.80208951035274
14342000 -5.75696347958768
14343000 -5.81194395868602
14344000 -5.76900460307412
14345000 -5.78741956372469
14346000 -5.78653757468377
14347000 -5.7789442909231
14348000 -5.7961659059058
14349000 -5.78072119998514
14350000 -5.78216585107439
14351000 -5.80143048881106
14352000 -5.77623591437206
14353000 -5.80061746616202
14354000 -5.78693219753083
14355000 -5.77452204042034
14356000 -5.81440041715027
14357000 -5.75579713350826
14358000 -5.81212303332913
14359000 -5.78098127616905
14360000 -5.79210495088765
14361000 -5.80101268673929
14362000 -5.7730532145143
14363000 -5.80462036137863
14364000 -5.77667801313284
14365000 -5.80312555436805
14366000 -5.79995797694279
14367000 -5.7906364960104
14368000 -5.80813468226798
14369000 -5.79261928776801
14370000 -5.79682187701422
14371000 -5.80059820198816
14372000 -5.78513042098739
14373000 -5.81292529769155
14374000 -5.78619722724445
14375000 -5.80339412292563
14376000 -5.79210453658127
14377000 -5.78709030482872
14378000 -5.80675238506118
14379000 -5.78710026885333
14380000 -5.80352964307953
14381000 -5.79616476183778
14382000 -5.79711576625908
14383000 -5.81248373124216
14384000 -5.79399713440766
14385000 -5.81602751555298
14386000 -5.80196135715408
14387000 -5.79986141185085
14388000 -5.81522709150305
14389000 -5.79536560595496
14390000 -5.81707759958803
14391000 -5.79549190119496
14392000 -5.80936091148489
14393000 -5.81180257936278
14394000 -5.79701998061581
14395000 -5.8145985265776
14396000 -5.80085785801309
14397000 -5.81265326883328
14398000 -5.81087883704939
14399000 -5.80038565889569
14400000 -5.81860803873964
14401000 -5.79347170652928
14402000 -5.80997378878856
14403000 -5.81332316562658
14404000 -5.79386195054427
14405000 -5.82460689734172
14406000 -5.80134838138572
14407000 -5.81160045042074
14408000 -5.82302130450693
14409000 -5.79213348497214
14410000 -5.82733520784822
14411000 -5.80071019824779
14412000 -5.82120082631013
14413000 -5.81419289459377
14414000 -5.8058156757539
14415000 -5.83018547128529
14416000 -5.79633607558713
14417000 -5.82814281876788
14418000 -5.80706049297756
14419000 -5.80912843956177
14420000 -5.82425890513307
14421000 -5.79629625076736
14422000 -5.84051332190226
14423000 -5.79752538521725
14424000 -5.8196227197398
14425000 -5.82260947476348
14426000 -5.8027007350948
14427000 -5.83565157909088
14428000 -5.80210754066261
14429000 -5.83254237579722
14430000 -5.81525075363778
14431000 -5.81185216303534
14432000 -5.83759347343466
14433000 -5.80569233522821
14434000 -5.83729344657033
14435000 -5.80867215839818
14436000 -5.83375732919271
14437000 -5.82259012140812
14438000 -5.82262335947707
14439000 -5.82423849735309
14440000 -5.81451381197554
14441000 -5.82846342311751
14442000 -5.82576087817503
14443000 -5.82067935589276
14444000 -5.82627501808997
14445000 -5.82707609171409
14446000 -5.83046939191985
14447000 -5.82961401854173
14448000 -5.81980574688628
14449000 -5.84230785972617
14450000 -5.81753135429433
14451000 -5.82851654673338
14452000 -5.83601217506997
14453000 -5.81578303860057
14454000 -5.84763143627689
14455000 -5.81144255282885
14456000 -5.84294702623866
14457000 -5.82638829359603
14458000 -5.82092702697707
14459000 -5.84803424960788
14460000 -5.81872690922632
14461000 -5.84198094899051
14462000 -5.83495444784347
14463000 -5.81930246193447
14464000 -5.85824911440719
14465000 -5.80906702591485
14466000 -5.8456097868136
14467000 -5.8256224317896
14468000 -5.82992705881039
14469000 -5.85353581011834
14470000 -5.820631509651
14471000 -5.84652364734269
14472000 -5.82809970737908
14473000 -5.8424677598604
14474000 -5.83800070966002
14475000 -5.82705698142155
14476000 -5.84738716129
14477000 -5.83542660662053
14478000 -5.84282275711488
14479000 -5.84557718654207
14480000 -5.82870919653561
14481000 -5.84775333201466
14482000 -5.83939247247352
14483000 -5.83587421574915
14484000 -5.85601110120532
14485000 -5.83001041428498
14486000 -5.85808696148958
14487000 -5.82820068423357
14488000 -5.8504927816171
14489000 -5.8479168052284
14490000 -5.83239735024702
14491000 -5.86616028542421
14492000 -5.82838524418134
14493000 -5.85999208020474
14494000 -5.84852270082736
14495000 -5.83351019371394
14496000 -5.86038409640534
14497000 -5.83541640102354
14498000 -5.85875652323554
14499000 -5.84071869678709
14500000 -5.8476273686887
14501000 -5.85906803282472
14502000 -5.8447872087455
14503000 -5.85942293631402
14504000 -5.84421323831823
14505000 -5.85026768410539
14506000 -5.85869024962336
14507000 -5.83928384977349
14508000 -5.86368431351279
14509000 -5.84316159784645
14510000 -5.85217021080156
14511000 -5.85775203640935
14512000 -5.83927730372467
14513000 -5.86890355539727
14514000 -5.8478709136482
14515000 -5.85906025480483
14516000 -5.8642950030011
14517000 -5.83378265315241
14518000 -5.8755187614726
14519000 -5.83283309553799
14520000 -5.86747294998985
14521000 -5.85688568175391
14522000 -5.84646717348248
14523000 -5.87014780962368
14524000 -5.84855571125517
14525000 -5.86294728429622
14526000 -5.86269318179513
14527000 -5.84642011267885
14528000 -5.88229693006533
14529000 -5.83825843496171
14530000 -5.87333395163778
14531000 -5.85160712650644
14532000 -5.86242001209995
14533000 -5.86618601466306
14534000 -5.85684657463754
14535000 -5.86635343068146
14536000 -5.86321854437276
14537000 -5.86645986576951
14538000 -5.86804578447215
14539000 -5.85918343516168
14540000 -5.86570083761819
14541000 -5.86561132522607
14542000 -5.8602061499877
14543000 -5.87347073721532
14544000 -5.85772075998245
14545000 -5.87314232772823
14546000 -5.85998145998411
14547000 -5.85670741970258
14548000 -5.87768547191745
14549000 -5.85386180700106
14550000 -5.87707646840758
14551000 -5.86442143943829
14552000 -5.8658340394946
14553000 -5.87421719718551
14554000 -5.86517278275422
14555000 -5.88411800339569
14556000 -5.86037990354349
14557000 -5.87711514603377
14558000 -5.88342310598786
14559000 -5.85088679124499
14560000 -5.8988232869353
14561000 -5.85029748118716
14562000 -5.89539144720225
14563000 -5.87127957537508
14564000 -5.86411970417563
14565000 -5.89162390738193
14566000 -5.85868634212415
14567000 -5.88902801038842
14568000 -5.87010320991289
14569000 -5.87970521429597
14570000 -5.87574656015782
14571000 -5.86879125353021
14572000 -5.89009524387921
14573000 -5.86953998396029
14574000 -5.88470748607564
14575000 -5.87091409667328
14576000 -5.87263603311479
14577000 -5.88619139987161
14578000 -5.87675762689005
14579000 -5.88169292603602
14580000 -5.89151388709627
14581000 -5.86131636315918
14582000 -5.89877554264638
14583000 -5.85946088875135
14584000 -5.8886802738747
14585000 -5.88156727869271
14586000 -5.87233038419746
14587000 -5.89905288644371
14588000 -5.87462115721336
14589000 -5.88712014168401
14590000 -5.89141438364553
14591000 -5.87680649028456
14592000 -5.90011294542704
14593000 -5.8762122684014
14594000 -5.89031529125457
14595000 -5.88807393013835
14596000 -5.88188335532824
14597000 -5.89516480292467
14598000 -5.87910827426773
14599000 -5.88376331876079
14600000 -5.89607062581839
14601000 -5.88277979080599
14602000 -5.90029443814142
14603000 -5.88413368744957
14604000 -5.88541004607471
14605000 -5.9012915961991
14606000 -5.87691054403149
14607000 -5.90449570296978
14608000 -5.88405137113705
14609000 -5.89751852172398
14610000 -5.89777700472319
14611000 -5.88407490899028
14612000 -5.9038201508421
14613000 -5.87897297305596
14614000 -5.90185626859811
14615000 -5.8912848172978
14616000 -5.89472387752881
14617000 -5.89173665900835
14618000 -5.89748434180769
14619000 -5.89811394545154
14620000 -5.89591571549878
14621000 -5.89126767577065
14622000 -5.9067133590893
14623000 -5.88088360486543
14624000 -5.91923162263895
14625000 -5.88903076615907
14626000 -5.90964608931338
14627000 -5.90583238582047
14628000 -5.88097956410906
14629000 -5.91309081496903
14630000 -5.89184595882014
14631000 -5.89102556058053
14632000 -5.91616546572578
14633000 -5.88234488194699
14634000 -5.91824805699114
14635000 -5.89195804066067
14636000 -5.90297907673006
14637000 -5.90685803475766
14638000 -5.88303158658016
14639000 -5.92467819360255
14640000 -5.893554690895
14641000 -5.91045293792694
14642000 -5.90268741847923
14643000 -5.89666781592326
14644000 -5.91238128942598
14645000 -5.89424822437588
14646000 -5.91184913629858
14647000 -5.90650456769331
14648000 -5.90891923197777
14649000 -5.91461435108321
14650000 -5.89860716376777
14651000 -5.92171751798007
14652000 -5.89654515887975
14653000 -5.91489474730799
14654000 -5.91464121749545
14655000 -5.89891820545448
14656000 -5.92685442640777
14657000 -5.89328739168935
14658000 -5.92186723728061
14659000 -5.90600725836082
14660000 -5.903973158702
14661000 -5.9205110687901
14662000 -5.91138563335023
14663000 -5.91011237400396
14664000 -5.90935979921809
14665000 -5.91468727531073
14666000 -5.9228978577445
14667000 -5.8978391739491
14668000 -5.92753736290487
14669000 -5.90163736670851
14670000 -5.91985110345072
14671000 -5.92745709105679
14672000 -5.90139302814684
14673000 -5.9356401072449
14674000 -5.90115916872169
14675000 -5.91919750479913
14676000 -5.93160352116798
14677000 -5.90379809267663
14678000 -5.93786813616398
14679000 -5.91180250281894
14680000 -5.92049308844972
14681000 -5.92453272004883
14682000 -5.90827070852744
14683000 -5.92996052083268
14684000 -5.91671836490326
14685000 -5.92369243125726
14686000 -5.92936279774562
14687000 -5.91185877465992
14688000 -5.94248612067747
14689000 -5.91253542880708
14690000 -5.93168146703599
14691000 -5.92476585412939
14692000 -5.91945829693035
14693000 -5.93926907730639
14694000 -5.91929938614973
14695000 -5.92864327985343
14696000 -5.92619262918666
14697000 -5.92199379418759
14698000 -5.94427383817779
14699000 -5.90363765634971
14700000 -5.94201456555444
14701000 -5.93061779755262
14702000 -5.92621148605058
14703000 -5.94320891900291
14704000 -5.91420831456426
14705000 -5.94666074513743
14706000 -5.92186747118529
14707000 -5.93086382623702
14708000 -5.94761364536015
14709000 -5.9237185218709
14710000 -5.94431320237482
14711000 -5.92355343857351
14712000 -5.92810396876285
14713000 -5.94162591335977
14714000 -5.92843465289537
14715000 -5.9381756072223
14716000 -5.93575585655402
14717000 -5.92607826299768
14718000 -5.95045277936735
14719000 -5.92114990978141
14720000 -5.9541521369626
14721000 -5.93256229636353
14722000 -5.9425721231771
14723000 -5.94992639685644
14724000 -5.93133495885316
14725000 -5.95417097342918
14726000 -5.92914342635539
14727000 -5.94180986771149
14728000 -5.94748971818739
14729000 -5.92811364669659
14730000 -5.95977472408711
14731000 -5.92752544333589
14732000 -5.95321683497545
14733000 -5.94185554783065
14734000 -5.93739955484645
14735000 -5.95914432302424
14736000 -5.91530686454072
14737000 -5.96235382571765
14738000 -5.93362367021619
14739000 -5.94289344485605
14740000 -5.96108324509519
14741000 -5.91675163542735
14742000 -5.96626925630177
14743000 -5.93397712673356
14744000 -5.94494347938872
14745000 -5.95640837012843
14746000 -5.93941195563927
14747000 -5.95804622067035
14748000 -5.94843320216606
14749000 -5.94311393788065
14750000 -5.95118362587489
14751000 -5.93554616935273
14752000 -5.95705273229419
14753000 -5.95112780864248
14754000 -5.94206540351767
14755000 -5.9569881276281
14756000 -5.9395623467991
14757000 -5.95973351280388
14758000 -5.95129210328198
14759000 -5.94486529477711
14760000 -5.96447807275135
14761000 -5.94212733102021
14762000 -5.95823004886924
14763000 -5.95852890169187
14764000 -5.94871912176712
14765000 -5.97426560929077
14766000 -5.93658159736534
14767000 -5.96107098596761
14768000 -5.95602464048002
14769000 -5.95936868685159
14770000 -5.96399508969976
14771000 -5.93912608853026
14772000 -5.97064492671963
14773000 -5.94122111249429
14774000 -5.96309066971014
14775000 -5.95455926802777
14776000 -5.94671990697328
14777000 -5.96661715283587
14778000 -5.95242151739345
14779000 -5.97069265240245
14780000 -5.95409508585546
14781000 -5.97073519719842
14782000 -5.96663028069078
14783000 -5.95576545456185
14784000 -5.97540040846798
14785000 -5.9548131471524
14786000 -5.97292277427473
14787000 -5.97097296494508
14788000 -5.94355867818959
14789000 -5.98290850444992
14790000 -5.95280742256984
14791000 -5.96250467300989
14792000 -5.9682467843285
14793000 -5.94526864504562
14794000 -5.97900994935722
14795000 -5.9574401524524
14796000 -5.96986182185836
14797000 -5.96766986477859
14798000 -5.96279478424626
14799000 -5.97688171206612
14800000 -5.9695799294824
14801000 -5.96325806780063
14802000 -5.9767620306402
14803000 -5.96825069569917
14804000 -5.97053176231762
14805000 -5.97446057059404
14806000 -5.96732944795948
14807000 -5.97890250443441
14808000 -5.95932828106195
14809000 -5.98306697958584
14810000 -5.95460831426165
14811000 -5.9795133611858
14812000 -5.97918058474243
14813000 -5.95376110122982
14814000 -5.99912314124296
14815000 -5.95642771926817
14816000 -5.99670984534549
14817000 -5.96766223868254
14818000 -5.97756641101983
14819000 -5.98620311563338
14820000 -5.96512570465395
14821000 -5.99889890542705
14822000 -5.97471434832992
14823000 -5.96777955566104
14824000 -5.98958736733484
14825000 -5.96589513235668
14826000 -5.98121619921428
14827000 -5.98724724302355
14828000 -5.95597439272371
14829000 -6.00765324833264
14830000 -5.95499234047611
14831000 -6.00533720208651
14832000 -5.97187393264058
14833000 -5.98402362866312
14834000 -5.99651855459869
14835000 -5.96450607119284
14836000 -6.00877882529363
14837000 -5.96432891814856
14838000 -6.00269303309856
14839000 -5.98543372054413
14840000 -5.97661101909343
14841000 -6.00007285272566
14842000 -5.96381676283046
14843000 -6.00132978122094
14844000 -5.97612413847592
14845000 -5.98232692719223
14846000 -6.00089276182036
14847000 -5.97636868153147
14848000 -5.98957495324457
14849000 -5.99393891191485
14850000 -5.97317237111749
14851000 -6.01348463116849
14852000 -5.96258210063886
14853000 -6.01059864030926
14854000 -5.98326808181802
14855000 -5.9832460428933
14856000 -6.00870275371188
14857000 -5.96653033489119
14858000 -6.01802126392504
14859000 -5.9758194580066
14860000 -5.98663589349109
14861000 -6.00606152312184
14862000 -5.97031220062555
14863000 -6.00820390547583
14864000 -5.98920154560704
14865000 -5.98679473166439
14866000 -6.00216853528695
14867000 -5.99284824625803
14868000 -5.99555160529661
14869000 -6.0037076607526
14870000 -5.98886674477084
14871000 -6.01844386603518
14872000 -5.97877995116178
14873000 -6.01042068565846
14874000 -5.99535496215293
14875000 -5.99314367574594
14876000 -6.01158694057462
14877000 -5.98049104158438
14878000 -6.02171746783129
14879000 -5.98818742272385
14880000 -6.00848896547082
14881000 -5.99962237985482
14882000 -5.99580635065844
14883000 -6.00493584424858
14884000 -5.99946817776152
14885000 -6.00858967399128
14886000 -6.00252549254782
14887000 -6.0047564581685
14888000 -6.0022583884065
14889000 -6.00452702427329
14890000 -5.99994038551574
14891000 -6.01202340511382
14892000 -5.99750013515769
14893000 -6.02178104736908
14894000 -6.00103627420887
14895000 -6.0015404612538
14896000 -6.02500428255247
14897000 -5.9779922281724
14898000 -6.02344496009177
14899000 -6.00357833581638
14900000 -5.99889012028962
14901000 -6.02159206976336
14902000 -5.9955002806317
14903000 -6.02206189823052
14904000 -5.99865851169042
14905000 -6.00725534735709
14906000 -6.0166962660371
14907000 -5.99544991065619
14908000 -6.02504274839013
14909000 -6.00423640110066
14910000 -6.01350542125285
14911000 -6.02234747747525
14912000 -6.00174345687168
14913000 -6.03004563229705
14914000 -6.0029723662598
14915000 -6.02095645911656
14916000 -6.01805840806902
14917000 -6.00927755396762
14918000 -6.02290547302778
14919000 -6.01279515754665
14920000 -6.01260384592748
14921000 -6.02252473699752
14922000 -6.00682021865283
14923000 -6.02143783620698
14924000 -6.01726994642294
14925000 -6.01845821592866
14926000 -6.02634179540784
14927000 -6.01228755117617
14928000 -6.02280131899384
14929000 -6.02012102693227
14930000 -6.02020505144395
14931000 -6.01934266873205
14932000 -6.02239745376496
14933000 -6.02924179084351
14934000 -6.01081134262562
14935000 -6.0343668987935
14936000 -6.01905336722032
14937000 -6.01489346103394
14938000 -6.02990160891324
14939000 -6.01564090533031
14940000 -6.0321865517218
14941000 -6.02600388256192
14942000 -6.01707205008646
14943000 -6.04169709089099
14944000 -6.01438512127993
14945000 -6.03197192642012
14946000 -6.0266687588304
14947000 -6.029357024279
14948000 -6.02476067567851
14949000 -6.02714904012603
14950000 -6.03442483283294
14951000 -6.02747122453596
14952000 -6.02219700331763
14953000 -6.03481995880605
14954000 -6.0207623733551
14955000 -6.04513121550871
14956000 -6.02268439956383
14957000 -6.02956757899654
14958000 -6.03854259970473
14959000 -6.02236740742087
14960000 -6.04560955699396
14961000 -6.01763289220215
14962000 -6.04838880601005
14963000 -6.02659322230238
14964000 -6.02400707044995
14965000 -6.05679197664808
14966000 -6.01595177501036
14967000 -6.04104706695488
14968000 -6.04749774716876
14969000 -6.0219135221538
14970000 -6.05738682019754
14971000 -6.02898941436828
14972000 -6.03649658698307
14973000 -6.04188819985797
14974000 -6.02405544301913
14975000 -6.05466549168966
14976000 -6.02616170926903
14977000 -6.04564755712776
14978000 -6.04913794080246
14979000 -6.02649168842915
14980000 -6.05549560789377
14981000 -6.02698882139457
14982000 -6.04436621123343
14983000 -6.04870846469199
14984000 -6.02742462424117
14985000 -6.04838841456771
14986000 -6.03008110136201
14987000 -6.04844011597872
14988000 -6.04377143687741
14989000 -6.02599881449119
14990000 -6.06304372453567
14991000 -6.02855589969985
14992000 -6.05237725356361
14993000 -6.05450634260634
14994000 -6.03359918843659
14995000 -6.07478562616548
14996000 -6.02322799630605
14997000 -6.05601910181061
14998000 -6.04845895727078
14999000 -6.03493544599394
15000000 -6.0718322168646
15001000 -6.03220713880601
15002000 -6.05253547086244
15003000 -6.04756359353504
15004000 -6.03616218016665
15005000 -6.07339735729078
15006000 -6.03613927595315
15007000 -6.05394545942505
15008000 -6.0601345265438
15009000 -6.02841492568982
15010000 -6.08626903041721
15011000 -6.03537078074426
15012000 -6.05678772709103
15013000 -6.06305598273835
15014000 -6.04006367328005
15015000 -6.07485536282396
15016000 -6.04900802149133
15017000 -6.05927211392739
15018000 -6.05922854048311
15019000 -6.04046259648507
15020000 -6.0675281305082
15021000 -6.0531257717954
15022000 -6.05155776223995
15023000 -6.07467662006939
15024000 -6.02805467827225
15025000 -6.0861378661594
15026000 -6.05162485182416
15027000 -6.06169288333558
15028000 -6.06875280171948
15029000 -6.04569336121928
15030000 -6.06873240013128
15031000 -6.05339384977446
15032000 -6.05635929195319
15033000 -6.07256560055783
15034000 -6.0450738085456
15035000 -6.08669850817869
15036000 -6.04442015839096
15037000 -6.06831105265718
15038000 -6.07084852379875
15039000 -6.05970291812279
15040000 -6.08136151099476
15041000 -6.05375836717849
15042000 -6.0757208708801
15043000 -6.07242736552268
15044000 -6.05821078915909
15045000 -6.07191374110762
15046000 -6.05981812377236
15047000 -6.06940158737741
15048000 -6.07518269855223
15049000 -6.06248372900301
15050000 -6.07775560758733
15051000 -6.06767328765023
15052000 -6.05983003627184
15053000 -6.08043445179806
15054000 -6.05094223177904
15055000 -6.08390969703517
15056000 -6.06436430923758
15057000 -6.07221781397169
15058000 -6.08909342829697
15059000 -6.05434914564321
15060000 -6.09256028104861
15061000 -6.05803357677151
15062000 -6.07194906771013
15063000 -6.08255429622209
15064000 -6.05772665407857
15065000 -6.09471445120335
15066000 -6.06436340301727
15067000 -6.08195296435821
15068000 -6.08403948448753
15069000 -6.05115622408734
15070000 -6.09719882999764
15071000 -6.06394086853116
15072000 -6.07813069121483
15073000 -6.09597808581426
15074000 -6.06622283874771
15075000 -6.09134860255188
15076000 -6.07922961458644
15077000 -6.07042054349796
15078000 -6.08988287064164
15079000 -6.05637399276604
15080000 -6.10377499143369
15081000 -6.07250702011028
15082000 -6.07277912357133
15083000 -6.09158232619049
15084000 -6.07069576743468
15085000 -6.08502983374129
15086000 -6.08385985426775
15087000 -6.07469272981343
15088000 -6.10410144898972
15089000 -6.0693739460177
15090000 -6.10357418868698
15091000 -6.08322869837569
15092000 -6.07968644818915
15093000 -6.09710599980994
15094000 -6.07017156667003
15095000 -6.10416387472972
15096000 -6.07627059576467
15097000 -6.09373516005075
15098000 -6.09507998369338
15099000 -6.07502146284771
15100000 -6.09900556642974
15101000 -6.07721966526646
15102000 -6.09629837949657
15103000 -6.08622719663638
15104000 -6.08718868466451
15105000 -6.09815774820626
15106000 -6.08659732181175
15107000 -6.10426506808905
15108000 -6.08486837484452
15109000 -6.09253885891484
15110000 -6.10230294199398
15111000 -6.09150909378512
15112000 -6.09881862126389
15113000 -6.08756668736052
15114000 -6.08848175971818
15115000 -6.10544746625326
15116000 -6.08046721777906
15117000 -6.09669573448538
15118000 -6.10869002473737
15119000 -6.07935082397237
15120000 -6.11496675849507
15121000 -6.08837714255413
15122000 -6.09931787255545
15123000 -6.10470788397711
15124000 -6.08181870780077
15125000 -6.1178634521595
15126000 -6.0878450652573
15127000 -6.10035884108667
15128000 -6.10727835662887
15129000 -6.08877409091212
15130000 -6.11027120172526
15131000 -6.08818479547486
15132000 -6.09168644227716
15133000 -6.11355977654102
15134000 -6.08442797804662
15135000 -6.11192632159856
15136000 -6.09988593079213
15137000 -6.09254091417157
15138000 -6.13005256149451
15139000 -6.07599294877744
15140000 -6.13632046471519
15141000 -6.08350969263102
15142000 -6.11236525847573
15143000 -6.11629961172876
15144000 -6.08813382596507
15145000 -6.1168207915981
15146000 -6.1080927207919
15147000 -6.08595125238919
15148000 -6.1297432953676
15149000 -6.07522932712667
15150000 -6.13379300346885
15151000 -6.09734435273399
15152000 -6.11218931572813
15153000 -6.12572247706731
15154000 -6.0878320498453
15155000 -6.13120792016701
15156000 -6.09983323708951
15157000 -6.11242845926549
15158000 -6.11431374470305
15159000 -6.10028141118306
15160000 -6.12582278488229
15161000 -6.11305098070867
15162000 -6.10178319935591
15163000 -6.13003254197683
15164000 -6.08813561812823
15165000 -6.12521662418905
15166000 -6.11192883122836
15167000 -6.11043583401599
15168000 -6.13039137104133
15169000 -6.09701683510346
15170000 -6.13556971213692
15171000 -6.11144412140412
15172000 -6.11568336098212
15173000 -6.12734873378758
15174000 -6.10963209524775
15175000 -6.12801049952201
15176000 -6.11659286793048
15177000 -6.11127794193267
15178000 -6.13040414020171
15179000 -6.10421959121202
15180000 -6.1188955136919
15181000 -6.12143265358007
15182000 -6.10812577485439
15183000 -6.13549671323625
15184000 -6.1108082370179
15185000 -6.1310473400052
15186000 -6.13226297075253
15187000 -6.11550334932004
15188000 -6.13926671944809
15189000 -6.11254717014899
15190000 -6.12288168043351
15191000 -6.13583295914688
15192000 -6.10211447892576
15193000 -6.1458873884803
15194000 -6.11338351150262
15195000 -6.12609749664148
15196000 -6.1321339162225
15197000 -6.11459947235835
15198000 -6.13135411361257
15199000 -6.12685649479159
15200000 -6.12836692724215
15201000 -6.1444536640302
15202000 -6.11765605121168
15203000 -6.14695712076487
15204000 -6.12377515603306
15205000 -6.13264528747166
15206000 -6.13747705979829
15207000 -6.12925804815961
15208000 -6.12761757163008
15209000 -6.13921693868966
15210000 -6.11954399267838
15211000 -6.1491644837075
15212000 -6.11544184010734
15213000 -6.14030057211849
15214000 -6.13682726936304
15215000 -6.12943371399354
15216000 -6.14613501526776
15217000 -6.13063699811524
15218000 -6.13644895237418
15219000 -6.14675762968843
15220000 -6.11793682532296
15221000 -6.15805857150347
15222000 -6.11860852693454
15223000 -6.14301323094727
15224000 -6.13963141095301
15225000 -6.13419512660182
15226000 -6.15905767352297
15227000 -6.1247870519373
15228000 -6.15021139883591
15229000 -6.14009829077109
15230000 -6.12831366765487
15231000 -6.1600391293338
15232000 -6.11495607599581
15233000 -6.16234437083571
15234000 -6.13964007170636
15235000 -6.12945339541254
15236000 -6.16562458964674
15237000 -6.12019237142141
15238000 -6.16798337393126
15239000 -6.13237438535834
15240000 -6.15075389361404
15241000 -6.15308745042165
15242000 -6.14215355816173
15243000 -6.15475084050054
15244000 -6.14382789261336
15245000 -6.140280798533
15246000 -6.15426294107072
15247000 -6.12977683448933
15248000 -6.16422835224345
15249000 -6.14256955678107
15250000 -6.14885619576155
15251000 -6.15842307132921
15252000 -6.13970493814208
15253000 -6.16019126394346
15254000 -6.15528206091861
15255000 -6.13552349007108
15256000 -6.1794869555561
15257000 -6.1273414852564
15258000 -6.16099206657127
15259000 -6.16062322927464
15260000 -6.1300721392436
15261000 -6.17696848781308
15262000 -6.13146513739186
15263000 -6.15539664440526
15264000 -6.16974028859641
15265000 -6.12265945436662
15266000 -6.18437536641633
15267000 -6.13979734508616
15268000 -6.15504773375589
15269000 -6.175266683641
15270000 -6.12688110611417
15271000 -6.18114694844752
15272000 -6.14271575598464
15273000 -6.15857968310716
15274000 -6.17174461194713
15275000 -6.12922428523638
15276000 -6.1916561862888
15277000 -6.13303922381981
15278000 -6.15734082440457
15279000 -6.17460739013762
15280000 -6.13906852018359
15281000 -6.17414981646029
15282000 -6.15802206083625
15283000 -6.14481288026158
15284000 -6.19410022441177
15285000 -6.13861535252344
15286000 -6.17436807231679
15287000 -6.17300810036887
15288000 -6.14019246210532
15289000 -6.19175298815258
15290000 -6.14842711412826
15291000 -6.16768096879401
15292000 -6.18367474438858
15293000 -6.13622207062134
15294000 -6.19123769225951
15295000 -6.14929769182647
15296000 -6.16833666919888
15297000 -6.1835467156947
15298000 -6.13701580230483
15299000 -6.19820274924718
15300000 -6.1477518997785
15301000 -6.16957130409645
15302000 -6.18482979500796
15303000 -6.15108250167522
15304000 -6.18322292846353
15305000 -6.16735554458447
15306000 -6.16173252545949
15307000 -6.18618916828272
15308000 -6.1604298727672
15309000 -6.18535102301037
15310000 -6.17444676006341
15311000 -6.15624608258537
15312000 -6.18907611725062
15313000 -6.16115109813083
15314000 -6.17395772183335
15315000 -6.18630343300209
15316000 -6.15713771822977
15317000 -6.19270189447599
15318000 -6.16273809365733
15319000 -6.1758139054237
15320000 -6.17963938724246
15321000 -6.1665024534569
15322000 -6.18637410175358
15323000 -6.17509698804096
15324000 -6.17903905072841
15325000 -6.17458410980207
15326000 -6.1818289039917
15327000 -6.18529474832319
15328000 -6.17652806365923
15329000 -6.17859856629998
15330000 -6.18023930231022
15331000 -6.18940257460782
15332000 -6.17069095059482
15333000 -6.19202802777329
15334000 -6.1770012898839
15335000 -6.17746451209609
15336000 -6.18759413543878
15337000 -6.16765541669127
15338000 -6.19750530997751
15339000 -6.17960782835526
15340000 -6.17890570911541
15341000 -6.19152140982647
15342000 -6.17954642454047
15343000 -6.19212884288876
15344000 -6.18274080792627
15345000 -6.1890058841106
15346000 -6.18164912354593
15347000 -6.18769072490104
15348000 -6.18324825996124
15349000 -6.19332175434361
15350000 -6.18802105798626
15351000 -6.18721388678586
15352000 -6.19278890084273
15353000 -6.18519133455488
15354000 -6.19172354184076
15355000 -6.1867582667805
15356000 -6.18663015408595
15357000 -6.19378812231061
15358000 -6.18755019008182
15359000 -6.20532357224325
15360000 -6.18296306740822
15361000 -6.19308242728815
15362000 -6.18914075528791
15363000 -6.196749295192
15364000 -6.18386826357593
15365000 -6.19380456077175
15366000 -6.19068797064898
15367000 -6.2031485603038
15368000 -6.18225129822555
15369000 -6.19699283543465
15370000 -6.19834281041623
15371000 -6.18811758369298
15372000 -6.20441387487496
15373000 -6.19823799410542
15374000 -6.1921536946174
15375000 -6.20725728375623
15376000 -6.18856976310324
15377000 -6.19725111098905
15378000 -6.20765359029065
15379000 -6.18190151817699
15380000 -6.21588883628468
15381000 -6.1918825634884
15382000 -6.18931635778859
15383000 -6.2169228653704
15384000 -6.18609780891348
15385000 -6.21354477655402
15386000 -6.20553718905561
15387000 -6.19234220247222
15388000 -6.22101719975668
15389000 -6.1911661525482
15390000 -6.21896367069022
15391000 -6.19879224678227
15392000 -6.19608578075715
15393000 -6.21790167929699
15394000 -6.19387069997984
15395000 -6.21271572470561
15396000 -6.20328484538876
15397000 -6.2063401916668
15398000 -6.21957875188621
15399000 -6.2013462720193
15400000 -6.19943927046464
15401000 -6.2134861896024
15402000 -6.19305365749011
15403000 -6.22260288240507
15404000 -6.20817621645472
15405000 -6.1973567226128
15406000 -6.22110753781566
15407000 -6.19524894196988
15408000 -6.20548317790791
15409000 -6.21913895412794
15410000 -6.18846592075058
15411000 -6.2299081065826
15412000 -6.19443269040616
15413000 -6.22275919245844
15414000 -6.21517951090467
15415000 -6.2130348126177
15416000 -6.22646873613755
15417000 -6.20178401174855
15418000 -6.21318656610163
15419000 -6.20846756486046
15420000 -6.20437306066593
15421000 -6.23099179322636
15422000 -6.20315044402191
15423000 -6.22446586510648
15424000 -6.21875453635082
15425000 -6.21686633572893
15426000 -6.22891582797777
15427000 -6.20757048262778
15428000 -6.22835961862852
15429000 -6.22583728550246
15430000 -6.20418672290544
15431000 -6.24133335033061
15432000 -6.20180455169967
15433000 -6.22792080094194
15434000 -6.22130792506821
15435000 -6.1972053260653
15436000 -6.2484956694567
15437000 -6.19719638154206
15438000 -6.23174896155719
15439000 -6.22671036482637
15440000 -6.21285901426586
15441000 -6.24492373730393
15442000 -6.20097299733894
15443000 -6.24092254407978
15444000 -6.22744285572135
15445000 -6.21500814743782
15446000 -6.24095604324469
15447000 -6.20814522813693
15448000 -6.23996231159146
15449000 -6.23029800612026
15450000 -6.21602829997979
15451000 -6.24305739625159
15452000 -6.21447861703408
15453000 -6.23262187027148
15454000 -6.23189238301473
15455000 -6.21792389984812
15456000 -6.24495867536886
15457000 -6.22554227142888
15458000 -6.2241994953339
15459000 -6.25776744452642
15460000 -6.19825744778786
15461000 -6.25988020754512
15462000 -6.20604124438543
15463000 -6.23495583672929
15464000 -6.25073900870876
15465000 -6.20176435544725
15466000 -6.24109669633383
15467000 -6.23357118589976
15468000 -6.22515685022059
15469000 -6.25846121790807
15470000 -6.20693945133905
15471000 -6.25097320286667
15472000 -6.23744225536948
15473000 -6.22031015595856
15474000 -6.26666511509435
15475000 -6.21369100023787
15476000 -6.25278257305544
15477000 -6.23791659832104
15478000 -6.21221905102684
15479000 -6.26544532205226
15480000 -6.22294565917012
15481000 -6.23804611259792
15482000 -6.25474616421738
15483000 -6.21367392516398
15484000 -6.26967310225879
15485000 -6.22521910662905
15486000 -6.24110334860924
15487000 -6.26377584307086
15488000 -6.22354105522142
15489000 -6.2629480149186
15490000 -6.24000920686768
15491000 -6.234245047635
15492000 -6.26304384079371
15493000 -6.2150286073862
15494000 -6.25273499521916
15495000 -6.24156506877342
15496000 -6.22927700405243
15497000 -6.24975103689184
15498000 -6.23670345628775
15499000 -6.25101443021246
15500000 -6.26297642306721
15501000 -6.2243907482947
15502000 -6.26948632964531
15503000 -6.23748262108136
15504000 -6.24921880125679
15505000 -6.25456597494583
15506000 -6.23319557715402
15507000 -6.27273135694818
15508000 -6.24536349684043
15509000 -6.24395158870584
15510000 -6.26095446428616
15511000 -6.24266862671497
15512000 -6.25275874961515
15513000 -6.25653212932683
15514000 -6.23464507471815
15515000 -6.27803279757601
15516000 -6.24421666313218
15517000 -6.25124875770548
15518000 -6.26670428968319
15519000 -6.23505245590626
15520000 -6.27976550299739
15521000 -6.23635138815119
15522000 -6.25979949712153
15523000 -6.26812054235344
15524000 -6.2368395632888
15525000 -6.26130390228873
15526000 -6.25364072316237
15527000 -6.25130804441972
15528000 -6.26467824442275
15529000 -6.25046930933919
15530000 -6.26730540704881
15531000 -6.26035379062066
15532000 -6.24314226319848
15533000 -6.28063593897312
15534000 -6.25326377998006
15535000 -6.26842670544045
15536000 -6.25372005594721
15537000 -6.24985444794947
15538000 -6.26950131282937
15539000 -6.24841106111031
15540000 -6.25972302311416
15541000 -6.27262319510308
15542000 -6.25744985117374
15543000 -6.27298715933388
15544000 -6.25848411985425
15545000 -6.27305438114219
15546000 -6.26948793637232
15547000 -6.26630074397565
15548000 -6.26958015498778
15549000 -6.26665432578997
15550000 -6.2701394308122
15551000 -6.27115267015637
15552000 -6.26371795454814
15553000 -6.27231273902734
15554000 -6.26178856534581
15555000 -6.27595525301976
15556000 -6.26588991560388
15557000 -6.27409899213313
15558000 -6.26835256806355
15559000 -6.27155023659614
15560000 -6.26969335973001
15561000 -6.2804062708466
15562000 -6.27737395164372
15563000 -6.26812657944179
15564000 -6.27695602916031
15565000 -6.26673445280663
15566000 -6.28409985128647
15567000 -6.25772764486213
15568000 -6.27660185338073
15569000 -6.27283963782696
15570000 -6.28321375002964
15571000 -6.26800181067121
15572000 -6.2861028291596
15573000 -6.26981427602605
15574000 -6.27982621997748
15575000 -6.2771262688783
15576000 -6.27273713347835
15577000 -6.29790740448774
15578000 -6.26225238013598
15579000 -6.29760022944323
15580000 -6.27197599381166
15581000 -6.28829684857053
15582000 -6.27849972522982
15583000 -6.27084765438378
15584000 -6.29349627329082
15585000 -6.28840778816113
15586000 -6.27348536552167
15587000 -6.29453088747816
15588000 -6.26778601629364
15589000 -6.30054950695387
15590000 -6.26824745575579
15591000 -6.27635825158867
15592000 -6.28544689618153
15593000 -6.27786009915474
15594000 -6.28950296277117
15595000 -6.29748730523658
15596000 -6.2750823946765
15597000 -6.30606917672917
15598000 -6.26522581547177
15599000 -6.30134063182549
15600000 -6.28224944088982
15601000 -6.28276743407298
15602000 -6.30373371866845
15603000 -6.27458427744796
15604000 -6.29682044035407
15605000 -6.28705924386598
15606000 -6.28655711363531
15607000 -6.28964413524256
15608000 -6.29099707219678
15609000 -6.28626328003776
15610000 -6.30004577848159
15611000 -6.28564643480142
15612000 -6.3056515562154
15613000 -6.29774414841741
15614000 -6.28782604979893
15615000 -6.29200772974184
15616000 -6.29218684835446
15617000 -6.29122347648839
15618000 -6.29815563179085
15619000 -6.28320250880237
15620000 -6.30118846751824
15621000 -6.2931074973693
15622000 -6.29076740227485
15623000 -6.30540190814271
15624000 -6.28898674098963
15625000 -6.30341096910492
15626000 -6.29514049733861
15627000 -6.30037169386833
15628000 -6.3006047439975
15629000 -6.29862690044487
15630000 -6.28713130592606
15631000 -6.31662546117812
15632000 -6.28770779795314
15633000 -6.30953623128956
15634000 -6.29559673601714
15635000 -6.291517918166
15636000 -6.31569561371088
15637000 -6.29270250217656
15638000 -6.30027206259775
15639000 -6.31891410419855
15640000 -6.2895339280885
15641000 -6.32074858825701
15642000 -6.29072385199992
15643000 -6.31846535835634
15644000 -6.30461760274403
15645000 -6.29978516603646
15646000 -6.30435331784218
15647000 -6.31147877859854
15648000 -6.29189573708152
15649000 -6.32434258725562
15650000 -6.28630816884665
15651000 -6.31815568628957
15652000 -6.30708404774771
15653000 -6.2980819952387
15654000 -6.31712337896771
15655000 -6.30568747867399
15656000 -6.31023171318436
15657000 -6.31399849045771
15658000 -6.30200128323379
15659000 -6.31942002643978
15660000 -6.30489423665984
15661000 -6.30233857892997
15662000 -6.31855877526463
15663000 -6.30592478173584
15664000 -6.31655263269345
15665000 -6.31695434550436
15666000 -6.31167651579879
15667000 -6.31759590771609
15668000 -6.32217355456462
15669000 -6.29876264020164
15670000 -6.33599658558022
15671000 -6.28441217987824
15672000 -6.33688288304733
15673000 -6.30723802491293
15674000 -6.3238969302243
15675000 -6.32003371720311
15676000 -6.3151811198102
15677000 -6.31233592301807
15678000 -6.32666704028479
15679000 -6.31100889926418
15680000 -6.32704868919288
15681000 -6.31115869636324
15682000 -6.3337357336981
15683000 -6.30969995294971
15684000 -6.32230219636008
15685000 -6.31378960257563
15686000 -6.3257337935867
15687000 -6.31518295098606
15688000 -6.33122723842315
15689000 -6.31376208686901
15690000 -6.34245299043383
15691000 -6.30983674127297
15692000 -6.33258831115928
15693000 -6.32717389839068
15694000 -6.32460939722324
15695000 -6.3171399290525
15696000 -6.33442426486818
15697000 -6.30649382444489
15698000 -6.3396073783669
15699000 -6.31177477650002
15700000 -6.32850251133271
15701000 -6.33629746379131
15702000 -6.330061345965
15703000 -6.32761094577033
15704000 -6.33291181153103
15705000 -6.32861737920499
15706000 -6.33115801059211
15707000 -6.33421108605139
15708000 -6.32780709489668
15709000 -6.33608613310126
15710000 -6.32334580278645
15711000 -6.33392545300871
15712000 -6.3193629455995
15713000 -6.34202728491236
15714000 -6.31435560340667
15715000 -6.34252417415656
15716000 -6.32672065375545
15717000 -6.34134311986157
15718000 -6.33204006030857
15719000 -6.34412819046217
15720000 -6.33382459347288
15721000 -6.34895288604062
15722000 -6.32539056361403
15723000 -6.34593936002762
15724000 -6.33909552081077
15725000 -6.33122558832088
15726000 -6.33778711884406
15727000 -6.32614937838969
15728000 -6.34979389538584
15729000 -6.34345297833384
15730000 -6.32548737838239
15731000 -6.3606750370728
15732000 -6.31666679598226
15733000 -6.35616237470619
15734000 -6.32899571170079
15735000 -6.34000748304707
15736000 -6.35466408108096
15737000 -6.32062175381323
15738000 -6.3344318605818
15739000 -6.35462325427401
15740000 -6.32608542931567
15741000 -6.36239157324798
15742000 -6.32735422562361
15743000 -6.35764055136486
15744000 -6.35443804372005
15745000 -6.33427330486827
15746000 -6.35895959790722
15747000 -6.34265891490401
15748000 -6.33564140497269
15749000 -6.36137213720336
15750000 -6.31937271208121
15751000 -6.36614172180481
15752000 -6.34085366682252
15753000 -6.34339888379645
15754000 -6.36306948138697
15755000 -6.34191197764322
15756000 -6.35181601177174
15757000 -6.3640116839515
15758000 -6.32657877942523
15759000 -6.38259668995063
15760000 -6.3314591569921
15761000 -6.35142821469378
15762000 -6.35994960111632
15763000 -6.33484531741929
15764000 -6.36061050227711
15765000 -6.33915505574515
15766000 -6.3449597276137
15767000 -6.36704920031904
15768000 -6.33016256243867
15769000 -6.37893562226887
15770000 -6.35021756555749
15771000 -6.35582027119793
15772000 -6.3677140401303
15773000 -6.34666512349527
15774000 -6.3558896094591
15775000 -6.36154869183083
15776000 -6.34347768137915
15777000 -6.37230051449882
15778000 -6.354995594623
15779000 -6.36462178706092
15780000 -6.36857615933443
15781000 -6.35307684828337
15782000 -6.36170221396505
15783000 -6.36203870436455
15784000 -6.34409788948119
15785000 -6.38080111907623
15786000 -6.33457498923526
15787000 -6.38167624069783
15788000 -6.35276416216842
15789000 -6.35339119930009
15790000 -6.36868828256806
15791000 -6.35239371383594
15792000 -6.37552051934961
15793000 -6.37127423535223
15794000 -6.35589566466649
15795000 -6.37680179998081
15796000 -6.34733958753637
15797000 -6.3737097307277
15798000 -6.37356295885329
15799000 -6.35803404057679
15800000 -6.37419830402879
15801000 -6.36052426377369
15802000 -6.36434080787485
15803000 -6.37972019738483
15804000 -6.36557396538479
15805000 -6.38044838543799
15806000 -6.36660304438756
15807000 -6.37567448020495
15808000 -6.37931144336343
15809000 -6.37306613227634
15810000 -6.36771356561123
15811000 -6.37077934160381
15812000 -6.36598401462556
15813000 -6.37311271953703
15814000 -6.37223806155649
15815000 -6.37429299169029
15816000 -6.37695685647884
15817000 -6.37763516683408
15818000 -6.37742066780986
15819000 -6.38262906040043
15820000 -6.36286123078933
15821000 -6.38809200486177
15822000 -6.36795704148733
15823000 -6.37222610068291
15824000 -6.38444899303013
15825000 -6.36072635476304
15826000 -6.39046407761518
15827000 -6.36715776729671
15828000 -6.37059776224391
15829000 -6.38822669051099
15830000 -6.36226929593864
15831000 -6.3927754314684
15832000 -6.37310854126178
15833000 -6.38231474710258
15834000 -6.37945671962409
15835000 -6.37791889547355
15836000 -6.38619048423282
15837000 -6.36363002693595
15838000 -6.39074429847645
15839000 -6.37056687936869
15840000 -6.39141883033131
15841000 -6.38315855758019
15842000 -6.37295619655336
15843000 -6.39689048455997
15844000 -6.38241854784692
15845000 -6.39865927015493
15846000 -6.37897612139175
15847000 -6.38374844116857
15848000 -6.39233481327967
15849000 -6.37661773979776
15850000 -6.38509579894843
15851000 -6.38759518966423
15852000 -6.38096319718344
15853000 -6.4011004136872
15854000 -6.38158119162889
15855000 -6.39486109820305
15856000 -6.38990392868743
15857000 -6.38099127908899
15858000 -6.38867308902166
15859000 -6.38766771374022
15860000 -6.39161212679586
15861000 -6.40007098046333
15862000 -6.38342020928641
15863000 -6.39986580528524
15864000 -6.37920800482912
15865000 -6.395824386901
15866000 -6.39095200385166
15867000 -6.39651629702795
15868000 -6.39323599699567
15869000 -6.40767033478797
15870000 -6.39063447091022
15871000 -6.40659612654462
15872000 -6.39393031603925
15873000 -6.40043674859538
15874000 -6.39847893065372
15875000 -6.38302339479924
15876000 -6.41072604867334
15877000 -6.3886644201094
15878000 -6.40997852935994
15879000 -6.39108745551366
15880000 -6.40754932138563
15881000 -6.40460060588585
15882000 -6.39710013121934
15883000 -6.40883145744839
15884000 -6.39757381742307
15885000 -6.39253770791255
15886000 -6.40282705901238
15887000 -6.3971867890801
15888000 -6.41047427279222
15889000 -6.4082329617657
15890000 -6.39004710400418
15891000 -6.42208951946232
15892000 -6.38584803835113
15893000 -6.43073550641333
15894000 -6.39462780352256
15895000 -6.40390235549231
15896000 -6.42026221123215
15897000 -6.38979112178863
15898000 -6.40378393710548
15899000 -6.4158573264182
15900000 -6.38429423395589
15901000 -6.42370233232061
15902000 -6.39709791528175
15903000 -6.41343268694499
15904000 -6.41965578918192
15905000 -6.39970207781372
15906000 -6.42436782670025
15907000 -6.39901113632139
15908000 -6.41695381599224
15909000 -6.40339037292746
15910000 -6.40650943505178
15911000 -6.41938525510961
15912000 -6.40133825312463
15913000 -6.426119571569
15914000 -6.40899697695477
15915000 -6.41425381559218
15916000 -6.42388355994154
15917000 -6.41408492725001
15918000 -6.40899684558783
15919000 -6.42265403399068
15920000 -6.40578822598287
15921000 -6.41323926998979
15922000 -6.42279136819258
15923000 -6.4002845565004
15924000 -6.43858191931083
15925000 -6.40579388467827
15926000 -6.41054371223768
15927000 -6.43341909379192
15928000 -6.39529568928808
15929000 -6.43982700104404
15930000 -6.40748514549713
15931000 -6.41732258530781
15932000 -6.43329694856393
15933000 -6.39707279932752
15934000 -6.43362854339451
15935000 -6.41716234812773
15936000 -6.40738307058302
15937000 -6.42932065985846
15938000 -6.41061041090905
15939000 -6.42872587606136
15940000 -6.4293580972589
15941000 -6.40877882818095
15942000 -6.44482359711729
15943000 -6.40992571219082
15944000 -6.42354243933885
15945000 -6.43027405002921
15946000 -6.42196502945339
15947000 -6.4311978531613
15948000 -6.43500476079574
15949000 -6.41112767413799
15950000 -6.44329403257344
15951000 -6.41025372543577
15952000 -6.43945542873804
15953000 -6.42910195804898
15954000 -6.42021527692695
15955000 -6.43801661111717
15956000 -6.43424790267665
15957000 -6.42978542947756
15958000 -6.4374951739619
15959000 -6.42016602001621
15960000 -6.43215727705698
15961000 -6.43121011469838
15962000 -6.41408604861727
15963000 -6.44202456401242
15964000 -6.40749214533192
15965000 -6.44898642530669
15966000 -6.41826467745567
15967000 -6.4366924586982
15968000 -6.44393889528611
15969000 -6.42014041116298
15970000 -6.45183752831774
15971000 -6.42892508646705
15972000 -6.42890474231746
15973000 -6.44528848695603
15974000 -6.42330973057921
15975000 -6.43947268436617
15976000 -6.43480193474922
15977000 -6.44065725646927
15978000 -6.44081631005206
15979000 -6.44070168210716
15980000 -6.44426073406318
15981000 -6.44491588790121
15982000 -6.4369795568716
15983000 -6.44260071058688
15984000 -6.44082953695102
15985000 -6.43499999798708
15986000 -6.43856822426757
15987000 -6.43990570018149
15988000 -6.43629784973241
15989000 -6.45548120020154
15990000 -6.43875851427925
15991000 -6.44128713420724
15992000 -6.45806169271861
15993000 -6.42976538170716
15994000 -6.4546262260097
15995000 -6.44556720453554
15996000 -6.44705389480268
15997000 -6.44702259470746
15998000 -6.44739041105889
15999000 -6.43740491014767
16000000 -6.45052807323412
16001000 -6.43774087317717
16002000 -6.4489320278629
16003000 -6.45721809520859
16004000 -6.44279852014652
16005000 -6.45717692334611
16006000 -6.44839025031235
16007000 -6.44429212954288
16008000 -6.46071086183947
16009000 -6.4282208328318
16010000 -6.46697108596817
16011000 -6.43747348842805
16012000 -6.44362166189214
16013000 -6.45718177763421
16014000 -6.43439659733378
16015000 -6.46972011696368
16016000 -6.45813466173967
16017000 -6.44535564180344
16018000 -6.47409115796144
16019000 -6.43720487495594
16020000 -6.45979312966738
16021000 -6.46412338954219
16022000 -6.43316619458369
16023000 -6.47714751798375
16024000 -6.43228488328961
16025000 -6.46796618513624
16026000 -6.46531452029656
16027000 -6.4359283931341
16028000 -6.47748242192294
16029000 -6.43650040769466
16030000 -6.4629232575475
16031000 -6.46546353424185
16032000 -6.4408031702317
16033000 -6.48088627126874
16034000 -6.44598279569619
16035000 -6.45049878700591
16036000 -6.47105402995217
16037000 -6.4449039610114
16038000 -6.47121946253193
16039000 -6.45421961797225
16040000 -6.45189459104598
16041000 -6.4818975402819
16042000 -6.44796169776117
16043000 -6.47392722834576
16044000 -6.47318816711091
16045000 -6.45881971246992
16046000 -6.46819811112503
16047000 -6.47194496801427
16048000 -6.45185821250688
16049000 -6.48158998156693
16050000 -6.45227421943789
16051000 -6.47557137927447
16052000 -6.47261707891904
16053000 -6.45323279154131
16054000 -6.49046574942823
16055000 -6.45620009950573
16056000 -6.47723950931729
16057000 -6.47765570834569
16058000 -6.45654496866766
16059000 -6.47592315998015
16060000 -6.46351285096904
16061000 -6.46557330342478
16062000 -6.48477320245851
16063000 -6.45098735809977
16064000 -6.48324820466968
16065000 -6.47364930724489
16066000 -6.46551274993872
16067000 -6.49365240927766
16068000 -6.45879605637712
16069000 -6.47574630045408
16070000 -6.47653153984047
16071000 -6.46339812335631
16072000 -6.49247602632599
16073000 -6.46438981861983
16074000 -6.4803737481932
16075000 -6.4875532697309
16076000 -6.46961600064848
16077000 -6.47735539380791
16078000 -6.48022472652964
16079000 -6.46651360143794
16080000 -6.48999527812187
16081000 -6.46422459341234
16082000 -6.47677002969185
16083000 -6.48580189376653
16084000 -6.46408184149905
16085000 -6.49678691400756
16086000 -6.47128407455794
16087000 -6.48983043224249
16088000 -6.48983602580422
16089000 -6.46912900184727
16090000 -6.48906391451417
16091000 -6.4812321629578
16092000 -6.47826950931355
16093000 -6.49157176728272
16094000 -6.48068494209454
16095000 -6.48381471389615
16096000 -6.49204703568824
16097000 -6.4714340912715
16098000 -6.4984367520417
16099000 -6.48139620639874
16100000 -6.48128854023289
16101000 -6.49033772597133
16102000 -6.48385016986839
16103000 -6.48274138056506
16104000 -6.49670054256607
16105000 -6.46822847057832
16106000 -6.49736660880732
16107000 -6.48222749950146
16108000 -6.48867974130475
16109000 -6.49481615444939
16110000 -6.48337431421089
16111000 -6.5010967218628
16112000 -6.49354527443623
16113000 -6.49147020764372
16114000 -6.49265457103678
16115000 -6.48978331256654
16116000 -6.49074970721654
16117000 -6.49763731661979
16118000 -6.48320964420084
16119000 -6.49687594588775
16120000 -6.49001817645585
16121000 -6.48565962410208
16122000 -6.50613629847628
16123000 -6.48897886254162
16124000 -6.49737213546286
16125000 -6.50234637905621
16126000 -6.48881540156169
16127000 -6.49507372962078
16128000 -6.49232790522823
16129000 -6.48392927872471
16130000 -6.51190170966391
16131000 -6.48121882706064
16132000 -6.49695904370264
16133000 -6.51397198562391
16134000 -6.48085317822403
16135000 -6.52220500036677
16136000 -6.48336690618719
16137000 -6.50804539759127
16138000 -6.49583356365677
16139000 -6.49920694548408
16140000 -6.49426349613737
16141000 -6.49878599171141
16142000 -6.488623408386
16143000 -6.50960886931838
16144000 -6.49406657513971
16145000 -6.51299498183218
16146000 -6.49769903772391
16147000 -6.51117473572958
16148000 -6.49863936477414
16149000 -6.51063496599965
16150000 -6.49516868435708
16151000 -6.50293278139566
16152000 -6.50380307363319
16153000 -6.50552401502704
16154000 -6.51105867808216
16155000 -6.50152459371259
16156000 -6.51391630058263
16157000 -6.51068621022436
16158000 -6.50093435204096
16159000 -6.52460608619274
16160000 -6.49176564574744
16161000 -6.52333121228134
16162000 -6.50830797812889
16163000 -6.50861176772649
16164000 -6.52036866451377
16165000 -6.49889331652546
16166000 -6.51013774568422
16167000 -6.52278360555699
16168000 -6.4945483262678
16169000 -6.53639097166131
16170000 -6.50940699347394
16171000 -6.5174591863588
16172000 -6.52734040189786
16173000 -6.50470209729993
16174000 -6.52901026345837
16175000 -6.51207315192175
16176000 -6.50489283547257
16177000 -6.52854034377174
16178000 -6.50078422009984
16179000 -6.51913928197606
16180000 -6.51729298750213
16181000 -6.51957104698023
16182000 -6.5273835432036
16183000 -6.52294398722721
16184000 -6.51582257352388
16185000 -6.52313804756742
16186000 -6.51984835961513
16187000 -6.51507688451446
16188000 -6.52527797143458
16189000 -6.51112385209216
16190000 -6.51975588886676
16191000 -6.52292992171549
16192000 -6.51769916598896
16193000 -6.53207975954458
16194000 -6.52272476715326
16195000 -6.52594372192008
16196000 -6.52496962989163
16197000 -6.52700959866211
16198000 -6.52630510992091
16199000 -6.53232560772345
16200000 -6.51252981074398
16201000 -6.5383160327107
16202000 -6.51649910849929
16203000 -6.52979525096664
16204000 -6.527562520694
16205000 -6.51278183797325
16206000 -6.53952061984419
16207000 -6.52651090142103
16208000 -6.53188884031481
16209000 -6.53800325428706
16210000 -6.51801246960164
16211000 -6.53456131254707
16212000 -6.53504510627852
16213000 -6.51622950036185
16214000 -6.54603417824895
16215000 -6.52778735587598
16216000 -6.53583295074592
16217000 -6.52700764798268
16218000 -6.54225069658058
16219000 -6.52071968577222
16220000 -6.54942305346764
16221000 -6.51479250519955
16222000 -6.5523205401714
16223000 -6.52758668775005
16224000 -6.53489694903164
16225000 -6.5409039215734
16226000 -6.52642991212164
16227000 -6.53424930672961
16228000 -6.53563854301531
16229000 -6.53655142931089
16230000 -6.53597172533766
16231000 -6.54102653571125
16232000 -6.52446347404306
16233000 -6.56260054562128
16234000 -6.52267967797563
16235000 -6.55758179678803
16236000 -6.53162572453662
16237000 -6.53313813508361
16238000 -6.55076180517478
16239000 -6.51964955447195
16240000 -6.54203821999344
16241000 -6.54198957936469
16242000 -6.53814515136021
16243000 -6.55131248810298
16244000 -6.53478232988504
16245000 -6.54743867973573
16246000 -6.54886403556174
16247000 -6.53165161591461
16248000 -6.5560116842395
16249000 -6.54354754436166
16250000 -6.53273697806835
16251000 -6.56337734770009
16252000 -6.53198428364944
16253000 -6.55811738456461
16254000 -6.54044875888203
16255000 -6.54316750598434
16256000 -6.55813347666837
16257000 -6.54215626619533
16258000 -6.54667906558294
16259000 -6.55187037091668
16260000 -6.54104522910038
16261000 -6.55053007292509
16262000 -6.54786482456422
16263000 -6.54444848227846
16264000 -6.55712374359775
16265000 -6.54234350711599
16266000 -6.55889965814897
16267000 -6.55030195114855
16268000 -6.55662659264237
16269000 -6.54005772583237
16270000 -6.56413287108163
16271000 -6.5447903978572
16272000 -6.55194052998458
16273000 -6.55618115626276
16274000 -6.54637032183005
16275000 -6.56034995913822
16276000 -6.5514933826538
16277000 -6.55292251818205
16278000 -6.55989687995459
16279000 -6.55007499744304
16280000 -6.56356903131233
16281000 -6.55997914177181
16282000 -6.55522800371243
16283000 -6.57504655178405
16284000 -6.55288404396484
16285000 -6.5542407421559
16286000 -6.56324519884173
16287000 -6.54354198181702
16288000 -6.57404588697477
16289000 -6.55109161393345
16290000 -6.5518701216245
16291000 -6.57187331268406
16292000 -6.54725198509831
16293000 -6.56577878573539
16294000 -6.56758135913416
16295000 -6.54409284834418
16296000 -6.57311447471978
16297000 -6.54980982623827
16298000 -6.57091105677394
16299000 -6.57412584607771
16300000 -6.5557989295033
16301000 -6.57364386888766
16302000 -6.56909455328915
16303000 -6.54872762316073
16304000 -6.58996423879605
16305000 -6.54428944189136
16306000 -6.57878830946868
16307000 -6.5626396357094
16308000 -6.557662343102
16309000 -6.57867986532607
16310000 -6.56379885501477
16311000 -6.56511879607219
16312000 -6.58229371687333
16313000 -6.55198450836326
16314000 -6.57950104563614
16315000 -6.57120656278811
16316000 -6.55715387258096
16317000 -6.59219119707552
16318000 -6.55831010203876
16319000 -6.58122414267087
16320000 -6.58437823289554
16321000 -6.56287549112255
16322000 -6.58189503364714
16323000 -6.57753848628552
16324000 -6.55563393002605
16325000 -6.59130848595751
16326000 -6.56106940808126
16327000 -6.57922843300187
16328000 -6.5792154719091
16329000 -6.55767687232565
16330000 -6.59361264959589
16331000 -6.55793578949455
16332000 -6.58678801918312
16333000 -6.58096602207612
16334000 -6.56854997594897
16335000 -6.58454498930969
16336000 -6.58171300125065
16337000 -6.57279558263622
16338000 -6.58488456347731
16339000 -6.58068892478213
16340000 -6.57292730011502
16341000 -6.58827860536136
16342000 -6.56329730497038
16343000 -6.59006291544234
16344000 -6.57648036662723
16345000 -6.57854948785197
16346000 -6.59329234937432
16347000 -6.56777142884508
16348000 -6.58506213860454
16349000 -6.5983442753922
16350000 -6.57039109270878
16351000 -6.59700494597649
16352000 -6.57459466681514
16353000 -6.58347807972262
16354000 -6.6037919039986
16355000 -6.56676865315654
16356000 -6.59739906487641
16357000 -6.58972071251917
16358000 -6.58564591453369
16359000 -6.60353693026371
16360000 -6.58117814339977
16361000 -6.5923460381796
16362000 -6.59857927515556
16363000 -6.57146995865972
16364000 -6.59722905197165
16365000 -6.59027042679304
16366000 -6.58330182652771
16367000 -6.60479865348732
16368000 -6.58374053577456
16369000 -6.59869540895672
16370000 -6.58586085284241
16371000 -6.60367989024312
16372000 -6.58811477001168
16373000 -6.60966566344298
16374000 -6.58027009316872
16375000 -6.60763083642386
16376000 -6.58698716484962
16377000 -6.59498497722094
16378000 -6.59596041632825
16379000 -6.5958784339215
16380000 -6.59522136200482
16381000 -6.59091027247385
16382000 -6.5915122451719
16383000 -6.59825185930916
16384000 -6.59711118518017
16385000 -6.59744296436709
16386000 -6.59780964106764
16387000 -6.60331074756432
16388000 -6.58924170666253
16389000 -6.60578555949723
16390000 -6.59717138964805
16391000 -6.60557613752056
16392000 -6.59455852378806
16393000 -6.60653410389042
16394000 -6.59659444308783
16395000 -6.60292896064074
16396000 -6.60197338849774
16397000 -6.60842218840176
16398000 -6.59112461326786
16399000 -6.60924975826068
16400000 -6.59822413685563
16401000 -6.60441787259293
16402000 -6.60679811176932
16403000 -6.59024838692251
16404000 -6.6182848363516
16405000 -6.60282690410421
16406000 -6.61069794637455
16407000 -6.60785819207545
16408000 -6.60979689847581
16409000 -6.60702470034648
16410000 -6.60755851418072
16411000 -6.59963104474571
16412000 -6.60847923215033
16413000 -6.61241847172705
16414000 -6.60188604946617
16415000 -6.6190756950307
16416000 -6.60214469786738
16417000 -6.61338992813562
16418000 -6.62022822536283
16419000 -6.60123096930756
16420000 -6.62253798280215
16421000 -6.60848663981979
16422000 -6.60573777805546
16423000 -6.62675294836744
16424000 -6.60309145827536
16425000 -6.61742339754101
16426000 -6.62635635407209
16427000 -6.59804629509845
16428000 -6.63995505922719
16429000 -6.60534915675642
16430000 -6.62417620860567
16431000 -6.63061158535618
16432000 -6.59573647962499
16433000 -6.64843688028144
16434000 -6.59073378920456
16435000 -6.62509154394718
16436000 -6.61657956679582
16437000 -6.60762007225584
16438000 -6.63144541298217
16439000 -6.60974840332158
16440000 -6.62917610024399
16441000 -6.6332325270032
16442000 -6.61901149214011
16443000 -6.62039338652202
16444000 -6.62544415343795
16445000 -6.61051807410117
16446000 -6.63454578311002
16447000 -6.61457310833995
16448000 -6.61812401024811
16449000 -6.62641125409056
16450000 -6.61039249587921
16451000 -6.63879361308905
16452000 -6.61307315384565
16453000 -6.63542262332656
16454000 -6.63442268103471
16455000 -6.61848014138883
16456000 -6.62648152531828
16457000 -6.62733970759215
16458000 -6.61112486299194
16459000 -6.64256336453287
16460000 -6.61068178415336
16461000 -6.63189114231978
16462000 -6.62746093106692
16463000 -6.61830931884192
16464000 -6.63749138074443
16465000 -6.63070291452146
16466000 -6.62877437386019
16467000 -6.62791025155883
16468000 -6.63908419061365
16469000 -6.62145841311106
16470000 -6.63936395569564
16471000 -6.62972936250657
16472000 -6.63523051948658
16473000 -6.63274723996737
16474000 -6.63455453800762
16475000 -6.62225297855195
16476000 -6.64526905104613
16477000 -6.61930470490934
16478000 -6.64470831739049
16479000 -6.6335423621706
16480000 -6.63951142762475
16481000 -6.63485970350116
16482000 -6.63981907780152
16483000 -6.62989911519352
16484000 -6.64905720421485
16485000 -6.62499184655604
16486000 -6.63902719554187
16487000 -6.65140224125463
16488000 -6.62943643865731
16489000 -6.65468363219382
16490000 -6.6245515528294
16491000 -6.64701342517956
16492000 -6.63902203943531
16493000 -6.6355098961866
16494000 -6.65474581261481
16495000 -6.63727506834968
16496000 -6.63763874084066
16497000 -6.6544141298561
16498000 -6.63846753857853
16499000 -6.64954268519429
16500000 -6.65290388969402
16501000 -6.64024322118979
16502000 -6.65700599122136
16503000 -6.65181936484887
16504000 -6.63852623850053
16505000 -6.6655030077939
16506000 -6.62499622423986
16507000 -6.66696040949711
16508000 -6.6427892933186
16509000 -6.65005485650978
16510000 -6.65931941418813
16511000 -6.6423003977433
16512000 -6.65745970740625
16513000 -6.6458853007857
16514000 -6.64634673835555
16515000 -6.64859066368196
16516000 -6.64822816928859
16517000 -6.64878995436039
16518000 -6.65098701274788
16519000 -6.65206768933337
16520000 -6.64631306511397
16521000 -6.66469944123484
16522000 -6.64073690289592
16523000 -6.65394750862534
16524000 -6.65949617756598
16525000 -6.65872611383067
16526000 -6.64899451372523
16527000 -6.65953840227733
16528000 -6.64251683659039
16529000 -6.67754361251666
16530000 -6.642544465175
16531000 -6.6651802311472
16532000 -6.66416786232156
16533000 -6.64823564830316
16534000 -6.67093212524134
16535000 -6.64903717867836
16536000 -6.65484610465458
16537000 -6.66202615971708
16538000 -6.651503331967
16539000 -6.67026933044805
16540000 -6.65365232963878
16541000 -6.66014607280128
16542000 -6.66930816269182
16543000 -6.64370763299545
16544000 -6.66349932834827
16545000 -6.65738629939696
16546000 -6.65854225034412
16547000 -6.6699220255534
16548000 -6.66104687727438
16549000 -6.66025823699402
16550000 -6.67107000595981
16551000 -6.65071316238243
16552000 -6.67634864027089
16553000 -6.65620754570843
16554000 -6.67368025245253
16555000 -6.66049174066632
16556000 -6.66629278991881
16557000 -6.65671728518524
16558000 -6.67894335291438
16559000 -6.64810335035444
16560000 -6.67566658367404
16561000 -6.67499916425631
16562000 -6.65627291627711
16563000 -6.67257957788241
16564000 -6.66883602522698
16565000 -6.65556194972868
16566000 -6.67657034079751
16567000 -6.66151230066901
16568000 -6.66468860051446
16569000 -6.68136946692819
16570000 -6.65584761657848
16571000 -6.68726524958984
16572000 -6.66913235380836
16573000 -6.66091364678422
16574000 -6.6927420156711
16575000 -6.65296918659956
16576000 -6.68086635345685
16577000 -6.67471149997647
16578000 -6.65527068558887
16579000 -6.68642007784539
16580000 -6.66742671600572
16581000 -6.6725664026428
16582000 -6.69085423651265
16583000 -6.6589850631031
16584000 -6.68613071185161
16585000 -6.67838767856863
16586000 -6.66506916850194
16587000 -6.69837726218483
16588000 -6.65570955723271
16589000 -6.68802515124052
16590000 -6.6710361954247
16591000 -6.6754491266242
16592000 -6.68119816210491
16593000 -6.68196238583949
16594000 -6.66198709392775
16595000 -6.68927338412684
16596000 -6.67305721017792
16597000 -6.66355111034216
16598000 -6.70203900766769
16599000 -6.66056851145375
16600000 -6.69385363128034
16601000 -6.6799448565904
16602000 -6.66933829414995
16603000 -6.68840824292459
16604000 -6.67922216946347
16605000 -6.68680369787144
16606000 -6.68746075111387
16607000 -6.67856600708876
16608000 -6.69623974598744
16609000 -6.68269284337851
16610000 -6.69037714998901
16611000 -6.6968055551002
16612000 -6.68980377583165
16613000 -6.69262982601715
16614000 -6.68141887627785
16615000 -6.68893896304738
16616000 -6.6898549257649
16617000 -6.68704914840508
16618000 -6.69774085941312
16619000 -6.69142260400025
16620000 -6.69200449232879
16621000 -6.68872213819778
16622000 -6.69682344736714
16623000 -6.68876590150232
16624000 -6.69610725950314
16625000 -6.69629437726592
16626000 -6.6912128326898
16627000 -6.69371587877211
16628000 -6.69789470020334
16629000 -6.6864907959898
16630000 -6.70548647567643
16631000 -6.69037681248378
16632000 -6.69303178624488
16633000 -6.70446090267288
16634000 -6.68646213989623
16635000 -6.69527703544817
16636000 -6.70480940269333
16637000 -6.68579719715906
16638000 -6.71432582722636
16639000 -6.69350481517546
16640000 -6.69501636361243
16641000 -6.71405178752342
16642000 -6.68847715474293
16643000 -6.70910471082182
16644000 -6.70292832349745
16645000 -6.68333811610394
16646000 -6.71250912147602
16647000 -6.69514532928209
16648000 -6.70629095227523
16649000 -6.70182707998423
16650000 -6.69416042501057
16651000 -6.71236436031256
16652000 -6.69615742315185
16653000 -6.70929775803313
16654000 -6.7060428691742
16655000 -6.69946281470133
16656000 -6.70913656654286
16657000 -6.7114766968888
16658000 -6.69541378760292
16659000 -6.71434786308482
16660000 -6.70205036733163
16661000 -6.70366490426947
16662000 -6.71075101631802
16663000 -6.69756619561023
16664000 -6.71273957754609
16665000 -6.7153860112559
16666000 -6.70185708893073
16667000 -6.72052524166274
16668000 -6.70973714913417
16669000 -6.70151885909105
16670000 -6.73070836513102
16671000 -6.68861873794304
16672000 -6.72973444755187
16673000 -6.70576958342733
16674000 -6.70692220057104
16675000 -6.72776445120205
16676000 -6.70067398902101
16677000 -6.7273096730433
16678000 -6.70877106666704
16679000 -6.71480200083785
16680000 -6.71124953641887
16681000 -6.70631301426216
16682000 -6.71730821593441
16683000 -6.71525463764029
16684000 -6.71462884021682
16685000 -6.7151344348377
16686000 -6.71795307777995
16687000 -6.71446237343369
16688000 -6.71977933163507
16689000 -6.71183913995023
16690000 -6.71329404746607
16691000 -6.71669978293994
16692000 -6.71093655906796
16693000 -6.71664107810852
16694000 -6.7248962244986
16695000 -6.71825662782006
16696000 -6.72124570514971
16697000 -6.71948031880229
16698000 -6.72535747291642
16699000 -6.71589171152161
16700000 -6.72470573113929
16701000 -6.72749075916024
16702000 -6.71476831825622
16703000 -6.72531014956394
16704000 -6.72555551813875
16705000 -6.71683344503204
16706000 -6.73167567604534
16707000 -6.72649110639265
16708000 -6.72949562535821
16709000 -6.73008226781729
16710000 -6.73174792584269
16711000 -6.72339445941004
16712000 -6.7265061538844
16713000 -6.72443475397574
16714000 -6.719449380779
16715000 -6.74173327637227
16716000 -6.71104843540825
16717000 -6.728398940658
16718000 -6.73997390365152
16719000 -6.71692425712756
16720000 -6.74644974096536
16721000 -6.72953832921598
16722000 -6.72443869906106
16723000 -6.74700446256128
16724000 -6.71906696341395
16725000 -6.73775514780886
16726000 -6.73721419633957
16727000 -6.7197240651783
16728000 -6.73661926883735
16729000 -6.73000427618815
16730000 -6.73487169708007
16731000 -6.74852700249036
16732000 -6.72398916328303
16733000 -6.74524547533286
16734000 -6.72792624554184
16735000 -6.73147080870828
16736000 -6.74111838069057
16737000 -6.72600184616898
16738000 -6.74183489094854
16739000 -6.73658738067056
16740000 -6.74281356184846
16741000 -6.73811865387073
16742000 -6.73813999643017
16743000 -6.7464230468981
16744000 -6.72857567694906
16745000 -6.74832243131876
16746000 -6.72840094428341
16747000 -6.74477670535386
16748000 -6.73598995188289
16749000 -6.73668877459266
16750000 -6.75016021173662
16751000 -6.7330974789846
16752000 -6.75115198285534
16753000 -6.73773452774036
16754000 -6.73916116802809
16755000 -6.74503461439138
16756000 -6.74156067361486
16757000 -6.74083510090376
16758000 -6.74482742363386
16759000 -6.73498211957399
16760000 -6.74820848524395
16761000 -6.73922274237368
16762000 -6.74962765344849
16763000 -6.75322095505045
16764000 -6.74617716185008
16765000 -6.74169614489097
16766000 -6.7542719769339
16767000 -6.74657197446227
16768000 -6.75033823182241
16769000 -6.7459163736007
16770000 -6.74183475350254
16771000 -6.75337854940469
16772000 -6.74509727976243
16773000 -6.75216096983015
16774000 -6.75945616410205
16775000 -6.74236283199172
16776000 -6.76009943867784
16777000 -6.74175031867033
16778000 -6.7443377151699
16779000 -6.75342975430405
16780000 -6.74440275909933
16781000 -6.75175802175057
16782000 -6.7683518059056
16783000 -6.74153854163454
16784000 -6.76095714486047
16785000 -6.75954919355864
16786000 -6.73349366463448
16787000 -6.77994257844808
16788000 -6.7277311249964
16789000 -6.76283607018952
16790000 -6.75205090755729
16791000 -6.7510658181409
16792000 -6.76895054108225
16793000 -6.7392426275534
16794000 -6.75824220755779
16795000 -6.75559099164265
16796000 -6.75877054028304
16797000 -6.75020381286513
16798000 -6.75794549494854
16799000 -6.75642322894572
16800000 -6.75570576170037
16801000 -6.77816213554891
16802000 -6.73813684501232
16803000 -6.77574709428916
16804000 -6.74389133806874
16805000 -6.77382767543664
16806000 -6.77116421958842
16807000 -6.75139965999287
16808000 -6.7749357229951
16809000 -6.75165761424433
16810000 -6.76277914993179
16811000 -6.76671935960656
16812000 -6.75006036786246
16813000 -6.7677012722947
16814000 -6.76634591909076
16815000 -6.76180520566572
16816000 -6.76455553510732
16817000 -6.77034395245292
16818000 -6.75430738620616
16819000 -6.77775646882698
16820000 -6.76513088245238
16821000 -6.76615251259855
16822000 -6.77192489316823
16823000 -6.76312700641253
16824000 -6.77403001203396
16825000 -6.77075291098103
16826000 -6.76341981909709
16827000 -6.77329065069538
16828000 -6.77905270497968
16829000 -6.76472653862405
16830000 -6.77568907152365
16831000 -6.77413435927228
16832000 -6.75600448408461
16833000 -6.7798016764163
16834000 -6.77088469465889
16835000 -6.76623035115
16836000 -6.78254419974105
16837000 -6.76841074444188
16838000 -6.77397958691793
16839000 -6.78508778557128
16840000 -6.75559653203009
16841000 -6.79028505457584
16842000 -6.76435170683759
16843000 -6.77939193518483
16844000 -6.78421698850593
16845000 -6.75995813203324
16846000 -6.80255373853517
16847000 -6.76575577894711
16848000 -6.77650562634033
16849000 -6.79238811975908
16850000 -6.76599991076581
16851000 -6.78592772711849
16852000 -6.78258297911801
16853000 -6.77126825683705
16854000 -6.78841529924154
16855000 -6.77685543324602
16856000 -6.78204400004233
16857000 -6.78976563256178
16858000 -6.76924095637003
16859000 -6.78664213944246
16860000 -6.78814378233996
16861000 -6.76929760183413
16862000 -6.79886994400857
16863000 -6.78581983243698
16864000 -6.77596211273998
16865000 -6.78871049959999
16866000 -6.77573854974066
16867000 -6.78260260903556
16868000 -6.78983415401338
16869000 -6.77756390230885
16870000 -6.79242245807451
16871000 -6.78819648831407
16872000 -6.78355037458165
16873000 -6.79543185363372
16874000 -6.78542859250396
16875000 -6.80214877726929
16876000 -6.77503786940322
16877000 -6.80038811967515
16878000 -6.78746038706747
16879000 -6.7989383790122
16880000 -6.78562652672333
16881000 -6.80161454185427
16882000 -6.79799724634945
16883000 -6.78221793131455
16884000 -6.80428702751789
16885000 -6.78020239963782
16886000 -6.79261616971286
16887000 -6.79338305869059
16888000 -6.79081037230046
16889000 -6.79659350751839
16890000 -6.78436232454114
16891000 -6.79521728982329
16892000 -6.80622431666482
16893000 -6.7924595690172
16894000 -6.7958157704504
16895000 -6.8043065937767
16896000 -6.79713322182645
16897000 -6.78794838276307
16898000 -6.8052947247872
16899000 -6.79582812670975
16900000 -6.80438194757886
16901000 -6.79258118183614
16902000 -6.80216217671741
16903000 -6.8007137135454
16904000 -6.79088318411701
16905000 -6.81060169972804
16906000 -6.80248652025611
16907000 -6.79035703520015
16908000 -6.81937313168248
16909000 -6.78100383014359
16910000 -6.80400196744238
16911000 -6.80929009670399
16912000 -6.79161094991913
16913000 -6.81310300806684
16914000 -6.7998092617381
16915000 -6.79608684061677
16916000 -6.81904495346454
16917000 -6.79701850213967
16918000 -6.80405831911044
16919000 -6.80506593823562
16920000 -6.80701850087885
16921000 -6.80298443159333
16922000 -6.81596559750747
16923000 -6.79665373676807
16924000 -6.81325771824392
16925000 -6.80934139809735
16926000 -6.7951282783329
16927000 -6.82277914688679
16928000 -6.80307543051499
16929000 -6.80592049903559
16930000 -6.82472701595661
16931000 -6.79401986379226
16932000 -6.82399555898506
16933000 -6.81595383296597
16934000 -6.79912637122696
16935000 -6.83193993356427
16936000 -6.8061588978713
16937000 -6.8224396225838
16938000 -6.81852432776066
16939000 -6.81099036081037
16940000 -6.81408553614114
16941000 -6.81923395191908
16942000 -6.80223090030164
16943000 -6.82701390064258
16944000 -6.81043978765919
16945000 -6.80817649847871
16946000 -6.82740836589418
16947000 -6.81484894967261
16948000 -6.81759105613779
16949000 -6.84094084283831
16950000 -6.80655054169569
16951000 -6.82570316034425
16952000 -6.82145128446618
16953000 -6.80728725564318
16954000 -6.83063470442143
16955000 -6.81595092212985
16956000 -6.81914918495546
16957000 -6.83076190569868
16958000 -6.81504572349024
16959000 -6.83063374398763
16960000 -6.82590844030513
16961000 -6.81320464781301
16962000 -6.82538115436264
16963000 -6.82120231614029
16964000 -6.81694700391011
16965000 -6.83410509194671
16966000 -6.81998112997858
16967000 -6.83400786867387
16968000 -6.83040305225247
16969000 -6.82123185525054
16970000 -6.83122363458199
16971000 -6.83162309293113
16972000 -6.81852007736898
16973000 -6.84489744072149
16974000 -6.81311069123752
16975000 -6.8334613326394
16976000 -6.84830537541766
16977000 -6.80668158564942
16978000 -6.86235951431455
16979000 -6.81999693686974
16980000 -6.82456806752546
16981000 -6.85716544305095
16982000 -6.81129649138259
16983000 -6.84417119580322
16984000 -6.83225163144166
16985000 -6.81235585956827
16986000 -6.85321357176962
16987000 -6.82610014400064
16988000 -6.83707248575886
16989000 -6.83773124303426
16990000 -6.83376343196012
16991000 -6.84224343825522
16992000 -6.83522043807537
16993000 -6.82719341442685
16994000 -6.83750347989402
16995000 -6.83496044171768
16996000 -6.83652871081882
16997000 -6.84330845300917
16998000 -6.83734689803742
16999000 -6.83103960128244
17000000 -6.85503801649084
17001000 -6.83663928702418
17002000 -6.83924898305351
17003000 -6.85622761917583
17004000 -6.82276777565343
17005000 -6.85841186310901
17006000 -6.83669628259819
17007000 -6.83964036406139
17008000 -6.85967071131706
17009000 -6.83336427380207
17010000 -6.8484653486586
17011000 -6.85534884729943
17012000 -6.83599339133365
17013000 -6.8509770678063
17014000 -6.85119830122282
17015000 -6.83731881818498
17016000 -6.8627238841846
17017000 -6.83588290169994
17018000 -6.85073413774781
17019000 -6.85520142653552
17020000 -6.828140256237
17021000 -6.85735954548883
17022000 -6.85212404275015
17023000 -6.84586652710831
17024000 -6.86498764104362
17025000 -6.84510760800413
17026000 -6.8624375030946
17027000 -6.85650609964226
17028000 -6.83910717181922
17029000 -6.86220092104268
17030000 -6.84618092601207
17031000 -6.84418772807376
17032000 -6.86088338084245
17033000 -6.83911130919619
17034000 -6.86143658076743
17035000 -6.85524512864222
17036000 -6.8521701651339
17037000 -6.86767759892475
17038000 -6.85193349954708
17039000 -6.85854867938204
17040000 -6.85894493050282
17041000 -6.85558742424547
17042000 -6.85826564092993
17043000 -6.85604192312465
17044000 -6.85743317159467
17045000 -6.8557305317388
17046000 -6.85608909976592
17047000 -6.85817326527804
17048000 -6.85610369630466
17049000 -6.85945571016998
17050000 -6.8522287629031
17051000 -6.87115868568477
17052000 -6.86209226999727
17053000 -6.85363816325259
17054000 -6.88945189887408
17055000 -6.84126045271949
17056000 -6.87828242646517
17057000 -6.8655147892569
17058000 -6.84633535958868
17059000 -6.87889771893761
17060000 -6.8451883144887
17061000 -6.86821844349972
17062000 -6.87400832117438
17063000 -6.8476487501223
17064000 -6.87348631858697
17065000 -6.86620956595269
17066000 -6.85227445437587
17067000 -6.8792066137402
17068000 -6.85986353037917
17069000 -6.87246130938157
17070000 -6.87013463730367
17071000 -6.86119992040775
17072000 -6.87291840547062
17073000 -6.87294493844587
17074000 -6.85832793191142
17075000 -6.8809315583141
17076000 -6.86351999065616
17077000 -6.86682163200765
17078000 -6.87599522464643
17079000 -6.86924900832288
17080000 -6.86414724539684
17081000 -6.88706626418355
17082000 -6.8484476076861
17083000 -6.89211326672921
17084000 -6.8717062162831
17085000 -6.85791581773653
17086000 -6.8913109237933
17087000 -6.8602507705247
17088000 -6.86774664756631
17089000 -6.88779097463943
17090000 -6.85500651424611
17091000 -6.88856594613374
17092000 -6.87692573053848
17093000 -6.86160452881355
17094000 -6.89840213569526
17095000 -6.86153878710543
17096000 -6.87020067019866
17097000 -6.89628039861952
17098000 -6.86011771367672
17099000 -6.88330505373518
17100000 -6.88138927507791
17101000 -6.87128357524269
17102000 -6.88566010340981
17103000 -6.86730399493438
17104000 -6.88618704670082
17105000 -6.88226831730315
17106000 -6.86825469065273
17107000 -6.89284762183901
17108000 -6.88396026552641
17109000 -6.87756349913032
17110000 -6.89026064470699
17111000 -6.88218745655869
17112000 -6.88202513747214
17113000 -6.8867938564264
17114000 -6.87847505908783
17115000 -6.88977048586181
17116000 -6.89004136075635
17117000 -6.87213319160606
17118000 -6.88745587220499
17119000 -6.88205594386791
17120000 -6.87725365750428
17121000 -6.89438640914447
17122000 -6.89072684039775
17123000 -6.87835703155478
17124000 -6.89974457639825
17125000 -6.88307197742629
17126000 -6.89780785069159
17127000 -6.89267977658497
17128000 -6.88111405142764
17129000 -6.90188175041781
17130000 -6.903731846989
17131000 -6.8726419221503
17132000 -6.90978296706509
17133000 -6.87597204697565
17134000 -6.88999504844477
17135000 -6.90171842849459
17136000 -6.87351564940758
17137000 -6.90389205138198
17138000 -6.88942603426117
17139000 -6.87918275623028
17140000 -6.90673594395571
17141000 -6.89365048077741
17142000 -6.88188410852872
17143000 -6.91347659336728
17144000 -6.879443204918
17145000 -6.89645785752512
17146000 -6.90277197412444
17147000 -6.87811643281839
17148000 -6.92553662931743
17149000 -6.88655973860332
17150000 -6.8907952791653
17151000 -6.92258079364085
17152000 -6.86921965573459
17153000 -6.91037357020359
17154000 -6.89938611631114
17155000 -6.88771555968681
17156000 -6.91507275587024
17157000 -6.89799511950021
17158000 -6.90380134208906
17159000 -6.91011338542221
17160000 -6.89453249184761
17161000 -6.90224887507989
17162000 -6.91015805399184
17163000 -6.88712264526506
17164000 -6.90568045653284
17165000 -6.91293395815241
17166000 -6.89066512455921
17167000 -6.90830329530236
17168000 -6.90817394458459
17169000 -6.89768113045428
17170000 -6.90919239558029
17171000 -6.90597349175545
17172000 -6.90930634536994
17173000 -6.91308912100385
17174000 -6.89561974794001
17175000 -6.91704421249967
17176000 -6.90875082508901
17177000 -6.91331901221069
17178000 -6.91179059302819
17179000 -6.90522646199555
17180000 -6.91591132901783
17181000 -6.90838131418925
17182000 -6.91847952781216
17183000 -6.91395365641496
17184000 -6.92265128340418
17185000 -6.9044055908519
17186000 -6.92496354371789
17187000 -6.91030472528028
17188000 -6.90636641477388
17189000 -6.92518028303031
17190000 -6.9008991132368
17191000 -6.92252646653289
17192000 -6.91380090751806
17193000 -6.90606563505943
17194000 -6.92156678268816
17195000 -6.91124934274219
17196000 -6.90517426827814
17197000 -6.93216134396687
17198000 -6.90772685491535
17199000 -6.91059526214611
17200000 -6.93082929550036
17201000 -6.89547293148075
17202000 -6.9302256973651
17203000 -6.92165452600159
17204000 -6.91104901955924
17205000 -6.94037343812257
17206000 -6.91484251480331
17207000 -6.92130127613988
17208000 -6.92546378515275
17209000 -6.91499230531977
17210000 -6.91604920868237
17211000 -6.93288461710609
17212000 -6.91403739055974
17213000 -6.93548713642047
17214000 -6.91803059568496
17215000 -6.92868633618783
17216000 -6.93121013106397
17217000 -6.90873942601464
17218000 -6.93862584720648
17219000 -6.92278100483191
17220000 -6.9258950625624
17221000 -6.94389275755177
17222000 -6.92560130622936
17223000 -6.93051058286864
17224000 -6.92502442747497
17225000 -6.92168418973316
17226000 -6.93084567732793
17227000 -6.93151643386535
17228000 -6.91545373426392
17229000 -6.93643658770657
17230000 -6.92860088290238
17231000 -6.92801015876859
17232000 -6.93380557256323
17233000 -6.928598249297
17234000 -6.93458761687074
17235000 -6.92195619249798
17236000 -6.93841934772614
17237000 -6.92045310497383
17238000 -6.9427034497237
17239000 -6.93350143169707
17240000 -6.93012391685579
17241000 -6.95367023088461
17242000 -6.91625693109066
17243000 -6.94822666680002
17244000 -6.94779665034554
17245000 -6.91831122779582
17246000 -6.95055002295063
17247000 -6.92815382751573
17248000 -6.94254096693152
17249000 -6.9481995247281
17250000 -6.92139010577959
17251000 -6.95927972055342
17252000 -6.93644891509105
17253000 -6.92788428060515
17254000 -6.95112157528457
17255000 -6.92555543051933
17256000 -6.94171022103671
17257000 -6.94662730768376
17258000 -6.92927311041216
17259000 -6.9622150466552
17260000 -6.93867178205657
17261000 -6.93482319191957
17262000 -6.95808464230031
17263000 -6.93293334275161
17264000 -6.94342006734403
17265000 -6.9500328045921
17266000 -6.93349719892419
17267000 -6.95593817753141
17268000 -6.94346793790774
17269000 -6.94705707443159
17270000 -6.96566520694093
17271000 -6.92747550811446
17272000 -6.96017175127264
17273000 -6.94325956500544
17274000 -6.93933396795468
17275000 -6.95572624458614
17276000 -6.93761909239032
17277000 -6.95831761639456
17278000 -6.94728518358857
17279000 -6.94721852769961
17280000 -6.94885835145634
17281000 -6.94826280397158
17282000 -6.96005438743986
17283000 -6.94758548562095
17284000 -6.94719891723111
17285000 -6.94984592798547
17286000 -6.94952107461673
17287000 -6.95526117552458
17288000 -6.94075770088823
17289000 -6.96328388839699
17290000 -6.9422740579811
17291000 -6.95141188131139
17292000 -6.95111689826707
17293000 -6.94920352014187
17294000 -6.96650533353069
17295000 -6.96309868556803
17296000 -6.9530452520253
17297000 -6.9684240179658
17298000 -6.95477343992319
17299000 -6.9488650437806
17300000 -6.97568057158485
17301000 -6.94456914733867
17302000 -6.95180131736517
17303000 -6.97501594815292
17304000 -6.94535108842876
17305000 -6.97486328006926
17306000 -6.9555279361408
17307000 -6.96140444704052
17308000 -6.97712102448948
17309000 -6.95079022486658
17310000 -6.96705513391118
17311000 -6.96623578505453
17312000 -6.95517948168968
17313000 -6.96124781195246
17314000 -6.96681849201191
17315000 -6.95558545514664
17316000 -6.96522310497457
17317000 -6.96008116251958
17318000 -6.96385934294271
17319000 -6.9643865843334
17320000 -6.96222871964016
17321000 -6.97323070576583
17322000 -6.9662011699605
17323000 -6.96499435314847
17324000 -6.9720336814429
17325000 -6.97487972666816
17326000 -6.9665904785809
17327000 -6.96526888921941
17328000 -6.97236456603645
17329000 -6.96110325156926
17330000 -6.97316735451204
17331000 -6.96856016809406
17332000 -6.96426864391208
17333000 -6.97589583220333
17334000 -6.9746606871319
17335000 -6.96851392715019
17336000 -6.97955437010593
17337000 -6.96851750680116
17338000 -6.96326572308418
17339000 -6.98411518927365
17340000 -6.95876510456389
17341000 -6.97655221947511
17342000 -6.97595014083935
17343000 -6.96674554172268
17344000 -6.98559168350868
17345000 -6.96086194768148
17346000 -6.9769488576401
17347000 -6.98280384597033
17348000 -6.95428772473378
17349000 -6.99949296913866
17350000 -6.96874556441391
17351000 -6.96429929065313
17352000 -6.99404484392384
17353000 -6.95770211356474
17354000 -6.98785797619095
17355000 -6.98802976656097
17356000 -6.95610988850332
17357000 -6.99878428330552
17358000 -6.96657719628561
17359000 -6.9640848613747
17360000 -6.98758335985177
17361000 -6.97166554780467
17362000 -6.98014246988633
17363000 -6.99618633912071
17364000 -6.97551467636927
17365000 -6.98898569484486
17366000 -6.9821686239161
17367000 -6.97356112668263
17368000 -6.99366519658682
17369000 -6.97367446849977
17370000 -6.98999132845811
17371000 -6.99523911386072
17372000 -6.96511160899957
17373000 -6.98907190070676
17374000 -6.97971927750587
17375000 -6.98092188909592
17376000 -6.99015002584305
17377000 -6.98092055529443
17378000 -6.98868629811215
17379000 -6.99095690185723
17380000 -6.98209934021788
17381000 -6.99035537153427
17382000 -6.99251492225044
17383000 -6.9764078912073
17384000 -6.98175505577919
17385000 -7.00006390515234
17386000 -6.98364932789127
17387000 -6.98744402419478
17388000 -7.01224284800176
17389000 -6.97597048262275
17390000 -7.01133927939426
17391000 -6.97785470510313
17392000 -6.9869442637783
17393000 -7.00228744510456
17394000 -6.98728643325315
17395000 -6.99117608405022
17396000 -7.01100487181931
17397000 -6.97663311574776
17398000 -7.01142596649008
17399000 -7.00069220798071
17400000 -6.9840745062365
17401000 -7.0160943020094
17402000 -6.9900786505199
17403000 -6.99757701836411
17404000 -7.00649792991096
17405000 -6.97684436097333
17406000 -7.02419458564744
17407000 -6.99297459397499
17408000 -6.99039261705214
17409000 -7.02963646970026
17410000 -6.97745506063231
17411000 -7.00373049831166
17412000 -7.00891910190616
17413000 -6.9753160822449
17414000 -7.01991999299698
17415000 -6.99911811544762
17416000 -6.99215254011751
17417000 -7.02469311115505
17418000 -6.9953562434145
17419000 -7.00274059255085
17420000 -7.01365829862905
17421000 -6.99655312428685
17422000 -6.99865016277166
17423000 -7.01464548843797
17424000 -6.99438466801019
17425000 -6.9996072797342
17426000 -7.01583542562545
17427000 -6.99540060927359
17428000 -7.02453555657518
17429000 -7.00266390323202
17430000 -6.99935868503832
17431000 -7.02229753453178
17432000 -6.99321827780368
17433000 -7.015078462828
17434000 -7.01022849013509
17435000 -6.99499788161657
17436000 -7.02087298259705
17437000 -7.01430822545234
17438000 -7.00045441084138
17439000 -7.02029651658292
17440000 -7.00245976145273
17441000 -7.00588860993431
17442000 -7.02447495049651
17443000 -7.00421388505997
17444000 -7.02674488819297
17445000 -7.01733588467349
17446000 -6.99687076309942
17447000 -7.01903802197686
17448000 -7.01758971246103
17449000 -7.01100210369281
17450000 -7.02334872223327
17451000 -7.01299918586186
17452000 -7.0206974079664
17453000 -7.01966195881149
17454000 -7.00730059022441
17455000 -7.02940296217712
17456000 -7.01843590658296
17457000 -7.01033568264491
17458000 -7.02714031672871
17459000 -7.01016988340704
17460000 -7.02053351373117
17461000 -7.02931868800475
17462000 -7.01193366205324
17463000 -7.03366516471216
17464000 -7.0246165855538
17465000 -7.00608884944876
17466000 -7.03702294637904
17467000 -7.02027270852099
17468000 -7.01402243636559
17469000 -7.04050555447288
17470000 -7.00693955582125
17471000 -7.02986218915081
17472000 -7.02771052275843
17473000 -7.01787479388251
17474000 -7.02938686352104
17475000 -7.03303133832744
17476000 -7.02215256930059
17477000 -7.02791269425353
17478000 -7.03800467712959
17479000 -7.0201180323335
17480000 -7.02861452854053
17481000 -7.03651325883971
17482000 -7.01769337703643
17483000 -7.03970712011343
17484000 -7.01923844101825
17485000 -7.03090652388886
17486000 -7.02809209142397
17487000 -7.01281976302398
17488000 -7.03522724505075
17489000 -7.03905338844529
17490000 -7.02566335691545
17491000 -7.05013345538377
17492000 -7.02781796710141
17493000 -7.03848113493435
17494000 -7.03826863657773
17495000 -7.00529195612515
17496000 -7.04568795923453
17497000 -7.0334389269665
17498000 -7.01775900982286
17499000 -7.04986432722795
17500000 -7.02137181980355
17501000 -7.04108828610278
17502000 -7.03703998292344
17503000 -7.02921213565653
17504000 -7.04542094568512
17505000 -7.04377826265126
17506000 -7.03260265137606
17507000 -7.0364679812787
17508000 -7.03871374651983
17509000 -7.02732441878706
17510000 -7.03859680070906
17511000 -7.03899274801267
17512000 -7.03439014558548
17513000 -7.04464764409872
17514000 -7.03119473667688
17515000 -7.03617212352925
17516000 -7.04660094763325
17517000 -7.0326397396953
17518000 -7.04631195960838
17519000 -7.03626299801869
17520000 -7.04111866118786
17521000 -7.05062212969046
17522000 -7.03118834515755
17523000 -7.05566944706716
17524000 -7.0518611890352
17525000 -7.02532019354697
17526000 -7.06157657163479
17527000 -7.03705813418739
17528000 -7.03780838057363
17529000 -7.05956111178402
17530000 -7.03636697432603
17531000 -7.05246321949289
17532000 -7.05239003099694
17533000 -7.03781003980437
17534000 -7.04895647546505
17535000 -7.04529150809871
17536000 -7.0358013478151
17537000 -7.05795152448283
17538000 -7.04194787931039
17539000 -7.04954548377995
17540000 -7.05703405484918
17541000 -7.04750520992505
17542000 -7.050180596445
17543000 -7.05913708023435
17544000 -7.05057874618085
17545000 -7.04762935556441
17546000 -7.05435801483991
17547000 -7.04793662844886
17548000 -7.05312344331928
17549000 -7.0503278133157
17550000 -7.05483090840563
17551000 -7.06192119999368
17552000 -7.0502918212064
17553000 -7.05336931241979
17554000 -7.06759864617957
17555000 -7.04322448184404
17556000 -7.06374405172786
17557000 -7.0578715348587
17558000 -7.05087142584918
17559000 -7.06544767191773
17560000 -7.04131246795276
17561000 -7.06576600938114
17562000 -7.06013768878085
17563000 -7.05288915116112
17564000 -7.07520551344191
17565000 -7.05060375975306
17566000 -7.05375443382404
17567000 -7.07432036868862
17568000 -7.06450645852008
17569000 -7.07161864057557
17570000 -7.06895599441926
17571000 -7.04626289906235
17572000 -7.06318780874851
17573000 -7.06119639597684
17574000 -7.04911221672609
17575000 -7.07277643944992
17576000 -7.06430955691491
17577000 -7.06664578684589
17578000 -7.07022208390724
17579000 -7.06821143435581
17580000 -7.05983881633702
17581000 -7.07056780595047
17582000 -7.06368128903202
17583000 -7.06498198173983
17584000 -7.0671303550042
17585000 -7.05502847762773
17586000 -7.07251101993927
17587000 -7.07453076422905
17588000 -7.05567556989054
17589000 -7.08884253859374
17590000 -7.06520917688736
17591000 -7.07105948224368
17592000 -7.07850167734107
17593000 -7.07362475556335
17594000 -7.06857692627449
17595000 -7.08602540283128
17596000 -7.05848215770689
17597000 -7.08110469456933
17598000 -7.07663072614077
17599000 -7.05349393051998
17600000 -7.08588994934134
17601000 -7.07229095947904
17602000 -7.06642710843041
17603000 -7.0974923713766
17604000 -7.06928743819624
17605000 -7.07288844121785
17606000 -7.08924934546219
17607000 -7.06023176230694
17608000 -7.08866799185079
17609000 -7.07830279038853
17610000 -7.06695628827541
17611000 -7.08557896865942
17612000 -7.06796532418262
17613000 -7.07665472416932
17614000 -7.10066853272904
17615000 -7.07376807832935
17616000 -7.07618557672104
17617000 -7.08251110144345
17618000 -7.07250342230168
17619000 -7.08041344264331
17620000 -7.08670050867673
17621000 -7.07248475818746
17622000 -7.09288768670361
17623000 -7.0861300655264
17624000 -7.07068357557436
17625000 -7.08395808071884
17626000 -7.09272010907515
17627000 -7.07422157747889
17628000 -7.10175273550258
17629000 -7.07118573131033
17630000 -7.08857304001058
17631000 -7.0919950631694
17632000 -7.08035598039539
17633000 -7.09413184293428
17634000 -7.08630886140578
17635000 -7.08291254460871
17636000 -7.09471632639715
17637000 -7.09097268132131
17638000 -7.08933470715423
17639000 -7.10562021845145
17640000 -7.07850702630146
17641000 -7.09795960562322
17642000 -7.10205125899541
17643000 -7.07269776484168
17644000 -7.09879872050019
17645000 -7.09993815999587
17646000 -7.07961489031153
17647000 -7.10282549819378
17648000 -7.08840419308331
17649000 -7.09075633200149
17650000 -7.09743728155289
17651000 -7.0959071544714
17652000 -7.0852269876225
17653000 -7.10121592148425
17654000 -7.09970184623971
17655000 -7.08880929079341
17656000 -7.10974195486443
17657000 -7.08689214649751
17658000 -7.0988127042882
17659000 -7.10246434791046
17660000 -7.08396859241796
17661000 -7.10781871892491
17662000 -7.10810685780394
17663000 -7.08372466050026
17664000 -7.11755528948883
17665000 -7.09301411730991
17666000 -7.09532368848402
17667000 -7.11201843501651
17668000 -7.08053620998154
17669000 -7.10701636082947
17670000 -7.1010528090722
17671000 -7.0916334820106
17672000 -7.11887513501052
17673000 -7.09351922104895
17674000 -7.10070703575693
17675000 -7.1122758173151
17676000 -7.08861979933841
17677000 -7.11557380408916
17678000 -7.10615049731371
17679000 -7.09968011372521
17680000 -7.11707071540289
17681000 -7.10690502326399
17682000 -7.10439827534737
17683000 -7.10539361909402
17684000 -7.09875255341005
17685000 -7.10497188757775
17686000 -7.10866695256223
17687000 -7.10763383529217
17688000 -7.11488269568403
17689000 -7.1020956078648
17690000 -7.11556756763929
17691000 -7.10958672236264
17692000 -7.11486206219354
17693000 -7.11069530503843
17694000 -7.10973805482183
17695000 -7.12275818232792
17696000 -7.103027567963
17697000 -7.11864694658407
17698000 -7.11836775273443
17699000 -7.10998719244469
17700000 -7.12385910478204
17701000 -7.10594928666018
17702000 -7.11770370389607
17703000 -7.12347417236102
17704000 -7.10158578831853
17705000 -7.12931082578846
17706000 -7.1202987343562
17707000 -7.11092306955937
17708000 -7.13397696323728
17709000 -7.10104508736646
17710000 -7.12067761311962
17711000 -7.12083434607151
17712000 -7.09560840509134
17713000 -7.13755707951399
17714000 -7.11759821223913
17715000 -7.1077261334624
17716000 -7.12920534737591
17717000 -7.12250024699205
17718000 -7.1157329586996
17719000 -7.12809783260763
17720000 -7.12047835017236
17721000 -7.12012859184489
17722000 -7.12424619993013
17723000 -7.1277330795746
17724000 -7.12361870007179
17725000 -7.1167587728938
17726000 -7.1218674846142
17727000 -7.12954424518414
17728000 -7.12186723505544
17729000 -7.12302185487962
17730000 -7.13205357262545
17731000 -7.11297949092931
17732000 -7.13592230832795
17733000 -7.1292402080763
17734000 -7.11756573887058
17735000 -7.13039146204095
17736000 -7.12354142612213
17737000 -7.13317614571275
17738000 -7.12047988795276
17739000 -7.12934084640476
17740000 -7.12833504491062
17741000 -7.12603215602979
17742000 -7.12583685221969
17743000 -7.12254198778983
17744000 -7.13765500810584
17745000 -7.1331019421277
17746000 -7.12512904098532
17747000 -7.1305605910031
17748000 -7.12398534148692
17749000 -7.12909526182935
17750000 -7.13922712463045
17751000 -7.12701609382785
17752000 -7.13090021761611
17753000 -7.13673100615757
17754000 -7.12354791800769
17755000 -7.13651948934077
17756000 -7.13338270454608
17757000 -7.13266577831548
17758000 -7.14534886970514
17759000 -7.13061114053484
17760000 -7.14354814459662
17761000 -7.13769351293312
17762000 -7.13199637680871
17763000 -7.14243155973019
17764000 -7.13756373940382
17765000 -7.13063827400274
17766000 -7.15064517286793
17767000 -7.13857904209698
17768000 -7.13991830146146
17769000 -7.13974150060991
17770000 -7.1491406149301
17771000 -7.1400318926297
17772000 -7.13075506677168
17773000 -7.14774669994338
17774000 -7.14321264572073
17775000 -7.14462584476876
17776000 -7.13946139908615
17777000 -7.14714598328918
17778000 -7.14063773438532
17779000 -7.13999833373839
17780000 -7.14487537850227
17781000 -7.13984382485922
17782000 -7.14427618730191
17783000 -7.1540798225098
17784000 -7.13310027745706
17785000 -7.1501297822662
17786000 -7.15079732980175
17787000 -7.13456148758056
17788000 -7.15850765954121
17789000 -7.14838008051434
17790000 -7.13101976630774
17791000 -7.16627731924906
17792000 -7.14154122422269
17793000 -7.14461256285025
17794000 -7.16031570177021
17795000 -7.13463519236913
17796000 -7.16232606636208
17797000 -7.16218017929591
17798000 -7.12845536717024
17799000 -7.16186486569361
17800000 -7.15409938363924
17801000 -7.13569924928885
17802000 -7.17224238974406
17803000 -7.13494782640045
17804000 -7.14514086792677
17805000 -7.165333561609
17806000 -7.14255033014278
17807000 -7.1507233346092
17808000 -7.17667625465732
17809000 -7.13960787258306
17810000 -7.15924876007681
17811000 -7.16588569408982
17812000 -7.13689517759986
17813000 -7.17209099989003
17814000 -7.14705070365043
17815000 -7.15420230110537
17816000 -7.16480410404447
17817000 -7.16024899585775
17818000 -7.1534135731948
17819000 -7.16899999961576
17820000 -7.1574496918073
17821000 -7.15756078780242
17822000 -7.16663864332953
17823000 -7.14441957212035
17824000 -7.17477189622175
17825000 -7.158188004951
17826000 -7.14930068082057
17827000 -7.17795060938862
17828000 -7.15136221660348
17829000 -7.16653072852448
17830000 -7.16734246197564
17831000 -7.15980498263269
17832000 -7.1680676254857
17833000 -7.16437730392558
17834000 -7.17042039624573
17835000 -7.15271948824298
17836000 -7.16635058064287
17837000 -7.16360141729296
17838000 -7.16502603757299
17839000 -7.15966085612286
17840000 -7.16612219775727
17841000 -7.17251718564988
17842000 -7.1602776118962
17843000 -7.16046647133356
17844000 -7.16282604940821
17845000 -7.17121785198797
17846000 -7.16894605285631
17847000 -7.16492841240821
17848000 -7.16527479651087
17849000 -7.18025989058861
17850000 -7.16885823812222
17851000 -7.16935194003397
17852000 -7.17341801130083
17853000 -7.17715595710726
17854000 -7.17083688201998
17855000 -7.17580022861219
17856000 -7.16547553042407
17857000 -7.17325284912533
17858000 -7.18448139827773
17859000 -7.16101108192661
17860000 -7.17729562516432
17861000 -7.1820112412389
17862000 -7.15914409038223
17863000 -7.19580720652921
17864000 -7.17194651876052
17865000 -7.16641504702071
17866000 -7.19395689628298
17867000 -7.16497658624132
17868000 -7.17578216407509
17869000 -7.18919180401894
17870000 -7.15107309728956
17871000 -7.18629869208499
17872000 -7.18855768966844
17873000 -7.16407238842075
17874000 -7.19737386696408
17875000 -7.17513155562423
17876000 -7.1735633804319
17877000 -7.19020654268426
17878000 -7.18008839700424
17879000 -7.1692394172798
17880000 -7.20472922703776
17881000 -7.17689161223707
17882000 -7.18786860097784
17883000 -7.20063134755436
17884000 -7.16307134907818
17885000 -7.17919850144457
17886000 -7.18707422741736
17887000 -7.17391501626386
17888000 -7.19144946231858
17889000 -7.18559928579616
17890000 -7.18606791476805
17891000 -7.19709694803426
17892000 -7.18614420673087
17893000 -7.17559978245605
17894000 -7.19649455898246
17895000 -7.18292503704254
17896000 -7.18793024029499
17897000 -7.19700610521544
17898000 -7.16512404054311
17899000 -7.20715871771551
17900000 -7.19503851811425
17901000 -7.16429625990295
17902000 -7.20889493802168
17903000 -7.19410382300041
17904000 -7.16522775195945
17905000 -7.22037622448587
17906000 -7.18900639043478
17907000 -7.17980714225127
17908000 -7.21234749775111
17909000 -7.17583718060308
17910000 -7.18469675512519
17911000 -7.21260977427031
17912000 -7.18031877645631
17913000 -7.19131953830815
17914000 -7.20585105449702
17915000 -7.18809475617662
17916000 -7.21057445799492
17917000 -7.20806826404928
17918000 -7.18850662754663
17919000 -7.21107929875718
17920000 -7.19152975566136
17921000 -7.19200690835327
17922000 -7.21875925883816
17923000 -7.17857320120398
17924000 -7.20835722670462
17925000 -7.19865593225903
17926000 -7.1958032254285
17927000 -7.20218631618845
17928000 -7.19434846914314
17929000 -7.19917899638782
17930000 -7.21209155355659
17931000 -7.19256932421642
17932000 -7.21007316565314
17933000 -7.20561983900895
17934000 -7.19389499775694
17935000 -7.22010379314302
17936000 -7.20382552546309
17937000 -7.19424085170893
17938000 -7.21961585448446
17939000 -7.190029403102
17940000 -7.19955780921073
17941000 -7.21272827125828
17942000 -7.19150612030704
17943000 -7.21409429467397
17944000 -7.21967736102452
17945000 -7.20387104794223
17946000 -7.21516766944175
17947000 -7.20342618132001
17948000 -7.21194072763277
17949000 -7.21980799676687
17950000 -7.20320210632965
17951000 -7.20392055938374
17952000 -7.21804593895711
17953000 -7.20742593272194
17954000 -7.20219179556709
17955000 -7.22145597593677
17956000 -7.20440557939525
17957000 -7.21256007067768
17958000 -7.21881304896007
17959000 -7.2141853804873
17960000 -7.21684452776152
17961000 -7.2153035258148
17962000 -7.21971680964561
17963000 -7.21260668721606
17964000 -7.21493696746485
17965000 -7.20722314118466
17966000 -7.22143094275143
17967000 -7.20802987664861
17968000 -7.21628556964373
17969000 -7.23337571603446
17970000 -7.18980215165875
17971000 -7.22753724515699
17972000 -7.2237345065715
17973000 -7.20333045640465
17974000 -7.22847278948473
17975000 -7.21289359008753
17976000 -7.21792694254885
17977000 -7.232943086905
17978000 -7.20235927964576
17979000 -7.21520174499347
17980000 -7.22868140156151
17981000 -7.20693171804461
17982000 -7.233836763711
17983000 -7.223292481001
17984000 -7.20291154662198
17985000 -7.23608567649594
17986000 -7.22016402948719
17987000 -7.21055399842305
17988000 -7.24288282094423
17989000 -7.21283355172266
17990000 -7.22173143239622
17991000 -7.24033062045711
17992000 -7.21110265454551
17993000 -7.23323681786238
17994000 -7.22101848807962
17995000 -7.23305472556069
17996000 -7.23103247917963
17997000 -7.22572086218059
17998000 -7.22763479732899
17999000 -7.23408552086474
18000000 -7.23455537701007
18001000 -7.2225827113663
18002000 -7.23988130130963
18003000 -7.21662294057413
18004000 -7.22760102464198
18005000 -7.24969082088177
18006000 -7.20803924475599
18007000 -7.24776185057816
18008000 -7.23510284170966
18009000 -7.20851471075681
18010000 -7.25476280169604
18011000 -7.22575680251433
18012000 -7.22477254998906
18013000 -7.25903701493788
18014000 -7.22232791467665
18015000 -7.2279688954358
18016000 -7.24975401990251
18017000 -7.22299035748451
18018000 -7.24226310339503
18019000 -7.24406457705262
18020000 -7.23210271789768
18021000 -7.23939037687932
18022000 -7.23849965164612
18023000 -7.22480711201669
18024000 -7.25336255387058
18025000 -7.231985806892
18026000 -7.24221135644595
18027000 -7.24511407627427
18028000 -7.22997123299887
18029000 -7.25519828853978
18030000 -7.23434725734743
18031000 -7.23418482089407
18032000 -7.24985881279215
18033000 -7.23495702218881
18034000 -7.23846427440978
18035000 -7.26119892816118
18036000 -7.22321339586012
18037000 -7.24465907632274
18038000 -7.26106587250079
18039000 -7.22946196100027
18040000 -7.25014119774676
18041000 -7.2647230428807
18042000 -7.21847546434283
18043000 -7.25064870447239
18044000 -7.24760787315408
18045000 -7.22950802405939
18046000 -7.25610439382657
18047000 -7.2525847944972
18048000 -7.22327206904927
18049000 -7.26642157736702
18050000 -7.23858732528906
18051000 -7.24739030722844
18052000 -7.26701895489119
18053000 -7.24038794909989
18054000 -7.25578505460302
18055000 -7.26043833406769
18056000 -7.23912549965757
18057000 -7.26142146559641
18058000 -7.24781474881826
18059000 -7.23189093177464
18060000 -7.27015060230632
18061000 -7.24447416549243
18062000 -7.25178467719704
18063000 -7.26952272746218
18064000 -7.23731933403387
18065000 -7.26399384591218
18066000 -7.26311836621695
18067000 -7.2447238233708
18068000 -7.26562951653978
18069000 -7.25872914052214
18070000 -7.25194064213776
18071000 -7.26776032103431
18072000 -7.24891149754714
18073000 -7.25610383139838
18074000 -7.27200995554346
18075000 -7.23798500852156
18076000 -7.26443616900557
18077000 -7.27148580742359
18078000 -7.24396191235246
18079000 -7.26783878082502
18080000 -7.26240808351531
18081000 -7.24175232922749
18082000 -7.27615904242589
18083000 -7.25952289292265
18084000 -7.23974978221831
18085000 -7.28204081617263
18086000 -7.25722717090347
18087000 -7.25438994852573
18088000 -7.28510725530288
18089000 -7.24664419608912
18090000 -7.26004067541818
18091000 -7.28177127599511
18092000 -7.25144491899704
18093000 -7.27083083762176
18094000 -7.28494111889663
18095000 -7.24971207369467
18096000 -7.28080407572738
18097000 -7.27227797900358
18098000 -7.25821806026985
18099000 -7.28471596915127
18100000 -7.25449266824199
18101000 -7.26587319751036
18102000 -7.27502471449813
18103000 -7.25641676106851
18104000 -7.27001977294691
18105000 -7.28179300069304
18106000 -7.25735348895661
18107000 -7.26673045619158
18108000 -7.27487001965535
18109000 -7.2605605376631
18110000 -7.27578525348663
18111000 -7.27459148629852
18112000 -7.26904789742751
18113000 -7.27640247647584
18114000 -7.27120510087973
18115000 -7.27207304079852
18116000 -7.2898645670848
18117000 -7.26420041229705
18118000 -7.27327030978499
18119000 -7.28049322783008
18120000 -7.26857346413345
18121000 -7.27914891189405
18122000 -7.27965116796284
18123000 -7.25593647916974
18124000 -7.28383611949769
18125000 -7.27159344859371
18126000 -7.27635083846666
18127000 -7.29134787258503
18128000 -7.2703690096084
18129000 -7.27679760252448
18130000 -7.28616921015826
18131000 -7.27400886798267
18132000 -7.28332052968072
18133000 -7.29926840247439
18134000 -7.2778502030993
18135000 -7.2756806206502
18136000 -7.29676097965752
18137000 -7.27534160217147
18138000 -7.27571786499979
18139000 -7.29604101021746
18140000 -7.27246067732069
18141000 -7.29605169948882
18142000 -7.28989671841347
18143000 -7.27274935360797
18144000 -7.30003990222159
18145000 -7.26416884861926
18146000 -7.28673433684215
18147000 -7.30797647715471
18148000 -7.25928663737032
18149000 -7.3072293907201
18150000 -7.28641431449985
18151000 -7.27193236302148
18152000 -7.30185791010678
18153000 -7.28176583377866
18154000 -7.2694565264847
18155000 -7.31574453672839
18156000 -7.26894721768229
18157000 -7.2930976882832
18158000 -7.31234037198813
18159000 -7.26086443216945
18160000 -7.29554200326829
18161000 -7.30332783419777
18162000 -7.27278946574512
18163000 -7.31343541915526
18164000 -7.2924611038821
18165000 -7.27712065489754
18166000 -7.30937663780941
18167000 -7.28423565863476
18168000 -7.29410998337979
18169000 -7.31250645976265
18170000 -7.28569920670347
18171000 -7.31315008919873
18172000 -7.30937746514101
18173000 -7.27874191319031
18174000 -7.31540055206816
18175000 -7.28689568617288
18176000 -7.28880939171201
18177000 -7.31472710739873
18178000 -7.27762968516386
18179000 -7.29207362566603
18180000 -7.31892044956993
18181000 -7.27530925189972
18182000 -7.29641661903494
18183000 -7.3209064783789
18184000 -7.27432165856244
18185000 -7.31036122338621
18186000 -7.31903056883274
18187000 -7.27854012217297
18188000 -7.32621752451864
18189000 -7.29961915990955
18190000 -7.28287568541732
18191000 -7.3261681578109
18192000 -7.29855847895152
18193000 -7.28993754432636
18194000 -7.32608246796127
18195000 -7.29184248877863
18196000 -7.30441166141795
18197000 -7.31312432241027
18198000 -7.27902787974641
18199000 -7.32444223351525
18200000 -7.29678815088809
18201000 -7.29912019464643
18202000 -7.31778305525431
18203000 -7.30944889077385
18204000 -7.30240623602193
18205000 -7.3207493345782
18206000 -7.30905343271859
18207000 -7.3163179855562
18208000 -7.30908701345545
18209000 -7.31058151930697
18210000 -7.32764383910622
18211000 -7.30358437080995
18212000 -7.2998802802231
18213000 -7.32848558795035
18214000 -7.28780949263036
18215000 -7.31021900490788
18216000 -7.33340669043712
18217000 -7.29210469439234
18218000 -7.3263957097199
18219000 -7.31941542141325
18220000 -7.29346019607937
18221000 -7.32584380485816
18222000 -7.30089913208348
18223000 -7.30823767961946
18224000 -7.34782995546434
18225000 -7.3071820682372
18226000 -7.31114107541239
18227000 -7.34851302925621
18228000 -7.29250266519966
18229000 -7.31744155993496
18230000 -7.33828635054751
18231000 -7.29131663464461
18232000 -7.33464165372494
18233000 -7.33163402453728
18234000 -7.29119742370987
18235000 -7.32912565608825
18236000 -7.33209821695004
18237000 -7.28924652054524
18238000 -7.35376526027198
18239000 -7.3247315408993
18240000 -7.29723982409184
18241000 -7.3555850066936
18242000 -7.30916717005202
18243000 -7.30782312673568
18244000 -7.35214850111649
18245000 -7.30701840966056
18246000 -7.32358302042653
18247000 -7.34354333036307
18248000 -7.305916844099
18249000 -7.33292348073601
18250000 -7.338536023277
18251000 -7.31296343561678
18252000 -7.31886801238569
18253000 -7.34037749092326
18254000 -7.31618388070458
18255000 -7.33128163557806
18256000 -7.32615134484456
18257000 -7.33191216902518
18258000 -7.34067936967871
18259000 -7.32703261143934
18260000 -7.32857148600126
18261000 -7.34323529122294
18262000 -7.31812842815018
18263000 -7.33838108707244
18264000 -7.33871560886495
18265000 -7.31937457115701
18266000 -7.33787240411941
18267000 -7.32679267463886
18268000 -7.31730210711439
18269000 -7.35059801668961
18270000 -7.32923806308553
18271000 -7.32511822225642
18272000 -7.34857674857914
18273000 -7.32488961520913
18274000 -7.33809784708347
18275000 -7.34957930857333
18276000 -7.32086375607893
18277000 -7.34602438801793
18278000 -7.34302556332845
18279000 -7.33156029309531
18280000 -7.349140336646
18281000 -7.33068031425853
18282000 -7.31990955030277
18283000 -7.34132589810637
18284000 -7.32532478968795
18285000 -7.339855859242
18286000 -7.35091037163547
18287000 -7.32336788302393
18288000 -7.34407322051725
18289000 -7.34671984168334
18290000 -7.31800544529907
18291000 -7.35912784665417
18292000 -7.34202553382482
18293000 -7.32973713551882
18294000 -7.37388880887452
18295000 -7.33019548041793
18296000 -7.33278854956685
18297000 -7.36514328005573
18298000 -7.3254485288848
18299000 -7.33637941340518
18300000 -7.36111553612483
18301000 -7.32958317667534
18302000 -7.34658427102575
18303000 -7.35448766506673
18304000 -7.33768071191441
18305000 -7.35489265702232
18306000 -7.33948720116715
18307000 -7.3488552893798
18308000 -7.36122335520777
18309000 -7.34558719158057
18310000 -7.35195989684527
18311000 -7.35892078138193
18312000 -7.33574864752722
18313000 -7.35244679410239
18314000 -7.35150264661883
18315000 -7.33032399928689
18316000 -7.35062841377958
18317000 -7.36116851546369
18318000 -7.32928174820885
18319000 -7.36601432798643
18320000 -7.35721109091661
18321000 -7.338642460499
18322000 -7.36409095979758
18323000 -7.36456071637834
18324000 -7.34387861773781
18325000 -7.37350167402881
18326000 -7.35080283303793
18327000 -7.3402023427672
18328000 -7.37105965516388
18329000 -7.33849234747357
18330000 -7.35125860967623
18331000 -7.35978165442643
18332000 -7.35055984876356
18333000 -7.34890736677103
18334000 -7.3603870437156
18335000 -7.34715502869077
18336000 -7.37698668295811
18337000 -7.35435946519758
18338000 -7.35453651451074
18339000 -7.37041059548668
18340000 -7.35209240530788
18341000 -7.36641667054436
18342000 -7.36730416494215
18343000 -7.3505840194891
18344000 -7.36461831882325
18345000 -7.36050835074933
18346000 -7.34995755077832
18347000 -7.3688417349067
18348000 -7.36555226534266
18349000 -7.3471706255047
18350000 -7.3767331088703
18351000 -7.35876563433902
18352000 -7.35888441178541
18353000 -7.37762594640109
18354000 -7.36661754574834
18355000 -7.36319669393793
18356000 -7.37694276515782
18357000 -7.36274516220294
18358000 -7.37718458053007
18359000 -7.36875580389461
18360000 -7.36820646065357
18361000 -7.37397683340735
18362000 -7.35687182545871
18363000 -7.36761925546914
18364000 -7.37187402414532
18365000 -7.35137223508668
18366000 -7.38226956107803
18367000 -7.37621921672681
18368000 -7.35490251682057
18369000 -7.38887322097511
18370000 -7.38486735007026
18371000 -7.35647733685996
18372000 -7.38284256833111
18373000 -7.37285716934333
18374000 -7.36877997518322
18375000 -7.38833668742528
18376000 -7.36409916778392
18377000 -7.36527672670321
18378000 -7.38944101631836
18379000 -7.36741510182556
18380000 -7.36584114250564
18381000 -7.38981382105034
18382000 -7.35843068885148
18383000 -7.38305951625084
18384000 -7.38081483759866
18385000 -7.36643591678756
18386000 -7.39375876749519
18387000 -7.39157413975279
18388000 -7.35789457494197
18389000 -7.39453589670842
18390000 -7.3784391889135
18391000 -7.37156040725629
18392000 -7.39682603516868
18393000 -7.36731108574812
18394000 -7.38343728463495
18395000 -7.39326714897547
18396000 -7.36039340959822
18397000 -7.38177760745295
18398000 -7.38554037354351
18399000 -7.37834446023438
18400000 -7.39916263998602
18401000 -7.38080953387772
18402000 -7.38437871084699
18403000 -7.39467705288022
18404000 -7.37821182186323
18405000 -7.39117012422925
18406000 -7.39347103240719
18407000 -7.37702458270864
18408000 -7.39833174944386
18409000 -7.39511743553802
18410000 -7.37695794807984
18411000 -7.3986027955611
18412000 -7.38445247194394
18413000 -7.37768420924861
18414000 -7.40106607807677
18415000 -7.38603331929609
18416000 -7.3847922827181
18417000 -7.40890796304615
18418000 -7.37719478191003
18419000 -7.38431653825915
18420000 -7.4053364218635
18421000 -7.37069774999364
18422000 -7.39604862054982
18423000 -7.40375669808459
18424000 -7.38413061654086
18425000 -7.40301429729897
18426000 -7.39387395076375
18427000 -7.38149400545971
18428000 -7.4108539605791
18429000 -7.38367789460789
18430000 -7.39012101105014
18431000 -7.40624397417177
18432000 -7.39217911076685
18433000 -7.39552322401284
18434000 -7.39813285070857
18435000 -7.38628865285865
18436000 -7.40046264244795
18437000 -7.40173796543115
18438000 -7.37617250580191
18439000 -7.41983770553488
18440000 -7.40497667331506
18441000 -7.39561076398527
18442000 -7.41204425625142
18443000 -7.38939786964544
18444000 -7.39122167024767
18445000 -7.42047807466923
18446000 -7.38984543892108
18447000 -7.39725181831879
18448000 -7.42222605731844
18449000 -7.37493602072609
18450000 -7.40670487250735
18451000 -7.41960120512898
18452000 -7.3807767067603
18453000 -7.41454039743476
18454000 -7.41426172289379
18455000 -7.39581445346323
18456000 -7.41472239748643
18457000 -7.41748089499461
18458000 -7.39325880537021
18459000 -7.41480447596373
18460000 -7.40888794874957
18461000 -7.40121121994069
18462000 -7.41885298506869
18463000 -7.3973686383864
18464000 -7.41515855656908
18465000 -7.40982564729278
18466000 -7.39019267574798
18467000 -7.42123539835396
18468000 -7.40800378830225
18469000 -7.39735654013578
18470000 -7.43072195597687
18471000 -7.40615167059033
18472000 -7.4090426520919
18473000 -7.43047078386429
18474000 -7.39206662582469
18475000 -7.4240833857154
18476000 -7.42015336546857
18477000 -7.3969500857213
18478000 -7.42979464420793
18479000 -7.41726174060594
18480000 -7.38503820395437
18481000 -7.42873997251429
18482000 -7.41058267342257
18483000 -7.40123328265771
18484000 -7.42358862425102
18485000 -7.41551086421547
18486000 -7.41064425924593
18487000 -7.42798101516015
18488000 -7.41409871901509
18489000 -7.42008113011706
18490000 -7.42936956773044
18491000 -7.40265869797645
18492000 -7.42627972381295
18493000 -7.42687797811831
18494000 -7.40668909965109
18495000 -7.43268336401015
18496000 -7.41229648070259
18497000 -7.40258957696062
18498000 -7.44339708303228
18499000 -7.40386395690495
18500000 -7.41899760101891
18501000 -7.44065780302877
18502000 -7.40568330221111
18503000 -7.42567033602223
18504000 -7.44309699161271
18505000 -7.40934667912026
18506000 -7.43508213480864
18507000 -7.42423135289033
18508000 -7.41060830404457
18509000 -7.44624317421957
18510000 -7.41446812819422
18511000 -7.41048682348368
18512000 -7.45576720840325
18513000 -7.40231312883945
18514000 -7.4293845315361
18515000 -7.45879422354178
18516000 -7.39185672944875
18517000 -7.44106298126562
18518000 -7.45482598900104
18519000 -7.39805446460658
18520000 -7.43649500775207
18521000 -7.4482750009902
18522000 -7.40161072786345
18523000 -7.4445969140814
18524000 -7.43645893513543
18525000 -7.40912238349325
18526000 -7.43816316791144
18527000 -7.43203271513605
18528000 -7.43316625343251
18529000 -7.43333154740097
18530000 -7.42981682629775
18531000 -7.43162167767098
18532000 -7.43432651459996
18533000 -7.42957415650843
18534000 -7.44417063865602
18535000 -7.42559983386852
18536000 -7.42928095462091
18537000 -7.45761981067267
18538000 -7.42065284267723
18539000 -7.42962541190827
18540000 -7.45307003163734
18541000 -7.42211772719728
18542000 -7.44241231160589
18543000 -7.45593906435836
18544000 -7.41945090028359
18545000 -7.4454935468576
18546000 -7.4433888192588
18547000 -7.43302432817093
18548000 -7.43984626997182
18549000 -7.44913411664906
18550000 -7.43117630796088
18551000 -7.44702867104867
18552000 -7.4420598140431
18553000 -7.43172588447276
18554000 -7.43781730464531
18555000 -7.44307200403526
18556000 -7.44179326103623
18557000 -7.4586770472384
18558000 -7.43846918105852
18559000 -7.44865154092447
18560000 -7.4655578352142
18561000 -7.43051326011562
18562000 -7.44897681621099
18563000 -7.46384613653913
18564000 -7.42881687977484
18565000 -7.44870165082282
18566000 -7.45567701040896
18567000 -7.4339118971516
18568000 -7.45177898394664
18569000 -7.43966811066392
18570000 -7.44247993104324
18571000 -7.46615723555632
18572000 -7.43321695069709
18573000 -7.45970769005843
18574000 -7.45761896720807
18575000 -7.42469980644006
18576000 -7.46338085239958
18577000 -7.46481863669543
18578000 -7.42617928846436
18579000 -7.46232848587849
18580000 -7.46164759849689
18581000 -7.42761390337865
18582000 -7.47062339242602
18583000 -7.4646694879694
18584000 -7.43904875254313
18585000 -7.47477288922896
18586000 -7.45141112310468
18587000 -7.45178970845536
18588000 -7.46558071920553
18589000 -7.43845843065885
18590000 -7.45093560791645
18591000 -7.44905942592014
18592000 -7.44813827337805
18593000 -7.46086297259412
18594000 -7.45403264250173
18595000 -7.44841934214452
18596000 -7.48633309594848
18597000 -7.45800545602727
18598000 -7.45321071777712
18599000 -7.48341996049402
18600000 -7.44727263803862
18601000 -7.4597046885063
18602000 -7.48801372295102
18603000 -7.42737066766528
18604000 -7.46431495269563
18605000 -7.47577002157779
18606000 -7.42690932014087
18607000 -7.4765018873904
18608000 -7.46192734086416
18609000 -7.44790722528003
18610000 -7.48825839997145
18611000 -7.46710244076369
18612000 -7.45238432225164
18613000 -7.48320369523182
18614000 -7.4613740206551
18615000 -7.46222743385928
18616000 -7.48216350493892
18617000 -7.45855144104518
18618000 -7.46700960079236
18619000 -7.4667505636852
18620000 -7.46094204058661
18621000 -7.47134523488593
18622000 -7.4701468410897
18623000 -7.46480723141209
18624000 -7.46755374648154
18625000 -7.46731086592039
18626000 -7.46549971646145
18627000 -7.48516666081905
18628000 -7.46519036798289
18629000 -7.47302090152983
18630000 -7.48169910872839
18631000 -7.45495014542788
18632000 -7.47780569880705
18633000 -7.47569397143147
18634000 -7.47034410789146
18635000 -7.47422618316512
18636000 -7.4877554307716
18637000 -7.46285980269371
18638000 -7.47772432685085
18639000 -7.47819662377743
18640000 -7.45906943445206
18641000 -7.48365585890642
18642000 -7.49290552370936
18643000 -7.45453583346053
18644000 -7.48124608411581
18645000 -7.47815707148566
18646000 -7.46641247805144
18647000 -7.48497849319669
18648000 -7.47939689647543
18649000 -7.48591455448031
18650000 -7.48481889704179
18651000 -7.4762293156768
18652000 -7.49283052129743
18653000 -7.48584154077831
18654000 -7.47582973201236
18655000 -7.49445032366148
18656000 -7.47759890768796
18657000 -7.47660322460785
18658000 -7.49615744326875
18659000 -7.46637760723042
18660000 -7.47112114583906
18661000 -7.49949683989101
18662000 -7.46550355675827
18663000 -7.49181417438905
18664000 -7.50391902811494
18665000 -7.47636546860453
18666000 -7.49628513193053
18667000 -7.49422397562226
18668000 -7.48174559739474
18669000 -7.49800911877912
18670000 -7.48504436526717
18671000 -7.48664936733349
18672000 -7.48858944572277
18673000 -7.47599267407394
18674000 -7.49704943877217
18675000 -7.48711199133158
18676000 -7.46572375438581
18677000 -7.51050427754227
18678000 -7.50294207487732
18679000 -7.47368611782313
18680000 -7.50171303383282
18681000 -7.49238942580882
18682000 -7.48423749978026
18683000 -7.51195658860261
18684000 -7.4885121343808
18685000 -7.48050544543061
18686000 -7.50580794598073
18687000 -7.48764696008831
18688000 -7.49066232301952
18689000 -7.51212975991215
18690000 -7.48515665065642
18691000 -7.49267480606752
18692000 -7.50318578177385
18693000 -7.49626448570942
18694000 -7.49387772686924
18695000 -7.48728632254557
18696000 -7.50873702856726
18697000 -7.49372114661891
18698000 -7.47475866757306
18699000 -7.50284422188589
18700000 -7.49383626142924
18701000 -7.49936142876503
18702000 -7.50562253296003
18703000 -7.51612736544582
18704000 -7.50670675630015
18705000 -7.50053791480592
18706000 -7.50952296017778
18707000 -7.50176327739563
18708000 -7.50241680360483
18709000 -7.50559815590725
18710000 -7.49477223989069
18711000 -7.51185281285173
18712000 -7.49622379551036
18713000 -7.49050939407965
18714000 -7.51201883605815
18715000 -7.4932461510954
18716000 -7.49038386196407
18717000 -7.52034900520503
18718000 -7.50074374991018
18719000 -7.50488102500747
18720000 -7.5266118389621
18721000 -7.49627326799476
18722000 -7.51061658591696
18723000 -7.50977119139045
18724000 -7.49939518866845
18725000 -7.51098989308559
18726000 -7.51663698223593
18727000 -7.4870111632953
18728000 -7.51489403927269
18729000 -7.51456285645341
18730000 -7.49425971689099
18731000 -7.51890054884085
18732000 -7.50767981552904
18733000 -7.50404111343668
18734000 -7.53293796774061
18735000 -7.49500552598952
18736000 -7.51150089119288
18737000 -7.52201106953184
18738000 -7.50508985795504
18739000 -7.52323058823165
18740000 -7.51143804698662
18741000 -7.5150131018863
18742000 -7.51930021964297
18743000 -7.52203726034238
18744000 -7.51381163608443
18745000 -7.52093355525019
18746000 -7.52423210629076
18747000 -7.50307861019506
18748000 -7.51983345576409
18749000 -7.5097810810601
18750000 -7.50967387189283
18751000 -7.51065710548434
18752000 -7.5314128864233
18753000 -7.50904569890348
18754000 -7.51396267114249
18755000 -7.53545757127002
18756000 -7.51779897600847
18757000 -7.52816746378788
18758000 -7.52203250402586
18759000 -7.51412212379363
18760000 -7.52425896457382
18761000 -7.51192264684575
18762000 -7.52508386710506
18763000 -7.53428706728239
18764000 -7.5088211632469
18765000 -7.52189740807347
18766000 -7.54193687263146
18767000 -7.5100801598582
18768000 -7.5125461481758
18769000 -7.53399390494522
18770000 -7.52032357169831
18771000 -7.5217954061321
18772000 -7.52191198321194
18773000 -7.52454342492935
18774000 -7.53281480367944
18775000 -7.52125872459245
18776000 -7.52908753482213
18777000 -7.53157542731492
18778000 -7.5211990039236
18779000 -7.53334691650687
18780000 -7.5367018547129
18781000 -7.51373584538883
18782000 -7.53682333792849
18783000 -7.54160157434988
18784000 -7.51347751231856
18785000 -7.54286811313806
18786000 -7.52675269717532
18787000 -7.52538233373905
18788000 -7.55016819247718
18789000 -7.51943510417527
18790000 -7.52989204104454
18791000 -7.53738118093877
18792000 -7.52830542697989
18793000 -7.54287179287764
18794000 -7.53722963100217
18795000 -7.5298722897034
18796000 -7.54312981508844
18797000 -7.53331527654671
18798000 -7.52710871072593
18799000 -7.54616457358158
18800000 -7.535507347988
18801000 -7.52168972227438
18802000 -7.56195822710724
18803000 -7.53241678378598
18804000 -7.52237681995884
18805000 -7.56098633116271
18806000 -7.51735212957059
18807000 -7.53203862959584
18808000 -7.5774037610322
18809000 -7.51620818083262
18810000 -7.54133530281798
18811000 -7.55960403357315
18812000 -7.51715949260227
18813000 -7.54720376189372
18814000 -7.55271300237068
18815000 -7.52282226301819
18816000 -7.55269587368299
18817000 -7.55341365375909
18818000 -7.53485050829575
18819000 -7.54521915385307
18820000 -7.54516940218577
18821000 -7.53712582530466
18822000 -7.55979562008904
18823000 -7.54304619115912
18824000 -7.54883079735558
18825000 -7.55347511040782
18826000 -7.53566006248066
18827000 -7.54260036729061
18828000 -7.56164470222165
18829000 -7.53798933589405
18830000 -7.54948044720638
18831000 -7.55300270825445
18832000 -7.54166163390876
18833000 -7.5567912659176
18834000 -7.55147681912778
18835000 -7.53988636947642
18836000 -7.56135051564151
18837000 -7.5469134314729
18838000 -7.54397917951838
18839000 -7.5698947490917
18840000 -7.54242733417905
18841000 -7.54798729943642
18842000 -7.56353227305001
18843000 -7.54414250478569
18844000 -7.55503698092346
18845000 -7.56767994489427
18846000 -7.54460932051263
18847000 -7.55281329174623
18848000 -7.56108162065253
18849000 -7.56075671294781
18850000 -7.5559860876177
18851000 -7.55633591712134
18852000 -7.55292377660379
18853000 -7.56739291787084
18854000 -7.56628879989079
18855000 -7.54192592831828
18856000 -7.56499882939544
18857000 -7.55023402640091
18858000 -7.55215504367764
18859000 -7.57449997505541
18860000 -7.55784461607784
18861000 -7.55679961823762
18862000 -7.56167866168954
18863000 -7.5541125819689
18864000 -7.55912822141553
18865000 -7.57173763467722
18866000 -7.54621727355518
18867000 -7.57632782857528
18868000 -7.5719227173418
18869000 -7.54459630558726
18870000 -7.57178103229804
18871000 -7.57269020033753
18872000 -7.55330369787371
18873000 -7.56703458838488
18874000 -7.57369537463892
18875000 -7.56227733390915
18876000 -7.56977120633809
18877000 -7.56980462474901
18878000 -7.5562514545628
18879000 -7.57588232183039
18880000 -7.55885022252551
18881000 -7.55975279542848
18882000 -7.58712437765201
18883000 -7.5435191825073
18884000 -7.56881011638965
18885000 -7.59527171616385
18886000 -7.5528249324532
18887000 -7.5652019483698
18888000 -7.59534390931769
18889000 -7.56471567724873
18890000 -7.57263204322632
18891000 -7.57683298667387
18892000 -7.56514757123901
18893000 -7.57865666176002
18894000 -7.5778442744969
18895000 -7.57085297009551
18896000 -7.58082281969765
18897000 -7.57018310091896
18898000 -7.57191554611602
18899000 -7.58167657620168
18900000 -7.56209472753568
18901000 -7.5781173833286
18902000 -7.58300078569891
18903000 -7.55824668100427
18904000 -7.58114713340796
18905000 -7.58581406562909
18906000 -7.56637608423662
18907000 -7.59246342731877
18908000 -7.5770617545212
18909000 -7.5652097942778
18910000 -7.59066757555648
18911000 -7.58942830906238
18912000 -7.56779784312871
18913000 -7.58088898319112
18914000 -7.57758410064351
18915000 -7.5661459017168
18916000 -7.59166649693828
18917000 -7.57422250207774
18918000 -7.56656525035472
18919000 -7.59732796579434
18920000 -7.57524054681848
18921000 -7.56919421176721
18922000 -7.60446803388959
18923000 -7.56232731475679
18924000 -7.57966603008816
18925000 -7.61184231482865
18926000 -7.57477638583772
18927000 -7.5821155542418
18928000 -7.60267117290909
18929000 -7.57408274490682
18930000 -7.58545674210128
18931000 -7.59514413734408
18932000 -7.59317929396309
18933000 -7.58932217509025
18934000 -7.58640446153652
18935000 -7.59100007506252
18936000 -7.59484145137933
18937000 -7.57631416481728
18938000 -7.59001572759412
18939000 -7.60159568457592
18940000 -7.57524303282458
18941000 -7.59337559227243
18942000 -7.59843340132085
18943000 -7.58797788298582
18944000 -7.590678795259
18945000 -7.59999274885014
18946000 -7.58270942004458
18947000 -7.60432795785931
18948000 -7.60126211304813
18949000 -7.58620242209506
18950000 -7.59101311319083
18951000 -7.6113714838477
18952000 -7.59554726232065
18953000 -7.58690776098653
18954000 -7.6020055428075
18955000 -7.58891282429058
18956000 -7.59386110795911
18957000 -7.59927337621087
18958000 -7.58968582734862
18959000 -7.60013752188435
18960000 -7.59726277688141
18961000 -7.58859011602955
18962000 -7.6061510067827
18963000 -7.6057184543691
18964000 -7.59154345166236
18965000 -7.59895368556596
18966000 -7.60913057867858
18967000 -7.59408597794465
18968000 -7.60098165342085
18969000 -7.60661288301555
18970000 -7.59450793319475
18971000 -7.6031674206204
18972000 -7.60393838462861
18973000 -7.61078842261295
18974000 -7.59466533834404
18975000 -7.59845052567992
18976000 -7.60523714221324
18977000 -7.60121911858084
18978000 -7.60795478371291
18979000 -7.61118703612079
18980000 -7.5924527395636
18981000 -7.61128262160634
18982000 -7.61586659240337
18983000 -7.60373229899276
18984000 -7.61266032531198
18985000 -7.59800617625624
18986000 -7.60721550258447
18987000 -7.6144274362988
18988000 -7.60122261805339
18989000 -7.61186065518066
18990000 -7.61050566626724
18991000 -7.60647337328399
18992000 -7.61687929563027
18993000 -7.6126191116614
18994000 -7.60447462061105
18995000 -7.60965186373662
18996000 -7.61293641834962
18997000 -7.60546866038908
18998000 -7.61286380175433
18999000 -7.60927464042281
19000000 -7.60396871155316
19001000 -7.61537193211938
19002000 -7.62936505504369
19003000 -7.60464652615761
19004000 -7.61116553418855
19005000 -7.62608620131152
19006000 -7.61130067847575
19007000 -7.60716203009869
19008000 -7.62387137858476
19009000 -7.62351306004968
19010000 -7.61628970837075
19011000 -7.61680562985069
19012000 -7.62177975405056
19013000 -7.62016308837852
19014000 -7.61049999112129
19015000 -7.62391693979624
19016000 -7.62480736483243
19017000 -7.6173323026672
19018000 -7.61321167398773
19019000 -7.6249434697048
19020000 -7.62009941901571
19021000 -7.6064388974647
19022000 -7.62009489841263
19023000 -7.62085215852256
19024000 -7.6214200498307
19025000 -7.6252014674729
19026000 -7.60950600828837
19027000 -7.63590093232629
19028000 -7.63387487986783
19029000 -7.61010946922932
19030000 -7.6396032473362
19031000 -7.63181280214992
19032000 -7.613894951277
19033000 -7.63506593588885
19034000 -7.62633778796043
19035000 -7.61347284130839
19036000 -7.63700661490674
19037000 -7.62706550615447
19038000 -7.61683711020635
19039000 -7.64435000240823
19040000 -7.61318896015266
19041000 -7.62398333979755
19042000 -7.63535381873518
19043000 -7.60769984769271
19044000 -7.63922415563049
19045000 -7.63965894870457
19046000 -7.61167150010691
19047000 -7.63423096175638
19048000 -7.62998794171578
19049000 -7.6277982682417
19050000 -7.65086052081025
19051000 -7.62493163090825
19052000 -7.64280092917584
19053000 -7.64260326506066
19054000 -7.62259976389744
19055000 -7.63425446356701
19056000 -7.63838455620751
19057000 -7.63162977538652
19058000 -7.63016292426277
19059000 -7.6430109998146
19060000 -7.6284925945387
19061000 -7.63300515946329
19062000 -7.64213584568807
19063000 -7.63632947697198
19064000 -7.63689511451427
19065000 -7.64600554492375
19066000 -7.63233018675973
19067000 -7.64242131333649
19068000 -7.64462622137947
19069000 -7.63861482976304
19070000 -7.64575906084901
19071000 -7.63783570515795
19072000 -7.63987972036402
19073000 -7.65337662581223
19074000 -7.64341674681492
19075000 -7.62737805867983
19076000 -7.65060137455257
19077000 -7.63570632667128
19078000 -7.64068889551971
19079000 -7.66214430960865
19080000 -7.62626240119787
19081000 -7.63875348306809
19082000 -7.66023392904639
19083000 -7.62527719870566
19084000 -7.64862316451971
19085000 -7.65952617276442
19086000 -7.63578668637435
19087000 -7.64642009055588
19088000 -7.64834398961256
19089000 -7.6363494933428
19090000 -7.65491876963781
19091000 -7.64584727799461
19092000 -7.64782055241837
19093000 -7.65511151791003
19094000 -7.64960680776586
19095000 -7.637765377127
19096000 -7.64917073769828
19097000 -7.65625203225238
19098000 -7.65953502887447
19099000 -7.64500019719916
19100000 -7.6377793387627
19101000 -7.67072145504729
19102000 -7.6504555421605
19103000 -7.63077720236746
19104000 -7.65673092221019
19105000 -7.6701915945429
19106000 -7.64172924726501
19107000 -7.65036361008615
19108000 -7.66928302235465
19109000 -7.6451292867798
19110000 -7.64393519805548
19111000 -7.6653563048008
19112000 -7.65171199300438
19113000 -7.65856326391075
19114000 -7.65205337831998
19115000 -7.64709915234617
19116000 -7.67214137759822
19117000 -7.65447773716694
19118000 -7.64595495604087
19119000 -7.6806974800516
19120000 -7.64333880152196
19121000 -7.64915448302454
19122000 -7.6780957254313
19123000 -7.64675004948425
19124000 -7.65800193122142
19125000 -7.67459936469263
19126000 -7.66050163555551
19127000 -7.65395583597654
19128000 -7.66810011583435
19129000 -7.66330371717097
19130000 -7.65900151262071
19131000 -7.66457254642243
19132000 -7.65486329781627
19133000 -7.67025788439604
19134000 -7.67326351862994
19135000 -7.65642573636248
19136000 -7.65953385772033
19137000 -7.6769074606049
19138000 -7.65856251702075
19139000 -7.66663592417564
19140000 -7.67451171978973
19141000 -7.65995715010276
19142000 -7.66528036330244
19143000 -7.66842910455268
19144000 -7.66767482408505
19145000 -7.67457481954216
19146000 -7.66402966936718
19147000 -7.67602551828603
19148000 -7.67665148195807
19149000 -7.66448392012254
19150000 -7.67035428950002
19151000 -7.66807697857361
19152000 -7.67849280046849
19153000 -7.68410847930485
19154000 -7.6724795590977
19155000 -7.65864718636944
19156000 -7.6773314862437
19157000 -7.66697474246282
19158000 -7.6741616631424
19159000 -7.68417169388187
19160000 -7.67670855900516
19161000 -7.67652137251665
19162000 -7.6750473787849
19163000 -7.66641456210119
19164000 -7.68850579330425
19165000 -7.68252548681985
19166000 -7.66421334300213
19167000 -7.68719198492593
19168000 -7.67271010982499
19169000 -7.66643006520036
19170000 -7.68701716730474
19171000 -7.6705570800815
19172000 -7.67782636829727
19173000 -7.69422185933824
19174000 -7.67461313050696
19175000 -7.67674627583498
19176000 -7.68832618091485
19177000 -7.67242973454934
19178000 -7.68531838777455
19179000 -7.69644546616906
19180000 -7.67220849899886
19181000 -7.6842767753764
19182000 -7.68633960220319
19183000 -7.66067262905979
19184000 -7.67865555323326
19185000 -7.6994350397565
19186000 -7.68527097873996
19187000 -7.69122258845716
19188000 -7.68369942372536
19189000 -7.67592003620609
19190000 -7.69867220484119
19191000 -7.67950558989767
19192000 -7.67173621518177
19193000 -7.71091353275161
19194000 -7.69329654686486
19195000 -7.67140514081716
19196000 -7.69296780276311
19197000 -7.69513011739024
19198000 -7.68266413465235
19199000 -7.6818853700596
19200000 -7.68406519607454
19201000 -7.69095007112842
19202000 -7.69702627113169
19203000 -7.67080850054692
19204000 -7.69497879883799
19205000 -7.71064853479872
19206000 -7.68394575113473
19207000 -7.69778980272636
19208000 -7.69380098379796
19209000 -7.67021154221312
19210000 -7.69259594183968
19211000 -7.69626617469843
19212000 -7.69531579354905
19213000 -7.70353004679204
19214000 -7.68743039971146
19215000 -7.68784030257677
19216000 -7.70514297417472
19217000 -7.6786394338413
19218000 -7.69406451386795
19219000 -7.71148780977365
19220000 -7.6830422721023
19221000 -7.68292266773819
19222000 -7.69385771274492
19223000 -7.70054803540507
19224000 -7.69687660493432
19225000 -7.69834210963324
19226000 -7.69504906221235
19227000 -7.71340889438667
19228000 -7.68328457705633
19229000 -7.69873541843583
19230000 -7.70445978162575
19231000 -7.69318208976678
19232000 -7.70280783210018
19233000 -7.71537390770261
19234000 -7.68280377029453
19235000 -7.69099021596141
19236000 -7.71837554559367
19237000 -7.69896441284822
19238000 -7.69331254393023
19239000 -7.71190115772036
19240000 -7.70490212706301
19241000 -7.70887761644336
19242000 -7.70687311620836
19243000 -7.70555487318987
19244000 -7.71539716379649
19245000 -7.71833259940448
19246000 -7.69210933881646
19247000 -7.72700217354581
19248000 -7.70211462435597
19249000 -7.69210410768905
19250000 -7.72760087373746
19251000 -7.7061523330567
19252000 -7.69980461357449
19253000 -7.724370269832
19254000 -7.69947933011622
19255000 -7.7084293892316
19256000 -7.72077566799475
19257000 -7.69839211147898
19258000 -7.71624942793033
19259000 -7.72925781388252
19260000 -7.70244448975238
19261000 -7.71388199367383
19262000 -7.71792576524743
19263000 -7.70643599141225
19264000 -7.7244461376737
19265000 -7.710755712356
19266000 -7.70575166665333
19267000 -7.72655480753367
19268000 -7.70170084983066
19269000 -7.70043211163142
19270000 -7.74444760820208
19271000 -7.70985653372548
19272000 -7.70449061285981
19273000 -7.73285958578349
19274000 -7.71104133913333
19275000 -7.71368921075626
19276000 -7.71885777928791
19277000 -7.70718502640288
19278000 -7.71916577943184
19279000 -7.7260998011665
19280000 -7.7025988516108
19281000 -7.73188345008247
19282000 -7.74298399020697
19283000 -7.70405852876976
19284000 -7.71343844683364
19285000 -7.74954566461608
19286000 -7.71095612643706
19287000 -7.71562013995464
19288000 -7.73680752079882
19289000 -7.7196463406283
19290000 -7.73057639727378
19291000 -7.71673205054912
19292000 -7.71528797372527
19293000 -7.74338308683281
19294000 -7.72955661650763
19295000 -7.71060563891396
19296000 -7.73091523444493
19297000 -7.73810666590693
19298000 -7.71021716824531
19299000 -7.72353997985884
19300000 -7.73392658646071
19301000 -7.72460614281214
19302000 -7.7273786316753
19303000 -7.72658335089958
19304000 -7.72183738248733
19305000 -7.73065478604212
19306000 -7.73240346161366
19307000 -7.7167677013006
19308000 -7.73628943536138
19309000 -7.74388270805834
19310000 -7.71832721257861
19311000 -7.73277588837681
19312000 -7.72950168262661
19313000 -7.73569003471582
19314000 -7.74111949260814
19315000 -7.73972953823372
19316000 -7.71871149809889
19317000 -7.7447702667585
19318000 -7.73394717551147
19319000 -7.72176685706316
19320000 -7.74157025198644
19321000 -7.74305688203789
19322000 -7.72699756074277
19323000 -7.74862902867161
19324000 -7.72602437925239
19325000 -7.725122187389
19326000 -7.74319248351325
19327000 -7.72992390697035
19328000 -7.73728946648415
19329000 -7.74913166574285
19330000 -7.73544755390429
19331000 -7.73815327510311
19332000 -7.73999563270856
19333000 -7.73921919520822
19334000 -7.73429132091314
19335000 -7.74469591499726
19336000 -7.74986454151231
19337000 -7.73400864631604
19338000 -7.73614914116323
19339000 -7.74126438046476
19340000 -7.73979382003022
19341000 -7.74168986456159
19342000 -7.74969003461237
19343000 -7.73722139564354
19344000 -7.75287571885541
19345000 -7.73725086763409
19346000 -7.73036822820811
19347000 -7.75140477210357
19348000 -7.74856944599812
19349000 -7.73839771164458
19350000 -7.74417647905463
19351000 -7.74013657724021
19352000 -7.74635332935167
19353000 -7.74791673463566
19354000 -7.74503356018247
19355000 -7.74836976484455
19356000 -7.75701590656358
19357000 -7.74943097363462
19358000 -7.73486463730691
19359000 -7.76177602167282
19360000 -7.74725002418575
19361000 -7.74470296702105
19362000 -7.76847517097064
19363000 -7.74899907244903
19364000 -7.73952523011081
19365000 -7.76704469598391
19366000 -7.75191416463335
19367000 -7.75638268213895
19368000 -7.76462322241921
19369000 -7.74251160971343
19370000 -7.74617929168535
19371000 -7.75863214532184
19372000 -7.75266843987985
19373000 -7.75271713874072
19374000 -7.76582104063026
19375000 -7.74974083802145
19376000 -7.74847703251488
19377000 -7.77113053928349
19378000 -7.75192452768518
19379000 -7.74958165678322
19380000 -7.76133104054596
19381000 -7.76814757317759
19382000 -7.74964420355094
19383000 -7.73429311316268
19384000 -7.77173758693982
19385000 -7.77054990231576
19386000 -7.74141733942276
19387000 -7.77055147947383
19388000 -7.76449628933405
19389000 -7.75014571134335
19390000 -7.76943031068252
19391000 -7.75133925705997
19392000 -7.7564475401024
19393000 -7.78733653639458
19394000 -7.74441493888621
19395000 -7.74718177844042
19396000 -7.78910394513025
19397000 -7.74934008389782
19398000 -7.75869341311961
19399000 -7.78496788067038
19400000 -7.76373759179899
19401000 -7.75171103941526
19402000 -7.76875349968359
19403000 -7.75546183222806
19404000 -7.77230533215408
19405000 -7.77515727158755
19406000 -7.74589386125119
19407000 -7.781654124917
19408000 -7.77447568602608
19409000 -7.75070132074004
19410000 -7.77658397275694
19411000 -7.78055103515953
19412000 -7.77183072306438
19413000 -7.7747295963655
19414000 -7.75610316522916
19415000 -7.76014524866297
19416000 -7.78836251542508
19417000 -7.76870614209383
19418000 -7.75983578524016
19419000 -7.79579271110226
19420000 -7.77153169762151
19421000 -7.75511741930806
19422000 -7.78052353952882
19423000 -7.76850094647149
19424000 -7.76185459829597
19425000 -7.78715822273514
19426000 -7.77218557008512
19427000 -7.75777295117189
19428000 -7.78294058313962
19429000 -7.78536037750807
19430000 -7.77311778640181
19431000 -7.7714104823379
19432000 -7.77885310083697
19433000 -7.77234500171069
19434000 -7.77746174974039
19435000 -7.77384380724908
19436000 -7.77628251028562
19437000 -7.78025913803484
19438000 -7.775584158944
19439000 -7.77523800726162
19440000 -7.76617528134802
19441000 -7.7795709621416
19442000 -7.79007185742921
19443000 -7.76783033815048
19444000 -7.78241886198208
19445000 -7.80482013571106
19446000 -7.76341482077914
19447000 -7.77729591413169
19448000 -7.79660570044114
19449000 -7.77962694055621
19450000 -7.7834257858165
19451000 -7.76580184719947
19452000 -7.7789441354756
19453000 -7.78911339795602
19454000 -7.78239561324145
19455000 -7.78007624166615
19456000 -7.79273733678989
19457000 -7.77996570334657
19458000 -7.77546776777408
19459000 -7.79130527534105
19460000 -7.78945470933751
19461000 -7.78527495324841
19462000 -7.78096031281587
19463000 -7.78767545538847
19464000 -7.79111594361891
19465000 -7.7753501064978
19466000 -7.79109505332703
19467000 -7.7942157823137
19468000 -7.79570392273404
19469000 -7.78486316335545
19470000 -7.77822805198802
19471000 -7.79469855783218
19472000 -7.79722426813485
19473000 -7.78763362246731
19474000 -7.78331992552326
19475000 -7.80304268024412
19476000 -7.78035470871545
19477000 -7.77884159052955
19478000 -7.79346984017825
19479000 -7.79326985198688
19480000 -7.80023532458267
19481000 -7.7819433785365
19482000 -7.79441160348821
19483000 -7.80108865650206
19484000 -7.79015112317009
19485000 -7.79448277546357
19486000 -7.79188591269857
19487000 -7.80876998725435
19488000 -7.79600641080795
19489000 -7.78474638839213
19490000 -7.81355988116196
19491000 -7.79234733376702
19492000 -7.80041601300327
19493000 -7.81357623930888
19494000 -7.79646122072293
19495000 -7.79374318610804
19496000 -7.79917514649124
19497000 -7.7943142712252
19498000 -7.81301944053165
19499000 -7.79933890427484
19500000 -7.7841452742297
19501000 -7.80496317387978
19502000 -7.81680689929983
19503000 -7.79317196005674
19504000 -7.79927714480278
19505000 -7.81442839464526
19506000 -7.79718479381985
19507000 -7.78517212472553
19508000 -7.79115869369753
19509000 -7.80442484427261
19510000 -7.81563575378742
19511000 -7.80559889755442
19512000 -7.79404684590691
19513000 -7.80346005920207
19514000 -7.81067909245706
19515000 -7.81113422336908
19516000 -7.80927958488903
19517000 -7.80852595430677
19518000 -7.81333703870863
19519000 -7.80034439848026
19520000 -7.79726956882906
19521000 -7.81683184907061
19522000 -7.82137635095699
19523000 -7.80287671862052
19524000 -7.81345623809805
19525000 -7.81252479141858
19526000 -7.79104628313981
19527000 -7.8180870138504
19528000 -7.81592479620677
19529000 -7.80272383421663
19530000 -7.81691126738092
19531000 -7.81367866996276
19532000 -7.80277527490598
19533000 -7.81511241987018
19534000 -7.82123939767035
19535000 -7.81834031917785
19536000 -7.81434403985112
19537000 -7.81476326719498
19538000 -7.8142530114658
19539000 -7.81729926292119
19540000 -7.81848538285661
19541000 -7.82016324348305
19542000 -7.81850043890322
19543000 -7.82453611845322
19544000 -7.81029569651756
19545000 -7.80692221512045
19546000 -7.84035749935742
19547000 -7.8299506499076
19548000 -7.80040698977264
19549000 -7.81603663624238
19550000 -7.83829427121784
19551000 -7.8161657462069
19552000 -7.81573392662482
19553000 -7.8303374177441
19554000 -7.81892498536181
19555000 -7.81764996291997
19556000 -7.82700001577946
19557000 -7.82183938949114
19558000 -7.82215982862049
19559000 -7.82827719334654
19560000 -7.8218916738468
19561000 -7.82875743354203
19562000 -7.8239035193414
19563000 -7.81382288281223
19564000 -7.81902434891374
19565000 -7.81934179245733
19566000 -7.82651783540754
19567000 -7.83429573094958
19568000 -7.81846224551685
19569000 -7.81168405367613
19570000 -7.84482072718613
19571000 -7.82162008555872
19572000 -7.82141687488277
19573000 -7.850789457072
19574000 -7.82468466890403
19575000 -7.81111712719773
19576000 -7.83468267246485
19577000 -7.847293161435
19578000 -7.82753018676182
19579000 -7.82268931937668
19580000 -7.84030535279762
19581000 -7.82554433142561
19582000 -7.84099735551088
19583000 -7.83228224529354
19584000 -7.81793239241396
19585000 -7.83803159981309
19586000 -7.84682163270083
19587000 -7.83106527079055
19588000 -7.8181796895104
19589000 -7.8448826096862
19590000 -7.83453387452178
19591000 -7.83862529731116
19592000 -7.82893712280929
19593000 -7.84298672587106
19594000 -7.83345099753941
19595000 -7.83447553166122
19596000 -7.83837656450872
19597000 -7.83544287977921
19598000 -7.84012495529323
19599000 -7.85201300772551
19600000 -7.82363687788176
19601000 -7.83273966276024
19602000 -7.85324522678459
19603000 -7.84981922848305
19604000 -7.82809684812924
19605000 -7.84533963191414
19606000 -7.84711771223654
19607000 -7.84188131557851
19608000 -7.85388823569948
19609000 -7.83535143955023
19610000 -7.83765214392396
19611000 -7.85678663337141
19612000 -7.83626504871607
19613000 -7.83651780980616
19614000 -7.8561054208004
19615000 -7.84333699510207
19616000 -7.83407917546645
19617000 -7.8475124058731
19618000 -7.84953568888441
19619000 -7.85402031981616
19620000 -7.83583598069615
19621000 -7.85398931032551
19622000 -7.85372289865653
19623000 -7.84468826165292
19624000 -7.85593869510423
19625000 -7.8514602832252
19626000 -7.8574421890761
19627000 -7.86447854041913
19628000 -7.85494252413139
19629000 -7.84157639460874
19630000 -7.86684132157184
19631000 -7.85058783641196
19632000 -7.84330891074228
19633000 -7.86842264650239
19634000 -7.85685289558145
19635000 -7.83772868058469
19636000 -7.86916101199427
19637000 -7.84917175211938
19638000 -7.85251156230836
19639000 -7.85490899137354
19640000 -7.86035294834331
19641000 -7.85948872056521
19642000 -7.85895213910025
19643000 -7.85707819510749
19644000 -7.85195441707186
19645000 -7.85469614357805
19646000 -7.86968805250662
19647000 -7.8549650240904
19648000 -7.84780311390497
19649000 -7.86489804963175
19650000 -7.85694052356008
19651000 -7.8614795279808
19652000 -7.86136797920343
19653000 -7.85763350326309
19654000 -7.86440928998052
19655000 -7.86038449145182
19656000 -7.86166739298813
19657000 -7.85667748543616
19658000 -7.86979960374586
19659000 -7.86659622292487
19660000 -7.85628274186143
19661000 -7.86633425734678
19662000 -7.86854136027358
19663000 -7.84824164701068
19664000 -7.8627696882238
19665000 -7.87213777888231
19666000 -7.84919887560106
19667000 -7.87056606977877
19668000 -7.87651144413054
19669000 -7.84112821175271
19670000 -7.86717937025877
19671000 -7.87364482669821
19672000 -7.84758511613487
19673000 -7.85660298609455
19674000 -7.8759972618576
19675000 -7.87177179322054
19676000 -7.8707879618292
19677000 -7.85833528760497
19678000 -7.85998420973014
19679000 -7.87533842194318
19680000 -7.87400198705355
19681000 -7.86455847816555
19682000 -7.87217259069963
19683000 -7.87657260522688
19684000 -7.8679584718468
19685000 -7.88190637600333
19686000 -7.86035847660754
19687000 -7.87386024756466
19688000 -7.89007587031426
19689000 -7.86231388134611
19690000 -7.87663473144965
19691000 -7.88746599111063
19692000 -7.86434808079116
19693000 -7.87303090512105
19694000 -7.88518962711077
19695000 -7.86740720354153
19696000 -7.88422783891076
19697000 -7.87810187131426
19698000 -7.86474495379339
19699000 -7.88805489672733
19700000 -7.89783683557406
19701000 -7.86172172158804
19702000 -7.87161936731164
19703000 -7.89479658535478
19704000 -7.86290768635438
19705000 -7.8811046644425
19706000 -7.88987568976226
19707000 -7.86597373279737
19708000 -7.88226207147042
19709000 -7.8825506892
19710000 -7.8654387037912
19711000 -7.88407423319006
19712000 -7.89615648273294
19713000 -7.87467176441091
19714000 -7.87543098332471
19715000 -7.88740142648686
19716000 -7.8945494315617
19717000 -7.90748728002384
19718000 -7.86926966221441
19719000 -7.87564152296452
19720000 -7.90229072038845
19721000 -7.87433714942042
19722000 -7.88414392654085
19723000 -7.90491702865875
19724000 -7.87356420687201
19725000 -7.89259935637519
19726000 -7.89329804986757
19727000 -7.86351140590631
19728000 -7.90884826357998
19729000 -7.90532336714232
19730000 -7.85250724078911
19731000 -7.90848062831322
19732000 -7.90109877569809
19733000 -7.86727922721185
19734000 -7.91232444738252
19735000 -7.8982856905043
19736000 -7.87683310658023
19737000 -7.88875292510556
19738000 -7.897146965413
19739000 -7.88311665913872
19740000 -7.91227552096609
19741000 -7.89180177371885
19742000 -7.88164628921742
19743000 -7.89679637488565
19744000 -7.89350534199672
19745000 -7.89221329963233
19746000 -7.91754955989809
19747000 -7.88423064236834
19748000 -7.88648809233582
19749000 -7.91921591832296
19750000 -7.88465770559455
19751000 -7.87903107399426
19752000 -7.9048420899773
19753000 -7.90442371108987
19754000 -7.89467351080528
19755000 -7.90289574330329
19756000 -7.88922666677299
19757000 -7.91685571446689
19758000 -7.91883186773979
19759000 -7.8720198512028
19760000 -7.89521933198934
19761000 -7.93011528901846
19762000 -7.89553773386871
19763000 -7.90099999204778
19764000 -7.89878876629508
19765000 -7.89316167614472
19766000 -7.92292037700373
19767000 -7.89816747529234
19768000 -7.88562511789101
19769000 -7.91663253240725
19770000 -7.92064518978141
19771000 -7.89801795195753
19772000 -7.89801529879082
19773000 -7.9082150616214
19774000 -7.90637154437627
19775000 -7.92327046475184
19776000 -7.90597354920884
19777000 -7.88784706035846
19778000 -7.90800826062212
19779000 -7.9194747940793
19780000 -7.91508627462999
19781000 -7.91042319444698
19782000 -7.89887535265311
19783000 -7.91850675401398
19784000 -7.91623704924268
19785000 -7.90644855964776
19786000 -7.91803899637984
19787000 -7.90357692897687
19788000 -7.90222488017828
19789000 -7.924386807746
19790000 -7.90407628746677
19791000 -7.88678009956573
19792000 -7.93590499825103
19793000 -7.91731796810808
19794000 -7.89925413520884
19795000 -7.93069383866331
19796000 -7.89840923935974
19797000 -7.91617105444016
19798000 -7.93723871241436
19799000 -7.90369086934844
19800000 -7.90277997096425
19801000 -7.93084305756182
19802000 -7.90611382830049
19803000 -7.92300490721868
19804000 -7.92739567715443
19805000 -7.88980464133335
19806000 -7.92406109007441
19807000 -7.94836540322804
19808000 -7.90089405444147
19809000 -7.9100453308697
19810000 -7.93762344618392
19811000 -7.90816319861941
19812000 -7.92731029904784
19813000 -7.92763230712079
19814000 -7.90318654361803
19815000 -7.93595443630258
19816000 -7.93548578716879
19817000 -7.90836461608283
19818000 -7.92954017914969
19819000 -7.92905392718835
19820000 -7.91528398976964
19821000 -7.92871832629643
19822000 -7.91873888852794
19823000 -7.90331286349844
19824000 -7.94784283502998
19825000 -7.93170576192988
19826000 -7.90518378293111
19827000 -7.93892587005681
19828000 -7.92453437926594
19829000 -7.91246509223956
19830000 -7.95180681959263
19831000 -7.92119431656088
19832000 -7.90235318326896
19833000 -7.9570044050239
19834000 -7.92287947747248
19835000 -7.91795830162782
19836000 -7.95120388809308
19837000 -7.9213448533467
19838000 -7.92937569378544
19839000 -7.94152063607426
19840000 -7.91705274404336
19841000 -7.9331940166131
19842000 -7.93805460526147
19843000 -7.92780109381308
19844000 -7.93335145337606
19845000 -7.94177416351935
19846000 -7.92828589828363
19847000 -7.94184051454988
19848000 -7.93414416750115
19849000 -7.92762647393567
19850000 -7.95264495561952
19851000 -7.92839414025037
19852000 -7.92149869298841
19853000 -7.95144666848991
19854000 -7.9369384600134
19855000 -7.92037821140626
19856000 -7.93259060284837
19857000 -7.95024008088828
19858000 -7.93444044016518
19859000 -7.93914405680629
19860000 -7.93441892136796
19861000 -7.93488286634899
19862000 -7.94484154315741
19863000 -7.93289121281038
19864000 -7.94926889634266
19865000 -7.944901716594
19866000 -7.92964142583618
19867000 -7.94748917114116
19868000 -7.94476914696215
19869000 -7.92587516823043
19870000 -7.94931483460645
19871000 -7.95229911965483
19872000 -7.92482812412904
19873000 -7.95126356175954
19874000 -7.95808243720203
19875000 -7.93822281813395
19876000 -7.94877506555081
19877000 -7.94926723642517
19878000 -7.93996621718823
19879000 -7.95194616551916
19880000 -7.95511851563233
19881000 -7.94549029912076
19882000 -7.95133735328227
19883000 -7.94608719795679
19884000 -7.92984852842134
19885000 -7.95139960214462
19886000 -7.95198162508296
19887000 -7.94757009568066
19888000 -7.95990414900627
19889000 -7.96170616067674
19890000 -7.94225108313985
19891000 -7.95155217253324
19892000 -7.9542454072659
19893000 -7.95651949978429
19894000 -7.94809294368913
19895000 -7.95007025203146
19896000 -7.93832992255968
19897000 -7.950280812268
19898000 -7.95847350267318
19899000 -7.95280355876885
19900000 -7.95545748666734
19901000 -7.95297773572687
19902000 -7.95191850854881
19903000 -7.94794768441124
19904000 -7.96689576688398
19905000 -7.95316106104222
19906000 -7.94101576339928
19907000 -7.97714297143916
19908000 -7.96455368034704
19909000 -7.93596817259423
19910000 -7.96857316865716
19911000 -7.97295658019789
19912000 -7.94329837925629
19913000 -7.96134015065484
19914000 -7.97286178218977
19915000 -7.94874391232507
19916000 -7.97309317982071
19917000 -7.96301088373532
19918000 -7.94761291588068
19919000 -7.96749540811568
19920000 -7.95539162609649
19921000 -7.96840140601607
19922000 -7.97690782249165
19923000 -7.94506417124727
19924000 -7.95736092079364
19925000 -7.97603903680898
19926000 -7.95069871363088
19927000 -7.95823422460273
19928000 -7.97697135040017
19929000 -7.95472341852445
19930000 -7.94816863894111
19931000 -7.96954963917695
19932000 -7.96615806642149
19933000 -7.95996138311034
19934000 -7.98440234323033
19935000 -7.9420457316015
19936000 -7.95386384669983
19937000 -7.99910129900202
19938000 -7.96998900706635
19939000 -7.9620213174205
19940000 -7.96797750373976
19941000 -7.95355109409563
19942000 -7.9756589388165
19943000 -7.99111054245427
19944000 -7.95178354484816
19945000 -7.97075058477857
19946000 -8.00349695316715
19947000 -7.95542476760056
19948000 -7.96457253557173
19949000 -7.99824985890885
19950000 -7.96048114079593
19951000 -7.97541958518786
19952000 -7.98642411731634
19953000 -7.95959537410466
19954000 -7.96077077381527
19955000 -7.97899434403454
19956000 -7.9729436571857
19957000 -7.98732452607521
19958000 -7.97381614508298
19959000 -7.95516926047628
19960000 -7.97429257508869
19961000 -7.98434544930275
19962000 -7.97670419382848
19963000 -7.97070306898168
19964000 -7.96269835785006
19965000 -7.97976888191312
19966000 -7.98536182244747
19967000 -7.97771012710526
19968000 -7.98578529552228
19969000 -7.97054795541049
19970000 -7.97910441210249
19971000 -7.98578812997042
19972000 -7.98347568817735
19973000 -7.98725684925587
19974000 -7.98866437196877
19975000 -7.97994812467954
19976000 -7.98413702276358
19977000 -7.97083642959427
19978000 -8.00047891212166
19979000 -7.99699710656035
19980000 -7.96455486011298
19981000 -7.98057831549227
19982000 -7.99554156382111
19983000 -7.9850503556421
19984000 -8.00338914030389
19985000 -7.9897887752059
19986000 -7.9688678531216
19987000 -8.00127785785485
19988000 -8.00995655188254
19989000 -7.9743665422026
19990000 -7.99800621439099
19991000 -7.98259763047996
19992000 -7.97383184030491
19993000 -8.00712714005543
19994000 -7.99838013416101
19995000 -7.96775092514328
19996000 -7.99164976136945
19997000 -7.99737089126241
19998000 -7.97714849802098
19999000 -8.00039291937342
20000000 -7.99687795635844
20001000 -7.9763398939959
20002000 -7.99987521309764
20003000 -7.99989552859047
20004000 -7.99346030032671
20005000 -8.00237371228264
20006000 -7.98981353694951
20007000 -7.98544231684436
20008000 -8.00718531588328
20009000 -7.99259199178106
20010000 -7.98605224600663
20011000 -8.00310670348009
20012000 -7.98920238823965
20013000 -8.00284393903017
20014000 -8.00396823443744
20015000 -7.992822533822
20016000 -7.99015102327077
20017000 -8.00165649063389
20018000 -7.99471009566796
20019000 -8.00779471075858
20020000 -7.99740373991336
20021000 -7.99300788162508
20022000 -8.00621371567089
20023000 -8.0060092124161
20024000 -8.00003624539193
20025000 -8.00387492393494
20026000 -7.99304625175872
20027000 -8.00083823354871
20028000 -7.99944514856711
20029000 -8.00488760111598
20030000 -7.99907383060856
20031000 -7.99777414835865
20032000 -8.01194670880179
20033000 -8.01170688182911
20034000 -7.99773891232727
20035000 -7.99815533350357
20036000 -8.010377125405
20037000 -8.00819190753751
20038000 -8.00068597593125
20039000 -7.99959809063893
20040000 -8.00484686234762
20041000 -8.00345509747442
20042000 -8.02472069510727
20043000 -8.00951863389476
20044000 -7.98747576296221
20045000 -8.0133080612456
20046000 -8.01592792102936
20047000 -7.99564448727882
20048000 -8.00996065975494
20049000 -8.02033959666538
20050000 -7.99628289609497
20051000 -8.02001276702749
20052000 -8.01190986615653
20053000 -7.99458245952824
20054000 -8.01655486964837
20055000 -8.01900544339647
20056000 -7.99572688316754
20057000 -8.02143873385489
20058000 -8.02510700734986
20059000 -8.00557704624671
20060000 -8.02859559062493
20061000 -8.0102769666009
20062000 -7.99192348486871
20063000 -8.03302319943261
20064000 -8.0372354530351
20065000 -8.00347913885864
20066000 -8.00749854025171
20067000 -8.02310151504282
20068000 -8.0269760150941
20069000 -8.01733325953492
20070000 -8.01657685603785
20071000 -8.01630159172602
20072000 -8.02113831466855
20073000 -8.01732847932603
20074000 -8.02742143996681
20075000 -8.03516909970192
20076000 -8.00766625479157
20077000 -8.02888346584862
20078000 -8.0173912570243
20079000 -8.01121933173787
20080000 -8.04179959851837
20081000 -8.01189003475293
20082000 -8.01167949149925
20083000 -8.04531422184715
20084000 -8.01558309133981
20085000 -8.0150913020472
20086000 -8.04135237759355
20087000 -8.01185660368793
20088000 -8.02247759478001
20089000 -8.04494436364487
20090000 -8.01052442927988
20091000 -8.02230638017203
20092000 -8.05667117789088
20093000 -8.00247909251544
20094000 -8.01662305368092
20095000 -8.04743449375194
20096000 -8.0344456184126
20097000 -8.02870440634626
20098000 -8.04013014034902
20099000 -8.01535384781327
20100000 -8.02974049572142
20101000 -8.04857126089888
20102000 -8.02508169403558
20103000 -8.02571900139475
20104000 -8.03546057914114
20105000 -8.02894628560659
20106000 -8.03374758522495
20107000 -8.05144435529746
20108000 -8.03113551302641
20109000 -8.0242925985003
20110000 -8.02876216410887
20111000 -8.03739782818752
20112000 -8.04236655205324
20113000 -8.03908642968085
20114000 -8.02227308227971
20115000 -8.03002143152811
20116000 -8.04263412585844
20117000 -8.02817777117929
20118000 -8.0307318937642
20119000 -8.04405850016367
20120000 -8.02798230854929
20121000 -8.03332996794702
20122000 -8.04707125939977
20123000 -8.03013882322711
20124000 -8.03388273354212
20125000 -8.05549476698867
20126000 -8.02876167860523
20127000 -8.02944616119468
20128000 -8.05884570050853
20129000 -8.02708858962725
20130000 -8.03353176290232
20131000 -8.06326307282961
20132000 -8.02343855689355
20133000 -8.02661139137558
20134000 -8.07416634269058
20135000 -8.03821048636012
20136000 -8.02943624633329
20137000 -8.05832766654145
20138000 -8.04276947722038
20139000 -8.03045328381581
20140000 -8.06460353152587
20141000 -8.04854635191445
20142000 -8.00951517531144
20143000 -8.0733184314234
20144000 -8.06518479191721
20145000 -8.02311343628275
20146000 -8.04852679631405
20147000 -8.06057536408068
20148000 -8.03970504145837
20149000 -8.06747970795165
20150000 -8.05992863261755
20151000 -8.01928591540486
20152000 -8.06497202483692
20153000 -8.06970270429276
20154000 -8.02421101126896
20155000 -8.05567405611031
20156000 -8.06931327340538
20157000 -8.03944207072164
20158000 -8.0483209905221
20159000 -8.0566639566498
20160000 -8.03457974468156
20161000 -8.04574989855974
20162000 -8.07054851924425
20163000 -8.05207147368476
20164000 -8.0306841275013
20165000 -8.05847058919191
20166000 -8.06247386120809
20167000 -8.03710729821204
20168000 -8.06128946599875
20169000 -8.05970049502585
20170000 -8.04490073836045
20171000 -8.06703207555278
20172000 -8.07305435734649
20173000 -8.04860230326695
20174000 -8.05192519155271
20175000 -8.06895578319914
20176000 -8.04816544554563
20177000 -8.06578225452768
20178000 -8.07919456118984
20179000 -8.03788716622785
20180000 -8.06591033238251
20181000 -8.07972073717273
20182000 -8.04212561400734
20183000 -8.06868589050997
20184000 -8.08575488777242
20185000 -8.03618863985703
20186000 -8.05250733734838
20187000 -8.08162398563559
20188000 -8.04702174809599
20189000 -8.07130420120687
20190000 -8.08162734274566
20191000 -8.04692340542505
20192000 -8.0617075515944
20193000 -8.06742964269039
20194000 -8.05743009681073
20195000 -8.08352598959702
20196000 -8.06261582937651
20197000 -8.04669053557143
20198000 -8.08918810460962
20199000 -8.06912707093744
20200000 -8.0472599248443
20201000 -8.08510534090993
20202000 -8.06472546374778
20203000 -8.05260299893411
20204000 -8.08259717472157
20205000 -8.06512946050485
20206000 -8.04932797094965
20207000 -8.09541292617036
20208000 -8.08611662330157
20209000 -8.04344315261173
20210000 -8.07637782133102
20211000 -8.08178277840318
20212000 -8.05147148930229
20213000 -8.0819247404902
20214000 -8.07634976680354
20215000 -8.05841435446567
20216000 -8.08033457897372
20217000 -8.08605593528138
20218000 -8.05280259699041
20219000 -8.06432355616158
20220000 -8.08246341096379
20221000 -8.06254663903459
20222000 -8.0792955808986
20223000 -8.08260758451888
20224000 -8.07180517940283
20225000 -8.06735769616943
20226000 -8.09016694122342
20227000 -8.08763324470549
20228000 -8.07025132992888
20229000 -8.07117493070305
20230000 -8.08844779003068
20231000 -8.07504163097195
20232000 -8.0714528530037
20233000 -8.08906911977335
20234000 -8.07722580968718
20235000 -8.06812720698641
20236000 -8.08275707414969
20237000 -8.0795078765223
20238000 -8.08283420539709
20239000 -8.09231201921623
20240000 -8.06693365816265
20241000 -8.0689301965696
20242000 -8.09433022356215
20243000 -8.07608240704406
20244000 -8.08663987397645
20245000 -8.09178815035856
20246000 -8.07139133921419
20247000 -8.07975148636971
20248000 -8.09733670577936
20249000 -8.07998043552715
20250000 -8.07969088245372
20251000 -8.09302988402115
20252000 -8.07909533317615
20253000 -8.07068528040952
20254000 -8.10395509609928
20255000 -8.08110717099675
20256000 -8.0723813986607
20257000 -8.08806334280387
20258000 -8.08861038372988
20259000 -8.08224082725721
20260000 -8.10083702398639
20261000 -8.0837606199694
20262000 -8.08060937414213
20263000 -8.10094346064372
20264000 -8.10603537417216
20265000 -8.07210250876495
20266000 -8.08527901662034
20267000 -8.10274798332746
20268000 -8.08425814337873
20269000 -8.09295752567749
20270000 -8.09900451785617
20271000 -8.08860623102265
20272000 -8.09316790730411
20273000 -8.09821928350455
20274000 -8.08611001599878
20275000 -8.1058164297532
20276000 -8.09971677336712
20277000 -8.08750580537926
20278000 -8.10771923049029
20279000 -8.08552389573537
20280000 -8.07921203845026
20281000 -8.10639036358221
20282000 -8.11216413866127
20283000 -8.07849080266674
20284000 -8.09783442964795
20285000 -8.10110155762483
20286000 -8.09831638963659
20287000 -8.11236731134425
20288000 -8.09430195928013
20289000 -8.08786835267813
20290000 -8.09787895158538
20291000 -8.11247931529772
20292000 -8.09678795394027
20293000 -8.09372631640841
20294000 -8.10252943513911
20295000 -8.10387674099903
20296000 -8.09499641757083
20297000 -8.10304785194595
20298000 -8.10481189020112
20299000 -8.09668199303895
20300000 -8.09943251885237
20301000 -8.10442412070807
20302000 -8.09494703804872
20303000 -8.10322200217856
20304000 -8.11129941389808
20305000 -8.10079765818715
20306000 -8.09745083179657
20307000 -8.11895363865412
20308000 -8.1010430974962
20309000 -8.10364543168355
20310000 -8.10437306587277
20311000 -8.09249128672182
20312000 -8.11333424196607
20313000 -8.11326027606276
20314000 -8.10858442324807
20315000 -8.10677081304054
20316000 -8.1093897206414
20317000 -8.10684774094125
20318000 -8.10436774061656
20319000 -8.11343636757911
20320000 -8.11895775876567
20321000 -8.11534862405943
20322000 -8.10997764289031
20323000 -8.1183527401696
20324000 -8.10671513907062
20325000 -8.11307826985417
20326000 -8.10891194782922
20327000 -8.1154179902391
20328000 -8.12128798063446
20329000 -8.12238613915549
20330000 -8.09853318980109
20331000 -8.114113744174
20332000 -8.11770272608624
20333000 -8.11404624777039
20334000 -8.11064687330625
20335000 -8.09663867861959
20336000 -8.1127327762737
20337000 -8.1271122568288
20338000 -8.12493846235323
20339000 -8.09904123078623
20340000 -8.12064059623255
20341000 -8.10899217259113
20342000 -8.10458414380541
20343000 -8.12712047943818
20344000 -8.12505755960138
20345000 -8.10559971498584
20346000 -8.12266024253808
20347000 -8.13214009605372
20348000 -8.11558061364336
20349000 -8.11374497592363
20350000 -8.12503829696316
20351000 -8.10069016023025
20352000 -8.12319695011553
20353000 -8.14463281440479
20354000 -8.10871154915493
20355000 -8.1277970384067
20356000 -8.14215359194794
20357000 -8.10600402896141
20358000 -8.11450904812689
20359000 -8.14190844303518
20360000 -8.1189214962297
20361000 -8.11245978247166
20362000 -8.14683870511174
20363000 -8.12784711477104
20364000 -8.12059952696999
20365000 -8.13837237641721
20366000 -8.12355932969104
20367000 -8.11438693799732
20368000 -8.13982907715558
20369000 -8.11649994104045
20370000 -8.11249374777986
20371000 -8.14811053188062
20372000 -8.12827940837951
20373000 -8.12293154598252
20374000 -8.13030930076723
20375000 -8.1309190404792
20376000 -8.1129054913619
20377000 -8.13242235068054
20378000 -8.12873303975303
20379000 -8.13369430908608
20380000 -8.11760808548441
20381000 -8.13666120861615
20382000 -8.1371444853493
20383000 -8.12358592063079
20384000 -8.13631948371964
20385000 -8.14179788169677
20386000 -8.12224785056552
20387000 -8.12559963595559
20388000 -8.13507839878347
20389000 -8.13139020630575
20390000 -8.12695601182064
20391000 -8.14764328335638
20392000 -8.13367830261975
20393000 -8.11860759577193
20394000 -8.14195841734835
20395000 -8.13056570382732
20396000 -8.12103103279187
20397000 -8.15249732201547
20398000 -8.1398798201772
20399000 -8.10140233150723
20400000 -8.13233500069189
20401000 -8.16074439596945
20402000 -8.13582054007652
20403000 -8.13812996167777
20404000 -8.14990110345212
20405000 -8.11401287191691
20406000 -8.12061730326736
20407000 -8.16306157077703
20408000 -8.13249246234723
20409000 -8.11247944013924
20410000 -8.14261792644311
20411000 -8.15129600818136
20412000 -8.12642947286147
20413000 -8.14671554819035
20414000 -8.16119547986983
20415000 -8.13025649996353
20416000 -8.14556750698968
20417000 -8.14135971293141
20418000 -8.1244740189175
20419000 -8.14676418919448
20420000 -8.14398065740267
20421000 -8.12815290759936
20422000 -8.13346609141213
20423000 -8.15985701385996
20424000 -8.15194431950489
20425000 -8.14027466796432
20426000 -8.14547809082048
20427000 -8.13558730409573
20428000 -8.12102825304923
20429000 -8.15260251762103
20430000 -8.14626731318866
20431000 -8.13961062339266
20432000 -8.14280005592023
20433000 -8.14269135392637
20434000 -8.14169023049441
20435000 -8.16805598637918
20436000 -8.16167948186277
20437000 -8.12033986493998
20438000 -8.15070711941342
20439000 -8.15796626497861
20440000 -8.14461510074597
20441000 -8.12981808382681
20442000 -8.15931739758292
20443000 -8.15356420545372
20444000 -8.13118216282879
20445000 -8.17271884376586
20446000 -8.16603647069251
20447000 -8.14285080125913
20448000 -8.16137396684714
20449000 -8.16482150980457
20450000 -8.13814811643603
20451000 -8.16761763506281
20452000 -8.16909310864712
20453000 -8.14493440691184
20454000 -8.15043535216452
20455000 -8.16654233011195
20456000 -8.1517534898763
20457000 -8.16821040040893
20458000 -8.15867534221467
20459000 -8.14588090495566
20460000 -8.14489210697899
20461000 -8.14313510258104
20462000 -8.14217991757344
20463000 -8.13603073247201
20464000 -8.16331028783325
20465000 -8.16891270272979
20466000 -8.15802988056082
20467000 -8.15702760632493
20468000 -8.15461383755921
20469000 -8.16682069990814
20470000 -8.17844811217968
20471000 -8.15793690422863
20472000 -8.14566715375072
20473000 -8.15521857583988
20474000 -8.15771670323038
20475000 -8.14422866057443
20476000 -8.15111359612867
20477000 -8.15214933464143
20478000 -8.17611484575393
20479000 -8.17121596475964
20480000 -8.1529273070244
20481000 -8.16006780665381
20482000 -8.18035317258285
20483000 -8.16716145794543
20484000 -8.16152187135267
20485000 -8.16999651764523
20486000 -8.15663892762422
20487000 -8.15605165104522
20488000 -8.18550023878621
20489000 -8.16544369100668
20490000 -8.14726969109878
20491000 -8.19343426572367
20492000 -8.18937443217919
20493000 -8.15871050426721
20494000 -8.17283210890185
20495000 -8.17431174959676
20496000 -8.14959289353596
20497000 -8.17510267751215
20498000 -8.19583453260198
20499000 -8.15923907782439
20500000 -8.15513605310815
20501000 -8.18114254236183
20502000 -8.16207529022591
20503000 -8.1696113276233
20504000 -8.20367287980597
20505000 -8.16721361704212
20506000 -8.15130117423827
20507000 -8.19259910013192
20508000 -8.18158125574914
20509000 -8.1540314853709
20510000 -8.18378344756533
20511000 -8.18782845864729
20512000 -8.15740167764552
20513000 -8.17941919472614
20514000 -8.21261086660814
20515000 -8.16128301996182
20516000 -8.16377794996793
20517000 -8.2060872025705
20518000 -8.17490616161786
20519000 -8.16186616815833
20520000 -8.18404177441366
20521000 -8.16793961950256
20522000 -8.16751018211641
20523000 -8.18987842858463
20524000 -8.1911765361124
20525000 -8.17146544724507
20526000 -8.17136988082006
20527000 -8.19178065900037
20528000 -8.18485548674157
20529000 -8.18411684605403
20530000 -8.19123817844178
20531000 -8.17691439255059
20532000 -8.16726371860431
20533000 -8.17730332571837
20534000 -8.21144525290283
20535000 -8.1835673431234
20536000 -8.17022844688258
20537000 -8.18421672251091
20538000 -8.18863084491649
20539000 -8.18678286808867
20540000 -8.20877546442106
20541000 -8.20995946486052
20542000 -8.17627481855681
20543000 -8.1880147350678
20544000 -8.19690259867166
20545000 -8.190052852127
20546000 -8.1893727948496
20547000 -8.19808714613913
20548000 -8.1842388454935
20549000 -8.17580190870932
20550000 -8.21720198132522
20551000 -8.20446668695468
20552000 -8.17713154953778
20553000 -8.20288677663749
20554000 -8.21162086583054
20555000 -8.1887266199539
20556000 -8.20083163893106
20557000 -8.20174571923735
20558000 -8.18407619591978
20559000 -8.18915491676447
20560000 -8.19842138343323
20561000 -8.18174350307601
20562000 -8.20370308958878
20563000 -8.21894843484444
20564000 -8.19747633053171
20565000 -8.19005164670997
20566000 -8.19761568634692
20567000 -8.1935745995565
20568000 -8.19904433154503
20569000 -8.21465920946503
20570000 -8.21033591286745
20571000 -8.17763214698738
20572000 -8.21175582537121
20573000 -8.21770406843104
20574000 -8.18829012104571
20575000 -8.20264794923904
20576000 -8.22621058563208
20577000 -8.1858263739293
20578000 -8.20617866483891
20579000 -8.22681904232885
20580000 -8.18513756011802
20581000 -8.18183797494058
20582000 -8.21865006002813
20583000 -8.20567316381775
20584000 -8.18981798087074
20585000 -8.22398458264936
20586000 -8.22338398512231
20587000 -8.19217178171225
20588000 -8.21812447157691
20589000 -8.22478098695479
20590000 -8.18668908353313
20591000 -8.20709333214538
20592000 -8.24229536706196
20593000 -8.19143564348242
20594000 -8.19964873841808
20595000 -8.22148405035638
20596000 -8.18008850300812
20597000 -8.20036677525897
20598000 -8.22725655997926
20599000 -8.21663058469794
20600000 -8.19562448392934
20601000 -8.20906381592403
20602000 -8.20295299532686
20603000 -8.21307976864174
20604000 -8.23092826879885
20605000 -8.21646347247214
20606000 -8.18869312852001
20607000 -8.20571449055968
20608000 -8.23537134966393
20609000 -8.21400661707531
20610000 -8.22051652919094
20611000 -8.2421885950731
20612000 -8.21347503460014
20613000 -8.20381363374804
20614000 -8.22564606509619
20615000 -8.20786347753329
20616000 -8.19599671986016
20617000 -8.22069248123669
20618000 -8.23084034262252
20619000 -8.20761516686028
20620000 -8.23195654378189
20621000 -8.23492597454837
20622000 -8.20898946310198
20623000 -8.21809198166283
20624000 -8.22778301779811
20625000 -8.21233741888376
20626000 -8.20313508286681
20627000 -8.21603673131353
20628000 -8.23878009808383
20629000 -8.21886536050411
20630000 -8.2301083442423
20631000 -8.23112709729798
20632000 -8.21632346163766
20633000 -8.2138478791629
20634000 -8.22438383392676
20635000 -8.22558361376242
20636000 -8.20374007277475
20637000 -8.22150860438348
20638000 -8.23163810443287
20639000 -8.2201728810295
20640000 -8.2284901006758
20641000 -8.2422506169568
20642000 -8.22653932496556
20643000 -8.21849997188208
20644000 -8.24221519001577
20645000 -8.22781303773228
20646000 -8.2321685441715
20647000 -8.24574125502432
20648000 -8.2191806977074
20649000 -8.20464171445751
20650000 -8.23134208989463
20651000 -8.22709952238275
20652000 -8.20489298546409
20653000 -8.21789767277741
20654000 -8.23658553864778
20655000 -8.22474443843813
20656000 -8.20782244159392
20657000 -8.25336244568251
20658000 -8.2413654761373
20659000 -8.221011918291
20660000 -8.25661258384478
20661000 -8.23336533946161
20662000 -8.20940748275646
20663000 -8.25669820011634
20664000 -8.2410956572049
20665000 -8.20471381142133
20666000 -8.22199601206349
20667000 -8.24307007070846
20668000 -8.21578556302066
20669000 -8.22528859991063
20670000 -8.25140824287213
20671000 -8.24249106238185
20672000 -8.21155268230726
20673000 -8.24566953313479
20674000 -8.25237246984793
20675000 -8.22123501698534
20676000 -8.25388227928583
20677000 -8.24332215372781
20678000 -8.21542003732064
20679000 -8.22768852852726
20680000 -8.24707558495665
20681000 -8.22522429894419
20682000 -8.21570964811328
20683000 -8.23053188858747
20684000 -8.23223571524511
20685000 -8.20673985274295
20686000 -8.19906914228683
20687000 -8.22012310439203
20688000 -8.21733499090234
20689000 -8.2052570161482
20690000 -8.16943803271383
20691000 -8.12622848277712
20692000 -8.11086278874876
20693000 -8.1269179404764
20694000 -8.12120052042918
20695000 -8.11916818632654
20696000 -8.12606132865875
20697000 -8.15087520591873
20698000 -8.16772140399154
20699000 -8.17536067242376
20700000 -8.18838319588738
20701000 -8.17957009498237
20702000 -8.20437244699982
20703000 -8.22528971250416
20704000 -8.22165863350663
20705000 -8.19862370366814
20706000 -8.20407957825347
20707000 -8.21115417524781
20708000 -8.2384721480591
20709000 -8.20311720337965
20710000 -8.17557952852185
20711000 -8.15072696971575
20712000 -8.14539947322845
20713000 -8.14299748056831
20714000 -8.13542628082798
20715000 -8.13113608649565
20716000 -8.14409621090076
20717000 -8.14072893049687
20718000 -8.1452202406449
20719000 -8.15293921736916
20720000 -8.15863986888429
20721000 -8.20136839968689
20722000 -8.21804304773761
20723000 -8.22296427148613
20724000 -8.22962018437034
20725000 -8.21420883662165
20726000 -8.19431905722
20727000 -8.20036863617468
20728000 -8.19192717507682
20729000 -8.17863679916293
20730000 -8.18872566876183
20731000 -8.16248901472297
20732000 -8.14111666996883
20733000 -8.12289193652164
20734000 -8.14367404451762
20735000 -8.1556908908836
20736000 -8.12934973903134
20737000 -8.15509497442696
20738000 -8.19282633095468
20739000 -8.18199811233392
20740000 -8.18927583599669
20741000 -8.2073078938254
20742000 -8.19742356825287
20743000 -8.19001449857968
20744000 -8.21659776556703
20745000 -8.21869648997366
20746000 -8.1778022371128
20747000 -8.17137763638985
20748000 -8.1548918121905
20749000 -8.13425526756498
20750000 -8.14317502901356
20751000 -8.15694471628976
20752000 -8.13607670468365
20753000 -8.15883490488478
20754000 -8.15598075577445
20755000 -8.16121954911419
20756000 -8.17563962782505
20757000 -8.18096965362218
20758000 -8.20649204551638
20759000 -8.19862330132842
20760000 -8.2241342368793
20761000 -8.23414513333828
20762000 -8.20852401902436
20763000 -8.19822017022408
20764000 -8.18256420986421
20765000 -8.17604754674022
20766000 -8.16852024139162
20767000 -8.15152278475269
20768000 -8.1595665188786
20769000 -8.14847264958323
20770000 -8.14486181191567
20771000 -8.15106239190268
20772000 -8.17654402801423
20773000 -8.19163371684329
20774000 -8.18262798638712
20775000 -8.21195736375188
20776000 -8.22577233025666
20777000 -8.22533587217202
20778000 -8.21843486302607
20779000 -8.20015343373316
20780000 -8.19275023463583
20781000 -8.17789727836591
20782000 -8.17207482339355
20783000 -8.1655394145422
20784000 -8.149517618158
20785000 -8.14475884542548
20786000 -8.14747890803205
20787000 -8.16328302713977
20788000 -8.1567688394259
20789000 -8.16666548647123
20790000 -8.19670572204626
20791000 -8.19484618724713
20792000 -8.2103442957305
20793000 -8.21536034975773
20794000 -8.23641694919304
20795000 -8.21270569435302
20796000 -8.20080788788462
20797000 -8.21031965767901
20798000 -8.19766329947715
20799000 -8.17965274177767
20800000 -8.16736800505761
20801000 -8.15375152757651
20802000 -8.16663350889028
20803000 -8.148127074974
20804000 -8.14730846519314
20805000 -8.16603648956939
20806000 -8.17403284264197
20807000 -8.19411507528229
20808000 -8.20162983958353
20809000 -8.20947037672286
20810000 -8.22623148115414
20811000 -8.22493255091515
20812000 -8.23682598731571
20813000 -8.2269479618758
20814000 -8.2031620600277
20815000 -8.18167011168297
20816000 -8.17074128352948
20817000 -8.17594086682704
20818000 -8.16422853798993
20819000 -8.1554893967056
20820000 -8.14900519244392
20821000 -8.16168842133179
20822000 -8.19497413673094
20823000 -8.19403110835529
20824000 -8.22729504418267
20825000 -8.2096549059422
20826000 -8.20316258928551
20827000 -8.2194565182622
20828000 -8.22161005177695
20829000 -8.22444617608526
20830000 -8.23013331282573
20831000 -8.20385451442914
20832000 -8.20120723440171
20833000 -8.17936714506933
20834000 -8.16352143398161
20835000 -8.15246067852338
20836000 -8.17014249876596
20837000 -8.16827002217304
20838000 -8.17748111079373
20839000 -8.18770826372692
20840000 -8.20979742101993
20841000 -8.23053426707773
20842000 -8.24719594446657
20843000 -8.24977515498681
20844000 -8.21382695732252
20845000 -8.20616358089218
20846000 -8.20141995077316
20847000 -8.21538309300339
20848000 -8.19630375527725
20849000 -8.18444629732985
20850000 -8.16254880721022
20851000 -8.18831893111631
20852000 -8.18081811946452
20853000 -8.15993817275872
20854000 -8.18900849721559
20855000 -8.20268716983535
20856000 -8.21739013146037
20857000 -8.22405786555749
20858000 -8.24272016521738
20859000 -8.25109777640283
20860000 -8.25869058273173
20861000 -8.23471604618925
20862000 -8.2060525710311
20863000 -8.21229913088914
20864000 -8.19907878445401
20865000 -8.18668672412537
20866000 -8.1651013023066
20867000 -8.16596878601128
20868000 -8.1585305717744
20869000 -8.16916401461122
20870000 -8.17734085736292
20871000 -8.19976997235619
20872000 -8.21229024192286
20873000 -8.22066414412321
20874000 -8.22960594461599
20875000 -8.24274511643884
20876000 -8.23600356575634
20877000 -8.23976011635416
20878000 -8.22877125664986
20879000 -8.22254222550503
20880000 -8.21336961695349
20881000 -8.18679931454465
20882000 -8.17937987375743
20883000 -8.17252539270445
20884000 -8.15345226468499
20885000 -8.18689247407113
20886000 -8.19279607769493
20887000 -8.19494585071546
20888000 -8.21873228327813
20889000 -8.23649052675868
20890000 -8.23850496528521
20891000 -8.24737752983906
20892000 -8.26484013868196
20893000 -8.26725218183784
20894000 -8.23265746321547
20895000 -8.21407803285436
20896000 -8.22884102784277
20897000 -8.20069893015945
20898000 -8.20653872099756
20899000 -8.19040402002156
20900000 -8.17336910025287
20901000 -8.18164755547192
20902000 -8.18693348845028
20903000 -8.22113595966612
20904000 -8.23488218813845
20905000 -8.23672469931038
20906000 -8.24088902482938
20907000 -8.24873692558926
20908000 -8.24631490260258
20909000 -8.24816196426246
20910000 -8.24297104877908
20911000 -8.23640688252388
20912000 -8.22602513906416
20913000 -8.20410153377986
20914000 -8.19025678490761
20915000 -8.18192293948172
20916000 -8.15660497956082
20917000 -8.1922296468703
20918000 -8.21867163671679
20919000 -8.21432524322241
20920000 -8.22887015302223
20921000 -8.24713511390376
20922000 -8.26531242444898
20923000 -8.24911701313722
20924000 -8.25719833738203
20925000 -8.23322171483482
20926000 -8.21120727986611
20927000 -8.23604864325457
20928000 -8.21656031030183
20929000 -8.18721233629841
20930000 -8.19793534078169
20931000 -8.18955926073748
20932000 -8.19989981942382
20933000 -8.20954120413247
20934000 -8.22989516293945
20935000 -8.22585877229173
20936000 -8.24668978841007
20937000 -8.2446103502298
20938000 -8.25190623672859
20939000 -8.23647892498757
20940000 -8.25507092870422
20941000 -8.24898249153488
20942000 -8.25197721741679
20943000 -8.23583034061563
20944000 -8.2143490534082
20945000 -8.19774171293772
20946000 -8.20149264809552
20947000 -8.19723602326311
20948000 -8.2252088533394
20949000 -8.21065940757533
20950000 -8.23021029171833
20951000 -8.2278212417891
20952000 -8.24206383325333
20953000 -8.25090981248766
20954000 -8.26046765706542
20955000 -8.25475759112059
20956000 -8.26168618426813
20957000 -8.23245814132246
20958000 -8.23238267110328
20959000 -8.21695712025431
20960000 -8.21690937144715
20961000 -8.20789589478407
20962000 -8.19327800569051
20963000 -8.20137665117062
20964000 -8.2007642336806
20965000 -8.22191589919785
20966000 -8.22576407458732
20967000 -8.2348989934228
20968000 -8.26152711131171
20969000 -8.23896579101178
20970000 -8.25597000786269
20971000 -8.25704386408631
20972000 -8.22643212814095
20973000 -8.2266528730839
20974000 -8.22279305908349
20975000 -8.19358711114688
20976000 -8.2029071691072
20977000 -8.22542309325059
20978000 -8.22941759763969
20979000 -8.20994002891855
20980000 -8.24986519571909
20981000 -8.23376961024768
20982000 -8.24044629465759
20983000 -8.25287185338904
20984000 -8.26174837069127
20985000 -8.26602828174805
20986000 -8.25221837695727
20987000 -8.22519098116706
20988000 -8.22957645062645
20989000 -8.21233162309566
20990000 -8.20702727447791
20991000 -8.21880986242036
20992000 -8.22077234490629
20993000 -8.22897774832176
20994000 -8.24984293134062
20995000 -8.24356304282177
20996000 -8.25944950687391
20997000 -8.27331870179382
20998000 -8.267740343053
20999000 -8.24937931013476
21000000 -8.25787211094793
21001000 -8.23826903048762
21002000 -8.23272154994272
21003000 -8.22125407640166
21004000 -8.24306367160916
21005000 -8.21300271137301
21006000 -8.21992797090067
21007000 -8.22647423511224
21008000 -8.217837624117
21009000 -8.26248827497503
21010000 -8.2577694667327
21011000 -8.24702973709514
21012000 -8.25606938115916
21013000 -8.26275161497649
21014000 -8.25223962618056
21015000 -8.26308666773671
21016000 -8.24659688598829
21017000 -8.24487982060363
21018000 -8.24800909294003
21019000 -8.23568989105711
21020000 -8.23077499207604
21021000 -8.23386158795799
21022000 -8.23367341443293
21023000 -8.24565524955473
21024000 -8.24354242116007
21025000 -8.26304094375899
21026000 -8.24917863701906
21027000 -8.27387593411453
21028000 -8.25762106716128
21029000 -8.2721883465463
21030000 -8.258573445701
21031000 -8.24804909154806
21032000 -8.24650186793143
21033000 -8.27509853014725
21034000 -8.25600383080044
21035000 -8.25295578697461
21036000 -8.23179130078787
21037000 -8.24922304125903
21038000 -8.24622056509814
21039000 -8.25111575664629
21040000 -8.24619208147828
21041000 -8.25997022791944
21042000 -8.23713269148348
21043000 -8.26100628697867
21044000 -8.25301530633026
21045000 -8.26092353014011
21046000 -8.25707984397716
21047000 -8.25586933091623
21048000 -8.25252749341404
21049000 -8.25031606483432
21050000 -8.23968506258772
21051000 -8.24960436560316
21052000 -8.25772597449361
21053000 -8.25007884409615
21054000 -8.25880584886773
21055000 -8.27244382007568
21056000 -8.28672696931061
21057000 -8.27453056513211
21058000 -8.26473931872076
21059000 -8.25446157459043
21060000 -8.25167177172256
21061000 -8.24179757035301
21062000 -8.23075585949562
21063000 -8.23548712434808
21064000 -8.22424762516019
21065000 -8.22735864656442
21066000 -8.24473870061883
21067000 -8.24627364353553
21068000 -8.26828914207432
21069000 -8.26207376510332
21070000 -8.26149622012647
21071000 -8.28852563062318
21072000 -8.28248135412784
21073000 -8.27706826066183
21074000 -8.26694201431833
21075000 -8.26403443860767
21076000 -8.25329514105094
21077000 -8.25279737559234
21078000 -8.25114482999913
21079000 -8.23782693856623
21080000 -8.23998813247014
21081000 -8.23373072458376
21082000 -8.25762201570831
21083000 -8.27115445818963
21084000 -8.28610883724581
21085000 -8.28846008831813
21086000 -8.30462140093821
21087000 -8.29705276866841
21088000 -8.29707845163739
21089000 -8.28814124702104
21090000 -8.26018134563188
21091000 -8.26484242421767
21092000 -8.2503087445663
21093000 -8.24136176863318
21094000 -8.24284907625054
21095000 -8.22973622969468
21096000 -8.2326033343026
21097000 -8.2436441599555
21098000 -8.25505333887981
21099000 -8.27161883204427
21100000 -8.28237692589574
21101000 -8.28898394509883
21102000 -8.28665335084653
21103000 -8.30919968968485
21104000 -8.30619157946452
21105000 -8.27245154489634
21106000 -8.26990707187911
21107000 -8.2783645812954
21108000 -8.25326718558363
21109000 -8.24434237428544
21110000 -8.24116908169611
21111000 -8.23262993970619
21112000 -8.25213394091403
21113000 -8.25721166191995
21114000 -8.27998164406538
21115000 -8.27909616122709
21116000 -8.27550842721958
21117000 -8.28749287115421
21118000 -8.29451886647654
21119000 -8.28984889920588
21120000 -8.29144903896618
21121000 -8.25693987163622
21122000 -8.25451640001699
21123000 -8.23726709176809
21124000 -8.23518158028273
21125000 -8.24159487265102
21126000 -8.23531495081434
21127000 -8.23430744700075
21128000 -8.26532103202137
21129000 -8.27684830611789
21130000 -8.27670312293569
21131000 -8.26482487518856
21132000 -8.28993188435343
21133000 -8.31447650469993
21134000 -8.3392121846557
21135000 -8.30949046430041
21136000 -8.29349163714039
21137000 -8.27983766705509
21138000 -8.26590527687183
21139000 -8.2786633633701
21140000 -8.27770479071034
21141000 -8.26644959505697
21142000 -8.26860156008354
21143000 -8.26390794507803
21144000 -8.26994409671115
21145000 -8.26220134387286
21146000 -8.2717056034688
21147000 -8.26686281073519
21148000 -8.28986000194944
21149000 -8.29601405141132
21150000 -8.28427665325604
21151000 -8.28651771314943
21152000 -8.27695322407946
21153000 -8.27747872505815
21154000 -8.26115197392791
21155000 -8.28571587709849
21156000 -8.27060401995433
21157000 -8.27021948706115
21158000 -8.27290621603711
21159000 -8.28094856995362
21160000 -8.28398519686272
21161000 -8.28479697720179
21162000 -8.29605252408295
21163000 -8.29425325574069
21164000 -8.2955384153724
21165000 -8.31812119328921
21166000 -8.30312563461089
21167000 -8.29642983169187
21168000 -8.25153132124336
21169000 -8.27352531570436
21170000 -8.27100757527686
21171000 -8.24531510290305
21172000 -8.26432134149249
21173000 -8.26836448556782
21174000 -8.27790227155087
21175000 -8.2787996615902
21176000 -8.29872079528341
21177000 -8.28785156381318
21178000 -8.27542383169835
21179000 -8.28052901484524
21180000 -8.27651725482452
21181000 -8.28749920945512
21182000 -8.29122484605132
21183000 -8.27204077503463
21184000 -8.30123876011153
21185000 -8.28206025354155
21186000 -8.300951061535
21187000 -8.31948277044665
21188000 -8.30292413259443
21189000 -8.300745380529
21190000 -8.31717563947607
21191000 -8.32004655131031
21192000 -8.29770036135299
21193000 -8.29020309168572
21194000 -8.28852715232174
21195000 -8.28474390345088
21196000 -8.26348778261078
21197000 -8.26179011757048
21198000 -8.25455108628226
21199000 -8.2508805408043
21200000 -8.26620089150277
21201000 -8.28167640730226
21202000 -8.27941199996044
21203000 -8.27314888592648
21204000 -8.30740066484574
21205000 -8.32544989817377
21206000 -8.31068788111463
21207000 -8.31836741373397
21208000 -8.31731356103599
21209000 -8.29123756564357
21210000 -8.30915204084555
21211000 -8.30555521575549
21212000 -8.30230672568724
21213000 -8.29327310712566
21214000 -8.29726730213317
21215000 -8.2949615267087
21216000 -8.31494138406331
21217000 -8.31309737763166
21218000 -8.29857718353022
21219000 -8.31417079273364
21220000 -8.29988499321903
21221000 -8.31322647724034
21222000 -8.3090522292493
21223000 -8.31595117312379
21224000 -8.29017942017829
21225000 -8.28672642735695
21226000 -8.29526949683667
21227000 -8.27907972618722
21228000 -8.28669439304752
21229000 -8.27835151106269
21230000 -8.27484220230392
21231000 -8.30086071255937
21232000 -8.30943290937437
21233000 -8.33331294171951
21234000 -8.32174492702688
21235000 -8.32395479600414
21236000 -8.34652268707537
21237000 -8.33792711783048
21238000 -8.33528401790105
21239000 -8.31289461888651
21240000 -8.30961130045835
21241000 -8.29734459456962
21242000 -8.29236172334899
21243000 -8.29084315776182
21244000 -8.27650529958773
21245000 -8.27119813217433
21246000 -8.28060124526997
21247000 -8.28749171925293
21248000 -8.28664254785459
21249000 -8.3059256509296
21250000 -8.31400057162044
21251000 -8.32622456583156
21252000 -8.33889031442902
21253000 -8.35514035496919
21254000 -8.35032922010253
21255000 -8.35885749097427
21256000 -8.3496110954468
21257000 -8.32773106962041
21258000 -8.30697206034315
21259000 -8.3058701878375
21260000 -8.28607830495444
21261000 -8.28167308636863
21262000 -8.305892331054
21263000 -8.30298576611689
21264000 -8.30017955352328
21265000 -8.30155093249293
21266000 -8.30877318841409
21267000 -8.31905970673089
21268000 -8.31341928238146
21269000 -8.31656398088681
21270000 -8.32366947720678
21271000 -8.31323112017381
21272000 -8.31818042796331
21273000 -8.33240520449101
21274000 -8.3226698223481
21275000 -8.32030688909992
21276000 -8.32253635972286
21277000 -8.34194545525653
21278000 -8.33896810481585
21279000 -8.3264688489984
21280000 -8.3367863563827
21281000 -8.34045887198874
21282000 -8.33682416360587
21283000 -8.33524859463911
21284000 -8.31544734113583
21285000 -8.30968289055072
21286000 -8.30430864189793
21287000 -8.29478546513281
21288000 -8.30176969431469
21289000 -8.3036107909809
21290000 -8.30285372941497
21291000 -8.30288651108487
21292000 -8.30479660056811
21293000 -8.32180506249563
21294000 -8.32822637242637
21295000 -8.35642804344757
21296000 -8.34237947131521
21297000 -8.36323054232279
21298000 -8.36722356206653
21299000 -8.34893074563565
21300000 -8.35407659281726
21301000 -8.33184236309409
21302000 -8.31431817251785
21303000 -8.30389358369521
21304000 -8.29897715418486
21305000 -8.31470868717384
21306000 -8.29949224647367
21307000 -8.30120862105208
21308000 -8.29901469707834
21309000 -8.3143379939455
21310000 -8.34302071543675
21311000 -8.31457114102205
21312000 -8.34148025200331
21313000 -8.36587427510404
21314000 -8.34411919063508
21315000 -8.35140600617018
21316000 -8.35368060827601
21317000 -8.33256908095981
21318000 -8.32866956151446
21319000 -8.32391518815174
21320000 -8.34040012850158
21321000 -8.33006607798013
21322000 -8.32416120456825
21323000 -8.28921834795813
21324000 -8.30856177038773
21325000 -8.3133263717153
21326000 -8.31925097850971
21327000 -8.32252357924498
21328000 -8.33270766926632
21329000 -8.33666053386264
21330000 -8.32395263826401
21331000 -8.34077606164094
21332000 -8.3355978066103
21333000 -8.30695649096796
21334000 -8.31430505656
21335000 -8.33599632353053
21336000 -8.35094924070111
21337000 -8.31235095494306
21338000 -8.32708132596897
21339000 -8.32919252216528
21340000 -8.33555503440368
21341000 -8.34880354450454
21342000 -8.34491992433226
21343000 -8.34552347156985
21344000 -8.35468666957332
21345000 -8.34782651458733
21346000 -8.33625294570873
21347000 -8.32648261696982
21348000 -8.32513500468555
21349000 -8.32068565045735
21350000 -8.30618840626347
21351000 -8.31367274275852
21352000 -8.32971837730036
21353000 -8.30989771966543
21354000 -8.33233209786872
21355000 -8.35056478098517
21356000 -8.36044060874434
21357000 -8.37068107961522
21358000 -8.36390675729071
21359000 -8.37145549114135
21360000 -8.38160424415133
21361000 -8.35607838376096
21362000 -8.33136334435082
21363000 -8.32886124815962
21364000 -8.31193408659336
21365000 -8.31685188584269
21366000 -8.31631174672058
21367000 -8.32902677930952
21368000 -8.32769546850055
21369000 -8.3373723782822
21370000 -8.33806693956354
21371000 -8.33424380479605
21372000 -8.34945438453536
21373000 -8.34920412069949
21374000 -8.34314491874455
21375000 -8.36000283575946
21376000 -8.37892541324176
21377000 -8.36356049701082
21378000 -8.34613206329124
21379000 -8.35059816704765
21380000 -8.34830819241247
21381000 -8.34532521191359
21382000 -8.32308335067693
21383000 -8.30900369835107
21384000 -8.33429564293348
21385000 -8.34949037110974
21386000 -8.32476950288896
21387000 -8.3410440248867
21388000 -8.3503662560527
21389000 -8.3627072757877
21390000 -8.34988313246713
21391000 -8.35894685605547
21392000 -8.34333688737791
21393000 -8.36140167383689
21394000 -8.34763063449091
21395000 -8.33595882756559
21396000 -8.34692599439977
21397000 -8.34730418835251
21398000 -8.32115140469918
21399000 -8.33729681266399
21400000 -8.35793924257524
21401000 -8.37579896705411
21402000 -8.37482125915753
21403000 -8.36401620659265
21404000 -8.36489385506805
21405000 -8.377697379808
21406000 -8.36370280319198
21407000 -8.34781135710467
21408000 -8.3573303674563
21409000 -8.35803524650373
21410000 -8.33616662163581
21411000 -8.32670215685501
21412000 -8.33595138312494
21413000 -8.32978146204711
21414000 -8.31850149664951
21415000 -8.33834186624642
21416000 -8.33806019201365
21417000 -8.3472976290085
21418000 -8.36258646995074
21419000 -8.35415565888009
21420000 -8.39025985492372
21421000 -8.36887583261786
21422000 -8.37668316381158
21423000 -8.37506874842461
21424000 -8.3598629680535
21425000 -8.36498631730229
21426000 -8.36144438031993
21427000 -8.36033678265568
21428000 -8.36708483012637
21429000 -8.35125911047905
21430000 -8.35713152599221
21431000 -8.36366873467133
21432000 -8.35795348027612
21433000 -8.34618360042553
21434000 -8.34855928988509
21435000 -8.36148617093411
21436000 -8.36647199057285
21437000 -8.36335821901036
21438000 -8.36052032366377
21439000 -8.3557000925492
21440000 -8.36963564163148
21441000 -8.36313010830101
21442000 -8.3603419187069
21443000 -8.35680733206758
21444000 -8.36512574563247
21445000 -8.35903906420278
21446000 -8.3652835747202
21447000 -8.36251427873714
21448000 -8.37494348811344
21449000 -8.35994564889579
21450000 -8.36754134884084
21451000 -8.36879245035805
21452000 -8.3708696415624
21453000 -8.37250492582925
21454000 -8.35514391116899
21455000 -8.35203662077055
21456000 -8.34843390372023
21457000 -8.3795728494994
21458000 -8.36272488462475
21459000 -8.34863548441165
21460000 -8.3562198828548
21461000 -8.34959769425124
21462000 -8.35356254003222
21463000 -8.33923458677425
21464000 -8.3647386989871
21465000 -8.36469964655653
21466000 -8.37798132893626
21467000 -8.38711723093417
21468000 -8.39684281054971
21469000 -8.39088621610744
21470000 -8.38397095596214
21471000 -8.40572124440846
21472000 -8.39907788719873
21473000 -8.38761085852893
21474000 -8.39748782005792
21475000 -8.37339886389105
21476000 -8.36179902141367
21477000 -8.33203549787994
21478000 -8.33480959743174
21479000 -8.3486765008696
21480000 -8.36150614022643
21481000 -8.34620631804389
21482000 -8.35836371113847
21483000 -8.38664772826924
21484000 -8.39045002555201
21485000 -8.37733160516167
21486000 -8.37129786176969
21487000 -8.39516797921178
21488000 -8.40307606270917
21489000 -8.38891500638488
21490000 -8.38627249996864
21491000 -8.38377807787409
21492000 -8.36037805693617
21493000 -8.36507919724744
21494000 -8.36103778054197
21495000 -8.35707196720929
21496000 -8.35368469251671
21497000 -8.3633031846159
21498000 -8.36795637739238
21499000 -8.37330130208838
21500000 -8.37735767199247
21501000 -8.38126961819638
21502000 -8.38928477256789
21503000 -8.3776812931647
21504000 -8.38330950327433
21505000 -8.39690855245682
21506000 -8.37848743692871
21507000 -8.36746296157263
21508000 -8.36814072309622
21509000 -8.3598653023165
21510000 -8.36783387854453
21511000 -8.37074363281653
21512000 -8.36759492064145
21513000 -8.38061461385661
21514000 -8.3888025485499
21515000 -8.39627610521937
21516000 -8.37612723473058
21517000 -8.3777849781417
21518000 -8.38327772132481
21519000 -8.38744897010865
21520000 -8.38740668144234
21521000 -8.37064035111703
21522000 -8.37707181996439
21523000 -8.38487525633996
21524000 -8.38152661984811
21525000 -8.38431695918708
21526000 -8.37273277552943
21527000 -8.38511841718099
21528000 -8.38212166956869
21529000 -8.37172829204569
21530000 -8.38028521312563
21531000 -8.39562825072268
21532000 -8.38826546972145
21533000 -8.3890105540253
21534000 -8.38537146372724
21535000 -8.37616066881265
21536000 -8.38417840574409
21537000 -8.37128624309828
21538000 -8.38059894185676
21539000 -8.39486562997965
21540000 -8.37274891373055
21541000 -8.36834864141183
21542000 -8.37760106480321
21543000 -8.39270397769527
21544000 -8.39662386290411
21545000 -8.41335863756793
21546000 -8.39519464827685
21547000 -8.39695060315261
21548000 -8.41554015277638
21549000 -8.3927651155252
21550000 -8.37938820047028
21551000 -8.37865693799261
21552000 -8.36935894683736
21553000 -8.36509330036918
21554000 -8.35682749890185
21555000 -8.37075266440324
21556000 -8.3728470703763
21557000 -8.38346543860135
21558000 -8.38973393600523
21559000 -8.40830406630809
21560000 -8.39812353196973
21561000 -8.39178016209389
21562000 -8.40916996763367
21563000 -8.39495023251185
21564000 -8.37372514595133
21565000 -8.39836119684904
21566000 -8.39167399905349
21567000 -8.39489807822637
21568000 -8.39567720436619
21569000 -8.39671483553989
21570000 -8.40326286682098
21571000 -8.3985136369534
21572000 -8.38846564029405
21573000 -8.38994785985315
21574000 -8.3886397238368
21575000 -8.38319723293827
21576000 -8.38843719648793
21577000 -8.40177763945049
21578000 -8.3880604299307
21579000 -8.38016638647628
21580000 -8.40217244567241
21581000 -8.41409182820337
21582000 -8.41100458777163
21583000 -8.40254174484662
21584000 -8.39574935407446
21585000 -8.40638145376052
21586000 -8.38114454573056
21587000 -8.3717222690719
21588000 -8.3781609957747
21589000 -8.38912988694254
21590000 -8.36760358591037
21591000 -8.37627503598767
21592000 -8.39932189540389
21593000 -8.3963395861018
21594000 -8.41458354241476
21595000 -8.41562040791797
21596000 -8.40367417845536
21597000 -8.43355034965016
21598000 -8.42040160669413
21599000 -8.42779534929952
21600000 -8.42794079243272
21601000 -8.40345894346634
21602000 -8.40439356034339
21603000 -8.39292541032817
21604000 -8.38809222058184
21605000 -8.38360777295331
21606000 -8.37960916566719
21607000 -8.39419904200367
21608000 -8.40361849636042
21609000 -8.38876440631954
21610000 -8.38964504572456
21611000 -8.3905568961584
21612000 -8.40383144722042
21613000 -8.41663083866568
21614000 -8.4240475524871
21615000 -8.42995827729182
21616000 -8.42099326434555
21617000 -8.42705553989876
21618000 -8.41571469898402
21619000 -8.41316342242455
21620000 -8.40735889591762
21621000 -8.39649556275086
21622000 -8.38888567480912
21623000 -8.39083843509908
21624000 -8.36251183950763
21625000 -8.36912107457361
21626000 -8.39081000259746
21627000 -8.39650274504424
21628000 -8.40610159412598
21629000 -8.40055449944094
21630000 -8.43516363950642
21631000 -8.41279969321729
21632000 -8.43438549818427
21633000 -8.43551552027262
21634000 -8.41457092474633
21635000 -8.39240547154203
21636000 -8.41132079538807
21637000 -8.40068805868213
21638000 -8.40386733265751
21639000 -8.40161085520113
21640000 -8.40481183423349
21641000 -8.39495010536723
21642000 -8.39052412656747
21643000 -8.41497807286787
21644000 -8.39396538892378
21645000 -8.39653190528838
21646000 -8.42041130243665
21647000 -8.406656750282
21648000 -8.41075500098869
21649000 -8.4137245244296
21650000 -8.41659132971818
21651000 -8.43834146354268
21652000 -8.4280170804697
21653000 -8.4213510407303
21654000 -8.42223510082732
21655000 -8.41770860246448
21656000 -8.39228044928147
21657000 -8.38993871278488
21658000 -8.40377873626751
21659000 -8.38984789161024
21660000 -8.37991259041821
21661000 -8.39858304999333
21662000 -8.40491646749901
21663000 -8.41374240051374
21664000 -8.42340364002823
21665000 -8.42001869295471
21666000 -8.44410296597043
21667000 -8.45358033055686
21668000 -8.44364262933098
21669000 -8.44358508336859
21670000 -8.43167836411281
21671000 -8.41103620670313
21672000 -8.43927997400969
21673000 -8.42614584343655
21674000 -8.39767558647046
21675000 -8.39991816396991
21676000 -8.39567402329778
21677000 -8.3847785045323
21678000 -8.37358221903372
21679000 -8.39292970599561
21680000 -8.39879450875613
21681000 -8.42216435206153
21682000 -8.39684658763918
21683000 -8.40939678378606
21684000 -8.44427954319222
21685000 -8.43789696188859
21686000 -8.41256148189543
21687000 -8.41748561308164
21688000 -8.4395425867895
21689000 -8.43381612066506
21690000 -8.42412602511148
21691000 -8.43010058237378
21692000 -8.42046037282876
21693000 -8.42090809194858
21694000 -8.42420894499093
21695000 -8.42474042791709
21696000 -8.41598848118921
21697000 -8.41748042947271
21698000 -8.40625324506124
21699000 -8.40291783698978
21700000 -8.40315048614836
21701000 -8.40872695289739
21702000 -8.40619710527787
21703000 -8.41655817658067
21704000 -8.44029399914382
21705000 -8.43212672251337
21706000 -8.43648373786085
21707000 -8.4340827147464
21708000 -8.44367071094836
21709000 -8.43054328539384
21710000 -8.44152906081368
21711000 -8.44920465055128
21712000 -8.43526202092891
21713000 -8.41849623996064
21714000 -8.44014680630093
21715000 -8.41128284873109
21716000 -8.39655658308523
21717000 -8.40562300931848
21718000 -8.42373962352507
21719000 -8.40475205213416
21720000 -8.41061012441844
21721000 -8.43110140174526
21722000 -8.43250996893036
21723000 -8.44745149114168
21724000 -8.45739282870798
21725000 -8.44516307690618
21726000 -8.44134664239967
21727000 -8.43811758805297
21728000 -8.43214572609915
21729000 -8.41710259830033
21730000 -8.43024913426698
21731000 -8.42247373477362
21732000 -8.42288360642471
21733000 -8.41574907399942
21734000 -8.41507277455888
21735000 -8.42911669934203
21736000 -8.41473135656185
21737000 -8.4144676165987
21738000 -8.42128619457184
21739000 -8.40961009405923
21740000 -8.42350270388164
21741000 -8.4248500078874
21742000 -8.44274552836466
21743000 -8.46321939672968
21744000 -8.46047820316497
21745000 -8.46675555681158
21746000 -8.46960229884077
21747000 -8.45223068039457
21748000 -8.44282065111935
21749000 -8.44729416431285
21750000 -8.46367294995611
21751000 -8.43616792580039
21752000 -8.41348725601804
21753000 -8.41748638265026
21754000 -8.4323024091752
21755000 -8.396453650427
21756000 -8.42747506787705
21757000 -8.44402966501297
21758000 -8.42367027278816
21759000 -8.44206072053995
21760000 -8.44342786856372
21761000 -8.44662435294491
21762000 -8.44488234647787
21763000 -8.4441603698428
21764000 -8.44197378707431
21765000 -8.44887143892915
21766000 -8.42734446221549
21767000 -8.43534408112831
21768000 -8.42411517765549
21769000 -8.43682079260963
21770000 -8.43022570135297
21771000 -8.41752239786843
21772000 -8.43123450621598
21773000 -8.42937569199603
21774000 -8.42766939532913
21775000 -8.42558739839448
21776000 -8.40766627673228
21777000 -8.41750022536175
21778000 -8.44463051588905
21779000 -8.42853111348995
21780000 -8.42833959584309
21781000 -8.45864978855727
21782000 -8.45973543195882
21783000 -8.47535129405439
21784000 -8.47017632076609
21785000 -8.47936745562016
21786000 -8.48198737505627
21787000 -8.46017580710718
21788000 -8.48007831912731
21789000 -8.45717898239622
21790000 -8.42815298128925
21791000 -8.41777252196589
21792000 -8.43811986334707
21793000 -8.42717197971401
21794000 -8.4150745521019
21795000 -8.43347900985972
21796000 -8.42049744589811
21797000 -8.43177295323162
21798000 -8.43120075631107
21799000 -8.42667362512612
21800000 -8.4387710754792
21801000 -8.45528323010217
21802000 -8.44397106090165
21803000 -8.4552512461469
21804000 -8.44788279247535
21805000 -8.46081152022087
21806000 -8.4723978731434
21807000 -8.46245302794643
21808000 -8.48046850844086
21809000 -8.48792806326654
21810000 -8.48746909233394
21811000 -8.48264758978509
21812000 -8.47264319029732
21813000 -8.46278810036119
21814000 -8.44130499488531
21815000 -8.43971280531894
21816000 -8.43274984138191
21817000 -8.42749008336805
21818000 -8.42102558961303
21819000 -8.4298694402512
21820000 -8.42443594306713
21821000 -8.42034047298886
21822000 -8.43469885008364
21823000 -8.42640245296992
21824000 -8.42680611876315
21825000 -8.41479521937295
21826000 -8.42617968679238
21827000 -8.43182167397112
21828000 -8.43544688462225
21829000 -8.42588186571429
21830000 -8.43917938990878
21831000 -8.42819724139504
21832000 -8.43527480624187
21833000 -8.44945058687468
21834000 -8.46454584021297
21835000 -8.46364982186214
21836000 -8.46620784278456
21837000 -8.48147169567835
21838000 -8.47448908258371
21839000 -8.48206362970996
21840000 -8.47955538440104
21841000 -8.46264734224577
21842000 -8.47010744896091
21843000 -8.47621319256028
21844000 -8.44384902503059
21845000 -8.4401977216266
21846000 -8.45219286010792
21847000 -8.44735458738631
21848000 -8.42207261847635
21849000 -8.43123966898574
21850000 -8.44506875803899
21851000 -8.43461324181721
21852000 -8.41690239352424
21853000 -8.40597194590444
21854000 -8.41882826278697
21855000 -8.37423381125976
21856000 -8.36473834503709
21857000 -8.33751151751371
21858000 -8.35603562189093
21859000 -8.35426948441442
21860000 -8.35238580851491
21861000 -8.38960542420476
21862000 -8.37327333375213
21863000 -8.36012033315187
21864000 -8.33870819131779
21865000 -8.33891568021185
21866000 -8.35797224312635
21867000 -8.35792637686473
21868000 -8.39189932091567
21869000 -8.37009553347585
21870000 -8.35731571824189
21871000 -8.34863606597068
21872000 -8.34656380562155
21873000 -8.33762825117047
21874000 -8.33167585664544
21875000 -8.35607530069834
21876000 -8.34605442857226
21877000 -8.36391449626786
21878000 -8.34310441822361
21879000 -8.3412431005797
21880000 -8.38853123392579
21881000 -8.40108392836151
21882000 -8.38562036884037
21883000 -8.36806002781677
21884000 -8.35206006353111
21885000 -8.34518847464495
21886000 -8.35541058203634
21887000 -8.37123980364957
21888000 -8.3617246795825
21889000 -8.36103441997451
21890000 -8.3579195792302
21891000 -8.35299966233625
21892000 -8.33294263841151
21893000 -8.35393597034223
21894000 -8.35959805706975
21895000 -8.38114398355346
21896000 -8.37870441736795
21897000 -8.36929378985359
21898000 -8.36484363011555
21899000 -8.35937083061203
21900000 -8.34829203442382
21901000 -8.35861205030846
21902000 -8.36976387845895
21903000 -8.37994377767279
21904000 -8.3495605293177
21905000 -8.3510239113399
21906000 -8.36225501056626
21907000 -8.37053758740957
21908000 -8.39609795035259
21909000 -8.38271024488462
21910000 -8.35666764492736
21911000 -8.37193957543647
21912000 -8.36617122761426
21913000 -8.3636123695663
21914000 -8.37235430961797
21915000 -8.39034786898105
21916000 -8.38743879209579
21917000 -8.37283281947703
21918000 -8.36149996170257
21919000 -8.38270864857035
21920000 -8.38019503083068
21921000 -8.38679702013222
21922000 -8.38352962615067
21923000 -8.38981814049458
21924000 -8.37063836387126
21925000 -8.37441732821192
21926000 -8.3820945675466
21927000 -8.40354280565237
21928000 -8.39891215798598
21929000 -8.3745303336974
21930000 -8.36006136753352
21931000 -8.38143069765277
21932000 -8.37396787688538
21933000 -8.37306332844295
21934000 -8.37682212156033
21935000 -8.37637521280117
21936000 -8.37286121800197
21937000 -8.36624147517306
21938000 -8.37552624525519
21939000 -8.39909059620864
21940000 -8.40590342175297
21941000 -8.40493741431977
21942000 -8.40140530094477
21943000 -8.37257746518422
21944000 -8.38889304060648
21945000 -8.39457550489196
21946000 -8.39535559006205
21947000 -8.37270469107104
21948000 -8.37626884380784
21949000 -8.38036825418407
21950000 -8.38265087403882
21951000 -8.37446990483222
21952000 -8.36714120522598
21953000 -8.36492312481121
21954000 -8.37124284217402
21955000 -8.36657041093837
21956000 -8.38807226495941
21957000 -8.40145012493612
21958000 -8.40022104938581
21959000 -8.3952974132705
21960000 -8.40365903911863
21961000 -8.39238870780421
21962000 -8.3968511256266
21963000 -8.39825121073348
21964000 -8.41602722440012
21965000 -8.39753827465028
21966000 -8.37194146896297
21967000 -8.38789696439123
21968000 -8.40268692672703
21969000 -8.38724063330665
21970000 -8.38104603230232
21971000 -8.3698248823704
21972000 -8.37634773703827
21973000 -8.37666387630551
21974000 -8.38381731600514
21975000 -8.38592009929979
21976000 -8.39428044828952
21977000 -8.38151286876377
21978000 -8.38378932161332
21979000 -8.39393301132448
21980000 -8.40125005124193
21981000 -8.39600423944042
21982000 -8.38816933057587
21983000 -8.38414127869652
21984000 -8.39353532915227
21985000 -8.40010451749808
21986000 -8.40207951521318
21987000 -8.37839828004367
21988000 -8.37380915960353
21989000 -8.38173962259877
21990000 -8.39102576915625
21991000 -8.39882883835412
21992000 -8.39127696105573
21993000 -8.39224605106735
21994000 -8.37324347191031
21995000 -8.37505782681726
21996000 -8.38303339959413
21997000 -8.41477242579905
21998000 -8.40142384912215
21999000 -8.38754842025412
22000000 -8.382895168741
22001000 -8.37805208858005
22002000 -8.39344337494312
22003000 -8.40541575236387
22004000 -8.40557476318308
22005000 -8.40031121292112
22006000 -8.38796606534847
22007000 -8.39644768331147
22008000 -8.4027490615413
22009000 -8.4063666845465
22010000 -8.38688243712512
22011000 -8.39430361494181
22012000 -8.39496493052702
22013000 -8.40433310553999
22014000 -8.40454551518812
22015000 -8.39540843653651
22016000 -8.40842218026575
22017000 -8.40340653471707
22018000 -8.41011498011105
22019000 -8.42239995024426
22020000 -8.42875404469861
22021000 -8.4224876720562
22022000 -8.39637269051767
22023000 -8.39376782003461
22024000 -8.40799086597948
22025000 -8.40331285468992
22026000 -8.40032210067035
22027000 -8.39906551158556
22028000 -8.38031033687186
22029000 -8.39779107471705
22030000 -8.40122574203786
22031000 -8.41301448703651
22032000 -8.41567842981736
22033000 -8.39811194452684
22034000 -8.38091599201187
22035000 -8.39201514553747
22036000 -8.40262943658878
22037000 -8.4031392024477
22038000 -8.38742075566317
22039000 -8.40399666884441
22040000 -8.41917482828026
22041000 -8.4191091000923
22042000 -8.42389776621853
22043000 -8.41624917672402
22044000 -8.41218488543308
22045000 -8.41823350422631
22046000 -8.41436479977368
22047000 -8.4265343302244
22048000 -8.41800982216479
22049000 -8.40162008535648
22050000 -8.39511138061508
22051000 -8.41371584379623
22052000 -8.40424679852396
22053000 -8.40872854179246
22054000 -8.42688612816096
22055000 -8.40838187352596
22056000 -8.40072382865029
22057000 -8.41265495199811
22058000 -8.43995367837139
22059000 -8.41186959561774
22060000 -8.39967837954566
22061000 -8.41152452933733
22062000 -8.40751948744336
22063000 -8.42437269687443
22064000 -8.41591010507353
22065000 -8.40892285326135
22066000 -8.40515385245537
22067000 -8.40328049971282
22068000 -8.41505765223107
22069000 -8.4225811637452
22070000 -8.41804019948592
22071000 -8.41792921732765
22072000 -8.4248945844307
22073000 -8.4323194017592
22074000 -8.43188101840812
22075000 -8.43716541410575
22076000 -8.43571418685482
22077000 -8.41557089559605
22078000 -8.41702925553352
22079000 -8.42769133386534
22080000 -8.41301214866522
22081000 -8.40784363631324
22082000 -8.43188118021809
22083000 -8.43282829526032
22084000 -8.41065180279474
22085000 -8.42216556896174
22086000 -8.43191644726365
22087000 -8.4366217528078
22088000 -8.40655088180255
22089000 -8.41676072746712
22090000 -8.44250477138191
22091000 -8.4382932699183
22092000 -8.41896254794182
22093000 -8.4086756943084
22094000 -8.43228455704603
22095000 -8.4493764018323
22096000 -8.42294602272061
22097000 -8.42484753984623
22098000 -8.42364621654699
22099000 -8.41035775479498
22100000 -8.4002236734592
22101000 -8.4231105220035
22102000 -8.42293442804075
22103000 -8.41385493447884
22104000 -8.40661379441163
22105000 -8.39494287206078
22106000 -8.41727026173696
22107000 -8.42939724817571
22108000 -8.40936738042313
22109000 -8.40393216230546
22110000 -8.40862791302364
22111000 -8.42851211528643
22112000 -8.41863224759766
22113000 -8.42230172900483
22114000 -8.4271505365603
22115000 -8.43063544894219
22116000 -8.4344060231413
22117000 -8.43649472657243
22118000 -8.43914525476546
22119000 -8.44392426211834
22120000 -8.44384590816376
22121000 -8.44683008368331
22122000 -8.44462705841968
22123000 -8.44723699102012
22124000 -8.43475408718863
22125000 -8.42912276086864
22126000 -8.42161692280213
22127000 -8.43755014326233
22128000 -8.44481730115397
22129000 -8.43179136602128
22130000 -8.42868481459522
22131000 -8.44763239250678
22132000 -8.44624032750427
22133000 -8.44970018241787
22134000 -8.43626527122115
22135000 -8.44664216195333
22136000 -8.43800549044741
22137000 -8.43992724619704
22138000 -8.43444462553668
22139000 -8.42736296143926
22140000 -8.41429890033853
22141000 -8.41638573617283
22142000 -8.42445446195823
22143000 -8.43252862566659
22144000 -8.42928155402582
22145000 -8.42988579069957
22146000 -8.43260508817121
22147000 -8.43804468551109
22148000 -8.44088517454455
22149000 -8.44593700277392
22150000 -8.44812788785236
22151000 -8.45339339011409
22152000 -8.44666240253471
22153000 -8.45149519524251
22154000 -8.45627231257558
22155000 -8.45239143871111
22156000 -8.45648182732051
22157000 -8.45209007982734
22158000 -8.4487128549368
22159000 -8.45624237555529
22160000 -8.45543243336271
22161000 -8.4502582565543
22162000 -8.43414718317095
22163000 -8.45044867697703
22164000 -8.43659086801081
22165000 -8.44607507592139
22166000 -8.45344345961545
22167000 -8.44861468033706
22168000 -8.42616724733669
22169000 -8.44529060613182
22170000 -8.46079614664056
22171000 -8.43811307283474
22172000 -8.43082800260899
22173000 -8.44728915901829
22174000 -8.44747940277782
22175000 -8.43780414666714
22176000 -8.44738527629215
22177000 -8.45961218745756
22178000 -8.44639887185983
22179000 -8.44705184298063
22180000 -8.45187947091352
22181000 -8.44709118203961
22182000 -8.43517087844172
22183000 -8.42829839446728
22184000 -8.44689539125279
22185000 -8.45882635162378
22186000 -8.44504098357589
22187000 -8.45990393516657
22188000 -8.46481247272081
22189000 -8.46166171756751
22190000 -8.46145382211945
22191000 -8.47125809578682
22192000 -8.46959655072624
22193000 -8.46208501554284
22194000 -8.45080393282358
22195000 -8.45149400113598
22196000 -8.4531247513743
22197000 -8.45876595688623
22198000 -8.45613102465571
22199000 -8.44246134981853
22200000 -8.45963467029092
22201000 -8.45950159204846
22202000 -8.450359539906
22203000 -8.46576197177843
22204000 -8.46607930890832
22205000 -8.45934240654745
22206000 -8.45484220137694
22207000 -8.46655556213345
22208000 -8.46774670667857
22209000 -8.44350713973367
22210000 -8.44922120038995
22211000 -8.46946513840572
22212000 -8.457223783706
22213000 -8.45299834950976
22214000 -8.4567629651414
22215000 -8.47448776680276
22216000 -8.44699751412165
22217000 -8.45411141937674
22218000 -8.47685777486827
22219000 -8.47421365030601
22220000 -8.4567022790025
22221000 -8.45969594035577
22222000 -8.46769943559464
22223000 -8.47107260803004
22224000 -8.4678159597939
22225000 -8.4681447109097
22226000 -8.46233648132892
22227000 -8.4737132644885
22228000 -8.4690518601164
22229000 -8.47626399217753
22230000 -8.46785766771377
22231000 -8.47635661037465
22232000 -8.48999285620814
22233000 -8.47835277870065
22234000 -8.47960767066344
22235000 -8.48529559746023
22236000 -8.49377727729346
22237000 -8.49000280650323
22238000 -8.48267965391299
22239000 -8.47397307846392
22240000 -8.47415887309653
22241000 -8.46110320550306
22242000 -8.46339516959269
22243000 -8.46914274135302
22244000 -8.45686213927206
22245000 -8.46310470952412
22246000 -8.47374990649646
22247000 -8.4771362267877
22248000 -8.460333972108
22249000 -8.45913409412522
22250000 -8.48101076418414
22251000 -8.47498431192965
22252000 -8.46472455451368
22253000 -8.46423146500566
22254000 -8.47864029300368
22255000 -8.47915505164155
22256000 -8.48357653583626
22257000 -8.47781900403234
22258000 -8.48261895665376
22259000 -8.48079180973094
22260000 -8.47149818896696
22261000 -8.49696621420899
22262000 -8.50518145664921
22263000 -8.47889986099167
22264000 -8.47503967920919
22265000 -8.48527675806648
22266000 -8.4786243919749
22267000 -8.46445322003761
22268000 -8.47109355875298
22269000 -8.4706037219459
22270000 -8.46023953402568
22271000 -8.45390350942567
22272000 -8.46368975744352
22273000 -8.47056752314844
22274000 -8.46076374676799
22275000 -8.45761084340025
22276000 -8.48310017308647
22277000 -8.49161393213996
22278000 -8.48490493854483
22279000 -8.48657442957595
22280000 -8.50371497632291
22281000 -8.4951967535591
22282000 -8.48730278700267
22283000 -8.50043440168857
22284000 -8.49585005494691
22285000 -8.49768597372759
22286000 -8.50104454124264
22287000 -8.49821576318262
22288000 -8.49171934783264
22289000 -8.48952757018885
22290000 -8.49895695723582
22291000 -8.48975723386405
22292000 -8.48736692484872
22293000 -8.48006939586176
22294000 -8.49100093916301
22295000 -8.49425541104668
22296000 -8.47947522825945
22297000 -8.46708392687867
22298000 -8.46676268274498
22299000 -8.46951095381003
22300000 -8.47310270302383
22301000 -8.47999586908298
22302000 -8.47633636278186
22303000 -8.46367472321887
22304000 -8.48642679531028
22305000 -8.48470478760977
22306000 -8.48382282530369
22307000 -8.49984815490723
22308000 -8.49304043604019
22309000 -8.50555826374208
22310000 -8.48861915012163
22311000 -8.51176308126839
22312000 -8.51060420552575
22313000 -8.49942754631938
22314000 -8.50255079534498
22315000 -8.50625856528585
22316000 -8.50779452131355
22317000 -8.50779349404129
22318000 -8.51145595090933
22319000 -8.49890101953939
22320000 -8.49302764786705
22321000 -8.48996398699284
22322000 -8.49590803953918
22323000 -8.5010707791788
22324000 -8.48507566818896
22325000 -8.49026649123928
22326000 -8.49129606954675
22327000 -8.49391692156886
22328000 -8.49397056772197
22329000 -8.50757008169902
22330000 -8.50167747712549
22331000 -8.47988453091224
22332000 -8.47723193121942
22333000 -8.48089329078618
22334000 -8.48303036077502
22335000 -8.48930457265915
22336000 -8.49913112518292
22337000 -8.50390696713515
22338000 -8.49255207656989
22339000 -8.49457356058237
22340000 -8.50660553848074
22341000 -8.51287832100388
22342000 -8.51044452964598
22343000 -8.5207615380798
22344000 -8.53261157615518
22345000 -8.52056467186521
22346000 -8.52576002920597
22347000 -8.51901492658369
22348000 -8.51755802837058
22349000 -8.5070622568982
22350000 -8.5014579103192
22351000 -8.49475510024531
22352000 -8.50448465747023
22353000 -8.50633037863549
22354000 -8.49687607514815
22355000 -8.48999387533967
22356000 -8.5046864066787
22357000 -8.51279851929616
22358000 -8.51476044406816
22359000 -8.51736776070114
22360000 -8.51544997898851
22361000 -8.50898614350667
22362000 -8.50443872312677
22363000 -8.50156430549755
22364000 -8.49197558541252
22365000 -8.48063472571271
22366000 -8.4942366222357
22367000 -8.50375332902951
22368000 -8.50102995893733
22369000 -8.49717203054141
22370000 -8.5079213657112
22371000 -8.51525876238503
22372000 -8.52514644549918
22373000 -8.51999964265068
22374000 -8.51881252087675
22375000 -8.52703639040253
22376000 -8.53556136354661
22377000 -8.5419264623553
22378000 -8.53549889184068
22379000 -8.52949659650941
22380000 -8.51958323359825
22381000 -8.53020292287098
22382000 -8.52541770910668
22383000 -8.51861004951625
22384000 -8.50985250374107
22385000 -8.50753327894934
22386000 -8.50019641117166
22387000 -8.50873004377397
22388000 -8.52053387068682
22389000 -8.51470859073494
22390000 -8.5168497057824
22391000 -8.50194327933646
22392000 -8.51254450477254
22393000 -8.51997074478797
22394000 -8.52078973383041
22395000 -8.51787294725876
22396000 -8.50802139354974
22397000 -8.51743645712979
22398000 -8.52509326048297
22399000 -8.51744750886349
22400000 -8.52593941618537
22401000 -8.51887898117395
22402000 -8.52654186690767
22403000 -8.52475113572574
22404000 -8.51943687334661
22405000 -8.53135961748088
22406000 -8.53111472630348
22407000 -8.53801710622762
22408000 -8.53971770640875
22409000 -8.52979041504021
22410000 -8.53298684180759
22411000 -8.5371339649523
22412000 -8.54620616259425
22413000 -8.53312938690594
22414000 -8.53083934741286
22415000 -8.52593729672355
22416000 -8.51154441279206
22417000 -8.52286795431012
22418000 -8.53386978049957
22419000 -8.51927319556459
22420000 -8.50867769846512
22421000 -8.51456225935594
22422000 -8.52337158090174
22423000 -8.51664903719451
22424000 -8.50502222838657
22425000 -8.50518830158574
22426000 -8.52582435899088
22427000 -8.52197968113613
22428000 -8.52482311586917
22429000 -8.52124612973853
22430000 -8.52898239052073
22431000 -8.53678507151197
22432000 -8.53825465360073
22433000 -8.52524712187085
22434000 -8.52429027487279
22435000 -8.52336445373909
22436000 -8.52352679453244
22437000 -8.52340697542071
22438000 -8.53721329562722
22439000 -8.53654464768627
22440000 -8.53980266130718
22441000 -8.54835634995151
22442000 -8.53589936474919
22443000 -8.54550836694013
22444000 -8.54731045185335
22445000 -8.54130887308576
22446000 -8.53978705316103
22447000 -8.55050424984013
22448000 -8.53851684950005
22449000 -8.53638622126948
22450000 -8.53825445300298
22451000 -8.55046944008716
22452000 -8.53674910230101
22453000 -8.5402260479431
22454000 -8.54670264286228
22455000 -8.54547470367101
22456000 -8.53111770651607
22457000 -8.52889718817597
22458000 -8.52678334794342
22459000 -8.54144844115408
22460000 -8.53983925131005
22461000 -8.53350171873512
22462000 -8.52503130415445
22463000 -8.53289632444007
22464000 -8.53487867292698
22465000 -8.53821467781585
22466000 -8.54383624142399
22467000 -8.55056219423902
22468000 -8.54311597680039
22469000 -8.52490780203759
22470000 -8.53452211306175
22471000 -8.54749768522574
22472000 -8.54271955942682
22473000 -8.54087779153176
22474000 -8.5505114036851
22475000 -8.54284183747813
22476000 -8.54333808609274
22477000 -8.54677453269549
22478000 -8.5457054460778
22479000 -8.5480185667054
22480000 -8.5506849989664
22481000 -8.54336311991118
22482000 -8.543768815469
22483000 -8.54071094994066
22484000 -8.55215565862577
22485000 -8.54242249769162
22486000 -8.54140460894549
22487000 -8.55117961720381
22488000 -8.54403856424573
22489000 -8.55700626480442
22490000 -8.54864083668514
22491000 -8.54581608501613
22492000 -8.54214213871811
22493000 -8.55833214604578
22494000 -8.54268446592844
22495000 -8.53492024237419
22496000 -8.55383013410291
22497000 -8.53823012759976
22498000 -8.52626012460682
22499000 -8.54154952231207
22500000 -8.55488423334693
22501000 -8.56279221030851
22502000 -8.54644006207828
22503000 -8.54698026189336
22504000 -8.5555514089416
22505000 -8.55227989946481
22506000 -8.56096015869158
22507000 -8.54991472229916
22508000 -8.54805923886664
22509000 -8.54239657144498
22510000 -8.56011854524661
22511000 -8.57020682711126
22512000 -8.56028850080049
22513000 -8.54969646487926
22514000 -8.55878322658245
22515000 -8.5564979713867
22516000 -8.55935712026778
22517000 -8.53716790561001
22518000 -8.55030435879284
22519000 -8.54723823235726
22520000 -8.54198087678435
22521000 -8.54035855485197
22522000 -8.54362891303221
22523000 -8.55004524362428
22524000 -8.54913775803034
22525000 -8.54866638987848
22526000 -8.55019792633946
22527000 -8.56066116153077
22528000 -8.55998223366768
22529000 -8.56154188605798
22530000 -8.56428798454429
22531000 -8.58780092642957
22532000 -8.58357581356642
22533000 -8.58488075529008
22534000 -8.57748220342953
22535000 -8.59067416204838
22536000 -8.59088971931346
22537000 -8.58823735141396
22538000 -8.58778173131695
22539000 -8.59372460187576
22540000 -8.57482848507255
22541000 -8.56536189605017
22542000 -8.56076938907519
22543000 -8.57879019791608
22544000 -8.57267951352234
22545000 -8.57180073157819
22546000 -8.57181975306672
22547000 -8.57621057228775
22548000 -8.56372680758972
22549000 -8.57038914019969
22550000 -8.56408177763304
22551000 -8.56427708529932
22552000 -8.57266222418749
22553000 -8.57509540899273
22554000 -8.5689906954439
22555000 -8.57456369674884
22556000 -8.57885833312841
22557000 -8.57850881910443
22558000 -8.58663206694253
22559000 -8.57684986334163
22560000 -8.57635261161918
22561000 -8.57835944725114
22562000 -8.58427532292383
22563000 -8.57548238739094
22564000 -8.58562116765546
22565000 -8.58174746706593
22566000 -8.58402815316957
22567000 -8.58161293235708
22568000 -8.58913858087927
22569000 -8.58625942267391
22570000 -8.58908221752399
22571000 -8.59453786061935
22572000 -8.58619073180003
22573000 -8.57889565644955
22574000 -8.58024500672532
22575000 -8.57831407300838
22576000 -8.57959837496713
22577000 -8.57559911754217
22578000 -8.57954060823664
22579000 -8.57407065161645
22580000 -8.57888200330455
22581000 -8.575346062014
22582000 -8.57595153414075
22583000 -8.57363116483802
22584000 -8.58289880572697
22585000 -8.57726418350666
22586000 -8.57133959443477
22587000 -8.57241392777007
22588000 -8.58056657872953
22589000 -8.57369985861757
22590000 -8.55972707407981
22591000 -8.56271556930739
22592000 -8.57765876797836
22593000 -8.57220243680218
22594000 -8.56747877448589
22595000 -8.57100382659616
22596000 -8.59070081934075
22597000 -8.58334690975052
22598000 -8.58229242719528
22599000 -8.58071960454097
22600000 -8.58901145825321
22601000 -8.60746885558937
22602000 -8.59876556097725
22603000 -8.59632435292266
22604000 -8.59200254790692
22605000 -8.59743891445507
22606000 -8.59952909959825
22607000 -8.6018657523702
22608000 -8.60050339314124
22609000 -8.61300164472159
22610000 -8.62517402887007
22611000 -8.62122928345066
22612000 -8.60711335315238
22613000 -8.59493301853249
22614000 -8.61327455031763
22615000 -8.61417002718027
22616000 -8.61153146329727
22617000 -8.59822438048892
22618000 -8.59136016853272
22619000 -8.59491757570345
22620000 -8.60464733079459
22621000 -8.593614126649
22622000 -8.58898913802679
22623000 -8.57292670305015
22624000 -8.56978790238308
22625000 -8.58701706704738
22626000 -8.59262369393958
22627000 -8.56989284559188
22628000 -8.57340009303491
22629000 -8.58174877076786
22630000 -8.58976519921469
22631000 -8.5840735571053
22632000 -8.57680686866691
22633000 -8.5799547669986
22634000 -8.58919254280202
22635000 -8.6037942584813
22636000 -8.58959951055731
22637000 -8.59511367550832
22638000 -8.58692524174737
22639000 -8.58722519407918
22640000 -8.59261310248714
22641000 -8.59132654389202
22642000 -8.5984979912585
22643000 -8.59815033015937
22644000 -8.59688953519445
22645000 -8.59641928621241
22646000 -8.59531477804401
22647000 -8.60390804927806
22648000 -8.60258124727059
22649000 -8.60427628975534
22650000 -8.60394909113517
22651000 -8.61460510964276
22652000 -8.61181778473176
22653000 -8.61058027920889
22654000 -8.61185616089858
22655000 -8.60059569460344
22656000 -8.60007002224641
22657000 -8.61166533620976
22658000 -8.60824308516098
22659000 -8.58975921740654
22660000 -8.58474835195193
22661000 -8.59141998924869
22662000 -8.59999905546376
22663000 -8.59827615891796
22664000 -8.58608049395618
22665000 -8.58804642816338
22666000 -8.60703280389263
22667000 -8.59706010809452
22668000 -8.59420788993418
22669000 -8.58265680435303
22670000 -8.58935891188629
22671000 -8.6023702249507
22672000 -8.59070168419035
22673000 -8.58113935493893
22674000 -8.58755428939993
22675000 -8.60369475432222
22676000 -8.59585495403168
22677000 -8.59208855652536
22678000 -8.60499694727264
22679000 -8.61738721193865
22680000 -8.60226650851042
22681000 -8.60089739646327
22682000 -8.60922677166226
22683000 -8.619303199568
22684000 -8.62246267179018
22685000 -8.6260901379655
22686000 -8.63083027609516
22687000 -8.64252117086996
22688000 -8.63343799414293
22689000 -8.62443073233208
22690000 -8.62872531393907
22691000 -8.63188058577051
22692000 -8.62110310038833
22693000 -8.62244921593532
22694000 -8.62515710514054
22695000 -8.62809936826409
22696000 -8.62039765721204
22697000 -8.61206590665117
22698000 -8.60885509328503
22699000 -8.61220942340138
22700000 -8.61185909502384
22701000 -8.60695219033382
22702000 -8.61912181251857
22703000 -8.60893325814563
22704000 -8.60614900834504
22705000 -8.6024147955931
22706000 -8.60332546586299
22707000 -8.60285221833253
22708000 -8.59878555810928
22709000 -8.59880068235191
22710000 -8.59563118265745
22711000 -8.59094264679914
22712000 -8.59827628694971
22713000 -8.59590577121412
22714000 -8.615776462002
22715000 -8.62416352143554
22716000 -8.61348261139543
22717000 -8.61228333278991
22718000 -8.62855924763304
22719000 -8.6335573331252
22720000 -8.6258734986813
22721000 -8.62256874652443
22722000 -8.63747795023133
22723000 -8.63639087634936
22724000 -8.63780933555526
22725000 -8.63811345772391
22726000 -8.639395293806
22727000 -8.62282499923837
22728000 -8.6319730388088
22729000 -8.6266633281277
22730000 -8.62729188009069
22731000 -8.63125777543972
22732000 -8.63336199828387
22733000 -8.6313144380064
22734000 -8.61945148908758
22735000 -8.63074284727839
22736000 -8.62708343255694
22737000 -8.62717829821391
22738000 -8.62737770842045
22739000 -8.62459962174978
22740000 -8.62096719171638
22741000 -8.62047680435373
22742000 -8.62166670742909
22743000 -8.62223348763203
22744000 -8.61930915708697
22745000 -8.61617444583204
22746000 -8.61298245739318
22747000 -8.64372897342796
22748000 -8.64092289662723
22749000 -8.63818736850932
22750000 -8.64269386063961
22751000 -8.65028961192946
22752000 -8.66190191202856
22753000 -8.66334789256917
22754000 -8.67388889951021
22755000 -8.66628613351319
22756000 -8.66493060814275
22757000 -8.66942158406584
22758000 -8.6733758607617
22759000 -8.6773508076981
22760000 -8.66237578428097
22761000 -8.66288253493692
22762000 -8.65628191635402
22763000 -8.65977486807777
22764000 -8.65085796672919
22765000 -8.65482320741866
22766000 -8.64689088172969
22767000 -8.64383650532832
22768000 -8.63775625572726
22769000 -8.6294469536076
22770000 -8.62476567193051
22771000 -8.63189499258877
22772000 -8.64006924898112
22773000 -8.63283588269407
22774000 -8.62681518403777
22775000 -8.62647497466542
22776000 -8.64193096488064
22777000 -8.64811496658369
22778000 -8.6472661146089
22779000 -8.63123049699672
22780000 -8.64256986125587
22781000 -8.65443854973108
22782000 -8.65879913025109
22783000 -8.64071019502782
22784000 -8.649554449888
22785000 -8.65714768504629
22786000 -8.66443334875721
22787000 -8.67146003797134
22788000 -8.65569752377849
22789000 -8.65913919443052
22790000 -8.66043684839295
22791000 -8.66368225858064
22792000 -8.64793853935252
22793000 -8.6573947078636
22794000 -8.66026105042588
22795000 -8.64624555397837
22796000 -8.65359339900196
22797000 -8.66410506385826
22798000 -8.66274342431358
22799000 -8.64847781429392
22800000 -8.64379341783109
22801000 -8.65056445973653
22802000 -8.65813999180034
22803000 -8.65876394298277
22804000 -8.64645197557977
22805000 -8.64998774204303
22806000 -8.65220831607889
22807000 -8.65105689056211
22808000 -8.64522438611899
22809000 -8.64883080681584
22810000 -8.65365077936184
22811000 -8.65078469786655
22812000 -8.65588645466657
22813000 -8.65506502350758
22814000 -8.65280409460445
22815000 -8.6471538761596
22816000 -8.65617535168875
22817000 -8.65144763546216
22818000 -8.66730261130375
22819000 -8.67379324512761
22820000 -8.66811384920752
22821000 -8.6763352964646
22822000 -8.66876063935993
22823000 -8.68234349447036
22824000 -8.69543948130045
22825000 -8.69027306490998
22826000 -8.69731178129235
22827000 -8.70039201215934
22828000 -8.69661188189906
22829000 -8.6901920660381
22830000 -8.69646917313815
22831000 -8.68335568174775
22832000 -8.67690547968424
22833000 -8.66935941512259
22834000 -8.66918688885795
22835000 -8.65174668374926
22836000 -8.63979134093718
22837000 -8.62559343767964
22838000 -8.6360641618593
22839000 -8.63692824602459
22840000 -8.61826630771873
22841000 -8.61611772302412
22842000 -8.62308562578735
22843000 -8.62660143396032
22844000 -8.62058265085118
22845000 -8.63025963737077
22846000 -8.64088480601008
22847000 -8.64675587202518
22848000 -8.65003497957633
22849000 -8.63903798053805
22850000 -8.64862918108146
22851000 -8.65600263425978
22852000 -8.6803367428265
22853000 -8.68584940156276
22854000 -8.67883596063301
22855000 -8.67772609550612
22856000 -8.69946361264059
22857000 -8.70313562871192
22858000 -8.68483575015587
22859000 -8.69335684455348
22860000 -8.68486328105906
22861000 -8.6892361132564
22862000 -8.69809088214865
22863000 -8.69740108716849
22864000 -8.69186836803659
22865000 -8.68228163630204
22866000 -8.68361863833403
22867000 -8.68342665915134
22868000 -8.68881291712311
22869000 -8.68727622013957
22870000 -8.68164063710158
22871000 -8.66988545971816
22872000 -8.67858166898549
22873000 -8.67908774311343
22874000 -8.67944941841593
22875000 -8.68006335552908
22876000 -8.67550773175552
22877000 -8.66932639460815
22878000 -8.67894102195454
22879000 -8.6818162536401
22880000 -8.67742447636456
22881000 -8.67277084389338
22882000 -8.67785899287021
22883000 -8.67819263957662
22884000 -8.68539357802662
22885000 -8.69092185600582
22886000 -8.69120025958185
22887000 -8.69277546858181
22888000 -8.70000072237193
22889000 -8.70150224468361
22890000 -8.69614821166645
22891000 -8.69028198582051
22892000 -8.6908123087309
22893000 -8.68919414049597
22894000 -8.69193965164358
22895000 -8.69736894985848
22896000 -8.68823722408179
22897000 -8.68781646590627
22898000 -8.68637824136127
22899000 -8.69078634662446
22900000 -8.69189701540531
22901000 -8.68797763904554
22902000 -8.68085195951791
22903000 -8.67175779023856
22904000 -8.67071800049316
22905000 -8.66685214930776
22906000 -8.66569171354213
22907000 -8.66453762921376
22908000 -8.65883584711002
22909000 -8.65729859999307
22910000 -8.67361685359793
22911000 -8.66286343216233
22912000 -8.66012029125411
22913000 -8.65682489413618
22914000 -8.67217565828435
22915000 -8.66595249368181
22916000 -8.67302669354129
22917000 -8.6697955892712
22918000 -8.69116811584246
22919000 -8.69168172902763
22920000 -8.68482297822588
22921000 -8.68577301245292
22922000 -8.69415985905693
22923000 -8.71357672995241
22924000 -8.69844370822018
22925000 -8.70187220829802
22926000 -8.71332099264239
22927000 -8.72581238505371
22928000 -8.71222619978738
22929000 -8.71256837290038
22930000 -8.71611533566768
22931000 -8.71500131745596
22932000 -8.71373701384468
22933000 -8.71953010001531
22934000 -8.71184601790969
22935000 -8.70756543257387
22936000 -8.71437785323393
22937000 -8.70053508144182
22938000 -8.70352101127904
22939000 -8.69790687228679
22940000 -8.68985880494133
22941000 -8.68238310032188
22942000 -8.6758403758863
22943000 -8.68375877451226
22944000 -8.6831400565327
22945000 -8.67140883570014
22946000 -8.66901976982207
22947000 -8.68362711601202
22948000 -8.67618125544044
22949000 -8.66281126062561
22950000 -8.65257159388939
22951000 -8.67816722279804
22952000 -8.69283617458786
22953000 -8.68268305155487
22954000 -8.67060312190672
22955000 -8.6815781192439
22956000 -8.69522077244606
22957000 -8.69225153120394
22958000 -8.68430239495335
22959000 -8.68816872153074
22960000 -8.71125366013217
22961000 -8.72961847659534
22962000 -8.73132891851693
22963000 -8.73040172013075
22964000 -8.73831584245837
22965000 -8.73399323007517
22966000 -8.73193750210915
22967000 -8.73416772530621
22968000 -8.74030039126973
22969000 -8.74712677143952
22970000 -8.74635502419375
22971000 -8.73879417462734
22972000 -8.74380320848978
22973000 -8.73447693236392
22974000 -8.72584075382282
22975000 -8.7238942138755
22976000 -8.72911609275957
22977000 -8.72777594249402
22978000 -8.72639303772911
22979000 -8.73297217231828
22980000 -8.72550329404185
22981000 -8.70855777619741
22982000 -8.69788191892271
22983000 -8.70531826189396
22984000 -8.70736570071949
22985000 -8.70864857461718
22986000 -8.69479499890378
22987000 -8.68023224319334
22988000 -8.68816924278902
22989000 -8.70102105944972
22990000 -8.68987618727855
22991000 -8.69034810544397
22992000 -8.68717573907687
22993000 -8.68597390698618
22994000 -8.6874931927371
22995000 -8.69539590905173
22996000 -8.69504229176308
22997000 -8.69081359763124
22998000 -8.7100672209364
22999000 -8.72188578905918
23000000 -8.7292583253061
23001000 -8.72374201048541
23002000 -8.72068324077837
23003000 -8.70964015851288
23004000 -8.70570272597253
23005000 -8.72125012786498
23006000 -8.72171655520756
23007000 -8.72035333360793
23008000 -8.72801896210846
23009000 -8.73566365357928
23010000 -8.74864385519554
23011000 -8.73446613836811
23012000 -8.74256379474961
23013000 -8.75367779044629
23014000 -8.76557851664429
23015000 -8.75410978628307
23016000 -8.74270267748067
23017000 -8.75966595429454
23018000 -8.75334310028278
23019000 -8.73495766461613
23020000 -8.72917254463768
23021000 -8.72974479687049
23022000 -8.73176430712438
23023000 -8.73094173085553
23024000 -8.71424207298888
23025000 -8.70820571002454
23026000 -8.71280496818319
23027000 -8.71960314997449
23028000 -8.71734376765189
23029000 -8.71898161001807
23030000 -8.71736004045753
23031000 -8.70673603197682
23032000 -8.7178229852812
23033000 -8.72407079679954
23034000 -8.71819318111688
23035000 -8.71556961396413
23036000 -8.71905859682299
23037000 -8.72588218888846
23038000 -8.73403473614725
23039000 -8.72856641798127
23040000 -8.71621747424327
23041000 -8.72012784266182
23042000 -8.73490409550249
23043000 -8.74547078667546
23044000 -8.73744042337296
23045000 -8.73102921086667
23046000 -8.73668865072512
23047000 -8.73361931350904
23048000 -8.73423303659256
23049000 -8.74032785159934
23050000 -8.74858835744576
23051000 -8.75451029095875
23052000 -8.74736428446362
23053000 -8.74333878286624
23054000 -8.73730527224493
23055000 -8.75326531262819
23056000 -8.76770016347467
23057000 -8.76431370738104
23058000 -8.75965600575811
23059000 -8.76846842492477
23060000 -8.77002871986715
23061000 -8.75582663091048
23062000 -8.75975557173238
23063000 -8.75535567069185
23064000 -8.7454874583377
23065000 -8.74311488550625
23066000 -8.74390594787813
23067000 -8.74617148163527
23068000 -8.73369693761584
23069000 -8.73247638822126
23070000 -8.72814870704215
23071000 -8.72308256835309
23072000 -8.72851342709127
23073000 -8.72990913559227
23074000 -8.73863267270881
23075000 -8.71415482911224
23076000 -8.70843038084379
23077000 -8.72308362096134
23078000 -8.73431614016999
23079000 -8.72604363740536
23080000 -8.70910486395551
23081000 -8.7202103677528
23082000 -8.73667585053252
23083000 -8.72885382778408
23084000 -8.72730576074956
23085000 -8.73604847049439
23086000 -8.73774628208959
23087000 -8.73900780894395
23088000 -8.7433677777597
23089000 -8.74828340778354
23090000 -8.73681388739681
23091000 -8.73760734514078
23092000 -8.74683041643952
23093000 -8.7673801764771
23094000 -8.76837706825081
23095000 -8.75885617228649
23096000 -8.75800845111375
23097000 -8.76721082121576
23098000 -8.76575487608708
23099000 -8.74655548900932
23100000 -8.75488116548917
23101000 -8.76620834127467
23102000 -8.76733644719279
23103000 -8.75131410576325
23104000 -8.7494868859433
23105000 -8.74562684569993
23106000 -8.74754647784507
23107000 -8.74148824280374
23108000 -8.73786807449801
23109000 -8.74465890448598
23110000 -8.74640072350737
23111000 -8.74894670690896
23112000 -8.75133789764193
23113000 -8.7493011257899
23114000 -8.75654583802762
23115000 -8.76005588278339
23116000 -8.75444581115535
23117000 -8.74658192558258
23118000 -8.75137068144945
23119000 -8.75929509569489
23120000 -8.74885750172809
23121000 -8.7435862116126
23122000 -8.75858794899297
23123000 -8.76338716071263
23124000 -8.74532961655193
23125000 -8.73089779727426
23126000 -8.74948253635789
23127000 -8.74184936731122
23128000 -8.73146043842759
23129000 -8.73692915882364
23130000 -8.73941151366229
23131000 -8.76502537950344
23132000 -8.75364132491118
23133000 -8.74016244246056
23134000 -8.74271303781362
23135000 -8.751896670605
23136000 -8.75507430151876
23137000 -8.75470192583769
23138000 -8.75050670490953
23139000 -8.76727076323024
23140000 -8.77706888904805
23141000 -8.7680011601834
23142000 -8.77683284913224
23143000 -8.79024491756284
23144000 -8.77576019805682
23145000 -8.78031204909175
23146000 -8.78814705040167
23147000 -8.78434736276539
23148000 -8.78565004752252
23149000 -8.78343404041274
23150000 -8.78584075515567
23151000 -8.77744176777009
23152000 -8.76577954590786
23153000 -8.76112702036224
23154000 -8.76765382005997
23155000 -8.77357398264732
23156000 -8.77242176355487
23157000 -8.77508334742172
23158000 -8.76862395322791
23159000 -8.77778897259853
23160000 -8.77259489253579
23161000 -8.76932093470348
23162000 -8.77333333667317
23163000 -8.77123903460052
23164000 -8.77483985043936
23165000 -8.77764792017886
23166000 -8.76931297894257
23167000 -8.7608684839221
23168000 -8.77227986558798
23169000 -8.77568955661452
23170000 -8.76312099528549
23171000 -8.76313532184053
23172000 -8.77116152292696
23173000 -8.77644525627712
23174000 -8.77913991425675
23175000 -8.76516621437339
23176000 -8.76333649796325
23177000 -8.76876329396224
23178000 -8.77445256331202
23179000 -8.77926357774079
23180000 -8.78913345032848
23181000 -8.78565075059579
23182000 -8.78492676828963
23183000 -8.78497172756066
23184000 -8.78228200485775
23185000 -8.78538606014921
23186000 -8.79303933230538
23187000 -8.79075368782554
23188000 -8.78484614365098
23189000 -8.78627401078119
23190000 -8.79707526727545
23191000 -8.79221072522806
23192000 -8.77799089902508
23193000 -8.76848076181236
23194000 -8.77609967319426
23195000 -8.78225081428189
23196000 -8.79095701549428
23197000 -8.79258709435959
23198000 -8.77551524010819
23199000 -8.77370594607169
23200000 -8.77526455822
23201000 -8.77127384600626
23202000 -8.77811441059642
23203000 -8.77438010264209
23204000 -8.78567075849174
23205000 -8.77660665991208
23206000 -8.78412007879093
23207000 -8.76575637144855
23208000 -8.76567944364514
23209000 -8.75569286423201
23210000 -8.76298014058642
23211000 -8.75314592849539
23212000 -8.75257904025219
23213000 -8.76188734634869
23214000 -8.78222531700593
23215000 -8.79204779475079
23216000 -8.79047531755303
23217000 -8.79231519114933
23218000 -8.80061792929904
23219000 -8.8133709250402
23220000 -8.81074779899418
23221000 -8.80664746064656
23222000 -8.79848427854988
23223000 -8.80346086032609
23224000 -8.81193920175684
23225000 -8.81508608515914
23226000 -8.80427562685294
23227000 -8.79590543749999
23228000 -8.7994648099479
23229000 -8.80909711626488
23230000 -8.81340673403553
23231000 -8.79585169775791
23232000 -8.77419908391243
23233000 -8.78869538305413
23234000 -8.78990877030473
23235000 -8.78375821839698
23236000 -8.77042509041755
23237000 -8.76287794014793
23238000 -8.76662003971528
23239000 -8.77900182230511
23240000 -8.79477590821466
23241000 -8.78249855343776
23242000 -8.77747436748081
23243000 -8.78025798225029
23244000 -8.78939160578347
23245000 -8.79589307477234
23246000 -8.79792787268532
23247000 -8.80224316602378
23248000 -8.7860413017086
23249000 -8.78163351020595
23250000 -8.78380868913518
23251000 -8.79019945383712
23252000 -8.79498215252008
23253000 -8.78249831872385
23254000 -8.78185351160662
23255000 -8.78306540419865
23256000 -8.78980365324765
23257000 -8.78692539774216
23258000 -8.78050485646017
23259000 -8.7810944860831
23260000 -8.78978378972372
23261000 -8.79826428635399
23262000 -8.79457747908184
23263000 -8.79642000853765
23264000 -8.80292610788939
23265000 -8.80977459536745
23266000 -8.79150304575001
23267000 -8.80622314008729
23268000 -8.80926740724575
23269000 -8.81346438114194
23270000 -8.82267295530436
23271000 -8.81563140810987
23272000 -8.81726925507887
23273000 -8.82201309232657
23274000 -8.81393484820517
23275000 -8.81411982767251
23276000 -8.81157453600847
23277000 -8.81602125232125
23278000 -8.81833430645743
23279000 -8.81273627036333
23280000 -8.80617528973402
23281000 -8.81122289778412
23282000 -8.8151774948223
23283000 -8.83217978050639
23284000 -8.81234196818819
23285000 -8.80543617120141
23286000 -8.8237346951224
23287000 -8.82053428557423
23288000 -8.82844907607979
23289000 -8.81804933607711
23290000 -8.82236616672461
23291000 -8.81210949121676
23292000 -8.8202958499341
23293000 -8.82292671895119
23294000 -8.80834360105843
23295000 -8.81702956598699
23296000 -8.81720183671677
23297000 -8.80727094380435
23298000 -8.7983563822387
23299000 -8.80141215085946
23300000 -8.80141277571569
23301000 -8.81090143386683
23302000 -8.81416982281242
23303000 -8.81137462035261
23304000 -8.81276544684086
23305000 -8.79376528226416
23306000 -8.79704761471445
23307000 -8.79693751782752
23308000 -8.794370786968
23309000 -8.80528185621451
23310000 -8.81582043177519
23311000 -8.81284716158428
23312000 -8.82470216610761
23313000 -8.80387122363347
23314000 -8.79936394683795
23315000 -8.81057005041307
23316000 -8.827042719437
23317000 -8.82877063208036
23318000 -8.82921601708084
23319000 -8.83404899103818
23320000 -8.83720976347407
23321000 -8.8267406790994
23322000 -8.80259046880252
23323000 -8.81100785903604
23324000 -8.82451464462983
23325000 -8.83282514310969
23326000 -8.83182551045319
23327000 -8.81907527490303
23328000 -8.81605331699776
23329000 -8.8349009364191
23330000 -8.83008986034402
23331000 -8.82688670945448
23332000 -8.82675375633589
23333000 -8.83791382991659
23334000 -8.83116958405432
23335000 -8.82604824555332
23336000 -8.8236794591881
23337000 -8.83019441123291
23338000 -8.82644393470416
23339000 -8.82109530362433
23340000 -8.81401707396553
23341000 -8.82040445790208
23342000 -8.83042126937572
23343000 -8.82231355406929
23344000 -8.81545399533388
23345000 -8.81204934034374
23346000 -8.81864491891346
23347000 -8.81997245954334
23348000 -8.81081100729386
23349000 -8.81181906465478
23350000 -8.82003333947023
23351000 -8.81338692899959
23352000 -8.82170670706141
23353000 -8.81307366437199
23354000 -8.81987475545525
23355000 -8.83957492160344
23356000 -8.83753053193481
23357000 -8.83358106049262
23358000 -8.8319086552133
23359000 -8.83595420915167
23360000 -8.83388916150843
23361000 -8.82040651437229
23362000 -8.82396183444687
23363000 -8.838626061759
23364000 -8.83343385522
23365000 -8.83127194960039
23366000 -8.82781068576252
23367000 -8.82761355221393
23368000 -8.84696149805726
23369000 -8.85648510821507
23370000 -8.85051189363409
23371000 -8.8416274430182
23372000 -8.82949375623592
23373000 -8.8410168435628
23374000 -8.8469663502281
23375000 -8.85826612777738
23376000 -8.8558302934299
23377000 -8.84942657597448
23378000 -8.83629776753093
23379000 -8.84189559729636
23380000 -8.8567124627682
23381000 -8.85270712960834
23382000 -8.84390198350415
23383000 -8.83406106688266
23384000 -8.85545678050886
23385000 -8.85644442163562
23386000 -8.8556748416048
23387000 -8.84752775149841
23388000 -8.83243587577662
23389000 -8.83473338414601
23390000 -8.85287394344001
23391000 -8.85028384033228
23392000 -8.84263064316881
23393000 -8.84563855388585
23394000 -8.85103536074705
23395000 -8.86487250787713
23396000 -8.84104663759179
23397000 -8.8342154097803
23398000 -8.83787191067535
23399000 -8.83720107328493
23400000 -8.83502025108505
23401000 -8.83769236874154
23402000 -8.83262171280662
23403000 -8.81935354240978
23404000 -8.83535495558551
23405000 -8.83211386239141
23406000 -8.84182502593218
23407000 -8.83221701965223
23408000 -8.83895568012098
23409000 -8.83680820255112
23410000 -8.84821609040392
23411000 -8.85907388451298
23412000 -8.84160884602532
23413000 -8.84380877215671
23414000 -8.86752666718037
23415000 -8.88123339283079
23416000 -8.88015074087889
23417000 -8.86795859780972
23418000 -8.8521997032629
23419000 -8.85690028654648
23420000 -8.86265419629238
23421000 -8.86979542570265
23422000 -8.87726419279375
23423000 -8.87542202167936
23424000 -8.86506982217986
23425000 -8.85947829538053
23426000 -8.85754333280846
23427000 -8.86482035701681
23428000 -8.86189074117983
23429000 -8.86560106156972
23430000 -8.86229953906595
23431000 -8.85077870183284
23432000 -8.85395322724689
23433000 -8.85651117066845
23434000 -8.85324077688172
23435000 -8.85546284960519
23436000 -8.8654848854741
23437000 -8.86027151206884
23438000 -8.86492972231638
23439000 -8.85183771187064
23440000 -8.84813661706108
23441000 -8.85524006418574
23442000 -8.8596617478865
23443000 -8.84613795092071
23444000 -8.83528932762259
23445000 -8.82433601125622
23446000 -8.83837503300611
23447000 -8.84732851885817
23448000 -8.85398289541664
23449000 -8.83787771433208
23450000 -8.8327517620213
23451000 -8.84265567035525
23452000 -8.85882121075671
23453000 -8.85148133511425
23454000 -8.83545468759657
23455000 -8.83800675954596
23456000 -8.84880717001422
23457000 -8.8559597762229
23458000 -8.86436176231393
23459000 -8.87124565468983
23460000 -8.86382104426163
23461000 -8.87991503640176
23462000 -8.88630654416594
23463000 -8.88001922693827
23464000 -8.87669524772048
23465000 -8.88047428223635
23466000 -8.88646931251987
23467000 -8.88666938497056
23468000 -8.89331981799913
23469000 -8.88430458105845
23470000 -8.89245821668989
23471000 -8.88181968968092
23472000 -8.88968740645946
23473000 -8.87556216393814
23474000 -8.86809956147887
23475000 -8.86524485376771
23476000 -8.85763438720045
23477000 -8.86857398168762
23478000 -8.87477216421419
23479000 -8.87504398891176
23480000 -8.86628152424348
23481000 -8.87247503052341
23482000 -8.87270785706903
23483000 -8.87068733471957
23484000 -8.8545899049261
23485000 -8.84702118561638
23486000 -8.84738304288162
23487000 -8.86087941063452
23488000 -8.84938428860254
23489000 -8.83403991185671
23490000 -8.84208070586644
23491000 -8.84628733969363
23492000 -8.84808775001881
23493000 -8.8518869549254
23494000 -8.84877373148135
23495000 -8.85267265631163
23496000 -8.84119469035753
23497000 -8.85781117939426
23498000 -8.86822281538331
23499000 -8.86485271214157
23500000 -8.86309338990527
23501000 -8.87090541199219
23502000 -8.85541161001622
23503000 -8.87327219262439
23504000 -8.89298597849598
23505000 -8.88414122264934
23506000 -8.89026973990458
23507000 -8.89392806591244
23508000 -8.88365821833711
23509000 -8.89478406152977
23510000 -8.91120906181332
23511000 -8.90823796431062
23512000 -8.88945076733756
23513000 -8.90596978386344
23514000 -8.91013454642428
23515000 -8.89805602016755
23516000 -8.88670239095945
23517000 -8.88528756122276
23518000 -8.88017819510516
23519000 -8.89629082942683
23520000 -8.91375596168691
23521000 -8.91508476261553
23522000 -8.90781977921393
23523000 -8.88796119158983
23524000 -8.87845569135909
23525000 -8.87662818950504
23526000 -8.88530845409258
23527000 -8.89571474802866
23528000 -8.90253969279492
23529000 -8.88682547875146
23530000 -8.88318466690916
23531000 -8.88533514004741
23532000 -8.88514849048939
23533000 -8.88702049068798
23534000 -8.88910911097813
23535000 -8.88542395554312
23536000 -8.88123016320324
23537000 -8.87459243877762
23538000 -8.86204762078854
23539000 -8.85562951937721
23540000 -8.85849621182985
23541000 -8.87158104193733
23542000 -8.86934762448317
23543000 -8.87022765881542
23544000 -8.87945678212271
23545000 -8.87418670992862
23546000 -8.88634909375789
23547000 -8.8800087839538
23548000 -8.87513340334823
23549000 -8.87119148245445
23550000 -8.88881357535702
23551000 -8.88527324092741
23552000 -8.89028970001586
23553000 -8.88799826202131
23554000 -8.90603153912827
23555000 -8.92201329912817
23556000 -8.92116423283854
23557000 -8.91011352301855
23558000 -8.89716693441993
23559000 -8.8986525173653
23560000 -8.92339049309934
23561000 -8.91845297569022
23562000 -8.90792625231285
23563000 -8.87844488156075
23564000 -8.8917073245245
23565000 -8.89371458845157
23566000 -8.91082262223702
23567000 -8.90695789949596
23568000 -8.91104543044343
23569000 -8.91793403373958
23570000 -8.92471748647173
23571000 -8.91499967181465
23572000 -8.91060974897198
23573000 -8.91258132663419
23574000 -8.90927298464746
23575000 -8.90172954310932
23576000 -8.89779444373585
23577000 -8.90106449873991
23578000 -8.90495013790685
23579000 -8.91518618933054
23580000 -8.91134553622527
23581000 -8.89091195364337
23582000 -8.89001206483508
23583000 -8.88197435906093
23584000 -8.89465683902851
23585000 -8.89428575771306
23586000 -8.90384610676441
23587000 -8.88814117305284
23588000 -8.88838882765327
23589000 -8.887089475727
23590000 -8.89056573070216
23591000 -8.89523449031835
23592000 -8.90199956693175
23593000 -8.90430403256874
23594000 -8.90756467283434
23595000 -8.90226831006094
23596000 -8.89314767535956
23597000 -8.89540197261614
23598000 -8.88991043999307
23599000 -8.89581290903254
23600000 -8.89274473293925
23601000 -8.89885310824243
23602000 -8.89968764387299
23603000 -8.90243990925422
23604000 -8.89798878148086
23605000 -8.90158502766928
23606000 -8.901872823395
23607000 -8.91091418018427
23608000 -8.91577438766154
23609000 -8.92144070122933
23610000 -8.9101390853244
23611000 -8.92160044343902
23612000 -8.93937266046808
23613000 -8.93124026874088
23614000 -8.92255491995182
23615000 -8.92012041965809
23616000 -8.91485520501657
23617000 -8.91156843321046
23618000 -8.907512845322
23619000 -8.92017507531293
23620000 -8.92782686584457
23621000 -8.928010359299
23622000 -8.92227027710252
23623000 -8.93415488243203
23624000 -8.93042704491785
23625000 -8.94576038621641
23626000 -8.93403306685214
23627000 -8.91680019058189
23628000 -8.91544042113908
23629000 -8.92272506970318
23630000 -8.92907612590127
23631000 -8.93575872694578
23632000 -8.93408541431641
23633000 -8.91180270072409
23634000 -8.92364334534346
23635000 -8.94012526482584
23636000 -8.94190935731874
23637000 -8.93879299224185
23638000 -8.92474505057873
23639000 -8.92888904595046
23640000 -8.93181568378454
23641000 -8.93433569470896
23642000 -8.92192513489657
23643000 -8.92361469629196
23644000 -8.92513820011832
23645000 -8.93763415072591
23646000 -8.92274760011899
23647000 -8.92207316726224
23648000 -8.92837252827324
23649000 -8.91361174424752
23650000 -8.91366267956791
23651000 -8.91921321227854
23652000 -8.91829643409672
23653000 -8.91789795208126
23654000 -8.91708662561857
23655000 -8.92091246251109
23656000 -8.9280018596705
23657000 -8.93401862794567
23658000 -8.93235816478252
23659000 -8.92539245385651
23660000 -8.90989765950584
23661000 -8.91939001519227
23662000 -8.9184717837225
23663000 -8.91874944177784
23664000 -8.91597645930976
23665000 -8.91003189427788
23666000 -8.91236117268437
23667000 -8.9308837198653
23668000 -8.92873791993371
23669000 -8.93782423349874
23670000 -8.92814654567182
23671000 -8.92869501116336
23672000 -8.94137315758842
23673000 -8.94294331451712
23674000 -8.92285965938041
23675000 -8.92583735537011
23676000 -8.94513332818026
23677000 -8.95449662916508
23678000 -8.94994644498817
23679000 -8.94607199415418
23680000 -8.93631831409241
23681000 -8.93608614402352
23682000 -8.93701143373103
23683000 -8.94312220002403
23684000 -8.9337810845891
23685000 -8.92529671693722
23686000 -8.92724147391363
23687000 -8.9370952524712
23688000 -8.9353899754516
23689000 -8.94511071913037
23690000 -8.93554636779962
23691000 -8.92764779957066
23692000 -8.94228919947082
23693000 -8.95159755587827
23694000 -8.94287802607977
23695000 -8.94195955888921
23696000 -8.93436893457172
23697000 -8.95724161698463
23698000 -8.95517617358795
23699000 -8.95926758637254
23700000 -8.94229185404388
23701000 -8.93467088101381
23702000 -8.93803720531512
23703000 -8.94511155436611
23704000 -8.95844731767889
23705000 -8.95328196824397
23706000 -8.95035524422495
23707000 -8.94869743117538
23708000 -8.94768434425085
23709000 -8.94586293075738
23710000 -8.95434897966229
23711000 -8.9541475832581
23712000 -8.95243849283048
23713000 -8.9461015930732
23714000 -8.94826928798178
23715000 -8.9545959127459
23716000 -8.95798666198714
23717000 -8.96058671833439
23718000 -8.96550933402925
23719000 -8.95878884147503
23720000 -8.95209184405121
23721000 -8.94690566746058
23722000 -8.95617879707472
23723000 -8.95748245344202
23724000 -8.94237023179377
23725000 -8.94135730628975
23726000 -8.94580302379631
23727000 -8.95953753555084
23728000 -8.96923986514208
23729000 -8.95780889655975
23730000 -8.95193993552751
23731000 -8.94698880713474
23732000 -8.94201543678421
23733000 -8.94487115158575
23734000 -8.96439458013712
23735000 -8.95506635271362
23736000 -8.9505471214038
23737000 -8.94856604915998
23738000 -8.95450768521718
23739000 -8.95413466485691
23740000 -8.9443045632739
23741000 -8.94579984037257
23742000 -8.95987114198722
23743000 -8.96302409840815
23744000 -8.95524224729602
23745000 -8.95666657981413
23746000 -8.94476613292141
23747000 -8.95815854038945
23748000 -8.94783928342539
23749000 -8.94459222139027
23750000 -8.95818505610573
23751000 -8.95037541741709
23752000 -8.94418258277898
23753000 -8.94147585623669
23754000 -8.96399764604406
23755000 -8.97048208521334
23756000 -8.97569823502712
23757000 -8.97071009275805
23758000 -8.96327193275082
23759000 -8.95753667222015
23760000 -8.94871327883143
23761000 -8.96304212308952
23762000 -8.97727407204983
23763000 -8.97299514454829
23764000 -8.97231673339039
23765000 -8.9678620776053
23766000 -8.9704348592119
23767000 -8.96062315581497
23768000 -8.96895911049118
23769000 -8.96080378768937
23770000 -8.97081018785665
23771000 -8.9679313968762
23772000 -8.97286918332441
23773000 -8.97935822239855
23774000 -8.98813111144484
23775000 -8.97009733813055
23776000 -8.97441051753782
23777000 -8.97800491375379
23778000 -8.99365288922498
23779000 -8.99533678773825
23780000 -8.99964547346967
23781000 -8.98941979158905
23782000 -8.98261801344983
23783000 -8.97998899315845
23784000 -8.97399745762656
23785000 -8.99400994484072
23786000 -8.97986792829714
23787000 -8.97339318429749
23788000 -8.97948638249864
23789000 -8.97726862013873
23790000 -8.9852373782854
23791000 -8.9868681050759
23792000 -8.98155870026469
23793000 -8.97928628475124
23794000 -8.98904576460533
23795000 -8.9751738970788
23796000 -8.95696204733176
23797000 -8.96157592631072
23798000 -8.9707897551203
23799000 -8.97317588496125
23800000 -8.98375476474528
23801000 -8.97936763671883
23802000 -8.96018544179597
23803000 -8.96748795042145
23804000 -8.97478175757968
23805000 -8.98046494295748
23806000 -8.98168291642211
23807000 -8.95956004058913
23808000 -8.94664692355755
23809000 -8.95471780454912
23810000 -8.96983870077147
23811000 -8.97360762574679
23812000 -8.97134705453783
23813000 -8.96196183921181
23814000 -8.96218956256204
23815000 -8.97092884335179
23816000 -8.96348368609148
23817000 -8.95467320955191
23818000 -8.95260244281048
23819000 -8.96191911022251
23820000 -8.97749302109911
23821000 -8.96847942691976
23822000 -8.95742642408706
23823000 -8.96518521269481
23824000 -8.98364820404832
23825000 -8.98357132399292
23826000 -8.98301937682236
23827000 -8.97023690950501
23828000 -8.97975248069736
23829000 -8.9808543493738
23830000 -8.98061324144784
23831000 -8.97747047305909
23832000 -8.99356173266523
23833000 -8.99635049390458
23834000 -9.00236707703471
23835000 -8.99261749905227
23836000 -8.97699682208546
23837000 -8.97640248473501
23838000 -8.98507887969075
23839000 -9.00664339121225
23840000 -9.00503230272309
23841000 -8.98945441328217
23842000 -8.99344644279595
23843000 -8.98377942092298
23844000 -8.98506543599031
23845000 -8.9970771796107
23846000 -9.00611359350516
23847000 -9.0123194076889
23848000 -8.99677551429081
23849000 -8.99044121959485
23850000 -8.99392862741781
23851000 -8.99714512643133
23852000 -9.00849547041729
23853000 -9.01183080742009
23854000 -9.00112690219722
23855000 -8.99120090896616
23856000 -8.99603096084961
23857000 -9.00352312159753
23858000 -9.00489304201784
23859000 -9.00654029685642
23860000 -9.00739660459433
23861000 -9.01469428246299
23862000 -9.00876110960811
23863000 -9.00101111120711
23864000 -8.99029098865146
23865000 -8.98753706244436
23866000 -8.98686253804877
23867000 -8.99857631717078
23868000 -9.00767131399605
23869000 -9.00481364740324
23870000 -8.98969824583486
23871000 -8.97835373327143
23872000 -8.96733863322258
23873000 -8.99240352581854
23874000 -9.00365119071794
23875000 -9.00143422296437
23876000 -8.99358511352018
23877000 -8.98528807920905
23878000 -8.99047435666802
23879000 -8.9966869187897
23880000 -8.99376588447314
23881000 -8.99006616532492
23882000 -8.98356847085066
23883000 -8.98734094653818
23884000 -8.99454960587226
23885000 -9.00681788378333
23886000 -9.01077514370257
23887000 -9.00467580456809
23888000 -9.00062816022451
23889000 -9.00422306155598
23890000 -8.99458735922581
23891000 -9.00325939882386
23892000 -8.99034997353018
23893000 -8.98801698871022
23894000 -9.00872263660442
23895000 -9.00246990974916
23896000 -9.00045760359833
23897000 -8.99488101159833
23898000 -9.01148232521046
23899000 -9.01143166200221
23900000 -9.0080049980793
23901000 -9.00523731201705
23902000 -9.00976233166254
23903000 -9.00815840479796
23904000 -9.01511226380327
23905000 -9.02523802585699
23906000 -9.03307779352161
23907000 -9.02611778631131
23908000 -9.0194275564042
23909000 -9.00715745619706
23910000 -9.0266899279971
23911000 -9.02567458896957
23912000 -9.02508914490029
23913000 -9.01329919588382
23914000 -9.02105469277706
23915000 -9.0203487434432
23916000 -9.0151120140702
23917000 -9.01609467543579
23918000 -9.01843918700028
23919000 -9.01615197888049
23920000 -9.0219166535672
23921000 -9.01760323040864
23922000 -9.03406646930241
23923000 -9.02760232926499
23924000 -9.02120457587768
23925000 -9.02065591143478
23926000 -9.02248507465871
23927000 -9.02175547316052
23928000 -9.01564094507134
23929000 -9.01185276078988
23930000 -9.01661977872795
23931000 -9.02397255430304
23932000 -9.02278587069769
23933000 -9.02843934422129
23934000 -9.01960382609076
23935000 -9.01439091545426
23936000 -9.00340354064433
23937000 -9.0002917631199
23938000 -9.01410063310616
23939000 -9.02152026475683
23940000 -9.02499608135861
23941000 -9.02715290603204
23942000 -8.99953819942598
23943000 -8.99711358720506
23944000 -9.0031542934375
23945000 -9.00835146281784
23946000 -9.00555794185188
23947000 -9.00719144168002
23948000 -9.01063926367826
23949000 -9.00146280112011
23950000 -9.00067778427577
23951000 -9.01720333366606
23952000 -9.02990607164125
23953000 -9.03047094643677
23954000 -9.01775078293966
23955000 -9.00932625086425
23956000 -9.00791381448966
23957000 -9.01473868957198
23958000 -9.01189588826755
23959000 -9.00967653734629
23960000 -9.00504282962703
23961000 -9.01806513393758
23962000 -9.01982901605215
23963000 -9.01969839092136
23964000 -9.02918913571989
23965000 -9.01632465258358
23966000 -9.02722550622043
23967000 -9.02727355929119
23968000 -9.02774147005092
23969000 -9.02871760491096
23970000 -9.01034900905846
23971000 -9.02514824966977
23972000 -9.03732371262976
23973000 -9.03513506186863
23974000 -9.0294851592275
23975000 -9.03596850153041
23976000 -9.04286014639236
23977000 -9.03415793925027
23978000 -9.02968171679836
23979000 -9.02254525288462
23980000 -9.02647719220819
23981000 -9.03256656665134
23982000 -9.02838789707923
23983000 -9.03505543067641
23984000 -9.04023722286904
23985000 -9.03688537520825
23986000 -9.0390906479626
23987000 -9.03385105911695
23988000 -9.04620745440302
23989000 -9.05445497640742
23990000 -9.0473887880184
23991000 -9.04297660246822
23992000 -9.04934898163843
23993000 -9.03889333954556
23994000 -9.02864568909606
23995000 -9.02299250058749
23996000 -9.0343725599504
23997000 -9.03672253891356
23998000 -9.03283471477064
23999000 -9.03913476645226
24000000 -9.04485539106252
24001000 -9.04909857010092
24002000 -9.03360716190894
24003000 -9.02001616637842
24004000 -9.01795233942289
24005000 -9.01768271250134
24006000 -9.01604672243883
24007000 -9.03363480522644
24008000 -9.04449096350476
24009000 -9.04355104704411
24010000 -9.03855696303417
24011000 -9.02832699093464
24012000 -9.01641864477956
24013000 -9.02287194090661
24014000 -9.02702781728009
24015000 -9.04021553502739
24016000 -9.02348621440869
24017000 -9.0211254216159
24018000 -9.01886203351947
24019000 -9.02557646670682
24020000 -9.04343445787607
24021000 -9.03851839095968
24022000 -9.03422264708559
24023000 -9.03491264123336
24024000 -9.03371529038148
24025000 -9.01566278818838
24026000 -9.02676712658832
24027000 -9.03403361391984
24028000 -9.03556887900756
24029000 -9.0300017939854
24030000 -9.03320521510203
24031000 -9.0470107378613
24032000 -9.04606824653285
24033000 -9.0437896482708
24034000 -9.03779262211064
24035000 -9.0285399219472
24036000 -9.03038854865993
24037000 -9.04291512988172
24038000 -9.04395971901542
24039000 -9.061530725126
24040000 -9.06591849123287
24041000 -9.03783581792345
24042000 -9.0472713114583
24043000 -9.05583383477365
24044000 -9.05367034373209
24045000 -9.05828527823109
24046000 -9.06619673495386
24047000 -9.07849095663434
24048000 -9.06699829751433
24049000 -9.06274006558775
24050000 -9.06937674699434
24051000 -9.06014327015277
24052000 -9.05304323921703
24053000 -9.05605393603851
24054000 -9.05014682239451
24055000 -9.0593469816459
24056000 -9.0626727279223
24057000 -9.07747401695892
24058000 -9.07589843492632
24059000 -9.06312135003999
24060000 -9.04546009560981
24061000 -9.05300102549771
24062000 -9.0570594238677
24063000 -9.06227076248574
24064000 -9.07235231519076
24065000 -9.07439054689205
24066000 -9.06739807749367
24067000 -9.0569240384285
24068000 -9.04859807510331
24069000 -9.05651675896493
24070000 -9.07203874444357
24071000 -9.07668109997491
24072000 -9.06354522253763
24073000 -9.04258271745634
24074000 -9.04417893405866
24075000 -9.0426042153615
24076000 -9.05440365010966
24077000 -9.04587981968326
24078000 -9.0494915218182
24079000 -9.0451439946928
24080000 -9.04941963626134
24081000 -9.04802760500396
24082000 -9.05022374522001
24083000 -9.05580271187057
24084000 -9.05572773138722
24085000 -9.0461287691434
24086000 -9.04825053656941
24087000 -9.03605855510757
24088000 -9.04761255641841
24089000 -9.0516264037557
24090000 -9.05787338884777
24091000 -9.05239270966644
24092000 -9.07481371206113
24093000 -9.06774905629409
24094000 -9.05918734189117
24095000 -9.04591899513239
24096000 -9.0557306611049
24097000 -9.05171300849818
24098000 -9.06195710903819
24099000 -9.07480714750654
24100000 -9.06595865019558
24101000 -9.06758243114474
24102000 -9.0624976646346
24103000 -9.06855210108716
24104000 -9.0788263504641
24105000 -9.07282572324921
24106000 -9.07527365699817
24107000 -9.07411634845045
24108000 -9.07180907704829
24109000 -9.08075430700839
24110000 -9.08646243394438
24111000 -9.07923904004664
24112000 -9.08028682109191
24113000 -9.07835667763916
24114000 -9.06872104200883
24115000 -9.07261945534536
24116000 -9.08596842384296
24117000 -9.08580927314973
24118000 -9.08397603680481
24119000 -9.06711790133046
24120000 -9.07298391142919
24121000 -9.07825476616802
24122000 -9.09201282511114
24123000 -9.08604324447254
24124000 -9.0858099663538
24125000 -9.09074485837881
24126000 -9.08181506439247
24127000 -9.07284203983713
24128000 -9.07836519858365
24129000 -9.08754602383158
24130000 -9.08955425092841
24131000 -9.07628741661066
24132000 -9.08551624003766
24133000 -9.08006052092412
24134000 -9.07110888379418
24135000 -9.08208629683406
24136000 -9.07960576954305
24137000 -9.07896798444466
24138000 -9.08096252445588
24139000 -9.07067105590323
24140000 -9.0548910132563
24141000 -9.05927522605465
24142000 -9.0765795785527
24143000 -9.07794046930872
24144000 -9.08636962563682
24145000 -9.07126226474812
24146000 -9.07058856028674
24147000 -9.06442309884943
24148000 -9.06976345536935
24149000 -9.07929873739546
24150000 -9.07652359353291
24151000 -9.08431912191955
24152000 -9.09159414888685
24153000 -9.08463496567795
24154000 -9.08686129847479
24155000 -9.08542476938726
24156000 -9.07546296673948
24157000 -9.06268889556471
24158000 -9.08531503071656
24159000 -9.08797300928712
24160000 -9.09006151876001
24161000 -9.09177150364203
24162000 -9.09197640756216
24163000 -9.0708709904772
24164000 -9.06545574752895
24165000 -9.05915441331827
24166000 -9.08116258308619
24167000 -9.0965554131902
24168000 -9.11564579926544
24169000 -9.10486650838449
24170000 -9.10704184209676
24171000 -9.08555848993123
24172000 -9.08246939215763
24173000 -9.08273371439641
24174000 -9.08795264931625
24175000 -9.09485804301035
24176000 -9.11549491509504
24177000 -9.11265727559241
24178000 -9.10663559885119
24179000 -9.10145694335447
24180000 -9.09428446067273
24181000 -9.09143961160041
24182000 -9.09934019793299
24183000 -9.09964652276483
24184000 -9.10954882360733
24185000 -9.10265628088364
24186000 -9.09547663672043
24187000 -9.10353712278296
24188000 -9.10292839374559
24189000 -9.10044450583497
24190000 -9.09827900454667
24191000 -9.09527798385415
24192000 -9.11181316484944
24193000 -9.11861336464082
24194000 -9.11455878244445
24195000 -9.10243433358031
24196000 -9.10268780566363
24197000 -9.10310984421166
24198000 -9.11418044349993
24199000 -9.1160274123434
24200000 -9.10758504080929
24201000 -9.09536073618188
24202000 -9.10134320487053
24203000 -9.11085812206511
24204000 -9.12200958403173
24205000 -9.11092470042377
24206000 -9.10060106995991
24207000 -9.09354977929653
24208000 -9.09690431392329
24209000 -9.10464625392983
24210000 -9.09627067006004
24211000 -9.09361736546774
24212000 -9.09228411811246
24213000 -9.09563453149052
24214000 -9.08876404114581
24215000 -9.11403259711573
24216000 -9.10951172069247
24217000 -9.11063317165142
24218000 -9.10298921758021
24219000 -9.09328685411047
24220000 -9.0973953082248
24221000 -9.09393415662144
24222000 -9.11516658903576
24223000 -9.11909089388406
24224000 -9.10986432317643
24225000 -9.10636304015952
24226000 -9.09881817299336
24227000 -9.0918966518897
24228000 -9.10639218309969
24229000 -9.11675784229359
24230000 -9.11947758760377
24231000 -9.12004077554041
24232000 -9.10742572186985
24233000 -9.10783850392589
24234000 -9.10911111701653
24235000 -9.10664877443116
24236000 -9.11408874537492
24237000 -9.11321318760095
24238000 -9.11993257370326
24239000 -9.13002076893187
24240000 -9.11275596096701
24241000 -9.11691986781583
24242000 -9.11148281160533
24243000 -9.1071963983077
24244000 -9.11647065972415
24245000 -9.12610100829821
24246000 -9.11815463504773
24247000 -9.12770519057161
24248000 -9.12102766989721
24249000 -9.11738681101672
24250000 -9.129768055951
24251000 -9.12885145949942
24252000 -9.11576862624493
24253000 -9.12462269111432
24254000 -9.13913572720494
24255000 -9.14020353251533
24256000 -9.13468451828189
24257000 -9.11542604944016
24258000 -9.11624842274141
24259000 -9.13668824582018
24260000 -9.1332739493404
24261000 -9.13321611213143
24262000 -9.12376128915981
24263000 -9.11730860918719
24264000 -9.13222433154871
24265000 -9.14033538532433
24266000 -9.15464033399266
24267000 -9.13829657773598
24268000 -9.12877274040688
24269000 -9.12139896125058
24270000 -9.12453952632452
24271000 -9.12498638455769
24272000 -9.12610104934254
24273000 -9.1406212972804
24274000 -9.14183841234047
24275000 -9.14235360595671
24276000 -9.13613628944269
24277000 -9.12213439522067
24278000 -9.11240098404131
24279000 -9.11781103279909
24280000 -9.13216538991431
24281000 -9.14168910763719
24282000 -9.13774906341046
24283000 -9.12720319850432
24284000 -9.12316154647922
24285000 -9.12877874990451
24286000 -9.14558660171683
24287000 -9.13160072126819
24288000 -9.13441965766508
24289000 -9.1300076289618
24290000 -9.12181185850888
24291000 -9.12858680991299
24292000 -9.13881115993174
24293000 -9.12071840648569
24294000 -9.12693092291289
24295000 -9.14199856938816
24296000 -9.13974824500144
24297000 -9.1356653096982
24298000 -9.13732965980636
24299000 -9.13013960424575
24300000 -9.12479293776718
24301000 -9.13032984620038
24302000 -9.14730181010588
24303000 -9.13812274919451
24304000 -9.14321945873953
24305000 -9.13076698110041
24306000 -9.13946605854656
24307000 -9.14428508400404
24308000 -9.14863201134531
24309000 -9.12850354864452
24310000 -9.13330205536383
24311000 -9.1446196188124
24312000 -9.13856035523226
24313000 -9.13860193274958
24314000 -9.13610434838368
24315000 -9.1428372671784
24316000 -9.14995707829359
24317000 -9.136173141281
24318000 -9.13241138981352
24319000 -9.12923649968356
24320000 -9.13534822341614
24321000 -9.15553538210933
24322000 -9.14444498404327
24323000 -9.1450789672132
24324000 -9.1411084054606
24325000 -9.14691714253522
24326000 -9.14139201826034
24327000 -9.12987312200246
24328000 -9.12735420076016
24329000 -9.14487686156265
24330000 -9.16519363764223
24331000 -9.14834294094559
24332000 -9.1416456092408
24333000 -9.13166202238019
24334000 -9.14298932959536
24335000 -9.13517401928031
24336000 -9.14381692849568
24337000 -9.16494574988502
24338000 -9.14641119652133
24339000 -9.13308395101886
24340000 -9.13466288241603
24341000 -9.15299323545269
24342000 -9.16705711704487
24343000 -9.16162943314989
24344000 -9.14552546411252
24345000 -9.12571950877286
24346000 -9.13914513202231
24347000 -9.15769887207955
24348000 -9.17415448417883
24349000 -9.16880631099709
24350000 -9.15926687648739
24351000 -9.13431140018031
24352000 -9.13488778487195
24353000 -9.13363989469579
24354000 -9.15254856750247
24355000 -9.15723916165107
24356000 -9.14920322098554
24357000 -9.15405953196285
24358000 -9.15853374376582
24359000 -9.14549514960964
24360000 -9.13591192628805
24361000 -9.14171992466033
24362000 -9.14304073306329
24363000 -9.14644787583461
24364000 -9.15505844934865
24365000 -9.1532656270377
24366000 -9.15023146564423
24367000 -9.15856073947642
24368000 -9.15907418243845
24369000 -9.14829943761741
24370000 -9.14196335438595
24371000 -9.13325184490424
24372000 -9.15447170618199
24373000 -9.15231617104342
24374000 -9.16987612188454
24375000 -9.15323809726787
24376000 -9.14976333330502
24377000 -9.15874312706964
24378000 -9.16206218508962
24379000 -9.15799304505189
24380000 -9.14919223808259
24381000 -9.14369742881277
24382000 -9.14547525925955
24383000 -9.1550865789847
24384000 -9.16791806766805
24385000 -9.15755319130355
24386000 -9.14542872781688
24387000 -9.15653638674585
24388000 -9.1533050700276
24389000 -9.16783401337042
24390000 -9.17275500871059
24391000 -9.16835952358925
24392000 -9.16162431019167
24393000 -9.15242887512083
24394000 -9.16060200396458
24395000 -9.15860993525734
24396000 -9.17641207635082
24397000 -9.17695222524234
24398000 -9.171680382976
24399000 -9.16578068412944
24400000 -9.16521297887991
24401000 -9.17054202612372
24402000 -9.16605366251101
24403000 -9.17249741757579
24404000 -9.17644010269347
24405000 -9.18455660010587
24406000 -9.18179304656826
24407000 -9.1800813943077
24408000 -9.1634039483474
24409000 -9.16089235848971
24410000 -9.18255149075962
24411000 -9.18096902348092
24412000 -9.17360732904094
24413000 -9.16312026442078
24414000 -9.14878868496398
24415000 -9.17735719359502
24416000 -9.1860140228804
24417000 -9.1849647336037
24418000 -9.19299299932506
24419000 -9.17591039554154
24420000 -9.17643625689054
24421000 -9.17492567440076
24422000 -9.18660532442331
24423000 -9.18093525290116
24424000 -9.1768307328936
24425000 -9.17354283142203
24426000 -9.19211747977031
24427000 -9.18808781631716
24428000 -9.19552707054988
24429000 -9.19240560015621
24430000 -9.18123683840127
24431000 -9.17854661759149
24432000 -9.16851040862787
24433000 -9.17999501301041
24434000 -9.191982390635
24435000 -9.19102704859224
24436000 -9.20113222721414
24437000 -9.19687757545331
24438000 -9.18127016287438
24439000 -9.18744332504101
24440000 -9.17636183326917
24441000 -9.17890340995897
24442000 -9.18206363558853
24443000 -9.18682954526979
24444000 -9.18544595682959
24445000 -9.19724338549434
24446000 -9.20229174635896
24447000 -9.19556490214153
24448000 -9.17701328536196
24449000 -9.16851800516898
24450000 -9.17526716989219
24451000 -9.18362630649829
24452000 -9.18388932442437
24453000 -9.20389484071876
24454000 -9.19195226612279
24455000 -9.18317900665351
24456000 -9.16593162420168
24457000 -9.17449932044342
24458000 -9.18542322509678
24459000 -9.19010945282578
24460000 -9.20639927575888
24461000 -9.19376254271756
24462000 -9.18488717931599
24463000 -9.19181392555946
24464000 -9.18904703584823
24465000 -9.19488372281374
24466000 -9.19585927804491
24467000 -9.19929139970932
24468000 -9.17307614944242
24469000 -9.16693046422319
24470000 -9.17948795928307
24471000 -9.1888218994242
24472000 -9.19133754562522
24473000 -9.19298712662824
24474000 -9.18380568834247
24475000 -9.18425765998662
24476000 -9.16543899921351
24477000 -9.17698876536895
24478000 -9.18397015680536
24479000 -9.17615058260473
24480000 -9.18772543732425
24481000 -9.18413368858381
24482000 -9.18772990793804
24483000 -9.1823565420038
24484000 -9.17755925262134
24485000 -9.18292371108238
24486000 -9.19197814897813
24487000 -9.1933461682816
24488000 -9.18723037526975
24489000 -9.18233303819167
24490000 -9.17170118344234
24491000 -9.18695767864584
24492000 -9.20163290070617
24493000 -9.202542684693
24494000 -9.1987539911697
24495000 -9.18460497964309
24496000 -9.17699288523738
24497000 -9.18336689628132
24498000 -9.19688138297236
24499000 -9.20038909039514
24500000 -9.19356432472841
24501000 -9.18861739499137
24502000 -9.18260491106142
24503000 -9.19190346505106
24504000 -9.20313967294497
24505000 -9.21112959832108
24506000 -9.18685963039501
24507000 -9.18554050649257
24508000 -9.18537096110637
24509000 -9.20779276270411
24510000 -9.20937523028472
24511000 -9.20705033120456
24512000 -9.19685644255703
24513000 -9.17296403413112
24514000 -9.18252916746236
24515000 -9.19533852774969
24516000 -9.19097105864983
24517000 -9.19989348417005
24518000 -9.19474153017561
24519000 -9.20106690006023
24520000 -9.19289207222414
24521000 -9.19425557532537
24522000 -9.20079192261433
24523000 -9.20534039121912
24524000 -9.20844225860361
24525000 -9.20316854003682
24526000 -9.20169458838621
24527000 -9.19870288523535
24528000 -9.19344064149558
24529000 -9.20052341369844
24530000 -9.19626412190839
24531000 -9.18771813167969
24532000 -9.19550474597988
24533000 -9.21764238064178
24534000 -9.20786180712891
24535000 -9.19740769263621
24536000 -9.18441118562012
24537000 -9.20132184364766
24538000 -9.21435858662474
24539000 -9.21887099001441
24540000 -9.21186839949566
24541000 -9.21209482009275
24542000 -9.2170153364756
24543000 -9.21129016293381
24544000 -9.2118782752941
24545000 -9.2091410439773
24546000 -9.21381925404756
24547000 -9.21150369884386
24548000 -9.2079992803284
24549000 -9.21225812722061
24550000 -9.22190224856734
24551000 -9.21528488743685
24552000 -9.20269959028319
24553000 -9.20304808515219
24554000 -9.21353707027311
24555000 -9.23265370555658
24556000 -9.22531741476371
24557000 -9.22254615063996
24558000 -9.21970093998883
24559000 -9.2179261179639
24560000 -9.19536554742685
24561000 -9.2041092081211
24562000 -9.22799003991101
24563000 -9.23392276346138
24564000 -9.22894735106328
24565000 -9.2218017665049
24566000 -9.21499601788456
24567000 -9.2259216632213
24568000 -9.21561458639592
24569000 -9.22009715816247
24570000 -9.20945595279971
24571000 -9.21431943026781
24572000 -9.21372607328199
24573000 -9.21186015928375
24574000 -9.22209366167503
24575000 -9.21754783086168
24576000 -9.21860129815302
24577000 -9.2020798428513
24578000 -9.21540000316844
24579000 -9.21310224171398
24580000 -9.21454577029091
24581000 -9.20890694260989
24582000 -9.20793622057235
24583000 -9.21182142629674
24584000 -9.21826290642178
24585000 -9.21920023609286
24586000 -9.22479870249042
24587000 -9.21239473808943
24588000 -9.20732700179051
24589000 -9.20508220717876
24590000 -9.21427380408267
24591000 -9.21604931380659
24592000 -9.2221613504017
24593000 -9.22339580709139
24594000 -9.21657160336446
24595000 -9.22097534572856
24596000 -9.22082065493027
24597000 -9.22929136654907
24598000 -9.23277603631721
24599000 -9.23460547469445
24600000 -9.24463557912441
24601000 -9.2336656121183
24602000 -9.23603470047149
24603000 -9.23797747171547
24604000 -9.23768675968675
24605000 -9.24221306308825
24606000 -9.25601683138702
24607000 -9.23430874832191
24608000 -9.21968958283382
24609000 -9.23722785301159
24610000 -9.23177796259086
24611000 -9.25271948483385
24612000 -9.24562890337531
24613000 -9.23699933163543
24614000 -9.23052450231938
24615000 -9.23687490386584
24616000 -9.24063235704651
24617000 -9.24662187312017
24618000 -9.23070527587664
24619000 -9.21931195080066
24620000 -9.22706269698415
24621000 -9.2241380021579
24622000 -9.22418714432343
24623000 -9.21907414917154
24624000 -9.23137707350307
24625000 -9.24518979285057
24626000 -9.24669746583573
24627000 -9.236094818512
24628000 -9.22857842332045
24629000 -9.22983539973659
24630000 -9.22613197440123
24631000 -9.22293982210962
24632000 -9.2288390225072
24633000 -9.2235690900864
24634000 -9.24225161642997
24635000 -9.22389883122627
24636000 -9.22494067662948
24637000 -9.22104943737895
24638000 -9.22160694305795
24639000 -9.22910879115502
24640000 -9.21570512502377
24641000 -9.22529562930834
24642000 -9.23592265420166
24643000 -9.23849662947679
24644000 -9.22886127993868
24645000 -9.22659942398314
24646000 -9.23519079294767
24647000 -9.23317607749216
24648000 -9.23988271224976
24649000 -9.22321913705194
24650000 -9.23703094591497
24651000 -9.24790613789666
24652000 -9.26225079437737
24653000 -9.26039615001616
24654000 -9.24845805160247
24655000 -9.2360325310876
24656000 -9.23806013427157
24657000 -9.24125674985112
24658000 -9.25280298482094
24659000 -9.25568070576348
24660000 -9.25584254509656
24661000 -9.25898387417785
24662000 -9.26290785637945
24663000 -9.25899620711985
24664000 -9.25343926774978
24665000 -9.25759614983929
24666000 -9.25179537892843
24667000 -9.2497538937992
24668000 -9.25878943342891
24669000 -9.26875564964228
24670000 -9.28399587821198
24671000 -9.27091193218878
24672000 -9.25582326780939
24673000 -9.24908685817028
24674000 -9.25470844552696
24675000 -9.25664043282163
24676000 -9.25725848196172
24677000 -9.25498452309554
24678000 -9.26108268317974
24679000 -9.24965781986103
24680000 -9.24712480582511
24681000 -9.24648322717512
24682000 -9.25810989507484
24683000 -9.24958188258844
24684000 -9.24547445917958
24685000 -9.23968969778839
24686000 -9.25611435292431
24687000 -9.25555383475077
24688000 -9.24561694970036
24689000 -9.2489509099909
24690000 -9.23707104277859
24691000 -9.2537440561034
24692000 -9.24531024340509
24693000 -9.25134493277977
24694000 -9.25201334279308
24695000 -9.25975097614077
24696000 -9.25296236062825
24697000 -9.25111105742142
24698000 -9.24170088460978
24699000 -9.23712487936383
24700000 -9.23910080920546
24701000 -9.25388764403769
24702000 -9.27343950451352
24703000 -9.26988163896085
24704000 -9.24446941505725
24705000 -9.23781740320013
24706000 -9.2442965463019
24707000 -9.24383327208842
24708000 -9.25549234724365
24709000 -9.25211030775723
24710000 -9.26209830374645
24711000 -9.27276385983739
24712000 -9.26804526381667
24713000 -9.26979098428174
24714000 -9.27085281608294
24715000 -9.25349370862101
24716000 -9.25592372008908
24717000 -9.25993155524196
24718000 -9.27754317269431
24719000 -9.27012059678673
24720000 -9.28668368923161
24721000 -9.27830644261309
24722000 -9.27640045045396
24723000 -9.29055877361959
24724000 -9.29174143103752
24725000 -9.27739587023977
24726000 -9.26465685143096
24727000 -9.25661511319678
24728000 -9.26635381778178
24729000 -9.2731533980142
24730000 -9.27273077926064
24731000 -9.26349097223758
24732000 -9.2623289862571
24733000 -9.28096458733805
24734000 -9.27135834062576
24735000 -9.26493933718085
24736000 -9.27720053820242
24737000 -9.26529177987187
24738000 -9.25351401262673
24739000 -9.25273004632619
24740000 -9.26931018100505
24741000 -9.28558761173782
24742000 -9.27709619499284
24743000 -9.26489482760846
24744000 -9.25799376545061
24745000 -9.2813565161399
24746000 -9.2773906722997
24747000 -9.28094039830834
24748000 -9.27419649792547
24749000 -9.27726203322269
24750000 -9.27331137684331
24751000 -9.27345108192037
24752000 -9.27746050856701
24753000 -9.28732160587034
24754000 -9.29383907579766
24755000 -9.283922253712
24756000 -9.27474854769812
24757000 -9.27337581637351
24758000 -9.28004438239995
24759000 -9.28040944709553
24760000 -9.29094424242261
24761000 -9.28250636381954
24762000 -9.28097268446115
24763000 -9.29006942165712
24764000 -9.28200050647112
24765000 -9.28956512830121
24766000 -9.29863758567083
24767000 -9.30403832900435
24768000 -9.29817721942059
24769000 -9.28543223388764
24770000 -9.29313846032897
24771000 -9.2939887127577
24772000 -9.28037424402655
24773000 -9.28154684973051
24774000 -9.28456613269057
24775000 -9.29680859672933
24776000 -9.29792658188995
24777000 -9.29696920313445
24778000 -9.29087979683919
24779000 -9.29632703823673
24780000 -9.28245828091083
24781000 -9.2870073189655
24782000 -9.28057196203153
24783000 -9.27789808297243
24784000 -9.28938598218048
24785000 -9.29531600417289
24786000 -9.28205103608366
24787000 -9.27543891902011
24788000 -9.28170084100225
24789000 -9.27876613629662
24790000 -9.28110522685983
24791000 -9.27470132634251
24792000 -9.27524979788188
24793000 -9.27847899171594
24794000 -9.29572253075074
24795000 -9.3064671613905
24796000 -9.29276059483196
24797000 -9.28420760084084
24798000 -9.27757042664765
24799000 -9.28096991412774
24800000 -9.29617066610548
24801000 -9.30331838042346
24802000 -9.29054809956172
24803000 -9.29816257155065
24804000 -9.29672677016723
24805000 -9.29521794398141
24806000 -9.29289980251784
24807000 -9.29550425851448
24808000 -9.29262415237742
24809000 -9.28490408197339
24810000 -9.30620450287098
24811000 -9.30561471705059
24812000 -9.29339556788018
24813000 -9.27411488108031
24814000 -9.28658626938719
24815000 -9.29505190342527
24816000 -9.31642369122789
24817000 -9.29792183761703
24818000 -9.28331251323235
24819000 -9.27639251502806
24820000 -9.29359339704801
24821000 -9.31072176757479
24822000 -9.30773207226324
24823000 -9.29717806462059
24824000 -9.27669123507055
24825000 -9.27751658944946
24826000 -9.29712195808766
24827000 -9.31060613589733
24828000 -9.30076533374177
24829000 -9.28357463926189
24830000 -9.2701884430132
24831000 -9.28249751024344
24832000 -9.28624947025994
24833000 -9.28578362910498
24834000 -9.28571558367017
24835000 -9.291340994831
24836000 -9.30517961411143
24837000 -9.31724943742536
24838000 -9.31699679673116
24839000 -9.30174389116905
24840000 -9.27991616538583
24841000 -9.29439875337355
24842000 -9.29566786316333
24843000 -9.31980312521192
24844000 -9.30961688544077
24845000 -9.29141872324288
24846000 -9.29303538457099
24847000 -9.3205176758427
24848000 -9.32248136179363
24849000 -9.31128201274917
24850000 -9.30871502625508
24851000 -9.3029906203065
24852000 -9.29380685999353
24853000 -9.30362137812669
24854000 -9.32262371495602
24855000 -9.32757460563036
24856000 -9.32619765623805
24857000 -9.32155549628117
24858000 -9.32299893309301
24859000 -9.31947496356252
24860000 -9.3102850964768
24861000 -9.32686711241332
24862000 -9.33821859132629
24863000 -9.32256288365188
24864000 -9.31073102508694
24865000 -9.30326456388667
24866000 -9.30916066747212
24867000 -9.31603541679613
24868000 -9.31685933858206
24869000 -9.31813390076742
24870000 -9.32808312094651
24871000 -9.32490852397239
24872000 -9.32953432046969
24873000 -9.33228149270626
24874000 -9.32997519243946
24875000 -9.32434457415967
24876000 -9.31667082872399
24877000 -9.32334963414035
24878000 -9.31897838146365
24879000 -9.32707663550256
24880000 -9.3199730103307
24881000 -9.30281625069218
24882000 -9.29901552638891
24883000 -9.31187505968137
24884000 -9.33779534444583
24885000 -9.30666513756216
24886000 -9.2970030024256
24887000 -9.29713283197358
24888000 -9.33149444195397
24889000 -9.33243394815895
24890000 -9.33004008338689
24891000 -9.31705656730535
24892000 -9.32942387736724
24893000 -9.31853423029751
24894000 -9.31732114317595
24895000 -9.30510651051976
24896000 -9.3230490553663
24897000 -9.31630758174115
24898000 -9.32593251038211
24899000 -9.33392534989314
24900000 -9.33665544061851
24901000 -9.32158328307685
24902000 -9.29625447432704
24903000 -9.29716577498477
24904000 -9.30332212961667
24905000 -9.30803959702478
24906000 -9.32542281243432
24907000 -9.31653812400998
24908000 -9.31728465191966
24909000 -9.32325263827011
24910000 -9.32788714568424
24911000 -9.32432658959213
24912000 -9.32595358318217
24913000 -9.31691128669518
24914000 -9.32383503111713
24915000 -9.33415555482106
24916000 -9.33739610371028
24917000 -9.33948799652173
24918000 -9.33366608827026
24919000 -9.33668272076546
24920000 -9.35223432133979
24921000 -9.33326254891222
24922000 -9.30508106262013
24923000 -9.29999012034691
24924000 -9.32112982338144
24925000 -9.33253440136658
24926000 -9.34859216070868
24927000 -9.338183157571
24928000 -9.33938461673135
24929000 -9.33702807667883
24930000 -9.35511569562149
24931000 -9.34443459272505
24932000 -9.3408543969669
24933000 -9.34162783714505
24934000 -9.35763062576297
24935000 -9.35530901082543
24936000 -9.35667268901265
24937000 -9.3414638772881
24938000 -9.3426196653272
24939000 -9.33169981511614
24940000 -9.34187545442923
24941000 -9.33461638957851
24942000 -9.32743945786904
24943000 -9.32419155107856
24944000 -9.33026153779607
24945000 -9.32835479520288
24946000 -9.33890990057294
24947000 -9.34108052671191
24948000 -9.3632047
24949000 -9.37298178201368
24950000 -9.36107940165197
24951000 -9.34798909347484
24952000 -9.34496763882841
24953000 -9.34673761117318
24954000 -9.35998333384365
24955000 -9.34369424997471
24956000 -9.33484071604567
24957000 -9.34270931544689
24958000 -9.36227664480279
24959000 -9.34467629674415
24960000 -9.34045086582453
24961000 -9.33723314627193
24962000 -9.34176818921546
24963000 -9.34922710084272
24964000 -9.33773119682266
24965000 -9.34057453034648
24966000 -9.33643711431988
24967000 -9.34739856068607
24968000 -9.34890741922048
24969000 -9.34670928638217
24970000 -9.34846517200822
24971000 -9.34458233849231
24972000 -9.34757108723998
24973000 -9.34896802453716
24974000 -9.33986919457168
24975000 -9.34996988056134
24976000 -9.34600924555844
24977000 -9.37079617915528
24978000 -9.36300588047616
24979000 -9.37525967106667
24980000 -9.35882646714637
24981000 -9.36972695102228
24982000 -9.36245528381036
24983000 -9.35375785581951
24984000 -9.35578795302407
24985000 -9.34625454708148
24986000 -9.35050183291706
24987000 -9.35435506608485
24988000 -9.36274789276583
24989000 -9.36070801455898
24990000 -9.36396434627038
24991000 -9.37271501859212
24992000 -9.36597765369748
24993000 -9.36592171098222
24994000 -9.36653816092829
24995000 -9.36605261522069
24996000 -9.35126519989838
24997000 -9.35545178352541
24998000 -9.37242601865576
24999000 -9.37487002616928
25000000 -9.36764413945818
25001000 -9.34363005317258
25002000 -9.35076927370048
25003000 -9.35571279535704
25004000 -9.34982252791607
25005000 -9.33264121055639
25006000 -9.35353336365463
25007000 -9.34931555608514
25008000 -9.36769128538846
25009000 -9.35508475441744
25010000 -9.34046142909431
25011000 -9.35085404194674
25012000 -9.36483426771047
25013000 -9.35349814319827
25014000 -9.35656505427347
25015000 -9.35215058987367
25016000 -9.36014885135977
25017000 -9.35318857181639
25018000 -9.33698380415101
25019000 -9.34034149847914
25020000 -9.3456134039309
25021000 -9.34864635122027
25022000 -9.35271860797363
25023000 -9.36110831924951
25024000 -9.35832153542249
25025000 -9.34242102811101
25026000 -9.35054384022734
25027000 -9.35802379305828
25028000 -9.35729343700884
25029000 -9.35873454053336
25030000 -9.35691007674258
25031000 -9.36429705790972
25032000 -9.36942834478184
25033000 -9.36572990056373
25034000 -9.37122494242653
25035000 -9.35524445968711
25036000 -9.36302952592189
25037000 -9.33357379074388
25038000 -9.36118071924283
25039000 -9.36709624568273
25040000 -9.35102981161408
25041000 -9.35413974316879
25042000 -9.35961474274544
25043000 -9.36760816041785
25044000 -9.36582406863979
25045000 -9.35330781482856
25046000 -9.37055481829332
25047000 -9.39069991492403
25048000 -9.38900060370293
25049000 -9.37246458382643
25050000 -9.37232765684904
25051000 -9.37960068328804
25052000 -9.38791740506961
25053000 -9.37049255077624
25054000 -9.36991141770982
25055000 -9.37217260959421
25056000 -9.36420587270891
25057000 -9.37123994207146
25058000 -9.38142669045399
25059000 -9.37797637160059
25060000 -9.37495303538875
25061000 -9.36479634125853
25062000 -9.36528799216079
25063000 -9.37314995491012
25064000 -9.38261727916064
25065000 -9.39020835466231
25066000 -9.37321482608962
25067000 -9.37294325893309
25068000 -9.37166644498273
25069000 -9.37754775318457
25070000 -9.37457812207851
25071000 -9.37811522435551
25072000 -9.37392491128557
25073000 -9.38128861284157
25074000 -9.39530171409381
25075000 -9.39686618015424
25076000 -9.37293855650296
25077000 -9.37376776521982
25078000 -9.37339115677159
25079000 -9.40919814139318
25080000 -9.39677278142105
25081000 -9.37653474995183
25082000 -9.38196801415426
25083000 -9.38910383411785
25084000 -9.37657864539835
25085000 -9.37034934106543
25086000 -9.3908644929486
25087000 -9.40181624304377
25088000 -9.39093299214954
25089000 -9.36625375828777
25090000 -9.37707161929355
25091000 -9.39120097393537
25092000 -9.39778889387958
25093000 -9.37997562441795
25094000 -9.3703658267504
25095000 -9.37715067738742
25096000 -9.37621927537963
25097000 -9.37073078416471
25098000 -9.36796391658028
25099000 -9.38036273523667
25100000 -9.38073946052684
25101000 -9.38443540549941
25102000 -9.38580378515097
25103000 -9.37816743979585
25104000 -9.36486492266191
25105000 -9.37136511348409
25106000 -9.38964236157494
25107000 -9.38612011249134
25108000 -9.37227753139459
25109000 -9.39916808017768
25110000 -9.40718229497842
25111000 -9.40321521288524
25112000 -9.37608533061555
25113000 -9.37505379099592
25114000 -9.39332088921466
25115000 -9.38061074343715
25116000 -9.37759348732226
25117000 -9.38221301756848
25118000 -9.37356197244093
25119000 -9.3879307817924
25120000 -9.38707575950521
25121000 -9.3781523239918
25122000 -9.38070470835279
25123000 -9.3965405808036
25124000 -9.40213079815517
25125000 -9.38977373078184
25126000 -9.38693038584925
25127000 -9.37992262010866
25128000 -9.39963763712037
25129000 -9.39299183733374
25130000 -9.38787737590819
25131000 -9.38128258509389
25132000 -9.38908051345281
25133000 -9.39776884044771
25134000 -9.39642928769449
25135000 -9.39194843482475
25136000 -9.40228991245641
25137000 -9.41741725560895
25138000 -9.40925424433252
25139000 -9.39184897693144
25140000 -9.39573773947285
25141000 -9.40456101244071
25142000 -9.41881770285906
25143000 -9.41586866190043
25144000 -9.40472519782752
25145000 -9.3956004319772
25146000 -9.41002548810114
25147000 -9.40887104455631
25148000 -9.39701502947169
25149000 -9.38942237712055
25150000 -9.40105222601669
25151000 -9.40476867975929
25152000 -9.38774811683408
25153000 -9.37489082783887
25154000 -9.38541285896586
25155000 -9.38216894935644
25156000 -9.3892853112485
25157000 -9.38903869869218
25158000 -9.39539823228141
25159000 -9.40308426891567
25160000 -9.40719340251093
25161000 -9.41092764151631
25162000 -9.41375483243788
25163000 -9.42008048118285
25164000 -9.41082033402524
25165000 -9.42161819789281
25166000 -9.41603146679823
25167000 -9.41948924428462
25168000 -9.39502237018644
25169000 -9.38887036592393
25170000 -9.4128579398426
25171000 -9.4036489236557
25172000 -9.3942918512605
25173000 -9.40989525979647
25174000 -9.31232687595365
25175000 -1.19029741811494
25176000 0.41235838095809
25177000 -0.408301769270372
25178000 0.302251404718615
25179000 -0.320875218249387
25180000 0.085751039300882
25181000 0.239286884714277
25182000 -0.227966413543011
25183000 0.072556709458895
25184000 -0.106644633045331
25185000 0.00164056953918598
25186000 0.0557864038344593
25187000 -0.0324324636580077
25188000 0.0303736401477434
25189000 0.0435827401740806
25190000 0.0571267502472699
25191000 -0.101087053892394
25192000 0.0311967101517838
25193000 0.0629814542380045
25194000 -0.00677361425734275
25195000 -0.0244619800551283
25196000 0.0510081594128626
25197000 0.00120766742428706
25198000 0.0127828017882829
25199000 -0.0482664102842317
25200000 0.0809764443510363
25201000 0.0370059770782764
25202000 -0.0703457042041874
25203000 0.0844385394171254
25204000 -0.0220822333361699
25205000 0.0203950684504287
25206000 0.0170420392428123
25207000 -0.00583552094566526
25208000 0.0392349080171024
25209000 0.0244364290813281
25210000 -0.0338248662108258
25211000 0.0198770260014875
25212000 -0.0237523251462477
25213000 0.0186077818898666
25214000 0.040057969049354
25215000 -0.00797926413171992
25216000 0.0214948934205633
25217000 -0.0344499135214042
25218000 0.0195718880799484
25219000 -0.0624281565020386
25220000 0.0630536983958407
25221000 0.0167356476080191
25222000 0.00239701051752813
25223000 0.000402408854238859
25224000 -0.0564523956393701
25225000 0.0214308310561999
25226000 -0.0384315837154971
25227000 0.0555907127265811
25228000 -0.00739720028381073
25229000 0.00326547500026846
25230000 0.0314189116288868
25231000 -0.0444812162377441
25232000 -0.00313981766279492
25233000 0.0231354265196327
25234000 0.00973674766354039
25235000 0.00254017362782136
25236000 0.0240750567621664
25237000 -0.0146250505801505
25238000 0.017273405110591
25239000 0.00474459420322371
25240000 -0.00764430922380993
25241000 0.0158019886144702
25242000 0.042314927827371
25243000 -0.00492959973613761
25244000 0.00451841785006496
25245000 -0.00347820304516623
25246000 0.0168655083527143
25247000 0.00451444996498729
25248000 -0.0172454626106644
25249000 0.0298685226288943
25250000 0.0320121858082545
25251000 0.0517848592161525
25252000 0.0445193696918434
25253000 -0.0466384593035418
25254000 0.0475236641646267
25255000 -0.0299527662591171
25256000 0.0329744250917219
25257000 0.0022220199311614
25258000 0.0399119412528825
25259000 -0.0308794893473032
25260000 0.0339243308840788
25261000 -0.0190385722480968
25262000 0.0508239452855673
25263000 0.0237798048466648
25264000 -0.0196284633563984
25265000 0.018679039958146
25266000 -0.0164536232525933
25267000 -0.0325482223590054
25268000 0.0199664402682225
25269000 -0.0124542811235079
25270000 0.0181723645205048
25271000 0.00919635486061088
25272000 -0.00292073196391175
25273000 -0.0430039838363051
25274000 0.0234839536167158
25275000 -0.0214515136527734
25276000 0.0203283377375688
25277000 0.00783842493361893
25278000 0.0125396345656517
25279000 -0.00520850296132089
25280000 -0.0111470765390573
25281000 0.0152991142247956
25282000 -0.026384294542893
25283000 0.0309682829183552
25284000 -0.020347961209529
25285000 0.0298603382382475
25286000 -0.0199620444478467
25287000 0.0160959783698076
25288000 -0.0216577506105868
25289000 -0.0120566057121817
25290000 -0.012093363623255
25291000 0.00513950191658626
25292000 0.00463359045984108
25293000 0.0070022963622625
25294000 0.0540123452135706
25295000 -0.0418078522577908
25296000 0.00504476552588088
25297000 0.0184190859330914
25298000 0.012970124614703
25299000 -0.0212095651754325
25300000 0.0436178729015283
25301000 0.0260877963763787
25302000 0.000805178793170689
25303000 0.00338796057039775
25304000 0.0206524305253376
25305000 0.00180582491237897
25306000 -0.011203802851861
25307000 -0.00724278231995064
25308000 0.0250091982419314
25309000 -0.00809849755781034
25310000 0.0283008090254363
25311000 -0.0120413294801541
25312000 0.0209137854482672
25313000 -0.00324809325194205
25314000 0.00707419307518681
25315000 0.0185673916874338
25316000 0.0142395825381005
25317000 0.0171569020965219
25318000 0.0149861414761967
25319000 0.0133599426710563
25320000 -0.0138281991027951
25321000 0.0178553393710214
25322000 -0.00164794793560124
25323000 0.0171012217624097
25324000 -0.0248191805818687
25325000 0.0116123851081124
25326000 0.0290602894746502
25327000 -0.0245081007461948
25328000 -0.00357017156081652
25329000 0.022619197467259
25330000 -0.00661130169112745
25331000 0.0293145956639548
25332000 -0.0141840921637761
25333000 0.00946910334710806
25334000 -0.00801450370482037
25335000 0.045068338804134
25336000 0.00975157024417116
25337000 -0.0170037246260109
25338000 0.00814362298743288
25339000 0.00174080213806821
25340000 0.00556880124388587
25341000 0.0393908023803448
25342000 0.00730308928522787
25343000 0.0332436676771054
25344000 0.0271060851307932
25345000 0.0296324355331503
25346000 -0.00456788325035767
25347000 0.0318696426997509
25348000 -0.00140939027857616
25349000 0.0124436349054774
25350000 0.00346352810157604
25351000 -0.00986209431946477
25352000 -0.00364875015169541
25353000 0.00414961555500646
25354000 -0.00460184882455104
25355000 0.0170159487040837
25356000 0.00444253125562446
25357000 0.0301030835123662
25358000 -0.00813923191395071
25359000 0.00046019190717508
25360000 0.00868845044066795
25361000 0.0071994967050513
25362000 0.0280042591747731
25363000 -0.0259189951520622
25364000 0.0556328520347136
25365000 0.0112079083944321
25366000 0.0190176122577498
25367000 -0.0309895771647597
25368000 0.0482145007190659
25369000 0.00496878395463371
25370000 0.0126187220871124
25371000 0.0315006569359581
25372000 0.0118241940387578
25373000 0.0149357904638949
25374000 0.00724832533902444
25375000 -0.00488600772881357
25376000 0.0130829075301716
25377000 -0.00442295082965918
25378000 -0.00633726212066573
25379000 0.00861686086427027
25380000 0.00130721200688783
25381000 0.0075170783397653
25382000 0.00674566887154331
25383000 0.0195163101903938
25384000 0.0227911623419098
25385000 0.0047683016159464
25386000 0.00712211000449281
25387000 0.00319397355710582
25388000 0.0199028062070391
25389000 -0.0193011066673826
25390000 0.0237287868307011
25391000 -0.0081351951439525
25392000 0.0035154141246702
25393000 0.00830286220735658
25394000 0.022490180828873
25395000 0.0226599492535695
25396000 -0.0321711651022663
25397000 0.0185372811794042
25398000 -0.00614170858929317
25399000 -0.0178830875649323
25400000 0.0174683983462859
25401000 -0.00537387686262771
25402000 0.0288841149640733
25403000 -0.0141673944875852
25404000 0.0433603598864281
25405000 -0.00562856016866508
25406000 0.0278018382296411
25407000 -0.00319774857032629
25408000 0.0102912108621592
25409000 0.0174107804653076
25410000 0.017474155812574
25411000 -0.0034350969766936
25412000 0.0297825195650024
25413000 0.00559662636017761
25414000 -0.0109632058174122
25415000 0.00498148338097738
25416000 0.0101749893925166
25417000 -0.0041716060491424
25418000 0.0199731144510254
25419000 -0.0308547254276943
25420000 0.030077882731675
25421000 0.0153427940249775
25422000 0.00947791933356986
25423000 0.00231197725132401
25424000 0.0343515919127882
25425000 -0.0246306412818674
25426000 0.00482185367478612
25427000 0.00152942555007439
25428000 0.0264017834035608
25429000 -0.010413407013215
25430000 -0.0278949006311898
25431000 -0.00408540928390394
25432000 0.00929175777186297
25433000 -0.00657186343458135
25434000 0.0169474472687604
25435000 0.00820366733386937
25436000 0.0293121512913285
25437000 0.0281348882291542
25438000 0.00772203749915261
25439000 -0.0252130237666833
25440000 0.00118429730237257
25441000 0.0288812561579352
25442000 0.0082484345989397
25443000 -0.00245507490014309
25444000 -0.0145540454432351
25445000 -0.00191111383318392
25446000 4.37927545705408e-05
25447000 0.00111687324736809
25448000 -0.00882113028852019
25449000 -0.0186622105932988
25450000 0.00020132891922006
25451000 -0.0131459519164539
25452000 0.00616292995003371
25453000 -0.00278446224514912
25454000 -0.00614465089043923
25455000 0.0244534856676747
25456000 -0.0170367840375678
25457000 0.00744232627432309
25458000 0.0186166137094705
25459000 0.0226260795756318
25460000 -0.00143925908031398
25461000 0.0283341795192701
25462000 0.0132697426811203
25463000 0.0149576980794594
25464000 0.0124759699533133
25465000 0.000919454280962942
25466000 0.00265354953885197
25467000 0.00783439695352367
25468000 0.00238139456552733
25469000 0.0154816709707862
25470000 -0.0035903015278501
25471000 0.0102566734371442
25472000 0.00835461531600977
25473000 -0.00777257532618409
25474000 0.0230713744597965
25475000 0.0191243104411147
25476000 -0.0053472951670802
25477000 -0.00267673848471086
25478000 0.00190843832766933
25479000 -0.00396844206139809
25480000 -0.0133167997584928
25481000 0.0250333321821603
25482000 -0.0119588675233725
25483000 0.0207405247023453
25484000 0.00344926173816386
25485000 0.0159857247884715
25486000 -0.00519853754961476
25487000 -0.0331686676828976
25488000 0.0167734896921268
25489000 -0.0163325526435196
25490000 -0.00282857731895681
25491000 0.00714920591259826
25492000 -0.0137419518406874
25493000 -0.0235594044443914
25494000 0.00703716886055413
25495000 0.0085948038573913
25496000 -0.0246376785102977
25497000 0.0104481632552498
25498000 0.0135551467935152
25499000 0.00913397813707912
25500000 -0.00891754043100407
25501000 0.00809195512462898
25502000 0.0066821368749519
25503000 -0.00740490331179862
25504000 0.0287480980686795
25505000 0.0243091381823324
25506000 -0.0114103542078348
25507000 0.0180667313239329
25508000 -0.0216938896670815
25509000 0.0217329939021791
25510000 -0.00906883570237194
25511000 0.0399675029908434
25512000 -0.00988447452396627
25513000 0.0263620055594793
25514000 0.00182071978598936
25515000 0.029976929242832
25516000 -0.00410003373241099
25517000 -0.0195622458937491
25518000 0.0216314926612084
25519000 -0.00778577781337226
25520000 -0.0232453487083793
25521000 0.0185299217614042
25522000 -0.0190952500280776
25523000 0.00546478694117904
25524000 0.00966599069653802
25525000 -0.0159118523206858
25526000 0.0113896975111916
25527000 -0.0147126446364316
25528000 0.0340618486222167
25529000 -0.00967638201039798
25530000 -0.0243569780478777
25531000 0.00351660890194275
25532000 -0.0150983682163628
25533000 0.0382141533157389
25534000 -0.0424507757413528
25535000 0.0262531175644344
25536000 -0.0268534665887708
25537000 0.0366292224462317
25538000 0.0128151403991074
25539000 0.0271253883476532
25540000 -0.00648277316058912
25541000 0.00636570277505532
25542000 0.0108104994300736
25543000 -0.0228403050588109
25544000 0.0131307750610337
25545000 -0.016198085061855
25546000 -0.0116144725524546
25547000 0.0474964880620908
25548000 -0.00780508160569312
25549000 0.0597737170885291
25550000 -0.022450494692852
25551000 0.0223309400117396
25552000 -0.0294855635325488
25553000 0.00816195818140903
25554000 0.00543174376969423
25555000 0.000287102834456161
25556000 0.00889252012211149
25557000 0.0105520641317541
25558000 -0.0155627713658645
25559000 0.0160118398681006
25560000 0.019183572855905
25561000 0.0240364129124176
25562000 0.00207609316335212
25563000 0.0153758000222174
25564000 -0.00341598036246316
25565000 0.0215354937222322
25566000 -0.0110721610975629
25567000 -0.0189750378195938
25568000 0.0326809586407134
25569000 0.00590093057160118
25570000 -0.00548475043802772
25571000 0.0135075835641337
25572000 -0.0158914297756572
25573000 0.0338469970671435
25574000 0.00678106931994595
25575000 0.00654387445439536
25576000 0.0109125345250483
25577000 0.0139447920089551
25578000 -0.00461232865847072
25579000 0.00173521816625834
25580000 0.0128912790691335
25581000 -0.00170184270549014
25582000 0.00673405402832187
25583000 -0.0189105015033062
25584000 0.0415766917141446
25585000 0.0051682072453391
25586000 0.0116525342281128
25587000 -0.0380618105976514
25588000 0.00808391476077088
25589000 -0.0244922848548271
25590000 -0.00404949352484283
25591000 -0.015618146776494
25592000 -0.0155556680141239
25593000 -0.0149301194679747
25594000 -0.00947270225702496
25595000 -0.0151878111320677
25596000 -0.00629975171256905
25597000 0.00215277371141154
25598000 -0.00143882410930445
25599000 0.00955603429085384
25600000 -0.0360214434149913
25601000 0.0224619769141404
25602000 -0.00293314132636154
25603000 -0.0256170303099515
25604000 0.0445229502573237
25605000 -0.0431979249164788
25606000 0.0233836302130949
25607000 -0.00445831931247037
25608000 0.013688055930139
25609000 -0.00702237206863085
25610000 0.0287446166100127
25611000 -0.0113202313002478
25612000 0.017775749013853
25613000 -0.0134992488051023
25614000 0.016246842146936
25615000 -6.93974585841025e-05
25616000 0.016383387598225
25617000 0.019503655167925
25618000 -0.0211266943832127
25619000 0.0205543914182041
25620000 0.00793661571859572
25621000 0.0135664079982007
25622000 0.00775469633846191
25623000 -0.0185193067487501
25624000 0.0105698120330703
25625000 -0.00923710799312049
25626000 0.0120805957276815
25627000 -0.0475358726097484
25628000 0.0461330676395807
25629000 -0.0117479614924547
25630000 0.00276324170124932
25631000 0.00415263294826427
25632000 0.0130339570318667
25633000 -0.0233383303578122
25634000 0.0268264368008626
25635000 -0.0131010346266933
25636000 0.0163826488966769
25637000 -0.00479448677452566
25638000 -0.00319123895089629
25639000 -0.0280542030921219
25640000 0.0209972572860717
25641000 -0.0170584765993747
25642000 -0.00306843501257838
25643000 -0.00498405268388327
25644000 0.00331402989737004
25645000 0.027782172029983
25646000 0.00439391490958397
25647000 -0.0127876961115867
25648000 -0.0158737050462498
25649000 0.00485555673008198
25650000 0.0230511338041786
25651000 -0.015735859051591
25652000 0.0013366466509746
25653000 -0.00781453094462175
25654000 0.0270282487097217
25655000 -0.0121665808586078
25656000 0.0255226477091092
25657000 0.0100683544407808
25658000 -0.0189804284540224
25659000 0.010559824172078
25660000 -0.0267093553926541
25661000 0.00748626989258339
25662000 -0.00489968676500015
25663000 0.00841796078298652
25664000 -0.0261709192144457
25665000 0.0108484272979581
25666000 0.0446701967784531
25667000 -0.00526246740981488
25668000 0.0228180877008682
25669000 -0.0198276307884519
25670000 -0.0040748999374577
25671000 0.0177020533411161
25672000 -0.0308732426841113
25673000 0.0173846150602643
25674000 -0.0231000609031565
25675000 0.000393210414921272
25676000 0.00863902293930256
25677000 0.00609154728666895
25678000 -0.0137988157388982
25679000 0.0188616216210438
25680000 -0.0190935459692184
25681000 -0.00668540947702145
25682000 0.000406652975847927
25683000 -0.00841419677418027
25684000 0.0228600169812817
25685000 0.00131474500471188
25686000 -0.019487371459223
25687000 -0.000207899854702593
25688000 0.0288592023189554
25689000 -0.0140169268068038
25690000 0.0130101958741611
25691000 -0.00980519015830705
25692000 -0.00346326158543794
25693000 -0.00130742589028525
25694000 -0.00283547200392706
25695000 0.0225756354590791
25696000 -0.00543299570767515
25697000 -0.0192590884398982
25698000 0.0155308326445056
25699000 -0.0152743125803519
25700000 0.00374027020788203
25701000 0.0049277841300143
25702000 -0.0292329962574033
25703000 0.0139950374698783
25704000 -0.0473344346663202
25705000 0.0304572430250004
25706000 -0.0355309297592757
25707000 0.00812625627660974
25708000 -0.00420737422335918
25709000 -0.00730540268069973
25710000 0.0262860170406394
25711000 -0.0229524169614186
25712000 0.0386136728141681
25713000 0.0148548101230001
25714000 -0.0153795477502472
25715000 0.0193525209941339
25716000 0.00145176188112373
25717000 -0.00750569269088968
25718000 -0.0312521746545219
25719000 -0.00321596616014567
25720000 -0.00258937917812483
25721000 0.0173473094743735
25722000 -0.0416534479079032
25723000 0.0145894097861193
25724000 -0.027557404197777
25725000 0.043082014469287
25726000 0.0153498667951784
25727000 0.0238484257713809
25728000 6.50269616988026e-05
25729000 -0.00731090138603146
25730000 0.0106552036504959
25731000 0.0119209055463931
25732000 -0.010530542022046
25733000 -0.0177277129313767
25734000 -0.00247157134159733
25735000 -0.00536686397288135
25736000 0.00211363891569612
25737000 0.0208410979785831
25738000 -0.0202799170969682
25739000 -0.0161424719838025
25740000 0.0212656679143333
25741000 -0.00577730144128095
25742000 0.0264224570112145
25743000 -0.0109024631764944
25744000 0.00352671301494624
25745000 0.0167200942488791
25746000 0.00881998730986136
25747000 -7.1729850677769e-05
25748000 -0.00083230428954387
25749000 0.0154262787665701
25750000 0.00968796596549766
25751000 -0.00744494035104143
25752000 -0.0127876882387247
25753000 -0.0159254536411027
25754000 0.0167062882591642
25755000 -0.0015036589318142
25756000 0.0195850632528622
25757000 -0.0369610235606592
25758000 0.0178507737620362
25759000 9.82643175193791e-05
25760000 -0.0105897043814336
25761000 -0.0093003113757972
25762000 0.0220065049040696
25763000 -0.0118588325061832
25764000 0.00578969163673703
25765000 0.00875172653970789
25766000 0.0132077147745528
25767000 -0.00743494217217306
25768000 0.00121869830537421
25769000 0.00409703290223806
25770000 -0.00209926711768476
25771000 0.0146715719675742
25772000 0.0271216164411321
25773000 -0.0118665941052425
25774000 -0.0249808980400955
25775000 0.0118216299834368
25776000 0.0181325866340194
25777000 -0.00983743363842779
25778000 -0.00733723918861483
25779000 0.0368772088303867
25780000 -0.0241419106667068
25781000 0.0036732149163464
25782000 -0.0148522092601214
25783000 0.00354219040723759
25784000 -0.0126212137293822
25785000 -0.0203257448164025
25786000 -0.0013788323660795
25787000 -0.00439544607960158
25788000 -0.00531441130077831
25789000 0.0201257533665027
25790000 -0.0321177546853706
25791000 -0.00146181987583955
25792000 0.00255834292432421
25793000 -0.0131325837688156
25794000 -0.00835529467381362
25795000 -0.00456329033044673
25796000 -0.0341696143794187
25797000 -0.00171909927612701
25798000 -0.0290152237785311
25799000 -0.00731849604791865
25800000 -0.0185187653184557
25801000 -0.0249228225386768
25802000 0.0107050141386661
25803000 -0.0228300029213332
25804000 -0.00605378382370138
25805000 0.0110693359629417
25806000 -0.0422534124019257
25807000 0.00870148018456467
25808000 -0.0336810105553251
25809000 -0.0135110924477589
25810000 0.0219210738803863
25811000 0.000151366826789881
25812000 -0.00560229980389662
25813000 -0.00651684968277069
25814000 -0.0142320183912401
25815000 -0.0352214643286261
25816000 -0.0110626500838849
25817000 -0.00892421483037994
25818000 -0.0210608237694447
25819000 -0.000776623722773034
25820000 0.00816941690054202
25821000 -0.0631730686132224
25822000 0.00821330759622874
25823000 -0.00210049815077917
25824000 -0.0145566368479856
25825000 -0.00138416077165333
25826000 -0.0276391702826018
25827000 0.00926509311047638
25828000 -0.04781730783859
25829000 0.00589509795526667
25830000 -0.0271174210692247
25831000 -0.00954521922427273
25832000 -0.0361301256779865
25833000 0.00559619773583068
25834000 0.00147089882188185
25835000 -0.0153087992550538
25836000 -0.02551245095913
25837000 0.0157251740817963
25838000 -0.0387934024851707
25839000 -0.00304099507519657
25840000 0.0224990581515642
25841000 -0.0260741071191258
25842000 -0.00899480701990316
25843000 -0.0250007921887274
25844000 -0.0194304121826013
25845000 -0.0263985685590817
25846000 0.000268628076535698
25847000 -0.0177973856372599
25848000 0.0155371585439722
25849000 -0.00906965129798396
25850000 -0.00969945722383949
25851000 -0.00359277786643566
25852000 0.023625366211859
25853000 -0.0285559769211623
25854000 -0.0434402653226583
25855000 0.00379936075012442
25856000 -0.000665577325696744
25857000 -0.0250460538569835
25858000 -0.0141547733572528
25859000 -0.00278831238658944
25860000 -0.00926359912993804
25861000 -0.0120488560066863
25862000 -0.0262836881250287
25863000 0.00639795724934247
25864000 -0.0326788343799599
25865000 -0.00592323197503647
25866000 -0.0210162695079276
25867000 0.00263970048429699
25868000 -0.0152752048832521
25869000 -0.0179200254835595
25870000 0.00340249892820142
25871000 -0.00930459768381225
25872000 0.0269383063746842
25873000 -0.0376419915379303
25874000 0.0283115423049802
25875000 -0.0472532805112992
25876000 0.0237456342524409
25877000 -0.0198436042664009
25878000 0.0123654326904148
25879000 -0.0175019369560876
25880000 0.00836740792645862
25881000 -0.024911238055742
25882000 -4.24256861028839e-05
25883000 -0.0284464398070176
25884000 -0.0190822739078683
25885000 -0.0220266308676006
25886000 -0.0368152192284223
25887000 -0.0119447686193355
25888000 -0.0128339248741412
25889000 -0.000344174608404271
25890000 0.0143660818764713
25891000 -0.00622678818089123
25892000 -0.00516630579699704
25893000 0.00688347359211125
25894000 -0.0108697630495539
25895000 0.0270009956470731
25896000 0.0375031180150862
25897000 -0.0314203090210023
25898000 -0.00187951197418124
25899000 0.0333100752025466
25900000 -0.0147604482806477
25901000 0.0469288313124148
25902000 -0.0303711755409243
25903000 -0.00754532827161003
25904000 0.0140578664604246
25905000 0.0248274737040097
25906000 -0.0186345439504708
25907000 -0.015485089050184
25908000 -0.00478895513636873
25909000 0.00206049093090938
25910000 -0.0131620476666432
25911000 0.0326237888082035
25912000 -0.00580978626442247
25913000 -0.00320297807972061
25914000 -0.00621940560659997
25915000 -0.0258109429871865
25916000 0.00530920073354385
25917000 0.00586928643197361
25918000 0.00622313827115441
25919000 -0.0285782038416218
25920000 0.0265504947577657
25921000 -0.0193713063084145
25922000 0.0190945323884011
25923000 -0.0291914596900581
25924000 -0.0068557629876535
25925000 -0.0230760310988797
25926000 0.00917425742784141
25927000 -0.0113802866550813
25928000 -0.0177118488209094
25929000 0.0234138432043571
25930000 -0.025480043224831
25931000 0.0159684386926559
25932000 -0.00417810668951212
25933000 -0.00691189688666826
25934000 0.0182442068187841
25935000 -0.0422426784312879
25936000 0.025525570945995
25937000 -0.0207896828405837
25938000 0.016167355209144
25939000 -0.0406137162287366
25940000 0.0119508644923234
25941000 -0.0157609576500317
25942000 0.0334305682887585
25943000 -0.019755754850692
25944000 0.002965563785012
25945000 0.00685019358596449
25946000 0.00511932889198867
25947000 -0.0197377856717427
25948000 0.0400295324454377
25949000 0.00236501967504632
25950000 -0.0211948570745834
25951000 0.0273312246747655
25952000 -0.0227915915993283
25953000 0.0404627342376053
25954000 -0.018861047889279
25955000 -0.0205041282627451
25956000 0.00089454705154501
25957000 -0.0056913155468365
25958000 -0.0105922464118497
25959000 0.0114628449116615
25960000 -0.012622060133866
25961000 0.0163046414853542
25962000 -0.0445249361178897
25963000 -0.0268914193276801
25964000 0.0279947358839046
25965000 0.00077710158565004
25966000 -0.0150921078836264
25967000 0.00607652252637499
25968000 -0.0165853677244281
25969000 0.035585545651161
25970000 -0.0158221640160547
25971000 0.00191860868913432
25972000 -0.00902143372482445
25973000 -0.0251038128686957
25974000 0.0375407325886944
25975000 -0.0210086688889676
25976000 -0.00105293249479235
25977000 -0.0132552210771047
25978000 0.0110825294658911
25979000 -0.0202957602309145
25980000 -0.0142099072487354
25981000 0.0199536208171598
25982000 -0.0254271445233446
25983000 0.0132702457369186
25984000 -0.0163237353190701
25985000 0.0133878681092388
25986000 -0.0250165320639018
25987000 0.0310434755157843
25988000 -0.0453531810454695
25989000 0.0369008231544143
25990000 -0.0128286121960344
25991000 0.0167139176582322
25992000 -0.034700259931383
25993000 0.0405117066889452
25994000 0.00282127575953567
25995000 0.00685559682663951
25996000 0.0309118884549229
25997000 -0.018383518407787
25998000 0.0248321338632436
25999000 -0.0140530733201658
26000000 0.0159206272799662
26001000 0.0226771897099695
26002000 0.0121428441507631
26003000 -0.00366693382733447
26004000 -0.0358467140535135
26005000 0.0194174260976025
26006000 -0.0164323096180343
26007000 0.0277625424645325
26008000 -0.0134162247110535
26009000 -0.00357544962356725
26010000 -0.0312699207581512
26011000 0.0196948268647038
26012000 0.0104693078326684
26013000 -0.000914454391492383
26014000 0.0174987744445974
26015000 -0.0350607509559832
26016000 -0.00154439890199081
26017000 0.0265148513034465
26018000 -0.0202133462613198
26019000 7.22523727918624e-08
26020000 -0.0250863270989899
26021000 0.0304180742253909
26022000 -0.0195842946249033
26023000 -0.0221822794501989
26024000 0.0312234130146976
26025000 -0.00323139072374143
26026000 -0.015341932076177
26027000 -0.00210359906833852
26028000 -0.025640352423461
26029000 0.0112026326148262
26030000 0.0366882899936575
26031000 0.010507407186759
26032000 -0.0095379219113213
26033000 -0.0206054455277246
26034000 -0.0282624481808639
26035000 0.0297348327190242
26036000 0.0008958174491921
26037000 0.00159325746388309
26038000 0.00139448966119816
26039000 0.00385463969759812
26040000 -0.00868066469168314
26041000 -0.0418883432550448
26042000 0.0119753011033633
26043000 -0.00797071382573311
26044000 -0.0279910000167079
26045000 0.0261935497470676
26046000 -0.00195559461369228
26047000 -0.0086511403509123
26048000 -0.00600874067358026
26049000 -0.0136822594746099
26050000 -0.00643232103598761
26051000 -0.0102059184922032
26052000 -0.0450392783912032
26053000 -0.0110412196469944
26054000 0.00110973302520546
26055000 0.00483959137517778
26056000 -0.0445475627143176
26057000 0.020142026006297
26058000 -0.0553114748141777
26059000 0.00786030253912376
26060000 -0.017696613909277
26061000 0.0278675614688296
26062000 0.0103974924396103
26063000 -0.0202405863382192
26064000 -0.00159649412545947
26065000 -0.00139001250378338
26066000 -0.00284557761498425
26067000 0.0329468205300492
26068000 -0.034636144052531
26069000 0.014012050512229
26070000 -0.0211629123371893
26071000 0.0071259193754466
26072000 -0.0180057967633698
26073000 -0.00693700408140568
26074000 0.00880817525033437
26075000 -0.00542292261542465
26076000 -0.0100186309042847
26077000 0.0367671796207891
26078000 -0.0188100825458964
26079000 0.0158496234396173
26080000 0.00747781943553883
26081000 -0.0103114196368984
26082000 0.0114646923300521
26083000 -0.0270417930909675
26084000 0.00851228899166268
26085000 -0.0312438318861233
26086000 0.0264673567065353
26087000 -0.00709163899041944
26088000 -0.0403583753437708
26089000 -0.015317379193563
26090000 -0.00646778335201466
26091000 0.0310869166676039
26092000 -0.00453403656947158
26093000 -0.0187430948187613
26094000 0.00692800297785092
26095000 -0.00343497742854007
26096000 -0.00278379326082838
26097000 -0.0123091036715976
26098000 -0.00994000680448536
26099000 0.01597001339472
26100000 -0.0180186218354198
26101000 -0.0287140697660963
26102000 0.0212710122572499
26103000 0.0132498574130553
26104000 -0.0133798189422216
26105000 -0.0310817142879932
26106000 -0.00266222681528281
26107000 -0.0272780607576097
26108000 0.0359162979785218
26109000 -0.0510935867844481
26110000 0.0350757372552952
26111000 -0.00122777726085893
26112000 -0.0241580980858549
26113000 0.0217096227957096
26114000 -0.0425344291784947
26115000 0.00101128417775926
26116000 -0.0350716060102688
26117000 0.00373307248021167
26118000 -0.0020074699645168
26119000 -0.0239028469052805
26120000 -0.00534839271167714
26121000 0.0238939195355103
26122000 0.00832812653508065
26123000 0.00503363136794813
26124000 0.0141872208939248
26125000 -0.0165485014816972
26126000 -0.041382788837252
26127000 0.0434219613608834
26128000 -0.0226449703570801
26129000 0.0085511826168253
26130000 -0.0277088024196664
26131000 -0.0135896287112796
26132000 0.00874124450506945
26133000 -0.00689939787725872
26134000 0.00646238599206229
26135000 0.00795462196378145
26136000 -0.00821871126625387
26137000 -0.0265687623812952
26138000 -0.00449006000284121
26139000 -0.0108601386194752
26140000 -0.0178430986708032
26141000 0.0136422609581463
26142000 -0.0518903279552525
26143000 0.0142454652245819
26144000 -0.0185410517034219
26145000 -0.00881259163378826
26146000 -0.0126952248577952
26147000 -0.00927428445342719
26148000 -0.00502101619014361
26149000 -0.0165619832374358
26150000 -0.0140892563929888
26151000 -0.0294783478473464
26152000 0.0104206909716239
26153000 -0.0041156492370331
26154000 -0.0144495788465974
26155000 0.019830377978858
26156000 -0.0178242791094908
26157000 -0.00713769139495871
26158000 -0.0112300067057101
26159000 0.0265659968276017
26160000 0.0031652319809657
26161000 0.0125988417556162
26162000 -0.0364047179007218
26163000 0.00683169135889929
26164000 0.027144895625454
26165000 -0.0152104550440801
26166000 -0.00733658196865541
26167000 0.0227670138641915
26168000 -0.0240900120665925
26169000 0.0150514514527531
26170000 -0.0111309394368933
26171000 0.000611024255675334
26172000 -0.0207546091339149
26173000 0.00422952921026629
26174000 0.00239231564070425
26175000 -0.016807508812013
26176000 0.0208680838483022
26177000 -0.00392576869250503
26178000 0.0136877897460712
26179000 -0.00707086177857808
26180000 -0.0139316792126277
26181000 0.021808386603249
26182000 0.00884392879356095
26183000 0.000247441350949449
26184000 0.00949604333583848
26185000 0.0104343456387511
26186000 -0.00838348663252405
26187000 0.00915525098431371
26188000 -0.0058143653041697
26189000 -0.0353059576782215
26190000 0.0326822993433279
26191000 -0.0302264604939399
26192000 -0.013122661208309
26193000 0.0152788907575099
26194000 0.0235923542286976
26195000 -0.0160621892510511
26196000 -0.000705342455175831
26197000 -0.00119002424658599
26198000 -0.018540373158981
26199000 -0.00662173335423301
26200000 -0.00287057232722676
26201000 -0.00451640500032665
26202000 -0.00623916395471578
26203000 -0.0043155693138322
26204000 0.000219259764565771
26205000 -0.00162049764580287
26206000 0.0144106540857611
26207000 0.0164455129343026
26208000 -0.0383377514214287
26209000 0.0321432403472892
26210000 0.025502222339636
26211000 -0.0255200648787798
26212000 -0.00137946011254815
26213000 0.00461656916920217
26214000 0.0346730289416552
26215000 -0.0387994963979249
26216000 0.000890721774089439
26217000 -0.0488993109900115
26218000 0.0229530289404261
26219000 -0.0137032670488385
26220000 -0.00290815956455771
26221000 -0.027098402119111
26222000 0.0138302406248126
26223000 0.023149473944889
26224000 -0.0183205996859082
26225000 -0.00155297347633979
26226000 0.0120330952528304
26227000 -0.0100325251517591
26228000 0.0152179481020307
26229000 -0.011190311179425
26230000 0.0115346454238553
26231000 0.0204005961924648
26232000 -0.01025645855444
26233000 0.0168667002670236
26234000 -0.0197624416967035
26235000 0.0189645620924002
26236000 0.00836901138677772
26237000 0.0038601596980237
26238000 0.012779623244912
26239000 -0.00226645296036231
26240000 0.00125682952817323
26241000 0.0016002538503592
26242000 0.00934956557678639
26243000 -0.00870883387399362
26244000 0.00118056437191876
26245000 -0.00589519749626723
26246000 0.0141023564039034
26247000 -0.0484574808036578
26248000 0.0107063763752044
26249000 -0.00992487765433036
26250000 -0.00532003144411873
26251000 -0.03022718884119
26252000 0.0362478050660446
26253000 0.00224294353459973
26254000 0.00971620312966117
26255000 0.0149015338323352
26256000 -0.00327209562624513
26257000 0.00944635886510887
26258000 0.00972838081543075
26259000 -0.01086608497655
26260000 0.0222174410016962
26261000 -0.00659175675407694
26262000 -0.00727285554080209
26263000 -0.0103678473439136
26264000 -0.0276666781716155
26265000 0.00668006022104569
26266000 -0.0145168804966084
26267000 0.0408061431810868
26268000 -0.0117485086755964
26269000 0.0108148463864167
26270000 0.0248480793118844
26271000 -0.0108048703056818
26272000 0.0148408976613832
26273000 -0.0365651946894482
26274000 0.0201352307455445
26275000 0.0137053333650502
26276000 -0.00135579541549544
26277000 -0.0202175056865445
26278000 0.0431000711978611
26279000 -0.0147497989304676
26280000 -0.0123367884323583
26281000 0.0424995998106676
26282000 -0.0511025873022322
26283000 0.0222872786521286
26284000 -0.0407182673271546
26285000 -0.00835322159740462
26286000 0.0271725897797893
26287000 -0.0169555103176429
26288000 0.0339036175173457
26289000 -0.0220815704826017
26290000 0.0516375055756866
26291000 -0.0250114715480447
26292000 0.00229566915946564
26293000 -7.79325617299797e-05
26294000 0.00912204369913678
26295000 0.0125104503467367
26296000 -0.0088292967672008
26297000 0.0529808378640621
26298000 -0.0424076402647688
26299000 0.00725153214299793
26300000 0.021207821302487
26301000 -0.00174775419259872
26302000 -0.0224097773969557
26303000 -0.00198209257182147
26304000 0.0166661402006058
26305000 -0.0144299118937987
26306000 0.00629663312749809
26307000 -0.042498879379332
26308000 0.00688043788618852
26309000 -0.0248681391886387
26310000 0.0186914831929243
26311000 -0.0177765831915415
26312000 -0.00386521475352757
26313000 -0.0125285421331296
26314000 0.00406524511282549
26315000 0.00798537557752396
26316000 0.011824700262087
26317000 -0.0250860025143957
26318000 -0.0229754954175544
26319000 0.0271884139715602
26320000 -0.0395302337271411
26321000 -0.0134032108596345
26322000 -0.0165130127741286
26323000 0.00173694084336085
26324000 -0.0534861654761907
26325000 0.0184289510925693
26326000 0.00511040319189504
26327000 -0.0148149310603428
26328000 0.022830764637309
26329000 -0.0416701256276784
26330000 0.0331091798196706
26331000 -0.0295964310566307
26332000 0.0351226638860808
26333000 -0.0173948260236687
26334000 0.00898965816657462
26335000 -0.00089828368213958
26336000 -0.0319107836377647
26337000 0.0269134447998973
26338000 -0.0186695068598925
26339000 0.0206113341518492
26340000 -0.0150179409144162
26341000 0.00997038403450752
26342000 -0.0106425673657554
26343000 -0.0250719578836471
26344000 0.00810653825435687
26345000 0.00959639170127839
26346000 0.00268556085584093
26347000 -0.0152748150775715
26348000 -0.00266091349688157
26349000 -0.0326836094801185
26350000 0.00606354654355978
26351000 0.00488147067412488
26352000 -0.0120908678171634
26353000 0.0364216106771263
26354000 -0.0419029515957218
26355000 0.0216832939337474
26356000 -0.0126493838674176
26357000 0.00322829990246189
26358000 -0.0402975702432483
26359000 0.0239932701090123
26360000 0.00959595333316858
26361000 -0.00153404192041773
26362000 -0.00012106543968923
26363000 -0.00974373851177717
26364000 -0.0291530985658603
26365000 -0.0292775437638582
26366000 0.00203051145750456
26367000 -0.00158698858335005
26368000 -0.0168186420240184
26369000 -0.0115293651695511
26370000 0.00747318090796875
26371000 -0.027792828251399
26372000 0.0066735680354481
26373000 0.00805319062536974
26374000 -0.0379256398203244
26375000 -0.0017251949279638
26376000 -0.0105976483197479
26377000 0.00368825562911403
26378000 0.0112986888987568
26379000 0.0241336775153154
26380000 0.00662933353993863
26381000 0.00291181348545849
26382000 0.0115110733919684
26383000 -0.0198749683814096
26384000 0.017012953797095
26385000 0.00731090745078587
26386000 0.00991079503065519
26387000 -0.0153378054700167
26388000 -0.00395931565259878
26389000 -0.0195308497832622
26390000 0.0297478615792752
26391000 -0.0362569017969878
26392000 0.0412473089383724
26393000 -0.0204237789533666
26394000 -0.00561695039008485
26395000 -0.0218519484450378
26396000 0.0101423383399097
26397000 -0.0211863890405927
26398000 -0.00346338293947792
26399000 0.00475506084078994
26400000 -0.0028201669735369
26401000 0.00162772258523862
26402000 -0.00106931577546425
26403000 -0.0188226851322471
26404000 -0.0229669727131729
26405000 0.0274751668072527
26406000 0.019700744470674
26407000 -0.00462913296787671
26408000 -0.00971928533436535
26409000 -0.0255963707228164
26410000 0.00384052483851529
26411000 -0.021263011174985
26412000 0.0244820416610624
26413000 -0.0132063036532049
26414000 -0.000885155621284421
26415000 -0.00772282860165324
26416000 0.0109965694441077
26417000 -0.0221922579410979
26418000 0.00786467260568507
26419000 -0.01706453872942
26420000 -0.0111616421340065
26421000 -0.0127947316025829
26422000 0.00229778098362648
26423000 0.0233209666483603
26424000 -0.0271480132022113
26425000 0.024917573115139
26426000 -0.0221728897494129
26427000 -0.00477002739346452
26428000 -0.0335449402776506
26429000 -0.00254711429362162
26430000 -0.0274364906842984
26431000 0.0313414862373662
26432000 -0.0068217488888174
26433000 0.00285749328123178
26434000 -0.00105004680033524
26435000 -0.0368159401369962
26436000 -0.00590119797462205
26437000 -0.0101151058365567
26438000 0.0214608822001175
26439000 -0.00836756918161748
26440000 -0.00712935603479845
26441000 0.0109068586091219
26442000 -0.0458139500986502
26443000 0.0361669454141443
26444000 -0.0187472959542792
26445000 0.00406626555008534
26446000 -0.00389777978967261
26447000 -0.00284423899774273
26448000 0.0189441106047968
26449000 0.00428679715172599
26450000 -0.0069870561635336
26451000 -0.0432274300942109
26452000 0.0369979306652402
26453000 -0.0259409580754081
26454000 0.0158444191653538
26455000 -0.0202523761512144
26456000 -0.0149437308898177
26457000 -0.0165956672017196
26458000 -0.00635467916426393
26459000 -0.0168110178149409
26460000 0.0214557938222389
26461000 -0.0043457012265773
26462000 0.00137712631920581
26463000 0.0021612726457256
26464000 -0.000174703303781485
26465000 -0.00106763496489584
26466000 -0.0418191457781959
26467000 0.0311167604273942
26468000 -0.0388971037164109
26469000 0.011510133907155
26470000 -0.020597497808341
26471000 0.00644630008171062
26472000 -0.0156441532761752
26473000 -0.0222843443510065
26474000 0.00586087436923579
26475000 -0.0296012705585229
26476000 -0.0151942950513939
26477000 -0.00601490441273925
26478000 0.0164993550879016
26479000 -0.0271103488033617
26480000 0.0259452286307167
26481000 -0.0107264970582936
26482000 -0.0144857642576018
26483000 -0.00811562613646279
26484000 0.0081353374816874
26485000 0.0199133170610295
26486000 -0.0613745023269712
26487000 0.0314349987154301
26488000 -0.0241417114670846
26489000 -0.000241952668959537
26490000 -0.0551408436797495
26491000 -0.0171709187760688
26492000 0.00380931326471633
26493000 0.0129625040170194
26494000 0.0103700991698161
26495000 0.0242032748339539
26496000 -0.00428092446832874
26497000 -0.00902744500100347
26498000 0.00941014853241571
26499000 -0.0459148894056858
26500000 0.0151267653693223
26501000 -0.0213454749229971
26502000 0.0156766170757789
26503000 -0.0168052235111291
26504000 -0.0157494429941425
26505000 0.0299451389293554
26506000 -0.0303101526352212
26507000 0.0153288332679976
26508000 -0.0125203986145079
26509000 0.013346150370488
26510000 -0.0321336148055181
26511000 0.0289134989834761
26512000 -0.0176502000319489
26513000 -0.0169277507180801
26514000 -0.0122461879187019
26515000 -0.0264507948033158
26516000 0.0127104463464124
26517000 -0.0264249963106925
26518000 0.0203564364275144
26519000 -0.0563930214209562
26520000 0.00329545118324325
26521000 -0.019057306236112
26522000 0.00730295581640216
26523000 -0.00578125480112303
26524000 0.00205327837384828
26525000 0.0429947040742655
26526000 -0.0261253236561881
26527000 0.0186289754067819
26528000 -0.00515295049108807
26529000 -0.0243220723536088
26530000 -0.000288660370140039
26531000 -0.000590196473861552
26532000 -0.0208657625245426
26533000 -0.0137631815150017
26534000 0.00578547316778676
26535000 -0.0228632196428433
26536000 -0.0132688914315637
26537000 0.0203054315493499
26538000 0.0102401584039436
26539000 -0.00231658059384397
26540000 -0.0149361408938579
26541000 0.0159662424175356
26542000 -0.0113160158044275
26543000 -0.0265576015928662
26544000 -0.0150658880130484
26545000 -0.00156227125506715
26546000 -0.0104751262958187
26547000 -0.0161606890965259
26548000 0.00855199993111511
26549000 -0.0184023551060869
26550000 0.015390079983995
26551000 0.0135069574925813
26552000 -0.0274513616419005
26553000 0.00711219421394094
26554000 -0.0354207479299973
26555000 0.00337573455042418
26556000 0.0140902238941105
26557000 -0.0489190417707876
26558000 0.0416115234076563
26559000 -0.0197326240987439
26560000 0.00410983768479564
26561000 -0.0172078391964873
26562000 0.0180135356326602
26563000 -0.0244054324632367
26564000 0.00577329990075089
26565000 0.0156759338323749
26566000 -0.0270518290890698
26567000 0.0299466792562039
26568000 -0.0380377671061048
26569000 0.00243888879788608
26570000 -0.041978088474716
26571000 0.00248867427170171
26572000 -0.0360387423653735
26573000 0.00593535961767329
26574000 -0.0229038491937549
26575000 -0.0461594980719543
26576000 0.0205090164032759
26577000 -0.0322655736718466
26578000 0.0030469301026771
26579000 -0.0103898522941722
26580000 -0.0123088373523683
26581000 -0.0063410558355498
26582000 0.00198378729064093
26583000 0.0052606704170226
26584000 0.00902385067891433
26585000 -0.00711543426818192
26586000 -0.00354167978225898
26587000 -0.0459295055862202
26588000 0.023868781080195
26589000 -0.0185539518729349
26590000 0.0152823042105648
26591000 0.00651157410841578
26592000 -0.00812170892190033
26593000 -0.018245895236971
26594000 -0.015384136501385
26595000 -0.0184657195255824
26596000 0.00619510116831634
26597000 -0.0110480540269042
26598000 0.0161721884796637
26599000 -0.0355576535592794
26600000 -0.00860852508449442
26601000 0.0103145730341637
26602000 -0.0103118971770568
26603000 -0.0241981668696029
26604000 -0.0145497961777229
26605000 -0.0305681558193936
26606000 0.0270944366773855
26607000 -0.0154860047673543
26608000 -0.0188259898983598
26609000 0.00300645522484863
26610000 0.0160190591549638
26611000 -0.0247320081378228
26612000 -0.017428587134745
26613000 0.0297877896296258
26614000 -0.041620759974477
26615000 0.0279498759675555
26616000 0.00221471744243871
26617000 -0.0182763753701448
26618000 -0.00593060527833555
26619000 -0.035816088460176
26620000 0.0111533076898723
26621000 -0.0401735252922123
26622000 0.0100367553176501
26623000 -0.0414338670582287
26624000 0.0202710645838968
26625000 -0.0160252359646364
26626000 -0.0257090385046652
26627000 0.0073875862122736
26628000 -0.0171947451956669
26629000 0.0331021666245234
26630000 -0.0535354198615158
26631000 0.00524142790789769
26632000 -0.0130651933984573
26633000 -0.0193835553805093
26634000 0.010457605384134
26635000 -0.0296479887126505
26636000 -0.00965651568805284
26637000 -0.00677815439396637
26638000 -0.00294016686786168
26639000 -0.0191686647909363
26640000 0.0092390173187369
26641000 -0.00889765847183425
26642000 0.030142334538555
26643000 -0.0684847073096319
26644000 0.0412391695922278
26645000 -0.0124346851463161
26646000 -0.00509877489152949
26647000 -0.00306345376612527
26648000 -0.029459249891026
26649000 0.00215115275084859
26650000 -0.0271494763252729
26651000 -0.0314690076685107
26652000 -0.0148808500785226
26653000 -0.0309146593829049
26654000 -0.0168704181555765
26655000 0.00691973066300626
26656000 -0.0668047053156377
26657000 0.0152629156282535
26658000 -0.0233624064481433
26659000 -0.0268879600222588
26660000 -0.00535620747127287
26661000 -0.030405761446829
26662000 0.0126602264273344
26663000 -0.0350193541224915
26664000 -0.00338589110848557
26665000 0.00220849911564936
26666000 0.00726288207973406
26667000 -0.0424475061624838
26668000 0.00755170267763144
26669000 -0.0158721854824694
26670000 -0.0042501284906149
26671000 0.00892437541600354
26672000 0.00345224810625169
26673000 -0.0126646792603753
26674000 0.0121342625791402
26675000 -0.0154760794556328
26676000 -0.014321181280122
26677000 0.00214363441075746
26678000 -0.001971845566459
26679000 -0.0241240946545696
26680000 -0.0142371209999731
26681000 -0.0211863209145904
26682000 -0.0074151014957955
26683000 -0.00341776638783918
26684000 0.0069251318402063
26685000 0.00103752355536747
26686000 -0.0260602077937775
26687000 0.000302012434738107
26688000 -0.00788166655429751
26689000 0.00586621535670173
26690000 0.0201438335566277
26691000 -0.0353019585524759
26692000 0.0300827078212888
26693000 -0.0379344499112068
26694000 0.0108053561001415
26695000 -0.0166583687236251
26696000 -0.000936742670778156
26697000 -0.0125250718630536
26698000 -0.00672534763861071
26699000 0.00228622718792323
26700000 -0.0212967762126847
26701000 0.0246296763452393
26702000 -0.0272376913008339
26703000 -0.0195300473905685
26704000 -0.0141646457501073
26705000 -0.0223079804057207
26706000 0.00678394057957372
26707000 -0.0104809682277128
26708000 -0.00182479777002483
26709000 -0.0311985351804506
26710000 -0.0164818543647216
26711000 -0.00886711240428732
26712000 0.0185456734436059
26713000 -0.0653640626514657
26714000 0.0447291538793542
26715000 -0.049202768915073
26716000 0.00475054400523738
26717000 -0.0154121647272238
26718000 0.00127538682171245
26719000 -0.0135179772837405
26720000 -0.00504676591337524
26721000 -0.00415731797448886
26722000 -0.0388091406161
26723000 0.00139590823572307
26724000 -0.026175044484618
26725000 -0.00395123039636038
26726000 -0.00274466046034732
26727000 -0.0213279825857374
26728000 -0.0156085360913303
26729000 0.00232541349163079
26730000 -0.0135122408224249
26731000 -0.0114433760769132
26732000 0.00942591555654211
26733000 -0.0250627269866082
26734000 0.0225589416426345
26735000 -0.0317146585403087
26736000 0.0205744970371565
26737000 -0.00390461276805282
26738000 -0.0496169108586555
26739000 0.00824773364923692
26740000 -0.0420822060699826
26741000 0.0149965556514282
26742000 -0.0226239617560679
26743000 0.0151018608414491
26744000 -0.0452826290342805
26745000 0.0261999416681883
26746000 -0.0190822388214974
26747000 -0.0100444284359222
26748000 -0.0142456113430557
26749000 -0.0347814997192556
26750000 -0.000395322745632784
26751000 -0.0212129683414946
26752000 -0.0127381601255306
26753000 -0.00713226442490017
26754000 -0.0142057618805278
26755000 -0.0176006797003327
26756000 -0.0115231462339037
26757000 0.00421681796393273
26758000 -0.00235588046797611
26759000 -0.0454514024648731
26760000 -0.0268160763758765
26761000 0.00548373864113112
26762000 -0.0137342447822724
26763000 -0.0156178239546892
26764000 -0.0137957150175606
26765000 -0.00292274536645582
26766000 -0.0110348336289536
26767000 -0.0110824730134524
26768000 0.0190780496829045
26769000 -0.0325000797989881
26770000 -0.00814296263259404
26771000 -0.0088083304605545
26772000 -0.0136040366130454
26773000 -0.00263543653939344
26774000 0.0262520336320912
26775000 -0.0342451873854261
26776000 0.0206839439158784
26777000 -0.0343100809414152
26778000 -0.00515813584127864
26779000 -0.0139699295577789
26780000 -0.0203603649594396
26781000 -0.0169293855460504
26782000 -0.0130743859830651
26783000 0.00140747760674134
26784000 -0.0331131601554892
26785000 -0.00319879952355251
26786000 -0.000809799179241772
26787000 0.0110653873761385
26788000 -0.0401253075230894
26789000 -0.00694725321863015
26790000 -0.00887692112247572
26791000 -0.0362131452328613
26792000 0.00449371721099279
26793000 0.00637361015205924
26794000 -0.0167366914607391
26795000 -0.0111049847114215
26796000 -0.00702858830017219
26797000 -0.0188389345820146
26798000 -0.0128284358985289
26799000 -0.00602412780498548
26800000 0.00851755087076078
26801000 0.00484807365774867
26802000 -0.0281507426592343
26803000 0.00270509100772343
26804000 -0.0293079209854732
26805000 0.00266024840298848
26806000 0.0035590557057549
26807000 -0.0220988258065579
26808000 -0.0371134722494877
26809000 -0.0134180526930314
26810000 0.00147917318535417
26811000 -0.00462461656187395
26812000 -0.0205749708324661
26813000 0.00711851585043352
26814000 -0.037911983386945
26815000 0.00447523242975641
26816000 -0.0198010767235034
26817000 0.0104937099187345
26818000 -0.021440125532495
26819000 -0.0407768538743767
26820000 -0.0252358352016859
26821000 -0.0276505070984197
26822000 -0.0167366797437217
26823000 0.00601107872991536
26824000 -0.00854802030266101
26825000 -0.0250781958423014
26826000 -0.0112894000665794
26827000 -0.0171745579755085
26828000 -0.0365678465277775
26829000 -0.0181879842312392
26830000 0.0078144482393548
26831000 -0.0210674819083653
26832000 -0.0309284007256292
26833000 0.00997034456997242
26834000 -0.0637315567972437
26835000 0.0182831215704104
26836000 -0.0489689666574775
26837000 0.0062380757323091
26838000 -0.0119216627417339
26839000 -0.0279211198514378
26840000 -0.0109074031777516
26841000 -0.0200111001253206
26842000 -0.00420255554873154
26843000 -0.057488405129348
26844000 -0.00725215766796019
26845000 -0.0209404413412289
26846000 -0.0300043924295549
26847000 0.00490388850396184
26848000 -0.0155779004123415
26849000 0.00652089000764111
26850000 -0.00699965323109131
26851000 -0.0221323425191796
26852000 -0.00176622550775513
26853000 -0.0344220524935959
26854000 -0.0417028824967161
26855000 0.00550210307643169
26856000 -0.0282163799581593
26857000 0.0116643553790965
26858000 -0.0373973165393747
26859000 -0.00213526273476423
26860000 -0.0268417551611208
26861000 -0.0119191592181772
26862000 -0.0253435185390034
26863000 -0.00432699292055678
26864000 -0.0228746022242078
26865000 -0.00262815311037879
26866000 -0.0677393780766603
26867000 0.00708998643110777
26868000 -0.0350946245987565
26869000 -0.0145506082272001
26870000 -0.00220787400231726
26871000 -0.032852269815788
26872000 -0.00667405521822457
26873000 -0.0341141687343819
26874000 -0.00998023322855895
26875000 0.0028432765258669
26876000 -0.046630828551106
26877000 0.0301367499198168
26878000 -0.0138112707037921
26879000 -0.0243297926512721
26880000 -0.00526227373310702
26881000 -0.0270672709813558
26882000 -0.0244992582553942
26883000 -0.0173490568302874
26884000 -0.0358682282299189
26885000 -0.00107815202238373
26886000 -0.00339678985537164
26887000 -0.0288807204308392
26888000 0.000532926100450021
26889000 -0.0322153379570225
26890000 -0.00699382793713551
26891000 -0.0142536838310076
26892000 -0.00517877027682494
26893000 -0.006890915965971
26894000 -0.031880048587047
26895000 0.0517930569741654
26896000 -0.0412842914571916
26897000 -0.00225651771966792
26898000 0.00748158004824647
26899000 -0.0584082184737622
26900000 0.00536746629025417
26901000 -0.0129987494242297
26902000 -0.0176812931698299
26903000 0.0125936175075493
26904000 -0.00614449203738991
26905000 -0.0211445734668257
26906000 -0.0189684438830156
26907000 -0.0213169769426063
26908000 -0.0123006426561709
26909000 -0.0502970172478858
26910000 -0.00498421061214037
26911000 -0.0238715206626363
26912000 0.0177699642043081
26913000 -0.00887005300693973
26914000 -0.0127993205161412
26915000 -0.0220828240989225
26916000 -0.00504522876769147
26917000 0.00778430165355102
26918000 -0.0034862760555607
26919000 -0.0155627426306832
26920000 -0.00778016230138885
26921000 0.000261175395626057
26922000 -0.00609940890587166
26923000 -0.0183942452671048
26924000 -0.0174905643126625
26925000 -0.0221101369528137
26926000 0.0188152125977436
26927000 -0.0565445286795535
26928000 0.00598614846856869
26929000 -0.0335866504802536
26930000 -0.0160400135368184
26931000 -0.00691746305571712
26932000 0.00950038394842168
26933000 0.00104426463054034
26934000 -0.0281981957360141
26935000 -0.00737137245479922
26936000 -0.0131501874761808
26937000 -0.0310510076051039
26938000 -0.0229288472131901
26939000 -6.69830746030399e-05
26940000 -0.00216745849241662
26941000 -0.0405672720660003
26942000 -0.00907858380805668
26943000 -0.0129116868557171
26944000 -0.00572432697958506
26945000 -0.0215480833200116
26946000 0.00902078616205303
26947000 0.0194111496463485
26948000 -0.0540864265617472
26949000 0.0114481527503271
26950000 -0.0458494259360896
26951000 0.0141836773587834
26952000 -0.0446947292029619
26953000 -0.0029420872363494
26954000 -0.0413103590426934
26955000 -0.0101207980079933
26956000 -0.012542987281714
26957000 -0.0236721813204739
26958000 -0.0302599483300709
26959000 -0.013037641399644
26960000 0.00274823764417427
26961000 -0.0292639810343805
26962000 -0.00430320843069315
26963000 -0.00937617139354269
26964000 -0.0338744319167418
26965000 -0.02527810773842
26966000 -0.0277859130311396
26967000 0.00695944427741457
26968000 -0.0453482113271733
26969000 0.00137559012354705
26970000 -0.00883966415996481
26971000 0.00170484546559856
26972000 -0.0416882510398739
26973000 -0.00750678126947732
26974000 0.00396566143518444
26975000 -0.0402063617464731
26976000 0.00740982108907481
26977000 -0.0197309724308987
26978000 -0.0357261886367017
26979000 -0.0313740455220703
26980000 -0.0121716258360877
26981000 -0.000566130649324582
26982000 -0.0201602662655528
26983000 0.000877865816436116
26984000 -0.0054245401477877
26985000 -0.00950878821240935
26986000 -0.00404962839453245
26987000 -0.0350951635456968
26988000 -0.017200893075541
26989000 -0.0465020848309055
26990000 -0.0182212109947113
26991000 -0.0178388213496147
26992000 0.00657294420096876
26993000 -0.00071535493173955
26994000 -0.0154557273609245
26995000 -0.0367282077414022
26996000 -0.02001447431775
26997000 -0.0300247693845273
26998000 -0.00578043360271371
26999000 -0.0402010493684061
27000000 0.0305403823492882
27001000 -0.0251833108766439
27002000 -0.0321736080473302
27003000 -0.027098751277193
27004000 0.00376972950905706
27005000 -0.0123980969770731
27006000 -0.0246881832934654
27007000 -0.0144558966588861
27008000 -0.0244455347895191
27009000 -0.0244650298841542
27010000 -0.0240941954159144
27011000 -0.00430811007440767
27012000 -0.0414089849738893
27013000 0.00260763681342263
27014000 -0.0125997469318958
27015000 -0.0360838797151696
27016000 0.00988764882172129
27017000 -0.0139783592398225
27018000 -0.0216410990618676
27019000 -0.0127708030871722
27020000 -0.0318263833939353
27021000 -0.00841912901687514
27022000 -0.0143964982828609
27023000 -0.0231343152119882
27024000 -0.0268540190560978
27025000 0.00614530989576112
27026000 -0.0311258512975405
27027000 0.0210320849711104
27028000 -0.059428128610665
27029000 0.000676844922449862
27030000 -0.0381144672635879
27031000 -0.00667471577456312
27032000 -0.0155362996525275
27033000 -0.0183040689780213
27034000 -0.0258953846800997
27035000 -0.0145211762347281
27036000 -0.0447815840061404
27037000 -0.0163553715122061
27038000 -0.0171228010578266
27039000 -0.00770844654022689
27040000 -0.0354399394415774
27041000 -0.00414848346865016
27042000 -0.0262848488762117
27043000 -0.0194944523302328
27044000 -0.0337766032783863
27045000 0.00561140269520325
27046000 -0.0307245118570319
27047000 -0.0134944016744285
27048000 -0.0327585308435439
27049000 -0.0196770737591209
27050000 -0.0029733947402689
27051000 -0.0305060547785104
27052000 0.00113479711867522
27053000 -0.068861858596436
27054000 0.00458922868875803
27055000 -0.00975273855282703
27056000 -0.0125285643890071
27057000 -0.0173771131870546
27058000 -0.0197175457543458
27059000 -0.0171900341546561
27060000 -0.0140336093967481
27061000 -0.016765407755159
27062000 -0.0017289234573824
27063000 -0.0295777528699157
27064000 -0.00199445785212867
27065000 -0.0285014940431858
27066000 -0.0275955740800684
27067000 -0.0268720227957782
27068000 -0.0457958744220491
27069000 -0.00617788690412865
27070000 -0.0310986855395303
27071000 -0.0310994351197361
27072000 0.0114244787589045
27073000 -0.0513370216786229
27074000 0.0213826014559974
27075000 -0.0647787207736033
27076000 0.000151953425037502
27077000 -0.0455048411223014
27078000 0.0033318163682926
27079000 -0.0168677894309878
27080000 -0.0134824738661617
27081000 -0.0483009082614945
27082000 -0.0211121005393258
27083000 -0.0178113049226694
27084000 -0.0184246219920584
27085000 -0.0267755963618233
27086000 -0.0207902506630384
27087000 0.0142776135947855
27088000 -0.0455801818366411
27089000 -0.00654285307512291
27090000 -0.0288526927535374
27091000 -0.0309281005658448
27092000 -0.015990212917652
27093000 -0.0173467331315418
27094000 -0.0175882210354491
27095000 0.0123648515944338
27096000 -0.0316575379976345
27097000 -0.0454472919846192
27098000 -0.0139062989475323
27099000 -0.0196642145336353
27100000 -0.0222412231563325
27101000 -0.0238173445100713
27102000 0.0262573679987908
27103000 -0.0313865955328394
27104000 0.0269556502266355
27105000 -0.022948460060493
27106000 -0.0410817933290961
27107000 -0.0340734750235533
27108000 -0.00685963444476866
27109000 -0.00839718893486267
27110000 -0.0363401214169774
27111000 -0.0227411128299587
27112000 -0.0537438931080269
27113000 -0.000966740409044475
27114000 -0.0276056854304436
27115000 0.00342120446956827
27116000 -0.0290664572094307
27117000 0.0215617146155286
27118000 -0.0426268144943647
27119000 -0.0263865126905488
27120000 -0.00978243373716196
27121000 -0.0232403971985727
27122000 -0.0062764344931939
27123000 -0.014016351352987
27124000 -0.00796615197157884
27125000 -0.0217260328650013
27126000 -0.0253044043583003
27127000 0.023187044615412
27128000 -0.0515363326147973
27129000 -0.0013227425435808
27130000 -0.00511181621782628
27131000 -0.0255280265128044
27132000 0.00469421223855568
27133000 -0.0583804135212274
27134000 0.0244776861672331
27135000 -0.0465281038929013
27136000 -0.0040952770069215
27137000 -0.0458341915582377
27138000 -0.0346683438933301
27139000 -0.00778787909821911
27140000 -0.0388248524298622
27141000 -0.024810090638484
27142000 0.0220047028366003
27143000 0.00751552109571324
27144000 0.00181507822240909
27145000 -0.0116070392606119
27146000 0.017278002496014
27147000 -0.0330737947210926
27148000 -0.0267632738917891
27149000 -0.0372917824724238
27150000 -0.0271293195225419
27151000 0.0035009362393457
27152000 -0.0471322462574946
27153000 0.0126286329551421
27154000 -0.0194726598970976
27155000 -0.00754164927023565
27156000 -0.0227822291038398
27157000 -0.00727375317178253
27158000 -0.0504770518526863
27159000 -0.0125628275133647
27160000 -0.00016806853953522
27161000 -0.0272595038680322
27162000 -0.0369169105412948
27163000 -0.00478769240294384
27164000 -0.0122550617970718
27165000 -0.0319749443891768
27166000 -0.0147483010038283
27167000 -0.031789659529067
27168000 -0.023047099614362
27169000 -0.0348936246279972
27170000 -0.0319781994293986
27171000 -0.0163352164616882
27172000 -0.0140711390846284
27173000 -0.0180783086968612
27174000 -0.00851422357363059
27175000 -0.0491022571740493
27176000 -0.0325721589688368
27177000 -0.0466743381849877
27178000 0.00620127533386896
27179000 -0.0266948905143946
27180000 -0.00338885116725907
27181000 -0.0166829086640898
27182000 -0.00137508017583448
27183000 -0.0396802278587112
27184000 -0.0298978073011157
27185000 -0.00883900206723854
27186000 -0.0317125297264444
27187000 -0.0299066675969102
27188000 -0.00401948833239572
27189000 -0.0400704277413639
27190000 -0.0122792862996327
27191000 -0.0241444319534213
27192000 -0.00427490317584851
27193000 -0.0126238553531142
27194000 -0.00389925123504644
27195000 -0.0258593002771742
27196000 -0.0250380994757364
27197000 -0.0121214252359563
27198000 -0.0266958209537583
27199000 -0.00123373032844004
27200000 -0.0429332164554059
27201000 -0.01130667537036
27202000 -0.0304232396658159
27203000 -0.0171125193482788
27204000 -0.0383790480607858
27205000 -0.0271200634610963
27206000 -0.00477935776744802
27207000 -0.0588571549614399
27208000 -0.0165459265759997
27209000 -0.0377440557815033
27210000 0.00543362345284069
27211000 -0.0659537787830829
27212000 0.0172168248448957
27213000 -0.0273630987848062
27214000 0.016978003815028
27215000 -0.0295163440023205
27216000 -0.00591687711340659
27217000 0.00965494606942031
27218000 -0.0209891705367576
27219000 -0.028020574645374
27220000 -0.0147217510397775
27221000 -0.0356535212463805
27222000 -0.00975817874494886
27223000 -0.0204071480442111
27224000 -0.0557494216964331
27225000 -0.014497407073754
27226000 -0.0261461141240238
27227000 -0.0351040758419206
27228000 -0.00768784378430366
27229000 0.00284560900817458
27230000 -0.0564814572102261
27231000 -0.00646825149444752
27232000 -0.0729466956109583
27233000 -0.0279782205720352
27234000 -0.0346059718828165
27235000 -0.0210803592266306
27236000 -0.0102715403917713
27237000 -0.057103352959825
27238000 -0.00124014146557446
27239000 -0.0429074066905977
27240000 -0.0122085150336539
27241000 -0.0734261578770602
27242000 -0.00769949897720812
27243000 -0.0151826114886813
27244000 -0.0524465622248002
27245000 0.0188342628190709
27246000 -0.0448314383977515
27247000 -0.00554750407040026
27248000 -0.0292889168292268
27249000 -0.0173321831971825
27250000 -0.0214021391213697
27251000 -0.0337044715869887
27252000 -0.015233443273379
27253000 -0.0336583377197486
27254000 0.0129696966697002
27255000 -0.0147072495407233
27256000 -0.0457974285478842
27257000 -0.00926814791137357
27258000 -0.015391272693114
27259000 -0.020209844177956
27260000 -0.0277275630021774
27261000 -0.0151817762891143
27262000 -0.0262199320764752
27263000 -0.00299942481647275
27264000 -0.0214114985896537
27265000 -0.0176204214936136
27266000 -0.0239105558620419
27267000 0.0217895726992802
27268000 -0.0398068814350447
27269000 0.00725204646866582
27270000 -0.0176735409012451
27271000 -0.00269414449490747
27272000 -0.00213251918321496
27273000 -0.0390162402726396
27274000 0.0123769043190562
27275000 -0.0176435314579589
27276000 0.0013098432585703
27277000 -0.0647027386492333
27278000 0.0441596988555562
27279000 -0.0341625858715386
27280000 -0.013935259111755
27281000 -0.0429872422711356
27282000 -0.00563997129606056
27283000 -0.0105270200001496
27284000 -0.0290803567912854
27285000 -0.0119485768058588
27286000 -0.0278026947060954
27287000 -0.0261445506179593
27288000 -0.0224995713688124
27289000 -0.0432462246161996
27290000 -0.0125954959946203
27291000 -0.00828407227799492
27292000 -0.00891239615152596
27293000 -0.0598117168342722
27294000 -0.0244352534702964
27295000 -0.00688227301741369
27296000 -0.0273526754206805
27297000 -0.0428687658120049
27298000 0.00243970999221718
27299000 -0.044487836093738
27300000 0.00838609463902403
27301000 -0.0397510910094032
27302000 -0.0074989124168097
27303000 -0.0345516391243028
27304000 -0.014483452506416
27305000 -0.029506842555787
27306000 -0.0380577906650476
27307000 -0.00956405616338023
27308000 -0.0194185893090792
27309000 -0.0183424715953514
27310000 0.000684547484870499
27311000 -0.0044645946306765
27312000 -0.036574684076872
27313000 -0.00300327677720279
27314000 -0.0250342348145146
27315000 -0.00798135556182533
27316000 -0.0416711068331594
27317000 -0.0169102436852244
27318000 -0.034424816644037
27319000 -0.0354346298005455
27320000 -0.00855310888109395
27321000 -0.00466992981010562
27322000 -0.0317535291599134
27323000 -0.0499665056122474
27324000 -0.00915882052471437
27325000 -0.0366005832157195
27326000 -0.0052803267104339
27327000 -0.0266113047856616
27328000 -0.032396584799136
27329000 -0.0398397900029948
27330000 -0.0287480011659795
27331000 -0.034088677530569
27332000 -0.0423979704988567
27333000 -0.0260856795378956
27334000 -0.0186080747232284
27335000 -0.0346100421219578
27336000 -0.0123010771944252
27337000 -0.0122059364945285
27338000 -0.00886098654762067
27339000 -0.031569272494082
27340000 -0.0363436163721792
27341000 -0.0108610277962767
27342000 -0.0229884967487857
27343000 -0.0312833922835267
27344000 -0.00827053053214478
27345000 -0.0345351157752248
27346000 -0.0261881221708174
27347000 -0.0205856675712499
27348000 -0.00384997995138021
27349000 -0.0377424958323381
27350000 -0.00818636603715767
27351000 -0.0638659447795973
27352000 -0.0566522004895186
27353000 0.0010311839353465
27354000 -0.0293568056186024
27355000 -0.0303491674531854
27356000 -0.0241408221319341
27357000 -0.0337557622722006
27358000 -0.00331448691070449
27359000 -0.0394686193851504
27360000 -0.0330640014416589
27361000 -0.0324573935092958
27362000 -0.0193932113408719
27363000 -0.0499313979795925
27364000 -0.00173393596524472
27365000 -0.0284532908505278
27366000 -0.0159475602506026
27367000 -0.0463478996208877
27368000 -0.0421443442298912
27369000 -0.00501941233593122
27370000 -0.0355085430869397
27371000 -0.0137280696877955
27372000 -0.0504183722502513
27373000 -0.0121123362935196
27374000 -0.0812576894389486
27375000 -0.000463030234030987
27376000 -0.0715817279730652
27377000 -0.028466635015315
27378000 -0.0382774807808294
27379000 -0.0245519111674903
27380000 -0.0151170641557113
27381000 -0.0119968829059728
27382000 -0.0213900757613629
27383000 -0.0463674517130608
27384000 -0.0232810879664303
27385000 -0.00770672021546026
27386000 -0.0627501106987291
27387000 -0.0234812579215507
27388000 -1.83093521341936e-05
27389000 -0.0277958986070314
27390000 -0.0623235558776515
27391000 -0.0165345527910604
27392000 -0.0486712657173614
27393000 -0.00208323029665984
27394000 -0.0268786443095105
27395000 -0.014725905384132
27396000 0.00727549997729166
27397000 -0.01463023349719
27398000 -0.0523432602837379
27399000 -0.0602579336890311
27400000 -0.0304670281033739
27401000 -0.0158906756192352
27402000 -0.0294680722777024
27403000 0.00862921744338904
27404000 -0.0466399654813379
27405000 -0.0373051616691438
27406000 -0.0331684856818042
27407000 -0.0368444807839499
27408000 0.000633596691687084
27409000 -0.0489822641520259
27410000 -0.0277180047085801
27411000 0.0108916475698979
27412000 -0.0325018744863089
27413000 0.00726064933762539
27414000 -0.035175143070054
27415000 -0.0326635561387769
27416000 -0.0251426978339821
27417000 -0.00315563139786913
27418000 -0.034066740176952
27419000 -0.0120241160816476
27420000 -0.0218812640899156
27421000 -0.0234607305416858
27422000 -0.0307121148991405
27423000 -0.0185099457867311
27424000 -0.0360621611370223
27425000 -0.00274540427982602
27426000 -0.038061644875751
27427000 -0.0322599786385958
27428000 -0.0141766424602043
27429000 -0.045634605785946
27430000 -0.029220859019372
27431000 -0.0161082417820951
27432000 -0.0356950454715124
27433000 0.000146173421364035
27434000 -0.0481165612174063
27435000 -0.00200326584536498
27436000 -0.039789673019841
27437000 -0.0406664341900243
27438000 -0.0346885349406222
27439000 -0.028098717261007
27440000 -0.0309119582940195
27441000 0.00500046281476801
27442000 -0.0558800503949673
27443000 -0.00952669928011972
27444000 -0.0296469662815749
27445000 -0.0237525709273308
27446000 -0.0166032894702815
27447000 -0.019485160744989
27448000 -0.0394214701411029
27449000 -0.00810445070323145
27450000 -0.0544762256690031
27451000 0.00166234942844393
27452000 -0.0464149857304833
27453000 -0.0220509928067411
27454000 -0.0445522965837518
27455000 -0.000727438782661634
27456000 -0.00343889920901016
27457000 -0.020891719574675
27458000 -0.0148285153726939
27459000 -0.0140515045874437
27460000 -0.0227307138408349
27461000 -0.0543652597761841
27462000 -0.00928953817213598
27463000 -0.0076826770846833
27464000 -0.0288764059715072
27465000 -0.0107069569903728
27466000 -0.0571187159467838
27467000 -0.0392425568184174
27468000 -0.0144366379575734
27469000 -0.0499967930172594
27470000 -0.0128892689867898
27471000 -0.0354205353472462
27472000 -0.0192610706219628
27473000 -0.0441826643963697
27474000 0.0103436338797912
27475000 -0.0186859708966862
27476000 -0.094371053630112
27477000 0.00158906790523407
27478000 -0.0306968010521554
27479000 -0.0394908830501221
27480000 -0.0333993687518015
27481000 -0.0235820454671456
27482000 -0.0399715591441099
27483000 -0.04491061739811
27484000 0.006663368276439
27485000 -0.0566377819536625
27486000 -0.0216788307498083
27487000 -0.0586898442923733
27488000 -0.0159222893085802
27489000 -0.0281021973134058
27490000 -0.0388602182717538
27491000 -0.0245211737446411
27492000 -0.0405321828552968
27493000 -0.0176989448194161
27494000 -0.0358213555916903
27495000 -0.0280948208802678
27496000 2.09724126055276e-07
27497000 -0.0235713269551362
27498000 -0.0284774822431331
27499000 -0.0200036288290888
27500000 -0.0675384298264288
27501000 -0.0380943083281569
27502000 -0.0365944940106015
27503000 0.00745127277264373
27504000 -0.061022705606534
27505000 -0.0421523378630795
27506000 -0.0140010436665977
27507000 -0.0391510382551801
27508000 0.0216752438824469
27509000 -0.0167574334993297
27510000 -0.0183444281381203
27511000 -0.0499849470361222
27512000 0.00488968736027528
27513000 0.00615711787527498
27514000 -0.0398931473785548
27515000 0.0156998952750846
27516000 -0.065292881899448
27517000 -0.00934660804243822
27518000 -0.00886594741512192
27519000 -0.0275417970834261
27520000 -0.0315875703618494
27521000 -0.0442785058124581
27522000 -0.0189434822700156
27523000 -0.0395946479282907
27524000 -0.0535591487906437
27525000 -0.0194280777135037
27526000 -0.0443431640645354
27527000 -0.0200897141934022
27528000 -0.0347968998378445
27529000 -0.0234958083555518
27530000 -0.0333661406765617
27531000 -0.0551410252409954
27532000 -0.0271498426243618
27533000 -0.0156982230391131
27534000 -0.0368924267700293
27535000 -0.0338269297831226
27536000 -0.0398716219434107
27537000 -0.0116431750505843
27538000 -0.0153999549533383
27539000 -0.0263735591907318
27540000 -0.0110461336129692
27541000 -0.0333716711043619
27542000 -0.00598012543345314
27543000 -0.0315122521576722
27544000 -0.0330957413982632
27545000 -0.00314249452697164
27546000 -0.0532609293253835
27547000 -0.00961440917428715
27548000 -0.0306072924956323
27549000 -0.03913722125093
27550000 -0.0154198930576785
27551000 -0.0264805413393258
27552000 -0.0436798506912718
27553000 -0.0223503580032685
27554000 -0.0417907829757885
27555000 -0.0158204908630424
27556000 -0.00636396663983946
27557000 -0.0275665749782306
27558000 -0.0445379602850573
27559000 -0.0231580693297616
27560000 -0.0255150140653434
27561000 -0.0146724806355
27562000 -0.0406106262635568
27563000 -0.0262136363935001
27564000 -0.0059077408087474
27565000 -0.0344689939290101
27566000 -0.00615672628569272
27567000 -0.0491981594387111
27568000 0.00190811138850507
27569000 -0.0528700624724006
27570000 -0.0540015356612654
27571000 -0.0208608831465378
27572000 -0.0421160999935896
27573000 -0.0172219072915467
27574000 -0.0113490567556006
27575000 -0.0534149599345895
27576000 -0.0334187688712533
27577000 -0.010674322489037
27578000 -0.052686526788294
27579000 -0.0151763510253323
27580000 -0.0186543297903038
27581000 -0.00889373805014562
27582000 -0.0305966940240617
27583000 -0.0186105842155407
27584000 -0.0331521047599149
27585000 -0.00355963665394705
27586000 -0.0562723144431672
27587000 -0.0423625083212845
27588000 -0.0532319242221134
27589000 -0.0215378654246548
27590000 -0.0276115709911126
27591000 -0.00712430289753549
27592000 -0.0122852448118309
27593000 -0.0331118481339677
27594000 -0.0142084655485879
27595000 -0.0245500474140477
27596000 -0.0228830280979171
27597000 -0.0349406644924462
27598000 -0.0321053210542868
27599000 -0.0169340123849737
27600000 -0.0310021700202784
27601000 -0.0189749528663438
27602000 -0.0517302899865312
27603000 -0.0358788837308393
27604000 -0.0303984506202393
27605000 -0.0124371199881726
27606000 -0.0345197003153151
27607000 -0.0624411471291365
27608000 -0.00966744241463403
27609000 -0.0171031394192185
27610000 -0.0501028582541597
27611000 -0.0400313460284304
27612000 -0.00514244884636517
27613000 -0.0444904177446222
27614000 -0.00337667686234479
27615000 -0.0322276120204033
27616000 -0.034406442122664
27617000 -0.0301620953593537
27618000 -0.0165937858982325
27619000 -0.0541147818515321
27620000 -0.0593450020289507
27621000 -0.043350467701012
27622000 -0.0327055774208929
27623000 -0.0719741718750869
27624000 -0.02067044298451
27625000 -0.0106226657395535
27626000 -0.0428793919653047
27627000 -0.0618235121839932
27628000 -0.0360621336929234
27629000 -0.0405563928381962
27630000 -0.0230471055118243
27631000 -0.0446877617830065
27632000 -0.0155730700250682
27633000 -0.0595674208086882
27634000 -0.0140541319424296
27635000 -0.0500243016228805
27636000 0.0124097909459273
27637000 -0.0756231009050205
27638000 -0.00987228421319864
27639000 -0.0501268379157211
27640000 -0.0515013216014617
27641000 -0.0315594301855891
27642000 -0.038197395846344
27643000 -0.0280666622061356
27644000 -0.0376661832818224
27645000 -0.0415184236393257
27646000 -0.0330730938159661
27647000 -0.0763489023663833
27648000 -0.0336476024899607
27649000 -0.0273530812092854
27650000 -0.0371835188408593
27651000 -0.0119639360345333
27652000 -0.0360864976628794
27653000 -0.0312802755571945
27654000 -0.0251697873125317
27655000 -0.064215219745684
27656000 -0.00808444039613734
27657000 -0.0389020380900252
27658000 -0.00561724444238916
27659000 -0.0383363371042153
27660000 -0.0243289714132703
27661000 -0.0254387795993266
27662000 -0.0324585740135951
27663000 -0.0268637195333425
27664000 -0.0285587892802645
27665000 -0.0122282756176933
27666000 -0.0555110214337605
27667000 -0.049705833723171
27668000 -0.0108422872956755
27669000 -0.0528255493553707
27670000 -0.0572388456172384
27671000 -0.0492711913467529
27672000 -0.0321788251466522
27673000 -0.0444926878654764
27674000 -0.0363448910813718
27675000 -0.0313445276773395
27676000 -0.0306457877196113
27677000 -0.041296966288987
27678000 0.00398780797492266
27679000 -0.0758288030135203
27680000 0.00814502800302291
27681000 -0.0502875781987835
27682000 -0.0370301696204008
27683000 -0.040773918754349
27684000 -0.0268825100304856
27685000 -0.0214911305701536
27686000 -0.0499635280328676
27687000 -0.00106209634996966
27688000 -0.0393497693706719
27689000 -0.0279461856594527
27690000 -0.0123820953837723
27691000 -0.0317282749508816
27692000 -0.0278042129411222
27693000 -0.05346878587232
27694000 -0.0171939213644264
27695000 -0.0428975418357858
27696000 -0.0180782499418569
27697000 -0.0451492661738412
27698000 -0.00307991332510231
27699000 -0.0487715862763824
27700000 -0.0330797232238686
27701000 -0.0373856984593869
27702000 -0.0323692797629776
27703000 -0.0324425934545274
27704000 -0.0225294301560534
27705000 -0.0317641346962687
27706000 -0.0505809291985258
27707000 -0.0152203951295266
27708000 -0.016494270014534
27709000 0.00774091091815042
27710000 -0.0422700690195637
27711000 -0.0328186388595927
27712000 -0.0389569525774056
27713000 -0.0465076634190966
27714000 -0.0251788416715923
27715000 -0.0548965086754243
27716000 -0.0170435788697191
27717000 -0.0552818575376147
27718000 -0.0265379492846103
27719000 -0.0520000887982802
27720000 -0.0365042757072689
27721000 -0.0242385103962424
27722000 -0.0393474970273787
27723000 -0.0260748475990872
27724000 -0.0103068673915784
27725000 -0.0445558258253405
27726000 -0.0144373022918175
27727000 -0.0297621346617991
27728000 -0.0281254401500069
27729000 -0.0383045361329207
27730000 -0.0258570627504152
27731000 -0.038698594178993
27732000 -0.0514925795870397
27733000 -0.0488324251064454
27734000 -0.0395610585558184
27735000 -0.0600118596428433
27736000 -0.0230183361708079
27737000 -0.0467634949175013
27738000 -0.0438120696659487
27739000 -0.0409601014666908
27740000 -0.0267567052853866
27741000 -0.0113000639967529
27742000 -0.025096951982276
27743000 -0.0277330319432031
27744000 -0.0228174463281842
27745000 -0.0463479162498566
27746000 -0.0406217943115822
27747000 -0.0261249377217135
27748000 -0.0283253702018874
27749000 -0.0627865755800233
27750000 -0.0441753741703744
27751000 -0.0145375627270502
27752000 -0.0431082966509932
27753000 -0.00424209697932194
27754000 -0.0388128571756846
27755000 -0.0317008514236921
27756000 -0.0223051774221637
27757000 -0.012583069988576
27758000 -0.0540549290038418
27759000 -0.0368348967240497
27760000 -0.0311426058955116
27761000 -0.0451852620896734
27762000 -0.0615508381970789
27763000 -0.0340226442103585
27764000 -0.0244013030044798
27765000 -0.0317407620022378
27766000 -0.0718320738241732
27767000 -0.0194312484521513
27768000 -0.058965876696526
27769000 -0.0238357298787552
27770000 -0.0281314134539894
27771000 -0.0406552039313998
27772000 -0.0319384966298549
27773000 -0.0253946112033754
27774000 -0.0275546507053198
27775000 -0.0320023821641459
27776000 -0.0545912168940502
27777000 -0.00982552968287096
27778000 -0.0572560717892125
27779000 -0.0396795563766099
27780000 -0.0252208264529669
27781000 -0.0052338792030525
27782000 -0.0657671151355606
27783000 -0.0493482283356769
27784000 -0.0370158959503965
27785000 -0.0565371664054551
27786000 -0.027103995728459
27787000 -0.000555794480104957
27788000 -0.0355334311438193
27789000 -0.0463761392516377
27790000 -0.0115509944070749
27791000 -0.0158012894922058
27792000 -0.0261070085950433
27793000 -0.0649950747398482
27794000 -0.017679442720544
27795000 -0.0340248785715622
27796000 -0.0874501050082138
27797000 -0.0134447757769486
27798000 -0.0613738937903257
27799000 -0.0116517491976273
27800000 -0.0292030187305484
27801000 -0.0331924311650076
27802000 -0.00912976639835297
27803000 -0.0493200641170603
27804000 -0.0278377242951314
27805000 -0.0390488667478685
27806000 0.014072801752896
27807000 -0.022565492079372
27808000 -0.0316491185794228
27809000 -0.00556851003795499
27810000 -0.0575306388724939
27811000 -0.0460438629089518
27812000 -0.0220094105106554
27813000 -0.0414526859703497
27814000 -0.0746769635673198
27815000 -0.00941734209691052
27816000 -0.0357479287454188
27817000 -0.0210241816709477
27818000 -0.0338385066080138
27819000 -0.0333574075376441
27820000 -0.0284807923490027
27821000 -0.0262588853025631
27822000 -0.0268257471203902
27823000 -0.0379561798268729
27824000 -0.0446594516889865
27825000 -0.034753622438976
27826000 -0.0426307196552383
27827000 -0.0566626923987096
27828000 0.000146720081042484
27829000 -0.0661682980523662
27830000 -0.0105948501810046
27831000 -0.0489972567650122
27832000 -0.0144006995506241
27833000 -0.0469533982466157
27834000 0.00198079193994072
27835000 -0.0505311141127703
27836000 -0.0462420131893437
27837000 -0.0171384551531033
27838000 -0.0481333811193855
27839000 -0.0209215959599867
27840000 -0.0486100724010848
27841000 -0.0382843687085943
27842000 -0.0304808470104063
27843000 -0.0380563013446284
27844000 -0.0307995988921196
27845000 -0.0696883305038102
27846000 0.00383180048831489
27847000 -0.0281265293251694
27848000 -0.0590406573455531
27849000 -0.0447744534338027
27850000 -0.021207635399073
27851000 -0.0186329567283135
27852000 -0.0438032601449848
27853000 -0.03712356624713
27854000 -0.0543456164686957
27855000 -0.0300699588568502
27856000 -0.0415482565227223
27857000 -0.0182419739235222
27858000 -0.0410045214301315
27859000 -0.0219562944256136
27860000 -0.0486583566826366
27861000 -0.0484769893389909
27862000 -0.0277477299294668
27863000 -0.0103454376430198
27864000 -0.0661669813864645
27865000 -0.0382250781398734
27866000 -0.00932004917977266
27867000 -0.0493365300460391
27868000 -0.00463412770176396
27869000 -0.0404588096603626
27870000 -0.0399479169805841
27871000 -0.0299155597545546
27872000 -0.0211018208628944
27873000 -0.0643558453784124
27874000 -0.0259460186862332
27875000 -0.0371288652778273
27876000 -0.0316845009989278
27877000 -0.0196918321038238
27878000 -0.0361535771661875
27879000 -0.0286065448626785
27880000 -0.040259654641743
27881000 -0.0269433616853992
27882000 -0.0383760582810689
27883000 -0.063877067353525
27884000 -0.0131053259803156
27885000 -0.0590012083776867
27886000 -0.0185030388744116
27887000 -0.0362079217358198
27888000 -0.0307958361383183
27889000 -0.0180705923046702
27890000 -0.0715173767718687
27891000 -0.0303650230338505
27892000 -0.0334728663047064
27893000 -0.0718621483434064
27894000 -0.0151062367166317
27895000 -0.0491922267857961
27896000 -0.0269384552241079
27897000 -0.0298807509395608
27898000 -0.0366132101467043
27899000 -0.045498585204994
27900000 -0.0155307154425951
27901000 -0.0640022681865207
27902000 -0.0268720315221112
27903000 -0.0638101026392638
27904000 -0.0368834018741043
27905000 -0.0307438240668248
27906000 -0.0347979964507985
27907000 -0.0102327238200651
27908000 -0.0485525618553166
27909000 -0.0263049655539165
27910000 -0.037308200299516
27911000 -0.035992456995196
27912000 -0.0380654250759915
27913000 -0.0291425895170225
27914000 -0.0315475479818986
27915000 -0.0688319912860139
27916000 -0.0368938512837985
27917000 -0.0414828907246079
27918000 -0.0511583861930311
27919000 -0.0515000772037409
27920000 -0.0161795922955406
27921000 -0.0575496628412817
27922000 -0.0435148985923716
27923000 -0.0264361492720742
27924000 -0.0197884226705791
27925000 -0.0696787729665832
27926000 -0.0359977422797375
27927000 -0.0423831773781654
27928000 -0.0416101205699617
27929000 -0.0307745150446757
27930000 -0.0526729714096085
27931000 -0.0143457976845027
27932000 -0.0335528733478798
27933000 -0.0256407138476084
27934000 -0.0504725963913083
27935000 -0.0373863100384618
27936000 -0.00774670367783326
27937000 -0.0333450359833157
27938000 -0.0322494275034458
27939000 -0.0390710496067887
27940000 -0.0590676107228765
27941000 -0.017861449454269
27942000 -0.0228916267431723
27943000 -0.0473505141965528
27944000 -0.0329076202316698
27945000 -0.0591321562636776
27946000 0.00577439562894268
27947000 -0.0490472886693981
27948000 -0.0142606543485902
27949000 -0.0289442901981118
27950000 -0.0314084505638017
27951000 -0.0583022940914543
27952000 -0.00291214392189671
27953000 -0.0363116602750844
27954000 -0.0672472215677946
27955000 -0.00740704186080737
27956000 -0.0329640566750763
27957000 -0.0498302146671352
27958000 -0.0214140361477254
27959000 -0.0445963977913999
27960000 -0.024656423582642
27961000 -0.0610991099762026
27962000 -0.0135943253347153
27963000 -0.0591605095821163
27964000 -0.0106407583624333
27965000 -0.0579224989077936
27966000 -0.0369010017850456
27967000 -0.0522072671093809
27968000 -0.0406299213013158
27969000 -0.0217662267974782
27970000 -0.0343038742983017
27971000 -0.00660286557213964
27972000 -0.0556168941096827
27973000 -0.0285945280434862
27974000 -0.0378883130090964
27975000 -0.0156600658998516
27976000 -0.063233019459204
27977000 -0.0307305098899086
27978000 -0.0500379267498941
27979000 -0.0282753984904998
27980000 -0.0560520835387317
27981000 -0.0232025968753341
27982000 -0.0512741445695054
27983000 -0.0151660393661052
27984000 -0.0445874214069477
27985000 -0.0531268923296676
27986000 -0.025471903553464
27987000 -0.036398740105023
27988000 -0.0343390188019183
27989000 -0.0514526705160658
27990000 -0.0128827839338239
27991000 -0.0514146431773482
27992000 -0.0303254673811175
27993000 -0.0611652786198009
27994000 -0.0184322109154743
27995000 -0.0401825235666251
27996000 -0.0359279342546281
27997000 -0.0421183168277516
27998000 -0.0567166993607129
27999000 -0.0491346349345429
28000000 -0.0374290112011601
28001000 -0.0359063514268251
28002000 -0.0454725270714679
28003000 -0.0244359679974415
28004000 -0.0642967516677144
28005000 -0.00145037920508605
28006000 -0.0499103483102671
28007000 -0.0516403564257055
28008000 -0.0583701103040918
28009000 -0.0240164030478893
28010000 -0.0215674508120124
28011000 -0.0735390539354385
28012000 0.0114164778423681
28013000 -0.0461204346296771
28014000 -0.047223232632433
28015000 -0.0177427432153191
28016000 -0.0339023596214461
28017000 -0.0371538005264912
28018000 -0.00977150082509957
28019000 -0.0379873309105279
28020000 -0.030159485018395
28021000 -0.0634939102818477
28022000 -0.0474323152592355
28023000 -0.0370376012234214
28024000 -0.066978858237569
28025000 -0.0100103137030645
28026000 -0.0674957465560589
28027000 0.0154712803833618
28028000 -0.064109807962535
28029000 -0.024395888104179
28030000 -0.0830920221015959
28031000 -0.0212087012685784
28032000 -0.0530288359664492
28033000 -0.00479042403519951
28034000 -0.057478587446895
28035000 -0.00877559740344262
28036000 -0.0606418810521489
28037000 -0.0213285198088764
28038000 -0.0716747078942543
28039000 -0.00638207689031447
28040000 -0.0783580175575372
28041000 -0.0521605658595983
28042000 -0.0710786937257706
28043000 -0.0279769493640723
28044000 -0.0145318835586844
28045000 -0.0169532747179867
28046000 -0.0826588643650586
28047000 -0.0548946555658343
28048000 -0.0179506653837999
28049000 -0.046100347561841
28050000 -0.0708474404412704
28051000 -0.0232621006989719
28052000 -0.059866462271253
28053000 0.000382411228188973
28054000 -0.0607663344785807
28055000 -0.0191264556057087
28056000 -0.0438429818200088
28057000 -0.0428526501862588
28058000 -0.0285602117561427
28059000 -0.0348190386386701
28060000 -0.0215207870012322
28061000 -0.0466340265795031
28062000 -0.0505273516717498
28063000 -0.0673106907068991
28064000 -0.0582903143782365
28065000 -0.0338349107053079
28066000 -0.00332482523690313
28067000 -0.0405386610160217
28068000 -0.0357497862275226
28069000 -0.0396853830836188
28070000 -0.0489793199025177
28071000 -0.035202466559348
28072000 -0.0517428680910096
28073000 -0.0378420770228986
28074000 -0.0437785542235947
28075000 -0.0522065556316241
28076000 -0.0349353790831549
28077000 -0.0712482237950946
28078000 -0.0254841337236595
28079000 -0.045342257120619
28080000 -0.0264274974363759
28081000 -0.0600832683809142
28082000 -0.0803080686003521
28083000 -0.0423274836155859
28084000 -0.0208503456403721
28085000 -0.0212794936897251
28086000 -0.0570341928819189
28087000 -0.0235317632656923
28088000 -0.0761991332991892
28089000 0.000292421212917134
28090000 -0.0612678823846701
28091000 -0.0674183532618078
28092000 0.00902522342588763
28093000 -0.0514083827612475
28094000 -0.0452867762298551
28095000 -0.0162251712117949
28096000 -0.0428934107683655
28097000 -0.045093523494605
28098000 -0.038080980018639
28099000 -0.0412185181679574
28100000 -0.0231856383280112
28101000 -0.0382463346054313
28102000 -0.054467787526059
28103000 -0.0351905206421545
28104000 -0.0132033700140907
28105000 -0.0575904906793172
28106000 -0.0358846384827439
28107000 -0.0316091200224662
28108000 -0.0598021621623167
28109000 -0.0268700456657937
28110000 -0.0524110758882548
28111000 -0.0464999263845826
28112000 -0.0374888737624407
28113000 -0.0368044334099458
28114000 -0.0438809238583402
28115000 -0.0570936089699017
28116000 -0.0548579226656764
28117000 -0.0266148529762858
28118000 -0.037229562388251
28119000 -0.0688703673004632
28120000 -0.0434179807238403
28121000 -0.0329794435965167
28122000 -0.0669897635814426
28123000 -0.0233236171758556
28124000 -0.0448785044865291
28125000 -0.0663495497503147
28126000 -0.0279472088107975
28127000 -0.0235949736415516
28128000 -0.0330024549581071
28129000 -0.0389126703075516
28130000 -0.0194084634286601
28131000 -0.0810883645741584
28132000 -0.0251004701863769
28133000 -0.0591586835122432
28134000 -0.0553957671513778
28135000 -0.0249881709062734
28136000 -0.0418792771434676
28137000 -0.0273700479592405
28138000 -0.0271357213096866
28139000 -0.0513437862730783
28140000 -0.0543733963822238
28141000 -0.015167152872493
28142000 -0.0509043187546339
28143000 -0.05712776656726
28144000 -0.0278152192208527
28145000 -0.0524854907308852
28146000 -0.0269624197872523
28147000 -0.0590389261297305
28148000 -0.0513463364449081
28149000 -0.0178291425160042
28150000 -0.0538926458782571
28151000 -0.0216282633083952
28152000 -0.0437519458519685
28153000 -0.0643915691767583
28154000 -0.0481997531265298
28155000 -0.0131124144520471
28156000 -0.05705135690795
28157000 -0.0318753740311784
28158000 -0.0127714873070541
28159000 -0.0688047404753393
28160000 -0.0330209512420847
28161000 -0.0252334752976838
28162000 -0.046082431956492
28163000 -0.0743295804645469
28164000 -0.0537802950656545
28165000 -0.0493698600277119
28166000 -0.0454409608682674
28167000 -0.0196434699813582
28168000 -0.0550009047598542
28169000 -0.0494668449060587
28170000 -0.0322233133989198
28171000 -0.0340906564218281
28172000 -0.058900381926968
28173000 -0.0427783983123859
28174000 -0.0517263921621711
28175000 -0.0533325733761675
28176000 -0.0783985378513835
28177000 -0.0103833176606329
28178000 -0.0556968121393491
28179000 -0.0351211360528114
28180000 -0.049123854832627
28181000 -0.00736723342211996
28182000 -0.0645087951317277
28183000 -0.0194623217444236
28184000 -0.0259591630511273
28185000 -0.0363288207169178
28186000 -0.0549215861166855
28187000 -0.0333204756840231
28188000 -0.0380949396929626
28189000 -0.0314170638896649
28190000 -0.0556317802268584
28191000 -0.00364193751496475
28192000 -0.0447909261704367
28193000 -0.0302944664014269
28194000 -0.0399713532407187
28195000 -0.0362764921840809
28196000 -0.0394506573532733
28197000 -0.036610633035301
28198000 -0.0481258815265292
28199000 -0.0765333068430234
28200000 -0.0216157726896924
28201000 -0.0310474871462485
28202000 -0.0273842074339103
28203000 -0.0608296717713065
28204000 -0.0365851138746769
28205000 -0.0202127784684307
28206000 -0.0809921000839642
28207000 -0.0219080569428933
28208000 -0.0420261044527224
28209000 -0.0459866068170773
28210000 -0.0334307601391401
28211000 -0.0350953978254833
28212000 -0.0786914428700485
28213000 -0.0470847489669359
28214000 -0.0554167056550716
28215000 -0.0554228731444198
28216000 -0.0312289240668635
28217000 -0.0381667189815545
28218000 -0.0357739209631578
28219000 -0.0457636103497606
28220000 -0.0201228031185916
28221000 -0.0650980242377889
28222000 -0.0261809541739741
28223000 -0.0377431036168154
28224000 -0.0579455979575917
28225000 -0.0303850313796582
28226000 -0.0444190823864946
28227000 -0.0435599144279269
28228000 -0.0420643608059285
28229000 -0.0190469135808434
28230000 -0.0585070059122358
28231000 -0.0655494691687143
28232000 -0.0142537418642804
28233000 -0.0349678285529331
28234000 -0.0679292064926297
28235000 -0.0225141435399821
28236000 -0.031948450431707
28237000 -0.037265315557938
28238000 -0.0646170044125433
28239000 -0.0491424128119478
28240000 -0.0769424644840877
28241000 0.0122595202920738
28242000 -0.0943828524011131
28243000 -0.0187658943924064
28244000 -0.0497789839399604
28245000 -0.0164736843517865
28246000 -0.0370296116859802
28247000 -0.0558533390410279
28248000 -0.04421230451786
28249000 -0.0410207335479974
28250000 -0.0475599839363774
28251000 -0.0615539003602071
28252000 -0.0297955534540361
28253000 -0.0809278936256691
28254000 -0.0128192270157826
28255000 -0.0559331136294306
28256000 -0.0101894946045282
28257000 -0.0837408230324313
28258000 -0.016172957340185
28259000 -0.0750173604017923
28260000 -0.0487588869802131
28261000 -0.0290578030422779
28262000 -0.0800960172537689
28263000 -0.0162226386840447
28264000 -0.0418408719687392
28265000 -0.0557420476968984
28266000 -0.0321249572146278
28267000 -0.0404533011159624
28268000 -0.0867843654955635
28269000 -0.0321573963679217
28270000 -0.0776250346068189
28271000 -0.0229618436991101
28272000 -0.0715552578097051
28273000 -0.0128454784284601
28274000 -0.0307287210137608
28275000 -0.0530279527607293
28276000 -0.0153162091338004
28277000 -0.0720098679101818
28278000 -0.0505806407310451
28279000 -0.0534754079114137
28280000 -0.0334371166238438
28281000 -0.0716205795327538
28282000 -0.0402727461848942
28283000 -0.0604883517688936
28284000 -0.0588354332924483
28285000 0.00579659806607204
28286000 -0.0772975040311122
28287000 -0.0438800874322749
28288000 -0.0350300375043029
28289000 -0.0239105891262312
28290000 -0.0539972999928056
28291000 -0.0061119106187607
28292000 -0.0852213609614207
28293000 -0.0153857051627538
28294000 -0.0693234138570792
28295000 -0.01645584581753
28296000 -0.055930260293138
28297000 -0.0271303489261711
28298000 -0.0675494992863426
28299000 -0.0560545004662238
28300000 -0.0508938165774745
28301000 -0.0451832456208661
28302000 -0.0777675730384258
28303000 -0.0314426465729595
28304000 -0.0311867974584231
28305000 -0.0579075387393775
28306000 -0.0444090388731512
28307000 -0.078996176206707
28308000 -0.0375655336390889
28309000 -0.0527859982138303
28310000 -0.0270331662637559
28311000 -0.038014261212475
28312000 -0.0471453805596917
28313000 -0.0326772970346151
28314000 -0.0541360530192171
28315000 -0.0239337437721133
28316000 -0.0486293375144429
28317000 -0.0527505009718731
28318000 -0.0389075249665675
28319000 -0.0807973280252881
28320000 -0.0429704924679632
28321000 -0.0325069857384563
28322000 -0.0571704768370162
28323000 -0.076139671233719
28324000 -0.0618203953205003
28325000 -0.0610331025852827
28326000 -0.0377777242812382
28327000 -0.0382829835433598
28328000 -0.0587414411324824
28329000 -0.0380426730614872
28330000 -0.0390140792223246
28331000 -0.0401253610459818
28332000 -0.0388519454913197
28333000 -0.0747212239952272
28334000 -0.0680301024929463
28335000 -0.0505259259692241
28336000 -0.0507330176605643
28337000 -0.0484690702732531
28338000 -0.0468373297378288
28339000 -0.0701507398359219
28340000 -0.070868234379821
28341000 -0.0542376020576042
28342000 -0.0250452141474459
28343000 -0.0891935681009827
28344000 -0.060739530651582
28345000 -0.0670156271952147
28346000 -0.0498885216590888
28347000 -0.0820295930634997
28348000 -0.00152327140040843
28349000 -0.058658028646355
28350000 -0.0429983855391923
28351000 -0.0502430238270181
28352000 -0.0389262120452446
28353000 -0.0619802323872325
28354000 -0.0506580813868555
28355000 -0.0563503053969606
28356000 -0.0489281846632774
28357000 -0.0122425736101161
28358000 -0.0450691783061134
28359000 -0.0148217563570408
28360000 -0.0613431720126217
28361000 -0.00700536064408289
28362000 -0.0662755077226908
28363000 -0.0423736985871033
28364000 -0.0573728409081884
28365000 -0.0477317285163864
28366000 -0.0541757351318432
28367000 -0.0551686171865949
28368000 -0.0339826539453432
28369000 -0.0534466440012976
28370000 -0.0599186212564209
28371000 -0.0420399834333787
28372000 -0.0592641523807208
28373000 -0.0358598779472531
28374000 -0.0199665970479473
28375000 -0.0555346685585879
28376000 -0.023524727644021
28377000 -0.0452192226224866
28378000 -0.0301656908251336
28379000 -0.049531653785068
28380000 -0.076663719741229
28381000 -0.0691000409311469
28382000 -0.000989775427163374
28383000 -0.0799146111317375
28384000 -0.0490054848283461
28385000 -0.0493327092313599
28386000 -0.054052752686516
28387000 -0.0315949651599606
28388000 -0.0582030385027996
28389000 -0.0339829749226623
28390000 -0.0504218749277082
28391000 -0.0519586516640537
28392000 -0.0382928246693593
28393000 -0.0418460592512913
28394000 -0.0805351457892374
28395000 -0.0481040785385321
28396000 -0.0311826661694076
28397000 -0.0564462078246537
28398000 -0.0292296210729189
28399000 -0.0885198730712212
28400000 -0.0531988888128685
28401000 -0.0477336613957818
28402000 -0.0742753245418631
28403000 -0.0749215044048052
28404000 -0.0207976572381179
28405000 -0.0868393424085429
28406000 -0.0394533507682924
28407000 -0.0864256554834299
28408000 -0.0360677477225321
28409000 -0.0710781175801503
28410000 -0.0122183589226105
28411000 -0.0420025164018696
28412000 -0.0598844424715486
28413000 -0.0338455263147847
28414000 -0.0715922872204976
28415000 -0.0592418931308515
28416000 -0.0693743926275928
28417000 -0.0549862837710584
28418000 -0.0663656346873225
28419000 -0.0489463439649881
28420000 -0.0608112224563138
28421000 -0.030045472529122
28422000 -0.0579131342948125
28423000 -0.0535580577943463
28424000 -0.0566400217611242
28425000 -0.056097292023285
28426000 -0.0690640263141772
28427000 -0.0221730558207744
28428000 -0.0561735289926881
28429000 -0.0430033919657452
28430000 -0.0511309096394955
28431000 -0.0458301765569787
28432000 -0.0457120104339592
28433000 -0.0215928276233741
28434000 -0.0176428525374085
28435000 -0.0353967018023328
28436000 -0.0361006888321518
28437000 -0.050113441584098
28438000 -0.0520815215422808
28439000 -0.0567047796553333
28440000 -0.0483232279600398
28441000 -0.037996811244739
28442000 -0.0202691884490274
28443000 -0.0699361210671302
28444000 -0.0317431728467484
28445000 -0.0511412884730295
28446000 -0.0713809168146088
28447000 -0.0584368153492404
28448000 -0.0354552769675737
28449000 -0.0454973876124824
28450000 -0.0681917478960024
28451000 -0.051621304612419
28452000 -0.0676157457168581
28453000 -0.0664873846807698
28454000 -0.0332384380341616
28455000 -0.042697845866846
28456000 -0.0644725255008754
28457000 -0.0328634699208034
28458000 -0.0684820421547277
28459000 -0.026687655496644
28460000 -0.0425753135298692
28461000 -0.0609524032338739
28462000 -0.0438066361200088
28463000 -0.06545752833993
28464000 -0.0232441803883862
28465000 -0.0638911552680088
28466000 -0.0638182290107241
28467000 -0.0548311257724959
28468000 -0.0239504665472287
28469000 -0.0636434201046179
28470000 -0.0495661690261379
28471000 -0.0901486824666478
28472000 -0.0675151957064292
28473000 -0.0392746824274939
28474000 -0.0514552648863373
28475000 -0.0373640225113113
28476000 -0.0404484973232491
28477000 -0.0606187120788888
28478000 -0.0544653901599464
28479000 -0.0578595409256635
28480000 -0.0646400458470866
28481000 -0.0577598937616098
28482000 -0.0384324490280756
28483000 -0.0498516346358092
28484000 -0.0317410343566191
28485000 -0.039224718345628
28486000 -0.0608286214462369
28487000 -0.0601892603792682
28488000 -0.0489107703804623
28489000 -0.0861408766598503
28490000 -0.0209185877102259
28491000 -0.0586989822291442
28492000 -0.0383482108432835
28493000 -0.0803998405359892
28494000 -0.0266699790943469
28495000 -0.0828015492459043
28496000 -0.0112564874721224
28497000 -0.0853303257156043
28498000 -0.0364995263887481
28499000 -0.0540754070290172
28500000 -0.049954272900912
28501000 -0.0217388571605728
28502000 -0.0532514646996507
28503000 -0.0196643774136891
28504000 -0.0459355800456764
28505000 -0.0558079444978157
28506000 -0.0460546220741919
28507000 -0.0736819927199094
28508000 -0.035604503845518
28509000 -0.0771963692113894
28510000 -0.0404802302146905
28511000 -0.0606188716394259
28512000 -0.0299789526133066
28513000 -0.0452782050608964
28514000 -0.0256710992309518
28515000 -0.0503455130874724
28516000 -0.0448886389934734
28517000 -0.0557821187156419
28518000 -0.0603946650515
28519000 -0.0675057323390863
28520000 -0.0432622946904369
28521000 -0.0872123937159449
28522000 -0.0429990558000766
28523000 -0.0640979653950431
28524000 -0.0322016423147107
28525000 -0.0508778496920805
28526000 -0.0465182377947687
28527000 -0.0619707006016461
28528000 -0.0513487188765977
28529000 -0.0827792906551565
28530000 -0.063088090488385
28531000 -0.027267342780835
28532000 -0.0705334499175603
28533000 -0.0324706876065307
28534000 -0.0576886565521414
28535000 -0.0311825907091314
28536000 -0.0641463981869717
28537000 -0.0578256794541733
28538000 -0.0213821316792824
28539000 -0.0614964405453351
28540000 -0.0472738728945335
28541000 -0.0653111835619176
28542000 -0.064026952629241
28543000 -0.071648990608156
28544000 -0.0597646360379412
28545000 -0.06128841106733
28546000 -0.0596952940340878
28547000 -0.0548906807534285
28548000 -0.0412480278855025
28549000 -0.0337948272711159
28550000 -0.051506992984144
28551000 -0.0512436132987235
28552000 -0.0479276602837411
28553000 -0.0690752371004852
28554000 -0.040325201265565
28555000 -0.0658802894701863
28556000 -0.0637556686959689
28557000 -0.0415468339896249
28558000 -0.0524973766789163
28559000 -0.0108495061328241
28560000 -0.0781872610770221
28561000 -0.0587704675714629
28562000 -0.0504859666936289
28563000 -0.0564869945070625
28564000 -0.05498642655914
28565000 -0.0592901034039973
28566000 -0.0689579647475879
28567000 -0.0608010383254905
28568000 -0.0771857996945476
28569000 -0.0306208271374867
28570000 -0.0816266795494206
28571000 -0.0268251842094743
28572000 -0.0907980182166705
28573000 -0.00575321772660643
28574000 -0.075225925335845
28575000 -0.0550829995424853
28576000 -0.0583024282305327
28577000 -0.0543204964474515
28578000 -0.0767045592308066
28579000 -0.0369826211580806
28580000 -0.0595445838920789
28581000 -0.0420517166500414
28582000 -0.0381599463900339
28583000 -0.064346620039526
28584000 -0.0449886171040363
28585000 -0.0897206607468375
28586000 -0.0527519286472001
28587000 -0.0649909376631555
28588000 -0.0639203173873134
28589000 -0.0482075065822766
28590000 -0.0731987675096567
28591000 -0.0369167427452231
28592000 -0.0878185707634744
28593000 -0.0238979338835022
28594000 -0.0758465656218601
28595000 -0.0374677273915694
28596000 -0.0574824695586643
28597000 -0.0498822147522327
28598000 -0.05573131295886
28599000 -0.0433379928338408
28600000 -0.0477546281174521
28601000 -0.0855535738858468
28602000 -0.074517983496489
28603000 -0.0740413679299331
28604000 -0.0425317663791502
28605000 -0.0410211308457568
28606000 -0.0464007505234769
28607000 -0.0402797475943407
28608000 -0.0597424524031797
28609000 -0.0491724392712871
28610000 -0.0828314538737861
28611000 -0.0648516745583416
28612000 -0.0452985197394269
28613000 -0.0581699173745431
28614000 -0.0597113812109593
28615000 -0.0744221730945964
28616000 -0.0321530287991586
28617000 -0.051083205848579
28618000 -0.041217475582192
28619000 -0.0687465777362618
28620000 -0.0456442055488834
28621000 -0.0464830714276498
28622000 -0.0725664375921688
28623000 -0.0531497637617465
28624000 -0.0390522896033088
28625000 -0.0607952837508957
28626000 -0.0523079214052207
28627000 -0.0537779402219195
28628000 -0.0894908911344054
28629000 -0.0527064358650085
28630000 -0.0469716267343234
28631000 -0.0435534931107594
28632000 -0.0362249535552229
28633000 -0.0871558271681182
28634000 -0.042131089451667
28635000 -0.0852047993794701
28636000 -0.0290671381244152
28637000 -0.0506905264497979
28638000 -0.0637235860622959
28639000 -0.053074131529834
28640000 -0.0420285450956006
28641000 -0.0812747189829491
28642000 -0.0557650383940472
28643000 -0.0883665161297186
28644000 -0.0250545645822584
28645000 -0.0728137655315474
28646000 -0.0669784681935785
28647000 -0.028021336154537
28648000 -0.0462326785816096
28649000 -0.0587516018335298
28650000 -0.0439785010242447
28651000 -0.0556662159786596
28652000 -0.0425448728512536
28653000 -0.0971606297012488
28654000 -0.0440057268335128
28655000 -0.0795249170038922
28656000 -0.0423469659224772
28657000 -0.0539431418753606
28658000 -0.0750353039237553
28659000 -0.0715204676789977
28660000 -0.0642441785215735
28661000 -0.0351129883514367
28662000 -0.102721141195028
28663000 -0.0466104645222687
28664000 -0.05506074285382
28665000 -0.0718560822630261
28666000 -0.0494049808751509
28667000 -0.0552926918983133
28668000 -0.0737288547061539
28669000 -0.0473967197961448
28670000 -0.0378615720760468
28671000 -0.0697288062280242
28672000 -0.0403078516289966
28673000 -0.09534817985146
28674000 -0.0326475020960448
28675000 -0.069301225000294
28676000 -0.061678765669274
28677000 -0.0818813445105413
28678000 -0.0356626112679457
28679000 -0.0634014788635743
28680000 -0.0375518532492866
28681000 -0.0832233302264384
28682000 -0.0370003378811084
28683000 -0.0511525420617463
28684000 -0.0500263507439886
28685000 -0.0468057735085156
28686000 -0.0401317089983434
28687000 -0.0405595694803205
28688000 -0.0652448174175839
28689000 -0.0580367748107915
28690000 -0.0797420760375184
28691000 -0.0276425618033279
28692000 -0.0478934585531396
28693000 -0.043934781142048
28694000 -0.0755050216590624
28695000 -0.0447330431391646
28696000 -0.0491359744381897
28697000 -0.0666403900947985
28698000 -0.0667892223350609
28699000 -0.0816740455300613
28700000 -0.0447451571350448
28701000 -0.0647326526048732
28702000 -0.04817410478345
28703000 -0.0709384995828273
28704000 -0.0708930945498982
28705000 -0.051544941305785
28706000 -0.053511927472897
28707000 -0.0462433768260056
28708000 -0.0298501226358475
28709000 -0.074875776561421
28710000 -0.0315877692689026
28711000 -0.0693634508503318
28712000 -0.04646322302092
28713000 -0.0532204559807604
28714000 -0.0846245562745282
28715000 -0.0599126875007905
28716000 -0.0660449271270483
28717000 -0.0557845345513535
28718000 -0.0491524495932833
28719000 -0.0807088311933476
28720000 -0.0574193206390024
28721000 -0.0573596754131467
28722000 -0.0803440069599366
28723000 -0.0249655721803231
28724000 -0.092699615116951
28725000 -0.0634177307975198
28726000 -0.0770558920890571
28727000 -0.0488999360601363
28728000 -0.0721757891878917
28729000 -0.0670717029494415
28730000 -0.0161111200039246
28731000 -0.0789797614561416
28732000 -0.00215758127174257
28733000 -0.0962346826634668
28734000 -0.05245742672681
28735000 -0.0580245207191758
28736000 -0.063494354876716
28737000 -0.0294666577412295
28738000 -0.0705312635942727
28739000 -0.0291383295390603
28740000 -0.0815385302624009
28741000 -0.00790892383137459
28742000 -0.0927304273408564
28743000 -0.0461983180287919
28744000 -0.0634809579480199
28745000 -0.0518638576298099
28746000 -0.0821793933430293
28747000 -0.0559769239693125
28748000 -0.0725808056613051
28749000 -0.046776203277211
28750000 -0.0314265084370328
28751000 -0.063716868979064
28752000 -0.0592279697278156
28753000 -0.0435241920042485
28754000 -0.0984961636525949
28755000 -0.0228399547712507
28756000 -0.0641661670465889
28757000 -0.0436232235740198
28758000 -0.0877253317911761
28759000 -0.0638968741775919
28760000 -0.0809541501274698
28761000 -0.0613070127723201
28762000 -0.0785951858246149
28763000 -0.0462697590932223
28764000 -0.0472276100060361
28765000 -0.0928068917084005
28766000 -0.0654451218699247
28767000 -0.0613316572544592
28768000 -0.0301229848775388
28769000 -0.0679042489554117
28770000 -0.0911840518745493
28771000 -0.044290527118833
28772000 -0.0730443440543715
28773000 -0.0195430047293835
28774000 -0.091410701958361
28775000 -0.0152341449426178
28776000 -0.0855736827255961
28777000 -0.0454418468321815
28778000 -0.0585457121922862
28779000 -0.0615681616357657
28780000 -0.0642192404271711
28781000 -0.059088573644011
28782000 -0.0485658337026378
28783000 -0.0863151459902267
28784000 -0.0227197251523087
28785000 -0.0874206218770332
28786000 -0.0357944429082496
28787000 -0.0785478258779105
28788000 -0.0193165799911138
28789000 -0.101034410519425
28790000 -0.0421816607261023
28791000 -0.0703087477318284
28792000 -0.0832132340903733
28793000 -0.0314885163998785
28794000 -0.0695987712298304
28795000 -0.0437839761639555
28796000 -0.0955378793555925
28797000 -0.0104717609523941
28798000 -0.0767233565865862
28799000 -0.032332069242069
28800000 -0.086272224539885
28801000 -0.0378385471125667
28802000 -0.0772795814686817
28803000 -0.0344621548331396
28804000 -0.071394621626968
28805000 -0.0759365508059018
28806000 -0.0381441266315471
28807000 -0.0730480727820123
28808000 -0.0595543215393507
28809000 -0.0850386381020903
28810000 -0.0523691597039295
28811000 -0.0475431991674131
28812000 -0.0684420002996308
28813000 -0.0504238866493424
28814000 -0.0410392914791849
28815000 -0.0488905686683995
28816000 -0.0560029108691719
28817000 -0.051046443813446
28818000 -0.0758683740911549
28819000 -0.0623420092430487
28820000 -0.0557198712815588
28821000 -0.0256172900550879
28822000 -0.0893104349737238
28823000 -0.0324438448786655
28824000 -0.0597390174480038
28825000 -0.0416334447230246
28826000 -0.0636497565780126
28827000 -0.0800191173765154
28828000 -0.0622182883544483
28829000 -0.0607093909548463
28830000 -0.0763951617601365
28831000 -0.0491850963269178
28832000 -0.0510012448599528
28833000 -0.0467174486160293
28834000 -0.0568503827247468
28835000 -0.0979988630513371
28836000 -0.0611578474899793
28837000 -0.0717666812524883
28838000 -0.0224753293742177
28839000 -0.0862804325839975
28840000 -0.0870652679542628
28841000 -0.0824218514610769
28842000 -0.0626455139302202
28843000 -0.0747192626703861
28844000 -0.0367875666533923
28845000 -0.0876565156949059
28846000 -0.0624331029332057
28847000 -0.050192946569015
28848000 -0.0615074687966782
28849000 -0.0334679067181427
28850000 -0.108688549036558
28851000 -0.0403111127944814
28852000 -0.101548773050528
28853000 -0.0555397296900099
28854000 -0.0689482675427328
28855000 -0.0294633174555658
28856000 -0.0688382162596729
28857000 -0.0844365725084364
28858000 -0.046820932628253
28859000 -0.0757026909736749
28860000 -0.0887416040919542
28861000 -0.053658395707365
28862000 -0.081472143852644
28863000 -0.0362705205551517
28864000 -0.106062875341506
28865000 -0.0518117867802431
28866000 -0.0554641492950709
28867000 -0.05132018561678
28868000 -0.0310863003466937
28869000 -0.0884815028517323
28870000 -0.0725794226604238
28871000 -0.0477751743301441
28872000 -0.0763345112277978
28873000 -0.0321546588697266
28874000 -0.0831736369087357
28875000 -0.00237019759426553
28876000 -0.0848716420419274
28877000 -0.0378798113048933
28878000 -0.0451713149294289
28879000 -0.0561781624728451
28880000 -0.0235353829541255
28881000 -0.0510876511238741
28882000 -0.0495397479160686
28883000 -0.04870466960783
28884000 -0.0826125510864022
28885000 -0.0749428290697853
28886000 -0.0887446792707518
28887000 -0.0419291617404036
28888000 -0.0518811041881245
28889000 -0.0807442204186296
28890000 -0.0573264850881332
28891000 -0.0570705480398722
28892000 -0.0660250158844485
28893000 -0.0727223330014797
28894000 -0.0206336490738298
28895000 -0.113867045397196
28896000 -0.0427340521213643
28897000 -0.0658879733761319
28898000 -0.0456916243126802
28899000 -0.0347633481805264
28900000 -0.0927607502924348
28901000 -0.00167994389573915
28902000 -0.105640555208232
28903000 -0.0648508601251329
28904000 -0.0388330259904241
28905000 -0.0672880532894701
28906000 -0.050377469547157
28907000 -0.0946105782917777
28908000 -0.0565772152995159
28909000 -0.0709525673915527
28910000 -0.0722801460966649
28911000 -0.0538850336834828
28912000 -0.0711562013924677
28913000 -0.0494950871358128
28914000 -0.0845182064196305
28915000 -0.062208477655274
28916000 -0.0660354127188354
28917000 -0.0567666555138443
28918000 -0.0813108862103664
28919000 -0.0594378350800119
28920000 -0.0588467527529691
28921000 -0.046090524919722
28922000 -0.0904605759177499
28923000 -0.0497298920499012
28924000 -0.0532363280325706
28925000 -0.0654224224353041
28926000 -0.0504534056746179
28927000 -0.0939383728271951
28928000 -0.0784171825266121
28929000 -0.076338744746889
28930000 -0.0253985187852703
28931000 -0.0788259996243841
28932000 -0.0268543211230987
28933000 -0.0733268552348463
28934000 -0.0764145272606513
28935000 -0.0691129228224845
28936000 -0.0549888451642282
28937000 -0.0400152930435178
28938000 -0.0885131111929544
28939000 -0.0463595600726602
28940000 -0.0587858581715496
28941000 -0.0737756893536622
28942000 -0.0665994339650046
28943000 -0.0640955962520885
28944000 -0.0500737064099447
28945000 -0.0699483206532651
28946000 -0.0547656244280508
28947000 -0.0739961016641207
28948000 -0.0497455816588395
28949000 -0.0353635835563434
28950000 -0.0728627426457069
28951000 -0.0587620186594463
28952000 -0.0713457468509946
28953000 -0.0749684862185581
28954000 -0.0600425112666933
28955000 -0.106557269866672
28956000 -0.0521908835467818
28957000 -0.0754918151558993
28958000 -0.0588350794887145
28959000 -0.106162815510641
28960000 -0.0368592781073696
28961000 -0.0424011943320554
28962000 -0.0821239741877279
28963000 -0.0651220367865619
28964000 -0.0813694398968894
28965000 -0.0447620515605659
28966000 -0.0752400574719031
28967000 -0.0714838284682306
28968000 -0.0438486254974393
28969000 -0.0758646419272666
28970000 -0.0625207923411237
28971000 -0.0274158144194282
28972000 -0.0583792934879484
28973000 -0.07628971384285
28974000 -0.0723518321526505
28975000 -0.0487184408727429
28976000 -0.0722510328240882
28977000 -0.0431084551769423
28978000 -0.0749983515865331
28979000 -0.0449023167696716
28980000 -0.0633985154355547
28981000 -0.0509668984133903
28982000 -0.0281154352367906
28983000 -0.105375270314334
28984000 -0.0401209657687992
28985000 -0.0699770855541475
28986000 -0.0670391518338188
28987000 -0.0632058828842112
28988000 -0.0536504398660515
28989000 -0.0650218946059781
28990000 -0.0494999830562587
28991000 -0.0680581451762243
28992000 -0.0533411122159858
28993000 -0.0517377451744197
28994000 -0.116790826414241
28995000 -0.0233420023056978
28996000 -0.0773912180106524
28997000 -0.0469965320598904
28998000 -0.0891228474371502
28999000 -0.0488819727561679
29000000 -0.0850920328500665
29001000 -0.0496144537509104
29002000 -0.0354967969538674
29003000 -0.0536594758129323
29004000 -0.08853615229777
29005000 -0.0453235310853013
29006000 -0.0729841028791288
29007000 -0.0595859484082684
29008000 -0.0534817130526981
29009000 -0.0985559569219847
29010000 -0.0221347069069854
29011000 -0.041415254028639
29012000 -0.0707486180144904
29013000 -0.0502482307711415
29014000 -0.0569224339660512
29015000 -0.0698288740091257
29016000 -0.0391700505314562
29017000 -0.0578273336867301
29018000 -0.0488733285594649
29019000 -0.0955273562512285
29020000 -0.0263678166217975
29021000 -0.0960001121737033
29022000 -0.0405611603950704
29023000 -0.0844944253913752
29024000 -0.0398803286170654
29025000 -0.0542540797346044
29026000 -0.0653826538751915
29027000 -0.066682182047336
29028000 -0.0851831282620806
29029000 -0.0562539717387595
29030000 -0.0929083208131874
29031000 -0.0700615921952424
29032000 -0.0369138753725294
29033000 -0.0636741550859677
29034000 -0.108255989312031
29035000 -0.0463529817016122
29036000 -0.0550566609598073
29037000 -0.0826023861429151
29038000 -0.0766436824037631
29039000 -0.0547290842125944
29040000 -0.0540629574434271
29041000 -0.0804325400502312
29042000 -0.0641201698341552
29043000 -0.0692792205939345
29044000 -0.00412683687930451
29045000 -0.0718580671080722
29046000 -0.0326971174152716
29047000 -0.0907275950337418
29048000 -0.0738606273319675
29049000 -0.053071002023303
29050000 -0.0769972129898376
29051000 -0.0771173698356721
29052000 -0.031635893286407
29053000 -0.0911743300575825
29054000 -0.0248914419412078
29055000 -0.0734893527406116
29056000 -0.0553692375097277
29057000 -0.0525421866436533
29058000 -0.0511100020999671
29059000 -0.0987886013416155
29060000 -0.073836136624232
29061000 -0.0732989244610691
29062000 -0.0473394099068942
29063000 -0.045575782894728
29064000 -0.0742384616613929
29065000 -0.059307127790376
29066000 -0.0891178153266554
29067000 -0.0414944489406024
29068000 -0.0894267353711865
29069000 -0.072305473325637
29070000 -0.0772695930181931
29071000 -0.0578941391449948
29072000 -0.0891367389348778
29073000 -0.0591628012837291
29074000 -0.0690009494425101
29075000 -0.0578250448918769
29076000 -0.0862994694306885
29077000 -0.0621390594119832
29078000 -0.0839880585488474
29079000 -0.0623159777410171
29080000 -0.0665450345646336
29081000 -0.0747497609257666
29082000 -0.0620244728934859
29083000 -0.0870621742642749
29084000 -0.0779822585280816
29085000 -0.0858032915137514
29086000 -0.0399412067414939
29087000 -0.043607566176639
29088000 -0.0702454895359411
29089000 -0.0610874917616381
29090000 -0.0553094098087971
29091000 -0.0568124831295748
29092000 -0.0774049388509241
29093000 -0.0513212795648396
29094000 -0.0720679823824388
29095000 -0.10998494449532
29096000 -0.0450377854732757
29097000 -0.0928020209096058
29098000 -0.0731669296287805
29099000 -0.0628076939153002
29100000 -0.0674495114886488
29101000 -0.0910023879162477
29102000 -0.076240654283776
29103000 -0.0687060786284854
29104000 -0.0398268649226779
29105000 -0.0924070130737424
29106000 -0.0702728541058414
29107000 -0.0808985171845665
29108000 -0.0557709734452351
29109000 -0.111886208901422
29110000 -0.0630615013430081
29111000 -0.0831772800386458
29112000 -0.0628396962592805
29113000 -0.0837747122019193
29114000 -0.0750812749321766
29115000 -0.096740176711966
29116000 -0.0681272415467117
29117000 -0.0697005560610339
29118000 -0.0698059483389131
29119000 -0.0887256399826209
29120000 -0.0556794403061844
29121000 -0.0839511682092838
29122000 -0.0542133082111418
29123000 -0.0657399406434572
29124000 -0.0637792743166931
29125000 -0.031601070398272
29126000 -0.0905495161291465
29127000 -0.0650169261013495
29128000 -0.0787038580175524
29129000 -0.0744723932934321
29130000 -0.0690033037543552
29131000 -0.0848963716960514
29132000 -0.068635977805377
29133000 -0.0442631025449746
29134000 -0.103557608810197
29135000 -0.0586760133202981
29136000 -0.0705636669384803
29137000 -0.0719016330187392
29138000 -0.0719340305946905
29139000 -0.0370473898101871
29140000 -0.0663056456833043
29141000 -0.0594320122895861
29142000 -0.0903823103604835
29143000 -0.03286757787401
29144000 -0.072299074665862
29145000 -0.079700182639767
29146000 -0.0436098856852498
29147000 -0.0904129958882804
29148000 -0.0550809320139183
29149000 -0.0537688510870504
29150000 -0.0447833263706875
29151000 -0.0655915179802492
29152000 -0.0427354690899722
29153000 -0.0990299519133876
29154000 -0.0459489219291807
29155000 -0.0746345935812305
29156000 -0.0859549332997166
29157000 -0.043700637386344
29158000 -0.0818466641742263
29159000 -0.0723444231113915
29160000 -0.0586419521715779
29161000 -0.0786303109353894
29162000 -0.0756440168220144
29163000 -0.0353458446385911
29164000 -0.0537654821268373
29165000 -0.0570662150659687
29166000 -0.048789512376635
29167000 -0.0501192000753262
29168000 -0.0965309106108319
29169000 -0.0869176547656028
29170000 -0.0366195461632534
29171000 -0.0857231226183425
29172000 -0.0658094946233927
29173000 -0.0889313241585492
29174000 -0.049708938745538
29175000 -0.0676853896939553
29176000 -0.0610172928769366
29177000 -0.101923586236544
29178000 -0.0695564131824232
29179000 -0.0716129614070208
29180000 -0.0738972878460785
29181000 -0.0889969933003565
29182000 -0.0638090931915255
29183000 -0.0328035895256019
29184000 -0.0726798065892647
29185000 -0.0763318608952656
29186000 -0.0787999032002284
29187000 -0.0968576545448523
29188000 -0.107730237761028
29189000 -0.0936765046339839
29190000 -0.066800749023202
29191000 -0.0456393976657218
29192000 -0.0901428587401693
29193000 -0.0562351277285078
29194000 -0.0520435068167549
29195000 -0.0738996567085557
29196000 -0.0780559899306669
29197000 -0.0567341063520239
29198000 -0.0892604018667938
29199000 -0.04094205470111
29200000 -0.0779578118284182
29201000 -0.0760443223301828
29202000 -0.0718585909660572
29203000 -0.0804947882338854
29204000 -0.0506882911424574
29205000 -0.091259289513906
29206000 -0.0649339650093148
29207000 -0.0720527078473833
29208000 -0.0762648648305797
29209000 -0.0903560279254673
29210000 -0.0757669782509044
29211000 -0.0675866124350392
29212000 -0.100160431210557
29213000 -0.0796438115977051
29214000 -0.0855345007746964
29215000 -0.0592932761372106
29216000 -0.0617847157605817
29217000 -0.105363126084927
29218000 -0.0588123011470572
29219000 -0.0985626696274357
29220000 -0.0324758402924087
29221000 -0.0951541392139174
29222000 -0.0527591149068641
29223000 -0.0809170602152245
29224000 -0.0625963139108987
29225000 -0.0614360072947597
29226000 -0.0868160061100447
29227000 -0.0376465205823532
29228000 -0.0644938051767087
29229000 -0.0981362583641833
29230000 -0.0893745206784505
29231000 -0.052693550370654
29232000 -0.075139984831716
29233000 -0.084624257902866
29234000 -0.0791686647931151
29235000 -0.00998974102021931
29236000 -0.0907885075817852
29237000 -0.0386769279580099
29238000 -0.0666827351705775
29239000 -0.0707324677130025
29240000 -0.0388713896836507
29241000 -0.0501312372343493
29242000 -0.0542979147394712
29243000 -0.0848833917629852
29244000 -0.0464088196955288
29245000 -0.0163176454541806
29246000 -0.0997606029365054
29247000 -0.0155178907390379
29248000 -0.0774552709289353
29249000 -0.0578157782763196
29250000 -0.0510937669194536
29251000 -0.0664913593734933
29252000 -0.0722883412460128
29253000 -0.0621853238628001
29254000 -0.0413036577156577
29255000 -0.0590144781440771
29256000 -0.0896768496482998
29257000 -0.0479254800916737
29258000 -0.0748402058043461
29259000 -0.0529475251225979
29260000 -0.05410212755705
29261000 -0.0728933785366559
29262000 -0.0449392755123082
29263000 -0.0315304058565421
29264000 -0.0896365441333889
29265000 -0.0506293785808748
29266000 -0.011915587371799
29267000 -0.0875366233294381
29268000 -0.0825700817265051
29269000 -0.0529746785953264
29270000 -0.065186561678344
29271000 -0.0478804420925952
29272000 -0.103671616181322
29273000 -0.0611419163022608
29274000 -0.0678922158382124
29275000 -0.030218445437218
29276000 -0.105094547856096
29277000 -0.0202508228963997
29278000 -0.0789219192177905
29279000 -0.0776413113855737
29280000 -0.0551758918099838
29281000 -0.0768761988887371
29282000 -0.0743657201604428
29283000 -0.0709979119568225
29284000 -0.0768413664724381
29285000 -0.0513457737945914
29286000 -0.0767863472043317
29287000 -0.0540803610658765
29288000 -0.083421779120437
29289000 -0.0381836083107821
29290000 -0.0932717745764679
29291000 -0.0735075993729767
29292000 -0.0501502386888475
29293000 -0.0518647493433046
29294000 -0.0538478405534569
29295000 -0.0642807699164222
29296000 -0.0533181895764832
29297000 -0.0378922254789774
29298000 -0.10003357866684
29299000 -0.0367977319870223
29300000 -0.0399766724241221
29301000 -0.071019819448439
29302000 -0.0607504128527923
29303000 -0.043692620302439
29304000 -0.0970077768714233
29305000 -0.00995245950953765
29306000 -0.0727960583363366
29307000 -0.0783044239656208
29308000 -0.074510071760032
29309000 -0.0933811304322641
29310000 -0.0477824076074193
29311000 -0.0403977813731223
29312000 -0.1100211878336
29313000 -0.0398194746714972
29314000 -0.0713511723491958
29315000 -0.0603335320903576
29316000 -0.0619187325268776
29317000 -0.0479146221050004
29318000 -0.0667248774831737
29319000 -0.0704987374953652
29320000 -0.0477059137587433
29321000 -0.0887716909511371
29322000 -0.059148327080575
29323000 -0.022381602581272
29324000 -0.0873134203333777
29325000 -0.0710677545205923
29326000 -0.0729008678855018
29327000 -0.0454152581582308
29328000 -0.0774264079259452
29329000 -0.0391200878755299
29330000 -0.0554870483976837
29331000 -0.0616163883745668
29332000 -0.0741125184811436
29333000 -0.0873723052409928
29334000 -0.0646975274997004
29335000 -0.0650039212771716
29336000 -0.0517904492091618
29337000 -0.0750067473961578
29338000 -0.067775540508034
29339000 -0.0369081874781801
29340000 -0.107204505281285
29341000 -0.0807994402128199
29342000 -0.061668414807876
29343000 -0.0442920485674825
29344000 -0.0531913725962829
29345000 -0.0714510501231638
29346000 -0.0134284233289637
29347000 -0.104090936493146
29348000 -0.0261485707287143
29349000 -0.105846769524623
29350000 -0.0391184444041622
29351000 -0.0706221356642509
29352000 -0.0764677335829014
29353000 -0.0379894520859275
29354000 -0.0553957801487371
29355000 -0.0303933640848846
29356000 -0.104697337160082
29357000 -0.0599719365790664
29358000 -0.0981594443501116
29359000 -0.0357956044584804
29360000 -0.0899619829908102
29361000 -0.0521852506231915
29362000 -0.0456913951541952
29363000 -0.0382498885486703
29364000 -0.0656219529539696
29365000 -0.0666455351367113
29366000 -0.0640923237049534
29367000 -0.0483849108628491
29368000 -0.0716283067616305
29369000 -0.0340997310852221
29370000 -0.108985870503091
29371000 -0.0508714484371518
29372000 -0.0928842828605953
29373000 -0.0210112299556304
29374000 -0.0521117542431016
29375000 -0.0538793177696409
29376000 -0.0592155449019123
29377000 -0.0479780693058383
29378000 -0.0523449256881713
29379000 -0.0863040231021534
29380000 -0.04934614867595
29381000 -0.085597203403925
29382000 -0.0759256558226238
29383000 -0.0715600759150491
29384000 -0.0818528406284267
29385000 -0.0332217204085764
29386000 -0.0777913635072581
29387000 -0.0548600111777977
29388000 -0.0800205492897701
29389000 -0.0686838953809022
29390000 -0.0427066826737126
29391000 -0.0901927576708436
29392000 -0.0306033081911536
29393000 -0.0659250226205794
29394000 -0.0253648255971806
29395000 -0.0856912859689681
29396000 -0.0723111680982355
29397000 -0.0586684326916435
29398000 -0.0638343982965064
29399000 -0.0578815132561208
29400000 -0.0829848324660905
29401000 -0.0377822012983019
29402000 -0.0605928615163935
29403000 -0.0680077019146017
29404000 -0.0507903286280729
29405000 -0.0746221502013347
29406000 -0.0354966109878695
29407000 -0.0824822946705842
29408000 -0.0637614040884767
29409000 -0.0889107769217372
29410000 -0.0553799720971531
29411000 -0.082430796117067
29412000 -0.0586952516852827
29413000 -0.0821580472633925
29414000 -0.0208486775972752
29415000 -0.0580178905669188
29416000 -0.0584162412250214
29417000 -0.0464276080847007
29418000 -0.0646824478108986
29419000 -0.0616226377053658
29420000 -0.0486442179850411
29421000 -0.0992816904692667
29422000 -0.0645235389479652
29423000 -0.0576723678727416
29424000 -0.0738056598334462
29425000 -0.0877222799819449
29426000 -0.0672583390723266
29427000 -0.0946827596969219
29428000 -0.0563813859120929
29429000 -0.075774101394043
29430000 -0.0733847277441808
29431000 -0.0654306557227226
29432000 -0.0792670460844154
29433000 -0.0933584402670374
29434000 -0.0614366209745536
29435000 -0.0679419456133103
29436000 -0.0963782127497352
29437000 -0.0746492859271719
29438000 -0.0479391044213968
29439000 -0.0693674762309557
29440000 -0.0713808631434955
29441000 -0.0769066975260663
29442000 -0.0760702177162065
29443000 -0.0773245344410099
29444000 -0.0690261827179263
29445000 -0.0648315980570619
29446000 -0.086346891373588
29447000 -0.0745732319860452
29448000 -0.094853737689714
29449000 -0.072312336477046
29450000 -0.0586031648661482
29451000 -0.0837593718605471
29452000 -0.0675475443821621
29453000 -0.0592654098929092
29454000 -0.0460670263601284
29455000 -0.0729545184352032
29456000 -0.072013810963631
29457000 -0.0509008493224966
29458000 -0.0695926213863374
29459000 -0.0323074879497241
29460000 -0.0840470292089078
29461000 -0.087917870295922
29462000 -0.0607466694977593
29463000 -0.0688995142766183
29464000 -0.0390245989769675
29465000 -0.0642539025227341
29466000 -0.0829111116945858
29467000 -0.0687437529975527
29468000 -0.0756842505902033
29469000 -0.0548311550496123
29470000 -0.0745923195555416
29471000 -0.0834900214648876
29472000 -0.0457545708781171
29473000 -0.0652033034398581
29474000 -0.0491940694015387
29475000 -0.0839684157592456
29476000 -0.0770736863850321
29477000 -0.0338356655298399
29478000 -0.071262186550633
29479000 -0.0410006462108365
29480000 -0.0556425737515713
29481000 -0.0610555684392562
29482000 -0.0520439783629894
29483000 -0.0759484561182105
29484000 -0.0210708977425567
29485000 -0.0791908951100312
29486000 -0.0325789659579943
29487000 -0.0810260184091135
29488000 -0.0557356853293176
29489000 -0.0778845151854819
29490000 -0.0434382988241549
29491000 -0.0585464387799911
29492000 -0.0960202370445935
29493000 -0.0328604967229498
29494000 -0.071631304039877
29495000 -0.0571447640451876
29496000 -0.0589085651280073
29497000 -0.0738766758645338
29498000 -0.0699888213099509
29499000 -0.0521857612623933
29500000 -0.0732843897038719
29501000 -0.0694803534796441
29502000 -0.0742531185334308
29503000 -0.0610270227383621
29504000 -0.0645515340797698
29505000 -0.0567504141901222
29506000 -0.0899520143067135
29507000 -0.0715987251694902
29508000 -0.0926255523047134
29509000 -0.0479195018150732
29510000 -0.0593177067328576
29511000 -0.0654249022694054
29512000 -0.100332561140772
29513000 -0.0337235861591493
29514000 -0.0902099930368491
29515000 -0.0716430095207073
29516000 -0.0748384598326078
29517000 -0.100374351434401
29518000 -0.0438018781132148
29519000 -0.071777176063669
29520000 -0.0825514490790562
29521000 -0.0712578927176207
29522000 -0.0823065301510579
29523000 -0.0476056167033518
29524000 -0.0889575977411364
29525000 -0.0669866888675467
29526000 -0.0844209180564876
29527000 -0.0686158359952506
29528000 -0.0518199110810194
29529000 -0.0946099654877361
29530000 -0.0506644850539143
29531000 -0.0839168824915916
29532000 -0.0662220205794689
29533000 -0.05688887428459
29534000 -0.0964314130975278
29535000 -0.071692751505427
29536000 -0.0799631213949487
29537000 -0.0646308270044867
29538000 -0.0434616214598919
29539000 -0.0374768562345475
29540000 -0.0791366030649323
29541000 -0.0598602374560035
29542000 -0.0425577787928098
29543000 -0.0904457451576329
29544000 -0.0518621121149222
29545000 -0.055633732517155
29546000 -0.0847289721040397
29547000 -0.0750492772426268
29548000 -0.0750346100559001
29549000 -0.045242900311913
29550000 -0.100662872153197
29551000 -0.0510773281333465
29552000 -0.072539017494942
29553000 -0.0541616499474696
29554000 -0.0292049283887617
29555000 -0.0711322437607186
29556000 -0.0557759274483567
29557000 -0.1020912080146
29558000 -0.0547411936522893
29559000 -0.0948924211436482
29560000 -0.0312334889337914
29561000 -0.0836582843348082
29562000 -0.0675672601942661
29563000 -0.0919891168871356
29564000 -0.098314548331078
29565000 -0.0736191207393658
29566000 -0.07606614873036
29567000 -0.0746315729042541
29568000 -0.0635388178863867
29569000 -0.0726970915858709
29570000 -0.0550636291317289
29571000 -0.0472215635772803
29572000 -0.0734922490520065
29573000 -0.0879401763941131
29574000 -0.0850956340372163
29575000 -0.0753850395107092
29576000 -0.0550435666710265
29577000 -0.0541914837120723
29578000 -0.0624539472304632
29579000 -0.0495833205272269
29580000 -0.0873513512205555
29581000 -0.0748933825664904
29582000 -0.059250979475907
29583000 -0.0792296832566682
29584000 -0.0773528095213262
29585000 -0.0659413554821547
29586000 -0.086298082379784
29587000 -0.0500850777699485
29588000 -0.0560075824234566
29589000 -0.0808985809211446
29590000 -0.075392056738847
29591000 -0.0805952329507408
29592000 -0.0457616224023649
29593000 -0.0832813005369105
29594000 -0.075534980935291
29595000 -0.0599681387486667
29596000 -0.0851445486057038
29597000 -0.0642535299005692
29598000 -0.0873774952231585
29599000 -0.0583931285300547
29600000 -0.0518460754949047
29601000 -0.0721899476834227
29602000 -0.0546460239395518
29603000 -0.0393515359057996
29604000 -0.0966656141932156
29605000 -0.0563143215865091
29606000 -0.0976572756102361
29607000 -0.0473704061031648
29608000 -0.0536895136349128
29609000 -0.0456884261524399
29610000 -0.0638548814276225
29611000 -0.0868872744580838
29612000 -0.0258415909963176
29613000 -0.114016647494258
29614000 -0.0401369132940101
29615000 -0.112758364708655
29616000 -0.0546959251905558
29617000 -0.0697145014804278
29618000 -0.0610048216555915
29619000 -0.076301207000943
29620000 -0.0788511227324915
29621000 -0.0574184732234418
29622000 -0.0471520455533349
29623000 -0.0597105698815552
29624000 -0.0757189828132723
29625000 -0.0598746540885078
29626000 -0.0582324756966638
29627000 -0.1020290266095
29628000 -0.0167672395916507
29629000 -0.104244346470763
29630000 -0.0663550931636919
29631000 -0.103863188003297
29632000 -0.054769032001933
29633000 -0.0979016402822905
29634000 -0.0644260960029851
29635000 -0.094410145061132
29636000 -0.0499880054877802
29637000 -0.087973753437281
29638000 -0.0827137903670494
29639000 -0.0431910179167377
29640000 -0.0898759566456074
29641000 -0.0474488354897739
29642000 -0.0895719368581221
29643000 -0.0367993150606346
29644000 -0.107834763034437
29645000 -0.0329346739121305
29646000 -0.0871764161070601
29647000 -0.0630923327571789
29648000 -0.0647246986172583
29649000 -0.0825163682062719
29650000 -0.0416827597534123
29651000 -0.0827772216669507
29652000 -0.0698888452134303
29653000 -0.0664939333605918
29654000 -0.0738799162354685
29655000 -0.0397017142931793
29656000 -0.0988811468989102
29657000 -0.0594180700017768
29658000 -0.0582938407362851
29659000 -0.094709176327289
29660000 -0.0211548953821786
29661000 -0.123293690265597
29662000 -0.0319858096709684
29663000 -0.105098688450697
29664000 -0.059386588222084
29665000 -0.0446781703257207
29666000 -0.0738119007656972
29667000 -0.0556767035466861
29668000 -0.105565690998609
29669000 -0.0530727908906486
29670000 -0.0686137186583877
29671000 -0.0892277598037647
29672000 -0.0550327601214911
29673000 -0.0459433811198434
29674000 -0.0771644407035874
29675000 -0.0816458365692697
29676000 -0.072366898032526
29677000 -0.100578586605447
29678000 -0.0640084644855324
29679000 -0.0975496089971211
29680000 -0.0710673441158395
29681000 -0.0783906840744037
29682000 -0.0883492495745689
29683000 -0.096922948835812
29684000 -0.0644542302457714
29685000 -0.0925104032779451
29686000 -0.0760001525008992
29687000 -0.0723010760625649
29688000 -0.0601248542130083
29689000 -0.108032967178629
29690000 -0.0543248842369517
29691000 -0.0681835152706896
29692000 -0.0522596226171482
29693000 -0.0812021587124885
29694000 -0.0632820175469865
29695000 -0.0820764616014133
29696000 -0.0656800105944331
29697000 -0.0940261749903469
29698000 -0.0892660564517729
29699000 -0.0687975125470844
29700000 -0.0941045625804716
29701000 -0.080127954825515
29702000 -0.0814343465767032
29703000 -0.0794614608450872
29704000 -0.0842088380817676
29705000 -0.0655264178100718
29706000 -0.0658644540357076
29707000 -0.0879909511858109
29708000 -0.0813057111491114
29709000 -0.0816816430116223
29710000 -0.062318056928102
29711000 -0.0924747709979001
29712000 -0.0769291883539543
29713000 -0.0525091324583789
29714000 -0.0612505695045704
29715000 -0.088694803923346
29716000 -0.0718969775564913
29717000 -0.0737920511557315
29718000 -0.0707602927427096
29719000 -0.082940655717101
29720000 -0.0917635179082489
29721000 -0.075135937101349
29722000 -0.0764531873277496
29723000 -0.0375002192100102
29724000 -0.0912584470006432
29725000 -0.0729491563339894
29726000 -0.12527919057054
29727000 -0.0458948023969005
29728000 -0.117135853796655
29729000 -0.0550053317102174
29730000 -0.0800634940171659
29731000 -0.0616039116669987
29732000 -0.0672660469605492
29733000 -0.112550396913355
29734000 -0.060595201638887
29735000 -0.104527799448532
29736000 -0.0678253040990112
29737000 -0.0686846990561255
29738000 -0.0823343058892187
29739000 -0.0677420770640855
29740000 -0.0580796558900156
29741000 -0.08522154054476
29742000 -0.0926604702520365
29743000 -0.0808662244034749
29744000 -0.0740495702112682
29745000 -0.0701796996038995
29746000 -0.0703624356786526
29747000 -0.0898790189410794
29748000 -0.0777632511586099
29749000 -0.0820987356946404
29750000 -0.0812394084980496
29751000 -0.0420152085740859
29752000 -0.0987307475205255
29753000 -0.0264810292055977
29754000 -0.0943981272448737
29755000 -0.0541479017940326
29756000 -0.102745434745381
29757000 -0.0705469422247615
29758000 -0.0642062828650274
29759000 -0.0794060160228011
29760000 -0.0747567104739923
29761000 -0.084130804636712
29762000 -0.0705093458406748
29763000 -0.0758148072565115
29764000 -0.0583861707688162
29765000 -0.0502250540980036
29766000 -0.0718712789906724
29767000 -0.116126900414509
29768000 -0.0858299811780561
29769000 -0.0837168719441264
29770000 -0.0716415613123708
29771000 -0.0868017290849695
29772000 -0.0664864111859235
29773000 -0.0895302467385688
29774000 -0.051004785040197
29775000 -0.0870615814139991
29776000 -0.089835178289347
29777000 -0.0653952866615874
29778000 -0.0772088788909742
29779000 -0.0824837261997635
29780000 -0.0714600968090241
29781000 -0.0936944026558482
29782000 -0.095163428775701
29783000 -0.043577242845926
29784000 -0.0955154299581485
29785000 -0.0578429493945633
29786000 -0.100546430007201
29787000 -0.0534596051111598
29788000 -0.0719434881199345
29789000 -0.0950664761592934
29790000 -0.0534845889871389
29791000 -0.0878836139604662
29792000 -0.080257223955379
29793000 -0.0768238994280254
29794000 -0.055804401497468
29795000 -0.0877338410441717
29796000 -0.071707699762786
29797000 -0.0734202537395216
29798000 -0.104991220743372
29799000 -0.0720922582720139
29800000 -0.090520492713844
29801000 -0.0885479041513342
29802000 -0.0592639384394636
29803000 -0.0694549311318628
29804000 -0.0620892808456163
29805000 -0.0812662169821219
29806000 -0.0461619069640735
29807000 -0.105379882930111
29808000 -0.0653782308099196
29809000 -0.114995972359668
29810000 -0.0784900263157399
29811000 -0.0747188881184306
29812000 -0.091297638712742
29813000 -0.0693428352257597
29814000 -0.029761900555173
29815000 -0.0855532879081546
29816000 -0.0595384321795528
29817000 -0.0782992956846329
29818000 -0.0785036739941786
29819000 -0.0901965546280197
29820000 -0.0603654575897008
29821000 -0.094517050669958
29822000 -0.0708254174044096
29823000 -0.0803511779014717
29824000 -0.079609612426581
29825000 -0.072027986175044
29826000 -0.104760073454989
29827000 -0.0505461053010608
29828000 -0.0624336296095634
29829000 -0.0826455166342382
29830000 -0.08071760104909
29831000 -0.0827923431356888
29832000 -0.101297471121857
29833000 -0.0632777476480486
29834000 -0.0808904833645486
29835000 -0.0609786914086734
29836000 -0.108390228745173
29837000 -0.0765212999969119
29838000 -0.114002542110229
29839000 -0.0598793884395659
29840000 -0.0628186550192616
29841000 -0.0815931451125279
29842000 -0.0770711731252197
29843000 -0.0795070111118123
29844000 -0.0809710511393382
29845000 -0.0986377802133439
29846000 -0.0504095887102423
29847000 -0.0886702077445235
29848000 -0.0842040510332829
29849000 -0.0739764957072757
29850000 -0.079005160887859
29851000 -0.0485094334034829
29852000 -0.104791464466503
29853000 -0.0736916203006319
29854000 -0.0892752359584729
29855000 -0.0949238137869977
29856000 -0.0702348766021095
29857000 -0.091930301076081
29858000 -0.0397483787585626
29859000 -0.114880968259017
29860000 -0.0675207922556317
29861000 -0.0875779376855325
29862000 -0.0578380833385468
29863000 -0.0814907167090459
29864000 -0.106612081941686
29865000 -0.0740906315583762
29866000 -0.0839576912637102
29867000 -0.0410594069112471
29868000 -0.103931173281727
29869000 -0.0714451348579215
29870000 -0.0924115485441676
29871000 -0.0789676934044815
29872000 -0.0411887277002358
29873000 -0.086299634394654
29874000 -0.0464989272373285
29875000 -0.0863117608672585
29876000 -0.0668673120681178
29877000 -0.0748566691172163
29878000 -0.055963959660824
29879000 -0.0669860904282133
29880000 -0.0933809756175296
29881000 -0.0744671837023132
29882000 -0.0824034104915388
29883000 -0.0613524553087775
29884000 -0.0891561297837156
29885000 -0.0730233801531634
29886000 -0.0983534191386521
29887000 -0.0751184761873372
29888000 -0.0990446806466821
29889000 -0.0448294891964087
29890000 -0.082872521360527
29891000 -0.104527618859611
29892000 -0.0484467472431582
29893000 -0.102218429007698
29894000 -0.0837507684828887
29895000 -0.0960858692814884
29896000 -0.0802187370583323
29897000 -0.0840212710289283
29898000 -0.0825902899651649
29899000 -0.0614355030843439
29900000 -0.0928097981664129
29901000 -0.0976600610009256
29902000 -0.0635103470650817
29903000 -0.0819966423693375
29904000 -0.0590968065080911
29905000 -0.0844487680538701
29906000 -0.0823271362872604
29907000 -0.0951693210770162
29908000 -0.054151266090457
29909000 -0.0533026970896346
29910000 -0.083317181354637
29911000 -0.0620061394226202
29912000 -0.0929202366008816
29913000 -0.0734636997348821
29914000 -0.0593281729897734
29915000 -0.0642466920829847
29916000 -0.118529250950074
29917000 -0.0538035434150807
29918000 -0.0959453245587244
29919000 -0.0710358256286756
29920000 -0.095983476178132
29921000 -0.104535327645034
29922000 -0.0797725685240811
29923000 -0.100246229285833
29924000 -0.0617317570928037
29925000 -0.090195279926814
29926000 -0.0961406725891142
29927000 -0.0605483024330738
29928000 -0.098979817220458
29929000 -0.0554314988681818
29930000 -0.0922406051033634
29931000 -0.0677419279068909
29932000 -0.0889890161894583
29933000 -0.071366289775325
29934000 -0.0674053240636835
29935000 -0.0805318351625053
29936000 -0.0548798804919923
29937000 -0.109523567854028
29938000 -0.0398335547872467
29939000 -0.10548795290755
29940000 -0.0559039628709549
29941000 -0.0789231175384121
29942000 -0.0583975419419541
29943000 -0.0858497425011467
29944000 -0.0866811900074658
29945000 -0.0704166761974981
29946000 -0.105576081342462
29947000 -0.0910067508939504
29948000 -0.0814133498388315
29949000 -0.0958477288220668
29950000 -0.0818052763555411
29951000 -0.0977131406566211
29952000 -0.085888689272601
29953000 -0.0920785187114944
29954000 -0.06287412784652
29955000 -0.0784569335936184
29956000 -0.1051478613548
29957000 -0.0735165140787748
29958000 -0.100101999480287
29959000 -0.0780190432560785
29960000 -0.0706003991640125
29961000 -0.0731113154503315
29962000 -0.0856061698435463
29963000 -0.0853067931259897
29964000 -0.0750314858449755
29965000 -0.0887539787192147
29966000 -0.088486369200712
29967000 -0.0949805887183235
29968000 -0.0814374455435593
29969000 -0.0782088891206922
29970000 -0.0807895016761291
29971000 -0.10779613963389
29972000 -0.0583456858059727
29973000 -0.103366391824128
29974000 -0.0913137168749791
29975000 -0.0646216226026732
29976000 -0.0962398712258459
29977000 -0.0818827750248682
29978000 -0.0615383824483962
29979000 -0.0917497914456247
29980000 -0.101714795643976
29981000 -0.0568472462699585
29982000 -0.136909193102365
29983000 -0.0354209974174328
29984000 -0.105764761623905
29985000 -0.0567216770854569
29986000 -0.0794956319123039
29987000 -0.0598010893675698
29988000 -0.137282561844641
29989000 -0.0844429327126256
29990000 -0.0889518109792742
29991000 -0.102170565564977
29992000 -0.0629373315816764
29993000 -0.0767376803620614
29994000 -0.0535520856794122
29995000 -0.101531519593046
29996000 -0.0759811639649735
29997000 -0.0580238454328224
29998000 -0.109318995839048
29999000 -0.0909596128019815
30000000 -0.0582561419028442
30001000 -0.0892299002575267
30002000 -0.106616873984761
30003000 -0.075118449055889
30004000 -0.0894896148488666
30005000 -0.100332925773163
30006000 -0.0811966105343019
30007000 -0.0777740691796329
30008000 -0.10117201698186
30009000 -0.0885271106481279
30010000 -0.0756127818177542
30011000 -0.0811658698288962
30012000 -0.0884783600327834
30013000 -0.0714864485670421
30014000 -0.0881517621759418
30015000 -0.0894973234049349
30016000 -0.0815791125271216
30017000 -0.0887325115038295
30018000 -0.0812249324780513
30019000 -0.0663882254816557
30020000 -0.0557966764180168
30021000 -0.0961839230223061
30022000 -0.063363647681002
30023000 -0.0715238886769316
30024000 -0.0854339185337181
30025000 -0.0908402402245143
30026000 -0.115297312685122
30027000 -0.0505592080696053
30028000 -0.0955742654425996
30029000 -0.113674685263599
30030000 -0.0530696407409045
30031000 -0.10316434384544
30032000 -0.0551738388400693
30033000 -0.105232410602752
30034000 -0.094275314669601
30035000 -0.0930074449686481
30036000 -0.0537852604305033
30037000 -0.109885066284937
30038000 -0.0538761802721327
30039000 -0.120695179340901
30040000 -0.0466017907801081
30041000 -0.0741609107650085
30042000 -0.0621005861823241
30043000 -0.0676229078342875
30044000 -0.107247290852603
30045000 -0.0849842456312363
30046000 -0.0980338495164721
30047000 -0.0808691136270053
30048000 -0.05597757086517
30049000 -0.109140127034153
30050000 -0.0168975505248877
30051000 -0.092573010731358
30052000 -0.100076432125547
30053000 -0.0893062163864263
30054000 -0.0988222266996256
30055000 -0.0815985531446187
30056000 -0.0945670541292243
30057000 -0.0496255378247266
30058000 -0.0998832949646387
30059000 -0.0696716516303858
30060000 -0.101167084597544
30061000 -0.0997395795043659
30062000 -0.0464247646979768
30063000 -0.100214507774137
30064000 -0.0745837941470207
30065000 -0.0874778261932328
30066000 -0.0357308287572232
30067000 -0.117296670995997
30068000 -0.0884967637689913
30069000 -0.0963272621132158
30070000 -0.100965368640352
30071000 -0.0560001180188878
30072000 -0.113290479069618
30073000 -0.0885128954208622
30074000 -0.0651337246855647
30075000 -0.0980741734143342
30076000 -0.0805679815403493
30077000 -0.0877781993169561
30078000 -0.0290412544357011
30079000 -0.129268796404713
30080000 -0.0545163092913489
30081000 -0.103917357481823
30082000 -0.0551199629828442
30083000 -0.112878926255185
30084000 -0.075414392870694
30085000 -0.117516179219664
30086000 -0.0939717925329801
30087000 -0.0739409295751571
30088000 -0.114546120960253
30089000 -0.0541085342937516
30090000 -0.0866803560490338
30091000 -0.0713936691567654
30092000 -0.0782834721284393
30093000 -0.103027458394108
30094000 -0.0698667277318705
30095000 -0.11175758796021
30096000 -0.0842141496037855
30097000 -0.0693645263619303
30098000 -0.0832856606931195
30099000 -0.0862885244763889
30100000 -0.073636999011106
