#Timestep  sxy 
100000 0.00476014526579556
101000 0.00153880597112885
102000 -0.00969101485436022
103000 -0.00511670198322334
104000 -0.0104776946546406
105000 -0.00488449858781188
106000 -0.00179594832126784
107000 0.000105661441561261
108000 -0.0200722520647472
109000 -0.0205951450689037
110000 -0.0108124847743668
111000 -0.00125515692430882
112000 -0.0221393586483493
113000 -0.0213524157033223
114000 -0.0189787170503327
115000 -0.0260591423351662
116000 0.0351826562042115
117000 0.0104657603118863
118000 0.00202837496177944
119000 -0.00417694848311163
120000 -0.0123795978406361
121000 -0.0271702114016249
122000 -0.0148608520319162
123000 -0.0169588267481402
124000 -0.0240143957183689
125000 -0.0232473896500585
126000 -0.0418176536030342
127000 -0.0208975777787095
128000 -0.0161497299798707
129000 -0.0193912250997535
130000 -0.0155426496721333
131000 -0.0313305233435792
132000 -0.036431005347634
133000 -0.0127531239392143
134000 -0.0106901081341632
135000 -0.0199368755795275
136000 -0.00246733674082141
137000 -0.00640214625957962
138000 -0.0367588617254662
139000 -0.00845642789108797
140000 -0.0202206306770681
141000 -0.0215563460326531
142000 -0.0191717193193665
143000 -0.0141809783828733
144000 0.0031135701834637
145000 0.0195671230728902
146000 0.0183922740330449
147000 -0.00414974979836271
148000 -0.024251791232692
149000 -0.0217252360805845
150000 -0.0400395336641211
151000 -0.0174478196261254
152000 -0.01647237731138
153000 -0.0354307203032543
154000 -0.0289531099477964
155000 -0.0403718351819488
156000 -0.0254590385752642
157000 -0.0316042629577271
158000 -0.034874498004738
159000 -0.0246355215672414
160000 -0.0199030898004288
161000 -0.0196585553186365
162000 -0.0249714690110528
163000 -0.0130243282348825
164000 -0.0275557668584597
165000 -0.0257101773480078
166000 -0.0313676272535213
167000 -0.0234443290679184
168000 -0.0586826906769304
169000 -0.0233746422380501
170000 -0.0422134864792021
171000 -0.0522286306077742
172000 -0.0337439560204146
173000 -0.0421507118593438
174000 -0.0316298440446948
175000 -0.0344421113262421
176000 -0.0359972656628793
177000 -0.046677064005396
178000 -0.0235642916440017
179000 -0.0426476714798302
180000 -0.0446426616573421
181000 -0.0471208367097454
182000 -0.0426373498845154
183000 -0.0437929845661199
184000 -0.0407859762516801
185000 -0.041389558063917
186000 -0.0474165775245956
187000 -0.0346856552570226
188000 -0.0563868666456897
189000 -0.0488726877299682
190000 -0.0335580069810471
191000 -0.0479617608845455
192000 -0.0608722192905682
193000 -0.0361661435495553
194000 -0.0384884094360471
195000 -0.0478560754878555
196000 -0.0389800141405419
197000 -0.0260429024200816
198000 -0.0442378120252422
199000 -0.0578933812824669
200000 -0.0371663572851302
201000 -0.0541801276682428
202000 -0.0514611490520379
203000 -0.0483537599800154
204000 -0.0553590911218065
205000 -0.0446054478930341
206000 -0.0556380140738891
207000 -0.057843113232767
208000 -0.0590327855011124
209000 -0.0473461952540211
210000 -0.0446679455986534
211000 -0.0466335308947485
212000 -0.0441346670423719
213000 -0.0450413226264968
214000 -0.0608083392662358
215000 -0.0709892721243083
216000 -0.0738980957363582
217000 -0.0464524637522353
218000 -0.0544871572424078
219000 -0.0676681381554324
220000 -0.0557061723498404
221000 -0.0780836258702689
222000 -0.0688319654778615
223000 -0.0727902194595674
224000 -0.0867071481876756
225000 -0.0967976101945571
226000 -0.0788938131129092
227000 -0.0903517124187837
228000 -0.0641801884344825
229000 -0.0804015921130215
230000 -0.0906986152660854
231000 -0.0673840355364376
232000 -0.0755828103591697
233000 -0.0720096504307232
234000 -0.074900171630013
235000 -0.0797089290955842
236000 -0.0662833456220328
237000 -0.0628614782810199
238000 -0.0695348430749303
239000 -0.0693831018689952
240000 -0.0693964777484308
241000 -0.0643693087311526
242000 -0.0730642559818395
243000 -0.0566617627438712
244000 -0.0808153895290843
245000 -0.0635993009556314
246000 -0.0738725587567979
247000 -0.0620236125333477
248000 -0.0867768805359339
249000 -0.117904623018983
250000 -0.095885552126254
251000 -0.0775268743970021
252000 -0.0725973579111047
253000 -0.0777801292425314
254000 -0.080629774830617
255000 -0.0850831039277475
256000 -0.0551622623149264
257000 -0.0718735041461593
258000 -0.103516769277778
259000 -0.0958114515975111
260000 -0.073894429637208
261000 -0.0765979338420225
262000 -0.0701330877607374
263000 -0.0736286657729571
264000 -0.0905218631628522
265000 -0.0770301147110869
266000 -0.0876557921844325
267000 -0.100397046959099
268000 -0.0704744705748654
269000 -0.0757248241224302
270000 -0.08305322960852
271000 -0.0618840806962687
272000 -0.0828691568059233
273000 -0.0938199054646864
274000 -0.083507151321454
275000 -0.070380050124989
276000 -0.11522452360235
277000 -0.0966470869750781
278000 -0.0627501469904246
279000 -0.0652926193713476
280000 -0.061104624881671
281000 -0.0890115363573075
282000 -0.118685107024936
283000 -0.111589071871893
284000 -0.090305327808939
285000 -0.102914878309475
286000 -0.100258957791832
287000 -0.0716234074602419
288000 -0.0804829990785018
289000 -0.079748697088157
290000 -0.0721069232033776
291000 -0.105951184303896
292000 -0.0980736704498573
293000 -0.088798897328604
294000 -0.105650410473623
295000 -0.0838860456097721
296000 -0.104654928662793
297000 -0.089725666980919
298000 -0.0895035580534109
299000 -0.0822245116127662
300000 -0.111342478610143
301000 -0.101650922630818
302000 -0.100769164453647
303000 -0.0948218140450079
304000 -0.108820361188889
305000 -0.0727798096829847
306000 -0.0882881548425425
307000 -0.10282074421807
308000 -0.0811140073313206
309000 -0.0758249798539974
310000 -0.105276798645562
311000 -0.10077447303297
312000 -0.129057462676537
313000 -0.126412504281594
314000 -0.104946179657234
315000 -0.073079644203341
316000 -0.0681435979946455
317000 -0.0934169684485196
318000 -0.0779508487611444
319000 -0.119323258444421
320000 -0.103755833421907
321000 -0.10150026581792
322000 -0.11469218041568
323000 -0.113721334850556
324000 -0.0943046820081656
325000 -0.1006661589331
326000 -0.125667397542185
327000 -0.0868435382027367
328000 -0.0926935752978899
329000 -0.110054565454565
330000 -0.100766411250157
331000 -0.117208704368575
332000 -0.13966374837802
333000 -0.122042350833558
334000 -0.105231186721424
335000 -0.138731784139456
336000 -0.109476815423897
337000 -0.108686926342848
338000 -0.114731396091783
339000 -0.122362838012591
340000 -0.132531640470177
341000 -0.13336314962814
342000 -0.127044952397848
343000 -0.110638919425889
344000 -0.120768772851098
345000 -0.137085358035999
346000 -0.112892907067455
347000 -0.106623605062465
348000 -0.12961951461066
349000 -0.137274853236187
350000 -0.128519015401358
351000 -0.111417002075655
352000 -0.107165669021232
353000 -0.115674525033081
354000 -0.127856920111466
355000 -0.138301712774471
356000 -0.118648444877936
357000 -0.134685304654155
358000 -0.116450994265447
359000 -0.132669091559607
360000 -0.130182187428142
361000 -0.135719203605378
362000 -0.138403623316447
363000 -0.130771653447063
364000 -0.132966187064512
365000 -0.11650074528385
366000 -0.134033414649307
367000 -0.121510522248912
368000 -0.138589299495233
369000 -0.129285668299575
370000 -0.148481144330919
371000 -0.143962298109015
372000 -0.156930767874574
373000 -0.162723654559499
374000 -0.139139083076375
375000 -0.115854687534768
376000 -0.121661992427466
377000 -0.150665190641215
378000 -0.161436648317508
379000 -0.155447275298988
380000 -0.140555642341257
381000 -0.152204955268018
382000 -0.155971764087763
383000 -0.138380486036575
384000 -0.149165375173385
385000 -0.149232724319882
386000 -0.158396025719956
387000 -0.141912549476553
388000 -0.153516188489888
389000 -0.153523883892789
390000 -0.153883651548981
391000 -0.145953237366759
392000 -0.154853769147487
393000 -0.142407236381889
394000 -0.137594107069922
395000 -0.162007233432862
396000 -0.151762738891175
397000 -0.164086420434211
398000 -0.160429396817778
399000 -0.141907343648194
400000 -0.136416166500395
401000 -0.150667485679786
402000 -0.173230602385854
403000 -0.166738888310916
404000 -0.148142768233408
405000 -0.147491051619451
406000 -0.149933474127546
407000 -0.165759187225106
408000 -0.142841503100398
409000 -0.133388350628627
410000 -0.136577594610459
411000 -0.159447992797195
412000 -0.164442055617501
413000 -0.139574033361259
414000 -0.160006456657045
415000 -0.146168560990378
416000 -0.155133082196528
417000 -0.158023674971209
418000 -0.158493921723025
419000 -0.138659658201068
420000 -0.152217872099725
421000 -0.175407844439085
422000 -0.1576118079533
423000 -0.166829067072732
424000 -0.159189895812842
425000 -0.158446854685851
426000 -0.177952462018743
427000 -0.169098936455656
428000 -0.143802658952875
429000 -0.162445012560575
430000 -0.179335306625747
431000 -0.162219683784321
432000 -0.18165402850146
433000 -0.168480741822351
434000 -0.172852292005164
435000 -0.18559619798201
436000 -0.170121128812698
437000 -0.168616471099837
438000 -0.180071581785706
439000 -0.166722615817878
440000 -0.178260743036359
441000 -0.176131207198237
442000 -0.168287898913836
443000 -0.165729092108422
444000 -0.174615511822694
445000 -0.187555688291013
446000 -0.184428836638411
447000 -0.183669369168244
448000 -0.186812646718714
449000 -0.193077269407101
450000 -0.195748243737489
451000 -0.196754111741395
452000 -0.185535174339336
453000 -0.187681316627288
454000 -0.158877440728456
455000 -0.16861641211423
456000 -0.172760275134629
457000 -0.193075887773263
458000 -0.1643840652327
459000 -0.180360183639914
460000 -0.189095893806417
461000 -0.191413924088683
462000 -0.195844263046938
463000 -0.194068494386403
464000 -0.182821987585263
465000 -0.204864365909384
466000 -0.194645820050352
467000 -0.192680692548025
468000 -0.182135916437863
469000 -0.175128958571385
470000 -0.191787310266498
471000 -0.173164603200481
472000 -0.163815628015675
473000 -0.160581171617303
474000 -0.184976689535563
475000 -0.191841091912617
476000 -0.206118244633471
477000 -0.192395194888251
478000 -0.192178425178389
479000 -0.212821351211242
480000 -0.190449744840305
481000 -0.178600884386733
482000 -0.177564724164379
483000 -0.189524896226224
484000 -0.179352532387396
485000 -0.187942450746798
486000 -0.205524920031786
487000 -0.189987400518728
488000 -0.209648966386821
489000 -0.201628460730574
490000 -0.205175751530926
491000 -0.206124719311482
492000 -0.191443043476286
493000 -0.194732588106972
494000 -0.208053993025798
495000 -0.210963454004401
496000 -0.191734793291929
497000 -0.18642458824787
498000 -0.202385050384119
499000 -0.202782439409875
500000 -0.212532288877781
501000 -0.199094983767031
502000 -0.191936702667026
503000 -0.194546801654199
504000 -0.199252644134152
505000 -0.176138348467797
506000 -0.183143921661116
507000 -0.183141409808775
508000 -0.192218660609804
509000 -0.191720038991449
510000 -0.202025745255546
511000 -0.193677780261158
512000 -0.198242245525271
513000 -0.205712881477025
514000 -0.208561899155273
515000 -0.185027882508836
516000 -0.170907034797919
517000 -0.186784127471677
518000 -0.190147399956618
519000 -0.217790739652263
520000 -0.213639241570857
521000 -0.218601468904831
522000 -0.201385668082522
523000 -0.236632953391727
524000 -0.206897450618942
525000 -0.179905726658583
526000 -0.18141813772355
527000 -0.180703434109422
528000 -0.212559093759744
529000 -0.193096928789091
530000 -0.1920854294475
531000 -0.176865545521042
532000 -0.209644678488789
533000 -0.210986020533463
534000 -0.225584494932928
535000 -0.209248883973886
536000 -0.226062982549541
537000 -0.215488431874012
538000 -0.23602867447727
539000 -0.199533467717684
540000 -0.196273629809497
541000 -0.168025193284998
542000 -0.214778580786071
543000 -0.213082892948085
544000 -0.220306990900502
545000 -0.220609144721228
546000 -0.200540981886088
547000 -0.204592929961425
548000 -0.227379365314513
549000 -0.217031473163618
550000 -0.206106432482495
551000 -0.205681244693593
552000 -0.219261497804366
553000 -0.223545081694907
554000 -0.229820047801372
555000 -0.193977919632473
556000 -0.213264551966263
557000 -0.232287998917308
558000 -0.230047011057103
559000 -0.237960065334745
560000 -0.211598767169553
561000 -0.204334802449736
562000 -0.221495222450454
563000 -0.233540053205778
564000 -0.226494330987671
565000 -0.21719305173682
566000 -0.240887919053005
567000 -0.238665629671203
568000 -0.244595910645521
569000 -0.216742264565015
570000 -0.222339076974219
571000 -0.246530277114503
572000 -0.24695253841582
573000 -0.246785917822776
574000 -0.228254188174889
575000 -0.19972673407928
576000 -0.234502409137491
577000 -0.234586155470857
578000 -0.252931457072462
579000 -0.254285788986861
580000 -0.231181330757715
581000 -0.247266377627146
582000 -0.259863197527099
583000 -0.2437570985328
584000 -0.225053963865076
585000 -0.203982135534138
586000 -0.237880614291078
587000 -0.271009293007962
588000 -0.248874392975457
589000 -0.237929039259654
590000 -0.211993751960838
591000 -0.233211809219228
592000 -0.250746280008621
593000 -0.273325637924795
594000 -0.254728061959482
595000 -0.223789618028356
596000 -0.22577176002048
597000 -0.238277405901072
598000 -0.257639633855799
599000 -0.229949492034402
600000 -0.212251347378863
601000 -0.2219578899178
602000 -0.221736337423457
603000 -0.247320965070304
604000 -0.266872075079489
605000 -0.233307804691662
606000 -0.220910540464892
607000 -0.261239645513294
608000 -0.271104297105475
609000 -0.245344604472384
610000 -0.230192707628475
611000 -0.253949894003025
612000 -0.273683671833636
613000 -0.257688277796134
614000 -0.226381710424738
615000 -0.242784579052721
616000 -0.276696244811633
617000 -0.261649509562657
618000 -0.240277840355296
619000 -0.243167539182844
620000 -0.230631939315077
621000 -0.251954769310558
622000 -0.255714568481512
623000 -0.249571897658801
624000 -0.23675294060235
625000 -0.213810351770962
626000 -0.255335259218154
627000 -0.28557392879915
628000 -0.252548666709823
629000 -0.257593808020496
630000 -0.255963140042899
631000 -0.281546638811763
632000 -0.266812693488526
633000 -0.247906147017865
634000 -0.24636501476766
635000 -0.264923359612023
636000 -0.256713001215049
637000 -0.256543995140862
638000 -0.264958336037817
639000 -0.218525432634744
640000 -0.233953795644387
641000 -0.253231785371834
642000 -0.267172431147367
643000 -0.245153246432074
644000 -0.215944318547645
645000 -0.253505441224275
646000 -0.24595471561298
647000 -0.265033159497986
648000 -0.255267658554381
649000 -0.262816327745268
650000 -0.278918516478384
651000 -0.281808503009627
652000 -0.28245429543996
653000 -0.2586664242648
654000 -0.251042340489011
655000 -0.24048474173997
656000 -0.22311954995571
657000 -0.269047444081596
658000 -0.257244269461169
659000 -0.279016365028475
660000 -0.266210565565108
661000 -0.293118449539786
662000 -0.282389529366735
663000 -0.281094924008852
664000 -0.252825553325018
665000 -0.268036278179697
666000 -0.265038706899925
667000 -0.26650749784003
668000 -0.231455201407657
669000 -0.23524709703807
670000 -0.250786316743479
671000 -0.245158107931021
672000 -0.254936128017837
673000 -0.281922530892032
674000 -0.290562528647203
675000 -0.293025400278297
676000 -0.283675202655653
677000 -0.286007123421426
678000 -0.287199829675238
679000 -0.264369839184381
680000 -0.272514029081622
681000 -0.27771971710942
682000 -0.295211744792547
683000 -0.236468249323956
684000 -0.239307805360231
685000 -0.249405124890497
686000 -0.247900563642453
687000 -0.224902151106179
688000 -0.250410097514496
689000 -0.270364718763439
690000 -0.291776663611533
691000 -0.28362624489967
692000 -0.303283569168832
693000 -0.30144971025577
694000 -0.285431132178893
695000 -0.292686046386712
696000 -0.291165747473552
697000 -0.301585028812436
698000 -0.280797513901355
699000 -0.257438005058228
700000 -0.256372197254653
701000 -0.254370681505756
702000 -0.250371870664072
703000 -0.246009983877686
704000 -0.252992605540278
705000 -0.268957147283073
706000 -0.258740572730551
707000 -0.298027845875017
708000 -0.301238005082354
709000 -0.304190681823199
710000 -0.290674175432536
711000 -0.283628669756231
712000 -0.294992938467334
713000 -0.271041504155664
714000 -0.267230994010936
715000 -0.284823937320572
716000 -0.251201076153493
717000 -0.259435161542067
718000 -0.266176075757362
719000 -0.294024896721146
720000 -0.280794986340047
721000 -0.283188093790573
722000 -0.299321463369936
723000 -0.318592673229385
724000 -0.319718803251947
725000 -0.31048837409412
726000 -0.339286477645667
727000 -0.318660050160144
728000 -0.300501342287857
729000 -0.304526636140356
730000 -0.287837909707424
731000 -0.299033816693695
732000 -0.276624235929353
733000 -0.280525950480587
734000 -0.275363769429397
735000 -0.268409701572485
736000 -0.302576605779025
737000 -0.301195676556376
738000 -0.310166418097737
739000 -0.297875735686707
740000 -0.293076605186262
741000 -0.310511288090638
742000 -0.304692152546315
743000 -0.299459605715773
744000 -0.281611584121032
745000 -0.284184688467582
746000 -0.291500614139851
747000 -0.263734531211241
748000 -0.287915718842707
749000 -0.312957094656098
750000 -0.303733616666538
751000 -0.297752651642791
752000 -0.291457383519099
753000 -0.298909399081942
754000 -0.316956065653137
755000 -0.313986672802856
756000 -0.335321807245202
757000 -0.329978217787659
758000 -0.290256937194094
759000 -0.286465609563789
760000 -0.312949298188215
761000 -0.308677960449267
762000 -0.291496800365164
763000 -0.298250970761994
764000 -0.285467688992137
765000 -0.29455796026038
766000 -0.295257276822819
767000 -0.316775750056344
768000 -0.313145994397889
769000 -0.285334069116277
770000 -0.307464548175682
771000 -0.321991930716837
772000 -0.302067424325377
773000 -0.277775485016195
774000 -0.276362948154727
775000 -0.317128383643748
776000 -0.322259393931127
777000 -0.304718893851107
778000 -0.315591215855931
779000 -0.358175389723883
780000 -0.307368616512651
781000 -0.272056536854196
782000 -0.277679681646859
783000 -0.29591600598205
784000 -0.309003652752526
785000 -0.305236022518411
786000 -0.299990009215073
787000 -0.319793690772634
788000 -0.31312010839711
789000 -0.32122148539699
790000 -0.316186766300681
791000 -0.302178276582964
792000 -0.309782882855802
793000 -0.318368683327887
794000 -0.320025400962005
795000 -0.288289240785016
796000 -0.298508184669397
797000 -0.332003841074029
798000 -0.327336654282024
799000 -0.311234984278852
800000 -0.317043268413552
801000 -0.306540263501828
802000 -0.298992756188991
803000 -0.285847692067607
804000 -0.298858220109844
805000 -0.300758062933916
806000 -0.300140981543979
807000 -0.309851396112453
808000 -0.327242330052929
809000 -0.291753432006773
810000 -0.285401897082675
811000 -0.30161508082912
812000 -0.320505435114305
813000 -0.305069564929972
814000 -0.291798825377534
815000 -0.305579114912537
816000 -0.332936466532543
817000 -0.320257678569158
818000 -0.334693268589884
819000 -0.304941938086464
820000 -0.31915071643331
821000 -0.321232292799778
822000 -0.326651322048044
823000 -0.28645640369093
824000 -0.28535716256961
825000 -0.29288834215651
826000 -0.345478215449668
827000 -0.355017077601194
828000 -0.346141035751273
829000 -0.330875720284576
830000 -0.318343235485554
831000 -0.312653667144421
832000 -0.316975850579568
833000 -0.300207509009578
834000 -0.301151102881718
835000 -0.308472329526971
836000 -0.321201105722686
837000 -0.315524638756061
838000 -0.326299872352636
839000 -0.340705663942145
840000 -0.352616867079339
841000 -0.34539957561662
842000 -0.34281834647703
843000 -0.319810752242156
844000 -0.296818036360704
845000 -0.298999201835972
846000 -0.324596677510409
847000 -0.341633196388733
848000 -0.335006968405036
849000 -0.327304217210779
850000 -0.333598273609153
851000 -0.338454125698477
852000 -0.319738579581199
853000 -0.33630963891554
854000 -0.346240888706055
855000 -0.369069937105414
856000 -0.360447295301116
857000 -0.35056484308307
858000 -0.338655773689322
859000 -0.298111286374019
860000 -0.304491822612507
861000 -0.318531773030168
862000 -0.324837479703352
863000 -0.329170735370833
864000 -0.367631880371732
865000 -0.363052492132768
866000 -0.358350505019886
867000 -0.390122014179032
868000 -0.391034134018983
869000 -0.377130058233243
870000 -0.363482426015117
871000 -0.358475895126646
872000 -0.330519876251915
873000 -0.313813704177729
874000 -0.315533910490801
875000 -0.330048603914825
876000 -0.340451905023148
877000 -0.368342484657118
878000 -0.357909331673116
879000 -0.392169655113051
880000 -0.384224877533827
881000 -0.396900278821438
882000 -0.357400942438278
883000 -0.363651285119025
884000 -0.327218457959
885000 -0.320941073979679
886000 -0.324038692094526
887000 -0.373051216997636
888000 -0.386908744563885
889000 -0.37947951557591
890000 -0.382456767490424
891000 -0.394021680068046
892000 -0.392946969374542
893000 -0.379857595649882
894000 -0.342300791573434
895000 -0.32777109234373
896000 -0.331263611840545
897000 -0.338750100770067
898000 -0.370927840054215
899000 -0.370035322463516
900000 -0.372123053600892
901000 -0.37124613610109
902000 -0.384335706700672
903000 -0.39561123655524
904000 -0.40490893580717
905000 -0.369821923577731
906000 -0.338674381918874
907000 -0.354958690937952
908000 -0.364740078676041
909000 -0.338584824646247
910000 -0.339498519400259
911000 -0.359757185205731
912000 -0.364040390672744
913000 -0.390434680443141
914000 -0.398232262760975
915000 -0.387568040515985
916000 -0.361881747281461
917000 -0.361693972907876
918000 -0.355137627102509
919000 -0.334905791311503
920000 -0.366463245366002
921000 -0.375954520147912
922000 -0.37726708925768
923000 -0.379609927506292
924000 -0.387213433632677
925000 -0.383498604704084
926000 -0.406583538911191
927000 -0.408140662792408
928000 -0.4138691535607
929000 -0.371780619582055
930000 -0.352537760438027
931000 -0.357515796122761
932000 -0.359482450612515
933000 -0.357021324016325
934000 -0.313784224830623
935000 -0.318135157636888
936000 -0.36755339721563
937000 -0.388139270236802
938000 -0.389344531129215
939000 -0.396672860940245
940000 -0.396468151522875
941000 -0.390695482667899
942000 -0.373356030543964
943000 -0.381362719163534
944000 -0.371732086447213
945000 -0.356398786417294
946000 -0.303176436319225
947000 -0.349066603688484
948000 -0.38503951390523
949000 -0.37482467969379
950000 -0.377144549839139
951000 -0.391887091349979
952000 -0.40348016442832
953000 -0.416275422925349
954000 -0.451762412435281
955000 -0.41799941373844
956000 -0.398652285242628
957000 -0.413582094246862
958000 -0.434142980075303
959000 -0.397042535067171
960000 -0.385771560613647
961000 -0.360459212455443
962000 -0.360830649075379
963000 -0.360217692344297
964000 -0.351603886124027
965000 -0.347804814205876
966000 -0.383819106631323
967000 -0.392034756750393
968000 -0.391848830762684
969000 -0.354667910359365
970000 -0.389810326930507
971000 -0.392415165067948
972000 -0.406594051286081
973000 -0.412451276010856
974000 -0.370743037683513
975000 -0.363734966173052
976000 -0.376820251206486
977000 -0.394877915084554
978000 -0.375831721911445
979000 -0.343643484694606
980000 -0.38017597444984
981000 -0.403064506689539
982000 -0.383882691398504
983000 -0.380676272441746
984000 -0.35634951803107
985000 -0.369033384453316
986000 -0.368668886447702
987000 -0.359095267014925
988000 -0.348593168010938
989000 -0.366611083939544
990000 -0.407764992177134
991000 -0.438519552321632
992000 -0.432003526783389
993000 -0.422169036430193
994000 -0.421977956966893
995000 -0.42783460074869
996000 -0.417292786796658
997000 -0.406629586538545
998000 -0.365655518641106
999000 -0.359022553320917
1000000 -0.386764991597194
1001000 -0.40414435592067
1002000 -0.41314395314412
1003000 -0.39801644589175
1004000 -0.36124836355484
1005000 -0.396529350506725
1006000 -0.428975077398263
1007000 -0.449786065077812
1008000 -0.444118703114792
1009000 -0.402731642789417
1010000 -0.417342919382978
1011000 -0.432072515642984
1012000 -0.418983851066989
1013000 -0.383966683246411
1014000 -0.359137051972958
1015000 -0.368630372830989
1016000 -0.400397478128204
1017000 -0.406868241415434
1018000 -0.408746421772603
1019000 -0.40276766639612
1020000 -0.428781161975025
1021000 -0.44128288647814
1022000 -0.436462640902061
1023000 -0.390900216128774
1024000 -0.377035315339792
1025000 -0.395899862481948
1026000 -0.403406680519566
1027000 -0.419791908266564
1028000 -0.427835742524694
1029000 -0.442568474135932
1030000 -0.419722751690972
1031000 -0.42152012301771
1032000 -0.447262491766878
1033000 -0.388372240848253
1034000 -0.354949809762029
1035000 -0.311235680373342
1036000 -0.352409898782547
1037000 -0.380998498866742
1038000 -0.401381256754464
1039000 -0.421323413370902
1040000 -0.424228721595245
1041000 -0.427043246614037
1042000 -0.44224086217481
1043000 -0.435160955533335
1044000 -0.378216168572531
1045000 -0.352410414773533
1046000 -0.365985518916073
1047000 -0.390823677613923
1048000 -0.38891201931003
1049000 -0.359370603284035
1050000 -0.368540335635422
1051000 -0.422544393613388
1052000 -0.456200620669997
1053000 -0.430430612856781
1054000 -0.408979312704482
1055000 -0.393346988579451
1056000 -0.407050806758514
1057000 -0.3947510884873
1058000 -0.354975389203496
1059000 -0.342030883545058
1060000 -0.385051550118413
1061000 -0.411575675898732
1062000 -0.42175547955542
1063000 -0.430553870806424
1064000 -0.421712784333664
1065000 -0.427126890542803
1066000 -0.42372037091576
1067000 -0.398042638719205
1068000 -0.352797880026266
1069000 -0.309553736679053
1070000 -0.34458328165343
1071000 -0.400630363607806
1072000 -0.379289795769474
1073000 -0.384264369161173
1074000 -0.377903994816809
1075000 -0.447411215622921
1076000 -0.452864372015864
1077000 -0.438958039225972
1078000 -0.438315163619946
1079000 -0.426787906263213
1080000 -0.436602472425549
1081000 -0.396808551874066
1082000 -0.394009827970017
1083000 -0.383351606556891
1084000 -0.389863748701855
1085000 -0.379815571303652
1086000 -0.370212415878942
1087000 -0.385275485587228
1088000 -0.422992756426249
1089000 -0.460933580485244
1090000 -0.443713455776718
1091000 -0.455996379768609
1092000 -0.437889807441371
1093000 -0.431958270069463
1094000 -0.420282592046164
1095000 -0.406482102413873
1096000 -0.395970063388904
1097000 -0.407213797559763
1098000 -0.410162353679443
1099000 -0.40070095465815
1100000 -0.416838859212723
1101000 -0.430472892433876
1102000 -0.434505482515193
1103000 -0.441746039410653
1104000 -0.451931411508704
1105000 -0.433878452112978
1106000 -0.444375822746941
1107000 -0.388644889286248
1108000 -0.399205432838012
1109000 -0.403145848102531
1110000 -0.393233301615256
1111000 -0.37376848500144
1112000 -0.368020665127941
1113000 -0.399228276741744
1114000 -0.436782924986304
1115000 -0.425043470437458
1116000 -0.444761797879656
1117000 -0.413460306848268
1118000 -0.410277742554009
1119000 -0.438760281192532
1120000 -0.41716067467527
1121000 -0.399188250571134
1122000 -0.41226037731088
1123000 -0.401079932433826
1124000 -0.402306805583577
1125000 -0.403216303900821
1126000 -0.416004134054391
1127000 -0.416375272792944
1128000 -0.414533130901553
1129000 -0.44646783276725
1130000 -0.430824601637307
1131000 -0.418212760491084
1132000 -0.412685639079774
1133000 -0.397414925195922
1134000 -0.440308532629552
1135000 -0.429969526862392
1136000 -0.411785468745461
1137000 -0.422377773312421
1138000 -0.42614997684197
1139000 -0.446001501328218
1140000 -0.473101705313669
1141000 -0.445797378222548
1142000 -0.427178336112352
1143000 -0.425450885648893
1144000 -0.431190208022677
1145000 -0.424200733863393
1146000 -0.430712253053362
1147000 -0.426168130316041
1148000 -0.457436104417106
1149000 -0.468778271643986
1150000 -0.473408774019612
1151000 -0.425018635050452
1152000 -0.419057749607354
1153000 -0.435703204152845
1154000 -0.444659940801346
1155000 -0.423764933895299
1156000 -0.387839759194315
1157000 -0.397618951259769
1158000 -0.436209913627352
1159000 -0.457439428604764
1160000 -0.4503141685435
1161000 -0.445574812063728
1162000 -0.437369358393166
1163000 -0.469490619770253
1164000 -0.483307350814131
1165000 -0.449158412362224
1166000 -0.419760581467314
1167000 -0.418987190167785
1168000 -0.448664246145915
1169000 -0.419985395109622
1170000 -0.397083825598985
1171000 -0.375008101835842
1172000 -0.424026609045183
1173000 -0.441357059290605
1174000 -0.418875778402663
1175000 -0.446208064786854
1176000 -0.493965778813624
1177000 -0.493704047242866
1178000 -0.443286966419488
1179000 -0.406220846981825
1180000 -0.42501987193718
1181000 -0.439657724673894
1182000 -0.398782152784093
1183000 -0.348728079648905
1184000 -0.376930732905044
1185000 -0.455804139085624
1186000 -0.443523077767722
1187000 -0.423506940176153
1188000 -0.445816285613457
1189000 -0.481767056924064
1190000 -0.456811545162537
1191000 -0.399738173382365
1192000 -0.386845436869253
1193000 -0.3975799862073
1194000 -0.366441564272532
1195000 -0.325329407983503
1196000 -0.356659854416678
1197000 -0.373616430687748
1198000 -0.407815890453366
1199000 -0.41462397437746
1200000 -0.428969926562493
1201000 -0.492297106323512
1202000 -0.508825319384409
1203000 -0.527587387675421
1204000 -0.523345850576493
1205000 -0.506395075551855
1206000 -0.49559092725332
1207000 -0.49653955648075
1208000 -0.446362979742546
1209000 -0.37478418289793
1210000 -0.361032833187324
1211000 -0.368719535720076
1212000 -0.357708307733149
1213000 -0.354539177042204
1214000 -0.353515749866139
1215000 -0.340069484785397
1216000 -0.388494198823858
1217000 -0.425292496252702
1218000 -0.467367711729673
1219000 -0.48078153412919
1220000 -0.518891474406091
1221000 -0.508406439739548
1222000 -0.495630970873777
1223000 -0.490477635999587
1224000 -0.474061530794469
1225000 -0.486678791852432
1226000 -0.397839623009032
1227000 -0.38350568463495
1228000 -0.399321868750774
1229000 -0.427426785754727
1230000 -0.381854495346262
1231000 -0.423821614755107
1232000 -0.436953959710727
1233000 -0.415359934793578
1234000 -0.386076556069889
1235000 -0.456163495066494
1236000 -0.482111694383067
1237000 -0.500504771218594
1238000 -0.475292718883839
1239000 -0.467304464839984
1240000 -0.460109399290359
1241000 -0.493123880425777
1242000 -0.481674912153358
1243000 -0.431135548671451
1244000 -0.414315251303623
1245000 -0.441320126976153
1246000 -0.481213375244234
1247000 -0.457621065725834
1248000 -0.406226313492554
1249000 -0.385479319974867
1250000 -0.457150731130352
1251000 -0.453069140443265
1252000 -0.406599196118306
1253000 -0.405932907625386
1254000 -0.430578309772485
1255000 -0.42670427428172
1256000 -0.446758660700832
1257000 -0.409396067865726
1258000 -0.449306457424619
1259000 -0.44532976584082
1260000 -0.415668243620934
1261000 -0.37689883593535
1262000 -0.372398585505143
1263000 -0.423412834001888
1264000 -0.399589585182223
1265000 -0.38456435777503
1266000 -0.414502874570575
1267000 -0.460650353387372
1268000 -0.454456928069228
1269000 -0.467298414856821
1270000 -0.461722741144706
1271000 -0.465192872377218
1272000 -0.440487615119944
1273000 -0.438594918155286
1274000 -0.430826221352018
1275000 -0.399390565376367
1276000 -0.419795081903537
1277000 -0.402403837741379
1278000 -0.435064072205658
1279000 -0.417645475730304
1280000 -0.387270152068367
1281000 -0.443996876183479
1282000 -0.463300998555071
1283000 -0.409153643040834
1284000 -0.386539154525063
1285000 -0.413909830128912
1286000 -0.399987084790487
1287000 -0.374869112814912
1288000 -0.396371561713696
1289000 -0.400998990346025
1290000 -0.375790913119628
1291000 -0.366756158383691
1292000 -0.360984800612641
1293000 -0.384144062107618
1294000 -0.443534296330148
1295000 -0.466330580974475
1296000 -0.425241450574054
1297000 -0.428901366533806
1298000 -0.472755941963927
1299000 -0.500836456480856
1300000 -0.488520122768839
1301000 -0.457622189730975
1302000 -0.446655023553775
1303000 -0.457666219366551
1304000 -0.428950849270374
1305000 -0.36415281532945
1306000 -0.377635071084972
1307000 -0.393575854766356
1308000 -0.38767495575567
1309000 -0.384030765248723
1310000 -0.388489975798956
1311000 -0.38265163477084
1312000 -0.416797367284414
1313000 -0.43173085722584
1314000 -0.44443717585584
1315000 -0.457353135002262
1316000 -0.476908427718746
1317000 -0.465391292013233
1318000 -0.460533951665046
1319000 -0.435974992765152
1320000 -0.45887408625397
1321000 -0.452345318276639
1322000 -0.385140336269171
1323000 -0.36375744158846
1324000 -0.388387968455652
1325000 -0.39377749718358
1326000 -0.357996000227993
1327000 -0.355309417996593
1328000 -0.397736675898904
1329000 -0.409858312967808
1330000 -0.413387666102649
1331000 -0.438824679178003
1332000 -0.431502018428861
1333000 -0.431714326209774
1334000 -0.432924173407293
1335000 -0.488933742180197
1336000 -0.488885681645541
1337000 -0.431528162878965
1338000 -0.394934791295468
1339000 -0.419938492827986
1340000 -0.420860230481617
1341000 -0.397688303996469
1342000 -0.384340450709733
1343000 -0.407549337636094
1344000 -0.438163740860716
1345000 -0.4346634126902
1346000 -0.421422855581595
1347000 -0.46822048827221
1348000 -0.486620725844476
1349000 -0.462610829959238
1350000 -0.451307467484974
1351000 -0.486678752832899
1352000 -0.467577466446028
1353000 -0.431299570508708
1354000 -0.406381027699285
1355000 -0.433553717090498
1356000 -0.429448764188768
1357000 -0.396353473305822
1358000 -0.382585190758865
1359000 -0.417316984419691
1360000 -0.440369781889339
1361000 -0.389355305360002
1362000 -0.383126610935496
1363000 -0.425418357586785
1364000 -0.434861590932929
1365000 -0.451547840660353
1366000 -0.413650629225372
1367000 -0.416984142908224
1368000 -0.434037082968475
1369000 -0.44990050277268
1370000 -0.431631029053966
1371000 -0.432967304102688
1372000 -0.379675275616478
1373000 -0.394016862398336
1374000 -0.426018774963157
1375000 -0.415084769061986
1376000 -0.383338039351853
1377000 -0.381785395226484
1378000 -0.41369285718595
1379000 -0.394938535047227
1380000 -0.367435588448952
1381000 -0.407685490125503
1382000 -0.422167400296923
1383000 -0.410616256602006
1384000 -0.376104668960611
1385000 -0.408113840157945
1386000 -0.435134698289242
1387000 -0.409727191636992
1388000 -0.408025177331801
1389000 -0.444323888363315
1390000 -0.423260927915956
1391000 -0.395599910521963
1392000 -0.425575350672233
1393000 -0.472192262382306
1394000 -0.437262248958549
1395000 -0.411468098955725
1396000 -0.368528283238113
1397000 -0.44492402787184
1398000 -0.428175061282861
1399000 -0.39806527264635
1400000 -0.389999475970888
1401000 -0.42002182778321
1402000 -0.447430166119322
1403000 -0.40394549649196
1404000 -0.400071458702228
1405000 -0.442442233369316
1406000 -0.444026519087238
1407000 -0.409753763068706
1408000 -0.397544144392211
1409000 -0.467334100367314
1410000 -0.497077237279335
1411000 -0.423484086978131
1412000 -0.390478424433165
1413000 -0.419100756635136
1414000 -0.476925491049225
1415000 -0.429056576892914
1416000 -0.387677667811412
1417000 -0.400110988362391
1418000 -0.412846202955791
1419000 -0.435142599451599
1420000 -0.403083493292482
1421000 -0.397016431279338
1422000 -0.45732021988606
1423000 -0.448746472735382
1424000 -0.392117959315984
1425000 -0.404247694821836
1426000 -0.463214286619204
1427000 -0.456869939406235
1428000 -0.39640704137573
1429000 -0.403575331131874
1430000 -0.434639410288516
1431000 -0.439712732363867
1432000 -0.380184326186699
1433000 -0.392636696628865
1434000 -0.410394183917992
1435000 -0.427210913667447
1436000 -0.380685073962822
1437000 -0.383105047006875
1438000 -0.419867526512318
1439000 -0.436234942895366
1440000 -0.397904588234336
1441000 -0.367262213273545
1442000 -0.40676767840451
1443000 -0.450790404592619
1444000 -0.407144199557245
1445000 -0.390029755616033
1446000 -0.423325116577988
1447000 -0.433741511711007
1448000 -0.42277936237587
1449000 -0.432751066868337
1450000 -0.464000330715529
1451000 -0.431594659256798
1452000 -0.410477547296018
1453000 -0.467606224721587
1454000 -0.491107051621478
1455000 -0.420890208844307
1456000 -0.400157292348948
1457000 -0.447682702194651
1458000 -0.447639966771052
1459000 -0.385604655497201
1460000 -0.341557257908655
1461000 -0.390490046716694
1462000 -0.412723129616057
1463000 -0.33889045036307
1464000 -0.295966853291903
1465000 -0.383154770905042
1466000 -0.400928353407942
1467000 -0.310991506031631
1468000 -0.297002166568183
1469000 -0.387332903832396
1470000 -0.382118602216
1471000 -0.315709221129196
1472000 -0.318849902100442
1473000 -0.382816550591894
1474000 -0.371979523098399
1475000 -0.307277408819075
1476000 -0.333175239556539
1477000 -0.43163130558237
1478000 -0.414639618630579
1479000 -0.37417274903222
1480000 -0.418908537897445
1481000 -0.478007745568398
1482000 -0.452554205342703
1483000 -0.413449026923045
1484000 -0.440855879701894
1485000 -0.500210223479873
1486000 -0.494869604947032
1487000 -0.458338945357573
1488000 -0.436450670174709
1489000 -0.46595230371128
1490000 -0.451481114244521
1491000 -0.42364588083954
1492000 -0.395135183343416
1493000 -0.42883523635062
1494000 -0.383280068952116
1495000 -0.369355387446794
1496000 -0.400812817898616
1497000 -0.385806972984803
1498000 -0.342912306946338
1499000 -0.359937251533519
1500000 -0.409742706001433
1501000 -0.354120552060763
1502000 -0.339862282796542
1503000 -0.401367183916476
1504000 -0.388353224088791
1505000 -0.342139997492099
1506000 -0.350806593457733
1507000 -0.435522525804697
1508000 -0.430160150574066
1509000 -0.377063308538835
1510000 -0.43129047668595
1511000 -0.486662003338426
1512000 -0.44424692983217
1513000 -0.391817893977164
1514000 -0.477437809343793
1515000 -0.532606555984395
1516000 -0.441306940557298
1517000 -0.380725404485107
1518000 -0.464117017443846
1519000 -0.467350237036199
1520000 -0.363673114409846
1521000 -0.358885515085415
1522000 -0.430612846981226
1523000 -0.424548633966991
1524000 -0.343794672796153
1525000 -0.370889589707952
1526000 -0.399162945900095
1527000 -0.364660029468684
1528000 -0.35181144670026
1529000 -0.402696332257072
1530000 -0.372773752012388
1531000 -0.360213662638775
1532000 -0.431702869210002
1533000 -0.441551826117303
1534000 -0.401371611703213
1535000 -0.428438153854798
1536000 -0.504438472447731
1537000 -0.489399808391638
1538000 -0.441289472643837
1539000 -0.454941388249773
1540000 -0.487843525276722
1541000 -0.46360523728613
1542000 -0.42983710944819
1543000 -0.409117081672666
1544000 -0.415415362030202
1545000 -0.401556870566832
1546000 -0.363894896558857
1547000 -0.369895918633219
1548000 -0.390914076025983
1549000 -0.403187202207471
1550000 -0.367218348071982
1551000 -0.386324759872068
1552000 -0.426082164480014
1553000 -0.432648444194561
1554000 -0.449417329185425
1555000 -0.469197179735845
1556000 -0.500156020906889
1557000 -0.50127494341759
1558000 -0.503506984035464
1559000 -0.506441901347289
1560000 -0.475154599136031
1561000 -0.45607687000213
1562000 -0.456509342393485
1563000 -0.426795413306791
1564000 -0.413143825582104
1565000 -0.397532003133343
1566000 -0.383633535072378
1567000 -0.373855015152252
1568000 -0.420977887005186
1569000 -0.367831015130427
1570000 -0.362566077167307
1571000 -0.43668411355643
1572000 -0.430698913983656
1573000 -0.38267428818813
1574000 -0.395588613844255
1575000 -0.484822262625549
1576000 -0.501378957804538
1577000 -0.462520180040792
1578000 -0.436481431997859
1579000 -0.522974409060643
1580000 -0.489560309764554
1581000 -0.426417999107406
1582000 -0.430832028151786
1583000 -0.454562555557829
1584000 -0.430574716828677
1585000 -0.369677825794533
1586000 -0.385161373503217
1587000 -0.426431963510632
1588000 -0.410229720720019
1589000 -0.354002047829251
1590000 -0.424644918998764
1591000 -0.428187503607713
1592000 -0.438902953832176
1593000 -0.424704354373398
1594000 -0.437055172169773
1595000 -0.502417213860018
1596000 -0.455736899521079
1597000 -0.400053990099399
1598000 -0.454952398579247
1599000 -0.498022456798937
1600000 -0.451486239841269
1601000 -0.370336596039617
1602000 -0.4184227600254
1603000 -0.432165166375696
1604000 -0.424214826120087
1605000 -0.407911199809985
1606000 -0.419114405113337
1607000 -0.425850128780393
1608000 -0.447779887401692
1609000 -0.449656552260812
1610000 -0.465428381986056
1611000 -0.462149343774365
1612000 -0.460637693427766
1613000 -0.462877891673328
1614000 -0.47975209320601
1615000 -0.469046480856577
1616000 -0.435646179256344
1617000 -0.438078884183456
1618000 -0.407746145320612
1619000 -0.411785216418883
1620000 -0.425678165836004
1621000 -0.417814204965075
1622000 -0.439838179292056
1623000 -0.449947592928123
1624000 -0.430347867161509
1625000 -0.441879335081791
1626000 -0.47122640727013
1627000 -0.471597298913812
1628000 -0.449391834168651
1629000 -0.445513493759929
1630000 -0.448084727102829
1631000 -0.425082611457796
1632000 -0.412800685196124
1633000 -0.411197949254954
1634000 -0.413587294943752
1635000 -0.426692245161627
1636000 -0.435125487744832
1637000 -0.440555778319184
1638000 -0.438676981819365
1639000 -0.476830272681525
1640000 -0.469673139571703
1641000 -0.461689910026749
1642000 -0.456353526453241
1643000 -0.47481692656801
1644000 -0.45858156893465
1645000 -0.435199737731082
1646000 -0.426372750505166
1647000 -0.424191464321339
1648000 -0.424538896600519
1649000 -0.383322776803863
1650000 -0.423222189931024
1651000 -0.45925885882663
1652000 -0.450934311745167
1653000 -0.443841327032792
1654000 -0.476604126873453
1655000 -0.505879545418786
1656000 -0.45922244204777
1657000 -0.456995159409106
1658000 -0.477431127902813
1659000 -0.446876759700975
1660000 -0.420801573406694
1661000 -0.416311845156086
1662000 -0.43344892566704
1663000 -0.422231912784552
1664000 -0.395526636803101
1665000 -0.423230124317198
1666000 -0.449254974306816
1667000 -0.424701398600484
1668000 -0.440066048624272
1669000 -0.463863523539631
1670000 -0.465189775611438
1671000 -0.447531603053245
1672000 -0.480614761079716
1673000 -0.469006119570858
1674000 -0.416634477151205
1675000 -0.449031045903087
1676000 -0.45305370725399
1677000 -0.424497059752663
1678000 -0.397055452355479
1679000 -0.432551076883949
1680000 -0.444201603325093
1681000 -0.409024631407218
1682000 -0.436022161216615
1683000 -0.473776392430128
1684000 -0.488783092899067
1685000 -0.465090213911944
1686000 -0.466731014666903
1687000 -0.497429631312152
1688000 -0.497640585358996
1689000 -0.43991122605273
1690000 -0.43795897906305
1691000 -0.458012970245278
1692000 -0.440143315451306
1693000 -0.399177486960761
1694000 -0.433246108719735
1695000 -0.463011910829661
1696000 -0.429285821097925
1697000 -0.415016606081241
1698000 -0.465025452272568
1699000 -0.466670234895299
1700000 -0.424523169340353
1701000 -0.459149142507883
1702000 -0.494889990151953
1703000 -0.462931190671677
1704000 -0.416288547310156
1705000 -0.442987811846011
1706000 -0.473470950983927
1707000 -0.444422211364571
1708000 -0.395502481978684
1709000 -0.440286513016949
1710000 -0.468493667126824
1711000 -0.472950046791894
1712000 -0.455954053596728
1713000 -0.455544614428618
1714000 -0.46496099559493
1715000 -0.488644382321011
1716000 -0.448711048916492
1717000 -0.419725532883825
1718000 -0.43678523154718
1719000 -0.498387322013753
1720000 -0.444771448573039
1721000 -0.393574924083432
1722000 -0.472199910731763
1723000 -0.510374157721502
1724000 -0.458446143316328
1725000 -0.410250839444807
1726000 -0.474743934010368
1727000 -0.504241430268298
1728000 -0.434228758449387
1729000 -0.422678480571541
1730000 -0.4704722048773
1731000 -0.46163386759609
1732000 -0.422683004518887
1733000 -0.446666103964112
1734000 -0.487197342937311
1735000 -0.445869391685372
1736000 -0.457402593076711
1737000 -0.513095254936917
1738000 -0.463585518572125
1739000 -0.45607360633933
1740000 -0.493710196222537
1741000 -0.458424656172012
1742000 -0.468200780684615
1743000 -0.47893649730723
1744000 -0.486150066715755
1745000 -0.427996139448316
1746000 -0.429730509678117
1747000 -0.476441201012021
1748000 -0.478263185339223
1749000 -0.439941460940555
1750000 -0.449725826149504
1751000 -0.479380782909897
1752000 -0.477287578445686
1753000 -0.450275821979407
1754000 -0.499461276288903
1755000 -0.477893094470259
1756000 -0.463352010508124
1757000 -0.465485839286611
1758000 -0.493568983833314
1759000 -0.462231076854309
1760000 -0.440293848371566
1761000 -0.447280823516633
1762000 -0.461577367802919
1763000 -0.44248464330984
1764000 -0.447822990922095
1765000 -0.475760799838722
1766000 -0.476322881962747
1767000 -0.436244447285755
1768000 -0.471307559928566
1769000 -0.474674675798029
1770000 -0.43601041651279
1771000 -0.449463261301722
1772000 -0.48748081945457
1773000 -0.478916659618595
1774000 -0.412464310297221
1775000 -0.477162035453551
1776000 -0.50338791181205
1777000 -0.453682451307393
1778000 -0.450477944785526
1779000 -0.493298795580838
1780000 -0.486638588055715
1781000 -0.437584329829304
1782000 -0.475112967224398
1783000 -0.482113504843058
1784000 -0.440178925575596
1785000 -0.431908844889846
1786000 -0.481378790756938
1787000 -0.474288197569615
1788000 -0.459545368137008
1789000 -0.484383869147899
1790000 -0.490860108063768
1791000 -0.47857950596948
1792000 -0.46200936498881
1793000 -0.479143430320039
1794000 -0.45350321380521
1795000 -0.435373912616309
1796000 -0.474800008574797
1797000 -0.467428570447675
1798000 -0.488110085041338
1799000 -0.481824501484424
1800000 -0.509346171371475
1801000 -0.503432849113073
1802000 -0.495312644704279
1803000 -0.498396144647259
1804000 -0.50481929673286
1805000 -0.463079675363212
1806000 -0.467522470708167
1807000 -0.491927735562031
1808000 -0.476334975989592
1809000 -0.466631948954527
1810000 -0.503063795848509
1811000 -0.507329211307073
1812000 -0.468598478874035
1813000 -0.490273239297271
1814000 -0.501943334301442
1815000 -0.482440232323198
1816000 -0.46871845936648
1817000 -0.514703866037274
1818000 -0.46630806324508
1819000 -0.441980899377986
1820000 -0.509322130245407
1821000 -0.511568706908582
1822000 -0.445641085776028
1823000 -0.486951324275353
1824000 -0.522424737086228
1825000 -0.498470142646805
1826000 -0.445340996126045
1827000 -0.48607791461544
1828000 -0.521777920576747
1829000 -0.456213751371448
1830000 -0.448811034233762
1831000 -0.53824242226221
1832000 -0.519619972966926
1833000 -0.42111017094748
1834000 -0.501940018668525
1835000 -0.549692283663339
1836000 -0.468272424548647
1837000 -0.47749766443954
1838000 -0.502094573447587
1839000 -0.493042827017651
1840000 -0.453865875426569
1841000 -0.490365136492707
1842000 -0.484445707928981
1843000 -0.508906973049654
1844000 -0.490434956282859
1845000 -0.492132127866726
1846000 -0.499471304327627
1847000 -0.493880822857327
1848000 -0.495209765916877
1849000 -0.459994757294278
1850000 -0.467182958686028
1851000 -0.514764812646735
1852000 -0.5149377445812
1853000 -0.471462121608218
1854000 -0.499560217299223
1855000 -0.538030733598779
1856000 -0.517919074268336
1857000 -0.480982112290842
1858000 -0.491708831259568
1859000 -0.512338449797465
1860000 -0.464023624373529
1861000 -0.466336259841163
1862000 -0.508800029614328
1863000 -0.512922839254438
1864000 -0.487314937285916
1865000 -0.496024157647487
1866000 -0.542565665292026
1867000 -0.492392844125272
1868000 -0.468260613457966
1869000 -0.506652414093887
1870000 -0.493690375160826
1871000 -0.474325550555442
1872000 -0.510339953068073
1873000 -0.520525609893777
1874000 -0.472249197539457
1875000 -0.500212710599936
1876000 -0.516570885339797
1877000 -0.512495056186756
1878000 -0.46851100185484
1879000 -0.474561668273647
1880000 -0.493224390609874
1881000 -0.479387687288039
1882000 -0.479751326292493
1883000 -0.507953784911902
1884000 -0.504789780386721
1885000 -0.488933165998449
1886000 -0.509702463682861
1887000 -0.521491633239456
1888000 -0.494018108365777
1889000 -0.486151978589823
1890000 -0.522752885943952
1891000 -0.49978045042122
1892000 -0.488592442083562
1893000 -0.528852669059989
1894000 -0.535602770957733
1895000 -0.509981515360991
1896000 -0.514077979883441
1897000 -0.54345009889516
1898000 -0.449028772658095
1899000 -0.470050547665163
1900000 -0.518273478557583
1901000 -0.488880747045877
1902000 -0.494926943448425
1903000 -0.540899063174585
1904000 -0.550964466319622
1905000 -0.499431593411246
1906000 -0.515277357388609
1907000 -0.519369529272584
1908000 -0.48940295123139
1909000 -0.479608605573699
1910000 -0.516928161667007
1911000 -0.513326223651396
1912000 -0.533013966550111
1913000 -0.5623246449395
1914000 -0.500794437377677
1915000 -0.530497300362509
1916000 -0.555926327178791
1917000 -0.556089265721
1918000 -0.514282953937179
1919000 -0.515699059946778
1920000 -0.504124350308999
1921000 -0.485322660028199
1922000 -0.491664066905502
1923000 -0.54426820284176
1924000 -0.521260759108148
1925000 -0.56185429163943
1926000 -0.556441962481059
1927000 -0.49205613980809
1928000 -0.525186818065019
1929000 -0.510026221714724
1930000 -0.483963296094418
1931000 -0.516525004375128
1932000 -0.554984532919052
1933000 -0.522854813135667
1934000 -0.552119547714716
1935000 -0.567039340809519
1936000 -0.54675878957239
1937000 -0.533922837514126
1938000 -0.54604302472428
1939000 -0.565601717659944
1940000 -0.497096021535145
1941000 -0.503254635570053
1942000 -0.553994804399107
1943000 -0.535982186125436
1944000 -0.524067154884789
1945000 -0.587002727475613
1946000 -0.616267344084178
1947000 -0.518874587216488
1948000 -0.508711807376849
1949000 -0.537755124017077
1950000 -0.48643365854474
1951000 -0.52111633504494
1952000 -0.519938806722521
1953000 -0.557724895868689
1954000 -0.581947475292213
1955000 -0.604362557868031
1956000 -0.550341327569817
1957000 -0.542050627890933
1958000 -0.553529732347301
1959000 -0.495638863101209
1960000 -0.503016668459915
1961000 -0.554886727224421
1962000 -0.581205995521449
1963000 -0.551020019200762
1964000 -0.554961646902869
1965000 -0.614627353963626
1966000 -0.547206003332093
1967000 -0.523818233398733
1968000 -0.540871862834963
1969000 -0.54154230564666
1970000 -0.523534588082495
1971000 -0.545795522352719
1972000 -0.56768705716796
1973000 -0.565949416577905
1974000 -0.573998363792686
1975000 -0.569296482420359
1976000 -0.559457641624718
1977000 -0.548474687278261
1978000 -0.524214488096038
1979000 -0.487848165975493
1980000 -0.540496141017083
1981000 -0.578372662850456
1982000 -0.572200686446847
1983000 -0.63169640577916
1984000 -0.603073074333881
1985000 -0.544070101709424
1986000 -0.555770106647356
1987000 -0.558596291254684
1988000 -0.497290126648552
1989000 -0.536899238980452
1990000 -0.56826860821782
1991000 -0.574887353501735
1992000 -0.592974217995978
1993000 -0.639230487420714
1994000 -0.62762692648299
1995000 -0.527128793632374
1996000 -0.542926438387626
1997000 -0.577163920968681
1998000 -0.504055333576677
1999000 -0.511513532259322
2000000 -0.604902862531495
2001000 -0.635332488589793
2002000 -0.55604404365529
2003000 -0.582452302613574
2004000 -0.621312961468136
2005000 -0.547583170356284
2006000 -0.505665869530792
2007000 -0.546274256391674
2008000 -0.562975411788722
2009000 -0.533728923720125
2010000 -0.59544928728137
2011000 -0.582909411465274
2012000 -0.59521043039898
2013000 -0.595184491834761
2014000 -0.559766395937058
2015000 -0.50314346881253
2016000 -0.554497075504114
2017000 -0.567514333394073
2018000 -0.530045473637778
2019000 -0.602095754545122
2020000 -0.615289800047327
2021000 -0.615479454972222
2022000 -0.561474581175559
2023000 -0.601625510740638
2024000 -0.553814609717349
2025000 -0.492457201970002
2026000 -0.536722255900135
2027000 -0.580307526287637
2028000 -0.568588683939349
2029000 -0.586029267228978
2030000 -0.626406162929925
2031000 -0.562482662225731
2032000 -0.581137182200739
2033000 -0.548882239582375
2034000 -0.539864622047914
2035000 -0.559951733120406
2036000 -0.562945045215122
2037000 -0.558496078227252
2038000 -0.598251981188734
2039000 -0.639763193294431
2040000 -0.570868279809126
2041000 -0.532336022858863
2042000 -0.602845756984289
2043000 -0.55514937411293
2044000 -0.50403033314101
2045000 -0.570986188222934
2046000 -0.621004495022099
2047000 -0.566698463407348
2048000 -0.578583463657561
2049000 -0.617433813236851
2050000 -0.583124568751062
2051000 -0.531291698120749
2052000 -0.544710961295227
2053000 -0.576963022681117
2054000 -0.551971324604556
2055000 -0.591749472575679
2056000 -0.592662754426542
2057000 -0.610923716972858
2058000 -0.627505652413263
2059000 -0.570050152076038
2060000 -0.534469762888739
2061000 -0.533350053634146
2062000 -0.557467993260648
2063000 -0.578885279765273
2064000 -0.575931700548845
2065000 -0.594267653521752
2066000 -0.5931131135959
2067000 -0.579447006511369
2068000 -0.560323774826736
2069000 -0.582572022780287
2070000 -0.586444434435149
2071000 -0.544802976273081
2072000 -0.582775035104363
2073000 -0.606151991321727
2074000 -0.563778747267594
2075000 -0.565916137117385
2076000 -0.642556639332259
2077000 -0.597534644467509
2078000 -0.564286547463693
2079000 -0.574706122919564
2080000 -0.588780559846064
2081000 -0.562170930713136
2082000 -0.584441485378794
2083000 -0.604127542955418
2084000 -0.598402908443737
2085000 -0.617835433811276
2086000 -0.634976479790589
2087000 -0.561067775138976
2088000 -0.569491363658789
2089000 -0.596547717152356
2090000 -0.517720325507146
2091000 -0.564484879269217
2092000 -0.655835310612937
2093000 -0.581208923909769
2094000 -0.588147469241927
2095000 -0.632326280672044
2096000 -0.55379879384688
2097000 -0.545242203900124
2098000 -0.634369040747391
2099000 -0.566733936544459
2100000 -0.567611696258479
2101000 -0.638429130653179
2102000 -0.58781273826355
2103000 -0.590632130003199
2104000 -0.649489563058536
2105000 -0.624339482230744
2106000 -0.558028968505616
2107000 -0.612585429201598
2108000 -0.564830975877027
2109000 -0.552068403209616
2110000 -0.616658032602752
2111000 -0.634145389523904
2112000 -0.58690746295271
2113000 -0.648530463660854
2114000 -0.635309523025456
2115000 -0.529289585876371
2116000 -0.574213291319542
2117000 -0.613695700135878
2118000 -0.536291908048916
2119000 -0.601578573750631
2120000 -0.627287442812355
2121000 -0.610878880643382
2122000 -0.59390497171402
2123000 -0.601504429503109
2124000 -0.57886027745484
2125000 -0.58705045806265
2126000 -0.59338003749982
2127000 -0.578324901458345
2128000 -0.573957762033601
2129000 -0.63068739931086
2130000 -0.600376651543214
2131000 -0.611677536965925
2132000 -0.643195552207805
2133000 -0.583736653258852
2134000 -0.531595486708063
2135000 -0.604845960843432
2136000 -0.616735073503845
2137000 -0.590316179269168
2138000 -0.623326348477545
2139000 -0.627629587264359
2140000 -0.624799744982303
2141000 -0.584856240369871
2142000 -0.58240507634381
2143000 -0.604755307055179
2144000 -0.591088607312727
2145000 -0.582232545067224
2146000 -0.617411784425442
2147000 -0.630180207333099
2148000 -0.624523916626151
2149000 -0.581813903652576
2150000 -0.601809866492401
2151000 -0.62085307904233
2152000 -0.580426001003555
2153000 -0.593781950229082
2154000 -0.606573676436195
2155000 -0.616559032851991
2156000 -0.613541133709317
2157000 -0.597064104554748
2158000 -0.617310426215146
2159000 -0.629033974813221
2160000 -0.591823337160282
2161000 -0.589649915026146
2162000 -0.655180649564952
2163000 -0.627901110975397
2164000 -0.584697723368473
2165000 -0.602682793888787
2166000 -0.64508658511901
2167000 -0.586003894949572
2168000 -0.568776168853752
2169000 -0.628105694074052
2170000 -0.625609424876276
2171000 -0.58460067703266
2172000 -0.623119545332033
2173000 -0.64902662412154
2174000 -0.611560773026339
2175000 -0.581778419051056
2176000 -0.607344303214789
2177000 -0.594168341569515
2178000 -0.594478798174116
2179000 -0.602758940900598
2180000 -0.614121497392668
2181000 -0.634601905768221
2182000 -0.590573985474231
2183000 -0.599467501442577
2184000 -0.597004457835908
2185000 -0.585085178900578
2186000 -0.5909171388514
2187000 -0.640188810691644
2188000 -0.640161351955443
2189000 -0.590032993961477
2190000 -0.601790399738024
2191000 -0.627914005474817
2192000 -0.620781080250947
2193000 -0.603371347070415
2194000 -0.639612919594363
2195000 -0.622994959921647
2196000 -0.616453803312224
2197000 -0.617244544958424
2198000 -0.632594583356713
2199000 -0.651918413155418
2200000 -0.630698563390668
2201000 -0.595010912091129
2202000 -0.639392438834499
2203000 -0.614556250510895
2204000 -0.595942413823182
2205000 -0.634726615520308
2206000 -0.641845092052806
2207000 -0.600333434868081
2208000 -0.603807273284921
2209000 -0.63935559807695
2210000 -0.615931109154887
2211000 -0.592788700090242
2212000 -0.620072194444091
2213000 -0.64913062978216
2214000 -0.610956240288381
2215000 -0.608220073408584
2216000 -0.616163964737111
2217000 -0.61090292418545
2218000 -0.62194846992805
2219000 -0.626557772072769
2220000 -0.630699426805177
2221000 -0.609282279953589
2222000 -0.601923330669753
2223000 -0.629845673566463
2224000 -0.624364068781191
2225000 -0.639922363224981
2226000 -0.593213764062998
2227000 -0.60494068405873
2228000 -0.629244546052851
2229000 -0.604023956958639
2230000 -0.616952597809057
2231000 -0.655939599188021
2232000 -0.631685435370493
2233000 -0.587303756834167
2234000 -0.632906616931957
2235000 -0.619534941477697
2236000 -0.600388305061358
2237000 -0.638397228993831
2238000 -0.650751920521116
2239000 -0.612653143083903
2240000 -0.645849153233908
2241000 -0.628219005925936
2242000 -0.59419926507391
2243000 -0.64781715320067
2244000 -0.627621415522952
2245000 -0.613084202694135
2246000 -0.65824435882204
2247000 -0.6240273474071
2248000 -0.588623164303526
2249000 -0.632657898467277
2250000 -0.648351598704399
2251000 -0.61857811239724
2252000 -0.664839258788515
2253000 -0.630251826029388
2254000 -0.592726036096984
2255000 -0.653625077424886
2256000 -0.633375495236166
2257000 -0.605647622664882
2258000 -0.64667590147223
2259000 -0.629620693208963
2260000 -0.602119027836631
2261000 -0.651809756515616
2262000 -0.653347718226667
2263000 -0.614923484429367
2264000 -0.652619282956077
2265000 -0.650962452838466
2266000 -0.611426147286727
2267000 -0.630929586027633
2268000 -0.661787325328947
2269000 -0.615703694268718
2270000 -0.640669605985648
2271000 -0.673441504789192
2272000 -0.614439093505893
2273000 -0.62861117802995
2274000 -0.656863617818968
2275000 -0.613012538992479
2276000 -0.645060412746516
2277000 -0.656374559325556
2278000 -0.627442830574814
2279000 -0.654794832671885
2280000 -0.665709293298353
2281000 -0.615818979676769
2282000 -0.629049312915345
2283000 -0.657389214121653
2284000 -0.642262586678611
2285000 -0.641442025819374
2286000 -0.668200157761634
2287000 -0.648356632078421
2288000 -0.609711740854396
2289000 -0.665807694342703
2290000 -0.651760797752868
2291000 -0.632501808388307
2292000 -0.636237575450243
2293000 -0.656047255562638
2294000 -0.660243599344491
2295000 -0.626917919301411
2296000 -0.65480224599644
2297000 -0.661017741513413
2298000 -0.62253411873211
2299000 -0.618862328706303
2300000 -0.68028347666147
2301000 -0.62448539100734
2302000 -0.616297018767645
2303000 -0.682926083830954
2304000 -0.655132524904436
2305000 -0.604528635389823
2306000 -0.675331577573646
2307000 -0.683469431868013
2308000 -0.600163533319302
2309000 -0.653991846726471
2310000 -0.695678318293304
2311000 -0.603812680574881
2312000 -0.610207669902448
2313000 -0.69952430622845
2314000 -0.641393219442998
2315000 -0.616987952237939
2316000 -0.669252849415252
2317000 -0.637303356266332
2318000 -0.606643596056803
2319000 -0.674775654048837
2320000 -0.675663613466466
2321000 -0.598858526883585
2322000 -0.665216848126415
2323000 -0.670138382697799
2324000 -0.631558221076759
2325000 -0.659956672335877
2326000 -0.668716773856151
2327000 -0.645587465498996
2328000 -0.629492574141848
2329000 -0.67011497514319
2330000 -0.683633115714838
2331000 -0.650429449840237
2332000 -0.624977684200397
2333000 -0.655017116858914
2334000 -0.681934845779545
2335000 -0.645383783024409
2336000 -0.647129684052999
2337000 -0.683698446556387
2338000 -0.665605325436963
2339000 -0.608504575851346
2340000 -0.680148252408657
2341000 -0.692486437386835
2342000 -0.614673197669843
2343000 -0.644322636562315
2344000 -0.712803414453962
2345000 -0.674794583984311
2346000 -0.611284877985787
2347000 -0.691184565611303
2348000 -0.688779719634257
2349000 -0.602909788920491
2350000 -0.665903944170754
2351000 -0.700381723460786
2352000 -0.630177726982723
2353000 -0.631554499984873
2354000 -0.709072083078056
2355000 -0.65991086550303
2356000 -0.614787641993183
2357000 -0.702271815292449
2358000 -0.677749576529988
2359000 -0.600060457746434
2360000 -0.680658487713672
2361000 -0.701665459165774
2362000 -0.622494351438569
2363000 -0.653183339241167
2364000 -0.676942453196288
2365000 -0.649311927863292
2366000 -0.646501008141095
2367000 -0.684491016994166
2368000 -0.668321853310681
2369000 -0.641935252511793
2370000 -0.670139753212603
2371000 -0.691087107373946
2372000 -0.665612385862411
2373000 -0.636845441539635
2374000 -0.693207152579855
2375000 -0.695818226216325
2376000 -0.659288971690855
2377000 -0.656350778824771
2378000 -0.670139730277976
2379000 -0.662002863980711
2380000 -0.639403041080534
2381000 -0.693505871882524
2382000 -0.68233824033325
2383000 -0.636900204665155
2384000 -0.685842667801054
2385000 -0.711682047927246
2386000 -0.620978890762892
2387000 -0.662885866278487
2388000 -0.729125174982284
2389000 -0.64719368379251
2390000 -0.652123165804082
2391000 -0.717635798700789
2392000 -0.656397934482007
2393000 -0.626410111445841
2394000 -0.731805058005011
2395000 -0.704307172750887
2396000 -0.625582441008508
2397000 -0.706501093183328
2398000 -0.678958602086598
2399000 -0.614131178056682
2400000 -0.689789176328359
2401000 -0.724356987770107
2402000 -0.649887079037618
2403000 -0.651540084673166
2404000 -0.699990010363647
2405000 -0.662438905635209
2406000 -0.639096922942345
2407000 -0.717136313205189
2408000 -0.685192491655615
2409000 -0.654232250133396
2410000 -0.692254591089096
2411000 -0.712905855450233
2412000 -0.650445784052813
2413000 -0.659998289240673
2414000 -0.734541071782163
2415000 -0.681059077533186
2416000 -0.639738378430972
2417000 -0.706834058316478
2418000 -0.6900375793553
2419000 -0.627109306349318
2420000 -0.722509588750927
2421000 -0.720334791883483
2422000 -0.645106296933392
2423000 -0.686558724866804
2424000 -0.713703382756162
2425000 -0.669270075804424
2426000 -0.694300249067337
2427000 -0.721580445462243
2428000 -0.659030672275644
2429000 -0.683213839012093
2430000 -0.702286029635217
2431000 -0.691260656969423
2432000 -0.718956660067691
2433000 -0.668856856083157
2434000 -0.672578769037414
2435000 -0.726481080786958
2436000 -0.677018629704043
2437000 -0.684078858735579
2438000 -0.748778892445337
2439000 -0.66147558434488
2440000 -0.640989151218315
2441000 -0.754332636813372
2442000 -0.700462184618576
2443000 -0.630206962806076
2444000 -0.740339983545382
2445000 -0.719473370258513
2446000 -0.620344772708941
2447000 -0.732049678477625
2448000 -0.725190385629263
2449000 -0.657352947896328
2450000 -0.698708973574922
2451000 -0.72319091497231
2452000 -0.63829847343418
2453000 -0.682601387785919
2454000 -0.711384973795731
2455000 -0.68292304064393
2456000 -0.708343118910931
2457000 -0.681584311561017
2458000 -0.678147794131457
2459000 -0.682204193745779
2460000 -0.725508993575356
2461000 -0.697512967828959
2462000 -0.723570421420505
2463000 -0.703855164968808
2464000 -0.689891145804431
2465000 -0.726968996812151
2466000 -0.706053294118297
2467000 -0.709974458914358
2468000 -0.739027463477385
2469000 -0.688137505531441
2470000 -0.681791071433596
2471000 -0.726977054206072
2472000 -0.697534497127946
2473000 -0.692192886252479
2474000 -0.740385539816411
2475000 -0.697625247700217
2476000 -0.674306360439959
2477000 -0.759068551826123
2478000 -0.71704103451034
2479000 -0.706928002521879
2480000 -0.720862113546033
2481000 -0.720715377115071
2482000 -0.672644971624465
2483000 -0.708506625790876
2484000 -0.73178287941363
2485000 -0.711249219789501
2486000 -0.719579533947326
2487000 -0.701233573032647
2488000 -0.714767922609411
2489000 -0.711734518992375
2490000 -0.677852711811066
2491000 -0.764674341545921
2492000 -0.738222611704131
2493000 -0.643320293867481
2494000 -0.719350668467365
2495000 -0.770880173472701
2496000 -0.655625642192803
2497000 -0.707762030581012
2498000 -0.762691193266975
2499000 -0.68202083759774
2500000 -0.652517524803193
2501000 -0.79045615754178
2502000 -0.715817843394566
2503000 -0.665959324865489
2504000 -0.747897304118697
2505000 -0.731472448491857
2506000 -0.674100955186331
2507000 -0.72986721910258
2508000 -0.743823344447848
2509000 -0.706605065886355
2510000 -0.712876304980782
2511000 -0.704853009018997
2512000 -0.699737284675821
2513000 -0.729972490812818
2514000 -0.700284317353489
2515000 -0.742224150401696
2516000 -0.739483141720684
2517000 -0.678152604520423
2518000 -0.702763775642403
2519000 -0.729133058082725
2520000 -0.680169639892338
2521000 -0.740004636391724
2522000 -0.755580644183935
2523000 -0.681437982614528
2524000 -0.687221062451731
2525000 -0.758159346352699
2526000 -0.7108432285815
2527000 -0.690233655329951
2528000 -0.77333422809747
2529000 -0.693490242830481
2530000 -0.674878298073454
2531000 -0.765889745538684
2532000 -0.722693135221443
2533000 -0.705796879576038
2534000 -0.75765467694104
2535000 -0.730066631978756
2536000 -0.695887091979025
2537000 -0.709731909957216
2538000 -0.727119007033461
2539000 -0.728876319747231
2540000 -0.733771442414437
2541000 -0.698953795946625
2542000 -0.734341198694157
2543000 -0.726537577720132
2544000 -0.686418252357574
2545000 -0.774745631727265
2546000 -0.739337430119376
2547000 -0.696835740382947
2548000 -0.722909045918976
2549000 -0.733687060827057
2550000 -0.702132079733207
2551000 -0.74135038692287
2552000 -0.764913707642955
2553000 -0.708710111652012
2554000 -0.715054738528824
2555000 -0.757811152227186
2556000 -0.724953751064094
2557000 -0.713073149913062
2558000 -0.780837723127588
2559000 -0.731551693072546
2560000 -0.684622760327947
2561000 -0.752566745155451
2562000 -0.758544384991648
2563000 -0.717148942407077
2564000 -0.734955844183339
2565000 -0.768650760225099
2566000 -0.683352396638032
2567000 -0.744220654411872
2568000 -0.772479025415098
2569000 -0.686738745820987
2570000 -0.748226954379477
2571000 -0.773140436012433
2572000 -0.712850738663027
2573000 -0.73974099197417
2574000 -0.767998666876895
2575000 -0.728375283658512
2576000 -0.729143338135123
2577000 -0.738607483861692
2578000 -0.715137367178967
2579000 -0.749135777370604
2580000 -0.762778884066373
2581000 -0.71804067918663
2582000 -0.769097540699333
2583000 -0.722756368126871
2584000 -0.701551437316135
2585000 -0.798217760177996
2586000 -0.75450287724473
2587000 -0.704904965179771
2588000 -0.746664188027463
2589000 -0.747636258172126
2590000 -0.700540268914886
2591000 -0.778322673391796
2592000 -0.780156138574758
2593000 -0.711375351716929
2594000 -0.734211287740949
2595000 -0.760722487103543
2596000 -0.701528563843918
2597000 -0.775218533323003
2598000 -0.798053786626526
2599000 -0.736315239438327
2600000 -0.748970602629014
2601000 -0.725130890647118
2602000 -0.755469305846914
2603000 -0.765014700048281
2604000 -0.742423650027152
2605000 -0.769621434690916
2606000 -0.759367478746674
2607000 -0.714132361143739
2608000 -0.75376406982087
2609000 -0.792939535042474
2610000 -0.703964691363364
2611000 -0.779311255551512
2612000 -0.794374998250768
2613000 -0.698940901192523
2614000 -0.75370729800906
2615000 -0.786763958706628
2616000 -0.725411687574163
2617000 -0.751005165688735
2618000 -0.759981607016197
2619000 -0.767762741672905
2620000 -0.753256027668375
2621000 -0.760236428853657
2622000 -0.757328421498193
2623000 -0.765656539595237
2624000 -0.742494928940119
2625000 -0.765881281590488
2626000 -0.823206664697018
2627000 -0.713782738431921
2628000 -0.766396597742177
2629000 -0.785324068618818
2630000 -0.737619281772997
2631000 -0.738755847640169
2632000 -0.816850040853843
2633000 -0.771660650955391
2634000 -0.722440439247354
2635000 -0.799374712308481
2636000 -0.737829461833339
2637000 -0.74795789799691
2638000 -0.805667419332798
2639000 -0.762116712224393
2640000 -0.737386743933642
2641000 -0.783467261443708
2642000 -0.768041874651655
2643000 -0.761431732351948
2644000 -0.768180368246569
2645000 -0.757285146651464
2646000 -0.785650412309596
2647000 -0.762690665397243
2648000 -0.74865982286058
2649000 -0.809050240929954
2650000 -0.75193533125624
2651000 -0.727483025159522
2652000 -0.810999334969479
2653000 -0.7733926416856
2654000 -0.716008286543153
2655000 -0.815784829349803
2656000 -0.787466186291647
2657000 -0.705481461596276
2658000 -0.81536408648406
2659000 -0.810565846944125
2660000 -0.727865829168478
2661000 -0.780640571104975
2662000 -0.794004055424002
2663000 -0.751643316886527
2664000 -0.768877032357538
2665000 -0.779404043089144
2666000 -0.756573112565578
2667000 -0.775125475153622
2668000 -0.754172882083822
2669000 -0.789088441014648
2670000 -0.805688542309011
2671000 -0.723817343765999
2672000 -0.786123025291146
2673000 -0.803560809482114
2674000 -0.726236020726439
2675000 -0.810535249971416
2676000 -0.816378394844711
2677000 -0.712755653686397
2678000 -0.790362801977051
2679000 -0.825840047141816
2680000 -0.724318029617064
2681000 -0.782787587668198
2682000 -0.815410072296001
2683000 -0.714351143338086
2684000 -0.786033462228096
2685000 -0.803207739182679
2686000 -0.757297167629372
2687000 -0.776182687615536
2688000 -0.805923287544059
2689000 -0.750010819455761
2690000 -0.788412582967483
2691000 -0.773005226327214
2692000 -0.764051959573153
2693000 -0.788627368525237
2694000 -0.774501759014245
2695000 -0.809681905556002
2696000 -0.798022620000963
2697000 -0.732225319355003
2698000 -0.806802711218538
2699000 -0.828098057320253
2700000 -0.696755987849723
2701000 -0.799690887233699
2702000 -0.820248511296268
2703000 -0.709322545603392
2704000 -0.806323922303233
2705000 -0.831295335986919
2706000 -0.723383327001443
2707000 -0.791111345651072
2708000 -0.810445687815003
2709000 -0.755524126818305
2710000 -0.783904918904577
2711000 -0.824025609721716
2712000 -0.743405605573646
2713000 -0.7886120089895
2714000 -0.818132852611705
2715000 -0.774844007568856
2716000 -0.798157926111145
2717000 -0.786371932592222
2718000 -0.787577386508541
2719000 -0.786360129454305
2720000 -0.785910190480154
2721000 -0.792423849408184
2722000 -0.813398607609707
2723000 -0.751336196742155
2724000 -0.791100239506703
2725000 -0.817503218738668
2726000 -0.747095817475612
2727000 -0.807627121574564
2728000 -0.843058789394339
2729000 -0.758918606053034
2730000 -0.819239904134842
2731000 -0.829518000893417
2732000 -0.747684279148395
2733000 -0.79335916295123
2734000 -0.857964847398047
2735000 -0.772511484968271
2736000 -0.81547740495999
2737000 -0.811730292138239
2738000 -0.749048157790759
2739000 -0.795127409109677
2740000 -0.780871291458768
2741000 -0.807060493632258
2742000 -0.80063398684407
2743000 -0.78193836798686
2744000 -0.771629017241907
2745000 -0.811073053697959
2746000 -0.766670784343633
2747000 -0.818687647919244
2748000 -0.828672287690884
2749000 -0.756644690852385
2750000 -0.790378735836885
2751000 -0.810170206166636
2752000 -0.785940296203562
2753000 -0.819623007711293
2754000 -0.817908726649044
2755000 -0.7796877455378
2756000 -0.788606019838024
2757000 -0.803938652528874
2758000 -0.793024534498583
2759000 -0.824765559166598
2760000 -0.798898365128117
2761000 -0.802342273001587
2762000 -0.790114882842852
2763000 -0.79722325480698
2764000 -0.854302574992124
2765000 -0.830671045570099
2766000 -0.785138293253575
2767000 -0.809914450944564
2768000 -0.785289541211051
2769000 -0.793777872281606
2770000 -0.855315578872932
2771000 -0.814345529702681
2772000 -0.78702985099259
2773000 -0.822404520712023
2774000 -0.797772823780585
2775000 -0.805694135151491
2776000 -0.838480870463016
2777000 -0.807577075633835
2778000 -0.797077526992756
2779000 -0.804248251334732
2780000 -0.797188467765869
2781000 -0.827243788270386
2782000 -0.820676759592551
2783000 -0.804149696588841
2784000 -0.830551122209398
2785000 -0.789905504471638
2786000 -0.815052569055299
2787000 -0.833769247280878
2788000 -0.8023017251726
2789000 -0.80472279495832
2790000 -0.835789867626322
2791000 -0.774599944153444
2792000 -0.848005229268837
2793000 -0.827496833551821
2794000 -0.786168166082005
2795000 -0.837005381270686
2796000 -0.80636282635893
2797000 -0.824807231025329
2798000 -0.854846994688369
2799000 -0.796201906971412
2800000 -0.810279197965247
2801000 -0.83571810871888
2802000 -0.788032109185027
2803000 -0.849181909748044
2804000 -0.858889589488446
2805000 -0.770489410218184
2806000 -0.837229304914287
2807000 -0.828095632536332
2808000 -0.78612306559714
2809000 -0.880648742961295
2810000 -0.848680472110498
2811000 -0.803713548829668
2812000 -0.814574660610828
2813000 -0.812906214438702
2814000 -0.822260631101802
2815000 -0.868471599307182
2816000 -0.817819195610227
2817000 -0.797868107207382
2818000 -0.826771628810529
2819000 -0.80518063589511
2820000 -0.846431998881702
2821000 -0.833375871467177
2822000 -0.810950867282627
2823000 -0.82328065006611
2824000 -0.820845317614507
2825000 -0.825605288128622
2826000 -0.823235673414591
2827000 -0.838983549462675
2828000 -0.846959576740979
2829000 -0.825406730804127
2830000 -0.825221830353071
2831000 -0.81805144349096
2832000 -0.842984510192191
2833000 -0.834206196789194
2834000 -0.832670748394706
2835000 -0.823948112472125
2836000 -0.846268668033886
2837000 -0.840362626018673
2838000 -0.817158631468285
2839000 -0.841046413349898
2840000 -0.842084851782198
2841000 -0.803823291625719
2842000 -0.827276478300164
2843000 -0.859059869393571
2844000 -0.812884432218962
2845000 -0.861751431689032
2846000 -0.820746431689559
2847000 -0.820983807997034
2848000 -0.848311609700829
2849000 -0.825044758490435
2850000 -0.842687836855013
2851000 -0.852201505818872
2852000 -0.805851258773014
2853000 -0.822086950242445
2854000 -0.85333100245332
2855000 -0.840775820902888
2856000 -0.844025334159882
2857000 -0.826120600600815
2858000 -0.81319946262196
2859000 -0.858548828556682
2860000 -0.84937557476278
2861000 -0.81569667430776
2862000 -0.850716043267466
2863000 -0.841353435016849
2864000 -0.814330561436781
2865000 -0.883065603545578
2866000 -0.834119162918623
2867000 -0.818356937675652
2868000 -0.861248628012813
2869000 -0.819965450750785
2870000 -0.828822345535252
2871000 -0.8761135770418
2872000 -0.832768210851186
2873000 -0.860674049189223
2874000 -0.834829198018434
2875000 -0.836490552992338
2876000 -0.876614121908317
2877000 -0.859278771571128
2878000 -0.824701781363026
2879000 -0.854251244160929
2880000 -0.840792373534953
2881000 -0.835241587620331
2882000 -0.86442837683673
2883000 -0.844765389464406
2884000 -0.841506527796201
2885000 -0.856979389002278
2886000 -0.843408850973852
2887000 -0.826604643188306
2888000 -0.869119642181295
2889000 -0.859178888761468
2890000 -0.8132254324024
2891000 -0.84547489905027
2892000 -0.857825748185045
2893000 -0.840827119877984
2894000 -0.851588922981959
2895000 -0.859910827183549
2896000 -0.814715539709965
2897000 -0.864300529844244
2898000 -0.850670874842483
2899000 -0.825211436104352
2900000 -0.83748168965541
2901000 -0.871510486095586
2902000 -0.832500481792195
2903000 -0.846057266252787
2904000 -0.871691800340158
2905000 -0.829397247066571
2906000 -0.850430933009534
2907000 -0.851841421748372
2908000 -0.842102764607417
2909000 -0.855853196169902
2910000 -0.863937421691193
2911000 -0.847074354810561
2912000 -0.853693994967792
2913000 -0.862342675210557
2914000 -0.854848062730654
2915000 -0.85998530521141
2916000 -0.855141003444847
2917000 -0.849260446580787
2918000 -0.868477523645312
2919000 -0.876135929986303
2920000 -0.851770266656202
2921000 -0.852593977083503
2922000 -0.880083843828428
2923000 -0.849881152394299
2924000 -0.870102103543172
2925000 -0.858507129080634
2926000 -0.839106028044034
2927000 -0.886088292259166
2928000 -0.86491185035603
2929000 -0.840769745051705
2930000 -0.861690501417083
2931000 -0.884270329292767
2932000 -0.83241439501423
2933000 -0.858960768528453
2934000 -0.866438380319253
2935000 -0.836905316832864
2936000 -0.8731934026189
2937000 -0.872243424675073
2938000 -0.872976534712021
2939000 -0.846373866369742
2940000 -0.865230171084899
2941000 -0.84406268775077
2942000 -0.866782888037451
2943000 -0.876088195547059
2944000 -0.871656474698839
2945000 -0.844318817908216
2946000 -0.866478173619417
2947000 -0.90158612962209
2948000 -0.853113306738255
2949000 -0.872660150050752
2950000 -0.880330149962467
2951000 -0.826443020016622
2952000 -0.859118173697113
2953000 -0.900194424922012
2954000 -0.83739555571345
2955000 -0.852804333188108
2956000 -0.890199299576721
2957000 -0.829721331240179
2958000 -0.844044745429812
2959000 -0.909233666770687
2960000 -0.827970143085384
2961000 -0.868524243577662
2962000 -0.885794962998084
2963000 -0.830260187718305
2964000 -0.875299375677067
2965000 -0.895922141771959
2966000 -0.853002510442864
2967000 -0.854719122056182
2968000 -0.88554444495411
2969000 -0.854841270804022
2970000 -0.869958004243157
2971000 -0.890194850665638
2972000 -0.857060881241302
2973000 -0.832091923572159
2974000 -0.901886187337031
2975000 -0.859952893874244
2976000 -0.853155323527256
2977000 -0.907269420627063
2978000 -0.852473180540796
2979000 -0.84696092679202
2980000 -0.908934669661656
2981000 -0.878688890720277
2982000 -0.852886393559068
2983000 -0.902273198158203
2984000 -0.848123451534711
2985000 -0.852768975153547
2986000 -0.944154915798482
2987000 -0.856076011293627
2988000 -0.832621919475211
2989000 -0.892256344661318
2990000 -0.861079322761742
2991000 -0.849500968021365
2992000 -0.933861083430457
2993000 -0.855185888298057
2994000 -0.857489066882799
2995000 -0.897134157929116
2996000 -0.849894475676637
2997000 -0.863966810884561
2998000 -0.886173853165971
2999000 -0.859547693272574
3000000 -0.877234925936566
3001000 -0.897675831397765
3002000 -0.8641239099495
3003000 -0.888476676356081
3004000 -0.872474103148491
3005000 -0.881705121385771
3006000 -0.89538261940302
3007000 -0.882674361156651
3008000 -0.865256805607934
3009000 -0.895531913106995
3010000 -0.880482799017676
3011000 -0.894260164519499
3012000 -0.867723599263958
3013000 -0.864720813673275
3014000 -0.878622118543865
3015000 -0.888006210302017
3016000 -0.886374740654732
3017000 -0.913171161132577
3018000 -0.890846527364038
3019000 -0.884609686539508
3020000 -0.90547575635285
3021000 -0.901061468899696
3022000 -0.905317366647144
3023000 -0.910102599635225
3024000 -0.893990574358546
3025000 -0.883594129583505
3026000 -0.906106153256274
3027000 -0.88291652851504
3028000 -0.898288980578103
3029000 -0.911105966339546
3030000 -0.884875338897946
3031000 -0.880226591582374
3032000 -0.907047752803386
3033000 -0.914660062051101
3034000 -0.886960932871283
3035000 -0.901243420980823
3036000 -0.898747871939953
3037000 -0.88955629721454
3038000 -0.928254648342509
3039000 -0.887411483780153
3040000 -0.883742167110121
3041000 -0.903639398589782
3042000 -0.900626066372785
3043000 -0.888156863800735
3044000 -0.894148894917101
3045000 -0.88196795994451
3046000 -0.888530578457751
3047000 -0.945899466915891
3048000 -0.894334697741645
3049000 -0.895830323016243
3050000 -0.914112057592134
3051000 -0.870523148056091
3052000 -0.898804684890412
3053000 -0.905341254855682
3054000 -0.888206526101908
3055000 -0.897899884746838
3056000 -0.910383140738737
3057000 -0.906248580305151
3058000 -0.912044875506883
3059000 -0.910018226201758
3060000 -0.895894522335537
3061000 -0.910123652970853
3062000 -0.915296360599528
3063000 -0.895859919140514
3064000 -0.90776886086787
3065000 -0.922808167626535
3066000 -0.886302492434602
3067000 -0.92909023565246
3068000 -0.902894702466279
3069000 -0.903215772916759
3070000 -0.89781228731493
3071000 -0.916704606321995
3072000 -0.913471393965089
3073000 -0.926968555611352
3074000 -0.90976963252114
3075000 -0.897492685179182
3076000 -0.93209701951528
3077000 -0.92532776377573
3078000 -0.912635949328742
3079000 -0.9155139911422
3080000 -0.893333381687336
3081000 -0.898468414304714
3082000 -0.918705275091357
3083000 -0.906009485128198
3084000 -0.921122091423562
3085000 -0.931264861437298
3086000 -0.882489082608137
3087000 -0.91365313774094
3088000 -0.935020485381935
3089000 -0.898824302788206
3090000 -0.916829426755253
3091000 -0.90788228996722
3092000 -0.894309719733911
3093000 -0.922235422830178
3094000 -0.931519843552927
3095000 -0.908023220860261
3096000 -0.929449562286163
3097000 -0.911326596524077
3098000 -0.899145893229963
3099000 -0.930692323653211
3100000 -0.902781143982309
3101000 -0.898316115568622
3102000 -0.924985594653973
3103000 -0.926325349778234
3104000 -0.928130111510235
3105000 -0.947678438194655
3106000 -0.914579004747298
3107000 -0.908245222504185
3108000 -0.947909215291083
3109000 -0.923014093337162
3110000 -0.917719981482672
3111000 -0.938779987352671
3112000 -0.895923355346842
3113000 -0.910241562054269
3114000 -0.948352450796644
3115000 -0.910299734318995
3116000 -0.9153373233128
3117000 -0.943043965905654
3118000 -0.917526386253405
3119000 -0.931924123370368
3120000 -0.945725316828694
3121000 -0.908183687470759
3122000 -0.925888281195533
3123000 -0.954387752338572
3124000 -0.911695446800045
3125000 -0.917967065232977
3126000 -0.942635536627027
3127000 -0.92433449728928
3128000 -0.924409256674702
3129000 -0.943103727685058
3130000 -0.92122836205838
3131000 -0.941105593515345
3132000 -0.957871869796998
3133000 -0.912986002163375
3134000 -0.922670390579319
3135000 -0.930289682443089
3136000 -0.948131280129834
3137000 -0.927058663798866
3138000 -0.941016308875262
3139000 -0.928971606322575
3140000 -0.934374760788815
3141000 -0.933376030000243
3142000 -0.936945534584022
3143000 -0.941476751609397
3144000 -0.940931470075006
3145000 -0.939637200688412
3146000 -0.929274567923622
3147000 -0.948698125909997
3148000 -0.944012962776329
3149000 -0.942097420410907
3150000 -0.921087358519645
3151000 -0.920047657900654
3152000 -0.955763300273267
3153000 -0.956297690757099
3154000 -0.942208577250016
3155000 -0.944195830379137
3156000 -0.944779236357361
3157000 -0.949626207735182
3158000 -0.9428069058967
3159000 -0.947711155280514
3160000 -0.926926079250946
3161000 -0.946982666021134
3162000 -0.962662388072352
3163000 -0.952203244654633
3164000 -0.935610250777262
3165000 -0.951259049700521
3166000 -0.942191048965717
3167000 -0.955544641806497
3168000 -0.946962482897493
3169000 -0.931458617782075
3170000 -0.953364825323364
3171000 -0.946571930550759
3172000 -0.942359968477409
3173000 -0.944940178634241
3174000 -0.941722878763585
3175000 -0.927948359925205
3176000 -0.961153065845647
3177000 -0.965875859440131
3178000 -0.926434758189033
3179000 -0.944967623401946
3180000 -0.97050878854743
3181000 -0.940716877191576
3182000 -0.964230983856432
3183000 -0.948289997762928
3184000 -0.908723324116182
3185000 -0.960477808071177
3186000 -0.968927142188347
3187000 -0.930916984882616
3188000 -0.964721920147673
3189000 -0.934304519715892
3190000 -0.915130447299983
3191000 -0.981887285977137
3192000 -0.960822329684247
3193000 -0.933681036148258
3194000 -0.963405854416811
3195000 -0.945815686401529
3196000 -0.940080100694465
3197000 -0.986478480448891
3198000 -0.937024168341559
3199000 -0.942611283312655
3200000 -0.96359965633086
3201000 -0.92882770747566
3202000 -0.952152659150714
3203000 -0.985290340511126
3204000 -0.947780101924351
3205000 -0.958600411093631
3206000 -0.988812458002092
3207000 -0.940530051776794
3208000 -0.963978172272421
3209000 -0.977574277441984
3210000 -0.949141675280949
3211000 -0.974026987327481
3212000 -0.971515244635839
3213000 -0.954051295677685
3214000 -0.940445344242779
3215000 -0.963272445473255
3216000 -0.969997760605475
3217000 -0.967627683425222
3218000 -0.991644924668104
3219000 -0.945087574125684
3220000 -0.95311415169766
3221000 -0.964730858537769
3222000 -0.967383511682233
3223000 -0.962613170258978
3224000 -0.99120493770532
3225000 -0.978733385014874
3226000 -0.96280319119503
3227000 -0.983772963530328
3228000 -0.943614725206286
3229000 -0.978792926655326
3230000 -0.97415118919988
3231000 -0.950883930625718
3232000 -0.962693048352854
3233000 -0.979015275585065
3234000 -0.991841560065334
3235000 -0.977257546989761
3236000 -0.985994154001325
3237000 -0.962488593489508
3238000 -0.976659192129943
3239000 -0.97536325092642
3240000 -0.949982070467898
3241000 -0.984785489313798
3242000 -0.961082347737441
3243000 -0.98231044186774
3244000 -0.972266007775583
3245000 -0.99920509836704
3246000 -0.966821271661249
3247000 -0.960196825881321
3248000 -0.991894489729402
3249000 -0.965053474598666
3250000 -0.983609661819222
3251000 -1.0058866273619
3252000 -0.933817077835356
3253000 -0.985251916201244
3254000 -1.01377166328152
3255000 -0.954388858432177
3256000 -1.00810473352526
3257000 -0.987055053315303
3258000 -0.947398544231448
3259000 -1.01571694094925
3260000 -0.98131839371561
3261000 -0.943458546633847
3262000 -0.999492874060105
3263000 -0.98385331140919
3264000 -0.981630333662987
3265000 -0.999377629500955
3266000 -0.974858362087007
3267000 -0.977838454669047
3268000 -0.992044179931999
3269000 -0.990373400046123
3270000 -0.957780539968023
3271000 -1.01074531934464
3272000 -0.98757543825768
3273000 -0.987307145393425
3274000 -1.00812524441979
3275000 -0.977422684154826
3276000 -0.969052309122652
3277000 -1.01598010815266
3278000 -0.994619832847476
3279000 -0.978858537181777
3280000 -1.01515322547366
3281000 -0.970726883834198
3282000 -0.98945345244653
3283000 -1.00192833236817
3284000 -0.966337164246139
3285000 -1.01183097578943
3286000 -1.00028461975848
3287000 -0.990310527011666
3288000 -1.00112642034792
3289000 -1.01441245173108
3290000 -0.980650775036284
3291000 -1.02313924170605
3292000 -1.00151326652957
3293000 -0.994711610540964
3294000 -1.02871273598105
3295000 -0.97615920352745
3296000 -0.996044152644872
3297000 -1.02167281721649
3298000 -1.00229295476546
3299000 -1.0059218076424
3300000 -0.995790082379519
3301000 -0.998410251823918
3302000 -1.00501005637527
3303000 -1.02913987613576
3304000 -0.958344554765771
3305000 -1.00435550194176
3306000 -1.00933138833854
3307000 -1.00262542870127
3308000 -1.00527985594948
3309000 -0.991964946640256
3310000 -1.01436425944812
3311000 -1.01225584189506
3312000 -0.998562674235002
3313000 -0.998619070222385
3314000 -1.03305144454869
3315000 -0.997921011651904
3316000 -1.00106778621088
3317000 -1.00385468803314
3318000 -0.984470280789123
3319000 -1.02645146044253
3320000 -1.0115919377644
3321000 -0.997232026170113
3322000 -1.01240972444743
3323000 -1.00848976090737
3324000 -1.02959870120782
3325000 -0.981565041517445
3326000 -1.01978200128612
3327000 -1.01742828906005
3328000 -0.995552327574961
3329000 -1.00773354903218
3330000 -1.00117668487757
3331000 -1.0344071717056
3332000 -0.993024568308773
3333000 -1.00943419224898
3334000 -1.02111800269316
3335000 -1.00039095293243
3336000 -1.01990008379262
3337000 -1.01318961116765
3338000 -1.01158771740882
3339000 -1.02654452486579
3340000 -1.02967272934994
3341000 -0.999399788309379
3342000 -1.00999730914599
3343000 -1.03249653588306
3344000 -1.00412118740014
3345000 -1.04658985495237
3346000 -0.997241774273937
3347000 -1.01218768091418
3348000 -1.02936421801497
3349000 -1.01494732880578
3350000 -1.04577849437708
3351000 -1.0101650259157
3352000 -1.00152553709628
3353000 -1.02163220209418
3354000 -1.03307952777159
3355000 -1.0151008377812
3356000 -1.0432389803832
3357000 -1.01084818902921
3358000 -0.996320575061811
3359000 -1.05144205500724
3360000 -1.01499891739045
3361000 -0.982388672647269
3362000 -1.02414173093356
3363000 -1.01145349599446
3364000 -1.02050842738981
3365000 -1.02722165209512
3366000 -1.00179627047528
3367000 -1.00485030183112
3368000 -1.05383970057972
3369000 -1.0090908540797
3370000 -1.03189199526844
3371000 -1.03309261798624
3372000 -0.99420927492169
3373000 -1.03538544050159
3374000 -1.03065942403821
3375000 -1.00356245139146
3376000 -1.01665837780911
3377000 -1.0262937883575
3378000 -0.988889374821328
3379000 -1.04021800803462
3380000 -1.03408158932338
3381000 -1.00526475463451
3382000 -1.03363436243774
3383000 -1.02290618273034
3384000 -1.02320408076904
3385000 -1.02436758923259
3386000 -1.04752026852412
3387000 -1.02524891943463
3388000 -1.01152675797058
3389000 -1.04427082401802
3390000 -0.994149698570962
3391000 -1.05069917628397
3392000 -1.04757433076875
3393000 -0.999092597160197
3394000 -1.03664902477493
3395000 -1.01276072177109
3396000 -1.01003864340232
3397000 -1.04178054993771
3398000 -1.03657019168763
3399000 -1.0014435700045
3400000 -1.03699087250013
3401000 -1.04202527296631
3402000 -1.02140454536052
3403000 -1.01925145874044
3404000 -1.04866795003819
3405000 -1.02460482457578
3406000 -1.05253155565971
3407000 -1.00705379597802
3408000 -1.03875909040737
3409000 -1.03955837450762
3410000 -1.0277533994284
3411000 -1.03850464842231
3412000 -1.02195827173193
3413000 -1.03797807279575
3414000 -1.04533494395174
3415000 -1.06500544215993
3416000 -1.03206592407621
3417000 -1.0394253795044
3418000 -1.01200529321303
3419000 -1.04494207357629
3420000 -1.05894415213607
3421000 -1.01826537463761
3422000 -1.05238245621634
3423000 -1.06138614332927
3424000 -1.03589017762148
3425000 -1.05707276310482
3426000 -1.03266251974569
3427000 -1.03508352115057
3428000 -1.06202025810815
3429000 -1.04845139935242
3430000 -1.02677874031316
3431000 -1.04222439070309
3432000 -1.03911958091875
3433000 -1.04112721454151
3434000 -1.06921519383483
3435000 -1.01341484697542
3436000 -1.05088707385978
3437000 -1.0540372183837
3438000 -1.03876313755801
3439000 -1.06767175055932
3440000 -1.04365573689253
3441000 -1.00948093623941
3442000 -1.07789214051729
3443000 -1.03263568993864
3444000 -1.02366745917499
3445000 -1.08196578654671
3446000 -1.01564250195255
3447000 -1.03248219552598
3448000 -1.0772090848422
3449000 -1.01099364914973
3450000 -1.03419180828629
3451000 -1.09700243701128
3452000 -1.02155030780762
3453000 -1.04914423362884
3454000 -1.07563697299483
3455000 -1.02068124519313
3456000 -1.06054219301164
3457000 -1.07167167718032
3458000 -0.998955984884839
3459000 -1.07547113494257
3460000 -1.07088652887288
3461000 -1.03419782429641
3462000 -1.06128414722284
3463000 -1.05315982316062
3464000 -1.03246795660174
3465000 -1.0907371652152
3466000 -1.04227210527088
3467000 -1.03511286303845
3468000 -1.08733678074841
3469000 -1.02537587092937
3470000 -1.06648429363276
3471000 -1.0798297872279
3472000 -1.0122133787306
3473000 -1.05667099078335
3474000 -1.08885378853821
3475000 -1.03156084135857
3476000 -1.04516155674707
3477000 -1.07481109629808
3478000 -1.01701057483276
3479000 -1.07730059911476
3480000 -1.06939009556598
3481000 -1.0160595804938
3482000 -1.07727280608019
3483000 -1.06158740738407
3484000 -1.03548774996381
3485000 -1.06582365919094
3486000 -1.05192401777162
3487000 -1.02840824111341
3488000 -1.08189104917878
3489000 -1.0339110151022
3490000 -1.05579048208145
3491000 -1.09735791024914
3492000 -1.03307251334035
3493000 -1.06985436616271
3494000 -1.07495838348137
3495000 -1.0207893983114
3496000 -1.09520928852746
3497000 -1.05255519302739
3498000 -1.06102762580985
3499000 -1.0877987579629
3500000 -1.03015000339056
3501000 -1.0536377180964
3502000 -1.10174920240669
3503000 -1.04715038330247
3504000 -1.0544622656392
3505000 -1.07873478146221
3506000 -1.0403500242798
3507000 -1.08178780805943
3508000 -1.08244627722651
3509000 -1.02629601846986
3510000 -1.08240735998635
3511000 -1.06421134952037
3512000 -1.04701945623617
3513000 -1.08696833723193
3514000 -1.08067805952134
3515000 -1.06310504766862
3516000 -1.08141180790588
3517000 -1.06528284572645
3518000 -1.04202730454919
3519000 -1.09627702737801
3520000 -1.05567876966395
3521000 -1.06738568949338
3522000 -1.08713306596618
3523000 -1.04981025492546
3524000 -1.05883822006037
3525000 -1.11674476180919
3526000 -1.05270857816293
3527000 -1.06326895710684
3528000 -1.1101065840603
3529000 -1.03891659705109
3530000 -1.08525447825225
3531000 -1.10320446418976
3532000 -1.04041816848403
3533000 -1.10400829795324
3534000 -1.0821570980506
3535000 -1.05815913550779
3536000 -1.09324286105245
3537000 -1.08258557497096
3538000 -1.06391645898684
3539000 -1.11407738948995
3540000 -1.08119027754557
3541000 -1.0636035035776
3542000 -1.08875652471658
3543000 -1.10031295218507
3544000 -1.06410358834237
3545000 -1.08852068868715
3546000 -1.08314933218637
3547000 -1.06185460660045
3548000 -1.10590488271384
3549000 -1.0802786536321
3550000 -1.06151339600544
3551000 -1.10592420690352
3552000 -1.07500325735236
3553000 -1.06906027814449
3554000 -1.11099539382639
3555000 -1.05260099792888
3556000 -1.08985027889218
3557000 -1.1173505870842
3558000 -1.0584779404491
3559000 -1.09560482546084
3560000 -1.0993643533869
3561000 -1.06516378215964
3562000 -1.09905626731233
3563000 -1.0843125016489
3564000 -1.04402649619812
3565000 -1.12184663955112
3566000 -1.0780062125325
3567000 -1.0733204132721
3568000 -1.11735889699889
3569000 -1.06340310187
3570000 -1.07307754995195
3571000 -1.13200741629081
3572000 -1.07523124849095
3573000 -1.10036772083016
3574000 -1.10530916210272
3575000 -1.07135982805962
3576000 -1.11633686840145
3577000 -1.10413389451939
3578000 -1.06446465342055
3579000 -1.09781777911381
3580000 -1.12040566660101
3581000 -1.07149412434789
3582000 -1.10727830331485
3583000 -1.09670293255795
3584000 -1.08270588193435
3585000 -1.12913343769083
3586000 -1.10137968516235
3587000 -1.09714863606442
3588000 -1.12244379000043
3589000 -1.0856100650134
3590000 -1.0743459007758
3591000 -1.11154244162045
3592000 -1.0815333936572
3593000 -1.10708754523128
3594000 -1.12912195144209
3595000 -1.0595409416159
3596000 -1.1125895815423
3597000 -1.09685559822128
3598000 -1.09548348137744
3599000 -1.12129994667302
3600000 -1.08761211701527
3601000 -1.09567933800633
3602000 -1.12031452403119
3603000 -1.08667197200083
3604000 -1.10599834039738
3605000 -1.12979249035249
3606000 -1.07919898905828
3607000 -1.09945210670145
3608000 -1.11118345254464
3609000 -1.09391556290707
3610000 -1.12203923049449
3611000 -1.0886171508745
3612000 -1.09530473050735
3613000 -1.13493960158705
3614000 -1.09467735902168
3615000 -1.11333484325156
3616000 -1.11754110712994
3617000 -1.08900744967853
3618000 -1.11404762744336
3619000 -1.11587952843483
3620000 -1.09723343257827
3621000 -1.09822588262984
3622000 -1.12914399065012
3623000 -1.08129096406076
3624000 -1.12909859939695
3625000 -1.10738396240712
3626000 -1.08718754886256
3627000 -1.11830447821677
3628000 -1.11528588420731
3629000 -1.1012795563993
3630000 -1.13834880269407
3631000 -1.11284438238172
3632000 -1.09838908018427
3633000 -1.13934835247346
3634000 -1.09253444290818
3635000 -1.11779169602192
3636000 -1.14708588144908
3637000 -1.08738304036156
3638000 -1.1163849727345
3639000 -1.12883121580121
3640000 -1.08911632902368
3641000 -1.12019961124631
3642000 -1.12028945572183
3643000 -1.08209495582086
3644000 -1.12733783237204
3645000 -1.11427381285882
3646000 -1.09655043169794
3647000 -1.12175221527338
3648000 -1.11785257077383
3649000 -1.12119320008083
3650000 -1.14374452496344
3651000 -1.09713866242296
3652000 -1.12978791632882
3653000 -1.15637235577055
3654000 -1.09684133088109
3655000 -1.12586829336858
3656000 -1.15794343541296
3657000 -1.10706982136855
3658000 -1.13957372281316
3659000 -1.10938126598066
3660000 -1.13025258797663
3661000 -1.15054691599314
3662000 -1.1231442748746
3663000 -1.11345785997598
3664000 -1.13423152189802
3665000 -1.12176604967489
3666000 -1.12828173615906
3667000 -1.14210827306799
3668000 -1.12559002288757
3669000 -1.12636641196522
3670000 -1.16342328622309
3671000 -1.08930402838567
3672000 -1.15707326760945
3673000 -1.13375888439271
3674000 -1.11245403270729
3675000 -1.14765002330916
3676000 -1.12105832608046
3677000 -1.12522689556225
3678000 -1.16356798100177
3679000 -1.09102977414004
3680000 -1.15100949443044
3681000 -1.15226210985544
3682000 -1.10569244389882
3683000 -1.16035159997865
3684000 -1.11796725797758
3685000 -1.12003195754167
3686000 -1.18901836137754
3687000 -1.13324468457784
3688000 -1.12634924189756
3689000 -1.13397384765839
3690000 -1.11944356867014
3691000 -1.13932256398149
3692000 -1.14620579517797
3693000 -1.12266279886531
3694000 -1.11963664953601
3695000 -1.14678003036097
3696000 -1.15495229756099
3697000 -1.14079605255235
3698000 -1.14484404428114
3699000 -1.12676411501526
3700000 -1.12672764647776
3701000 -1.14396806131779
3702000 -1.15076707287439
3703000 -1.13541228210998
3704000 -1.12261865768387
3705000 -1.13113390846245
3706000 -1.15700289884403
3707000 -1.15855150279379
3708000 -1.12447557048738
3709000 -1.1199580638944
3710000 -1.14126009831929
3711000 -1.13157655041546
3712000 -1.15374856968599
3713000 -1.14140127266873
3714000 -1.12656734708804
3715000 -1.14592853895542
3716000 -1.15542579402246
3717000 -1.12394017780628
3718000 -1.16468223416615
3719000 -1.15899864097019
3720000 -1.14967000946535
3721000 -1.16548761690847
3722000 -1.10963022394517
3723000 -1.15524213809072
3724000 -1.17673232824641
3725000 -1.11776907011648
3726000 -1.16756117229356
3727000 -1.12764218001697
3728000 -1.13366944547271
3729000 -1.18382711300683
3730000 -1.1047520497369
3731000 -1.16543877242016
3732000 -1.16779875619733
3733000 -1.10341006100692
3734000 -1.18874381422906
3735000 -1.12291919647375
3736000 -1.13579126078364
3737000 -1.20789068889631
3738000 -1.09980411664406
3739000 -1.18699882725124
3740000 -1.17946541343708
3741000 -1.12406274518844
3742000 -1.19922993503284
3743000 -1.12708058368652
3744000 -1.1301405917418
3745000 -1.19570972391039
3746000 -1.12784425675337
3747000 -1.16536169684797
3748000 -1.14862907131927
3749000 -1.13097004465514
3750000 -1.16443542739218
3751000 -1.15604925992453
3752000 -1.15475820350831
3753000 -1.16854206149523
3754000 -1.14313649223143
3755000 -1.16316172744034
3756000 -1.17986612880405
3757000 -1.15519356139444
3758000 -1.1498484596734
3759000 -1.17386059598072
3760000 -1.14609756576917
3761000 -1.1641390945271
3762000 -1.1710612894792
3763000 -1.14099130916467
3764000 -1.17000981709265
3765000 -1.16130308363702
3766000 -1.14267376973833
3767000 -1.16898633080371
3768000 -1.17154943844861
3769000 -1.15631472222458
3770000 -1.16999283915911
3771000 -1.16277234768767
3772000 -1.17609441227868
3773000 -1.16031866840798
3774000 -1.1478848803684
3775000 -1.1732113652285
3776000 -1.16583033350591
3777000 -1.18094166094189
3778000 -1.14710648706922
3779000 -1.15904030180033
3780000 -1.18856923742665
3781000 -1.13354363585179
3782000 -1.19400996931033
3783000 -1.15580365024784
3784000 -1.15323637039901
3785000 -1.19060611153419
3786000 -1.145083850858
3787000 -1.15738897638584
3788000 -1.18475551910694
3789000 -1.13139694674217
3790000 -1.17300768927936
3791000 -1.16479154964421
3792000 -1.1477235235896
3793000 -1.18379474871199
3794000 -1.16849444285137
3795000 -1.14619047640877
3796000 -1.18358863836004
3797000 -1.14869667091878
3798000 -1.17656692124424
3799000 -1.17574767280946
3800000 -1.15724980889081
3801000 -1.14490498441679
3802000 -1.18323448615441
3803000 -1.14734466403988
3804000 -1.16195023202987
3805000 -1.16829304115461
3806000 -1.14715308795058
3807000 -1.19720896738855
3808000 -1.15438069613285
3809000 -1.18168100570194
3810000 -1.18852654531843
3811000 -1.16055904931276
3812000 -1.1766130525298
3813000 -1.17367889985644
3814000 -1.13684867835741
3815000 -1.19719080823482
3816000 -1.18318171941031
3817000 -1.15647705412585
3818000 -1.19805074789564
3819000 -1.16014086828045
3820000 -1.17567980615167
3821000 -1.19897255343373
3822000 -1.17004194706013
3823000 -1.18413436733193
3824000 -1.17780029987605
3825000 -1.15615290263249
3826000 -1.18770374702421
3827000 -1.17014717353251
3828000 -1.19085095251571
3829000 -1.19181787305526
3830000 -1.15646583705127
3831000 -1.19060375026712
3832000 -1.17873447404237
3833000 -1.17828169676159
3834000 -1.18620672157948
3835000 -1.17966327590161
3836000 -1.19084713491457
3837000 -1.18320118146452
3838000 -1.16711452834537
3839000 -1.17495501140414
3840000 -1.1723691343345
3841000 -1.20272326964415
3842000 -1.16317649059935
3843000 -1.1787870835186
3844000 -1.17985407919681
3845000 -1.17983410463798
3846000 -1.20239471724094
3847000 -1.17112540684724
3848000 -1.18133707630187
3849000 -1.18877166738385
3850000 -1.17176196395585
3851000 -1.20789776040813
3852000 -1.18215011186822
3853000 -1.15715441904356
3854000 -1.20081800141273
3855000 -1.19828234738321
3856000 -1.17967515929761
3857000 -1.20927338723833
3858000 -1.15291127884755
3859000 -1.19471961342326
3860000 -1.22507540418698
3861000 -1.15322538429572
3862000 -1.19474235445601
3863000 -1.20142911295166
3864000 -1.14543848681643
3865000 -1.236652234002
3866000 -1.1925063018914
3867000 -1.14806725625453
3868000 -1.23260412512545
3869000 -1.15759375584306
3870000 -1.20681130687073
3871000 -1.20226758363325
3872000 -1.14446307028795
3873000 -1.21619114110505
3874000 -1.18691726550694
3875000 -1.18699509738841
3876000 -1.23963435631871
3877000 -1.1495705683561
3878000 -1.20398435561903
3879000 -1.21518931407199
3880000 -1.1619068589478
3881000 -1.21909954806845
3882000 -1.19518096202829
3883000 -1.1719982178991
3884000 -1.23611591736658
3885000 -1.18433207869659
3886000 -1.19234143840459
3887000 -1.22179071089138
3888000 -1.17594833681462
3889000 -1.23124875526126
3890000 -1.20595185747713
3891000 -1.16560954327817
3892000 -1.23585335441644
3893000 -1.18783229925598
3894000 -1.19320296793711
3895000 -1.21985023579587
3896000 -1.1546246407887
3897000 -1.20047766211291
3898000 -1.2211050266935
3899000 -1.17519236751394
3900000 -1.23302834222673
3901000 -1.16589486451686
3902000 -1.18913238525086
3903000 -1.24518543703412
3904000 -1.19358764722039
3905000 -1.20928321948051
3906000 -1.19912507372606
3907000 -1.16932407986232
3908000 -1.22427224289312
3909000 -1.19426776224938
3910000 -1.20945175353003
3911000 -1.19126130887483
3912000 -1.18673749936423
3913000 -1.22823775620058
3914000 -1.20374720579875
3915000 -1.19182265908264
3916000 -1.22150113678129
3917000 -1.19300526924643
3918000 -1.22578352631746
3919000 -1.19681562088993
3920000 -1.19682144824045
3921000 -1.21285883492879
3922000 -1.20616964833232
3923000 -1.2252400896121
3924000 -1.20041715250628
3925000 -1.21943314145823
3926000 -1.2017622449171
3927000 -1.2029419778114
3928000 -1.22331650029753
3929000 -1.1962345790188
3930000 -1.21898000693143
3931000 -1.20419073203139
3932000 -1.20049776051794
3933000 -1.22574974283983
3934000 -1.21161695174584
3935000 -1.22544164220526
3936000 -1.22213451556522
3937000 -1.21426596947746
3938000 -1.20217791389056
3939000 -1.2056065837206
3940000 -1.21595330243892
3941000 -1.23210004176077
3942000 -1.22669703664694
3943000 -1.19830312835368
3944000 -1.23451191494109
3945000 -1.22449946040889
3946000 -1.20876982689294
3947000 -1.24821690198514
3948000 -1.20722502334755
3949000 -1.22660196740792
3950000 -1.23009118646356
3951000 -1.19403230968275
3952000 -1.24807045779521
3953000 -1.20385851325251
3954000 -1.19193839138771
3955000 -1.24316224196758
3956000 -1.21246397207831
3957000 -1.24881776182695
3958000 -1.22132962466744
3959000 -1.19803907086499
3960000 -1.25922295139635
3961000 -1.22195531442945
3962000 -1.22709675570649
3963000 -1.23505143960846
3964000 -1.19530491457982
3965000 -1.22642941162702
3966000 -1.23025582964856
3967000 -1.20977800862701
3968000 -1.25672468986155
3969000 -1.20266220258334
3970000 -1.22012198562553
3971000 -1.24843581130604
3972000 -1.21092438848832
3973000 -1.23812916468459
3974000 -1.23554974192156
3975000 -1.2131009849092
3976000 -1.22395840758061
3977000 -1.24072614782298
3978000 -1.21407711212344
3979000 -1.23539277243073
3980000 -1.21849444845974
3981000 -1.22476596123198
3982000 -1.2346052621103
3983000 -1.24379195826587
3984000 -1.23523763839981
3985000 -1.24246713931333
3986000 -1.2339512596083
3987000 -1.23426662374747
3988000 -1.24751215033585
3989000 -1.23825589933571
3990000 -1.25325413399191
3991000 -1.23200165699128
3992000 -1.21126395855352
3993000 -1.25436939810848
3994000 -1.21922881979412
3995000 -1.23775457596025
3996000 -1.24180339477404
3997000 -1.23899345167029
3998000 -1.25691491470231
3999000 -1.22533322938245
4000000 -1.22381122625154
4001000 -1.2761755768166
4002000 -1.23013796167485
4003000 -1.23507493657505
4004000 -1.24908526962182
4005000 -1.23584333462447
4006000 -1.25268547434572
4007000 -1.25243739124026
4008000 -1.22777882676106
4009000 -1.24672769712033
4010000 -1.23699905005557
4011000 -1.24249517717295
4012000 -1.24070271147321
4013000 -1.22322053307805
4014000 -1.26658116027887
4015000 -1.23595365512935
4016000 -1.23874021478639
4017000 -1.25963798846807
4018000 -1.24033307123999
4019000 -1.24827876477815
4020000 -1.25155780842886
4021000 -1.23958415856433
4022000 -1.24540781703121
4023000 -1.25524123433922
4024000 -1.2438004442363
4025000 -1.25223096772951
4026000 -1.23308604061862
4027000 -1.25193768295474
4028000 -1.24700211180339
4029000 -1.23617972119071
4030000 -1.2470824333455
4031000 -1.26230419195584
4032000 -1.24224927191134
4033000 -1.25869448175803
4034000 -1.25045305324771
4035000 -1.25512793066049
4036000 -1.26650019270108
4037000 -1.24200314167042
4038000 -1.24225795961708
4039000 -1.25032692402929
4040000 -1.26701359214961
4041000 -1.244811459261
4042000 -1.25885674930273
4043000 -1.24072523137369
4044000 -1.25525515767353
4045000 -1.25635896535102
4046000 -1.23796414355503
4047000 -1.27114901246761
4048000 -1.24814207297698
4049000 -1.25580736161118
4050000 -1.26100513753333
4051000 -1.24451177705864
4052000 -1.2750748428063
4053000 -1.25149449517003
4054000 -1.24901283852056
4055000 -1.27725834265107
4056000 -1.2439407840174
4057000 -1.27262317642822
4058000 -1.26590161513602
4059000 -1.2546567888845
4060000 -1.27681645800859
4061000 -1.23093675418838
4062000 -1.25678709373914
4063000 -1.26066024254392
4064000 -1.24177618543741
4065000 -1.26900689300253
4066000 -1.24984895707469
4067000 -1.24301712774334
4068000 -1.26364468425688
4069000 -1.23603553563967
4070000 -1.26904584776644
4071000 -1.26746859522203
4072000 -1.24001543351759
4073000 -1.29246750935504
4074000 -1.23603087343316
4075000 -1.2666733887199
4076000 -1.27776317663635
4077000 -1.25161401404971
4078000 -1.28141870798618
4079000 -1.24811724667552
4080000 -1.25765132658361
4081000 -1.29253706655937
4082000 -1.24633828079012
4083000 -1.27679403778299
4084000 -1.25441949270337
4085000 -1.24662632564022
4086000 -1.26850652791592
4087000 -1.26005322923142
4088000 -1.25749546790605
4089000 -1.279103007561
4090000 -1.25406208762578
4091000 -1.28622189624063
4092000 -1.27756547019942
4093000 -1.25436817417175
4094000 -1.27908430500719
4095000 -1.26432354541189
4096000 -1.26954365991781
4097000 -1.28617474671295
4098000 -1.25924529663243
4099000 -1.27794380797021
4100000 -1.27557551718025
4101000 -1.2436060692147
4102000 -1.29728394409637
4103000 -1.26513984771573
4104000 -1.25378892280984
4105000 -1.29479529157825
4106000 -1.26682995064108
4107000 -1.29123990513807
4108000 -1.27945252745024
4109000 -1.23844633710171
4110000 -1.2917655991443
4111000 -1.27483680531515
4112000 -1.27684738883786
4113000 -1.29014784836451
4114000 -1.26181025637128
4115000 -1.29513555412234
4116000 -1.27516355671934
4117000 -1.2581180917257
4118000 -1.29534287494989
4119000 -1.27229372524859
4120000 -1.27079385490411
4121000 -1.30198700114979
4122000 -1.27465754659858
4123000 -1.30410598996719
4124000 -1.26011178382376
4125000 -1.28616614826319
4126000 -1.3069407694281
4127000 -1.26340783283118
4128000 -1.3010903659559
4129000 -1.3097090400193
4130000 -1.25456810569958
4131000 -1.32902036716817
4132000 -1.25491153096494
4133000 -1.2758162225025
4134000 -1.31538196242379
4135000 -1.26960184847885
4136000 -1.28170685468774
4137000 -1.28524037380197
4138000 -1.29523583629896
4139000 -1.31034070994804
4140000 -1.2695597441815
4141000 -1.2895679608152
4142000 -1.29814870924682
4143000 -1.26328597126003
4144000 -1.28824457304801
4145000 -1.29373723771637
4146000 -1.2877591265519
4147000 -1.3010955899454
4148000 -1.28231036129405
4149000 -1.26722112003587
4150000 -1.32293896470416
4151000 -1.28770427147061
4152000 -1.27623692769951
4153000 -1.29742620218426
4154000 -1.28203890338566
4155000 -1.30686230588396
4156000 -1.30834752697035
4157000 -1.25778103651193
4158000 -1.31076802930147
4159000 -1.27847885728952
4160000 -1.29028286838184
4161000 -1.33575129287021
4162000 -1.27303312472827
4163000 -1.31445191837873
4164000 -1.29704367881936
4165000 -1.27814195040337
4166000 -1.33661527131393
4167000 -1.2776741656962
4168000 -1.29852611590217
4169000 -1.30402082441257
4170000 -1.27245351161353
4171000 -1.3363076161636
4172000 -1.27761774488214
4173000 -1.28968847276722
4174000 -1.33696151338577
4175000 -1.25970768243574
4176000 -1.32200095211629
4177000 -1.29109836382629
4178000 -1.28792007699717
4179000 -1.34015530734347
4180000 -1.2885310881851
4181000 -1.29268648221179
4182000 -1.3220348190491
4183000 -1.2838307575378
4184000 -1.31917350961813
4185000 -1.30547439193386
4186000 -1.28320593031803
4187000 -1.300300752083
4188000 -1.29160416758681
4189000 -1.31085638294424
4190000 -1.32228466238384
4191000 -1.29171955041788
4192000 -1.31130037852466
4193000 -1.32375289196266
4194000 -1.29428793923193
4195000 -1.32555844015559
4196000 -1.30698911532814
4197000 -1.29329263338772
4198000 -1.32152463986493
4199000 -1.27720971161092
4200000 -1.32415345733799
4201000 -1.31363632845815
4202000 -1.30070750365516
4203000 -1.33318295889836
4204000 -1.2871043816056
4205000 -1.31677511672239
4206000 -1.34462852084973
4207000 -1.29523357796138
4208000 -1.32752913680478
4209000 -1.30487439259341
4210000 -1.3122108066709
4211000 -1.35493682845433
4212000 -1.27981766557874
4213000 -1.33402590886498
4214000 -1.30959983818195
4215000 -1.32374511610703
4216000 -1.33381045403838
4217000 -1.32027885239073
4218000 -1.315857247439
4219000 -1.32230083737302
4220000 -1.30905333156485
4221000 -1.3386510372454
4222000 -1.31829883448155
4223000 -1.31270907121647
4224000 -1.30072371056036
4225000 -1.32497945255769
4226000 -1.32751568997131
4227000 -1.35412627650837
4228000 -1.31182598992996
4229000 -1.30024318689301
4230000 -1.32967601004108
4231000 -1.28154063973187
4232000 -1.33172766775612
4233000 -1.32445173599218
4234000 -1.29542172934928
4235000 -1.33493235751555
4236000 -1.30053740327892
4237000 -1.31707149545506
4238000 -1.3420330672729
4239000 -1.29410512283947
4240000 -1.35435553463716
4241000 -1.30134612290603
4242000 -1.31530357328304
4243000 -1.35044802000132
4244000 -1.2990873302758
4245000 -1.33459839101381
4246000 -1.31234915067824
4247000 -1.32773340003921
4248000 -1.35956647155034
4249000 -1.29898981955043
4250000 -1.34175708659709
4251000 -1.32717983356506
4252000 -1.31117370408308
4253000 -1.35727284934275
4254000 -1.30451239950406
4255000 -1.32260829368533
4256000 -1.33827871191282
4257000 -1.29670826820684
4258000 -1.35519489355111
4259000 -1.31220326761592
4260000 -1.31422106385586
4261000 -1.34346951954048
4262000 -1.31413292037511
4263000 -1.34069931493304
4264000 -1.33979011615246
4265000 -1.30152667471532
4266000 -1.35624927110257
4267000 -1.31862259641858
4268000 -1.34015447630959
4269000 -1.3563895766508
4270000 -1.29028765560789
4271000 -1.3722034529092
4272000 -1.32346205570875
4273000 -1.30358997904022
4274000 -1.37374797908884
4275000 -1.30267653806437
4276000 -1.34340097091508
4277000 -1.34015796523015
4278000 -1.30270108395648
4279000 -1.37610958255967
4280000 -1.32849855733506
4281000 -1.32858370760103
4282000 -1.36447040549547
4283000 -1.29912933512289
4284000 -1.3830181976551
4285000 -1.33242361815274
4286000 -1.32867922072065
4287000 -1.36604793902499
4288000 -1.30197181954492
4289000 -1.338212385251
4290000 -1.33403404836306
4291000 -1.32028841452037
4292000 -1.3526612330408
4293000 -1.32893304407614
4294000 -1.32646930124448
4295000 -1.34450841802357
4296000 -1.3113967452317
4297000 -1.37748416979231
4298000 -1.3386184416941
4299000 -1.31327181208847
4300000 -1.35455471589783
4301000 -1.33129440864688
4302000 -1.36468510860119
4303000 -1.34359480698317
4304000 -1.31158688159659
4305000 -1.36009193300312
4306000 -1.35810036766101
4307000 -1.34504567819917
4308000 -1.36244147368643
4309000 -1.32309345530789
4310000 -1.34110144218105
4311000 -1.35742294782955
4312000 -1.32525710626631
4313000 -1.38660896216088
4314000 -1.31630979140934
4315000 -1.33555558892239
4316000 -1.37813207181039
4317000 -1.31337701949898
4318000 -1.36362881768992
4319000 -1.34551180164308
4320000 -1.32257487922683
4321000 -1.37900441369831
4322000 -1.30141158677118
4323000 -1.35951651523203
4324000 -1.35186688881228
4325000 -1.30778315223507
4326000 -1.3812779250209
4327000 -1.32868728309678
4328000 -1.34994035344893
4329000 -1.3818398997799
4330000 -1.31687656558771
4331000 -1.39371672305351
4332000 -1.33476213838485
4333000 -1.33448069534056
4334000 -1.36914042891919
4335000 -1.30439649036768
4336000 -1.41086589118303
4337000 -1.3526817562402
4338000 -1.30981634230923
4339000 -1.39430528575621
4340000 -1.30627672479415
4341000 -1.36462366001226
4342000 -1.36489678369904
4343000 -1.33817351788814
4344000 -1.39860840651565
4345000 -1.31287687662985
4346000 -1.37026006839103
4347000 -1.37302894757575
4348000 -1.3352014350315
4349000 -1.37720195913523
4350000 -1.35455082424697
4351000 -1.35276663871889
4352000 -1.3801908027884
4353000 -1.34198930648152
4354000 -1.37757046810184
4355000 -1.34855593305657
4356000 -1.33635936768513
4357000 -1.38356653970393
4358000 -1.34578086370485
4359000 -1.35468529974954
4360000 -1.37690712632327
4361000 -1.33191864670654
4362000 -1.37445221445953
4363000 -1.35916020444905
4364000 -1.35141477841708
4365000 -1.3981737319988
4366000 -1.34300567662768
4367000 -1.364972980772
4368000 -1.36491993153235
4369000 -1.34460133266988
4370000 -1.3857646795462
4371000 -1.34824385923097
4372000 -1.34035493503177
4373000 -1.38891725690496
4374000 -1.35100663297385
4375000 -1.39344713768265
4376000 -1.33064826136872
4377000 -1.38104260201956
4378000 -1.37646184791008
4379000 -1.31477331495128
4380000 -1.38784405779538
4381000 -1.37902113790888
4382000 -1.37333216618336
4383000 -1.37808064467519
4384000 -1.33439481406667
4385000 -1.38772242392683
4386000 -1.36773070832155
4387000 -1.3513200114417
4388000 -1.37961367179152
4389000 -1.33835915311968
4390000 -1.37239989271757
4391000 -1.40011526776992
4392000 -1.3478253579963
4393000 -1.40398676648183
4394000 -1.35653092013569
4395000 -1.37229578575101
4396000 -1.40787458241831
4397000 -1.36414320111007
4398000 -1.37814656690928
4399000 -1.35854600784213
4400000 -1.37926737523909
4401000 -1.40006810404919
4402000 -1.36120375851275
4403000 -1.35377088364633
4404000 -1.39432005064052
4405000 -1.39383871722754
4406000 -1.38998753533425
4407000 -1.37933228313378
4408000 -1.35581328951769
4409000 -1.40853249534309
4410000 -1.39305417943901
4411000 -1.37124935911898
4412000 -1.3920502677078
4413000 -1.36302117284502
4414000 -1.4020802316315
4415000 -1.36870580779394
4416000 -1.372818390151
4417000 -1.40781008417197
4418000 -1.36706709515389
4419000 -1.41392424694305
4420000 -1.37940673331627
4421000 -1.36565508533946
4422000 -1.38133253501721
4423000 -1.36138663360107
4424000 -1.41412631344184
4425000 -1.38186627328021
4426000 -1.35142487308405
4427000 -1.43192685811632
4428000 -1.37003051081651
4429000 -1.41465980980638
4430000 -1.38398843707138
4431000 -1.37206725009619
4432000 -1.41453798812437
4433000 -1.36721038845043
4434000 -1.41627815515597
4435000 -1.38082394663106
4436000 -1.39285862853734
4437000 -1.39480735568418
4438000 -1.40925278667005
4439000 -1.39463320875347
4440000 -1.37827597166311
4441000 -1.40145066104445
4442000 -1.39306472000881
4443000 -1.41299802729802
4444000 -1.38513076527009
4445000 -1.40165837235639
4446000 -1.39621292809722
4447000 -1.37095800051428
4448000 -1.40148999844175
4449000 -1.38315460574451
4450000 -1.40497575460624
4451000 -1.43331499448945
4452000 -1.38449145263812
4453000 -1.39878524133407
4454000 -1.39029656368456
4455000 -1.40861889361894
4456000 -1.42062495215022
4457000 -1.37197206438396
4458000 -1.40449474947388
4459000 -1.41348436691704
4460000 -1.38986612472453
4461000 -1.40785130871276
4462000 -1.36028286615186
4463000 -1.40661396371785
4464000 -1.41388000002334
4465000 -1.39581319741812
4466000 -1.40763538366771
4467000 -1.39885510061854
4468000 -1.38112213950508
4469000 -1.40993185391651
4470000 -1.39822164673871
4471000 -1.40936457213244
4472000 -1.40583437520175
4473000 -1.41510369088833
4474000 -1.41628096311503
4475000 -1.39971790366766
4476000 -1.40040548030671
4477000 -1.41636728571475
4478000 -1.39079643759866
4479000 -1.43204364073977
4480000 -1.4217918456033
4481000 -1.36970634262533
4482000 -1.43491086343193
4483000 -1.38653272335386
4484000 -1.44557789609582
4485000 -1.40000977980328
4486000 -1.37752042643715
4487000 -1.42428235813142
4488000 -1.41086419758637
4489000 -1.40192733604474
4490000 -1.39843688186296
4491000 -1.39816585451364
4492000 -1.43937555046513
4493000 -1.42461119060112
4494000 -1.40177474032511
4495000 -1.41016264350491
4496000 -1.40398755782394
4497000 -1.4180435388024
4498000 -1.40838211513642
4499000 -1.40758655583082
4500000 -1.43838076573043
4501000 -1.42413871224338
4502000 -1.41518947591853
4503000 -1.4030732780691
4504000 -1.40290346641695
4505000 -1.44666223211369
4506000 -1.43168870045528
4507000 -1.38537316142936
4508000 -1.42510731108075
4509000 -1.40743400472215
4510000 -1.43855428898586
4511000 -1.43660370040039
4512000 -1.3831244036658
4513000 -1.43516962908883
4514000 -1.40127479296965
4515000 -1.4201732756125
4516000 -1.43329787643391
4517000 -1.37947277797908
4518000 -1.4495071012126
4519000 -1.41117881342412
4520000 -1.41466576767154
4521000 -1.43238501498281
4522000 -1.40141036321597
4523000 -1.44637061897426
4524000 -1.40584768385915
4525000 -1.38974328537296
4526000 -1.44625117619659
4527000 -1.41243472830877
4528000 -1.45859864129155
4529000 -1.40591144334916
4530000 -1.40582392392101
4531000 -1.45737920441859
4532000 -1.41141123211224
4533000 -1.43351705290444
4534000 -1.43815179297589
4535000 -1.40745712421938
4536000 -1.46627098638967
4537000 -1.41695448630848
4538000 -1.41857747256228
4539000 -1.4511498635088
4540000 -1.41039910716234
4541000 -1.43022968216586
4542000 -1.43778357349895
4543000 -1.40940718189666
4544000 -1.45483538092024
4545000 -1.42108391712327
4546000 -1.40219051296462
4547000 -1.47534234586972
4548000 -1.3871975553105
4549000 -1.45847274226866
4550000 -1.4183690570694
4551000 -1.40322673398628
4552000 -1.48584565339813
4553000 -1.40543292882632
4554000 -1.43203541283169
4555000 -1.42264049450577
4556000 -1.40912716924569
4557000 -1.47346546401328
4558000 -1.3875749937168
4559000 -1.45473210125853
4560000 -1.43236962589808
4561000 -1.38390763932765
4562000 -1.47058542127123
4563000 -1.40558499713707
4564000 -1.43925893232816
4565000 -1.44650954010816
4566000 -1.39853410867959
4567000 -1.49053137978995
4568000 -1.39617269200472
4569000 -1.41310578846844
4570000 -1.45595358820293
4571000 -1.44469584054841
4572000 -1.46169845260823
4573000 -1.39561889036666
4574000 -1.44857469735008
4575000 -1.4433736196916
4576000 -1.44287483806297
4577000 -1.44541517030472
4578000 -1.42926810548737
4579000 -1.436922619688
4580000 -1.43367192466478
4581000 -1.45056694596003
4582000 -1.42686325504023
4583000 -1.44220031396724
4584000 -1.43728320291384
4585000 -1.44513289791817
4586000 -1.43405310585119
4587000 -1.44618126676664
4588000 -1.46180552360582
4589000 -1.43635071363017
4590000 -1.43923608246573
4591000 -1.46902106277257
4592000 -1.41834407280087
4593000 -1.47576596839459
4594000 -1.42569070190157
4595000 -1.44890971956437
4596000 -1.47095188835695
4597000 -1.41955537168824
4598000 -1.48580796453418
4599000 -1.43491881821119
4600000 -1.42391413268727
4601000 -1.48546027933385
4602000 -1.39630618750568
4603000 -1.48630710618701
4604000 -1.43476083878056
4605000 -1.45895950630733
4606000 -1.4819955287951
4607000 -1.41666976848449
4608000 -1.48703976695305
4609000 -1.41737956663957
4610000 -1.48467418361503
4611000 -1.46128449873871
4612000 -1.42860426281736
4613000 -1.47504679667932
4614000 -1.45261956702389
4615000 -1.47661119831883
4616000 -1.43957909964967
4617000 -1.45144603466418
4618000 -1.47153574212801
4619000 -1.45481820466665
4620000 -1.44524280947308
4621000 -1.43985070436316
4622000 -1.46923193561914
4623000 -1.45724081333912
4624000 -1.47226287109701
4625000 -1.44058837311851
4626000 -1.44940049267893
4627000 -1.4721817123858
4628000 -1.46291483869231
4629000 -1.49903660531539
4630000 -1.44164830309251
4631000 -1.47560182543706
4632000 -1.48103490238077
4633000 -1.48132010480663
4634000 -1.49115007969547
4635000 -1.42614050903805
4636000 -1.4959320180401
4637000 -1.45995203533415
4638000 -1.48730251210073
4639000 -1.47363392541595
4640000 -1.43694867035375
4641000 -1.50157636702939
4642000 -1.45973736448762
4643000 -1.46908071656317
4644000 -1.47654718370174
4645000 -1.42800608329505
4646000 -1.51235105341567
4647000 -1.43312589078016
4648000 -1.47591221910204
4649000 -1.47992648247209
4650000 -1.47264899532407
4651000 -1.47537399103426
4652000 -1.44571616471435
4653000 -1.48263293079738
4654000 -1.45994619756327
4655000 -1.46777904124564
4656000 -1.48462770837605
4657000 -1.46009346881521
4658000 -1.46295446763529
4659000 -1.482618242171
4660000 -1.48440115412889
4661000 -1.46553116776467
4662000 -1.47497438566566
4663000 -1.46176189955275
4664000 -1.48488722934393
4665000 -1.47165172385106
4666000 -1.46386850033524
4667000 -1.48459193179297
4668000 -1.45739715672355
4669000 -1.49485611371001
4670000 -1.4553575935676
4671000 -1.49051092784229
4672000 -1.4935691406005
4673000 -1.45916895174911
4674000 -1.49076274038808
4675000 -1.44844840248207
4676000 -1.50480681283808
4677000 -1.47960780292809
4678000 -1.45211142227438
4679000 -1.49744473206115
4680000 -1.44327473999181
4681000 -1.51102207093305
4682000 -1.45927487625105
4683000 -1.46708263749161
4684000 -1.50700274435084
4685000 -1.45115395398329
4686000 -1.51568110963077
4687000 -1.44320857888461
4688000 -1.48191162693764
4689000 -1.5046392126986
4690000 -1.44922906233902
4691000 -1.49169285206071
4692000 -1.46895630107937
4693000 -1.48834280590509
4694000 -1.47944102000324
4695000 -1.43983689265598
4696000 -1.50941852632657
4697000 -1.46412205792421
4698000 -1.49608797625015
4699000 -1.4717745882051
4700000 -1.48933907179334
4701000 -1.4899495343558
4702000 -1.45752529779535
4703000 -1.49290660725693
4704000 -1.50042128680075
4705000 -1.49356374138921
4706000 -1.49118724634376
4707000 -1.50562913691528
4708000 -1.48623985757279
4709000 -1.49480169077842
4710000 -1.49752477401139
4711000 -1.4989482114888
4712000 -1.47563318425882
4713000 -1.47038912040034
4714000 -1.52071507880089
4715000 -1.45536590223078
4716000 -1.51502371664385
4717000 -1.49057475100125
4718000 -1.48474521692162
4719000 -1.52762958483857
4720000 -1.46175035022298
4721000 -1.5393455525523
4722000 -1.48642488578097
4723000 -1.47790478937393
4724000 -1.53496861242281
4725000 -1.45355997072353
4726000 -1.53692597752648
4727000 -1.45950611614971
4728000 -1.51698595923736
4729000 -1.51408526685239
4730000 -1.46474871911421
4731000 -1.5250959007628
4732000 -1.48238710014096
4733000 -1.52945246214936
4734000 -1.49590802525732
4735000 -1.46209018407171
4736000 -1.52092938377731
4737000 -1.45949298737034
4738000 -1.53066863855422
4739000 -1.48183630191477
4740000 -1.49033513164751
4741000 -1.5188346679858
4742000 -1.48860588155085
4743000 -1.52301537223794
4744000 -1.48548845581505
4745000 -1.48412838636148
4746000 -1.53027515907027
4747000 -1.4750553359483
4748000 -1.52657537427901
4749000 -1.49736737002308
4750000 -1.48959485191811
4751000 -1.53779704944547
4752000 -1.47431401628599
4753000 -1.53429159604641
4754000 -1.50162759406429
4755000 -1.4832618678673
4756000 -1.52522159498316
4757000 -1.4665710095859
4758000 -1.53849333068644
4759000 -1.51968175039041
4760000 -1.47566496222854
4761000 -1.53779289523375
4762000 -1.47043752013295
4763000 -1.53433561621467
4764000 -1.51419269163417
4765000 -1.50035423830283
4766000 -1.51381330960476
4767000 -1.47246878182939
4768000 -1.51679232175425
4769000 -1.50223237208359
4770000 -1.50881839316446
4771000 -1.51516888014149
4772000 -1.47230182106436
4773000 -1.56081169489994
4774000 -1.50416728857203
4775000 -1.51896036458105
4776000 -1.50819194526476
4777000 -1.50781690019442
4778000 -1.53114281750047
4779000 -1.47949794325234
4780000 -1.50970433171231
4781000 -1.52026234156611
4782000 -1.52234885153867
4783000 -1.51124253229484
4784000 -1.51070165015164
4785000 -1.51613178147266
4786000 -1.51234314660522
4787000 -1.52711429928659
4788000 -1.4992753318291
4789000 -1.53660818063208
4790000 -1.5083410725883
4791000 -1.53481786514367
4792000 -1.51853394879944
4793000 -1.48894329421074
4794000 -1.56874060770291
4795000 -1.49593637210197
4796000 -1.5227451571033
4797000 -1.50927217959362
4798000 -1.52689653774176
4799000 -1.5315671274874
4800000 -1.49340434965433
4801000 -1.5508458731536
4802000 -1.50866021377454
4803000 -1.51669528430048
4804000 -1.54716785162657
4805000 -1.49534140938782
4806000 -1.56146096455203
4807000 -1.50571084975306
4808000 -1.51842914518074
4809000 -1.51816985147004
4810000 -1.51340149334866
4811000 -1.53170305920454
4812000 -1.50241560009975
4813000 -1.54855277775112
4814000 -1.51971617709804
4815000 -1.50533966883685
4816000 -1.52104739783244
4817000 -1.5418060058853
4818000 -1.5102102807766
4819000 -1.52361439047406
4820000 -1.52501796513704
4821000 -1.52678163953148
4822000 -1.53702082682478
4823000 -1.50840132966999
4824000 -1.54196905864102
4825000 -1.55214649125048
4826000 -1.49347829925114
4827000 -1.55681578857523
4828000 -1.5037868932743
4829000 -1.54606553619982
4830000 -1.53749957757251
4831000 -1.49169217733545
4832000 -1.5670048061449
4833000 -1.53653707748029
4834000 -1.54204631610235
4835000 -1.50659910158375
4836000 -1.52293757673885
4837000 -1.56052020909297
4838000 -1.53743852433851
4839000 -1.52757069754874
4840000 -1.53725121774683
4841000 -1.51511865734705
4842000 -1.54737640582339
4843000 -1.50956250901611
4844000 -1.52913192831056
4845000 -1.54128512803908
4846000 -1.53368803311347
4847000 -1.53759887476504
4848000 -1.52870147771959
4849000 -1.54251397443084
4850000 -1.53992367025299
4851000 -1.53924641052694
4852000 -1.53542172148151
4853000 -1.54141513849548
4854000 -1.54443605912772
4855000 -1.5496426723371
4856000 -1.5200211347749
4857000 -1.55872364828087
4858000 -1.52934121862238
4859000 -1.5311763643298
4860000 -1.56070265781153
4861000 -1.52654088214154
4862000 -1.52023633223641
4863000 -1.55365823224123
4864000 -1.53673724031936
4865000 -1.56423861141406
4866000 -1.50551925552404
4867000 -1.55866690008543
4868000 -1.55457962426773
4869000 -1.52471930513949
4870000 -1.56361807283814
4871000 -1.51124535481035
4872000 -1.55153688772641
4873000 -1.55527381771733
4874000 -1.50229671315919
4875000 -1.56624308108325
4876000 -1.53237216672159
4877000 -1.54965763714362
4878000 -1.54437547992076
4879000 -1.51760569929559
4880000 -1.56957123370403
4881000 -1.50908003130542
4882000 -1.55367233826111
4883000 -1.53466742567969
4884000 -1.53619219555619
4885000 -1.57944668858616
4886000 -1.49300334842016
4887000 -1.56656541574723
4888000 -1.5469864232549
4889000 -1.53447278329187
4890000 -1.56602695434504
4891000 -1.52211054975279
4892000 -1.57127125475127
4893000 -1.52574703482496
4894000 -1.53880105279114
4895000 -1.58899033906559
4896000 -1.51208174384951
4897000 -1.56284441670866
4898000 -1.54635871540877
4899000 -1.52833444801228
4900000 -1.59037111625548
4901000 -1.48911220462945
4902000 -1.58754668205451
4903000 -1.5496464681355
4904000 -1.5556716884835
4905000 -1.56434772638632
4906000 -1.4968060935376
4907000 -1.60477144629356
4908000 -1.54438831684328
4909000 -1.54446491681516
4910000 -1.57090968672996
4911000 -1.51147595923283
4912000 -1.59408948905133
4913000 -1.52592423873184
4914000 -1.5808253735146
4915000 -1.56463980232761
4916000 -1.51511302278495
4917000 -1.58671975747833
4918000 -1.5189562502533
4919000 -1.59707570449522
4920000 -1.55688882425905
4921000 -1.53581045489475
4922000 -1.5766800991477
4923000 -1.5302269496945
4924000 -1.58893294270114
4925000 -1.54756399741416
4926000 -1.57114303256364
4927000 -1.59001574682542
4928000 -1.5127024827695
4929000 -1.57395531085723
4930000 -1.5740597906209
4931000 -1.55781795600915
4932000 -1.59698424606114
4933000 -1.54046624621897
4934000 -1.5765052136608
4935000 -1.57765882789164
4936000 -1.55731660663995
4937000 -1.56816611955517
4938000 -1.55901160103551
4939000 -1.56830341871436
4940000 -1.59431573534193
4941000 -1.52155754512401
4942000 -1.60761618448306
4943000 -1.56791058100001
4944000 -1.56518864072388
4945000 -1.59070141072735
4946000 -1.53642042176345
4947000 -1.62145274109215
4948000 -1.54066024763304
4949000 -1.59657883193392
4950000 -1.55551303078314
4951000 -1.56513191959079
4952000 -1.60968976181977
4953000 -1.5118647776803
4954000 -1.603065142573
4955000 -1.55552798449721
4956000 -1.58480416087624
4957000 -1.58984569189253
4958000 -1.55104932966289
4959000 -1.60059466885438
4960000 -1.55724719583288
4961000 -1.59388934429081
4962000 -1.56104756213896
4963000 -1.57179190658519
4964000 -1.59814043570143
4965000 -1.56964899069399
4966000 -1.57612209805416
4967000 -1.59300111427077
4968000 -1.56400832296123
4969000 -1.59947079834598
4970000 -1.56637652984397
4971000 -1.58178554679645
4972000 -1.58389700247478
4973000 -1.5606562380671
4974000 -1.59075636434915
4975000 -1.5562695062058
4976000 -1.60909702846328
4977000 -1.58931726265295
4978000 -1.54892616945959
4979000 -1.59880525294186
4980000 -1.56940704093133
4981000 -1.57485158387349
4982000 -1.60764983745286
4983000 -1.56073973593994
4984000 -1.6173815342124
4985000 -1.56863707818908
4986000 -1.57261180224455
4987000 -1.62009838928451
4988000 -1.54134343012094
4989000 -1.6151923120271
4990000 -1.53302108416931
4991000 -1.63255418401515
4992000 -1.58674236136221
4993000 -1.54159697648767
4994000 -1.62453125751162
4995000 -1.53529391238604
4996000 -1.62371788896253
4997000 -1.55726742046269
4998000 -1.59388181935751
4999000 -1.60820745857276
5000000 -1.54248845318495
5001000 -1.61120872236125
5002000 -1.56948874144982
5003000 -1.6040544566513
5004000 -1.58516232538981
5005000 -1.58342360188939
5006000 -1.5995757785344
5007000 -1.59153958044799
5008000 -1.58951305008369
5009000 -1.60350313757087
5010000 -1.57189481135036
5011000 -1.59464745885897
5012000 -1.59283523739548
5013000 -1.57840469674045
5014000 -1.59351274225408
5015000 -1.59612803973652
5016000 -1.61017453687802
5017000 -1.56556741128547
5018000 -1.60668891491377
5019000 -1.59504102294155
5020000 -1.59821811962585
5021000 -1.61414745615129
5022000 -1.56529385413245
5023000 -1.60352415078287
5024000 -1.58207257968133
5025000 -1.60027808142284
5026000 -1.59419477741083
5027000 -1.59536434569462
5028000 -1.60503714469392
5029000 -1.58666406839194
5030000 -1.61165296246092
5031000 -1.58569671888133
5032000 -1.59589804140084
5033000 -1.61664097957793
5034000 -1.5606167686429
5035000 -1.62751851811027
5036000 -1.56344787232615
5037000 -1.62770676483004
5038000 -1.60545497838933
5039000 -1.57687921456625
5040000 -1.62710004047895
5041000 -1.57073390141951
5042000 -1.63382727785212
5043000 -1.58306056104132
5044000 -1.59746788131342
5045000 -1.61858197856143
5046000 -1.59306435980212
5047000 -1.62556338117529
5048000 -1.57898377252761
5049000 -1.61883689440079
5050000 -1.61567180788569
5051000 -1.58019410411957
5052000 -1.63212533128528
5053000 -1.58864963888979
5054000 -1.6131344309369
5055000 -1.61425324171934
5056000 -1.60387227371559
5057000 -1.62126784757432
5058000 -1.58905775301079
5059000 -1.61155835077239
5060000 -1.60571929776945
5061000 -1.60274813032587
5062000 -1.58635091682562
5063000 -1.59541861927655
5064000 -1.6220251587914
5065000 -1.61363687295673
5066000 -1.58282023595505
5067000 -1.61980446283544
5068000 -1.59319110165844
5069000 -1.635767797285
5070000 -1.59962632851543
5071000 -1.60879387438289
5072000 -1.63531600997674
5073000 -1.58343762804597
5074000 -1.64458076573758
5075000 -1.56497580243548
5076000 -1.64650030793183
5077000 -1.62007479006326
5078000 -1.61014915211375
5079000 -1.62560505248608
5080000 -1.59202995204348
5081000 -1.6631982870357
5082000 -1.59809925137284
5083000 -1.60085353673799
5084000 -1.62609129222577
5085000 -1.61416574916483
5086000 -1.63122187028564
5087000 -1.59701350562108
5088000 -1.61041820287877
5089000 -1.64207877342861
5090000 -1.61695534965399
5091000 -1.631482023165
5092000 -1.59552732748185
5093000 -1.63668305174555
5094000 -1.64725094224648
5095000 -1.61174755668809
5096000 -1.63234897598848
5097000 -1.60350385171991
5098000 -1.63644682522847
5099000 -1.62790583063742
5100000 -1.60985924080802
5101000 -1.6488106771369
5102000 -1.59380620128619
5103000 -1.64638930725995
5104000 -1.61785479522924
5105000 -1.650233991271
5106000 -1.64668882626936
5107000 -1.61840717285406
5108000 -1.62906079111727
5109000 -1.63250870102791
5110000 -1.64536136504652
5111000 -1.61219365488253
5112000 -1.61303337318364
5113000 -1.63609927416059
5114000 -1.62735889966585
5115000 -1.63539616461744
5116000 -1.60685691871985
5117000 -1.64126911289925
5118000 -1.63719738980485
5119000 -1.62408087782202
5120000 -1.60633357908766
5121000 -1.64747591146171
5122000 -1.61868416135459
5123000 -1.63199129232846
5124000 -1.62313456576039
5125000 -1.63573544510595
5126000 -1.65929857330659
5127000 -1.61107586712106
5128000 -1.64946444964725
5129000 -1.61096697956714
5130000 -1.65264333072446
5131000 -1.63354291036561
5132000 -1.59829695111712
5133000 -1.65773453167881
5134000 -1.6044956751067
5135000 -1.67982663107376
5136000 -1.59585238019074
5137000 -1.65440048107031
5138000 -1.65301850966015
5139000 -1.61293216459426
5140000 -1.64217837875973
5141000 -1.60662257325354
5142000 -1.68182969461296
5143000 -1.62173800757935
5144000 -1.64037067530189
5145000 -1.64357859308176
5146000 -1.64869528409734
5147000 -1.63137054783079
5148000 -1.63966582125913
5149000 -1.63749960347895
5150000 -1.66292944841893
5151000 -1.64128147707199
5152000 -1.62980991160177
5153000 -1.66685986695215
5154000 -1.61595139483909
5155000 -1.66722696041776
5156000 -1.61589000520833
5157000 -1.6414534516836
5158000 -1.64004088674863
5159000 -1.61375455528647
5160000 -1.68061132286848
5161000 -1.63299027470784
5162000 -1.66694980694655
5163000 -1.65073146441777
5164000 -1.63776146024428
5165000 -1.68507026813505
5166000 -1.62383268367107
5167000 -1.68836497241269
5168000 -1.626735796979
5169000 -1.65015918424713
5170000 -1.66870286618817
5171000 -1.6286207375721
5172000 -1.68263793254492
5173000 -1.62095194532207
5174000 -1.68121265563609
5175000 -1.63712260564383
5176000 -1.65025047483439
5177000 -1.65668611888173
5178000 -1.64159729005983
5179000 -1.65676415489861
5180000 -1.65571677906257
5181000 -1.65875617385891
5182000 -1.60671472675396
5183000 -1.67619056598222
5184000 -1.63611786903946
5185000 -1.68725629933965
5186000 -1.636521517552
5187000 -1.67556922254693
5188000 -1.64198772639853
5189000 -1.64879780434742
5190000 -1.67322117428078
5191000 -1.62508973159172
5192000 -1.67417213740131
5193000 -1.66372634537968
5194000 -1.61787407369968
5195000 -1.67170908216383
5196000 -1.62276835994283
5197000 -1.70678395621311
5198000 -1.64475208326731
5199000 -1.63532499383161
5200000 -1.67102292944743
5201000 -1.65342192813954
5202000 -1.67936576654357
5203000 -1.62917175683083
5204000 -1.66323555427172
5205000 -1.67201044550022
5206000 -1.64001016671102
5207000 -1.6805928424499
5208000 -1.64413420704343
5209000 -1.70045626207265
5210000 -1.64479621586454
5211000 -1.66078607432062
5212000 -1.64584462158292
5213000 -1.67983967323232
5214000 -1.69505031326589
5215000 -1.63476179353634
5216000 -1.66732628434786
5217000 -1.67493977080152
5218000 -1.67332345822987
5219000 -1.65553402868935
5220000 -1.66114964016139
5221000 -1.6636600105741
5222000 -1.6841505395144
5223000 -1.65991760141845
5224000 -1.6532450790333
5225000 -1.68620938327892
5226000 -1.64016202579066
5227000 -1.71170965452416
5228000 -1.63995982412189
5229000 -1.66938939484715
5230000 -1.69272831895289
5231000 -1.67772613409103
5232000 -1.70836618564465
5233000 -1.63185904795266
5234000 -1.70710988108049
5235000 -1.66734582132581
5236000 -1.67852521137127
5237000 -1.67475402445396
5238000 -1.67815316644656
5239000 -1.7101866262812
5240000 -1.64643171572486
5241000 -1.69314829674081
5242000 -1.68638209458782
5243000 -1.67996855196991
5244000 -1.68473259114024
5245000 -1.65045235640592
5246000 -1.69897366266424
5247000 -1.69357208299031
5248000 -1.66714838211631
5249000 -1.67560495374523
5250000 -1.65705307754608
5251000 -1.70661523508586
5252000 -1.66987583661305
5253000 -1.66137986413546
5254000 -1.67589828190431
5255000 -1.67220036598597
5256000 -1.72067320402213
5257000 -1.64223611014723
5258000 -1.69637405444903
5259000 -1.70389857468836
5260000 -1.67079303100563
5261000 -1.71063174097874
5262000 -1.64204528335412
5263000 -1.71288750432497
5264000 -1.68150637742833
5265000 -1.67048932702798
5266000 -1.71329042400077
5267000 -1.650668026692
5268000 -1.72766537197288
5269000 -1.65800231848711
5270000 -1.68192070802851
5271000 -1.69938995223261
5272000 -1.65149849322043
5273000 -1.70764962221193
5274000 -1.65803630804372
5275000 -1.69372411113489
5276000 -1.69568306368643
5277000 -1.65318258012804
5278000 -1.71165962253046
5279000 -1.63236957846407
5280000 -1.71455669957087
5281000 -1.69212769489593
5282000 -1.66532285015082
5283000 -1.72019265026515
5284000 -1.6522661191125
5285000 -1.70977030272999
5286000 -1.63271763592263
5287000 -1.69456550152347
5288000 -1.70167485522911
5289000 -1.66291053338144
5290000 -1.72122203643028
5291000 -1.64315221627098
5292000 -1.71721963573525
5293000 -1.69799456312875
5294000 -1.69344013623438
5295000 -1.68295489395491
5296000 -1.64799011562075
5297000 -1.74939051676872
5298000 -1.67201165800139
5299000 -1.6720121295852
5300000 -1.71481356715873
5301000 -1.67714947217743
5302000 -1.73103056521551
5303000 -1.6479771575857
5304000 -1.71025801996884
5305000 -1.72447799834199
5306000 -1.66593480120019
5307000 -1.71559581682324
5308000 -1.66150264862649
5309000 -1.71038135827214
5310000 -1.72007562171298
5311000 -1.64736764067716
5312000 -1.73325026517387
5313000 -1.67201726305105
5314000 -1.72308766037763
5315000 -1.68701776957726
5316000 -1.68248316784459
5317000 -1.74519550035115
5318000 -1.67401798604938
5319000 -1.73658216817005
5320000 -1.65392581138433
5321000 -1.71716478698306
5322000 -1.71881846225312
5323000 -1.68958993738337
5324000 -1.74343472341819
5325000 -1.64917830985165
5326000 -1.72309082378704
5327000 -1.72312116297272
5328000 -1.67609960684844
5329000 -1.70786346701762
5330000 -1.67171567825746
5331000 -1.76557041452973
5332000 -1.67283791011255
5333000 -1.7031939639488
5334000 -1.71324512197738
5335000 -1.70010115032145
5336000 -1.73549141589405
5337000 -1.63930080521723
5338000 -1.73952198831528
5339000 -1.69697957984258
5340000 -1.71776601332299
5341000 -1.68778795671109
5342000 -1.68031081174279
5343000 -1.73694750912095
5344000 -1.70118091983185
5345000 -1.70801130060631
5346000 -1.71563015751862
5347000 -1.73141739396484
5348000 -1.72307384133891
5349000 -1.7019636930654
5350000 -1.70683054058983
5351000 -1.74008610579738
5352000 -1.68204287937221
5353000 -1.73249819119455
5354000 -1.6896021890445
5355000 -1.75007757596334
5356000 -1.69858600770457
5357000 -1.7199462691116
5358000 -1.71707655515205
5359000 -1.70840668505407
5360000 -1.72292298092923
5361000 -1.68382874209729
5362000 -1.73870365591739
5363000 -1.71310891542294
5364000 -1.7293218608602
5365000 -1.68619014966852
5366000 -1.69324461148677
5367000 -1.7569901586995
5368000 -1.68760638115116
5369000 -1.75291475536369
5370000 -1.68994575369204
5371000 -1.75946531720637
5372000 -1.71421299141893
5373000 -1.70981350890561
5374000 -1.72822831796442
5375000 -1.72411881747035
5376000 -1.75673183811116
5377000 -1.6973420160265
5378000 -1.73350022576792
5379000 -1.73763440719585
5380000 -1.74254834249944
5381000 -1.70388462328342
5382000 -1.70067581334075
5383000 -1.74012826646371
5384000 -1.73231898443073
5385000 -1.71216756264728
5386000 -1.6950350779601
5387000 -1.7519193554178
5388000 -1.71594029214704
5389000 -1.73994769446208
5390000 -1.69338333681144
5391000 -1.74821845740409
5392000 -1.70964327648325
5393000 -1.7222226622141
5394000 -1.71749418029616
5395000 -1.70716000010379
5396000 -1.74291413583093
5397000 -1.68277832258019
5398000 -1.75280464482936
5399000 -1.70559947108943
5400000 -1.74528074923292
5401000 -1.70746329550413
5402000 -1.72996394151405
5403000 -1.7283781622138
5404000 -1.72644021857102
5405000 -1.75256475496299
5406000 -1.69478068002188
5407000 -1.77069707967234
5408000 -1.71770985805211
5409000 -1.71918273734158
5410000 -1.74792688622891
5411000 -1.72913622819464
5412000 -1.76144798788954
5413000 -1.70907247933894
5414000 -1.74708111651231
5415000 -1.72826069496395
5416000 -1.73630645786963
5417000 -1.74052991436353
5418000 -1.71295312347096
5419000 -1.75192434992559
5420000 -1.73706294713987
5421000 -1.72081363369674
5422000 -1.72663777088663
5423000 -1.73679639877443
5424000 -1.75634237853963
5425000 -1.71619675979433
5426000 -1.72351119166533
5427000 -1.73447848417617
5428000 -1.73586618133501
5429000 -1.73803007972124
5430000 -1.71939843296837
5431000 -1.77891104682366
5432000 -1.73025564924896
5433000 -1.75571366785962
5434000 -1.7466156200973
5435000 -1.74313632863912
5436000 -1.77447406405503
5437000 -1.70065785080908
5438000 -1.78065285000446
5439000 -1.71360731052442
5440000 -1.76353894653113
5441000 -1.72926784703659
5442000 -1.72683204457011
5443000 -1.7640504910347
5444000 -1.73466203105609
5445000 -1.76979829472389
5446000 -1.70246271542498
5447000 -1.7675816518897
5448000 -1.73190486781385
5449000 -1.75180555515946
5450000 -1.74616317022255
5451000 -1.73157698612425
5452000 -1.79425970004752
5453000 -1.73631147316467
5454000 -1.7539221928287
5455000 -1.76135348349464
5456000 -1.74497520057152
5457000 -1.75437668058868
5458000 -1.75786548558757
5459000 -1.7559116651255
5460000 -1.75774831795428
5461000 -1.74026183874074
5462000 -1.76774485807957
5463000 -1.74912517979211
5464000 -1.75383919913847
5465000 -1.76728925418712
5466000 -1.73966080734241
5467000 -1.79840300883857
5468000 -1.71306492051862
5469000 -1.78870707672708
5470000 -1.73410532296789
5471000 -1.77465591369505
5472000 -1.78039198233354
5473000 -1.71751877167741
5474000 -1.78909377860571
5475000 -1.70703035748426
5476000 -1.81134196692509
5477000 -1.71389952334401
5478000 -1.77447875792609
5479000 -1.74268017846397
5480000 -1.74964570814269
5481000 -1.76253684978501
5482000 -1.70970787797259
5483000 -1.80951157029905
5484000 -1.72114341576666
5485000 -1.7905440801399
5486000 -1.73514782296521
5487000 -1.762848874558
5488000 -1.76425370482865
5489000 -1.74815457710174
5490000 -1.78246966476562
5491000 -1.74427600478097
5492000 -1.79445724864519
5493000 -1.74472957953714
5494000 -1.76421698465307
5495000 -1.75917037466692
5496000 -1.76531431949293
5497000 -1.76623288013734
5498000 -1.73345086155536
5499000 -1.77476979168604
5500000 -1.77633966070369
5501000 -1.75009543093987
5502000 -1.77545408719215
5503000 -1.76888489270893
5504000 -1.77034881550065
5505000 -1.79127247333203
5506000 -1.73912951910418
5507000 -1.78053271051845
5508000 -1.75348231584548
5509000 -1.79901864164126
5510000 -1.73487233671293
5511000 -1.80747389067739
5512000 -1.77972805014785
5513000 -1.75533840728948
5514000 -1.7856308717402
5515000 -1.7416344236304
5516000 -1.79789845449803
5517000 -1.74402837565678
5518000 -1.7785272303916
5519000 -1.78594223807743
5520000 -1.74618496385049
5521000 -1.80792148183018
5522000 -1.73301889121466
5523000 -1.82027150994251
5524000 -1.7389369075923
5525000 -1.79206817482022
5526000 -1.77302726568988
5527000 -1.7555266291198
5528000 -1.79763059621272
5529000 -1.72436450357238
5530000 -1.79728122977584
5531000 -1.73824717757719
5532000 -1.81233965920946
5533000 -1.75667617715871
5534000 -1.78775325159882
5535000 -1.76370362540148
5536000 -1.75128308854903
5537000 -1.79961651807784
5538000 -1.72903698217376
5539000 -1.81359015663084
5540000 -1.74147761663361
5541000 -1.81419639594759
5542000 -1.76226706942307
5543000 -1.7911792792081
5544000 -1.75739012472262
5545000 -1.79279137390326
5546000 -1.77875110425538
5547000 -1.75294902768914
5548000 -1.80973566323136
5549000 -1.76473147763167
5550000 -1.8240231043267
5551000 -1.73745272399653
5552000 -1.80521581925016
5553000 -1.76768938198456
5554000 -1.80168462961757
5555000 -1.74909537806133
5556000 -1.78403414342681
5557000 -1.79269818821643
5558000 -1.77374017991423
5559000 -1.81254011861061
5560000 -1.72612620610992
5561000 -1.82260765527782
5562000 -1.75260529718989
5563000 -1.80911740380893
5564000 -1.77538524616123
5565000 -1.77749755831051
5566000 -1.80047648967325
5567000 -1.75896297064348
5568000 -1.83138619601871
5569000 -1.75720983908116
5570000 -1.80588804738959
5571000 -1.75964989182735
5572000 -1.80276123155332
5573000 -1.79374606619381
5574000 -1.79930254380315
5575000 -1.79044448273939
5576000 -1.78626400205069
5577000 -1.81863049127797
5578000 -1.77879869893871
5579000 -1.79060240164595
5580000 -1.79267581786749
5581000 -1.82260931301213
5582000 -1.76564325449015
5583000 -1.78871237962728
5584000 -1.77858572278749
5585000 -1.82518462782507
5586000 -1.77717859240914
5587000 -1.79057210372072
5588000 -1.79353708423125
5589000 -1.79661421101069
5590000 -1.81525274859609
5591000 -1.75953805157474
5592000 -1.82913002398061
5593000 -1.76913652836018
5594000 -1.83074197007186
5595000 -1.74327090207576
5596000 -1.83460900649037
5597000 -1.7803147920232
5598000 -1.78830039163345
5599000 -1.80513439995891
5600000 -1.79439342539162
5601000 -1.84142682564413
5602000 -1.73360600693075
5603000 -1.85609884399457
5604000 -1.75061760163268
5605000 -1.82459460649959
5606000 -1.79493181387053
5607000 -1.78298033192824
5608000 -1.83817140411563
5609000 -1.74867927384842
5610000 -1.85283125361223
5611000 -1.76243189458394
5612000 -1.84336335344339
5613000 -1.79925317290378
5614000 -1.80729935446519
5615000 -1.84393260085683
5616000 -1.76086043851153
5617000 -1.83779302607899
5618000 -1.7667921933654
5619000 -1.83367949892441
5620000 -1.80744534845919
5621000 -1.79383090036694
5622000 -1.82198058675647
5623000 -1.7714533983875
5624000 -1.8465979725339
5625000 -1.78686311930552
5626000 -1.81073768832082
5627000 -1.8351975198655
5628000 -1.7721257530815
5629000 -1.86789434651138
5630000 -1.74992890906902
5631000 -1.87968670105066
5632000 -1.79287271135824
5633000 -1.82127199542904
5634000 -1.81771053631956
5635000 -1.771398893918
5636000 -1.88674531489572
5637000 -1.75260794683842
5638000 -1.86541717704845
5639000 -1.77449671714044
5640000 -1.81697177809212
5641000 -1.83456173526381
5642000 -1.77375066366108
5643000 -1.87056709252705
5644000 -1.74346954085523
5645000 -1.87011648393658
5646000 -1.79905420933191
5647000 -1.81591112915572
5648000 -1.82752890272103
5649000 -1.77322483550628
5650000 -1.88270298729273
5651000 -1.76213302405717
5652000 -1.86691177152798
5653000 -1.78684568429145
5654000 -1.82865558565721
5655000 -1.84299796458076
5656000 -1.78451944407643
5657000 -1.89250765021978
5658000 -1.76258259342956
5659000 -1.87947740251833
5660000 -1.79250386968743
5661000 -1.83402932828191
5662000 -1.85353004044953
5663000 -1.78588073221642
5664000 -1.84773135420186
5665000 -1.79124971423377
5666000 -1.8572399697498
5667000 -1.83304947711313
5668000 -1.79649636099022
5669000 -1.88258799746931
5670000 -1.75820948080659
5671000 -1.90580454844785
5672000 -1.79203843207079
5673000 -1.85031193116482
5674000 -1.83663716993921
5675000 -1.78053552125485
5676000 -1.87158105232001
5677000 -1.76807146518824
5678000 -1.88237313695994
5679000 -1.75710187761251
5680000 -1.8700859209789
5681000 -1.82460725016077
5682000 -1.80402357144107
5683000 -1.8471000126149
5684000 -1.77839747074226
5685000 -1.8994525409059
5686000 -1.76733978929314
5687000 -1.85718986804054
5688000 -1.81622338443913
5689000 -1.84260808254219
5690000 -1.84849519116799
5691000 -1.7992665568901
5692000 -1.87327206353048
5693000 -1.84006682467065
5694000 -1.85144468429863
5695000 -1.83457814238696
5696000 -1.79084049656461
5697000 -1.89474298154112
5698000 -1.78565945680241
5699000 -1.83906313737351
5700000 -1.82926676952417
5701000 -1.84739596099702
5702000 -1.85646784599861
5703000 -1.80503974372969
5704000 -1.87185823594657
5705000 -1.823681813865
5706000 -1.85022791769121
5707000 -1.81458513399454
5708000 -1.8486845363935
5709000 -1.89511336430825
5710000 -1.79147267751151
5711000 -1.88469164664992
5712000 -1.804102955312
5713000 -1.88259835254186
5714000 -1.81753817866744
5715000 -1.83602639450096
5716000 -1.88129790583562
5717000 -1.8049154197287
5718000 -1.86530025840608
5719000 -1.78212748191911
5720000 -1.86580579316123
5721000 -1.84795630885923
5722000 -1.83202943379861
5723000 -1.87338897384687
5724000 -1.78450410323772
5725000 -1.90663907952438
5726000 -1.78464039937347
5727000 -1.86605219227996
5728000 -1.83367835631311
5729000 -1.83771169351294
5730000 -1.87311940614793
5731000 -1.78025155800735
5732000 -1.92430183309275
5733000 -1.79810239157934
5734000 -1.89830260062779
5735000 -1.80410580854023
5736000 -1.84095896223866
5737000 -1.85952927501013
5738000 -1.81800849780899
5739000 -1.89898870529827
5740000 -1.79546045139211
5741000 -1.90258649533377
5742000 -1.81957098632778
5743000 -1.85916513589262
5744000 -1.86488790803783
5745000 -1.83178733316453
5746000 -1.89386404924651
5747000 -1.80863429594985
5748000 -1.89100770302331
5749000 -1.83134522951347
5750000 -1.86432478225022
5751000 -1.84923551823758
5752000 -1.81848602475875
5753000 -1.89242594109011
5754000 -1.81559546504518
5755000 -1.87458879420277
5756000 -1.84086165959434
5757000 -1.8512373133189
5758000 -1.88114090270501
5759000 -1.80840940312663
5760000 -1.89450556427499
5761000 -1.82306709467561
5762000 -1.86708629331541
5763000 -1.83701057387757
5764000 -1.85700315144018
5765000 -1.89035832816051
5766000 -1.80430408198958
5767000 -1.88614726855003
5768000 -1.81325662956165
5769000 -1.90046058455349
5770000 -1.81101079362842
5771000 -1.88606536255493
5772000 -1.88466354081681
5773000 -1.82766298605132
5774000 -1.8900264420571
5775000 -1.83795178952468
5776000 -1.91753853620117
5777000 -1.84259286387666
5778000 -1.86575750534221
5779000 -1.86558510060922
5780000 -1.84215156748605
5781000 -1.91578010764679
5782000 -1.83332166168293
5783000 -1.8786409515121
5784000 -1.83608243565529
5785000 -1.86190736799066
5786000 -1.91220102684156
5787000 -1.80316137034858
5788000 -1.92462325501973
5789000 -1.81796647605827
5790000 -1.89574885710881
5791000 -1.8286589933356
5792000 -1.85770500094116
5793000 -1.92906672688301
5794000 -1.81384339204804
5795000 -1.92639061968252
5796000 -1.80227615731591
5797000 -1.9171185019702
5798000 -1.82828372461075
5799000 -1.8890267418445
5800000 -1.89534521358216
5801000 -1.83309823805831
5802000 -1.92158073757509
5803000 -1.82614086309278
5804000 -1.90942388240104
5805000 -1.85270080665763
5806000 -1.87764096827335
5807000 -1.90076744881929
5808000 -1.83230440623699
5809000 -1.91182354083357
5810000 -1.81821569767722
5811000 -1.91343346372313
5812000 -1.84763584749236
5813000 -1.89901114171422
5814000 -1.90146864561152
5815000 -1.81935298801493
5816000 -1.95123524989003
5817000 -1.80944478252276
5818000 -1.93577260632769
5819000 -1.83180356355143
5820000 -1.89991332966671
5821000 -1.89126426936965
5822000 -1.82972676916451
5823000 -1.94585399614349
5824000 -1.80351721604512
5825000 -1.93817279983235
5826000 -1.82886876436507
5827000 -1.93315112911718
5828000 -1.88226110912253
5829000 -1.8731697302076
5830000 -1.91011003158643
5831000 -1.83345307184211
5832000 -1.948011253191
5833000 -1.84239077338658
5834000 -1.90670491929731
5835000 -1.86751457049988
5836000 -1.88158086232418
5837000 -1.91256906955
5838000 -1.8438851413336
5839000 -1.92489130648599
5840000 -1.85965910331847
5841000 -1.90957013763461
5842000 -1.85391396172993
5843000 -1.87952951656438
5844000 -1.94465028278529
5845000 -1.84191213649308
5846000 -1.9308669068928
5847000 -1.8428624708862
5848000 -1.95367209097886
5849000 -1.8560368252694
5850000 -1.90220130899312
5851000 -1.90653340015258
5852000 -1.88388546797984
5853000 -1.9071184150966
5854000 -1.86333731837909
5855000 -1.92705877001561
5856000 -1.88753475071183
5857000 -1.89300749809573
5858000 -1.9122579795146
5859000 -1.86129550116899
5860000 -1.94064277140403
5861000 -1.86311074411851
5862000 -1.91863158388375
5863000 -1.87191160616189
5864000 -1.91069152825278
5865000 -1.91479503899339
5866000 -1.88313627239196
5867000 -1.90736297991161
5868000 -1.90053056558936
5869000 -1.9130572711511
5870000 -1.8965703139096
5871000 -1.89553311188497
5872000 -1.94718160391217
5873000 -1.82648899524345
5874000 -1.94546520376533
5875000 -1.85947148730089
5876000 -1.93366209981026
5877000 -1.89408899102542
5878000 -1.87969839805198
5879000 -1.95338276434216
5880000 -1.85323865589369
5881000 -1.94559869488617
5882000 -1.85724336265805
5883000 -1.94057276146636
5884000 -1.88112077221032
5885000 -1.87708281666993
5886000 -1.93610436852871
5887000 -1.86200367222307
5888000 -1.967884430587
5889000 -1.84084711331723
5890000 -1.95812140209657
5891000 -1.87748009453676
5892000 -1.91937192591544
5893000 -1.89952388942381
5894000 -1.88303395946089
5895000 -1.93112081500711
5896000 -1.86592330447425
5897000 -1.95667616750237
5898000 -1.86669500937394
5899000 -1.93677263065797
5900000 -1.89763430308744
5901000 -1.88368638427086
5902000 -1.94584394372247
5903000 -1.90603136442545
5904000 -1.92176793058548
5905000 -1.87826045439543
5906000 -1.9325320308299
5907000 -1.91554131777068
5908000 -1.8983242563738
5909000 -1.90560645907958
5910000 -1.90202924041076
5911000 -1.9315269440974
5912000 -1.9056349998706
5913000 -1.89080360985457
5914000 -1.94257364126705
5915000 -1.89842674805503
5916000 -1.93220136947152
5917000 -1.91539300854484
5918000 -1.92398582821132
5919000 -1.91291543227753
5920000 -1.89283548675887
5921000 -1.94376437811231
5922000 -1.86151545052832
5923000 -1.95218475915964
5924000 -1.85874388946982
5925000 -1.96076693698929
5926000 -1.88136904496667
5927000 -1.90543661304269
5928000 -1.93338435891881
5929000 -1.88222837964166
5930000 -1.98159818219635
5931000 -1.86678966233187
5932000 -1.94216908083331
5933000 -1.8867287199342
5934000 -1.94350877794342
5935000 -1.9511945177005
5936000 -1.88761713573031
5937000 -1.958863758478
5938000 -1.87440417812447
5939000 -1.98309437551107
5940000 -1.84563028268095
5941000 -1.95598263697795
5942000 -1.93661535902346
5943000 -1.91772985975949
5944000 -1.8998476919787
5945000 -1.88884769975778
5946000 -1.98594865197056
5947000 -1.86887584234546
5948000 -1.9295972463963
5949000 -1.90802567273189
5950000 -1.94735839919883
5951000 -1.92840935315662
5952000 -1.89705994187166
5953000 -1.95258580706561
5954000 -1.90362461020129
5955000 -1.94782174172028
5956000 -1.90531260504782
5957000 -1.93569038594458
5958000 -1.93722586015778
5959000 -1.89998556755779
5960000 -1.95477597635947
5961000 -1.90373511951146
5962000 -1.95594513018857
5963000 -1.91438927994002
5964000 -1.91565050941299
5965000 -1.93422120025232
5966000 -1.92069682935863
5967000 -1.94454294023671
5968000 -1.88981467376139
5969000 -1.96307478039342
5970000 -1.89795530322491
5971000 -1.93433024185733
5972000 -1.91825357140792
5973000 -1.92414584247735
5974000 -1.95839715221262
5975000 -1.89459416214968
5976000 -1.95839322080396
5977000 -1.88452058045069
5978000 -1.96526714182944
5979000 -1.89707003750368
5980000 -1.93733311912053
5981000 -1.94850675892355
5982000 -1.90620771449444
5983000 -1.93454552559838
5984000 -1.88354691388365
5985000 -1.96482378752653
5986000 -1.89996057368771
5987000 -1.92619123197845
5988000 -1.93000154546458
5989000 -1.93026904094728
5990000 -1.94767499334664
5991000 -1.87915021765564
5992000 -1.98253238155783
5993000 -1.89217747684082
5994000 -1.96307458519976
5995000 -1.91135335826824
5996000 -1.95282854957509
5997000 -1.95060341563965
5998000 -1.89715734479566
5999000 -1.98754169586776
6000000 -1.89744212393207
6001000 -1.983815908558
6002000 -1.88385176388124
6003000 -1.95586966486188
6004000 -1.94960184277153
6005000 -1.95313011227047
6006000 -1.94922921065785
6007000 -1.90256948434293
6008000 -2.00575805793902
6009000 -1.88770916188454
6010000 -1.97600423131625
6011000 -1.89176877899783
6012000 -1.9820200933573
6013000 -1.93404357604187
6014000 -1.92444405460715
6015000 -1.96816230464554
6016000 -1.92991297063635
6017000 -1.99109582745197
6018000 -1.89285253744366
6019000 -1.96653994418199
6020000 -1.95702286275715
6021000 -1.96866514047625
6022000 -1.95959277610929
6023000 -1.91301314825056
6024000 -2.00600308911419
6025000 -1.92328732975239
6026000 -1.9788626982136
6027000 -1.91509617378835
6028000 -1.95634394857243
6029000 -1.97590330654185
6030000 -1.92813564100353
6031000 -1.98679347935043
6032000 -1.89318605144358
6033000 -2.01607313811194
6034000 -1.89361679082225
6035000 -2.00549455271687
6036000 -1.94436760784992
6037000 -1.96574900947965
6038000 -1.98482852610824
6039000 -1.9079020194632
6040000 -1.99852564631155
6041000 -1.90595254275978
6042000 -2.04157772226011
6043000 -1.88637459927502
6044000 -2.01763290462179
6045000 -1.93330020549707
6046000 -1.99097373458095
6047000 -1.95795574739007
6048000 -1.91101101677145
6049000 -2.00775120626837
6050000 -1.90242078162556
6051000 -2.02319504826461
6052000 -1.90454337004215
6053000 -2.00388495404655
6054000 -1.92610068167774
6055000 -1.99270301436432
6056000 -1.95701599892162
6057000 -1.94580188193766
6058000 -1.98672994049029
6059000 -1.94833736727815
6060000 -1.98543495598646
6061000 -1.94129807653208
6062000 -1.99091186098458
6063000 -1.95745265282393
6064000 -1.95735241567814
6065000 -1.99422580342606
6066000 -1.96521280551901
6067000 -1.97308521048377
6068000 -1.95171671433571
6069000 -1.97443015803799
6070000 -1.9708419406549
6071000 -1.92984976779589
6072000 -1.9857637871372
6073000 -1.94109152460077
6074000 -2.01453710337068
6075000 -1.90410677156089
6076000 -2.01512692997922
6077000 -1.95164037222435
6078000 -1.99484872096208
6079000 -1.95183548612796
6080000 -1.9689725635806
6081000 -2.01074649039778
6082000 -1.91911098704318
6083000 -2.04205331773195
6084000 -1.89771299465052
6085000 -2.03880540501866
6086000 -1.90399189945885
6087000 -2.033168445496
6088000 -1.94370112997646
6089000 -1.9870562311566
6090000 -1.96185481449391
6091000 -1.96741229128048
6092000 -2.0181549190256
6093000 -1.90330085486817
6094000 -2.03368492643644
6095000 -1.91793132234263
6096000 -2.03319146902508
6097000 -1.89854352771006
6098000 -1.99795576868615
6099000 -1.99195046185156
6100000 -1.96516514475997
6101000 -1.99964456994809
6102000 -1.95209704916123
6103000 -2.00885890369706
6104000 -1.9251638736963
6105000 -2.01129308521566
6106000 -1.95738182617791
6107000 -1.9934102993568
6108000 -1.9672713546213
6109000 -1.97691139290303
6110000 -1.98853379074519
6111000 -1.97011063672176
6112000 -1.99511338987675
6113000 -1.95852981300713
6114000 -2.00601791785939
6115000 -1.9877208033315
6116000 -1.9472580735575
6117000 -1.99181617436881
6118000 -1.94988037940805
6119000 -2.00338092677986
6120000 -1.95633284981164
6121000 -1.98813239236129
6122000 -1.9799087636633
6123000 -1.99959660590287
6124000 -1.98218375255487
6125000 -1.9666762031747
6126000 -2.01933437376832
6127000 -1.94791183946987
6128000 -2.01921537330646
6129000 -1.94848492405612
6130000 -2.02416808597482
6131000 -1.96702564928646
6132000 -1.99524715305959
6133000 -1.9747555710539
6134000 -1.98095949302781
6135000 -2.00598074830066
6136000 -1.95899541649738
6137000 -2.03003612121668
6138000 -1.94611790311903
6139000 -2.03014745319825
6140000 -1.95056096719845
6141000 -2.03246685871987
6142000 -1.96155502549664
6143000 -1.99782627697712
6144000 -1.98610910173467
6145000 -1.97959893258532
6146000 -1.99605831415756
6147000 -1.98731400473887
6148000 -2.02875885322243
6149000 -2.00054721415496
6150000 -1.98148392279766
6151000 -1.9995110882797
6152000 -1.99388406720426
6153000 -2.02171924521685
6154000 -1.94389291231949
6155000 -2.03139389082855
6156000 -1.96542991915308
6157000 -2.01933586143262
6158000 -1.97832102915925
6159000 -1.99656454867453
6160000 -2.00367736537018
6161000 -1.98513835099159
6162000 -2.01959375388162
6163000 -1.95254363968963
6164000 -2.04116310750839
6165000 -1.95557011113108
6166000 -2.02428403400846
6167000 -1.97202785766885
6168000 -1.9928954171109
6169000 -2.00042436038741
6170000 -1.97270987681107
6171000 -2.0325297888632
6172000 -1.95485193600318
6173000 -2.03719110113937
6174000 -1.95174446221346
6175000 -2.03757172833616
6176000 -1.98101760789101
6177000 -1.99975156197523
6178000 -2.00710297704275
6179000 -1.97749430608341
6180000 -2.01750083960888
6181000 -1.95176337662435
6182000 -2.04119660547272
6183000 -1.98785622036633
6184000 -2.01552175881878
6185000 -2.00103671087545
6186000 -2.00104718312368
6187000 -2.01829394874676
6188000 -1.98874258276521
6189000 -2.03947151832734
6190000 -1.96085127080709
6191000 -2.04164077654213
6192000 -1.96642770436328
6193000 -2.02546568872928
6194000 -1.98964552150072
6195000 -2.0051864390341
6196000 -2.0358980678569
6197000 -1.96862625133848
6198000 -2.03140998936437
6199000 -1.9727127976275
6200000 -2.07187993938767
6201000 -1.95475822226755
6202000 -2.02894120917606
6203000 -1.98434479735174
6204000 -2.04709463646409
6205000 -1.9966613660195
6206000 -1.98765281055283
6207000 -2.02740025622268
6208000 -2.00961697106293
6209000 -2.03898501495211
6210000 -1.96913303816974
6211000 -2.0393628148897
6212000 -1.99739949411092
6213000 -2.00236267171356
6214000 -1.99953002156282
6215000 -2.03792325426604
6216000 -2.03170660284832
6217000 -1.99234600603357
6218000 -2.012989827871
6219000 -2.04389929749337
6220000 -2.00021735197775
6221000 -2.029980882532
6222000 -2.00449707467964
6223000 -2.06553774572222
6224000 -1.97537630325459
6225000 -2.04759022195795
6226000 -1.99150138220422
6227000 -2.05067310080691
6228000 -1.99927112812217
6229000 -2.03763458745879
6230000 -2.01961472646915
6231000 -2.00419095615895
6232000 -2.04786142390496
6233000 -1.99133954292458
6234000 -2.05037707249603
6235000 -1.98226645448842
6236000 -2.06689666685444
6237000 -1.96184845907993
6238000 -2.05350850680456
6239000 -1.99545995619913
6240000 -2.04062743315162
6241000 -2.0305417251718
6242000 -2.02699684321234
6243000 -2.0320359251704
6244000 -2.02325760363535
6245000 -2.04396320309256
6246000 -2.02807680924529
6247000 -2.01377260183513
6248000 -2.0253513870138
6249000 -2.03125890691851
6250000 -2.03593016614994
6251000 -2.01389281612556
6252000 -2.01715626333533
6253000 -2.03359827019045
6254000 -2.00862373099108
6255000 -2.04430327452612
6256000 -2.00478835843607
6257000 -2.0499280888898
6258000 -2.0188321966197
6259000 -2.04031460657486
6260000 -2.01453815875567
6261000 -2.06418888034685
6262000 -2.00448096801438
6263000 -2.02725600265232
6264000 -2.02959120085774
6265000 -2.04287110764461
6266000 -2.04922970482985
6267000 -1.9888062410667
6268000 -2.06232283799287
6269000 -2.00368519322135
6270000 -2.06654739870384
6271000 -1.98585624142294
6272000 -2.07133003823761
6273000 -1.9826611042183
6274000 -2.07643361318919
6275000 -2.01648967104413
6276000 -2.05712094497637
6277000 -2.00588216317527
6278000 -2.0403524639574
6279000 -2.05557568222412
6280000 -2.01642650293125
6281000 -2.03916416106193
6282000 -2.01619313702592
6283000 -2.07753944391624
6284000 -2.01914401310207
6285000 -2.04245097451235
6286000 -2.02511689882237
6287000 -2.03605329828325
6288000 -2.02043114994407
6289000 -2.04094833337468
6290000 -2.05321434578941
6291000 -2.0473276722972
6292000 -2.02815597409291
6293000 -2.04532003558297
6294000 -2.04229221202594
6295000 -2.05055588476277
6296000 -2.0105201819459
6297000 -2.08489657347292
6298000 -2.02888620336263
6299000 -2.05974800254364
6300000 -2.03408836423555
6301000 -2.07308711722335
6302000 -2.02800112265192
6303000 -2.02613533413131
6304000 -2.08261820600683
6305000 -2.003299700916
6306000 -2.08113386944829
6307000 -2.00165745259317
6308000 -2.09662549866196
6309000 -2.01511335540264
6310000 -2.05566353142862
6311000 -2.04145131414014
6312000 -2.04602325950185
6313000 -2.04529622353413
6314000 -2.02466475861301
6315000 -2.07827737068248
6316000 -2.0106179196756
6317000 -2.08525188021682
6318000 -2.01378593625716
6319000 -2.09121969859355
6320000 -2.04206886647265
6321000 -2.07014929876152
6322000 -2.04185623917042
6323000 -2.06655402113195
6324000 -2.06132459337854
6325000 -2.02975395825722
6326000 -2.08050324825719
6327000 -2.04912426407826
6328000 -2.05106202903728
6329000 -2.04377549071968
6330000 -2.06076895146151
6331000 -2.07646756435574
6332000 -2.03827616702721
6333000 -2.07785696198233
6334000 -2.0295449026764
6335000 -2.08587059310587
6336000 -2.04347287168764
6337000 -2.08334062132773
6338000 -2.05052420853678
6339000 -2.04652125302383
6340000 -2.04723214652345
6341000 -2.05276047261599
6342000 -2.06661211689241
6343000 -2.02907774759308
6344000 -2.06104802433457
6345000 -2.0602122768082
6346000 -2.05463410067555
6347000 -2.0610940573125
6348000 -2.02895607491127
6349000 -2.1041360212402
6350000 -2.052694270029
6351000 -2.07454922012327
6352000 -2.02323014096585
6353000 -2.10256585211194
6354000 -2.04626618384615
6355000 -2.06825205237397
6356000 -2.06093721293149
6357000 -2.05386114730905
6358000 -2.08807294490118
6359000 -2.02794538646709
6360000 -2.11541435030184
6361000 -2.02458745916395
6362000 -2.0819363734229
6363000 -2.07281665192508
6364000 -2.08118148199317
6365000 -2.06034913569048
6366000 -2.05383214530535
6367000 -2.0977449724262
6368000 -2.04843219123366
6369000 -2.09105610065981
6370000 -2.03400308913475
6371000 -2.11086421842455
6372000 -2.03027904223217
6373000 -2.06645931909656
6374000 -2.08529749571306
6375000 -2.0640081423116
6376000 -2.07676959670364
6377000 -2.04101641291965
6378000 -2.09913480996927
6379000 -2.05518361523514
6380000 -2.08443558007101
6381000 -2.06656213829291
6382000 -2.05287106658381
6383000 -2.1055424218988
6384000 -2.07378478886254
6385000 -2.08294688492214
6386000 -2.0305476551379
6387000 -2.10042203895954
6388000 -2.03929246366739
6389000 -2.08994394083994
6390000 -2.05283692425593
6391000 -2.07250239538342
6392000 -2.09505884638356
6393000 -2.05914007740909
6394000 -2.09322609730005
6395000 -2.03202292170765
6396000 -2.12066411439962
6397000 -2.0184779128703
6398000 -2.09934586985327
6399000 -2.05676644838106
6400000 -2.08566936219173
6401000 -2.08045716158204
6402000 -2.06810514082067
6403000 -2.0894779608332
6404000 -2.06576523150583
6405000 -2.11507899958385
6406000 -2.05443245477728
6407000 -2.09964606327777
6408000 -2.05126812256982
6409000 -2.09657355326421
6410000 -2.06754524621467
6411000 -2.08761051336672
6412000 -2.08216548047182
6413000 -2.06533840448561
6414000 -2.10335540054669
6415000 -2.04936827424145
6416000 -2.11765124598669
6417000 -2.04865950529469
6418000 -2.09064226707695
6419000 -2.08332617836773
6420000 -2.06385290016658
6421000 -2.08722857352892
6422000 -2.07190229387354
6423000 -2.13115094009515
6424000 -2.0461829814924
6425000 -2.12221922772995
6426000 -2.05155445373028
6427000 -2.12793560700343
6428000 -2.05242098216185
6429000 -2.11494985718031
6430000 -2.09725313498304
6431000 -2.07481598787904
6432000 -2.09370819572007
6433000 -2.05401281710874
6434000 -2.15749098003135
6435000 -2.02560265199003
6436000 -2.13975194459964
6437000 -2.06157974416635
6438000 -2.15364871635884
6439000 -2.01636459647216
6440000 -2.13579972606012
6441000 -2.06233781467852
6442000 -2.12780468397864
6443000 -2.06427125361989
6444000 -2.09215660203653
6445000 -2.08473075376958
6446000 -2.06394390234861
6447000 -2.1142057928345
6448000 -2.08440129117854
6449000 -2.09032439835783
6450000 -2.08002765960915
6451000 -2.1024534171274
6452000 -2.09448265379764
6453000 -2.07687045848602
6454000 -2.11442010398499
6455000 -2.07754047171645
6456000 -2.11915135450014
6457000 -2.05771218640864
6458000 -2.11987300213636
6459000 -2.07978714798728
6460000 -2.13040590312127
6461000 -2.0900036710783
6462000 -2.07543719973976
6463000 -2.12043558574601
6464000 -2.09094496096479
6465000 -2.12058031788261
6466000 -2.05602933734976
6467000 -2.13271022739061
6468000 -2.05806006226272
6469000 -2.12163136230303
6470000 -2.05550917708321
6471000 -2.11546995469664
6472000 -2.10706803665859
6473000 -2.09175904458341
6474000 -2.11137875863128
6475000 -2.05989205271394
6476000 -2.14817258145842
6477000 -2.07199821138549
6478000 -2.13489642031584
6479000 -2.05983928288502
6480000 -2.13431054310206
6481000 -2.08149209663665
6482000 -2.11457010248776
6483000 -2.10313062041768
6484000 -2.09041983557544
6485000 -2.11790170391845
6486000 -2.10624552188113
6487000 -2.1559783202748
6488000 -2.09243282667302
6489000 -2.10345569121611
6490000 -2.11350549861502
6491000 -2.11387308689866
6492000 -2.14496309274285
6493000 -2.05517335432322
6494000 -2.18360507653654
6495000 -2.03667356367457
6496000 -2.18630682854992
6497000 -2.0117607771685
6498000 -2.20856581456508
6499000 -2.04669122858831
6500000 -2.18337622193803
6501000 -2.0617220315879
6502000 -2.13750148440677
6503000 -2.1015835193323
6504000 -2.10379018665488
6505000 -2.16311352240195
6506000 -2.05822828092998
6507000 -2.16091000505703
6508000 -2.03632147741672
6509000 -2.18309386046543
6510000 -2.07573651174822
6511000 -2.14034650149944
6512000 -2.09010739669655
6513000 -2.12227125480379
6514000 -2.14189103394882
6515000 -2.08422783975563
6516000 -2.15879448736548
6517000 -2.08597102315862
6518000 -2.14786913334001
6519000 -2.06603993539003
6520000 -2.15602727646139
6521000 -2.11510021496926
6522000 -2.11065665400298
6523000 -2.12938040183624
6524000 -2.12149846364717
6525000 -2.18054425071551
6526000 -2.06092411690354
6527000 -2.14826517024048
6528000 -2.08652016120417
6529000 -2.19032594744366
6530000 -2.07073227687886
6531000 -2.14799725349134
6532000 -2.13575969667521
6533000 -2.11192409127891
6534000 -2.15112227098109
6535000 -2.0793419904843
6536000 -2.20070677641693
6537000 -2.06981409710533
6538000 -2.20148298974114
6539000 -2.0602326101769
6540000 -2.17598371856229
6541000 -2.05789237429641
6542000 -2.16241628688865
6543000 -2.13570975680927
6544000 -2.10862577810835
6545000 -2.14965555565392
6546000 -2.08554811364277
6547000 -2.19898024333678
6548000 -2.08302723277179
6549000 -2.19939450061456
6550000 -2.07043719896944
6551000 -2.17198027145703
6552000 -2.0853954252938
6553000 -2.17293310085073
6554000 -2.13476078221887
6555000 -2.12231434470743
6556000 -2.14500216809088
6557000 -2.12026367192321
6558000 -2.16873099965497
6559000 -2.08534889931831
6560000 -2.17773696883016
6561000 -2.10151166110008
6562000 -2.16365877683876
6563000 -2.12693493739303
6564000 -2.15477934232164
6565000 -2.13884343282898
6566000 -2.14685204045274
6567000 -2.15293149139428
6568000 -2.12156399767339
6569000 -2.18340967685006
6570000 -2.08105976332827
6571000 -2.18224177710957
6572000 -2.10675735816978
6573000 -2.18928706646536
6574000 -2.10533664802612
6575000 -2.16614790018974
6576000 -2.14144807132646
6577000 -2.1205577498468
6578000 -2.16682028300886
6579000 -2.10976321365191
6580000 -2.19991177171655
6581000 -2.06382448613095
6582000 -2.20087102211259
6583000 -2.07157693095779
6584000 -2.20897097488647
6585000 -2.07611052369206
6586000 -2.17225779023652
6587000 -2.14348262117637
6588000 -2.14793150272977
6589000 -2.15630790105966
6590000 -2.09988876654903
6591000 -2.17189218768803
6592000 -2.11882238501123
6593000 -2.18343641663741
6594000 -2.0945728623319
6595000 -2.17676936143156
6596000 -2.10542703134734
6597000 -2.1763786920842
6598000 -2.13002338042051
6599000 -2.15091788056352
6600000 -2.14990941195663
6601000 -2.12966242104836
6602000 -2.17674494792635
6603000 -2.12891782658036
6604000 -2.1724517945864
6605000 -2.10227063605501
6606000 -2.15705693623608
6607000 -2.14427119123904
6608000 -2.14837228938451
6609000 -2.1633322757378
6610000 -2.1299062628242
6611000 -2.18341499006787
6612000 -2.11106836019932
6613000 -2.18999840114972
6614000 -2.11502624979897
6615000 -2.19508457702933
6616000 -2.0978438100153
6617000 -2.195890727475
6618000 -2.12923898800173
6619000 -2.16955690596311
6620000 -2.15917048207639
6621000 -2.13405251296716
6622000 -2.20759108511909
6623000 -2.10015265192945
6624000 -2.18548476246831
6625000 -2.10710277607765
6626000 -2.24702420103075
6627000 -2.10247835837393
6628000 -2.18812372774625
6629000 -2.1084731965392
6630000 -2.20922926988746
6631000 -2.12722762895583
6632000 -2.16015727109003
6633000 -2.1845317175928
6634000 -2.14902344669699
6635000 -2.16762445063679
6636000 -2.13387380805389
6637000 -2.21086559732421
6638000 -2.12659157223994
6639000 -2.18912131939701
6640000 -2.13683981136269
6641000 -2.18116261430501
6642000 -2.16974272967998
6643000 -2.14664229769798
6644000 -2.17522359951799
6645000 -2.13809915440079
6646000 -2.19204384116758
6647000 -2.12254898528497
6648000 -2.21490489197017
6649000 -2.12668808913961
6650000 -2.19714582520103
6651000 -2.15955976287727
6652000 -2.17737457454111
6653000 -2.18231405783178
6654000 -2.152007404296
6655000 -2.1969076458562
6656000 -2.11078604805278
6657000 -2.22914260953383
6658000 -2.13704036847947
6659000 -2.22240995282425
6660000 -2.12342530755947
6661000 -2.19607569177962
6662000 -2.14797328778673
6663000 -2.17279675799021
6664000 -2.16737246764126
6665000 -2.13397110644413
6666000 -2.19901435325499
6667000 -2.14718094636182
6668000 -2.22639769427062
6669000 -2.11815768261114
6670000 -2.2069079749468
6671000 -2.13969322116255
6672000 -2.22788056892054
6673000 -2.13159562609168
6674000 -2.18050805002936
6675000 -2.18374459922682
6676000 -2.19293915392359
6677000 -2.18952222876243
6678000 -2.16065679667705
6679000 -2.19727175132829
6680000 -2.13779413115518
6681000 -2.21332639112422
6682000 -2.12993097253776
6683000 -2.21873503908537
6684000 -2.13955894500761
6685000 -2.2252481769742
6686000 -2.15213942368473
6687000 -2.1980989091086
6688000 -2.12457688888927
6689000 -2.21244721750558
6690000 -2.17886787742406
6691000 -2.18877163176621
6692000 -2.15542628217579
6693000 -2.19807940115473
6694000 -2.18306014464226
6695000 -2.16097535210833
6696000 -2.18515190426039
6697000 -2.17449189588677
6698000 -2.18225379157033
6699000 -2.17826798054509
6700000 -2.17304048208824
6701000 -2.17495880218025
6702000 -2.16471672385627
6703000 -2.20383253038476
6704000 -2.17432539483803
6705000 -2.19828996656828
6706000 -2.15639346792946
6707000 -2.18833160082202
6708000 -2.15812290635443
6709000 -2.21814499778095
6710000 -2.16307588393839
6711000 -2.18243353704805
6712000 -2.17651535974637
6713000 -2.1851127894727
6714000 -2.17346586271197
6715000 -2.17564611575534
6716000 -2.20877632200388
6717000 -2.15701616519257
6718000 -2.21644801101498
6719000 -2.13765806831022
6720000 -2.22758833828316
6721000 -2.15840828900498
6722000 -2.21650341010012
6723000 -2.14618399014767
6724000 -2.20121373003109
6725000 -2.16931738412702
6726000 -2.19431116760653
6727000 -2.16358838764608
6728000 -2.18489550389062
6729000 -2.21079590166285
6730000 -2.18411944522832
6731000 -2.20587207460118
6732000 -2.17331576113197
6733000 -2.19883290440549
6734000 -2.1772272447263
6735000 -2.20471489029683
6736000 -2.17205660282329
6737000 -2.18138107990168
6738000 -2.19203437660521
6739000 -2.19915328587389
6740000 -2.19146796670289
6741000 -2.1825160172112
6742000 -2.19624920767724
6743000 -2.19768455640235
6744000 -2.19832255963234
6745000 -2.1896375875366
6746000 -2.16917560010651
6747000 -2.21453294585806
6748000 -2.19335401129303
6749000 -2.19670369904536
6750000 -2.16935415947884
6751000 -2.22141758298045
6752000 -2.17636470089375
6753000 -2.21226426833578
6754000 -2.19420236369495
6755000 -2.2122086373446
6756000 -2.18628417019856
6757000 -2.21092761589073
6758000 -2.16743363990979
6759000 -2.2006786666878
6760000 -2.19560700860496
6761000 -2.205802194201
6762000 -2.20345075587491
6763000 -2.18999448681337
6764000 -2.2277641763367
6765000 -2.16802952519455
6766000 -2.22638035583073
6767000 -2.17870127214025
6768000 -2.22788160912324
6769000 -2.17498482754173
6770000 -2.21304335032143
6771000 -2.17740767949213
6772000 -2.23111525547506
6773000 -2.21650512018416
6774000 -2.18346595238225
6775000 -2.20263940565903
6776000 -2.1912886395115
6777000 -2.22709231709131
6778000 -2.20158200072097
6779000 -2.2302867616524
6780000 -2.20103755505375
6781000 -2.22491155243482
6782000 -2.19636770946468
6783000 -2.2239815419808
6784000 -2.20253612464861
6785000 -2.22798620491957
6786000 -2.20007165701404
6787000 -2.22448718544731
6788000 -2.23065597669465
6789000 -2.20418679841291
6790000 -2.21879608056239
6791000 -2.20471751574053
6792000 -2.2335426278946
6793000 -2.20315232953702
6794000 -2.20362558283718
6795000 -2.19144111355786
6796000 -2.20607014825515
6797000 -2.20742681950474
6798000 -2.19198179710126
6799000 -2.2021413774349
6800000 -2.20586736651546
6801000 -2.2132424061517
6802000 -2.23936280374055
6803000 -2.20728741136839
6804000 -2.20630827271081
6805000 -2.23415892456742
6806000 -2.21862139582385
6807000 -2.18931239638573
6808000 -2.1999595715197
6809000 -2.2396433629407
6810000 -2.23995895583559
6811000 -2.18948908954269
6812000 -2.22346362687094
6813000 -2.19895108168005
6814000 -2.22841537913421
6815000 -2.20188673335827
6816000 -2.2210837909854
6817000 -2.20156297609895
6818000 -2.26023210442815
6819000 -2.19675243886593
6820000 -2.23237050597394
6821000 -2.18452450172028
6822000 -2.26081103948629
6823000 -2.19395057070807
6824000 -2.25358728744649
6825000 -2.20567320224535
6826000 -2.24445960127698
6827000 -2.20255239948009
6828000 -2.21444091541813
6829000 -2.23612543887339
6830000 -2.21738217146403
6831000 -2.22658706036292
6832000 -2.20513563762164
6833000 -2.23330314212502
6834000 -2.2073958207183
6835000 -2.2463143664837
6836000 -2.19206100349165
6837000 -2.26098305085271
6838000 -2.19614723569129
6839000 -2.27182170395042
6840000 -2.18562458076018
6841000 -2.25754276548651
6842000 -2.21651169916293
6843000 -2.24437979379614
6844000 -2.18997748057767
6845000 -2.2407306348706
6846000 -2.21318167677973
6847000 -2.25772310169015
6848000 -2.22745823340652
6849000 -2.22038938562551
6850000 -2.23482951651834
6851000 -2.22443264885327
6852000 -2.22691352705455
6853000 -2.24130758382798
6854000 -2.23754557335626
6855000 -2.20433008457835
6856000 -2.22454726934205
6857000 -2.22685978722529
6858000 -2.24387569605287
6859000 -2.23519963394911
6860000 -2.24029062815504
6861000 -2.23443208721877
6862000 -2.21893127560685
6863000 -2.2350405306918
6864000 -2.22100153005967
6865000 -2.24874001115518
6866000 -2.22203313615379
6867000 -2.24931143005736
6868000 -2.20519079487397
6869000 -2.2441750970543
6870000 -2.22605511998311
6871000 -2.28002758150738
6872000 -2.24323134109229
6873000 -2.23771283183393
6874000 -2.23403713099631
6875000 -2.24512003909615
6876000 -2.26162121882199
6877000 -2.22877977584088
6878000 -2.2464787181816
6879000 -2.219955603776
6880000 -2.26374041682068
6881000 -2.20610356818315
6882000 -2.27222514171488
6883000 -2.22992584587068
6884000 -2.26965308762867
6885000 -2.19605940409202
6886000 -2.27522950686374
6887000 -2.22822837369513
6888000 -2.28503529176584
6889000 -2.21068064028233
6890000 -2.25933881856444
6891000 -2.22349734755017
6892000 -2.25079442848262
6893000 -2.23126991021893
6894000 -2.24677114562696
6895000 -2.22370553726698
6896000 -2.2481477082139
6897000 -2.24921933112394
6898000 -2.23914302257575
6899000 -2.23184621418389
6900000 -2.23874214456932
6901000 -2.24669352924393
6902000 -2.24033766587395
6903000 -2.22763122047255
6904000 -2.25229729155483
6905000 -2.22912823054723
6906000 -2.27297456608068
6907000 -2.23555405006656
6908000 -2.26078766570116
6909000 -2.24100816363458
6910000 -2.24495665019271
6911000 -2.23681116889026
6912000 -2.26578024100486
6913000 -2.2424560846039
6914000 -2.252387757652
6915000 -2.22261209348189
6916000 -2.26497619159036
6917000 -2.23240370111698
6918000 -2.26041743619924
6919000 -2.24328800575315
6920000 -2.24987086489848
6921000 -2.26073539036413
6922000 -2.2624139118481
6923000 -2.25853843591805
6924000 -2.21570702190846
6925000 -2.26530638400411
6926000 -2.24464621259058
6927000 -2.26915711128105
6928000 -2.21177446461735
6929000 -2.29539093461442
6930000 -2.22347809621444
6931000 -2.29250076241678
6932000 -2.23700695777036
6933000 -2.26046262585409
6934000 -2.2343678757179
6935000 -2.28302459205984
6936000 -2.25735993760145
6937000 -2.25400392023735
6938000 -2.2690046761449
6939000 -2.23204775567447
6940000 -2.27387804233033
6941000 -2.23821133667116
6942000 -2.28523191018548
6943000 -2.2349748539617
6944000 -2.28170857603733
6945000 -2.24143857243469
6946000 -2.26678609822849
6947000 -2.24198222718917
6948000 -2.25167325722293
6949000 -2.24237884900224
6950000 -2.25256296844366
6951000 -2.26884464881171
6952000 -2.24222761776242
6953000 -2.28628082979506
6954000 -2.24174378792716
6955000 -2.27021746281651
6956000 -2.24162318409769
6957000 -2.28465810935419
6958000 -2.24777800519645
6959000 -2.26376496043792
6960000 -2.26404316983779
6961000 -2.28339273316011
6962000 -2.25321130561414
6963000 -2.26201237711345
6964000 -2.27808098983353
6965000 -2.25253488230536
6966000 -2.26929218245291
6967000 -2.25433529199291
6968000 -2.29775112525817
6969000 -2.28194793594876
6970000 -2.26010593036788
6971000 -2.25727504798543
6972000 -2.28210600911514
6973000 -2.27750711697384
6974000 -2.23013301545378
6975000 -2.30094184219443
6976000 -2.24425828021828
6977000 -2.30666671105331
6978000 -2.24696235306436
6979000 -2.29956581862384
6980000 -2.27314272532357
6981000 -2.27394379358865
6982000 -2.29542631850975
6983000 -2.24936724499597
6984000 -2.30669993740377
6985000 -2.23025417758158
6986000 -2.3224423501028
6987000 -2.22802017352668
6988000 -2.34918094971093
6989000 -2.21794189572599
6990000 -2.34093572339542
6991000 -2.2374438498445
6992000 -2.32688565495344
6993000 -2.25906083068566
6994000 -2.32788582937547
6995000 -2.29855733779039
6996000 -2.24523699769075
6997000 -2.32855824516517
6998000 -2.22241188740654
6999000 -2.34348158272242
7000000 -2.21048744028081
7001000 -2.34618930172055
7002000 -2.213384674323
7003000 -2.34522702265226
7004000 -2.22703983264988
7005000 -2.31968265242509
7006000 -2.27249221407989
7007000 -2.27222512580485
7008000 -2.33574101348339
7009000 -2.22702480089543
7010000 -2.33111670296243
7011000 -2.22843478705179
7012000 -2.36403190638713
7013000 -2.1978390631972
7014000 -2.33153200246827
7015000 -2.24811581769547
7016000 -2.35004041615033
7017000 -2.21981448218143
7018000 -2.31576363955408
7019000 -2.26733541361196
7020000 -2.28586751868223
7021000 -2.31917837395126
7022000 -2.25705493792494
7023000 -2.33046921399885
7024000 -2.225758145287
7025000 -2.34551475860319
7026000 -2.23340085479297
7027000 -2.33026175406403
7028000 -2.24546634529106
7029000 -2.30604033148754
7030000 -2.28775980991831
7031000 -2.28139989302195
7032000 -2.30187218439262
7033000 -2.27061023649066
7034000 -2.33546568867625
7035000 -2.22668698972172
7036000 -2.32735924197172
7037000 -2.26147933156833
7038000 -2.3498136570282
7039000 -2.2253574292747
7040000 -2.33437440512565
7041000 -2.29647680229002
7042000 -2.30138901442957
7043000 -2.29014365830387
7044000 -2.27810258087417
7045000 -2.32152997212857
7046000 -2.25736803632561
7047000 -2.34527132391868
7048000 -2.23482576568839
7049000 -2.35233350072207
7050000 -2.26153362716139
7051000 -2.35258673332147
7052000 -2.23848020164627
7053000 -2.35177477098018
7054000 -2.24856948539556
7055000 -2.33224768391136
7056000 -2.28493395263013
7057000 -2.29488460826928
7058000 -2.32492475800652
7059000 -2.26222095752567
7060000 -2.33493681722501
7061000 -2.27276412541809
7062000 -2.33674291186194
7063000 -2.2623316978607
7064000 -2.34258219066598
7065000 -2.24617065530317
7066000 -2.32317971147224
7067000 -2.29408280971941
7068000 -2.3081848274736
7069000 -2.31462171484988
7070000 -2.28606727060124
7071000 -2.31444203962015
7072000 -2.2858589985488
7073000 -2.34674775913864
7074000 -2.2450391881811
7075000 -2.35686831887597
7076000 -2.27111124812497
7077000 -2.33076967473395
7078000 -2.24815865592337
7079000 -2.35238955793484
7080000 -2.27717481047166
7081000 -2.32079564736463
7082000 -2.28983187883987
7083000 -2.30564786604962
7084000 -2.31339736707771
7085000 -2.28884298972306
7086000 -2.33983179847111
7087000 -2.29034018311415
7088000 -2.30747837544862
7089000 -2.25102254293392
7090000 -2.34545054790535
7091000 -2.31574565677597
7092000 -2.31255023016439
7093000 -2.28877612248851
7094000 -2.33260641848
7095000 -2.33259731808748
7096000 -2.26575237980667
7097000 -2.33810296135078
7098000 -2.2898673676357
7099000 -2.36615116554043
7100000 -2.25962922827244
7101000 -2.36024690794676
7102000 -2.27063831938314
7103000 -2.35811864178364
7104000 -2.26251845201315
7105000 -2.32900369585114
7106000 -2.30454222113416
7107000 -2.31384573260799
7108000 -2.32050094275419
7109000 -2.30410953784971
7110000 -2.3588300871245
7111000 -2.25972536988566
7112000 -2.3897294986455
7113000 -2.25466511955423
7114000 -2.36947636532174
7115000 -2.2487460826237
7116000 -2.38602988613178
7117000 -2.26687105609229
7118000 -2.34975968311651
7119000 -2.29881697953784
7120000 -2.35088551166949
7121000 -2.31692904923036
7122000 -2.2941925819257
7123000 -2.36532671941358
7124000 -2.29908396409052
7125000 -2.3655715769355
7126000 -2.24652763854888
7127000 -2.4061135713289
7128000 -2.27287824840631
7129000 -2.37220518610858
7130000 -2.28083698485236
7131000 -2.3632736394038
7132000 -2.31088861529233
7133000 -2.34640903151311
7134000 -2.33793726381069
7135000 -2.31288841571256
7136000 -2.33148135537445
7137000 -2.30148859614114
7138000 -2.36396708469867
7139000 -2.32478210269085
7140000 -2.3466889164996
7141000 -2.31891985023308
7142000 -2.33452881397867
7143000 -2.3405622208349
7144000 -2.34840933232238
7145000 -2.32467216299806
7146000 -2.33307242984657
7147000 -2.36224233590353
7148000 -2.3278989929518
7149000 -2.35963148298042
7150000 -2.31923460525043
7151000 -2.34634025808808
7152000 -2.30261548382433
7153000 -2.3734498989722
7154000 -2.32179048936039
7155000 -2.35160360846997
7156000 -2.30843040694509
7157000 -2.34647509215291
7158000 -2.32698799099179
7159000 -2.34878928624771
7160000 -2.3326869968278
7161000 -2.33560109994835
7162000 -2.36025882553473
7163000 -2.32337439282408
7164000 -2.35458680803868
7165000 -2.30076276745802
7166000 -2.38857006616482
7167000 -2.32054875842294
7168000 -2.36506797943186
7169000 -2.30901125881848
7170000 -2.36170698166917
7171000 -2.3236804200511
7172000 -2.3316062089793
7173000 -2.36908858634379
7174000 -2.31997656072115
7175000 -2.37361030725068
7176000 -2.30417706716344
7177000 -2.38910731913026
7178000 -2.30331283529216
7179000 -2.37749356214134
7180000 -2.29730155110933
7181000 -2.37583592927283
7182000 -2.31083572530735
7183000 -2.36500705316902
7184000 -2.32441251089205
7185000 -2.35188726607125
7186000 -2.35117517328337
7187000 -2.32329091548896
7188000 -2.36152121291928
7189000 -2.32414464089295
7190000 -2.39571772487487
7191000 -2.30098998534471
7192000 -2.37909274866974
7193000 -2.33063366768527
7194000 -2.37056590996177
7195000 -2.33049830016117
7196000 -2.36684486215339
7197000 -2.35564965260938
7198000 -2.3464060788834
7199000 -2.35954607082158
7200000 -2.34176970601763
7201000 -2.38566667979258
7202000 -2.31578648017094
7203000 -2.36636555396793
7204000 -2.3332362467518
7205000 -2.38466959344687
7206000 -2.31547976741576
7207000 -2.36715322713054
7208000 -2.35150506725024
7209000 -2.37222981707036
7210000 -2.34594408199438
7211000 -2.36021476506448
7212000 -2.36983541029819
7213000 -2.336503892687
7214000 -2.37434815428001
7215000 -2.34335180646879
7216000 -2.3752952386086
7217000 -2.32608869887097
7218000 -2.35182794607048
7219000 -2.34534133144514
7220000 -2.38310318370282
7221000 -2.34108949728907
7222000 -2.36398509244596
7223000 -2.34566966173836
7224000 -2.36466843986341
7225000 -2.36329514666973
7226000 -2.33405476824692
7227000 -2.36681207344803
7228000 -2.34830935581966
7229000 -2.3804089543085
7230000 -2.35154021896962
7231000 -2.37848564356802
7232000 -2.34293347278551
7233000 -2.36952409881677
7234000 -2.35306672953709
7235000 -2.38165102102589
7236000 -2.34739336278154
7237000 -2.35850929257148
7238000 -2.36049680303565
7239000 -2.39609170062028
7240000 -2.35576371787316
7241000 -2.36808721417143
7242000 -2.36696495999126
7243000 -2.3778766254152
7244000 -2.3460649467949
7245000 -2.38449128560754
7246000 -2.33462610712259
7247000 -2.36202738514172
7248000 -2.34411856182682
7249000 -2.38313040207913
7250000 -2.37754384410497
7251000 -2.34731469423885
7252000 -2.37843180680351
7253000 -2.35015058889344
7254000 -2.39565898926325
7255000 -2.33894428009652
7256000 -2.3922132955026
7257000 -2.3528661503724
7258000 -2.3921999150171
7259000 -2.35315744535047
7260000 -2.41168211443105
7261000 -2.37053031188219
7262000 -2.37011489176198
7263000 -2.35767607638236
7264000 -2.38142037357231
7265000 -2.40046283243271
7266000 -2.33733197772403
7267000 -2.39579354264063
7268000 -2.33100316687526
7269000 -2.42777179007537
7270000 -2.33088913733939
7271000 -2.41486707989122
7272000 -2.35118599082756
7273000 -2.41351344097258
7274000 -2.31767994755497
7275000 -2.39749334186645
7276000 -2.39661385393963
7277000 -2.38986798725483
7278000 -2.36755984421011
7279000 -2.36179351044456
7280000 -2.41519478191968
7281000 -2.32958007396552
7282000 -2.4013046590653
7283000 -2.34152038377909
7284000 -2.42006222054803
7285000 -2.33830010669727
7286000 -2.39818480165156
7287000 -2.38713551327164
7288000 -2.35780389762306
7289000 -2.39507960214011
7290000 -2.37856841969142
7291000 -2.41878923356884
7292000 -2.31513229262801
7293000 -2.42015703755429
7294000 -2.34447394070887
7295000 -2.43499249397403
7296000 -2.344958963188
7297000 -2.42408679761422
7298000 -2.35265274191209
7299000 -2.4049531211912
7300000 -2.35659192246773
7301000 -2.39025048952169
7302000 -2.39123909697449
7303000 -2.37259904365502
7304000 -2.41060757392691
7305000 -2.35572611726279
7306000 -2.41049441333034
7307000 -2.36371123346256
7308000 -2.40102689556256
7309000 -2.37035376911417
7310000 -2.40662153876518
7311000 -2.36203009491677
7312000 -2.38286202451908
7313000 -2.4022000747613
7314000 -2.36740328237467
7315000 -2.40918638314963
7316000 -2.35891552295226
7317000 -2.41660508297083
7318000 -2.37757131414592
7319000 -2.38948329563646
7320000 -2.37929149015852
7321000 -2.37260142928658
7322000 -2.42012719623335
7323000 -2.34324395494794
7324000 -2.42164346623341
7325000 -2.36068034301005
7326000 -2.43506080226581
7327000 -2.35283430674179
7328000 -2.40842375578048
7329000 -2.38438636738997
7330000 -2.3811865853065
7331000 -2.39039062419706
7332000 -2.38428916440441
7333000 -2.4038504641744
7334000 -2.382621979617
7335000 -2.43490734483824
7336000 -2.38611975931543
7337000 -2.4016629252972
7338000 -2.38243534300574
7339000 -2.40022332410718
7340000 -2.42203092272623
7341000 -2.38126119227076
7342000 -2.4030664993367
7343000 -2.36646511664025
7344000 -2.45037559908678
7345000 -2.35833040193206
7346000 -2.43482350049106
7347000 -2.34582107412982
7348000 -2.44354381427118
7349000 -2.38510364337054
7350000 -2.40035855567306
7351000 -2.40862024769345
7352000 -2.37404853809953
7353000 -2.41985838757839
7354000 -2.37644056566357
7355000 -2.42466811256794
7356000 -2.36316981573641
7357000 -2.44425864047893
7358000 -2.39421883228454
7359000 -2.41595511043033
7360000 -2.36412088978392
7361000 -2.41848376440758
7362000 -2.39731595071981
7363000 -2.38626033099434
7364000 -2.3978934193252
7365000 -2.41999940350034
7366000 -2.40369326536756
7367000 -2.40174284274263
7368000 -2.40134930817515
7369000 -2.41995548535938
7370000 -2.4023452362844
7371000 -2.41124690954465
7372000 -2.38305748346085
7373000 -2.44135253931059
7374000 -2.36957524962835
7375000 -2.44284401262527
7376000 -2.36625243873008
7377000 -2.45926109760837
7378000 -2.36261546555064
7379000 -2.44840879949025
7380000 -2.38217476222675
7381000 -2.44145563877345
7382000 -2.39749867147554
7383000 -2.40003563418579
7384000 -2.44907699785839
7385000 -2.3555183144
7386000 -2.45118387818735
7387000 -2.36277571356798
7388000 -2.47995455343418
7389000 -2.37313627341482
7390000 -2.44513731495439
7391000 -2.37402302827946
7392000 -2.46236595579336
7393000 -2.41973288829114
7394000 -2.43818707977035
7395000 -2.42012866381157
7396000 -2.42382894490746
7397000 -2.43886624928224
7398000 -2.38317919638991
7399000 -2.45994134639103
7400000 -2.39849310933236
7401000 -2.43848231349865
7402000 -2.40468522421077
7403000 -2.43097167388583
7404000 -2.39407103026086
7405000 -2.40933790782906
7406000 -2.4439918554297
7407000 -2.39169295893998
7408000 -2.42082439905465
7409000 -2.37876778875489
7410000 -2.47437373945575
7411000 -2.40395721230193
7412000 -2.44032169519645
7413000 -2.41083950202291
7414000 -2.45649223971151
7415000 -2.39800773029055
7416000 -2.44540478803076
7417000 -2.43009186323922
7418000 -2.42318570732234
7419000 -2.41608260223193
7420000 -2.43164630077314
7421000 -2.42551848613394
7422000 -2.45539885944654
7423000 -2.41653430884881
7424000 -2.43923735801943
7425000 -2.41236319960649
7426000 -2.45416187947952
7427000 -2.4153478660935
7428000 -2.45510115221555
7429000 -2.38801487519448
7430000 -2.46995488977167
7431000 -2.40750996692604
7432000 -2.46712042138544
7433000 -2.4101112645169
7434000 -2.43667630922063
7435000 -2.42397517204573
7436000 -2.44714366399632
7437000 -2.42921778380154
7438000 -2.41775084715728
7439000 -2.44968530476088
7440000 -2.43456740852897
7441000 -2.4410891689475
7442000 -2.41801733785309
7443000 -2.45119473127029
7444000 -2.43344308774163
7445000 -2.44328052358988
7446000 -2.43151193592827
7447000 -2.44469024501557
7448000 -2.45834500941233
7449000 -2.42179201273356
7450000 -2.45855655868752
7451000 -2.40864831441341
7452000 -2.49591893179249
7453000 -2.40991602667897
7454000 -2.47286165946103
7455000 -2.41118587052108
7456000 -2.46929714461233
7457000 -2.41041228872244
7458000 -2.47618378630232
7459000 -2.43088405263725
7460000 -2.43937144325882
7461000 -2.44847148554219
7462000 -2.43403109344464
7463000 -2.44952290789939
7464000 -2.41796474185717
7465000 -2.48287441281917
7466000 -2.41009320610474
7467000 -2.45480876114774
7468000 -2.44560855967188
7469000 -2.46492827942975
7470000 -2.42282180307841
7471000 -2.45508062941529
7472000 -2.44732392653628
7473000 -2.4511988596848
7474000 -2.44827175968027
7475000 -2.44196004756767
7476000 -2.46992891415725
7477000 -2.41016320948208
7478000 -2.48863114401581
7479000 -2.41795052230257
7480000 -2.48792216886247
7481000 -2.40521511414424
7482000 -2.5054004541356
7483000 -2.42660033777588
7484000 -2.49615681422258
7485000 -2.40011774876264
7486000 -2.49341234916343
7487000 -2.41057344250991
7488000 -2.48125512112148
7489000 -2.43162815777217
7490000 -2.48386672870942
7491000 -2.4335604149458
7492000 -2.47070911980221
7493000 -2.42637838004874
7494000 -2.48703772561953
7495000 -2.45402586984761
7496000 -2.44647093852014
7497000 -2.45557091700362
7498000 -2.46195039009977
7499000 -2.46593889321212
7500000 -2.43049712649939
7501000 -2.46627237346229
7502000 -2.42910097456433
7503000 -2.48150134736006
7504000 -2.44466261131883
7505000 -2.49533006648503
7506000 -2.42974277244391
7507000 -2.49862801664458
7508000 -2.41520666243277
7509000 -2.500754946168
7510000 -2.42326534751459
7511000 -2.50614368842527
7512000 -2.41048514812057
7513000 -2.5099362840968
7514000 -2.43182997292612
7515000 -2.49997169633491
7516000 -2.41810925961298
7517000 -2.51324588361947
7518000 -2.42360838897828
7519000 -2.50923273552608
7520000 -2.43481905379447
7521000 -2.48309030216839
7522000 -2.46384592164099
7523000 -2.48713026010598
7524000 -2.4414694621056
7525000 -2.48402979409118
7526000 -2.46020460083586
7527000 -2.45678113381774
7528000 -2.49642752831549
7529000 -2.4666711289651
7530000 -2.49431481012041
7531000 -2.45514803446776
7532000 -2.49898162008065
7533000 -2.44387428236413
7534000 -2.4833980625987
7535000 -2.4403295996254
7536000 -2.48873002570505
7537000 -2.44619338748878
7538000 -2.47209314488029
7539000 -2.48115252478035
7540000 -2.45494964259861
7541000 -2.50043112968415
7542000 -2.43056248226288
7543000 -2.51991183541782
7544000 -2.41555439932718
7545000 -2.5268164467109
7546000 -2.39929643667356
7547000 -2.52404795996908
7548000 -2.43406037738942
7549000 -2.51694599471347
7550000 -2.42426003728667
7551000 -2.5011693530863
7552000 -2.45584432056569
7553000 -2.50552175465274
7554000 -2.46154202741122
7555000 -2.47569365439891
7556000 -2.48793277159025
7557000 -2.47570221777665
7558000 -2.48503334695634
7559000 -2.44352233373285
7560000 -2.50547302199438
7561000 -2.46440407814473
7562000 -2.49321783262194
7563000 -2.47378656847957
7564000 -2.4874357803714
7565000 -2.45967254924939
7566000 -2.47683285699859
7567000 -2.47385616409834
7568000 -2.49889486411885
7569000 -2.46204885078622
7570000 -2.47343784125941
7571000 -2.48700903051287
7572000 -2.48031197944289
7573000 -2.46051090113348
7574000 -2.49456812269734
7575000 -2.45258435685878
7576000 -2.4968116936379
7577000 -2.47528136489354
7578000 -2.50954363083448
7579000 -2.44612421344942
7580000 -2.50608378030029
7581000 -2.45688907245653
7582000 -2.53431842248004
7583000 -2.43569558864683
7584000 -2.54482194168488
7585000 -2.43004644137042
7586000 -2.53581993072775
7587000 -2.44859889127869
7588000 -2.50387892905826
7589000 -2.46495631606723
7590000 -2.50746730004979
7591000 -2.47303723301391
7592000 -2.50702728547184
7593000 -2.496272902948
7594000 -2.47723206355621
7595000 -2.50975174147529
7596000 -2.47453260487748
7597000 -2.51245514402284
7598000 -2.44654964772
7599000 -2.52789244762392
7600000 -2.46621381924636
7601000 -2.52404846247494
7602000 -2.45512352365966
7603000 -2.51751964049276
7604000 -2.45877099575364
7605000 -2.51428231544254
7606000 -2.46462085795459
7607000 -2.5300309153173
7608000 -2.47138252992107
7609000 -2.51938275404795
7610000 -2.46586429892756
7611000 -2.52703937984025
7612000 -2.46135218517064
7613000 -2.54295027824856
7614000 -2.43176580607762
7615000 -2.52188733135918
7616000 -2.45912228518217
7617000 -2.53822453783433
7618000 -2.43798227431664
7619000 -2.53958628259598
7620000 -2.47114133820929
7621000 -2.53728057530334
7622000 -2.46516808355978
7623000 -2.51490240963241
7624000 -2.48019783949203
7625000 -2.51941903593539
7626000 -2.47592422928195
7627000 -2.51704106880304
7628000 -2.49499969506461
7629000 -2.48832096824341
7630000 -2.51270885277276
7631000 -2.48936468265273
7632000 -2.5245572453989
7633000 -2.49068775056695
7634000 -2.50883514961642
7635000 -2.50819128411179
7636000 -2.53356441157149
7637000 -2.4973521207471
7638000 -2.50134675673084
7639000 -2.50208366671742
7640000 -2.55567398407157
7641000 -2.47419596762469
7642000 -2.54465723118587
7643000 -2.48940373588393
7644000 -2.53695994786471
7645000 -2.4746870760518
7646000 -2.53660461395168
7647000 -2.48065773765247
7648000 -2.54262063608045
7649000 -2.49001562563162
7650000 -2.53052195708849
7651000 -2.49934707349283
7652000 -2.53718143234866
7653000 -2.50187813794784
7654000 -2.52645690514486
7655000 -2.48183288135872
7656000 -2.52965070695167
7657000 -2.48374108382493
7658000 -2.54973678036878
7659000 -2.45208660686296
7660000 -2.53160799769134
7661000 -2.48497879554446
7662000 -2.54604818283303
7663000 -2.47990829662232
7664000 -2.5245923974034
7665000 -2.50335092179245
7666000 -2.52080295751251
7667000 -2.53173898075556
7668000 -2.51585612883819
7669000 -2.53580822225081
7670000 -2.50294174044192
7671000 -2.51488081393136
7672000 -2.48788044652809
7673000 -2.53976728652706
7674000 -2.50212707216767
7675000 -2.52521109641961
7676000 -2.53546906011957
7677000 -2.50696231981492
7678000 -2.55031665816461
7679000 -2.49119857533741
7680000 -2.56953780613824
7681000 -2.47678082975956
7682000 -2.55315675475227
7683000 -2.49911284226397
7684000 -2.55804813587645
7685000 -2.51679335791734
7686000 -2.50765322946446
7687000 -2.52921127455242
7688000 -2.51278380665668
7689000 -2.53906458601748
7690000 -2.50250197984543
7691000 -2.52622603723191
7692000 -2.50257310083568
7693000 -2.54208235906083
7694000 -2.52112882574583
7695000 -2.54254969845488
7696000 -2.51752888486577
7697000 -2.52367596396103
7698000 -2.53672413553178
7699000 -2.51317118470923
7700000 -2.52966734788632
7701000 -2.51182232570997
7702000 -2.53122293705492
7703000 -2.52111519719054
7704000 -2.56898888865669
7705000 -2.50178919383087
7706000 -2.55236372331506
7707000 -2.50294230445231
7708000 -2.56122278933376
7709000 -2.50385881111484
7710000 -2.56688922071198
7711000 -2.50517224387673
7712000 -2.57754489608577
7713000 -2.50263498711376
7714000 -2.5470923353383
7715000 -2.5115441805303
7716000 -2.55434624800137
7717000 -2.53661405436834
7718000 -2.53618330868626
7719000 -2.5506040240676
7720000 -2.52423399297151
7721000 -2.5421794237505
7722000 -2.50268141505405
7723000 -2.55071169590805
7724000 -2.50320633247761
7725000 -2.54823437674551
7726000 -2.51877573781222
7727000 -2.56703223706819
7728000 -2.51865141009313
7729000 -2.5515028747586
7730000 -2.51985334007402
7731000 -2.5555676658678
7732000 -2.50246581443106
7733000 -2.55919269709832
7734000 -2.51832619059394
7735000 -2.56070443991237
7736000 -2.5355904487153
7737000 -2.5857055213762
7738000 -2.50258255886926
7739000 -2.5654085579784
7740000 -2.51118039380759
7741000 -2.57724476638041
7742000 -2.50435691099594
7743000 -2.56593020720503
7744000 -2.50884476859819
7745000 -2.57200068441302
7746000 -2.51399335714803
7747000 -2.56933428306804
7748000 -2.52620298425289
7749000 -2.57550490448918
7750000 -2.51626206106529
7751000 -2.55964585491279
7752000 -2.53687210655885
7753000 -2.55192111854806
7754000 -2.53536924199864
7755000 -2.53333487841071
7756000 -2.55460149409801
7757000 -2.54639364151878
7758000 -2.53958529512476
7759000 -2.54994291007072
7760000 -2.58075380591689
7761000 -2.51509393420847
7762000 -2.54422434592161
7763000 -2.54703106327714
7764000 -2.58428636699108
7765000 -2.52609262205102
7766000 -2.57685328363362
7767000 -2.52967040141799
7768000 -2.58931102766839
7769000 -2.51651068610606
7770000 -2.5811359687577
7771000 -2.51715205320874
7772000 -2.59211720472934
7773000 -2.52948336426966
7774000 -2.57926712875243
7775000 -2.53446061620701
7776000 -2.59766569458799
7777000 -2.53871648957084
7778000 -2.58240115701319
7779000 -2.53742369159896
7780000 -2.5804246278929
7781000 -2.53937818343275
7782000 -2.57229493140329
7783000 -2.54550205450548
7784000 -2.57402973888817
7785000 -2.54502272422659
7786000 -2.58052797266412
7787000 -2.54416358113011
7788000 -2.5538175551565
7789000 -2.55745192619471
7790000 -2.57272906714481
7791000 -2.55853529659796
7792000 -2.55543481212378
7793000 -2.57651875951842
7794000 -2.54486120056382
7795000 -2.56410992346907
7796000 -2.53309861864472
7797000 -2.58741097306514
7798000 -2.53890192543707
7799000 -2.5789519698552
7800000 -2.52394181587915
7801000 -2.6012466088581
7802000 -2.52846788476267
7803000 -2.58002208705333
7804000 -2.52941456857289
7805000 -2.60043192565604
7806000 -2.5291266155865
7807000 -2.58562703058725
7808000 -2.54020358564754
7809000 -2.58896932660462
7810000 -2.54757995813609
7811000 -2.59843293022193
7812000 -2.54649284545405
7813000 -2.56933005997638
7814000 -2.54007155627421
7815000 -2.58377830790423
7816000 -2.54954646330708
7817000 -2.55745579513666
7818000 -2.58610470712084
7819000 -2.55402718741675
7820000 -2.55346901293922
7821000 -2.56010673731625
7822000 -2.58611074673829
7823000 -2.56264558909806
7824000 -2.58504983039477
7825000 -2.54156695646122
7826000 -2.59805242254977
7827000 -2.5475420107966
7828000 -2.57802150193652
7829000 -2.5405386748624
7830000 -2.58348635195323
7831000 -2.56822921021174
7832000 -2.61165907274622
7833000 -2.53189917776502
7834000 -2.60242092790742
7835000 -2.56205598749275
7836000 -2.57661212809605
7837000 -2.55985224831499
7838000 -2.58992368837378
7839000 -2.55456773363803
7840000 -2.57914752498678
7841000 -2.56579072987982
7842000 -2.59114143181924
7843000 -2.56758465394757
7844000 -2.55082409208287
7845000 -2.56304396072589
7846000 -2.57513327059361
7847000 -2.60415312025079
7848000 -2.57654903288037
7849000 -2.56767685162912
7850000 -2.56955994829734
7851000 -2.59273336252874
7852000 -2.56118441238479
7853000 -2.56934372901802
7854000 -2.57928931946743
7855000 -2.58797317944703
7856000 -2.56134126402988
7857000 -2.57227452366787
7858000 -2.5800591388943
7859000 -2.5998025482619
7860000 -2.5490231871223
7861000 -2.57525248276538
7862000 -2.56655589561654
7863000 -2.61217268259303
7864000 -2.57213328820184
7865000 -2.59957988718701
7866000 -2.56587247871205
7867000 -2.60198645887477
7868000 -2.57183579683213
7869000 -2.57342373997316
7870000 -2.57263271844967
7871000 -2.58835488167101
7872000 -2.57048261779012
7873000 -2.59997172323953
7874000 -2.58795792501692
7875000 -2.58538751935467
7876000 -2.59246174607519
7877000 -2.59809190131236
7878000 -2.59074621898758
7879000 -2.57337174742395
7880000 -2.57675834660755
7881000 -2.58259240000042
7882000 -2.5893683659343
7883000 -2.58624664841045
7884000 -2.57429260346973
7885000 -2.5791886930809
7886000 -2.61312022825072
7887000 -2.58712375578907
7888000 -2.58771249085687
7889000 -2.59081822851308
7890000 -2.59068673698179
7891000 -2.57649560958828
7892000 -2.61591086416347
7893000 -2.59063593592035
7894000 -2.59725223626852
7895000 -2.60171075603037
7896000 -2.5891863069929
7897000 -2.59372946612906
7898000 -2.56781386817632
7899000 -2.61996983718087
7900000 -2.56722756727547
7901000 -2.61863057408639
7902000 -2.56235990261812
7903000 -2.60967501741959
7904000 -2.5705224427637
7905000 -2.60867713546955
7906000 -2.58254518464401
7907000 -2.60550085882081
7908000 -2.59142005576689
7909000 -2.60748608033784
7910000 -2.5850547905065
7911000 -2.57718813460104
7912000 -2.619185564811
7913000 -2.60487040798198
7914000 -2.59294618043546
7915000 -2.57923436997509
7916000 -2.62175558323143
7917000 -2.59358509664474
7918000 -2.60736217181859
7919000 -2.58552768929676
7920000 -2.6253238270138
7921000 -2.5827106178141
7922000 -2.6284819483058
7923000 -2.5944052054492
7924000 -2.61154116540712
7925000 -2.57807787305846
7926000 -2.61187440220122
7927000 -2.57859365455394
7928000 -2.61832412095867
7929000 -2.61020846930158
7930000 -2.6007057377474
7931000 -2.61915765383794
7932000 -2.59234268551891
7933000 -2.63691575319856
7934000 -2.57863614887938
7935000 -2.62810259385637
7936000 -2.62029270553964
7937000 -2.63070159605862
7938000 -2.58623612793633
7939000 -2.64842695326867
7940000 -2.5860257590869
7941000 -2.62416652175325
7942000 -2.60715722780366
7943000 -2.62412781641024
7944000 -2.59649296600866
7945000 -2.6446789893728
7946000 -2.61355381244112
7947000 -2.60504271120192
7948000 -2.60577134545065
7949000 -2.64714332873679
7950000 -2.5797367988235
7951000 -2.61537411925264
7952000 -2.58951332491496
7953000 -2.64086737319792
7954000 -2.61074362556897
7955000 -2.61489672750892
7956000 -2.60183262477624
7957000 -2.62151708772978
7958000 -2.64032519592707
7959000 -2.6003069611049
7960000 -2.6174184420739
7961000 -2.61222427458707
7962000 -2.65201585733837
7963000 -2.59244610040252
7964000 -2.61242012385803
7965000 -2.60933846418292
7966000 -2.62669474803419
7967000 -2.59921130398904
7968000 -2.61635810504022
7969000 -2.60933933372994
7970000 -2.6290526373769
7971000 -2.60916878708201
7972000 -2.59322213390064
7973000 -2.63478869085421
7974000 -2.63312411865122
7975000 -2.60938458862421
7976000 -2.62755725521014
7977000 -2.61702273320124
7978000 -2.61947674710727
7979000 -2.61017249964587
7980000 -2.6263559833389
7981000 -2.62652652300625
7982000 -2.62040059111708
7983000 -2.61096179618723
7984000 -2.67034898013826
7985000 -2.6232301959068
7986000 -2.61058026553037
7987000 -2.63824369168554
7988000 -2.63379994597515
7989000 -2.62161263807186
7990000 -2.60445607917089
7991000 -2.65937482179704
7992000 -2.62392917528208
7993000 -2.65099311328937
7994000 -2.57109803157641
7995000 -2.67572458837133
7996000 -2.56176091462599
7997000 -2.67662876256274
7998000 -2.57581415645729
7999000 -2.6822647107614
8000000 -2.58972333711351
8001000 -2.68466969021065
8002000 -2.57738763361932
8003000 -2.68319262769469
8004000 -2.61026029515887
8005000 -2.63882054168044
8006000 -2.60370031598712
8007000 -2.65349494447638
8008000 -2.6207276121548
8009000 -2.62113767812182
8010000 -2.64145861457896
8011000 -2.63731896684517
8012000 -2.62095487146331
8013000 -2.63118105131707
8014000 -2.63382151212874
8015000 -2.632639283025
8016000 -2.60928373552371
8017000 -2.64409841052715
8018000 -2.59648975300119
8019000 -2.63886709931279
8020000 -2.63510745627682
8021000 -2.65012314900746
8022000 -2.59083061428489
8023000 -2.66704530634361
8024000 -2.60655120264822
8025000 -2.6429994973834
8026000 -2.61107347007083
8027000 -2.67094981206287
8028000 -2.62393302073827
8029000 -2.64171170883299
8030000 -2.63052166163569
8031000 -2.65822012130495
8032000 -2.63203781881164
8033000 -2.62645991344465
8034000 -2.64857863884613
8035000 -2.64367134489909
8036000 -2.65257767097458
8037000 -2.63702385654532
8038000 -2.63648625489341
8039000 -2.65349848736854
8040000 -2.65232338296342
8041000 -2.65123417272995
8042000 -2.61907044011154
8043000 -2.67237021327274
8044000 -2.61600819520712
8045000 -2.68117679933136
8046000 -2.59647365118416
8047000 -2.68149450110494
8048000 -2.62130941112152
8049000 -2.67933379030143
8050000 -2.59642964077586
8051000 -2.67384329829865
8052000 -2.6232867001723
8053000 -2.66604865114351
8054000 -2.61748671003054
8055000 -2.65173153656541
8056000 -2.65477028298791
8057000 -2.63634452523769
8058000 -2.64509320169022
8059000 -2.63886184181094
8060000 -2.65825998061194
8061000 -2.63696931119663
8062000 -2.68006128374709
8063000 -2.63210389764827
8064000 -2.63587214852222
8065000 -2.64015163025841
8066000 -2.66714652097826
8067000 -2.63326615476152
8068000 -2.68313929544063
8069000 -2.66355215159311
8070000 -2.64906816524744
8071000 -2.65982751183366
8072000 -2.64361513775519
8073000 -2.68424997434948
8074000 -2.6312952334529
8075000 -2.68539503498604
8076000 -2.61106300795875
8077000 -2.70754307386233
8078000 -2.64465369001361
8079000 -2.69497788905624
8080000 -2.63707134129327
8081000 -2.70127048771332
8082000 -2.60050546321435
8083000 -2.68440520168055
8084000 -2.64245554335897
8085000 -2.68863361053836
8086000 -2.61999586050208
8087000 -2.68722684560539
8088000 -2.64479664872272
8089000 -2.67407483850366
8090000 -2.63205716475655
8091000 -2.694079573883
8092000 -2.65432426407593
8093000 -2.63833849511336
8094000 -2.64979654364074
8095000 -2.66261913203634
8096000 -2.68867218959139
8097000 -2.63617878302679
8098000 -2.70660943999254
8099000 -2.65374532713295
8100000 -2.65715024704466
8101000 -2.66783992561366
8102000 -2.71313637173302
8103000 -2.66502929953738
8104000 -2.65420763365693
8105000 -2.67183439425948
8106000 -2.65067352795051
8107000 -2.67612988377599
8108000 -2.6557769253874
8109000 -2.67338771375261
8110000 -2.65220903340078
8111000 -2.68851037810805
8112000 -2.66014955160992
8113000 -2.67753398966467
8114000 -2.63282799813527
8115000 -2.69523988599196
8116000 -2.68762907395757
8117000 -2.65769503516398
8118000 -2.6726956623101
8119000 -2.6411445475641
8120000 -2.71653528123718
8121000 -2.63202392878479
8122000 -2.69076164425319
8123000 -2.63030393035035
8124000 -2.6865724315144
8125000 -2.6343348910457
8126000 -2.68857862622882
8127000 -2.63198495467215
8128000 -2.70061593651688
8129000 -2.65926431449589
8130000 -2.67942021317282
8131000 -2.63749119345119
8132000 -2.69271035020296
8133000 -2.67075848681812
8134000 -2.68912385206749
8135000 -2.64676229285723
8136000 -2.67849948167586
8137000 -2.66106822047506
8138000 -2.70123289007829
8139000 -2.65759678850484
8140000 -2.70391221971785
8141000 -2.65087853719264
8142000 -2.7021606455414
8143000 -2.63869813336065
8144000 -2.68783586225559
8145000 -2.65271562181875
8146000 -2.71640650861307
8147000 -2.64284581633487
8148000 -2.69580696185063
8149000 -2.64135140542009
8150000 -2.700214830452
8151000 -2.64116529154823
8152000 -2.70831346907653
8153000 -2.65093114748632
8154000 -2.69978408740314
8155000 -2.6424865292404
8156000 -2.70373195918634
8157000 -2.67346416177649
8158000 -2.68805381029392
8159000 -2.67599616355205
8160000 -2.69314463322645
8161000 -2.63974535372164
8162000 -2.68950414448648
8163000 -2.68873040357773
8164000 -2.68247634909286
8165000 -2.67755025608566
8166000 -2.70196262546734
8167000 -2.64612311646448
8168000 -2.69842130224681
8169000 -2.66851804588161
8170000 -2.73241303761524
8171000 -2.64752083218882
8172000 -2.68990164512405
8173000 -2.65742980780575
8174000 -2.71582935893205
8175000 -2.66579044545809
8176000 -2.68041376557744
8177000 -2.68191460960355
8178000 -2.72726228597
8179000 -2.65675104496007
8180000 -2.69923288847083
8181000 -2.6999298953324
8182000 -2.71650640615065
8183000 -2.66836913918359
8184000 -2.71152433820207
8185000 -2.67862283059619
8186000 -2.72215322710135
8187000 -2.70556571878529
8188000 -2.71626121896306
8189000 -2.6884851786886
8190000 -2.70573626843116
8191000 -2.72238450028356
8192000 -2.70551621473825
8193000 -2.69215372819781
8194000 -2.69801750841236
8195000 -2.70546368890377
8196000 -2.70227537653831
8197000 -2.71100620986043
8198000 -2.70435875259028
8199000 -2.71018896386558
8200000 -2.70662248799818
8201000 -2.71432478499402
8202000 -2.69736817304386
8203000 -2.70585140116291
8204000 -2.70091278869741
8205000 -2.66243167510699
8206000 -2.73445147214218
8207000 -2.69456362534421
8208000 -2.70951094502414
8209000 -2.66793859877754
8210000 -2.70926025668679
8211000 -2.6907777499629
8212000 -2.71822081974284
8213000 -2.67695209772833
8214000 -2.69193325005889
8215000 -2.69801877059186
8216000 -2.70861436442431
8217000 -2.70456483282976
8218000 -2.69019904697097
8219000 -2.73227082340854
8220000 -2.68789474395894
8221000 -2.73976697049752
8222000 -2.66066652026672
8223000 -2.75980164146634
8224000 -2.68134732491317
8225000 -2.7265550983362
8226000 -2.67769493548876
8227000 -2.72928770674834
8228000 -2.68122389206861
8229000 -2.74112306459899
8230000 -2.67576560757015
8231000 -2.71588246383726
8232000 -2.67591689388155
8233000 -2.72582144645413
8234000 -2.69855813196117
8235000 -2.73061965726192
8236000 -2.68888242877304
8237000 -2.71889055529785
8238000 -2.72409966396648
8239000 -2.70104259811138
8240000 -2.70499737074851
8241000 -2.69854616465716
8242000 -2.71919887673342
8243000 -2.6874470421817
8244000 -2.72394186741953
8245000 -2.72292147788464
8246000 -2.70650399404986
8247000 -2.7163193787815
8248000 -2.68121558403118
8249000 -2.75885433708361
8250000 -2.66904151230979
8251000 -2.76038486684381
8252000 -2.6750444991851
8253000 -2.74933742059706
8254000 -2.66234324289651
8255000 -2.76083891531355
8256000 -2.66479472713706
8257000 -2.75745780038294
8258000 -2.6698759476127
8259000 -2.74000873786139
8260000 -2.68363383009634
8261000 -2.74946375357687
8262000 -2.69970719551006
8263000 -2.72696965633537
8264000 -2.67734735611756
8265000 -2.72911526057625
8266000 -2.73038610598253
8267000 -2.73019802422146
8268000 -2.69373832600344
8269000 -2.72299229535931
8270000 -2.73366174523586
8271000 -2.71670960301362
8272000 -2.7095490224564
8273000 -2.73063021980212
8274000 -2.71054273562096
8275000 -2.74004803391231
8276000 -2.70068255984889
8277000 -2.74959850465754
8278000 -2.69304505669679
8279000 -2.75288438414114
8280000 -2.69914706103473
8281000 -2.75627264496195
8282000 -2.70483448307128
8283000 -2.72740630398337
8284000 -2.73217749590318
8285000 -2.71716811311554
8286000 -2.74477099967006
8287000 -2.681087595044
8288000 -2.76667186598168
8289000 -2.66545216167609
8290000 -2.78768534227351
8291000 -2.68361149277708
8292000 -2.75820224974725
8293000 -2.68459288965277
8294000 -2.76697892381467
8295000 -2.68489979084052
8296000 -2.7527940654143
8297000 -2.71625490061534
8298000 -2.76368640809167
8299000 -2.70762100457898
8300000 -2.73395676360309
8301000 -2.71711271351733
8302000 -2.73993486613278
8303000 -2.72623871952961
8304000 -2.73112225916772
8305000 -2.72538526514756
8306000 -2.73485030539057
8307000 -2.71804053740042
8308000 -2.74915785436429
8309000 -2.68953548197964
8310000 -2.76661532206633
8311000 -2.70278265821075
8312000 -2.77414682720789
8313000 -2.67693600234397
8314000 -2.78991468240426
8315000 -2.70081864955678
8316000 -2.79416997891142
8317000 -2.70549071022937
8318000 -2.75081311210998
8319000 -2.71870387741984
8320000 -2.75534729177266
8321000 -2.72136095776673
8322000 -2.74564855313779
8323000 -2.75598131396361
8324000 -2.73237576025717
8325000 -2.73425410607117
8326000 -2.70071581761
8327000 -2.7626353629447
8328000 -2.73946652758285
8329000 -2.73382173353421
8330000 -2.73119024295159
8331000 -2.72603716736636
8332000 -2.76329658063139
8333000 -2.73332944257288
8334000 -2.76277328278972
8335000 -2.71040272073676
8336000 -2.79493409710323
8337000 -2.71147160809984
8338000 -2.77822268310222
8339000 -2.71601539132271
8340000 -2.75177283900418
8341000 -2.73478153949212
8342000 -2.74256044515034
8343000 -2.76339965972951
8344000 -2.7118075124262
8345000 -2.76616961384956
8346000 -2.71924984604021
8347000 -2.76876021625151
8348000 -2.72683676681849
8349000 -2.78089402280217
8350000 -2.73969136052698
8351000 -2.74983761848041
8352000 -2.73436812844812
8353000 -2.7465363574089
8354000 -2.76205001783204
8355000 -2.70656897360583
8356000 -2.77123862546917
8357000 -2.73296990093798
8358000 -2.80252849977134
8359000 -2.72385046002804
8360000 -2.76452229289648
8361000 -2.76069612872418
8362000 -2.7297798126467
8363000 -2.77030219122851
8364000 -2.73861318945296
8365000 -2.78440190078703
8366000 -2.7058123671965
8367000 -2.80728078123304
8368000 -2.71165299713549
8369000 -2.76585891302351
8370000 -2.74245806817812
8371000 -2.78381664388585
8372000 -2.73510432009957
8373000 -2.76502428594227
8374000 -2.77342583711641
8375000 -2.74903846591911
8376000 -2.77193767470276
8377000 -2.73056935458498
8378000 -2.77249226081462
8379000 -2.76087113754317
8380000 -2.76988679464472
8381000 -2.74506772096855
8382000 -2.75039968664193
8383000 -2.79157844258547
8384000 -2.70416158862584
8385000 -2.79094762372384
8386000 -2.70461751326088
8387000 -2.80752276754799
8388000 -2.69495627833603
8389000 -2.8140122161489
8390000 -2.71217570730607
8391000 -2.79625466347603
8392000 -2.72423197746813
8393000 -2.7973304242584
8394000 -2.73046063506778
8395000 -2.77006765657
8396000 -2.75836624989832
8397000 -2.75772850097068
8398000 -2.75904684098564
8399000 -2.75644783013562
8400000 -2.75982529639965
8401000 -2.76289500669711
8402000 -2.75255907053654
8403000 -2.7960287916811
8404000 -2.76258659635864
8405000 -2.77821760831713
8406000 -2.74116904813204
8407000 -2.81565306127424
8408000 -2.73081060917394
8409000 -2.80015983291287
8410000 -2.71414268194667
8411000 -2.83572034649496
8412000 -2.72247659283348
8413000 -2.8282587884587
8414000 -2.70330044819219
8415000 -2.8367203899776
8416000 -2.7144851824127
8417000 -2.80033818444893
8418000 -2.73816808435645
8419000 -2.7848470341777
8420000 -2.76062310961054
8421000 -2.77441445863242
8422000 -2.78022864637204
8423000 -2.76679842604089
8424000 -2.77616521502225
8425000 -2.77385101749392
8426000 -2.78699015068078
8427000 -2.78071542294986
8428000 -2.74842804116132
8429000 -2.80710405438716
8430000 -2.72948493677042
8431000 -2.8124544706429
8432000 -2.72333433111559
8433000 -2.84134962618486
8434000 -2.72054747205282
8435000 -2.82968458584195
8436000 -2.7217043911384
8437000 -2.81380347743632
8438000 -2.75077206630533
8439000 -2.77040693563846
8440000 -2.77234101588996
8441000 -2.75242016282406
8442000 -2.83316271473237
8443000 -2.72633400810013
8444000 -2.81701259217091
8445000 -2.75227270362188
8446000 -2.80943634246868
8447000 -2.73375617331633
8448000 -2.84476620297991
8449000 -2.74849855388709
8450000 -2.79998864054948
8451000 -2.75842640934604
8452000 -2.81333159610427
8453000 -2.7871999122403
8454000 -2.79534921631935
8455000 -2.80784500171089
8456000 -2.7680193582183
8457000 -2.80922893728
8458000 -2.74454360030767
8459000 -2.8408540407746
8460000 -2.72974060175421
8461000 -2.82059129163407
8462000 -2.73426737113849
8463000 -2.83049593613947
8464000 -2.72864796737345
8465000 -2.82933106616436
8466000 -2.75280878718412
8467000 -2.82030268113096
8468000 -2.76676077128302
8469000 -2.78476311372764
8470000 -2.79661238717271
8471000 -2.76455325242993
8472000 -2.78634304413229
8473000 -2.77524733021873
8474000 -2.80548710678039
8475000 -2.79355993859145
8476000 -2.79865378867192
8477000 -2.80438081544395
8478000 -2.80351007848877
8479000 -2.78647759087982
8480000 -2.80025878791315
8481000 -2.79077479390991
8482000 -2.78031253130014
8483000 -2.79537891346183
8484000 -2.78841068619717
8485000 -2.8230706837107
8486000 -2.76799145242016
8487000 -2.8197324831011
8488000 -2.77367856444706
8489000 -2.81040131583528
8490000 -2.79740914683385
8491000 -2.80055816340377
8492000 -2.80095981756528
8493000 -2.78645257615934
8494000 -2.80129746503732
8495000 -2.78464040800036
8496000 -2.82120515551325
8497000 -2.77498888431779
8498000 -2.79847819241867
8499000 -2.82012903779927
8500000 -2.80162211119028
8501000 -2.78023096889015
8502000 -2.77528189142631
8503000 -2.81948363393211
8504000 -2.78636844048193
8505000 -2.82662997392081
8506000 -2.76863758324461
8507000 -2.82694324919645
8508000 -2.77352993956066
8509000 -2.82974842962217
8510000 -2.80779530189394
8511000 -2.81660020224832
8512000 -2.81496638078771
8513000 -2.79166832569294
8514000 -2.82687841910336
8515000 -2.77832697641887
8516000 -2.83662561154879
8517000 -2.78068155095975
8518000 -2.86826417845979
8519000 -2.7884819736557
8520000 -2.8225604833029
8521000 -2.78936758349616
8522000 -2.80935386287855
8523000 -2.82019565904813
8524000 -2.79821816656616
8525000 -2.85331032530049
8526000 -2.7799567223006
8527000 -2.82666168270831
8528000 -2.77285801496439
8529000 -2.84178687772274
8530000 -2.76825731673915
8531000 -2.82649140421319
8532000 -2.7962192842696
8533000 -2.81704706279224
8534000 -2.80137393676618
8535000 -2.78792989971056
8536000 -2.84557063794017
8537000 -2.78596383821226
8538000 -2.81643215921286
8539000 -2.79233552575719
8540000 -2.82774730299975
8541000 -2.80492329412991
8542000 -2.82626982978914
8543000 -2.83092908271557
8544000 -2.80096433217282
8545000 -2.82929751490562
8546000 -2.78588252077263
8547000 -2.84044372014817
8548000 -2.77802420044721
8549000 -2.84739561559327
8550000 -2.76485670617221
8551000 -2.84889328953599
8552000 -2.78095798972495
8553000 -2.85119116309965
8554000 -2.80526971568532
8555000 -2.83974343599081
8556000 -2.81261376348472
8557000 -2.83828144427405
8558000 -2.80850399269845
8559000 -2.83739221631767
8560000 -2.80317146765233
8561000 -2.80709972156065
8562000 -2.80918656479336
8563000 -2.83160816831949
8564000 -2.81161954253739
8565000 -2.82928143848109
8566000 -2.79522670266749
8567000 -2.83751199339292
8568000 -2.8200454910241
8569000 -2.81500632567613
8570000 -2.82871094754304
8571000 -2.82249935200588
8572000 -2.81702913508785
8573000 -2.80883442696538
8574000 -2.83638766232702
8575000 -2.80239492969604
8576000 -2.83177987079799
8577000 -2.84882254474282
8578000 -2.83483701560738
8579000 -2.81541875129655
8580000 -2.81782301559586
8581000 -2.83272398602432
8582000 -2.82935724548349
8583000 -2.82293842647245
8584000 -2.82333565437773
8585000 -2.84128806679516
8586000 -2.80119063347185
8587000 -2.84182880375369
8588000 -2.83010738348053
8589000 -2.85630116465896
8590000 -2.80752381730251
8591000 -2.85112714429926
8592000 -2.81499759724785
8593000 -2.84089875556867
8594000 -2.81463844890741
8595000 -2.84678730735088
8596000 -2.83158797178952
8597000 -2.81620818845354
8598000 -2.82486994599678
8599000 -2.82624683575146
8600000 -2.85513112718106
8601000 -2.80782830998899
8602000 -2.83962782058962
8603000 -2.80523383731056
8604000 -2.8746532599096
8605000 -2.81087781098923
8606000 -2.8514310781318
8607000 -2.80810214173255
8608000 -2.87685742575275
8609000 -2.81347541362427
8610000 -2.83084271537067
8611000 -2.82710865121166
8612000 -2.83856352988596
8613000 -2.8297823147186
8614000 -2.82894332805339
8615000 -2.85948389458923
8616000 -2.8304289759151
8617000 -2.82899853429142
8618000 -2.82628178362329
8619000 -2.8504051746617
8620000 -2.83248943230108
8621000 -2.84555539634056
8622000 -2.85043589879236
8623000 -2.83489050182277
8624000 -2.86491524127063
8625000 -2.82372582721714
8626000 -2.8641878099026
8627000 -2.80558621271454
8628000 -2.86772662907335
8629000 -2.82618155674299
8630000 -2.87929469716101
8631000 -2.80392426239997
8632000 -2.88252096761561
8633000 -2.82550305767106
8634000 -2.86953857324266
8635000 -2.8146327033841
8636000 -2.86563721119015
8637000 -2.84664468821353
8638000 -2.84049136151376
8639000 -2.83243795103115
8640000 -2.86611351804193
8641000 -2.84227001621953
8642000 -2.85276736603351
8643000 -2.86161449301345
8644000 -2.84821852008842
8645000 -2.82870139127707
8646000 -2.85626769074552
8647000 -2.84636806441511
8648000 -2.83621807267684
8649000 -2.84121601552578
8650000 -2.86986680633242
8651000 -2.83383072165629
8652000 -2.8606926210655
8653000 -2.81506045138336
8654000 -2.85986219307111
8655000 -2.81799704508983
8656000 -2.88119420931861
8657000 -2.81795814991657
8658000 -2.88251515955008
8659000 -2.85717333978303
8660000 -2.87118371816759
8661000 -2.84249722707221
8662000 -2.88478866205532
8663000 -2.84632863778752
8664000 -2.86562317784566
8665000 -2.85526241942638
8666000 -2.86096073165397
8667000 -2.86302093335209
8668000 -2.85998697792776
8669000 -2.87787240951758
8670000 -2.85716757640867
8671000 -2.86646337949485
8672000 -2.83933940372459
8673000 -2.86995896778806
8674000 -2.87867589928658
8675000 -2.84300991868368
8676000 -2.87871368235031
8677000 -2.829876618192
8678000 -2.88798966382191
8679000 -2.82706111226079
8680000 -2.8662992104891
8681000 -2.8398254935533
8682000 -2.88422210076526
8683000 -2.83585662669484
8684000 -2.86465502534383
8685000 -2.85504481233724
8686000 -2.88896362689525
8687000 -2.83465789713845
8688000 -2.87876594995277
8689000 -2.83318177461977
8690000 -2.87527169839174
8691000 -2.83461786136015
8692000 -2.88275026453366
8693000 -2.85318172324354
8694000 -2.86709708600822
8695000 -2.85837379632711
8696000 -2.88173841285318
8697000 -2.84706065146108
8698000 -2.87629913443261
8699000 -2.85749368859413
8700000 -2.89594491143288
8701000 -2.84328995708326
8702000 -2.91615911259804
8703000 -2.86028617712266
8704000 -2.8821445804054
8705000 -2.83770695219746
8706000 -2.89164662615444
8707000 -2.8443723194404
8708000 -2.89944653627317
8709000 -2.85102330169586
8710000 -2.89395477103722
8711000 -2.86489736876157
8712000 -2.87469606355598
8713000 -2.84941164369747
8714000 -2.88274896838897
8715000 -2.86505547940034
8716000 -2.86995105860105
8717000 -2.8607687986947
8718000 -2.90883986488195
8719000 -2.84371378809221
8720000 -2.89343670887017
8721000 -2.8283567193339
8722000 -2.90734030878538
8723000 -2.84501187991019
8724000 -2.89632545832992
8725000 -2.85562180324555
8726000 -2.90796070923836
8727000 -2.83094185563737
8728000 -2.88481837015638
8729000 -2.84656629361832
8730000 -2.8775734502351
8731000 -2.86144481435331
8732000 -2.88877408632686
8733000 -2.86437318515996
8734000 -2.85984713280976
8735000 -2.85660844373179
8736000 -2.91803873387951
8737000 -2.85841173103891
8738000 -2.90219556449749
8739000 -2.85973059600867
8740000 -2.91751842210028
8741000 -2.84038894339843
8742000 -2.9023817830611
8743000 -2.86394327730713
8744000 -2.9141213569616
8745000 -2.85135717666201
8746000 -2.89787017652755
8747000 -2.8906428507267
8748000 -2.90502693752238
8749000 -2.8917266230345
8750000 -2.86843084655218
8751000 -2.90660206717845
8752000 -2.87031591451159
8753000 -2.90469803056848
8754000 -2.84475239089288
8755000 -2.92041759759412
8756000 -2.86136764720166
8757000 -2.89892710514774
8758000 -2.86301882854613
8759000 -2.90929462703952
8760000 -2.88643731516427
8761000 -2.84952593124259
8762000 -2.92047676823327
8763000 -2.85642258427482
8764000 -2.92677948059261
8765000 -2.84786480339892
8766000 -2.91040167058497
8767000 -2.86227854371084
8768000 -2.90057443624665
8769000 -2.89973975013731
8770000 -2.86762705435951
8771000 -2.91081182999763
8772000 -2.86512210948579
8773000 -2.94948349603107
8774000 -2.84367366499364
8775000 -2.92425624026544
8776000 -2.84904329014714
8777000 -2.96792137765936
8778000 -2.84997112354364
8779000 -2.94001476394936
8780000 -2.86734367175506
8781000 -2.91228375838263
8782000 -2.87058541496589
8783000 -2.89409266398127
8784000 -2.89015047063831
8785000 -2.89053943269695
8786000 -2.92833733263331
8787000 -2.87847675387325
8788000 -2.91177259407184
8789000 -2.88931390550549
8790000 -2.89943927065554
8791000 -2.89078664464154
8792000 -2.86042132908675
8793000 -2.94020344363667
8794000 -2.85922292516071
8795000 -2.94728544335022
8796000 -2.83694950882565
8797000 -2.94914024411447
8798000 -2.8580532405212
8799000 -2.93512739401454
8800000 -2.85585482632463
8801000 -2.92009454474482
8802000 -2.88713634467146
8803000 -2.92256606836816
8804000 -2.92467273298049
8805000 -2.86799551281676
8806000 -2.90134182352741
8807000 -2.91396798830154
8808000 -2.9176417096306
8809000 -2.87438768946569
8810000 -2.89286188827765
8811000 -2.89975600885138
8812000 -2.92799303332645
8813000 -2.91444383927312
8814000 -2.89909051316384
8815000 -2.92398349674497
8816000 -2.89709134922921
8817000 -2.91263858249564
8818000 -2.88405169107386
8819000 -2.93381910031537
8820000 -2.88901483186568
8821000 -2.91271551485248
8822000 -2.89293462019897
8823000 -2.91952516786003
8824000 -2.9064031199963
8825000 -2.92178912324246
8826000 -2.90621107548869
8827000 -2.91429874352377
8828000 -2.92401484480952
8829000 -2.88546069016354
8830000 -2.93571242831961
8831000 -2.92483511116073
8832000 -2.89240952345919
8833000 -2.90247240211864
8834000 -2.89855033353421
8835000 -2.92055327442573
8836000 -2.90406426641104
8837000 -2.94338863125022
8838000 -2.89202084005923
8839000 -2.93128866188742
8840000 -2.89231575292302
8841000 -2.9208381132359
8842000 -2.91478661907428
8843000 -2.90047639852987
8844000 -2.92413592815305
8845000 -2.89833774886446
8846000 -2.93817605002529
8847000 -2.90155247013512
8848000 -2.9288271588562
8849000 -2.92837328291774
8850000 -2.95036625807425
8851000 -2.91452055685651
8852000 -2.91504364373404
8853000 -2.90113594622952
8854000 -2.95918986067444
8855000 -2.91352450829109
8856000 -2.92324270548111
8857000 -2.9177909597421
8858000 -2.90489627534186
8859000 -2.91931752432873
8860000 -2.89652435504557
8861000 -2.95171069520529
8862000 -2.89366542021968
8863000 -2.9392589450853
8864000 -2.91120755933154
8865000 -2.92097128122669
8866000 -2.91897089582928
8867000 -2.92133704864316
8868000 -2.91912251203412
8869000 -2.92337413570414
8870000 -2.92391346514676
8871000 -2.9321522524815
8872000 -2.91336462695728
8873000 -2.94699034056263
8874000 -2.90056376076373
8875000 -2.93928912172859
8876000 -2.90149715021381
8877000 -2.94544766337872
8878000 -2.89421123819169
8879000 -2.94952007119385
8880000 -2.94539605075432
8881000 -2.93262652483121
8882000 -2.89338209504182
8883000 -2.93041091331246
8884000 -2.94350260110228
8885000 -2.93549777872651
8886000 -2.91705029548508
8887000 -2.93712128449692
8888000 -2.94575134914809
8889000 -2.92529564543036
8890000 -2.93208266323366
8891000 -2.93083858087717
8892000 -2.91695047710369
8893000 -2.9250157786518
8894000 -2.94306859831728
8895000 -2.90130160520612
8896000 -2.93742742545495
8897000 -2.93015811943161
8898000 -2.93530618642748
8899000 -2.94284442718803
8900000 -2.92309431640174
8901000 -2.92941829483306
8902000 -2.96382948421234
8903000 -2.94148198966088
8904000 -2.93847103533542
8905000 -2.94284975715012
8906000 -2.92648734109158
8907000 -2.94616425096267
8908000 -2.91730040205625
8909000 -2.94956489267253
8910000 -2.90268076759146
8911000 -2.96445581032906
8912000 -2.89578352079879
8913000 -2.94340040063137
8914000 -2.9350905391997
8915000 -2.97015763272333
8916000 -2.90905791782964
8917000 -2.96846370914629
8918000 -2.91202287668877
8919000 -2.95695276717109
8920000 -2.92099979726214
8921000 -2.93612383259164
8922000 -2.94274930894139
8923000 -2.94366820634488
8924000 -2.95998250248316
8925000 -2.93192963046363
8926000 -2.93134467152371
8927000 -2.95763652320567
8928000 -2.9464545069255
8929000 -2.95775466404887
8930000 -2.91130412518401
8931000 -2.94619884230202
8932000 -2.92912248581608
8933000 -2.97371618918915
8934000 -2.91051359704753
8935000 -2.98532817765368
8936000 -2.93257405059
8937000 -2.99114715168211
8938000 -2.90539527571741
8939000 -2.98806883628308
8940000 -2.91885183810717
8941000 -2.99791128963354
8942000 -2.90304418647027
8943000 -2.96063710572849
8944000 -2.93294269022324
8945000 -2.98616903177219
8946000 -2.92311538222376
8947000 -2.96744816660798
8948000 -2.94366869693005
8949000 -2.96882447907844
8950000 -2.94078971265667
8951000 -2.93919324221131
8952000 -2.95662797335184
8953000 -2.94210175293249
8954000 -2.95699924786254
8955000 -2.97226622176335
8956000 -2.922508965798
8957000 -2.96237351132796
8958000 -2.93613895521085
8959000 -2.99730042858619
8960000 -2.89980030404703
8961000 -3.01062165798191
8962000 -2.91014607872244
8963000 -2.99674556518777
8964000 -2.88523513472594
8965000 -3.00726467348881
8966000 -2.94555721698204
8967000 -2.97959248713113
8968000 -2.93299388511015
8969000 -2.97030133095492
8970000 -2.96655829751133
8971000 -2.95858858074867
8972000 -2.95247418243877
8973000 -2.94676479994182
8974000 -2.96975114927409
8975000 -2.96741002105643
8976000 -2.96032825769766
8977000 -2.98153169329732
8978000 -2.95358145716363
8979000 -2.96248447751348
8980000 -2.95062491361626
8981000 -2.99429832380679
8982000 -2.916765546681
8983000 -2.99986923963169
8984000 -2.93070683165068
8985000 -3.01929731668583
8986000 -2.92351250560834
8987000 -2.9528016592728
8988000 -2.97668573437647
8989000 -2.97687256079353
8990000 -2.95598994157144
8991000 -2.94257906707617
8992000 -2.97851039792481
8993000 -2.95606752008924
8994000 -2.95899185598262
8995000 -2.95436456355656
8996000 -2.96163222409925
8997000 -2.98361635380497
8998000 -2.92917162946122
8999000 -2.99291731116698
9000000 -2.95701436016312
9001000 -3.00666857674775
9002000 -2.93594634275734
9003000 -2.99114598294619
9004000 -2.96804861611373
9005000 -2.98508576930221
9006000 -2.93762801485859
9007000 -2.99692087249425
9008000 -2.96608926458377
9009000 -2.9750188478502
9010000 -2.98238202252576
9011000 -2.95315107177891
9012000 -3.01162567042244
9013000 -2.9229092940257
9014000 -3.00955146048686
9015000 -2.93730983207956
9016000 -2.98915884640469
9017000 -2.92724202911689
9018000 -3.02714489812265
9019000 -2.96021952374274
9020000 -2.98741049693018
9021000 -2.97278156584292
9022000 -2.96812053261334
9023000 -2.98892051173079
9024000 -2.97657710575786
9025000 -2.99148278427604
9026000 -2.95826241678893
9027000 -2.97879392647405
9028000 -2.98917256592126
9029000 -2.97545020017231
9030000 -2.97908677858723
9031000 -2.96821988938292
9032000 -3.01995040856073
9033000 -2.95861542795497
9034000 -2.99730307382409
9035000 -2.94230694831151
9036000 -3.00665240682845
9037000 -2.95904014831927
9038000 -2.9892543828971
9039000 -2.94892150053779
9040000 -3.01131386074809
9041000 -2.99659301870124
9042000 -2.97730885532974
9043000 -2.99645300337608
9044000 -2.99217296263409
9045000 -3.00924917273645
9046000 -2.95500968546307
9047000 -3.01379047203181
9048000 -2.98046378330911
9049000 -3.01147925688978
9050000 -2.9739359016134
9051000 -2.97828571968546
9052000 -2.98404817792053
9053000 -2.99487156584917
9054000 -2.98721243422818
9055000 -2.98115331249543
9056000 -2.99139247440871
9057000 -2.98328765539095
9058000 -3.00213721845782
9059000 -2.97458651960574
9060000 -3.003045072613
9061000 -2.93443795923205
9062000 -2.99836901039158
9063000 -2.989926367843
9064000 -2.99902464220751
9065000 -2.96004887351768
9066000 -3.00122919656525
9067000 -3.01705996250095
9068000 -2.96154073886787
9069000 -2.99444472119082
9070000 -3.00085304192051
9071000 -2.99138377275691
9072000 -2.98948814378022
9073000 -2.98846267031407
9074000 -3.03179157534073
9075000 -2.98992314425081
9076000 -3.00269051123863
9077000 -3.00333967098634
9078000 -3.01497815780503
9079000 -2.98904130096323
9080000 -3.0046992138251
9081000 -3.02099085161848
9082000 -3.00651602397821
9083000 -2.97571648983269
9084000 -2.99719022794933
9085000 -3.00731404667772
9086000 -3.01180827068857
9087000 -2.98878917625932
9088000 -3.01518860152571
9089000 -2.98707758393658
9090000 -3.02031756111434
9091000 -2.93835304514176
9092000 -3.03690477778089
9093000 -2.99973872490175
9094000 -3.02677743786209
9095000 -2.97572625683669
9096000 -3.05550239386081
9097000 -2.99039318194541
9098000 -2.98302905909607
9099000 -3.0089043883225
9100000 -3.01102401533915
9101000 -3.03623990624214
9102000 -2.9725847436471
9103000 -3.04467522867549
9104000 -2.95161305913429
9105000 -3.03407145428543
9106000 -2.98645004920124
9107000 -3.03807034048261
9108000 -2.99108927869599
9109000 -3.01951483892913
9110000 -3.01592239756685
9111000 -3.01688097860985
9112000 -3.00971597734844
9113000 -2.99460404981071
9114000 -2.99811333612428
9115000 -3.01389664850345
9116000 -3.01720488176783
9117000 -3.00766304524521
9118000 -2.99766874050931
9119000 -3.02847980555366
9120000 -2.99669027091055
9121000 -3.0264308883942
9122000 -3.01900703682849
9123000 -3.02988024588038
9124000 -2.98292313288038
9125000 -3.05487277736271
9126000 -2.98881237324951
9127000 -3.03225426621482
9128000 -2.98947010902156
9129000 -3.0345601635687
9130000 -3.03021113156188
9131000 -2.98939366181963
9132000 -3.01447145044335
9133000 -3.00216897819631
9134000 -3.04508273570989
9135000 -3.01281110082108
9136000 -2.99358497006237
9137000 -3.05125175174122
9138000 -3.01555465605834
9139000 -3.05173245308871
9140000 -2.98598107230562
9141000 -3.04072071000219
9142000 -3.00179182940367
9143000 -3.00858150142057
9144000 -3.03751067465419
9145000 -2.99482404878768
9146000 -3.03508841441907
9147000 -2.99771972876686
9148000 -3.07423053586165
9149000 -2.98465172302343
9150000 -3.03306579394117
9151000 -3.02462392969739
9152000 -3.02466556426817
9153000 -3.04893297191129
9154000 -3.02296872944979
9155000 -3.05991165103544
9156000 -3.01229020762773
9157000 -3.07800567821193
9158000 -2.98084784962872
9159000 -3.08985890822794
9160000 -2.99261047659677
9161000 -3.06003908494991
9162000 -2.99282209304374
9163000 -3.0324406123712
9164000 -3.05083606337688
9165000 -3.00585802089097
9166000 -3.07090186584503
9167000 -2.99759771437429
9168000 -3.06276241134427
9169000 -3.00819114483982
9170000 -3.0332669258564
9171000 -3.04318871102854
9172000 -3.00702152424077
9173000 -3.07761782095523
9174000 -2.97330438585057
9175000 -3.06402152691369
9176000 -2.98868018630982
9177000 -3.08986849697927
9178000 -2.99099905565047
9179000 -3.03824652977345
9180000 -3.05399955312482
9181000 -2.98724969735328
9182000 -3.08118662712017
9183000 -2.97520321484779
9184000 -3.08185819636858
9185000 -2.97681147346348
9186000 -3.05837887666466
9187000 -3.01387067857993
9188000 -3.04184447659321
9189000 -3.06617525787156
9190000 -2.979330219668
9191000 -3.08117866716376
9192000 -3.01675311448767
9193000 -3.08404752063787
9194000 -2.99180234120131
9195000 -3.09357898185528
9196000 -2.99265273086782
9197000 -3.05922126347943
9198000 -3.00493643228049
9199000 -3.04711511209018
9200000 -3.04457058607992
9201000 -2.99685905778725
9202000 -3.07470686768601
9203000 -3.02736785337263
9204000 -3.06800402816415
9205000 -2.99303704205978
9206000 -3.05358971256344
9207000 -3.0680395476087
9208000 -3.00985226871283
9209000 -3.06747698854124
9210000 -3.02946082952436
9211000 -3.07065153762757
9212000 -3.00997970632925
9213000 -3.04861393024931
9214000 -3.03362288822999
9215000 -3.02354697417027
9216000 -3.06879574677654
9217000 -3.01943655359187
9218000 -3.06829971873686
9219000 -3.01536104448433
9220000 -3.09600369855388
9221000 -3.01820901018728
9222000 -3.06207996587436
9223000 -3.02508934664519
9224000 -3.074989084931
9225000 -3.03725437413877
9226000 -3.04394990195277
9227000 -3.05696656655595
9228000 -3.05459739529401
9229000 -3.03606833910521
9230000 -3.05025433280937
9231000 -3.04501169119192
9232000 -3.05318894675298
9233000 -3.02730068492325
9234000 -3.07665900217223
9235000 -3.02346862694405
9236000 -3.08489100180354
9237000 -3.02202578224942
9238000 -3.09190106865279
9239000 -3.00398167940702
9240000 -3.06733086105113
9241000 -3.03610386959663
9242000 -3.05964763865017
9243000 -3.03954534009477
9244000 -3.04990723067789
9245000 -3.06206075782723
9246000 -3.06305474542098
9247000 -3.06579134399824
9248000 -3.03553096551464
9249000 -3.05911380970676
9250000 -3.05790556416839
9251000 -3.02083848432137
9252000 -3.07129391049891
9253000 -3.03267572879268
9254000 -3.09295764198358
9255000 -3.02329817947213
9256000 -3.07426485593818
9257000 -3.06286624630996
9258000 -3.06021639854373
9259000 -3.06681746732596
9260000 -3.06917952533977
9261000 -3.07569032131252
9262000 -3.0384563886949
9263000 -3.09397667179921
9264000 -3.03084933921598
9265000 -3.07113815998742
9266000 -3.03166439326056
9267000 -3.07183641121988
9268000 -3.06549415361436
9269000 -3.06363875139483
9270000 -3.06109692550549
9271000 -3.060870480818
9272000 -3.06617038716024
9273000 -3.04824183268032
9274000 -3.06732288157038
9275000 -3.07911690460675
9276000 -3.03406624991799
9277000 -3.08411333491553
9278000 -3.05913893616282
9279000 -3.07981318214358
9280000 -3.03553536667912
9281000 -3.09266447430464
9282000 -3.05544251767745
9283000 -3.0767870182157
9284000 -3.07678502652017
9285000 -3.06368150761025
9286000 -3.08528526349199
9287000 -3.06680560820006
9288000 -3.09702537147412
9289000 -3.08178357783065
9290000 -3.07741783740646
9291000 -3.0497610983683
9292000 -3.09280333280764
9293000 -3.0644782410064
9294000 -3.0878118989071
9295000 -3.06677474741571
9296000 -3.09398760867231
9297000 -3.05495620415946
9298000 -3.06880374205237
9299000 -3.06013205960266
9300000 -3.08031636892905
9301000 -3.06043929769921
9302000 -3.07326525767745
9303000 -3.0507821390656
9304000 -3.08935731609845
9305000 -3.05444585255693
9306000 -3.0800731236268
9307000 -3.07548785547743
9308000 -3.09811650367771
9309000 -3.07675046884349
9310000 -3.0781651618809
9311000 -3.06238459419907
9312000 -3.09304628875899
9313000 -3.07175315042344
9314000 -3.08992941265217
9315000 -3.04136459831205
9316000 -3.09648401458891
9317000 -3.05775910352312
9318000 -3.07659708225889
9319000 -3.07601848466365
9320000 -3.07032577816676
9321000 -3.09344363329977
9322000 -3.04927795555769
9323000 -3.11137163531481
9324000 -3.07743029017826
9325000 -3.09330022062327
9326000 -3.04937450593204
9327000 -3.09791513823951
9328000 -3.07544696921279
9329000 -3.05890124077729
9330000 -3.07035902605132
9331000 -3.09132549363314
9332000 -3.09194191612772
9333000 -3.06644004351133
9334000 -3.09465099639572
9335000 -3.06855462072456
9336000 -3.09691960988031
9337000 -3.05606161902438
9338000 -3.11261213754853
9339000 -3.08558348306419
9340000 -3.07596134031039
9341000 -3.09848860159623
9342000 -3.09098164820108
9343000 -3.10235183415538
9344000 -3.06856617788363
9345000 -3.11493314723839
9346000 -3.07641808785104
9347000 -3.09948149054992
9348000 -3.06619734591355
9349000 -3.09518034553847
9350000 -3.08581043944773
9351000 -3.08467890045021
9352000 -3.08817890259357
9353000 -3.08089530567552
9354000 -3.07328391362036
9355000 -3.09780982443174
9356000 -3.09258419251143
9357000 -3.1127209539385
9358000 -3.07066816652433
9359000 -3.10858724629492
9360000 -3.08741552824482
9361000 -3.09878189042216
9362000 -3.06966665333731
9363000 -3.09369801299149
9364000 -3.08796657130938
9365000 -3.10512445262546
9366000 -3.073984030969
9367000 -3.11057904756574
9368000 -3.09080026407944
9369000 -3.09916449068453
9370000 -3.1021684783952
9371000 -3.10092120894835
9372000 -3.09359973166346
9373000 -3.10373455674843
9374000 -3.082198505339
9375000 -3.11767469748214
9376000 -3.07792629834259
9377000 -3.13675481437404
9378000 -3.07857204074016
9379000 -3.12556778185954
9380000 -3.07633591519956
9381000 -3.11902423639103
9382000 -3.09220672240324
9383000 -3.11535846480054
9384000 -3.12013431662676
9385000 -3.08658680252556
9386000 -3.11170716643903
9387000 -3.10701835635895
9388000 -3.11214011286105
9389000 -3.10662274938256
9390000 -3.09962607260798
9391000 -3.0918998301039
9392000 -3.09860413720646
9393000 -3.10179408845965
9394000 -3.0660922712643
9395000 -3.10470525735986
9396000 -3.10837172851937
9397000 -3.10745813581552
9398000 -3.07312256176267
9399000 -3.11427928547218
9400000 -3.08985318093187
9401000 -3.11432818977354
9402000 -3.08301608422231
9403000 -3.09791156532532
9404000 -3.1275962074289
9405000 -3.06605915788447
9406000 -3.13529939400308
9407000 -3.08072146808434
9408000 -3.14458259189333
9409000 -3.07838540006534
9410000 -3.10049789684058
9411000 -3.10254214777706
9412000 -3.1190577162924
9413000 -3.12475498025227
9414000 -3.09780026988977
9415000 -3.13428724132308
9416000 -3.10483113321312
9417000 -3.10780543539779
9418000 -3.10261369285212
9419000 -3.12390611698023
9420000 -3.13197770059762
9421000 -3.09161075204512
9422000 -3.17123521609023
9423000 -3.07568885346169
9424000 -3.16296521307179
9425000 -3.05373135759631
9426000 -3.16854974426093
9427000 -3.07133436295437
9428000 -3.15471310765634
9429000 -3.11013244906825
9430000 -3.10484932181651
9431000 -3.14109951090581
9432000 -3.09458809048028
9433000 -3.13238251847753
9434000 -3.09400791833887
9435000 -3.11948417561833
9436000 -3.12094064180615
9437000 -3.08473472713795
9438000 -3.13501539183385
9439000 -3.09019410035013
9440000 -3.15478105998856
9441000 -3.06466635908699
9442000 -3.15236094679272
9443000 -3.08560817758559
9444000 -3.14463528883639
9445000 -3.11425133471126
9446000 -3.09407168041031
9447000 -3.13887794357348
9448000 -3.06965795890424
9449000 -3.17965542005224
9450000 -3.07168589074116
9451000 -3.17697485010217
9452000 -3.07687425420918
9453000 -3.14925881229781
9454000 -3.11087689788603
9455000 -3.11346035471557
9456000 -3.13773211508177
9457000 -3.08342229260501
9458000 -3.17047892666977
9459000 -3.05828888194545
9460000 -3.18848254020504
9461000 -3.0872098681139
9462000 -3.16536026230992
9463000 -3.11880040675096
9464000 -3.12148960455251
9465000 -3.15901031244393
9466000 -3.10029839560548
9467000 -3.16614539642207
9468000 -3.10393941925548
9469000 -3.12304637541252
9470000 -3.12368355057526
9471000 -3.10048053005616
9472000 -3.19314202292649
9473000 -3.0702586674838
9474000 -3.20348201524198
9475000 -3.08331655612586
9476000 -3.17441784729613
9477000 -3.10601618007516
9478000 -3.12819457825873
9479000 -3.15493749270248
9480000 -3.09287070490772
9481000 -3.18132442017734
9482000 -3.07647538640488
9483000 -3.18100306649135
9484000 -3.08422762617333
9485000 -3.16878160086383
9486000 -3.11520803848145
9487000 -3.12708201061397
9488000 -3.14394625222687
9489000 -3.12361511839202
9490000 -3.16892578915257
9491000 -3.09549015593039
9492000 -3.17038449380604
9493000 -3.12608074991729
9494000 -3.14300102322192
9495000 -3.15060837876713
9496000 -3.12325273534239
9497000 -3.18275887243261
9498000 -3.11905654576865
9499000 -3.18438181059277
9500000 -3.10644167901196
9501000 -3.158438981073
9502000 -3.12529866255258
9503000 -3.13672216590952
9504000 -3.13207477756595
9505000 -3.11366580512924
9506000 -3.14771812337738
9507000 -3.11248692297062
9508000 -3.15290389352993
9509000 -3.11665434637387
9510000 -3.16991721220706
9511000 -3.13839191719982
9512000 -3.14478631964426
9513000 -3.15829552006461
9514000 -3.14541551563572
9515000 -3.15652785426522
9516000 -3.1538560185174
9517000 -3.12818806897354
9518000 -3.15617758415572
9519000 -3.15595612478958
9520000 -3.149750632473
9521000 -3.11317197990281
9522000 -3.16371098681312
9523000 -3.12749567368814
9524000 -3.14702522485695
9525000 -3.13930878269384
9526000 -3.13251744856426
9527000 -3.15128974454972
9528000 -3.122077023421
9529000 -3.13578214967171
9530000 -3.15569736060358
9531000 -3.17621995114888
9532000 -3.1135106577271
9533000 -3.13946286985813
9534000 -3.17995208168965
9535000 -3.11196508120137
9536000 -3.16365512797442
9537000 -3.11052019907491
9538000 -3.17071614702353
9539000 -3.13742140408659
9540000 -3.15656518002098
9541000 -3.14705961275231
9542000 -3.13082686268082
9543000 -3.18840974065683
9544000 -3.10925837890619
9545000 -3.20472793232942
9546000 -3.11115123165531
9547000 -3.18159644759498
9548000 -3.15458625564697
9549000 -3.15313961492642
9550000 -3.14581570812123
9551000 -3.14632483585069
9552000 -3.17301933788752
9553000 -3.13341699307428
9554000 -3.16946846004455
9555000 -3.1332154693118
9556000 -3.14465795195576
9557000 -3.18446682502199
9558000 -3.12080238684467
9559000 -3.18600098467213
9560000 -3.08545191670609
9561000 -3.20265816311421
9562000 -3.13829839495841
9563000 -3.1697506075399
9564000 -3.14708690285006
9565000 -3.15992654098508
9566000 -3.14304032788201
9567000 -3.14162672176567
9568000 -3.20980053394197
9569000 -3.16426425342529
9570000 -3.16552552028204
9571000 -3.18343863709444
9572000 -3.17573868402421
9573000 -3.19330833984454
9574000 -3.12885744943277
9575000 -3.209545090998
9576000 -3.13999713802744
9577000 -3.18492362866523
9578000 -3.15234872205282
9579000 -3.15247531809245
9580000 -3.20759138325744
9581000 -3.1129243338007
9582000 -3.21330085101986
9583000 -3.12859069819456
9584000 -3.197690336462
9585000 -3.15551557334964
9586000 -3.20419887155828
9587000 -3.16280056904735
9588000 -3.13700323855764
9589000 -3.19055588899402
9590000 -3.16231346865112
9591000 -3.1949351236892
9592000 -3.1606019691408
9593000 -3.18382456798279
9594000 -3.1974009712519
9595000 -3.13858434153495
9596000 -3.21273376823434
9597000 -3.12680520122209
9598000 -3.22277866658257
9599000 -3.13658647021181
9600000 -3.22690614888579
9601000 -3.16592987833543
9602000 -3.1696266924472
9603000 -3.16728088306867
9604000 -3.14408971524766
9605000 -3.21683739947284
9606000 -3.12395693491656
9607000 -3.19699884904953
9608000 -3.16808822528046
9609000 -3.20049781865581
9610000 -3.1590093301267
9611000 -3.15958569507705
9612000 -3.18825561205476
9613000 -3.14087791712676
9614000 -3.19218257875583
9615000 -3.17093283071409
9616000 -3.183097791645
9617000 -3.20625795579598
9618000 -3.17751120022728
9619000 -3.20695974100794
9620000 -3.13482866108914
9621000 -3.2244515755653
9622000 -3.15256730225306
9623000 -3.20715119063774
9624000 -3.17771847711924
9625000 -3.21285536950668
9626000 -3.17380233703983
9627000 -3.18024224582434
9628000 -3.18038835759669
9629000 -3.18850608985611
9630000 -3.17380791167326
9631000 -3.19313083100871
9632000 -3.17703027368101
9633000 -3.19581035052751
9634000 -3.17366832680209
9635000 -3.2053967916499
9636000 -3.16697853963823
9637000 -3.19066158079344
9638000 -3.19806451006366
9639000 -3.16640979288455
9640000 -3.21312359696059
9641000 -3.17264332298967
9642000 -3.22178996871755
9643000 -3.16277742147558
9644000 -3.21447918788635
9645000 -3.18365729590867
9646000 -3.23032898632708
9647000 -3.19775514072473
9648000 -3.17012680615895
9649000 -3.22527607129627
9650000 -3.15356641176362
9651000 -3.19787759508173
9652000 -3.15388709910078
9653000 -3.1926665195653
9654000 -3.20495290762819
9655000 -3.19258657588042
9656000 -3.20961027168985
9657000 -3.17079953259652
9658000 -3.21998863605345
9659000 -3.20007708079161
9660000 -3.17924362916673
9661000 -3.20912252930734
9662000 -3.16648791177876
9663000 -3.24820678555399
9664000 -3.15278670232131
9665000 -3.22829906717126
9666000 -3.18977169186524
9667000 -3.21256836064486
9668000 -3.19110122577461
9669000 -3.16853309173677
9670000 -3.21936504783526
9671000 -3.1579210628533
9672000 -3.24176091323261
9673000 -3.16349097702902
9674000 -3.21890118333819
9675000 -3.21787267226148
9676000 -3.16880999347224
9677000 -3.19807760762676
9678000 -3.1837702057409
9679000 -3.24473859241797
9680000 -3.15932751426621
9681000 -3.20007414126029
9682000 -3.18186778628393
9683000 -3.18051524299976
9684000 -3.22364099556919
9685000 -3.16958457671391
9686000 -3.23612562398855
9687000 -3.18351718601097
9688000 -3.22299329789428
9689000 -3.1948777986891
9690000 -3.22653670781505
9691000 -3.1934984582552
9692000 -3.19852282314467
9693000 -3.21230293229531
9694000 -3.19927022150038
9695000 -3.2234170770891
9696000 -3.20604324431479
9697000 -3.18900453801184
9698000 -3.21762313087688
9699000 -3.18344871529394
9700000 -3.2258282620482
9701000 -3.18516191175232
9702000 -3.22815493876225
9703000 -3.19808039705677
9704000 -3.20998345831794
9705000 -3.2274763620799
9706000 -3.18903034918901
9707000 -3.2240691190722
9708000 -3.19984587424317
9709000 -3.20366136036474
9710000 -3.19804711383395
9711000 -3.19765769893869
9712000 -3.22586954147412
9713000 -3.19631850602859
9714000 -3.23330671853102
9715000 -3.18595426214671
9716000 -3.2660693419063
9717000 -3.20125167862908
9718000 -3.21835503785203
9719000 -3.22018714201121
9720000 -3.19774862650827
9721000 -3.22520365237204
9722000 -3.19234033407326
9723000 -3.21452005277087
9724000 -3.1858579893052
9725000 -3.21758327462051
9726000 -3.19936582691728
9727000 -3.2197683361818
9728000 -3.25242568492718
9729000 -3.1847045057338
9730000 -3.22967707303256
9731000 -3.18167350704264
9732000 -3.2470688632882
9733000 -3.18437346885431
9734000 -3.23710328366992
9735000 -3.20423312334083
9736000 -3.21737460637443
9737000 -3.22046885447234
9738000 -3.19045840383962
9739000 -3.23735035772845
9740000 -3.21384731940077
9741000 -3.21224739064069
9742000 -3.25652668998552
9743000 -3.15507390017143
9744000 -3.25926878005459
9745000 -3.20727493002205
9746000 -3.25611414764463
9747000 -3.1982193730428
9748000 -3.21737142207804
9749000 -3.23816267568242
9750000 -3.18564478043474
9751000 -3.26084029386374
9752000 -3.19009459568284
9753000 -3.2622697320431
9754000 -3.2138689321063
9755000 -3.23209655093593
9756000 -3.21365311617566
9757000 -3.21860672590289
9758000 -3.21569083012336
9759000 -3.24069370244481
9760000 -3.22885497433308
9761000 -3.21967617807823
9762000 -3.21690486540692
9763000 -3.24880391585442
9764000 -3.20281061347485
9765000 -3.25390338835456
9766000 -3.22572139068684
9767000 -3.23369596613579
9768000 -3.2250937358503
9769000 -3.21710373217883
9770000 -3.22432434473523
9771000 -3.23316644678158
9772000 -3.21169321030841
9773000 -3.2389428106882
9774000 -3.22525390990484
9775000 -3.25203268150162
9776000 -3.20179247659868
9777000 -3.2477162595956
9778000 -3.21879583906087
9779000 -3.25185870264046
9780000 -3.24080232907791
9781000 -3.23313821290705
9782000 -3.25498787242432
9783000 -3.24644527954876
9784000 -3.25386383544155
9785000 -3.22195985722915
9786000 -3.25758134166791
9787000 -3.2166529980943
9788000 -3.25698656191081
9789000 -3.20471084954597
9790000 -3.22648230772166
9791000 -3.25189726585388
9792000 -3.20175601185293
9793000 -3.24645459399889
9794000 -3.21962865400878
9795000 -3.25092137890727
9796000 -3.22109545811634
9797000 -3.24773411962118
9798000 -3.24505019162642
9799000 -3.2397164923606
9800000 -3.25718248735107
9801000 -3.22792338203191
9802000 -3.27516716745855
9803000 -3.23060069949209
9804000 -3.25514168356133
9805000 -3.24212574274744
9806000 -3.23557752406741
9807000 -3.2577415140024
9808000 -3.20056628695224
9809000 -3.26690226134222
9810000 -3.22952728785812
9811000 -3.27325660366424
9812000 -3.22942029590586
9813000 -3.25735409470701
9814000 -3.25338685913327
9815000 -3.23532069042049
9816000 -3.27905062566835
9817000 -3.20095661518509
9818000 -3.27312303576887
9819000 -3.25130667882536
9820000 -3.2606038389832
9821000 -3.23615893477107
9822000 -3.2431068088485
9823000 -3.28387541297463
9824000 -3.20146215204292
9825000 -3.29895794837821
9826000 -3.22692820755696
9827000 -3.2675900144976
9828000 -3.24341203037886
9829000 -3.2456063803793
9830000 -3.28128175521161
9831000 -3.21407255398154
9832000 -3.2651362754923
9833000 -3.20152063434717
9834000 -3.27228838048677
9835000 -3.25354080642131
9836000 -3.23545123287475
9837000 -3.24481341042048
9838000 -3.25408136126848
9839000 -3.27341585462371
9840000 -3.20998807546223
9841000 -3.26024720254775
9842000 -3.27617705473001
9843000 -3.23436026364495
9844000 -3.23621609932089
9845000 -3.24253257976485
9846000 -3.25834458573423
9847000 -3.24664235973803
9848000 -3.24712369961753
9849000 -3.26082267345115
9850000 -3.24571939094612
9851000 -3.25244435218931
9852000 -3.24097797793392
9853000 -3.27144498318302
9854000 -3.26126570166434
9855000 -3.25846004878224
9856000 -3.2629784682334
9857000 -3.22627469459662
9858000 -3.28053269153945
9859000 -3.26382165792151
9860000 -3.26634691480337
9861000 -3.26842121644793
9862000 -3.26112160398073
9863000 -3.28301881214407
9864000 -3.24489652230921
9865000 -3.2916565348982
9866000 -3.2511352332912
9867000 -3.27995296678383
9868000 -3.25680759077126
9869000 -3.242227703273
9870000 -3.27741254463326
9871000 -3.21448894709101
9872000 -3.2914397998697
9873000 -3.26173220071415
9874000 -3.26424475422609
9875000 -3.28382629081514
9876000 -3.24801049584367
9877000 -3.28880982522283
9878000 -3.21819445506632
9879000 -3.30356430308984
9880000 -3.22806165729414
9881000 -3.27626793297707
9882000 -3.23884008313414
9883000 -3.26871639691006
9884000 -3.28094936075122
9885000 -3.25028900079209
9886000 -3.29898320506274
9887000 -3.23673110689868
9888000 -3.28283653290345
9889000 -3.26079429665657
9890000 -3.30311185791983
9891000 -3.25965336298222
9892000 -3.25160146241713
9893000 -3.28081271394304
9894000 -3.257400414648
9895000 -3.28570581138354
9896000 -3.24429439854633
9897000 -3.28914230101141
9898000 -3.27704245360801
9899000 -3.2384152957338
9900000 -3.29817359288217
9901000 -3.24039236885273
9902000 -3.31363455195128
9903000 -3.2258565745948
9904000 -3.30776366311142
9905000 -3.24379715888194
9906000 -3.28129921921109
9907000 -3.24452443513425
9908000 -3.30761818024479
9909000 -3.28488831264077
9910000 -3.28934902380885
9911000 -3.27491157891949
9912000 -3.30287848743642
9913000 -3.28605779375713
9914000 -3.24216088650271
9915000 -3.29878655758914
9916000 -3.29904928738461
9917000 -3.25916180331461
9918000 -3.26213120873924
9919000 -3.28876920463094
9920000 -3.28123500720079
9921000 -3.29950971051062
9922000 -3.27386572931826
9923000 -3.27727800512438
9924000 -3.29917145202142
9925000 -3.28991447947532
9926000 -3.29312013319725
9927000 -3.28749183777936
9928000 -3.28241906285706
9929000 -3.28869088325055
9930000 -3.27911813730351
9931000 -3.29195879550521
9932000 -3.2609496195331
9933000 -3.29098595462562
9934000 -3.28143935080266
9935000 -3.28938038121985
9936000 -3.28671931417083
9937000 -3.27283691623787
9938000 -3.30515390085462
9939000 -3.28838167295613
9940000 -3.29419252403512
9941000 -3.26534673222641
9942000 -3.30123784763643
9943000 -3.29466224192677
9944000 -3.26850044423217
9945000 -3.29473831859231
9946000 -3.27101555159636
9947000 -3.3002137858988
9948000 -3.27201939258349
9949000 -3.32889892657423
9950000 -3.2884842149463
9951000 -3.26338714361573
9952000 -3.31680142093216
9953000 -3.27355314599619
9954000 -3.32477536441676
9955000 -3.28064397586397
9956000 -3.28773831680708
9957000 -3.31270003988628
9958000 -3.27494075292477
9959000 -3.3343913255583
9960000 -3.25032186401548
9961000 -3.34109970145928
9962000 -3.24481603116278
9963000 -3.31348142833688
9964000 -3.29875049694389
9965000 -3.29153945755073
9966000 -3.34019352651938
9967000 -3.28318335604871
9968000 -3.32590928074883
9969000 -3.25139633237716
9970000 -3.3139335976085
9971000 -3.32350782678306
9972000 -3.27824921835955
9973000 -3.34641448137375
9974000 -3.25922742901597
9975000 -3.32559016113707
9976000 -3.2953579371545
9977000 -3.29548022510993
9978000 -3.32212373137942
9979000 -3.27026049608876
9980000 -3.3401088946982
9981000 -3.25425886610074
9982000 -3.34901619875566
9983000 -3.28678708033505
9984000 -3.29363093669611
9985000 -3.31597816337997
9986000 -3.27694932477161
9987000 -3.32055389566446
9988000 -3.278412780372
9989000 -3.31128881291014
9990000 -3.31081386404037
9991000 -3.28329415383177
9992000 -3.33756157329077
9993000 -3.26908450876077
9994000 -3.36210983859389
9995000 -3.26649208655949
9996000 -3.32812613087578
9997000 -3.31946458971253
9998000 -3.29042581138946
9999000 -3.33631803169732
10000000 -3.28536101199652
10001000 -3.34792499258582
10002000 -3.27709210477517
10003000 -3.33611160567118
10004000 -3.30058765457886
10005000 -3.30878307518385
10006000 -3.3140461285809
10007000 -3.27242551559258
10008000 -3.35917992095071
10009000 -3.2746825395722
10010000 -3.33039335288118
10011000 -3.31440337241486
10012000 -3.31918481851273
10013000 -3.34746225446403
10014000 -3.28471782471776
10015000 -3.33459714073675
10016000 -3.29417471220285
10017000 -3.32688714104199
10018000 -3.33270386475783
10019000 -3.27453187377836
10020000 -3.3432663232789
10021000 -3.29128228805782
10022000 -3.36603139526475
10023000 -3.30717781524002
10024000 -3.2927776802512
10025000 -3.324330275352
10026000 -3.29784183225252
10027000 -3.31880390076829
10028000 -3.29936041164416
10029000 -3.32434014265683
10030000 -3.33091862776897
10031000 -3.29973576768054
10032000 -3.34987890220637
10033000 -3.2885237410904
10034000 -3.36247387132129
10035000 -3.27042099186979
10036000 -3.35878121549838
10037000 -3.30570534260536
10038000 -3.30216891789716
10039000 -3.31806351887315
10040000 -3.30286116347865
10041000 -3.30590889126768
10042000 -3.30346145518605
10043000 -3.31797221425006
10044000 -3.32255204080512
10045000 -3.30045926376958
10046000 -3.31559540619791
10047000 -3.32786628902249
10048000 -3.32515885659757
10049000 -3.30668524540266
10050000 -3.35232300216336
10051000 -3.34864224638298
10052000 -3.31656463352629
10053000 -3.31362283023225
10054000 -3.32158150009304
10055000 -3.31692885252663
10056000 -3.32840394412298
10057000 -3.28209134883839
10058000 -3.38041383747881
10059000 -3.31869017185535
10060000 -3.32573806403857
10061000 -3.33245909828089
10062000 -3.31164239898265
10063000 -3.36096732450631
10064000 -3.2847962057874
10065000 -3.35113519450308
10066000 -3.31999507134766
10067000 -3.36385759747676
10068000 -3.31854338635771
10069000 -3.32782670368037
10070000 -3.38174923022508
10071000 -3.31573836050693
10072000 -3.36460552655571
10073000 -3.33141375753752
10074000 -3.34364112481475
10075000 -3.30315055300278
10076000 -3.31742050554364
10077000 -3.36416011905856
10078000 -3.29889893532102
10079000 -3.36483782502559
10080000 -3.31874877192508
10081000 -3.37185352593838
10082000 -3.32526895256336
10083000 -3.32970562636358
10084000 -3.36989524537585
10085000 -3.29323723424779
10086000 -3.39500885701866
10087000 -3.29048138144337
10088000 -3.36675970942928
10089000 -3.3218215517807
10090000 -3.30375722398607
10091000 -3.37508970657674
10092000 -3.30108547295143
10093000 -3.37871094995569
10094000 -3.29553145123658
10095000 -3.36065437176707
10096000 -3.33415360947337
10097000 -3.31276243581755
10098000 -3.40639008472357
10099000 -3.27589063281245
10100000 -3.38583120670036
10101000 -3.29857569218139
10102000 -3.38872864346468
10103000 -3.32038928610567
10104000 -3.32058410231779
10105000 -3.3520636941763
10106000 -3.32319518871
10107000 -3.37743336294507
10108000 -3.28833646993728
10109000 -3.39250605280557
10110000 -3.32156249622872
10111000 -3.33332958776787
10112000 -3.36590876231219
10113000 -3.32820253291859
10114000 -3.37810569070446
10115000 -3.30312709981944
10116000 -3.39138741072126
10117000 -3.32608395465867
10118000 -3.35954402653774
10119000 -3.3463268520871
10120000 -3.33357669002966
10121000 -3.41094083772318
10122000 -3.30672979231482
10123000 -3.40896423244758
10124000 -3.31419646976529
10125000 -3.39573880569467
10126000 -3.34778771172178
10127000 -3.34871930418648
10128000 -3.36743267232661
10129000 -3.36205502323584
10130000 -3.3949554895942
10131000 -3.32107733700664
10132000 -3.36994759189284
10133000 -3.36230472800187
10134000 -3.34514603327991
10135000 -3.35922294235954
10136000 -3.33754577158237
10137000 -3.41579331209229
10138000 -3.29387046683895
10139000 -3.35430403391529
10140000 -3.32917506902684
10141000 -3.36375604052789
10142000 -3.33832684490983
10143000 -3.36241204411844
10144000 -3.35373746680366
10145000 -3.33080895518871
10146000 -3.37973487965814
10147000 -3.33652166446752
10148000 -3.369454969038
10149000 -3.35648752103842
10150000 -3.36061762135301
10151000 -3.35439686232791
10152000 -3.3388954241546
10153000 -3.36935740788496
10154000 -3.35914664589439
10155000 -3.38078218122799
10156000 -3.35189670064902
10157000 -3.36416463809887
10158000 -3.38503516425928
10159000 -3.37063562545889
10160000 -3.37373421283145
10161000 -3.35587651731593
10162000 -3.4052338522062
10163000 -3.31471233829442
10164000 -3.3807059700052
10165000 -3.37361061387566
10166000 -3.38100104160082
10167000 -3.36008717481279
10168000 -3.3520791608735
10169000 -3.39141306194561
10170000 -3.36512015116874
10171000 -3.35088173255877
10172000 -3.36511497541157
10173000 -3.3593413144722
10174000 -3.39307599841562
10175000 -3.33931973817946
10176000 -3.38494146714925
10177000 -3.34281667653383
10178000 -3.39082167729975
10179000 -3.37733453199879
10180000 -3.34023187065668
10181000 -3.37980293981264
10182000 -3.34810438935408
10183000 -3.37893851910765
10184000 -3.36580107107933
10185000 -3.36591441399056
10186000 -3.36739708300892
10187000 -3.35609237371023
10188000 -3.39571415802018
10189000 -3.33131127605416
10190000 -3.40372174287495
10191000 -3.35279129074099
10192000 -3.3558522533104
10193000 -3.38008616287291
10194000 -3.34543489087709
10195000 -3.38934710011135
10196000 -3.34180374419061
10197000 -3.38264742011605
10198000 -3.34390746273839
10199000 -3.37960616278316
10200000 -3.38174015926569
10201000 -3.36917007018187
10202000 -3.38367760077832
10203000 -3.34075938994654
10204000 -3.4132355127261
10205000 -3.37200371590284
10206000 -3.36702859631459
10207000 -3.37818367131255
10208000 -3.36740888405649
10209000 -3.41437830618868
10210000 -3.37581925815811
10211000 -3.40236221882188
10212000 -3.36540836338418
10213000 -3.40752279688512
10214000 -3.37319295694015
10215000 -3.3701047928247
10216000 -3.36708821567366
10217000 -3.37803169152124
10218000 -3.41356436439384
10219000 -3.36909614566764
10220000 -3.40562009593807
10221000 -3.36282267025581
10222000 -3.39478002610575
10223000 -3.38313182674291
10224000 -3.36929160036771
10225000 -3.39653771197108
10226000 -3.36615821646537
10227000 -3.39155580360844
10228000 -3.35437668506043
10229000 -3.38283546314
10230000 -3.38099524195927
10231000 -3.40095909700586
10232000 -3.35971562649288
10233000 -3.39414642169641
10234000 -3.40103917967381
10235000 -3.36807415600875
10236000 -3.39832969858449
10237000 -3.38152443081283
10238000 -3.4004041495507
10239000 -3.40511921582437
10240000 -3.37026434301706
10241000 -3.41247853246769
10242000 -3.34741135024809
10243000 -3.43631671919198
10244000 -3.35962384191218
10245000 -3.42660857158485
10246000 -3.39285350340354
10247000 -3.3640945042939
10248000 -3.39887889501759
10249000 -3.36419003916964
10250000 -3.44216143712342
10251000 -3.34673898781133
10252000 -3.41713906897893
10253000 -3.39042921290429
10254000 -3.38236004638425
10255000 -3.41598067079529
10256000 -3.36439931773142
10257000 -3.43797792457436
10258000 -3.35119676988701
10259000 -3.40501703862924
10260000 -3.37736388446435
10261000 -3.40465223688741
10262000 -3.39839748112799
10263000 -3.36769962148015
10264000 -3.41554577364361
10265000 -3.3711459188099
10266000 -3.41370119804257
10267000 -3.38115275605418
10268000 -3.44967603958072
10269000 -3.36999664616057
10270000 -3.3867647076453
10271000 -3.40063631775099
10272000 -3.38592594237334
10273000 -3.40583001158653
10274000 -3.36550930362473
10275000 -3.41972362536186
10276000 -3.39146316886289
10277000 -3.38779116463092
10278000 -3.42019008615674
10279000 -3.37563095595512
10280000 -3.43933177788395
10281000 -3.36007361317377
10282000 -3.45832235646926
10283000 -3.37562261019673
10284000 -3.44170676861956
10285000 -3.37300837602584
10286000 -3.42502243709131
10287000 -3.41342184348034
10288000 -3.39838570325006
10289000 -3.42669933850471
10290000 -3.4031174416645
10291000 -3.43205958230752
10292000 -3.40709386750658
10293000 -3.37449285455646
10294000 -3.45998394564501
10295000 -3.39279631752402
10296000 -3.42587017466139
10297000 -3.36972617794032
10298000 -3.44458666405048
10299000 -3.37919077811214
10300000 -3.4033561329914
10301000 -3.41836759019607
10302000 -3.41926628057395
10303000 -3.41308787343173
10304000 -3.39113550743691
10305000 -3.44856258127504
10306000 -3.41256356148298
10307000 -3.40709943091254
10308000 -3.41023732210827
10309000 -3.44349413064645
10310000 -3.43957264538131
10311000 -3.36657781141707
10312000 -3.42721721161288
10313000 -3.40955162862754
10314000 -3.45051490575807
10315000 -3.3785760487547
10316000 -3.43017553955337
10317000 -3.43354929698986
10318000 -3.39473628400202
10319000 -3.41725229598419
10320000 -3.40450644049823
10321000 -3.45038303078528
10322000 -3.40387348283888
10323000 -3.4288989863888
10324000 -3.4232567349288
10325000 -3.43427008089286
10326000 -3.41784227139645
10327000 -3.38356844370677
10328000 -3.45328754376044
10329000 -3.41155433515568
10330000 -3.43572022478681
10331000 -3.39396662580221
10332000 -3.42828824539079
10333000 -3.40706240644977
10334000 -3.39754567272982
10335000 -3.4405883583677
10336000 -3.3998246017916
10337000 -3.45171542957096
10338000 -3.37640708992993
10339000 -3.44664786889795
10340000 -3.41317665027931
10341000 -3.42020997313644
10342000 -3.41468133881605
10343000 -3.44621407694733
10344000 -3.44572229920856
10345000 -3.39319438661945
10346000 -3.42937982619647
10347000 -3.42016586253323
10348000 -3.430864699542
10349000 -3.40226759576948
10350000 -3.40611608322051
10351000 -3.44879249779953
10352000 -3.40016534675074
10353000 -3.41063111674754
10354000 -3.39593692948426
10355000 -3.45075393854511
10356000 -3.44776644964134
10357000 -3.40288967240197
10358000 -3.43397234327853
10359000 -3.42327466001348
10360000 -3.44548457642728
10361000 -3.39137174472956
10362000 -3.45847684391786
10363000 -3.44235313487434
10364000 -3.41097741488632
10365000 -3.4310527609285
10366000 -3.41660757480027
10367000 -3.44006410671591
10368000 -3.42056707246372
10369000 -3.4396693902277
10370000 -3.42972965675848
10371000 -3.44563698010905
10372000 -3.43772867580457
10373000 -3.4213443010502
10374000 -3.45798076561436
10375000 -3.40027805276848
10376000 -3.45282864236273
10377000 -3.44428981502539
10378000 -3.44999671707179
10379000 -3.41058345686605
10380000 -3.43205421349735
10381000 -3.46423390510039
10382000 -3.44713934150461
10383000 -3.43170762395467
10384000 -3.45683802117094
10385000 -3.42858174963186
10386000 -3.46213156917858
10387000 -3.40036620599543
10388000 -3.45834196031667
10389000 -3.42504134984404
10390000 -3.45592576698114
10391000 -3.43052942904086
10392000 -3.44517218494244
10393000 -3.44284639767328
10394000 -3.42147815966685
10395000 -3.43459776540691
10396000 -3.43966577127553
10397000 -3.43933491029037
10398000 -3.45079683922191
10399000 -3.40780009489358
10400000 -3.45254553654366
10401000 -3.41965655653062
10402000 -3.46314671087822
10403000 -3.40299639721975
10404000 -3.46781303503842
10405000 -3.43197688683008
10406000 -3.43050066816872
10407000 -3.45350318504488
10408000 -3.41872649820582
10409000 -3.46690994362111
10410000 -3.43280643018737
10411000 -3.43934680965394
10412000 -3.43410752407211
10413000 -3.41850718947925
10414000 -3.4735043024586
10415000 -3.41706080166235
10416000 -3.47093862969791
10417000 -3.43074128152334
10418000 -3.46300784598199
10419000 -3.45242452757908
10420000 -3.44216605035179
10421000 -3.46429888906373
10422000 -3.43690043105183
10423000 -3.47465560415232
10424000 -3.44959840225589
10425000 -3.44817295090966
10426000 -3.46366763007018
10427000 -3.45055082837547
10428000 -3.46762531543444
10429000 -3.41851949685402
10430000 -3.46129274403626
10431000 -3.44857202179911
10432000 -3.47881993018939
10433000 -3.46558337994472
10434000 -3.42258562591613
10435000 -3.46983349550562
10436000 -3.44976111453209
10437000 -3.46562507271194
10438000 -3.45944984122318
10439000 -3.47886236319347
10440000 -3.44264060418723
10441000 -3.45825332226633
10442000 -3.47685018483186
10443000 -3.41773435233823
10444000 -3.46270917013
10445000 -3.4519396358102
10446000 -3.45634931573841
10447000 -3.44433839289698
10448000 -3.4451058679017
10449000 -3.49193749677402
10450000 -3.44065940564125
10451000 -3.47865205539387
10452000 -3.4413952171908
10453000 -3.49691171709831
10454000 -3.43575104057177
10455000 -3.44305250852609
10456000 -3.47261616786636
10457000 -3.45085150922873
10458000 -3.4543450451922
10459000 -3.44668435034827
10460000 -3.46688084329992
10461000 -3.47081470264731
10462000 -3.4543806058643
10463000 -3.48358770785275
10464000 -3.46247872312289
10465000 -3.48472260925686
10466000 -3.45343252996171
10467000 -3.47599263827755
10468000 -3.45007640725664
10469000 -3.47819986265586
10470000 -3.48529935105204
10471000 -3.45345499288081
10472000 -3.49111013164541
10473000 -3.47675596039249
10474000 -3.47210022339574
10475000 -3.48747871640723
10476000 -3.46296351327649
10477000 -3.48800038886588
10478000 -3.43511679580037
10479000 -3.48426274003477
10480000 -3.46859042740289
10481000 -3.49498825552014
10482000 -3.46644615593848
10483000 -3.45609241734332
10484000 -3.47136993410973
10485000 -3.45798719051965
10486000 -3.46189312667602
10487000 -3.48039669126637
10488000 -3.45120907397155
10489000 -3.49387914433346
10490000 -3.44251401682746
10491000 -3.49521444580716
10492000 -3.44885800734293
10493000 -3.45992250791773
10494000 -3.4956808144878
10495000 -3.45981187406149
10496000 -3.50283765688893
10497000 -3.460958130731
10498000 -3.47809930086891
10499000 -3.47648788825137
10500000 -3.47169524548997
10501000 -3.50128283054749
10502000 -3.45453352592343
10503000 -3.49615654130111
10504000 -3.48791391929578
10505000 -3.49442505629561
10506000 -3.49497570596796
10507000 -3.4447428443575
10508000 -3.50155290124616
10509000 -3.46466057166159
10510000 -3.49003047653403
10511000 -3.45733267237723
10512000 -3.4633888147132
10513000 -3.49531785735591
10514000 -3.45655349066735
10515000 -3.49055302243241
10516000 -3.51116459147837
10517000 -3.46822876983921
10518000 -3.51981724895834
10519000 -3.46630075892116
10520000 -3.53199193431814
10521000 -3.44931763272717
10522000 -3.51510285808183
10523000 -3.47991181578537
10524000 -3.5126338146108
10525000 -3.46989823185536
10526000 -3.48382060759852
10527000 -3.52612506983081
10528000 -3.4862707356724
10529000 -3.46940970287799
10530000 -3.52421018675412
10531000 -3.45499115226459
10532000 -3.48751371742649
10533000 -3.46430236121961
10534000 -3.51125826938366
10535000 -3.49652207500509
10536000 -3.48011053136166
10537000 -3.50173735766367
10538000 -3.46650969607613
10539000 -3.52023318350974
10540000 -3.47460296923845
10541000 -3.52008074415838
10542000 -3.47827907985449
10543000 -3.47887711112528
10544000 -3.51601271986051
10545000 -3.47438625225927
10546000 -3.51896797245271
10547000 -3.47433673460816
10548000 -3.4988559220754
10549000 -3.49976412698623
10550000 -3.45106796616
10551000 -3.53056181563638
10552000 -3.47324213169278
10553000 -3.50589181650678
10554000 -3.4624243676372
10555000 -3.49451075415132
10556000 -3.5046470660723
10557000 -3.47273209597063
10558000 -3.50303244777314
10559000 -3.46892087994139
10560000 -3.50970164881584
10561000 -3.48616683857057
10562000 -3.48118291110596
10563000 -3.52462116819368
10564000 -3.48037857242256
10565000 -3.51775596748169
10566000 -3.46000346963132
10567000 -3.52714498153222
10568000 -3.50473633020629
10569000 -3.48092476246482
10570000 -3.51068239193864
10571000 -3.48195906124885
10572000 -3.50978150445419
10573000 -3.48575052980534
10574000 -3.49637777143028
10575000 -3.53111332495468
10576000 -3.46186934477647
10577000 -3.52307453192801
10578000 -3.50136602543176
10579000 -3.52209158428989
10580000 -3.50298937202234
10581000 -3.49831456071903
10582000 -3.50251905978224
10583000 -3.50893801184145
10584000 -3.48327730717744
10585000 -3.519853219732
10586000 -3.50005948262614
10587000 -3.52228467711119
10588000 -3.48643338899995
10589000 -3.5092923438516
10590000 -3.53165562691343
10591000 -3.49519899592384
10592000 -3.51223497686918
10593000 -3.52019321406763
10594000 -3.54726445582035
10595000 -3.50195520799555
10596000 -3.53474904280147
10597000 -3.54773536372475
10598000 -3.51194402529674
10599000 -3.51887352933454
10600000 -3.49910149390647
10601000 -3.55292899727074
10602000 -3.48414084173003
10603000 -3.51654556194415
10604000 -3.50546025481693
10605000 -3.5170026429387
10606000 -3.51145912139262
10607000 -3.4992281881043
10608000 -3.54332387557633
10609000 -3.50097262527896
10610000 -3.50751519633262
10611000 -3.52875828573784
10612000 -3.50545086569371
10613000 -3.50306964427612
10614000 -3.52366272667193
10615000 -3.51820133331725
10616000 -3.52949640211904
10617000 -3.49804208049944
10618000 -3.5067176894522
10619000 -3.50607271990593
10620000 -3.53309816816583
10621000 -3.49831062444424
10622000 -3.51950571937178
10623000 -3.52969159003507
10624000 -3.51330933495548
10625000 -3.49722403105563
10626000 -3.51833505124233
10627000 -3.51896850186912
10628000 -3.52559083609244
10629000 -3.51105678045216
10630000 -3.53421329321542
10631000 -3.49785837861717
10632000 -3.52225910332232
10633000 -3.5328270125739
10634000 -3.52623477724825
10635000 -3.52805697639931
10636000 -3.5092100049851
10637000 -3.53947803609165
10638000 -3.50862323163842
10639000 -3.5201573782967
10640000 -3.52183496904442
10641000 -3.52455724103327
10642000 -3.49661744230763
10643000 -3.53021068463921
10644000 -3.52398274114754
10645000 -3.52182199368078
10646000 -3.52433606091284
10647000 -3.51255508372544
10648000 -3.54056396144193
10649000 -3.54409316662205
10650000 -3.50964905684275
10651000 -3.51040749109034
10652000 -3.54067607791255
10653000 -3.528074708834
10654000 -3.51055707770048
10655000 -3.53310150966605
10656000 -3.56835715655767
10657000 -3.51398805931415
10658000 -3.51366340495783
10659000 -3.53734562080304
10660000 -3.55231360617594
10661000 -3.53166324792512
10662000 -3.50449346955801
10663000 -3.54916678645425
10664000 -3.520288593475
10665000 -3.51406890635422
10666000 -3.53464091755573
10667000 -3.53135624911925
10668000 -3.55650188368126
10669000 -3.51128071356576
10670000 -3.53789190465029
10671000 -3.52542801107923
10672000 -3.53353100826925
10673000 -3.5435744141112
10674000 -3.49902015779181
10675000 -3.55876647567112
10676000 -3.51810178746597
10677000 -3.52818309452544
10678000 -3.5303464115469
10679000 -3.52302199761069
10680000 -3.55907367542197
10681000 -3.51570947314464
10682000 -3.55842056873772
10683000 -3.52439896136563
10684000 -3.5302159006521
10685000 -3.56599780560322
10686000 -3.53779388907371
10687000 -3.54921304362513
10688000 -3.54238656241244
10689000 -3.54372292847566
10690000 -3.5758345516628
10691000 -3.51628991226397
10692000 -3.55324394135466
10693000 -3.52636883940032
10694000 -3.54992594943814
10695000 -3.54361108255071
10696000 -3.52842365707481
10697000 -3.58565262378036
10698000 -3.53368656065486
10699000 -3.53805651242171
10700000 -3.53953218719235
10701000 -3.5357906154666
10702000 -3.56790254310898
10703000 -3.51146479111065
10704000 -3.57670484627893
10705000 -3.52320537394481
10706000 -3.5560855552297
10707000 -3.56851791983944
10708000 -3.53529322017773
10709000 -3.5809692428828
10710000 -3.5091384726266
10711000 -3.57110073618437
10712000 -3.53440107374167
10713000 -3.55216083151811
10714000 -3.55255019212789
10715000 -3.53181608764485
10716000 -3.55356815264111
10717000 -3.50159624745743
10718000 -3.56571399005081
10719000 -3.54453202502155
10720000 -3.51576815952193
10721000 -3.57768529905849
10722000 -3.50113733630669
10723000 -3.58287169513013
10724000 -3.51882473304353
10725000 -3.55644010287118
10726000 -3.52714920029577
10727000 -3.531799317011
10728000 -3.58063798129835
10729000 -3.54180227955999
10730000 -3.57112794875768
10731000 -3.53382937853018
10732000 -3.5668983845124
10733000 -3.54147672919581
10734000 -3.55370660035535
10735000 -3.58942159630901
10736000 -3.5328524773424
10737000 -3.60159122744924
10738000 -3.5447654342105
10739000 -3.54622558526054
10740000 -3.58395680771581
10741000 -3.52625123318731
10742000 -3.58684517886322
10743000 -3.54182988279706
10744000 -3.56850414812291
10745000 -3.57449977410101
10746000 -3.54561121809773
10747000 -3.57887756220597
10748000 -3.52384345737263
10749000 -3.57305092609173
10750000 -3.54209147082481
10751000 -3.56185202194122
10752000 -3.57660363605207
10753000 -3.54461981840142
10754000 -3.57940952953631
10755000 -3.52156162537257
10756000 -3.59020054243916
10757000 -3.55348454912522
10758000 -3.54974643658213
10759000 -3.58390320589668
10760000 -3.51335547948043
10761000 -3.62444010584063
10762000 -3.53065848428402
10763000 -3.56446706106573
10764000 -3.55872109951421
10765000 -3.55393437275488
10766000 -3.60516296535234
10767000 -3.51458018509588
10768000 -3.59209079479227
10769000 -3.5520432192453
10770000 -3.58505794723876
10771000 -3.58509702374643
10772000 -3.52208350928349
10773000 -3.61371574714899
10774000 -3.51971562693436
10775000 -3.58215181315186
10776000 -3.57864676908479
10777000 -3.55681567006625
10778000 -3.60957142965969
10779000 -3.51644564376339
10780000 -3.60270271590504
10781000 -3.52232660604067
10782000 -3.57228308709431
10783000 -3.5817671352069
10784000 -3.55913146543102
10785000 -3.59079473540178
10786000 -3.53043409429094
10787000 -3.58506737940311
10788000 -3.55349733620875
10789000 -3.55528224951589
10790000 -3.60367149647986
10791000 -3.55062763635737
10792000 -3.60065393857632
10793000 -3.55893706506106
10794000 -3.58413062449721
10795000 -3.5826863736363
10796000 -3.5593102210461
10797000 -3.61145932629049
10798000 -3.56804915922219
10799000 -3.57504447340826
10800000 -3.58373024082038
10801000 -3.57869046404901
10802000 -3.60020569588827
10803000 -3.55672763711211
10804000 -3.57456565515825
10805000 -3.58823437552513
10806000 -3.57489110729784
10807000 -3.57359669139709
10808000 -3.54899911872787
10809000 -3.60052397836015
10810000 -3.59374959278246
10811000 -3.56090386527121
10812000 -3.57304169067121
10813000 -3.57642624850457
10814000 -3.59370770698463
10815000 -3.58980011018601
10816000 -3.5457682488189
10817000 -3.60382877385055
10818000 -3.58238525063182
10819000 -3.58896902999047
10820000 -3.59174561388315
10821000 -3.58287144123799
10822000 -3.5984015518375
10823000 -3.5656024141947
10824000 -3.59569111954281
10825000 -3.56885151969888
10826000 -3.58855680941159
10827000 -3.59450724198922
10828000 -3.57900574970108
10829000 -3.60179960094257
10830000 -3.59334677069772
10831000 -3.60129238253312
10832000 -3.59555491148116
10833000 -3.55192016870616
10834000 -3.59518629164252
10835000 -3.55910710030042
10836000 -3.58856713444401
10837000 -3.57795989839697
10838000 -3.58456824488195
10839000 -3.60711472982178
10840000 -3.57170399569904
10841000 -3.604662936265
10842000 -3.58101903831278
10843000 -3.58336163287628
10844000 -3.60132238606731
10845000 -3.56705725728837
10846000 -3.65073595915473
10847000 -3.58003550256511
10848000 -3.57489578321065
10849000 -3.61056443454107
10850000 -3.57851590056339
10851000 -3.64087033391641
10852000 -3.56812888341507
10853000 -3.59877930458037
10854000 -3.61787605085571
10855000 -3.55491230260587
10856000 -3.63345108869276
10857000 -3.54798017436671
10858000 -3.63584816487174
10859000 -3.61906239998902
10860000 -3.58148434316497
10861000 -3.62718731344658
10862000 -3.5902232140239
10863000 -3.58829819345276
10864000 -3.60689113323959
10865000 -3.56709352775009
10866000 -3.63709677413587
10867000 -3.58756896779091
10868000 -3.58508698908006
10869000 -3.60201223211722
10870000 -3.56944963863638
10871000 -3.64150226595791
10872000 -3.54763381906679
10873000 -3.62310793742027
10874000 -3.62884090132881
10875000 -3.57372583245464
10876000 -3.61684268989549
10877000 -3.59439723420214
10878000 -3.61383553616477
10879000 -3.59938195272987
10880000 -3.60318187871418
10881000 -3.63394330970009
10882000 -3.59973821551544
10883000 -3.60445368719064
10884000 -3.62777700006465
10885000 -3.59172576326319
10886000 -3.63479746302618
10887000 -3.57867952883303
10888000 -3.63863131217831
10889000 -3.59618763711992
10890000 -3.60855090888464
10891000 -3.59743916379282
10892000 -3.60788368927521
10893000 -3.60984387336154
10894000 -3.6013826302054
10895000 -3.60283629359026
10896000 -3.62028391401937
10897000 -3.59740444514199
10898000 -3.59909283484567
10899000 -3.5972091533657
10900000 -3.62762612927279
10901000 -3.60691148447602
10902000 -3.60314020514848
10903000 -3.624010684856
10904000 -3.62592895367292
10905000 -3.58865355585202
10906000 -3.61073238918952
10907000 -3.62073310989873
10908000 -3.63800181115421
10909000 -3.58901162387616
10910000 -3.64159373840307
10911000 -3.61349228138362
10912000 -3.63102504600866
10913000 -3.64238581175622
10914000 -3.62042315369293
10915000 -3.6232091432971
10916000 -3.61709635202965
10917000 -3.60848594745628
10918000 -3.65435980658966
10919000 -3.59611158769184
10920000 -3.63408469491106
10921000 -3.59620893906029
10922000 -3.64245918787221
10923000 -3.61712919478356
10924000 -3.63937416556398
10925000 -3.61295011391989
10926000 -3.63595112829293
10927000 -3.59109079907223
10928000 -3.63075055075886
10929000 -3.62454437927241
10930000 -3.6500684758468
10931000 -3.60211599563506
10932000 -3.65333578889207
10933000 -3.62123307003272
10934000 -3.61315654796611
10935000 -3.62928335411062
10936000 -3.61460993944234
10937000 -3.66220969409748
10938000 -3.63428054011989
10939000 -3.64604997151026
10940000 -3.63929185196076
10941000 -3.61614995838829
10942000 -3.6488996911719
10943000 -3.60269176933932
10944000 -3.62537994999162
10945000 -3.60862375978421
10946000 -3.63000918488885
10947000 -3.62856419296333
10948000 -3.59434869173719
10949000 -3.64552653971252
10950000 -3.60497851626833
10951000 -3.64499164840644
10952000 -3.61627154281101
10953000 -3.6044944362097
10954000 -3.66866148895043
10955000 -3.60404030763583
10956000 -3.62698917474263
10957000 -3.61593511225311
10958000 -3.6191759029796
10959000 -3.65880163321683
10960000 -3.58218749612955
10961000 -3.64313152769445
10962000 -3.60369505019731
10963000 -3.61080386229738
10964000 -3.66846502566793
10965000 -3.59386430206637
10966000 -3.67158904979161
10967000 -3.60337593171644
10968000 -3.63299806798417
10969000 -3.65408887370039
10970000 -3.60625657430757
10971000 -3.64118252568153
10972000 -3.60861615229413
10973000 -3.62442594793139
10974000 -3.65180744076399
10975000 -3.58857829003622
10976000 -3.69635045164543
10977000 -3.59899123053548
10978000 -3.64468719704337
10979000 -3.62815197987183
10980000 -3.63185255290565
10981000 -3.62986876086904
10982000 -3.62121469420824
10983000 -3.63479870606606
10984000 -3.64687826231519
10985000 -3.62261004317647
10986000 -3.67063609340757
10987000 -3.61184118656362
10988000 -3.64904995209201
10989000 -3.62914101374791
10990000 -3.65223401632781
10991000 -3.65952529585774
10992000 -3.62697759887524
10993000 -3.66514928175244
10994000 -3.64629898537398
10995000 -3.62358246505134
10996000 -3.6810776471834
10997000 -3.6178332117
10998000 -3.6836115431284
10999000 -3.63450222115839
11000000 -3.64470546964257
11001000 -3.67023465481135
11002000 -3.62764999398359
11003000 -3.65131200275893
11004000 -3.64171520763965
11005000 -3.65263481470653
11006000 -3.66762375627868
11007000 -3.64399867021993
11008000 -3.68274912368941
11009000 -3.6378895916212
11010000 -3.66374681131395
11011000 -3.65045726402452
11012000 -3.63321876282563
11013000 -3.67838845006371
11014000 -3.60806383993183
11015000 -3.65645293954463
11016000 -3.64523713909904
11017000 -3.65451278916384
11018000 -3.66318166610987
11019000 -3.62072879698166
11020000 -3.67461496011934
11021000 -3.64459403780627
11022000 -3.64217842645374
11023000 -3.67319978274005
11024000 -3.63777644551431
11025000 -3.6645978162461
11026000 -3.63987125008605
11027000 -3.66651178794428
11028000 -3.66392186621924
11029000 -3.63657580127857
11030000 -3.65750111780277
11031000 -3.65035138794968
11032000 -3.69190396639608
11033000 -3.64395526748553
11034000 -3.65860005659762
11035000 -3.68166159678937
11036000 -3.65034312861352
11037000 -3.67525138424445
11038000 -3.6452222596923
11039000 -3.6434120514784
11040000 -3.6632963050296
11041000 -3.63861893805292
11042000 -3.6862662807205
11043000 -3.65442180100934
11044000 -3.66685529197727
11045000 -3.66820084773604
11046000 -3.62778168799169
11047000 -3.68461463107229
11048000 -3.65669850462058
11049000 -3.62959925895697
11050000 -3.65827959155949
11051000 -3.6777878478716
11052000 -3.68833056328571
11053000 -3.64710697016392
11054000 -3.65590957959907
11055000 -3.6528105067814
11056000 -3.63885341346508
11057000 -3.65799193824198
11058000 -3.64900448809335
11059000 -3.6623702816887
11060000 -3.66875250596281
11061000 -3.65909838947506
11062000 -3.68160415514063
11063000 -3.67063130047821
11064000 -3.66930289953056
11065000 -3.67832695193786
11066000 -3.66217397540559
11067000 -3.68495559890177
11068000 -3.66666536241366
11069000 -3.67098030909699
11070000 -3.70667591335854
11071000 -3.66800869947656
11072000 -3.68484773812611
11073000 -3.674333542578
11074000 -3.67874610646953
11075000 -3.69123987266316
11076000 -3.65686433622848
11077000 -3.69515464761309
11078000 -3.67933172941306
11079000 -3.67472162657606
11080000 -3.68721442724158
11081000 -3.66391701722895
11082000 -3.67179407915035
11083000 -3.6510675460902
11084000 -3.67530835377641
11085000 -3.70128198974069
11086000 -3.65685884136026
11087000 -3.68489384196162
11088000 -3.66128382608677
11089000 -3.67069360014899
11090000 -3.65887445816691
11091000 -3.65277267609261
11092000 -3.69948464730789
11093000 -3.66056445161741
11094000 -3.67112127338759
11095000 -3.69266670017377
11096000 -3.63418968678293
11097000 -3.66740279357745
11098000 -3.66336638169967
11099000 -3.69870799743817
11100000 -3.6819320230137
11101000 -3.67445368288714
11102000 -3.6984501771458
11103000 -3.64139479054501
11104000 -3.70244158489861
11105000 -3.65629973747965
11106000 -3.68798487043648
11107000 -3.69499136351877
11108000 -3.65443481509631
11109000 -3.70092444586829
11110000 -3.67361085696886
11111000 -3.67780055100033
11112000 -3.6847379773024
11113000 -3.66521575159949
11114000 -3.71333883871174
11115000 -3.63722695495976
11116000 -3.71729021627791
11117000 -3.67910859774058
11118000 -3.6907817788608
11119000 -3.69741041522781
11120000 -3.68168067672997
11121000 -3.71417329027807
11122000 -3.6640864124415
11123000 -3.68778773940285
11124000 -3.69946134889481
11125000 -3.63927947358407
11126000 -3.71661916797708
11127000 -3.67015911756934
11128000 -3.7012409536522
11129000 -3.70876829472821
11130000 -3.63824125309515
11131000 -3.71354503946553
11132000 -3.67584074851429
11133000 -3.71561154116934
11134000 -3.67998911744353
11135000 -3.66770704406781
11136000 -3.72532893172133
11137000 -3.66675043113093
11138000 -3.71506336433793
11139000 -3.65798267895441
11140000 -3.67668360716824
11141000 -3.72252131411294
11142000 -3.68491499861876
11143000 -3.73857166744982
11144000 -3.65672840382392
11145000 -3.69694170192167
11146000 -3.70457369443219
11147000 -3.67277639575362
11148000 -3.70838016872798
11149000 -3.67970106939356
11150000 -3.70290921693337
11151000 -3.69059359047309
11152000 -3.67497674985036
11153000 -3.73215802943793
11154000 -3.67110460436275
11155000 -3.68595885139709
11156000 -3.68211463284084
11157000 -3.72270648897427
11158000 -3.69021467479197
11159000 -3.68883111666943
11160000 -3.71870132931155
11161000 -3.67202983593434
11162000 -3.70544066581299
11163000 -3.69669364241684
11164000 -3.68615462611645
11165000 -3.72669875358207
11166000 -3.65142313124959
11167000 -3.68848543413941
11168000 -3.70256030562161
11169000 -3.69896196067199
11170000 -3.71279074068761
11171000 -3.67760947264034
11172000 -3.72071348530181
11173000 -3.6849643509212
11174000 -3.68858512653791
11175000 -3.73987726556075
11176000 -3.67966601454324
11177000 -3.71858798681269
11178000 -3.68365394441479
11179000 -3.67984777513525
11180000 -3.74499645249359
11181000 -3.66343930464556
11182000 -3.74770950676434
11183000 -3.70028581783051
11184000 -3.689340233554
11185000 -3.73323931506442
11186000 -3.67766155621666
11187000 -3.7400712816122
11188000 -3.70234497383597
11189000 -3.68939448222335
11190000 -3.74254781541791
11191000 -3.67125040412688
11192000 -3.71389747598461
11193000 -3.69833598199828
11194000 -3.69348141280585
11195000 -3.74620120512416
11196000 -3.65015140504315
11197000 -3.77142007896325
11198000 -3.70076480641701
11199000 -3.69414605848932
11200000 -3.73181152769477
11201000 -3.66954772404601
11202000 -3.73094961256697
11203000 -3.69079117679947
11204000 -3.71298876158864
11205000 -3.74725569635686
11206000 -3.64826172357101
11207000 -3.74913080513373
11208000 -3.69891278602544
11209000 -3.72960245922686
11210000 -3.71908155566863
11211000 -3.67813321210989
11212000 -3.75243053058569
11213000 -3.69675913177597
11214000 -3.71297164689659
11215000 -3.74385819511853
11216000 -3.70032622662792
11217000 -3.74790618388975
11218000 -3.68672917366566
11219000 -3.71880013389389
11220000 -3.72796604538177
11221000 -3.69512852521073
11222000 -3.74307011991959
11223000 -3.67318853529668
11224000 -3.74304425500877
11225000 -3.70805645041082
11226000 -3.71157952353379
11227000 -3.72653003818334
11228000 -3.69451687689529
11229000 -3.70963559524485
11230000 -3.72225524950478
11231000 -3.71383226666461
11232000 -3.71969825588454
11233000 -3.68894144025684
11234000 -3.74582491565187
11235000 -3.711746353064
11236000 -3.70736978131591
11237000 -3.72379497836802
11238000 -3.7160593709409
11239000 -3.73790513864003
11240000 -3.74296180888843
11241000 -3.69910593027378
11242000 -3.75952227016312
11243000 -3.71390677818014
11244000 -3.72674857333593
11245000 -3.7244474971297
11246000 -3.70874281338335
11247000 -3.76353954821271
11248000 -3.70565479022922
11249000 -3.73069170881602
11250000 -3.73871172316459
11251000 -3.68721666573354
11252000 -3.73903183655537
11253000 -3.70144851275554
11254000 -3.76063582434334
11255000 -3.71404142865154
11256000 -3.70111800999326
11257000 -3.75608835341235
11258000 -3.699105667538
11259000 -3.73378580332037
11260000 -3.73168061195169
11261000 -3.73969568459394
11262000 -3.75110531982458
11263000 -3.69293817256927
11264000 -3.77190160118418
11265000 -3.73154923224307
11266000 -3.72034630249291
11267000 -3.75882564890963
11268000 -3.69637359356751
11269000 -3.76524757098239
11270000 -3.72330596917599
11271000 -3.72814439299799
11272000 -3.75126992461386
11273000 -3.70042925094038
11274000 -3.7745472868
11275000 -3.72822330758454
11276000 -3.72441057065639
11277000 -3.76010272165291
11278000 -3.70612355664085
11279000 -3.7719838085194
11280000 -3.70132016919856
11281000 -3.74310277457458
11282000 -3.73074660967713
11283000 -3.68996971157407
11284000 -3.78000064756041
11285000 -3.70944393425607
11286000 -3.74902685284429
11287000 -3.75047107673379
11288000 -3.7241229211702
11289000 -3.78835104914346
11290000 -3.67163958408341
11291000 -3.7526200020773
11292000 -3.75758893375517
11293000 -3.70558179403838
11294000 -3.76376035371722
11295000 -3.71971355405103
11296000 -3.7763491957381
11297000 -3.73503699035768
11298000 -3.72815183008838
11299000 -3.78151628804273
11300000 -3.70085716996055
11301000 -3.77819529600315
11302000 -3.74410616820538
11303000 -3.7213480740512
11304000 -3.76553919879269
11305000 -3.69978419686674
11306000 -3.7580736288697
11307000 -3.73478207025068
11308000 -3.73276481607973
11309000 -3.7975448373466
11310000 -3.68262114129378
11311000 -3.79305791703925
11312000 -3.74098248769382
11313000 -3.73925486520602
11314000 -3.77519118076982
11315000 -3.69745218741053
11316000 -3.78087537846434
11317000 -3.72013522315427
11318000 -3.76081835249698
11319000 -3.79612080701104
11320000 -3.69256889725659
11321000 -3.78586349719529
11322000 -3.7395991463741
11323000 -3.7273834201245
11324000 -3.79570236542054
11325000 -3.7252353510351
11326000 -3.79921026919431
11327000 -3.72318639906738
11328000 -3.77115167929209
11329000 -3.80808924138655
11330000 -3.72380612755671
11331000 -3.7804897210247
11332000 -3.72895948897373
11333000 -3.78595646389076
11334000 -3.74699456142161
11335000 -3.73388284616212
11336000 -3.81665260043601
11337000 -3.73624226738875
11338000 -3.73585226902349
11339000 -3.76431215232936
11340000 -3.72477691198128
11341000 -3.83318753813902
11342000 -3.69696893698129
11343000 -3.79460587785484
11344000 -3.76474315863112
11345000 -3.72141463412749
11346000 -3.78859215300034
11347000 -3.72730871418119
11348000 -3.75325479424662
11349000 -3.77928743307878
11350000 -3.71494065653728
11351000 -3.81120733115559
11352000 -3.72363132413799
11353000 -3.75968815091894
11354000 -3.78147539011471
11355000 -3.75626222123753
11356000 -3.79662657875794
11357000 -3.71051212117108
11358000 -3.78175058692243
11359000 -3.78027409455147
11360000 -3.73544841051047
11361000 -3.79982325130054
11362000 -3.74146050958324
11363000 -3.75255343788981
11364000 -3.76384088311492
11365000 -3.74258957213675
11366000 -3.80698378058966
11367000 -3.72704499838384
11368000 -3.79672941868045
11369000 -3.77801682904629
11370000 -3.73355852316245
11371000 -3.79923149091077
11372000 -3.7454111019007
11373000 -3.80607509665593
11374000 -3.7530952131719
11375000 -3.75576355170295
11376000 -3.78978633800319
11377000 -3.74475891516421
11378000 -3.80681120439241
11379000 -3.76932240677708
11380000 -3.75599650679225
11381000 -3.80564116175708
11382000 -3.73433954166425
11383000 -3.80961622610498
11384000 -3.76136221973377
11385000 -3.76283752489119
11386000 -3.80730019205667
11387000 -3.74956115209009
11388000 -3.80955152951116
11389000 -3.73884693307244
11390000 -3.79578394264807
11391000 -3.81499341217603
11392000 -3.73987375350663
11393000 -3.81334419662396
11394000 -3.74105801126478
11395000 -3.75241875044621
11396000 -3.82080581497771
11397000 -3.71203141593128
11398000 -3.81401772489498
11399000 -3.74760583606906
11400000 -3.76235120088169
11401000 -3.80290179254035
11402000 -3.7472072358771
11403000 -3.78937680976178
11404000 -3.75760741088571
11405000 -3.76236606933395
11406000 -3.78769847604052
11407000 -3.75377108664684
11408000 -3.8222837925573
11409000 -3.76872989704067
11410000 -3.76935186024974
11411000 -3.80978944183734
11412000 -3.73377399449454
11413000 -3.80423649779749
11414000 -3.75322831460723
11415000 -3.79443564140853
11416000 -3.83090658644767
11417000 -3.74857587219403
11418000 -3.79656396848488
11419000 -3.79322551483351
11420000 -3.76325435346872
11421000 -3.81573619083608
11422000 -3.74367711465349
11423000 -3.81927478887133
11424000 -3.77435926740472
11425000 -3.76204239777127
11426000 -3.81501487905815
11427000 -3.76236668860883
11428000 -3.82421158919852
11429000 -3.75887778054746
11430000 -3.7707645780739
11431000 -3.8452469867309
11432000 -3.74192702781675
11433000 -3.80662263019414
11434000 -3.7933363181803
11435000 -3.78082425188249
11436000 -3.78789486166663
11437000 -3.76806569145278
11438000 -3.83889414634428
11439000 -3.77027268258576
11440000 -3.76526504339593
11441000 -3.81536883005814
11442000 -3.76108008710698
11443000 -3.81257180889482
11444000 -3.78405239493152
11445000 -3.79226310014628
11446000 -3.80631853390979
11447000 -3.77800594636984
11448000 -3.83509309445196
11449000 -3.77508720801083
11450000 -3.8205289795086
11451000 -3.81064969959998
11452000 -3.77721775042953
11453000 -3.82944876048102
11454000 -3.7766255476872
11455000 -3.7997230348808
11456000 -3.80637944390163
11457000 -3.76100755169936
11458000 -3.8258850208653
11459000 -3.77494839913465
11460000 -3.81126226298059
11461000 -3.79728874579672
11462000 -3.76220003054957
11463000 -3.83855465913003
11464000 -3.79463777835803
11465000 -3.81816192693371
11466000 -3.77345238991636
11467000 -3.80055158730047
11468000 -3.81563477021824
11469000 -3.75852025377241
11470000 -3.81410626013199
11471000 -3.82372301195951
11472000 -3.80655991181288
11473000 -3.8388913435811
11474000 -3.79272273309599
11475000 -3.80527160534268
11476000 -3.82471686333332
11477000 -3.79162593477146
11478000 -3.82409486919165
11479000 -3.79544752806668
11480000 -3.82221647898487
11481000 -3.81399970958119
11482000 -3.77687803116786
11483000 -3.82375145945225
11484000 -3.79767553029055
11485000 -3.81781838252002
11486000 -3.81082073360676
11487000 -3.80026368357448
11488000 -3.81812843111725
11489000 -3.82175515394661
11490000 -3.82598112613932
11491000 -3.78876063471567
11492000 -3.81566945131761
11493000 -3.80313282907243
11494000 -3.79392313132844
11495000 -3.83104284111451
11496000 -3.81715474373003
11497000 -3.79668004920352
11498000 -3.83408397874289
11499000 -3.80669046340886
11500000 -3.82181948382282
11501000 -3.82650408210851
11502000 -3.81191454107111
11503000 -3.84275149091458
11504000 -3.78880644010059
11505000 -3.80274132110208
11506000 -3.82375528785655
11507000 -3.78885296663257
11508000 -3.83847009897324
11509000 -3.80232697784568
11510000 -3.80585528771482
11511000 -3.82419794976936
11512000 -3.80259646313572
11513000 -3.84464244277818
11514000 -3.7961677519756
11515000 -3.79560421831502
11516000 -3.83935202119727
11517000 -3.81245346594892
11518000 -3.8504307281549
11519000 -3.82015388524544
11520000 -3.81375290378085
11521000 -3.82278021414918
11522000 -3.81962360345376
11523000 -3.83555975728575
11524000 -3.81827502406128
11525000 -3.83141874839966
11526000 -3.83856402851533
11527000 -3.82224334434476
11528000 -3.83289618024699
11529000 -3.81008579264993
11530000 -3.84435699118692
11531000 -3.8119310769903
11532000 -3.81577939596996
11533000 -3.84509797106695
11534000 -3.80846115941304
11535000 -3.839877812712
11536000 -3.80854803980785
11537000 -3.84431350401272
11538000 -3.83840418383422
11539000 -3.82108218476047
11540000 -3.83235115354578
11541000 -3.81772683790224
11542000 -3.84787904675611
11543000 -3.81708308313034
11544000 -3.81034041447762
11545000 -3.83358567269389
11546000 -3.82671422479266
11547000 -3.8189202428392
11548000 -3.80560694506261
11549000 -3.82410834028916
11550000 -3.82333744647518
11551000 -3.80769565815096
11552000 -3.82819869816307
11553000 -3.8215815880728
11554000 -3.84342746801656
11555000 -3.82218402388747
11556000 -3.8166840633741
11557000 -3.83358639777671
11558000 -3.86927023255217
11559000 -3.82433030775018
11560000 -3.84292376967077
11561000 -3.84351354343391
11562000 -3.8317685255946
11563000 -3.86056192295862
11564000 -3.8365905616487
11565000 -3.83804511400161
11566000 -3.84682914505662
11567000 -3.81349804854532
11568000 -3.83830798914865
11569000 -3.81924009856096
11570000 -3.84881863543063
11571000 -3.86916082584035
11572000 -3.81405127537371
11573000 -3.82480436379309
11574000 -3.8342186670211
11575000 -3.83998215341172
11576000 -3.84294496538596
11577000 -3.80546990316483
11578000 -3.87708671710283
11579000 -3.82340372951975
11580000 -3.81333656892353
11581000 -3.85829048592055
11582000 -3.8259924616703
11583000 -3.84582475039304
11584000 -3.8443072421222
11585000 -3.84251534806778
11586000 -3.84884042006946
11587000 -3.83667842629077
11588000 -3.84670894787175
11589000 -3.86632781046357
11590000 -3.8171285092635
11591000 -3.85068643473735
11592000 -3.82439426126796
11593000 -3.84810188057193
11594000 -3.86519457166889
11595000 -3.82108892096544
11596000 -3.85558740058468
11597000 -3.82463897767064
11598000 -3.85736182685951
11599000 -3.87630621716148
11600000 -3.84033425927776
11601000 -3.87904303524561
11602000 -3.83241372782876
11603000 -3.83156375880873
11604000 -3.89204133548396
11605000 -3.81249916325385
11606000 -3.85041115764068
11607000 -3.80739199036245
11608000 -3.85793119148975
11609000 -3.87985108702033
11610000 -3.82073412534924
11611000 -3.85107438039163
11612000 -3.87257872738202
11613000 -3.82267465183071
11614000 -3.85268150848008
11615000 -3.82415306365554
11616000 -3.85625013125219
11617000 -3.82630650059341
11618000 -3.8526983182215
11619000 -3.86167263566833
11620000 -3.86375889074541
11621000 -3.82753188855196
11622000 -3.86198992566103
11623000 -3.82305675182894
11624000 -3.86587287416061
11625000 -3.82643274533632
11626000 -3.8575579885265
11627000 -3.86542348690045
11628000 -3.84927212539752
11629000 -3.84615337775606
11630000 -3.83893905132414
11631000 -3.86563612647322
11632000 -3.87116100624923
11633000 -3.82923868913361
11634000 -3.89349570442415
11635000 -3.84963703908948
11636000 -3.85371221708058
11637000 -3.85458697330442
11638000 -3.84389729119829
11639000 -3.88159008177513
11640000 -3.85522787306179
11641000 -3.84626848238695
11642000 -3.88258891589237
11643000 -3.83833842544394
11644000 -3.87769004684791
11645000 -3.82760944295776
11646000 -3.87698293440566
11647000 -3.8681245488617
11648000 -3.81831359352141
11649000 -3.87751145339538
11650000 -3.85633189013126
11651000 -3.85465915456285
11652000 -3.879837149962
11653000 -3.83215934787062
11654000 -3.89082916908806
11655000 -3.82912998707371
11656000 -3.86076448062451
11657000 -3.91238990265706
11658000 -3.85242593327125
11659000 -3.88824101374093
11660000 -3.85160921906012
11661000 -3.85909113369792
11662000 -3.89464556989994
11663000 -3.84993319996637
11664000 -3.89850835777973
11665000 -3.87573312575131
11666000 -3.83981850168923
11667000 -3.89185582671858
11668000 -3.83300600327334
11669000 -3.87736595430199
11670000 -3.88890962054002
11671000 -3.84264013535162
11672000 -3.87164677218231
11673000 -3.86850456030903
11674000 -3.86441590781939
11675000 -3.86149437530464
11676000 -3.85841918152422
11677000 -3.92124897158061
11678000 -3.84334303063363
11679000 -3.86611863407335
11680000 -3.87808567185735
11681000 -3.85992190697666
11682000 -3.87168629936104
11683000 -3.89457973437453
11684000 -3.85393426963718
11685000 -3.89016016003275
11686000 -3.85289194267624
11687000 -3.88320543041662
11688000 -3.85870937137602
11689000 -3.86800397607621
11690000 -3.88148655259295
11691000 -3.88117559258643
11692000 -3.89374114582799
11693000 -3.86925576384255
11694000 -3.82571948220058
11695000 -3.90610499235385
11696000 -3.8738711803032
11697000 -3.8447442872962
11698000 -3.89742007876969
11699000 -3.87275674285796
11700000 -3.8785883584188
11701000 -3.8999216611559
11702000 -3.86125702497974
11703000 -3.90424729526457
11704000 -3.86333655501367
11705000 -3.87941783825856
11706000 -3.88165453306759
11707000 -3.88969836624075
11708000 -3.8849530745894
11709000 -3.87316772609935
11710000 -3.87319002205169
11711000 -3.91604132292581
11712000 -3.88489676598704
11713000 -3.88245829782613
11714000 -3.87527322792399
11715000 -3.89743974265282
11716000 -3.87147261810253
11717000 -3.88976803217046
11718000 -3.86636886154904
11719000 -3.90346524818047
11720000 -3.87590157534541
11721000 -3.88583440852829
11722000 -3.89693525137992
11723000 -3.88914890143214
11724000 -3.87591389699187
11725000 -3.86629150743811
11726000 -3.89176091874959
11727000 -3.89177326786837
11728000 -3.86631254945289
11729000 -3.88144736164177
11730000 -3.89874953322406
11731000 -3.88363660238459
11732000 -3.90361007273671
11733000 -3.88904957639404
11734000 -3.88427344773846
11735000 -3.88078753929777
11736000 -3.91053069946608
11737000 -3.90601542469477
11738000 -3.89683012048307
11739000 -3.8564673516988
11740000 -3.88783471620591
11741000 -3.89620266179647
11742000 -3.89313488149625
11743000 -3.87893148610649
11744000 -3.86806647543514
11745000 -3.90383708646933
11746000 -3.89819928024233
11747000 -3.88064976432477
11748000 -3.93123475676233
11749000 -3.8635960103708
11750000 -3.91351403893043
11751000 -3.89700382484381
11752000 -3.90046445547853
11753000 -3.8762570129746
11754000 -3.88977435942961
11755000 -3.89804591884366
11756000 -3.91953947835806
11757000 -3.84779866890091
11758000 -3.92103405739421
11759000 -3.87562603281181
11760000 -3.89884914294584
11761000 -3.88807680378548
11762000 -3.88302147840771
11763000 -3.90816505250293
11764000 -3.91741839066699
11765000 -3.87092059574971
11766000 -3.95142248684248
11767000 -3.87367106112982
11768000 -3.90640635638088
11769000 -3.92079662877783
11770000 -3.87478431786873
11771000 -3.90837665286173
11772000 -3.91053012507683
11773000 -3.87913681099125
11774000 -3.9328968126005
11775000 -3.8767501054084
11776000 -3.91165991562021
11777000 -3.9027377111626
11778000 -3.89439727791252
11779000 -3.92642658498479
11780000 -3.91588430635813
11781000 -3.89664254890669
11782000 -3.94115635000598
11783000 -3.89580711546538
11784000 -3.90685668350818
11785000 -3.94449292977826
11786000 -3.90030163969603
11787000 -3.92157047134364
11788000 -3.88562099685854
11789000 -3.90173899245929
11790000 -3.9336755470238
11791000 -3.901478771216
11792000 -3.90431607276889
11793000 -3.92835775403159
11794000 -3.88623737441997
11795000 -3.90990714537331
11796000 -3.91343330781704
11797000 -3.8783902680242
11798000 -3.92725305548093
11799000 -3.90777339646407
11800000 -3.90496919875141
11801000 -3.91974613795022
11802000 -3.88056319679444
11803000 -3.91074783897139
11804000 -3.92567503623459
11805000 -3.90937316064989
11806000 -3.92461326365838
11807000 -3.90342416256845
11808000 -3.8973023164548
11809000 -3.91992225958907
11810000 -3.89819194618702
11811000 -3.91410461949521
11812000 -3.9134871207264
11813000 -3.9118340404121
11814000 -3.92958770142067
11815000 -3.92542974899912
11816000 -3.90357642078734
11817000 -3.93812844870485
11818000 -3.91682165272975
11819000 -3.94530486746288
11820000 -3.91679868060777
11821000 -3.91644404349735
11822000 -3.91222086820708
11823000 -3.94255920461234
11824000 -3.90838584221946
11825000 -3.93361581713565
11826000 -3.92607304880432
11827000 -3.93317791685511
11828000 -3.91500146755259
11829000 -3.92551539051525
11830000 -3.9054176374898
11831000 -3.95408660411507
11832000 -3.89680329180602
11833000 -3.94144983097705
11834000 -3.93586358515165
11835000 -3.91736232681948
11836000 -3.92888974825974
11837000 -3.92846342936144
11838000 -3.89008193014974
11839000 -3.95094953555196
11840000 -3.90475883456925
11841000 -3.94040086248587
11842000 -3.91366465769546
11843000 -3.92746581655101
11844000 -3.93668684854353
11845000 -3.92342047665709
11846000 -3.90152523227214
11847000 -3.93264770781495
11848000 -3.92183174037522
11849000 -3.94277979684391
11850000 -3.93018331500818
11851000 -3.91550122693545
11852000 -3.93620350543267
11853000 -3.93374506095221
11854000 -3.91899962200707
11855000 -3.91644685249192
11856000 -3.91093428111853
11857000 -3.93538991960505
11858000 -3.94139651678275
11859000 -3.91842468205061
11860000 -3.94285729347945
11861000 -3.90810433225722
11862000 -3.92178840008603
11863000 -3.94213996095336
11864000 -3.93865777337979
11865000 -3.93057850180569
11866000 -3.93774482510998
11867000 -3.93132182055761
11868000 -3.93496229982117
11869000 -3.93601930433635
11870000 -3.94063123878708
11871000 -3.94401828991645
11872000 -3.94775167873441
11873000 -3.94028200186917
11874000 -3.93661765283381
11875000 -3.90713162818269
11876000 -3.94168158601108
11877000 -3.93374019655912
11878000 -3.93740848181219
11879000 -3.94274898357424
11880000 -3.92766479567984
11881000 -3.92877252320264
11882000 -3.93725284164268
11883000 -3.95492010216116
11884000 -3.97311060273898
11885000 -3.9221367926157
11886000 -3.94589949758944
11887000 -3.93165193295531
11888000 -3.95731578166706
11889000 -3.91809906988318
11890000 -3.93971729119177
11891000 -3.95265926426559
11892000 -3.94616076493652
11893000 -3.95172898352042
11894000 -3.9494986418282
11895000 -3.96277103699946
11896000 -3.96096965362247
11897000 -3.8985993915238
11898000 -3.9758701911191
11899000 -3.93619702021444
11900000 -3.93430306577826
11901000 -3.97574397212683
11902000 -3.9391788610129
11903000 -3.94788326573059
11904000 -3.93077244134733
11905000 -3.92571592327256
11906000 -3.97165884068273
11907000 -3.92486095961348
11908000 -3.95189279537332
11909000 -3.97241174126006
11910000 -3.92355689465475
11911000 -3.96324541963103
11912000 -3.94912780869766
11913000 -3.93508296799678
11914000 -3.9824642232551
11915000 -3.92149907481258
11916000 -3.93199363477451
11917000 -3.96821511127862
11918000 -3.94583585976364
11919000 -3.95458885789176
11920000 -3.92625190836308
11921000 -3.96730965419493
11922000 -3.95414942932876
11923000 -3.94483363994119
11924000 -3.96578083635354
11925000 -3.94833760089182
11926000 -3.94350626875229
11927000 -3.95248807080149
11928000 -3.95609088344363
11929000 -3.99631698429653
11930000 -3.92252643268163
11931000 -3.95345014269125
11932000 -3.96571057378167
11933000 -3.96379805484575
11934000 -3.94934301532589
11935000 -3.96397420252759
11936000 -3.94610037068393
11937000 -3.98402684831062
11938000 -3.92859409948399
11939000 -3.97025184539982
11940000 -3.97022741368954
11941000 -3.9445477787837
11942000 -3.93159950192016
11943000 -3.9507413042246
11944000 -3.95707453689234
11945000 -4.00178042051332
11946000 -3.9335829666802
11947000 -3.97135570586722
11948000 -3.94994501021613
11949000 -3.96076266528363
11950000 -3.9706385965957
11951000 -3.95861371975637
11952000 -3.94286109640619
11953000 -3.98785504945234
11954000 -3.9473125700411
11955000 -3.96766522314041
11956000 -3.97267819422695
11957000 -3.94994502849975
11958000 -3.95826897691487
11959000 -3.96649109941619
11960000 -3.95334637419648
11961000 -3.97691602093715
11962000 -3.97617899038227
11963000 -3.96884875399538
11964000 -3.96788078200489
11965000 -3.96533228869086
11966000 -3.97816618561584
11967000 -3.96269044036533
11968000 -3.96769442060399
11969000 -3.97092168329828
11970000 -3.98586176558099
11971000 -3.96663512372858
11972000 -3.98913987496765
11973000 -3.95278996442871
11974000 -3.97406859021063
11975000 -3.96411810679047
11976000 -3.95994072203418
11977000 -3.99629808530644
11978000 -3.95716486463041
11979000 -3.95622305202903
11980000 -4.00135150142153
11981000 -3.96850963794479
11982000 -3.97532103780699
11983000 -3.9640697774795
11984000 -3.98555468933554
11985000 -3.98653312815965
11986000 -3.95590956442133
11987000 -3.96265959752761
11988000 -3.97234006864879
11989000 -3.96932708355338
11990000 -3.97819006014127
11991000 -3.94927876391284
11992000 -3.99934875143334
11993000 -3.96740680620457
11994000 -3.95852474457788
11995000 -3.96793103370049
11996000 -3.96497294599538
11997000 -3.99243822225955
11998000 -3.98911488477296
11999000 -3.9959349472518
12000000 -3.99249542127921
12001000 -3.96065968098547
12002000 -3.99092735333979
12003000 -3.9744190723538
12004000 -3.97949787580526
12005000 -3.98952771278762
12006000 -3.98923513434514
12007000 -3.9975902088025
12008000 -3.97865077633904
12009000 -3.9538571965088
12010000 -3.97700345438159
12011000 -3.99562570625183
12012000 -3.98543527266076
12013000 -3.98608590243444
12014000 -3.96732108573845
12015000 -3.99186037659974
12016000 -3.96649225724615
12017000 -3.96999792163385
12018000 -3.9664489822006
12019000 -3.98425692543618
12020000 -3.97940632901725
12021000 -3.98543816647938
12022000 -3.98250604815886
12023000 -3.98679513021129
12024000 -3.96536147522667
12025000 -4.01604194517291
12026000 -3.96084329517102
12027000 -4.0089836105148
12028000 -3.98147960724865
12029000 -4.00444255424445
12030000 -3.9818819700649
12031000 -3.99617670631723
12032000 -3.96244842536704
12033000 -3.99130906464727
12034000 -3.99207576296243
12035000 -3.99790495092974
12036000 -3.99187062700753
12037000 -4.00958351765991
12038000 -3.98955166338716
12039000 -4.00841912839654
12040000 -3.99809340771958
12041000 -3.9938140283361
12042000 -3.99160793702922
12043000 -3.9989968339188
12044000 -3.98078753056137
12045000 -4.01450487956968
12046000 -3.98434091784142
12047000 -3.97998326638832
12048000 -4.01753172031778
12049000 -3.99623437061419
12050000 -3.99268992930042
12051000 -4.0217985240374
12052000 -3.9916756221425
12053000 -3.9917934152689
12054000 -3.97440802127119
12055000 -4.00101240228284
12056000 -4.02453205921517
12057000 -3.98154689918574
12058000 -3.98760682756408
12059000 -4.01190086457572
12060000 -3.96411653215734
12061000 -4.01614431356998
12062000 -3.99205515152864
12063000 -3.98712236925608
12064000 -3.99887551022619
12065000 -3.97222672933332
12066000 -4.03099155962858
12067000 -3.99008928380374
12068000 -3.96366979495313
12069000 -4.0152392055459
12070000 -4.00386176849215
12071000 -4.00289158615047
12072000 -4.00861397751008
12073000 -3.99150510741624
12074000 -4.01182862832808
12075000 -3.99212186805616
12076000 -3.98167770398708
12077000 -4.01144972535857
12078000 -4.00651154376007
12079000 -3.99431179030795
12080000 -4.01399334122204
12081000 -3.96793592243335
12082000 -4.04436020393953
12083000 -4.00814481197782
12084000 -3.97968378923518
12085000 -4.02708044748217
12086000 -3.98429905894612
12087000 -4.02526168067728
12088000 -3.99700455404126
12089000 -3.97710763437258
12090000 -4.06445648022705
12091000 -3.96664686073722
12092000 -4.02704908270715
12093000 -4.02957473280892
12094000 -3.97099974187854
12095000 -4.06368486400585
12096000 -3.99880204246112
12097000 -3.98563615784013
12098000 -4.05240847938929
12099000 -3.96427635070917
12100000 -4.04751298189438
12101000 -4.01750684450809
12102000 -3.95929585939455
12103000 -4.0546958681566
12104000 -4.00483616828349
12105000 -4.01822683393411
12106000 -4.06284286297034
12107000 -3.98686616208433
12108000 -4.06669471084127
12109000 -3.99548068712765
12110000 -4.02175799379802
12111000 -4.05098587257307
12112000 -3.99695508890457
12113000 -4.00745167160161
12114000 -4.02140999223412
12115000 -3.98406289661239
12116000 -4.06305125495631
12117000 -3.97933503986254
12118000 -4.01308449242728
12119000 -4.08168640214788
12120000 -3.99474906289399
12121000 -4.02751365443379
12122000 -4.01644166245602
12123000 -4.02497387600443
12124000 -4.057324679415
12125000 -3.97068612194304
12126000 -4.05262164035354
12127000 -4.03951316484833
12128000 -3.9898280478538
12129000 -4.04312929391714
12130000 -4.01676745360715
12131000 -4.02755844000706
12132000 -4.03375827919153
12133000 -3.98791626308687
12134000 -4.06439353563272
12135000 -4.01312979950881
12136000 -4.0023225971398
12137000 -4.05688083406182
12138000 -3.98274889513745
12139000 -4.03243604949519
12140000 -4.01699402994831
12141000 -4.01573777130768
12142000 -4.07671583736062
12143000 -3.99805566042682
12144000 -4.01651021874782
12145000 -4.06390276480764
12146000 -3.98360388876861
12147000 -4.07174462213517
12148000 -3.99779663815532
12149000 -4.06385827145427
12150000 -4.03720520178048
12151000 -3.98586396239219
12152000 -4.08372155246728
12153000 -4.00613614117041
12154000 -4.01158661736108
12155000 -4.10010329617316
12156000 -3.95678356731064
12157000 -4.06373303500733
12158000 -4.02941019540493
12159000 -4.01314847982775
12160000 -4.09094684234431
12161000 -4.00366252342625
12162000 -4.01606069831659
12163000 -4.0906716916392
12164000 -3.98365764220118
12165000 -4.07179213330898
12166000 -4.00626042183457
12167000 -4.0325360845249
12168000 -4.06195030600871
12169000 -3.9942116897396
12170000 -4.03530987318386
12171000 -4.0466217950657
12172000 -4.01553746507482
12173000 -4.05101567371791
12174000 -4.02354225227673
12175000 -4.04902701937321
12176000 -4.06864507267753
12177000 -4.00637721397697
12178000 -4.05572988404008
12179000 -4.02000253125012
12180000 -4.04289818056411
12181000 -4.02746871717448
12182000 -4.03787489412252
12183000 -4.05134757646468
12184000 -4.0553818297686
12185000 -4.02934072594486
12186000 -4.03682382846617
12187000 -4.03748426057302
12188000 -4.04613061168992
12189000 -4.01828166820687
12190000 -4.058969507948
12191000 -4.06371045673408
12192000 -4.04102233676103
12193000 -4.05236865435707
12194000 -4.03871583077095
12195000 -4.07144917263401
12196000 -4.02391255288538
12197000 -4.03718708820408
12198000 -4.0461837728622
12199000 -4.04974888718626
12200000 -4.06058859988463
12201000 -4.05311162217413
12202000 -4.05267994060959
12203000 -4.04044984199781
12204000 -4.04453078854126
12205000 -4.05780824425398
12206000 -4.04094544794395
12207000 -4.05637486035625
12208000 -4.0309305446757
12209000 -4.05455482661161
12210000 -4.05153741393469
12211000 -4.02545960120833
12212000 -4.06771426210501
12213000 -4.07872258829143
12214000 -4.02811321711322
12215000 -4.07834833672437
12216000 -4.04762320212334
12217000 -4.07024782463399
12218000 -4.04546111324085
12219000 -4.02849126364912
12220000 -4.06877184774811
12221000 -4.0439276524485
12222000 -4.02390752147721
12223000 -4.0934958310527
12224000 -4.02826542288172
12225000 -4.04128394342028
12226000 -4.06031228769673
12227000 -4.03797248023725
12228000 -4.06705931476302
12229000 -4.03473456691051
12230000 -4.04821256045878
12231000 -4.09934917226572
12232000 -3.99357828363279
12233000 -4.05986136747976
12234000 -4.07238431261494
12235000 -4.04428903568018
12236000 -4.05134179973404
12237000 -4.04691240930349
12238000 -4.07503326375659
12239000 -4.070514880291
12240000 -4.01715303172141
12241000 -4.07134598662488
12242000 -4.08287031982792
12243000 -4.04151652440401
12244000 -4.07075732757076
12245000 -4.03134563337045
12246000 -4.07129104060064
12247000 -4.077265664385
12248000 -4.03780530331439
12249000 -4.10045528669025
12250000 -4.067454186441
12251000 -4.05341838779512
12252000 -4.09920375353906
12253000 -4.01413379216283
12254000 -4.11681496443338
12255000 -4.06255472472317
12256000 -4.06081860985737
12257000 -4.08406668667213
12258000 -4.04589898628771
12259000 -4.08642859054229
12260000 -4.07904708397392
12261000 -4.03938969939368
12262000 -4.0809107948686
12263000 -4.02885984495269
12264000 -4.08250466400348
12265000 -4.08820520945234
12266000 -4.03302477711638
12267000 -4.08880973251596
12268000 -4.05952524274205
12269000 -4.08546291746631
12270000 -4.06675547977968
12271000 -4.055690308171
12272000 -4.08749809624246
12273000 -4.0597096345232
12274000 -4.06766760637403
12275000 -4.08999514190001
12276000 -4.04663739906289
12277000 -4.06318578252004
12278000 -4.09258371765034
12279000 -4.068524902014
12280000 -4.08037819797916
12281000 -4.07815876415278
12282000 -4.08125278342076
12283000 -4.09167241028986
12284000 -4.07035318939618
12285000 -4.0604229718753
12286000 -4.09710219931577
12287000 -4.07900650520309
12288000 -4.08348456158162
12289000 -4.05974024729652
12290000 -4.05579581784538
12291000 -4.08538027190495
12292000 -4.08887839681704
12293000 -4.07448305473754
12294000 -4.0722114020197
12295000 -4.10202700857258
12296000 -4.07941950190501
12297000 -4.06478891595824
12298000 -4.06354914593096
12299000 -4.0673149950319
12300000 -4.07975281841769
12301000 -4.07349019029403
12302000 -4.0800517907847
12303000 -4.07502140703128
12304000 -4.07930885326136
12305000 -4.08120015773108
12306000 -4.08305762976367
12307000 -4.08762823845312
12308000 -4.07796476307927
12309000 -4.07792946753876
12310000 -4.08051842921174
12311000 -4.08944238265361
12312000 -4.10189512963511
12313000 -4.08166647949335
12314000 -4.101557494279
12315000 -4.08285535897646
12316000 -4.09104072700418
12317000 -4.0584315955967
12318000 -4.08722102626359
12319000 -4.08761639250981
12320000 -4.07673689900295
12321000 -4.07885299048213
12322000 -4.09722584825561
12323000 -4.06529870789427
12324000 -4.10926933491275
12325000 -4.09507669376998
12326000 -4.09504723307206
12327000 -4.07638218081156
12328000 -4.08663659051316
12329000 -4.11027092484718
12330000 -4.08088759199103
12331000 -4.09208902149117
12332000 -4.12462200423006
12333000 -4.08230842891813
12334000 -4.09910359700385
12335000 -4.131904908803
12336000 -4.07963420880716
12337000 -4.11126017508187
12338000 -4.10625379723724
12339000 -4.09643711623112
12340000 -4.1162626309489
12341000 -4.07246469589884
12342000 -4.08155043183663
12343000 -4.14106716813027
12344000 -4.07432389725929
12345000 -4.10008879940897
12346000 -4.09476497299887
12347000 -4.06508004303748
12348000 -4.12466650712372
12349000 -4.08693102228271
12350000 -4.08191769411387
12351000 -4.11351644552549
12352000 -4.0767429576822
12353000 -4.12550247070122
12354000 -4.12926111944175
12355000 -4.08891592338512
12356000 -4.10326356046193
12357000 -4.0896780120188
12358000 -4.08014974166854
12359000 -4.10435676574301
12360000 -4.08695167596774
12361000 -4.11531017845858
12362000 -4.10291885017568
12363000 -4.0962226954448
12364000 -4.1225555962949
12365000 -4.10254742134901
12366000 -4.10441975196838
12367000 -4.12617432257014
12368000 -4.08192481771243
12369000 -4.09553318216369
12370000 -4.12447393781139
12371000 -4.13609942589028
12372000 -4.08616468346221
12373000 -4.12018266467719
12374000 -4.11122367095556
12375000 -4.11918677612597
12376000 -4.07471164325018
12377000 -4.11926537242744
12378000 -4.10551610863429
12379000 -4.1074922873994
12380000 -4.08417728958464
12381000 -4.10904260034386
12382000 -4.09093783415385
12383000 -4.10604962510013
12384000 -4.13431974659305
12385000 -4.08985872384099
12386000 -4.09898303166621
12387000 -4.10548934881714
12388000 -4.07307776246708
12389000 -4.13818366847336
12390000 -4.09374278322982
12391000 -4.10858727026397
12392000 -4.1099158695962
12393000 -4.09632778788342
12394000 -4.12014521125165
12395000 -4.11742590918438
12396000 -4.10939571069704
12397000 -4.13315081246706
12398000 -4.07483299831244
12399000 -4.12428870288059
12400000 -4.10967825899442
12401000 -4.10197512498504
12402000 -4.12771629147391
12403000 -4.0972889424287
12404000 -4.1308870187698
12405000 -4.12463686791755
12406000 -4.08267457124282
12407000 -4.14431514177282
12408000 -4.08505727032151
12409000 -4.106717048331
12410000 -4.13522009489034
12411000 -4.10562826684628
12412000 -4.15027795490432
12413000 -4.13590231395639
12414000 -4.09868828576614
12415000 -4.1308177935531
12416000 -4.10761505600212
12417000 -4.12308443424582
12418000 -4.14187278601926
12419000 -4.10677118667869
12420000 -4.13131603471026
12421000 -4.12781067763319
12422000 -4.11558457770206
12423000 -4.10904111568364
12424000 -4.10022484981846
12425000 -4.13857793274807
12426000 -4.12481411385033
12427000 -4.12300032017004
12428000 -4.12314059099737
12429000 -4.10690482657239
12430000 -4.12334294288153
12431000 -4.10450770655389
12432000 -4.13061328278906
12433000 -4.14646517197743
12434000 -4.11506903843436
12435000 -4.11946294861553
12436000 -4.11615102791313
12437000 -4.10981373428911
12438000 -4.14653007223498
12439000 -4.07613843342396
12440000 -4.16058565969671
12441000 -4.10243847157026
12442000 -4.11835486057791
12443000 -4.14168332855989
12444000 -4.12300671369264
12445000 -4.11545339794872
12446000 -4.15287037518856
12447000 -4.1057409658143
12448000 -4.15405399231096
12449000 -4.12503799659656
12450000 -4.13828914224655
12451000 -4.12306197338304
12452000 -4.09854583599226
12453000 -4.13644344297792
12454000 -4.13955088300219
12455000 -4.10009473471008
12456000 -4.15217949861507
12457000 -4.125665075003
12458000 -4.15205276072045
12459000 -4.14700901911258
12460000 -4.12466204954916
12461000 -4.14573284663143
12462000 -4.13253370034661
12463000 -4.14423387918954
12464000 -4.17110661593604
12465000 -4.11738056358507
12466000 -4.13763190105263
12467000 -4.15585773413367
12468000 -4.12709301738054
12469000 -4.12255098209571
12470000 -4.11533019129471
12471000 -4.14462142133273
12472000 -4.17239975779898
12473000 -4.12107661020823
12474000 -4.11999063682814
12475000 -4.15161932092982
12476000 -4.15410195633285
12477000 -4.12868186857022
12478000 -4.13338777299249
12479000 -4.14447643029852
12480000 -4.16634617486929
12481000 -4.13590609438078
12482000 -4.107706628556
12483000 -4.18175796971706
12484000 -4.12677673758577
12485000 -4.12649049501295
12486000 -4.15213906051448
12487000 -4.13903628772229
12488000 -4.12724758050544
12489000 -4.12749538631051
12490000 -4.13122312242178
12491000 -4.17629401654378
12492000 -4.10295047310382
12493000 -4.15218591504939
12494000 -4.17191625382835
12495000 -4.10706609765071
12496000 -4.145495121295
12497000 -4.11752533306743
12498000 -4.15402428462504
12499000 -4.16469904176654
12500000 -4.08062150189604
12501000 -4.1891428457967
12502000 -4.14991978894893
12503000 -4.09619734882071
12504000 -4.16380327289533
12505000 -4.13468290820772
12506000 -4.16353759772337
12507000 -4.14247439179004
12508000 -4.0719193773187
12509000 -4.23578509989824
12510000 -4.14589017707034
12511000 -4.11226999136503
12512000 -4.16543153612263
12513000 -4.13493457747932
12514000 -4.17337954214996
12515000 -4.13272320020829
12516000 -4.11306723993354
12517000 -4.20242508732392
12518000 -4.12614219032501
12519000 -4.1271260038187
12520000 -4.17060883066106
12521000 -4.13864480937817
12522000 -4.19506447601257
12523000 -4.12810439246147
12524000 -4.12480714750639
12525000 -4.20334678287989
12526000 -4.12946501003967
12527000 -4.15365384030747
12528000 -4.153267254323
12529000 -4.14081010161931
12530000 -4.16531249877556
12531000 -4.14782536019473
12532000 -4.13785423813464
12533000 -4.19115615733866
12534000 -4.10268815763294
12535000 -4.18120831094649
12536000 -4.16716033473007
12537000 -4.13985131473616
12538000 -4.14841816909447
12539000 -4.13506019339903
12540000 -4.17867034848541
12541000 -4.19606993081265
12542000 -4.09914715831548
12543000 -4.17397868361312
12544000 -4.18442406594454
12545000 -4.13940103598218
12546000 -4.1703009216102
12547000 -4.16601689680735
12548000 -4.15636278451998
12549000 -4.17200271650376
12550000 -4.13094132689178
12551000 -4.20031467411492
12552000 -4.17454379636712
12553000 -4.12742097220208
12554000 -4.18603797546537
12555000 -4.19508890910016
12556000 -4.14676285372143
12557000 -4.16069567898002
12558000 -4.1632438657225
12559000 -4.16994998780118
12560000 -4.15794216948197
12561000 -4.15369536197768
12562000 -4.16341292327592
12563000 -4.17951474157799
12564000 -4.15796414472043
12565000 -4.18416336095536
12566000 -4.15553438318688
12567000 -4.16477707274111
12568000 -4.15928715243011
12569000 -4.15875243794271
12570000 -4.15148343109348
12571000 -4.21519757067452
12572000 -4.16565435756427
12573000 -4.14386925663523
12574000 -4.18321218404143
12575000 -4.16052479114839
12576000 -4.18786464618274
12577000 -4.15275484240285
12578000 -4.13888114844456
12579000 -4.23327304741733
12580000 -4.16177437217282
12581000 -4.16014193234798
12582000 -4.22284524214349
12583000 -4.15430890689042
12584000 -4.21200339036924
12585000 -4.1662751323763
12586000 -4.17331500648946
12587000 -4.22366342776847
12588000 -4.12547156151337
12589000 -4.17592680007643
12590000 -4.23107429148663
12591000 -4.11522491622327
12592000 -4.22563795697294
12593000 -4.15554634616035
12594000 -4.15909384347962
12595000 -4.23977153236676
12596000 -4.0928793483621
12597000 -4.20280660939719
12598000 -4.2311888081568
12599000 -4.09918310863651
12600000 -4.24620542068989
12601000 -4.15109561262954
12602000 -4.20407873948409
12603000 -4.21207272990903
12604000 -4.10082918921319
12605000 -4.2459425327266
12606000 -4.16764562458064
12607000 -4.13572425030695
12608000 -4.25481037481372
12609000 -4.12721833840367
12610000 -4.18818012131927
12611000 -4.20771353457929
12612000 -4.15534689588848
12613000 -4.24383483973011
12614000 -4.11839999241696
12615000 -4.18087019524297
12616000 -4.24909666630119
12617000 -4.13618458685881
12618000 -4.20109754578299
12619000 -4.15641330861588
12620000 -4.17796008607802
12621000 -4.22699399979853
12622000 -4.12031097716636
12623000 -4.20202793577986
12624000 -4.19601834843483
12625000 -4.15842830819525
12626000 -4.18048260743762
12627000 -4.18993507870812
12628000 -4.22097156053429
12629000 -4.17895049521211
12630000 -4.18289483283171
12631000 -4.19748356288288
12632000 -4.18250076353246
12633000 -4.18869726659776
12634000 -4.195917878458
12635000 -4.18490218224221
12636000 -4.21364535151481
12637000 -4.16568505972872
12638000 -4.23466999677023
12639000 -4.15715388416643
12640000 -4.16854742075737
12641000 -4.20764822185134
12642000 -4.14419456824999
12643000 -4.22318470886289
12644000 -4.19922355835689
12645000 -4.12807288902926
12646000 -4.26114902907953
12647000 -4.19574467709089
12648000 -4.18982980598073
12649000 -4.21221533136127
12650000 -4.15270201045007
12651000 -4.26167950922198
12652000 -4.1665537552733
12653000 -4.15958779202344
12654000 -4.25615983960227
12655000 -4.15696185753693
12656000 -4.23997228774375
12657000 -4.19896682118113
12658000 -4.15773493449033
12659000 -4.25382331140303
12660000 -4.16968906429442
12661000 -4.21531717553942
12662000 -4.20798304630864
12663000 -4.14638134371052
12664000 -4.23805417031405
12665000 -4.17748242521135
12666000 -4.18080504801732
12667000 -4.23463838894463
12668000 -4.11037310207601
12669000 -4.23068988500228
12670000 -4.20771758110564
12671000 -4.17986631916614
12672000 -4.24245243450408
12673000 -4.15938970885386
12674000 -4.23193221076903
12675000 -4.24626400796787
12676000 -4.16055932904407
12677000 -4.24218446441384
12678000 -4.18995631650223
12679000 -4.20937283925424
12680000 -4.24767867795188
12681000 -4.17538744440523
12682000 -4.24016212424556
12683000 -4.20539597066705
12684000 -4.19650826389222
12685000 -4.24542973343304
12686000 -4.18654017578833
12687000 -4.22220596003006
12688000 -4.24636969090146
12689000 -4.18295160807289
12690000 -4.2237447267017
12691000 -4.20048154445869
12692000 -4.19894687128284
12693000 -4.26225536303409
12694000 -4.16308436358645
12695000 -4.2104426514695
12696000 -4.22230065894049
12697000 -4.215050666311
12698000 -4.24631171120647
12699000 -4.19382701135735
12700000 -4.18667827306184
12701000 -4.25006229943594
12702000 -4.16832106169966
12703000 -4.22037780325381
12704000 -4.23061869397567
12705000 -4.18154393399748
12706000 -4.2147066608896
12707000 -4.2325688994162
12708000 -4.18290967213082
12709000 -4.23555155901749
12710000 -4.20741026374161
12711000 -4.21244355485858
12712000 -4.23290096662832
12713000 -4.1688109953527
12714000 -4.21413747515989
12715000 -4.25879511725697
12716000 -4.19450512579927
12717000 -4.244181486172
12718000 -4.19993814169358
12719000 -4.18715374669897
12720000 -4.2553687704905
12721000 -4.21465316550723
12722000 -4.20683769139877
12723000 -4.24540058705802
12724000 -4.19237786104151
12725000 -4.22341037568931
12726000 -4.23919009094595
12727000 -4.20435247788308
12728000 -4.27834663457422
12729000 -4.19122871125949
12730000 -4.19906317545132
12731000 -4.2499365683695
12732000 -4.21094074778635
12733000 -4.22667904958526
12734000 -4.24451512727905
12735000 -4.17020197270623
12736000 -4.25577017655879
12737000 -4.20447615735872
12738000 -4.23588904239798
12739000 -4.2699399381166
12740000 -4.16039862509705
12741000 -4.23930104368467
12742000 -4.29061371935062
12743000 -4.15767773767015
12744000 -4.2367607536901
12745000 -4.22831230936518
12746000 -4.21633302391838
12747000 -4.2554900473962
12748000 -4.19864283549668
12749000 -4.23921298964701
12750000 -4.25544080094928
12751000 -4.15668646331945
12752000 -4.25831135239584
12753000 -4.25399964984029
12754000 -4.20352529678069
12755000 -4.26049909540156
12756000 -4.2012226527046
12757000 -4.25578533016379
12758000 -4.25161520383364
12759000 -4.19707048932258
12760000 -4.28353218712625
12761000 -4.23236452558334
12762000 -4.21780030041195
12763000 -4.29682066218826
12764000 -4.18644673266139
12765000 -4.22490842413403
12766000 -4.28947918864291
12767000 -4.18800906331443
12768000 -4.27667516221403
12769000 -4.24241381834771
12770000 -4.20335770781352
12771000 -4.29190201308071
12772000 -4.19958930354182
12773000 -4.23292605552565
12774000 -4.29317884261916
12775000 -4.17012030465319
12776000 -4.28794880673696
12777000 -4.2506066982581
12778000 -4.21443696298119
12779000 -4.29465525408654
12780000 -4.17979333576598
12781000 -4.22998614404814
12782000 -4.32514433046149
12783000 -4.17567716093822
12784000 -4.2716724855314
12785000 -4.25184656944738
12786000 -4.20666856281783
12787000 -4.29512108478939
12788000 -4.20914479027628
12789000 -4.20083991797487
12790000 -4.30730812673544
12791000 -4.18444248064742
12792000 -4.25163338860684
12793000 -4.29078563700641
12794000 -4.18493949569651
12795000 -4.28816274317135
12796000 -4.24091068442663
12797000 -4.21674169068052
12798000 -4.31070515103052
12799000 -4.19030260409937
12800000 -4.24147488714479
12801000 -4.3020543088288
12802000 -4.16387815506818
12803000 -4.29012855115971
12804000 -4.25968094500793
12805000 -4.20916682020923
12806000 -4.2970147740621
12807000 -4.22852803804117
12808000 -4.27643392385182
12809000 -4.29143709099613
12810000 -4.16538935613593
12811000 -4.26182386725302
12812000 -4.25813888358791
12813000 -4.21791931396855
12814000 -4.26343505378538
12815000 -4.23566536770856
12816000 -4.22375580794287
12817000 -4.28687854485961
12818000 -4.21042015978933
12819000 -4.28086269498861
12820000 -4.24692434826381
12821000 -4.21224126143717
12822000 -4.30443511347174
12823000 -4.23762494698954
12824000 -4.23706085091311
12825000 -4.28363753411765
12826000 -4.21933752931463
12827000 -4.28708428337945
12828000 -4.27024918687112
12829000 -4.22523946822888
12830000 -4.30125285507295
12831000 -4.27089658736802
12832000 -4.22549603518304
12833000 -4.31236034981538
12834000 -4.2314789267289
12835000 -4.23159292152262
12836000 -4.25981136524555
12837000 -4.2128765944435
12838000 -4.28263550272767
12839000 -4.25673993044484
12840000 -4.21317136407888
12841000 -4.29107980046619
12842000 -4.23108379710739
12843000 -4.22788516646026
12844000 -4.27367107395132
12845000 -4.22146378768018
12846000 -4.25977425810411
12847000 -4.27838465030525
12848000 -4.22639832220882
12849000 -4.30204359312041
12850000 -4.24284996536125
12851000 -4.22780728396842
12852000 -4.302729084165
12853000 -4.24357348792987
12854000 -4.26121637830764
12855000 -4.2643981080947
12856000 -4.21793730739423
12857000 -4.28531922963495
12858000 -4.26654918143215
12859000 -4.23882806454082
12860000 -4.30246752877985
12861000 -4.25217952647619
12862000 -4.27048855134545
12863000 -4.26605848604307
12864000 -4.25374017258149
12865000 -4.28615907252497
12866000 -4.2887863392416
12867000 -4.25066638290777
12868000 -4.28089976871242
12869000 -4.26621740161682
12870000 -4.26428099456587
12871000 -4.2701402122333
12872000 -4.25423223424687
12873000 -4.27558625669917
12874000 -4.29052174189358
12875000 -4.24165685513669
12876000 -4.28565535843697
12877000 -4.27083614757697
12878000 -4.28033243203521
12879000 -4.31570677934945
12880000 -4.24473815907209
12881000 -4.26003501122957
12882000 -4.31341376169342
12883000 -4.2487658030842
12884000 -4.27455727994057
12885000 -4.27781552150831
12886000 -4.25233267201954
12887000 -4.29526750328071
12888000 -4.2386341335027
12889000 -4.24794360967646
12890000 -4.29239110010559
12891000 -4.21728251362309
12892000 -4.2884267480465
12893000 -4.28305082536085
12894000 -4.25633826395878
12895000 -4.29873320043407
12896000 -4.26413577897082
12897000 -4.24238898031937
12898000 -4.32263012644655
12899000 -4.24213496247696
12900000 -4.27250837592215
12901000 -4.31290064958866
12902000 -4.22371874225615
12903000 -4.27613431359999
12904000 -4.3005427293729
12905000 -4.28747076968376
12906000 -4.30064918601529
12907000 -4.27267395509853
12908000 -4.2499919411999
12909000 -4.29620149164552
12910000 -4.28143174885626
12911000 -4.25487197800811
12912000 -4.29318194257636
12913000 -4.30707170400448
12914000 -4.26649328329913
12915000 -4.31453755740826
12916000 -4.27508302186936
12917000 -4.27776118953215
12918000 -4.32185772717702
12919000 -4.25384608943527
12920000 -4.29351242798943
12921000 -4.28903861967637
12922000 -4.26353166778635
12923000 -4.29524962769691
12924000 -4.29636011981803
12925000 -4.26379042601497
12926000 -4.29934038317637
12927000 -4.27457724481191
12928000 -4.27757769414329
12929000 -4.3415220467964
12930000 -4.24564618675574
12931000 -4.30776866197199
12932000 -4.28224460570155
12933000 -4.27130578780954
12934000 -4.33127760624666
12935000 -4.28495299409665
12936000 -4.27841405200589
12937000 -4.30561376308916
12938000 -4.29766031081351
12939000 -4.31107185354108
12940000 -4.28799821538413
12941000 -4.27321579416866
12942000 -4.30315597654786
12943000 -4.26058365650412
12944000 -4.2999783969904
12945000 -4.31660615026369
12946000 -4.27372380599062
12947000 -4.2740530144741
12948000 -4.31008970885055
12949000 -4.28607444550089
12950000 -4.33088162752553
12951000 -4.27707329155085
12952000 -4.27481474607874
12953000 -4.32644772184597
12954000 -4.28061788007165
12955000 -4.29801645927168
12956000 -4.30751072281295
12957000 -4.24659437310347
12958000 -4.34221900359244
12959000 -4.32093522241692
12960000 -4.26208147400951
12961000 -4.34792469663633
12962000 -4.2839446812898
12963000 -4.28021207265838
12964000 -4.34330225346917
12965000 -4.26298801682059
12966000 -4.30605424108395
12967000 -4.32935646968027
12968000 -4.22996755462108
12969000 -4.34643064156204
12970000 -4.32100435142472
12971000 -4.25461917147823
12972000 -4.33184179786288
12973000 -4.28975086336077
12974000 -4.27405685427339
12975000 -4.35790989515708
12976000 -4.28362263769663
12977000 -4.26845489337583
12978000 -4.33620575351328
12979000 -4.28332356889563
12980000 -4.31290740637851
12981000 -4.32102815248666
12982000 -4.26047147651533
12983000 -4.31708485735841
12984000 -4.32505994764533
12985000 -4.26322302732117
12986000 -4.32744486797386
12987000 -4.32927025258038
12988000 -4.27549927636181
12989000 -4.32570297401797
12990000 -4.29962496422954
12991000 -4.29661194784124
12992000 -4.33520409043849
12993000 -4.26808834082029
12994000 -4.29519292493574
12995000 -4.34430887231812
12996000 -4.28477542494747
12997000 -4.29946201164417
12998000 -4.29353819723712
12999000 -4.29679651676861
13000000 -4.34759799129301
13001000 -4.30608736692234
13002000 -4.30151007185461
13003000 -4.2990909860007
13004000 -4.3003564387226
13005000 -4.31993358114833
13006000 -4.31137562289944
13007000 -4.33408117464402
13008000 -4.31681632632486
13009000 -4.30160889859054
13010000 -4.32467679590248
13011000 -4.31405118443475
13012000 -4.30604420755275
13013000 -4.36936926155975
13014000 -4.30955614675548
13015000 -4.27919387956169
13016000 -4.38335094831352
13017000 -4.2696883746119
13018000 -4.33049593147364
13019000 -4.34227500576952
13020000 -4.25106457286351
13021000 -4.36026172206539
13022000 -4.3336648516713
13023000 -4.27144239718632
13024000 -4.36681676638836
13025000 -4.28889995002629
13026000 -4.29861951850466
13027000 -4.37979525371359
13028000 -4.25754973765522
13029000 -4.34401715555378
13030000 -4.34786146161314
13031000 -4.24517911011347
13032000 -4.37650010055607
13033000 -4.3190743603158
13034000 -4.27640951597875
13035000 -4.40006250318787
13036000 -4.28192512474358
13037000 -4.32528648918624
13038000 -4.36296536624427
13039000 -4.27754609550617
13040000 -4.35683193825144
13041000 -4.35243861627112
13042000 -4.27860545545993
13043000 -4.37978494424837
13044000 -4.31903255267117
13045000 -4.32899977954673
13046000 -4.34956252986516
13047000 -4.28853998597188
13048000 -4.29646747894135
13049000 -4.34544481438763
13050000 -4.28962394536086
13051000 -4.35523529762689
13052000 -4.31581649767637
13053000 -4.29604535698699
13054000 -4.35716670143947
13055000 -4.3128825330092
13056000 -4.33432148836966
13057000 -4.33597221268314
13058000 -4.31099916271448
13059000 -4.33442558443348
13060000 -4.329274851213
13061000 -4.29306802178321
13062000 -4.38662125011148
13063000 -4.33720631651179
13064000 -4.32803774438509
13065000 -4.36553106440555
13066000 -4.34835521614699
13067000 -4.33279799339894
13068000 -4.36608776803232
13069000 -4.3468891516691
13070000 -4.31588872596829
13071000 -4.36305033174303
13072000 -4.30981890932419
13073000 -4.33913153705469
13074000 -4.33418275976447
13075000 -4.31504103689516
13076000 -4.370997566556
13077000 -4.3371328215595
13078000 -4.30337320021596
13079000 -4.35472542283183
13080000 -4.32866847661436
13081000 -4.31807771758506
13082000 -4.38227646358355
13083000 -4.29623930337715
13084000 -4.36392790791832
13085000 -4.34272455357648
13086000 -4.27215025304347
13087000 -4.39464636276683
13088000 -4.37796325454732
13089000 -4.30712795684861
13090000 -4.38355799518396
13091000 -4.31943175274548
13092000 -4.35841553824811
13093000 -4.35424777371038
13094000 -4.29651874867956
13095000 -4.36815192700061
13096000 -4.38067451362229
13097000 -4.28330121329731
13098000 -4.39052977167236
13099000 -4.34357800315296
13100000 -4.32134365935209
13101000 -4.39026562363789
13102000 -4.32807434534376
13103000 -4.3313974853427
13104000 -4.39761718052917
13105000 -4.29496599499609
13106000 -4.36446948331036
13107000 -4.37733276558141
13108000 -4.30483960685936
13109000 -4.35399374903933
13110000 -4.356698819769
13111000 -4.33812038411467
13112000 -4.3970858963656
13113000 -4.30819299449467
13114000 -4.34372319662475
13115000 -4.37202319144726
13116000 -4.32518568238663
13117000 -4.36891409257832
13118000 -4.38556939417876
13119000 -4.32709386526979
13120000 -4.36678759177045
13121000 -4.33475816048597
13122000 -4.33557715254503
13123000 -4.39653065226951
13124000 -4.32466128529668
13125000 -4.36060391318058
13126000 -4.36158282502454
13127000 -4.34706309766462
13128000 -4.37775966248003
13129000 -4.35265411781809
13130000 -4.34068655341742
13131000 -4.36882708115189
13132000 -4.33291174183866
13133000 -4.36279214521078
13134000 -4.39105356117441
13135000 -4.30435941807555
13136000 -4.35755300124223
13137000 -4.38059251960168
13138000 -4.37009408396058
13139000 -4.36330604329482
13140000 -4.35693807063128
13141000 -4.3357160835109
13142000 -4.3993271764608
13143000 -4.34373287801643
13144000 -4.34265959186919
13145000 -4.37263264630319
13146000 -4.335307831072
13147000 -4.37535957700189
13148000 -4.36757950715712
13149000 -4.32858283497532
13150000 -4.38948788744731
13151000 -4.3547389395564
13152000 -4.33511845163707
13153000 -4.37770802378297
13154000 -4.351136627822
13155000 -4.34917239933247
13156000 -4.39638096995175
13157000 -4.33047738239795
13158000 -4.36969879430004
13159000 -4.39202647490238
13160000 -4.34099130945406
13161000 -4.36278175180345
13162000 -4.38538907332055
13163000 -4.34365415858468
13164000 -4.38185313055427
13165000 -4.39785828958196
13166000 -4.34094082977172
13167000 -4.38097280497744
13168000 -4.37204535530638
13169000 -4.35047143098132
13170000 -4.37086624988192
13171000 -4.39181456962619
13172000 -4.34713030223727
13173000 -4.39064089897931
13174000 -4.36499176457839
13175000 -4.38375515388785
13176000 -4.37806260397249
13177000 -4.31665402165041
13178000 -4.39697977539638
13179000 -4.38913921928224
13180000 -4.34270053924634
13181000 -4.35634989441993
13182000 -4.38204101000043
13183000 -4.3598279387359
13184000 -4.37240298311187
13185000 -4.36612768772576
13186000 -4.35077089481927
13187000 -4.38462830207807
13188000 -4.39592582672471
13189000 -4.35192021403931
13190000 -4.3955929948098
13191000 -4.37289511423096
13192000 -4.36523811957132
13193000 -4.40259615519137
13194000 -4.39345458837478
13195000 -4.34955844016922
13196000 -4.38468173147485
13197000 -4.38260320591163
13198000 -4.38097110837521
13199000 -4.36905711556029
13200000 -4.36922031090885
13201000 -4.37481485254192
13202000 -4.37683316382538
13203000 -4.36125239602705
13204000 -4.34299384620509
13205000 -4.39790903625852
13206000 -4.37265255736403
13207000 -4.36669465546175
13208000 -4.39845040440617
13209000 -4.36370996193855
13210000 -4.36686286537699
13211000 -4.39316815328388
13212000 -4.36337568305343
13213000 -4.39987584014726
13214000 -4.39206352188142
13215000 -4.35353134720367
13216000 -4.37507716583225
13217000 -4.38595195333944
13218000 -4.3807008927304
13219000 -4.3860658200865
13220000 -4.38814016681813
13221000 -4.37930376592393
13222000 -4.38140701612896
13223000 -4.37814591959924
13224000 -4.37911828327635
13225000 -4.38282655170478
13226000 -4.38755363603418
13227000 -4.37889316750431
13228000 -4.39478762802528
13229000 -4.41291525745276
13230000 -4.35623415178563
13231000 -4.4169547024768
13232000 -4.39266266298009
13233000 -4.36009044000931
13234000 -4.39494393686787
13235000 -4.41487166584884
13236000 -4.36884370423755
13237000 -4.4024664390122
13238000 -4.39213480103947
13239000 -4.37930964769638
13240000 -4.41696411647599
13241000 -4.37084044393605
13242000 -4.38249255259365
13243000 -4.43946117393646
13244000 -4.3766743830406
13245000 -4.37615771280246
13246000 -4.40384836498571
13247000 -4.40086077115922
13248000 -4.36325440974016
13249000 -4.42341051227311
13250000 -4.40262498802626
13251000 -4.380510978774
13252000 -4.39780820867905
13253000 -4.35784552988604
13254000 -4.43563032214893
13255000 -4.40012804207531
13256000 -4.33532724249517
13257000 -4.42809538584882
13258000 -4.41266126996046
13259000 -4.37650930868515
13260000 -4.42351636788957
13261000 -4.41008902021295
13262000 -4.40577737381753
13263000 -4.42159104783838
13264000 -4.40667850573241
13265000 -4.40926998793129
13266000 -4.42506430070033
13267000 -4.37855303871848
13268000 -4.3913563901106
13269000 -4.42685726230759
13270000 -4.39562663576678
13271000 -4.42909191367384
13272000 -4.38614114229663
13273000 -4.40249174648996
13274000 -4.39971075822062
13275000 -4.42586833085002
13276000 -4.40759060265365
13277000 -4.40588045647511
13278000 -4.42342761796457
13279000 -4.39272031968042
13280000 -4.41229860020893
13281000 -4.41092551238968
13282000 -4.39581939154487
13283000 -4.39903911499923
13284000 -4.39343060066522
13285000 -4.40321992206633
13286000 -4.42472615586319
13287000 -4.39852975462663
13288000 -4.42637696143244
13289000 -4.39892676164308
13290000 -4.42389469886653
13291000 -4.40114695286799
13292000 -4.43842410672377
13293000 -4.38963443146708
13294000 -4.40491968773311
13295000 -4.40837336687342
13296000 -4.42837615845274
13297000 -4.41406542488135
13298000 -4.40393272279545
13299000 -4.38356611444287
13300000 -4.4430608852408
13301000 -4.41209635149906
13302000 -4.41124138358921
13303000 -4.41405668502093
13304000 -4.42702237883249
13305000 -4.42334737236593
13306000 -4.41696627147394
13307000 -4.39526694862844
13308000 -4.45235098095761
13309000 -4.39689539909269
13310000 -4.40183503586025
13311000 -4.42742453615725
13312000 -4.39511269089375
13313000 -4.41567024165134
13314000 -4.39965439698886
13315000 -4.35879950676537
13316000 -4.45422151245762
13317000 -4.40898614646453
13318000 -4.38313956662971
13319000 -4.44868106959778
13320000 -4.42228067155131
13321000 -4.40651023248435
13322000 -4.43648853900043
13323000 -4.40488216898005
13324000 -4.42487044249499
13325000 -4.43134899032152
13326000 -4.361900005573
13327000 -4.45866609292443
13328000 -4.4293631280519
13329000 -4.37519823398443
13330000 -4.42676174278116
13331000 -4.42914152505874
13332000 -4.39134463529541
13333000 -4.46768674640506
13334000 -4.39357718518858
13335000 -4.39819644228419
13336000 -4.46953572930696
13337000 -4.39902078512532
13338000 -4.40589925817301
13339000 -4.45886647531041
13340000 -4.39138998380336
13341000 -4.42988429363201
13342000 -4.43134461211835
13343000 -4.39992936804568
13344000 -4.44930523405578
13345000 -4.43773539828032
13346000 -4.37674045244044
13347000 -4.46207547710699
13348000 -4.41500563139519
13349000 -4.40186074934037
13350000 -4.43783291299364
13351000 -4.41715917535151
13352000 -4.43446538038097
13353000 -4.44429474817991
13354000 -4.41862455860035
13355000 -4.41653570457966
13356000 -4.42968633572969
13357000 -4.43055316700999
13358000 -4.46321213159015
13359000 -4.4327264972529
13360000 -4.42159604129621
13361000 -4.446234821766
13362000 -4.42549366929917
13363000 -4.42960202062247
13364000 -4.45364206880728
13365000 -4.44555307077441
13366000 -4.43916954063181
13367000 -4.41303953580893
13368000 -4.45601755613602
13369000 -4.45467640180321
13370000 -4.419582896596
13371000 -4.4064764082882
13372000 -4.45343498673343
13373000 -4.42942643528935
13374000 -4.45815967642187
13375000 -4.43307018977681
13376000 -4.41848514303998
13377000 -4.46688344013495
13378000 -4.39343407152315
13379000 -4.42812375315694
13380000 -4.49513731357129
13381000 -4.40332937514683
13382000 -4.43629534364377
13383000 -4.44548966606273
13384000 -4.41404593999713
13385000 -4.4514141098569
13386000 -4.43010371153761
13387000 -4.3715657164014
13388000 -4.50028919871816
13389000 -4.41291980642308
13390000 -4.42692951922023
13391000 -4.50378453017917
13392000 -4.41780047928854
13393000 -4.44636738818666
13394000 -4.48108927370384
13395000 -4.40854274575615
13396000 -4.46619102863791
13397000 -4.46946580748972
13398000 -4.39795960245632
13399000 -4.47614876333101
13400000 -4.45658769361516
13401000 -4.40905901055164
13402000 -4.46736556953582
13403000 -4.43901965983431
13404000 -4.42708494869587
13405000 -4.46657576571655
13406000 -4.42660283952439
13407000 -4.43260370931016
13408000 -4.46382743107353
13409000 -4.42656561603187
13410000 -4.44803487097015
13411000 -4.49478252475385
13412000 -4.42177262795727
13413000 -4.4386846223074
13414000 -4.4724721564987
13415000 -4.44256353551564
13416000 -4.46722301444897
13417000 -4.44895855618597
13418000 -4.41883977351751
13419000 -4.46844384899394
13420000 -4.43725937706868
13421000 -4.45093161641929
13422000 -4.44648299920773
13423000 -4.43288254244637
13424000 -4.48108213094296
13425000 -4.47967177759642
13426000 -4.39403068482218
13427000 -4.46867131256323
13428000 -4.463126389055
13429000 -4.44662280294578
13430000 -4.47670552558266
13431000 -4.47109063157555
13432000 -4.4313064994291
13433000 -4.48816545770468
13434000 -4.42905835367182
13435000 -4.4599258924184
13436000 -4.47913601415885
13437000 -4.44504171987951
13438000 -4.44720932233075
13439000 -4.47838870723246
13440000 -4.44853986649826
13441000 -4.4775151918706
13442000 -4.46611224104119
13443000 -4.41683562401776
13444000 -4.47429535622482
13445000 -4.4372191909023
13446000 -4.41173875975913
13447000 -4.49350990652312
13448000 -4.44773858693469
13449000 -4.43146872736949
13450000 -4.49801087616706
13451000 -4.40978368989205
13452000 -4.45939576249364
13453000 -4.46314331836192
13454000 -4.40696700108289
13455000 -4.47416481959725
13456000 -4.5023579010294
13457000 -4.40627093755841
13458000 -4.51647517698772
13459000 -4.45601520465275
13460000 -4.43348557860632
13461000 -4.504872193988
13462000 -4.46381168243111
13463000 -4.43379042474801
13464000 -4.50502063005074
13465000 -4.43419954657464
13466000 -4.48775513981909
13467000 -4.51919012756119
13468000 -4.40677568440091
13469000 -4.46506042885248
13470000 -4.50212610598358
13471000 -4.40265315516813
13472000 -4.50455199661071
13473000 -4.48049975233707
13474000 -4.40397052493933
13475000 -4.52237402420481
13476000 -4.46598722256044
13477000 -4.40162715349016
13478000 -4.53606541789338
13479000 -4.45483659417022
13480000 -4.43942597749445
13481000 -4.51025276425681
13482000 -4.45668707411596
13483000 -4.47813133211964
13484000 -4.48717569582317
13485000 -4.40465585218352
13486000 -4.51803852878478
13487000 -4.4939044685999
13488000 -4.41670203665873
13489000 -4.53688874929778
13490000 -4.4716612103871
13491000 -4.41988542599562
13492000 -4.52166485469854
13493000 -4.49966769027396
13494000 -4.4352061640146
13495000 -4.53963239593052
13496000 -4.41678125808513
13497000 -4.50851946279349
13498000 -4.53943830791228
13499000 -4.39911896284099
13500000 -4.48672804652118
13501000 -4.50960571376023
13502000 -4.41735135085377
13503000 -4.50772543073829
13504000 -4.46714337878953
13505000 -4.46407357069683
13506000 -4.52588082299993
13507000 -4.47073482872888
13508000 -4.46630515418798
13509000 -4.52702503097501
13510000 -4.42074316168124
13511000 -4.48761544551041
13512000 -4.52396431916987
13513000 -4.44102020228677
13514000 -4.49687920839684
13515000 -4.49689312527475
13516000 -4.44371801411471
13517000 -4.54544974892451
13518000 -4.47345528023911
13519000 -4.47612532524481
13520000 -4.51617755004907
13521000 -4.45892014996049
13522000 -4.4727728864297
13523000 -4.54738176795418
13524000 -4.4586484767164
13525000 -4.47295227806051
13526000 -4.53320372738538
13527000 -4.46462425474972
13528000 -4.48838450559606
13529000 -4.51932589037467
13530000 -4.46411891722325
13531000 -4.48518947926509
13532000 -4.51597762050169
13533000 -4.46679512936635
13534000 -4.52649864082873
13535000 -4.51058947735249
13536000 -4.43746069315826
13537000 -4.53197058486116
13538000 -4.50638757776664
13539000 -4.45361325386705
13540000 -4.53760242003135
13541000 -4.44942720672429
13542000 -4.46931657915781
13543000 -4.54104155501881
13544000 -4.45272052623931
13545000 -4.49101378763674
13546000 -4.54046606536701
13547000 -4.43490290961134
13548000 -4.52239109327844
13549000 -4.48721780367889
13550000 -4.46121281478457
13551000 -4.51036674848071
13552000 -4.48014913246164
13553000 -4.46356007181534
13554000 -4.5464983850888
13555000 -4.45321587590351
13556000 -4.48293176624424
13557000 -4.52224853260888
13558000 -4.47101357072251
13559000 -4.50119121800891
13560000 -4.4953843706642
13561000 -4.48396087756592
13562000 -4.49630001687359
13563000 -4.49957198981981
13564000 -4.46823382895411
13565000 -4.52685133557455
13566000 -4.5092804665951
13567000 -4.4598867527141
13568000 -4.52619944374919
13569000 -4.49565895357437
13570000 -4.49110025927836
13571000 -4.51334123635787
13572000 -4.44950346828445
13573000 -4.49077763338481
13574000 -4.54368984683955
13575000 -4.49113147839281
13576000 -4.49674675540208
13577000 -4.50429673610143
13578000 -4.48270089064076
13579000 -4.51123328906113
13580000 -4.48064217689746
13581000 -4.48135487348392
13582000 -4.53958326353715
13583000 -4.47929275257971
13584000 -4.4955415000684
13585000 -4.53241680422809
13586000 -4.46812235231734
13587000 -4.50302655773229
13588000 -4.55122915507089
13589000 -4.48509230306966
13590000 -4.48870916886366
13591000 -4.53590895752912
13592000 -4.46107557035587
13593000 -4.51155796041687
13594000 -4.53077823260061
13595000 -4.47283932451358
13596000 -4.52795295032201
13597000 -4.53160554938428
13598000 -4.47339770307274
13599000 -4.55056706435074
13600000 -4.50880507515747
13601000 -4.49273500942286
13602000 -4.54082658574419
13603000 -4.49997414676389
13604000 -4.48214370616882
13605000 -4.57594216682455
13606000 -4.46126711222195
13607000 -4.47666253755361
13608000 -4.55962236183861
13609000 -4.46398861773285
13610000 -4.48117722743569
13611000 -4.57760706227193
13612000 -4.46811722389661
13613000 -4.52700127453461
13614000 -4.56749274560368
13615000 -4.47840389735881
13616000 -4.54969650360921
13617000 -4.52890385432503
13618000 -4.46199261676233
13619000 -4.5458198434504
13620000 -4.53312062049254
13621000 -4.48994074116182
13622000 -4.55524695715035
13623000 -4.5213414685995
13624000 -4.50161234675297
13625000 -4.52701213153451
13626000 -4.51242588454354
13627000 -4.53319231426008
13628000 -4.51721574584656
13629000 -4.50650841159235
13630000 -4.54141244481873
13631000 -4.54449367785628
13632000 -4.49982367198548
13633000 -4.53748428145499
13634000 -4.52981899475388
13635000 -4.505788521895
13636000 -4.54258967290076
13637000 -4.51863905059466
13638000 -4.52866789945041
13639000 -4.51780829444447
13640000 -4.52324067210486
13641000 -4.5416479479877
13642000 -4.49607270152532
13643000 -4.51144686246504
13644000 -4.55578196460335
13645000 -4.50615345367874
13646000 -4.53883997726928
13647000 -4.51706437770292
13648000 -4.51078203352595
13649000 -4.53212776902534
13650000 -4.5479738998634
13651000 -4.50112379930586
13652000 -4.53914046648751
13653000 -4.51914392572037
13654000 -4.52081378654025
13655000 -4.52924908057197
13656000 -4.5201439384281
13657000 -4.5204362368928
13658000 -4.54402358489163
13659000 -4.49531170158331
13660000 -4.52320979882845
13661000 -4.55666846841422
13662000 -4.49125227294762
13663000 -4.50844540576653
13664000 -4.54415732363616
13665000 -4.52002465740976
13666000 -4.53194954137644
13667000 -4.54480479232121
13668000 -4.52122359805174
13669000 -4.5220370688314
13670000 -4.56768994169907
13671000 -4.49319685021429
13672000 -4.53858029893418
13673000 -4.5521738775496
13674000 -4.500238976599
13675000 -4.53855443247164
13676000 -4.58003805571807
13677000 -4.51109971413046
13678000 -4.52932346653099
13679000 -4.58768802421334
13680000 -4.49975291481943
13681000 -4.58133395925154
13682000 -4.54903622330311
13683000 -4.47912264561634
13684000 -4.54388550581539
13685000 -4.5803879640347
13686000 -4.4846225753666
13687000 -4.55817052527699
13688000 -4.53686891461198
13689000 -4.48661582929696
13690000 -4.5704140663864
13691000 -4.53832762831072
13692000 -4.51107567633637
13693000 -4.58305088496055
13694000 -4.51721237100629
13695000 -4.53175132021968
13696000 -4.56362866369609
13697000 -4.519724753394
13698000 -4.51738637278884
13699000 -4.57541336981373
13700000 -4.52665570095598
13701000 -4.51439252765103
13702000 -4.55718933256086
13703000 -4.53272743129934
13704000 -4.51342115986596
13705000 -4.57186073166978
13706000 -4.5267388494489
13707000 -4.54173281515731
13708000 -4.56159208401461
13709000 -4.54069554706467
13710000 -4.5322864294024
13711000 -4.54831512876605
13712000 -4.54458056502146
13713000 -4.54572568187695
13714000 -4.55000735599003
13715000 -4.55682315330907
13716000 -4.5278979027293
13717000 -4.57053456612882
13718000 -4.53671375938381
13719000 -4.53676679519422
13720000 -4.55919873938368
13721000 -4.52910192744139
13722000 -4.54358789953049
13723000 -4.56953159474049
13724000 -4.53771748339904
13725000 -4.52223512656505
13726000 -4.57095774148362
13727000 -4.53580728657823
13728000 -4.55764971391479
13729000 -4.56835747666869
13730000 -4.52124488007348
13731000 -4.55367300724498
13732000 -4.56000282345591
13733000 -4.51530894012686
13734000 -4.56190040838485
13735000 -4.55429389877539
13736000 -4.51906875472974
13737000 -4.56467489667414
13738000 -4.58928883770382
13739000 -4.51122188865054
13740000 -4.54809542868297
13741000 -4.55076648612578
13742000 -4.52153595558578
13743000 -4.60934200336332
13744000 -4.56250202797915
13745000 -4.52774949965072
13746000 -4.57582811254622
13747000 -4.5422407014462
13748000 -4.52864466709265
13749000 -4.59779053801102
13750000 -4.53460260919648
13751000 -4.52891279989846
13752000 -4.56446176214892
13753000 -4.55178019214033
13754000 -4.54608112760689
13755000 -4.60292261502767
13756000 -4.53467309759319
13757000 -4.55282589659465
13758000 -4.59354551777612
13759000 -4.54677655802162
13760000 -4.5634477691687
13761000 -4.59717237648288
13762000 -4.54518246374201
13763000 -4.55550250030179
13764000 -4.58997711285628
13765000 -4.53764067434752
13766000 -4.567144384246
13767000 -4.57401033057742
13768000 -4.5207363377197
13769000 -4.57884884538973
13770000 -4.57316941367887
13771000 -4.54526194390285
13772000 -4.56662781092617
13773000 -4.55855621195728
13774000 -4.55858736148421
13775000 -4.60503793748374
13776000 -4.55231725084447
13777000 -4.52719401698393
13778000 -4.58847396968113
13779000 -4.56351559083568
13780000 -4.56749599894873
13781000 -4.5943272859597
13782000 -4.55701483017723
13783000 -4.55316464506917
13784000 -4.58496144317792
13785000 -4.55521994715276
13786000 -4.61201400755536
13787000 -4.58228812918738
13788000 -4.56733959014063
13789000 -4.59933273157273
13790000 -4.55572514757019
13791000 -4.57291299021524
13792000 -4.60771319376541
13793000 -4.54422227726657
13794000 -4.57214718933733
13795000 -4.57570408363443
13796000 -4.57126135938168
13797000 -4.58126503805794
13798000 -4.59214085792654
13799000 -4.54259732355677
13800000 -4.58070733473373
13801000 -4.59150736589138
13802000 -4.56444225450903
13803000 -4.55387422558679
13804000 -4.58341192326526
13805000 -4.57774466593944
13806000 -4.59074700996869
13807000 -4.57859113859781
13808000 -4.57438477605916
13809000 -4.59301313023789
13810000 -4.57806428348418
13811000 -4.58314679713734
13812000 -4.58919269643851
13813000 -4.56531905467906
13814000 -4.57747547147862
13815000 -4.58189210459518
13816000 -4.57072245672504
13817000 -4.59815691312472
13818000 -4.59213939801128
13819000 -4.60007477180813
13820000 -4.59561848570429
13821000 -4.58261737205374
13822000 -4.5582027005186
13823000 -4.61488109373847
13824000 -4.56207551310557
13825000 -4.60562348627539
13826000 -4.57895402356325
13827000 -4.56516620633069
13828000 -4.59903211657732
13829000 -4.57912176903719
13830000 -4.56031904396494
13831000 -4.6006336625727
13832000 -4.58770231495703
13833000 -4.57026572209734
13834000 -4.58412677958398
13835000 -4.57982742346302
13836000 -4.56778610095177
13837000 -4.59106470917879
13838000 -4.59705292186447
13839000 -4.58866519928186
13840000 -4.59383466418511
13841000 -4.60892214478832
13842000 -4.56812617493016
13843000 -4.61397372585576
13844000 -4.61531490698227
13845000 -4.5677846397074
13846000 -4.6234624668876
13847000 -4.62391769474129
13848000 -4.5655476178158
13849000 -4.61870548915462
13850000 -4.59027286227214
13851000 -4.58186189438183
13852000 -4.62018222567668
13853000 -4.59759302411463
13854000 -4.56689143094507
13855000 -4.61408425338899
13856000 -4.58775969549377
13857000 -4.56196044096447
13858000 -4.65035270256459
13859000 -4.57784296916409
13860000 -4.60340218129005
13861000 -4.63440565240501
13862000 -4.5514488211916
13863000 -4.60328265701097
13864000 -4.6416539804028
13865000 -4.55477205646687
13866000 -4.5989658024088
13867000 -4.61716986853011
13868000 -4.5769868608168
13869000 -4.58790766738286
13870000 -4.59501979641632
13871000 -4.56968938428346
13872000 -4.61731707843579
13873000 -4.63345309524817
13874000 -4.59287923952894
13875000 -4.62212694555869
13876000 -4.6307447299336
13877000 -4.56088881937797
13878000 -4.60992831783369
13879000 -4.61996463022559
13880000 -4.56304920330848
13881000 -4.61318677402032
13882000 -4.61936586927117
13883000 -4.58575709392893
13884000 -4.62505180213251
13885000 -4.61567523932293
13886000 -4.57787533747785
13887000 -4.6259982688028
13888000 -4.59634532734836
13889000 -4.58161643471897
13890000 -4.6027617452501
13891000 -4.6169664935286
13892000 -4.57571024104046
13893000 -4.62150251959628
13894000 -4.61648462044797
13895000 -4.58988416928878
13896000 -4.61738669121676
13897000 -4.60660823186851
13898000 -4.59555062680147
13899000 -4.6270944418624
13900000 -4.60531775753606
13901000 -4.60167498830571
13902000 -4.6257959294048
13903000 -4.61707917597758
13904000 -4.60890387911333
13905000 -4.64578716105248
13906000 -4.60688982272835
13907000 -4.60772549925352
13908000 -4.65925533613283
13909000 -4.59625880510725
13910000 -4.63789586180903
13911000 -4.66089891973609
13912000 -4.59332382523525
13913000 -4.60511240602795
13914000 -4.63278759769297
13915000 -4.60405856601141
13916000 -4.58948910275264
13917000 -4.61632061255703
13918000 -4.62647843729324
13919000 -4.625726830208
13920000 -4.60255298244166
13921000 -4.59676509047686
13922000 -4.61263825057953
13923000 -4.60890610587668
13924000 -4.60946174790955
13925000 -4.60764915418236
13926000 -4.623706391909
13927000 -4.60152230438233
13928000 -4.63038473843778
13929000 -4.61861785958569
13930000 -4.58112172183942
13931000 -4.61130630902675
13932000 -4.63595316661129
13933000 -4.57431200526779
13934000 -4.61801233178518
13935000 -4.62359535848461
13936000 -4.59951793602003
13937000 -4.63927066809568
13938000 -4.62550466676018
13939000 -4.59437999336892
13940000 -4.64564732255298
13941000 -4.6244636947903
13942000 -4.60520877842709
13943000 -4.65454178889356
13944000 -4.62108493464964
13945000 -4.5948882872868
13946000 -4.65396872207546
13947000 -4.6084815532686
13948000 -4.59484499128505
13949000 -4.64743658371403
13950000 -4.58762413028867
13951000 -4.60102028490449
13952000 -4.64440436021127
13953000 -4.59761053188968
13954000 -4.61497839727291
13955000 -4.64021089782959
13956000 -4.60709462803837
13957000 -4.60662856689694
13958000 -4.64467817354473
13959000 -4.59827238310916
13960000 -4.63399527219257
13961000 -4.64882658504616
13962000 -4.59550034957784
13963000 -4.63735032737042
13964000 -4.65067013495955
13965000 -4.58959408880615
13966000 -4.65641724751921
13967000 -4.64875789844151
13968000 -4.62425840928911
13969000 -4.65900042164975
13970000 -4.6225941277375
13971000 -4.62206166568715
13972000 -4.64051588375852
13973000 -4.62959612686388
13974000 -4.63347593685601
13975000 -4.61186991238725
13976000 -4.62598016828698
13977000 -4.62498174525373
13978000 -4.65133327085845
13979000 -4.64718443959189
13980000 -4.6183406380071
13981000 -4.62996559902016
13982000 -4.61871322665366
13983000 -4.63234920500467
13984000 -4.64622254942448
13985000 -4.62757949801183
13986000 -4.62865270851379
13987000 -4.6565279499451
13988000 -4.63183518918183
13989000 -4.64744924068257
13990000 -4.65984393993107
13991000 -4.63872931437948
13992000 -4.61598971135594
13993000 -4.65349092212022
13994000 -4.64908159742217
13995000 -4.63495659481908
13996000 -4.63522293860337
13997000 -4.63342171404148
13998000 -4.6544224866157
13999000 -4.65330848843132
14000000 -4.63228396912084
14001000 -4.62752217087423
14002000 -4.68579514382733
14003000 -4.64589005278058
14004000 -4.60324554079047
14005000 -4.65571318690501
14006000 -4.63878123513452
14007000 -4.6396825328437
14008000 -4.6690578777849
14009000 -4.6021571967407
14010000 -4.64804664304531
14011000 -4.66481066169905
14012000 -4.64869585282886
14013000 -4.64581833978905
14014000 -4.64666056450022
14015000 -4.64487025825874
14016000 -4.65735369286191
14017000 -4.64630167704843
14018000 -4.59814595335376
14019000 -4.64703144434867
14020000 -4.67249600012053
14021000 -4.59869883502656
14022000 -4.63625965022273
14023000 -4.67631595629465
14024000 -4.61623769109117
14025000 -4.61900725387904
14026000 -4.66729875447596
14027000 -4.621482076891
14028000 -4.6432392071285
14029000 -4.66968694447854
14030000 -4.60896385891134
14031000 -4.66006753814156
14032000 -4.6471668373045
14033000 -4.6418671900049
14034000 -4.6548076438702
14035000 -4.68116111504588
14036000 -4.64261728134648
14037000 -4.65425630502657
14038000 -4.68367223363593
14039000 -4.63722551941643
14040000 -4.65571866219572
14041000 -4.66724590252796
14042000 -4.63194614087707
14043000 -4.6771633390582
14044000 -4.67202181729689
14045000 -4.63122670557598
14046000 -4.69016536053728
14047000 -4.65951237440338
14048000 -4.6237669456278
14049000 -4.66014083399934
14050000 -4.66269007003307
14051000 -4.64102394009595
14052000 -4.68955726292081
14053000 -4.65945271144112
14054000 -4.65547971890378
14055000 -4.68038804688724
14056000 -4.62360940410261
14057000 -4.67272795410334
14058000 -4.68144725434112
14059000 -4.63208760549515
14060000 -4.65539411168884
14061000 -4.70670389288885
14062000 -4.63887055088219
14063000 -4.6564867768152
14064000 -4.67731015048036
14065000 -4.6331136929436
14066000 -4.67558263070627
14067000 -4.68477672756548
14068000 -4.62086956534833
14069000 -4.68917509127776
14070000 -4.67917734690804
14071000 -4.65362678016335
14072000 -4.70991947158719
14073000 -4.68627686841144
14074000 -4.65481833072841
14075000 -4.70862012568333
14076000 -4.66366094974733
14077000 -4.65521011133199
14078000 -4.70538584147654
14079000 -4.6553352683002
14080000 -4.62765962541174
14081000 -4.70883047766521
14082000 -4.65597877781902
14083000 -4.65884909972083
14084000 -4.70461946866382
14085000 -4.64168988318704
14086000 -4.65092368534593
14087000 -4.68338272197874
14088000 -4.65449699518434
14089000 -4.67714960773158
14090000 -4.66624230748014
14091000 -4.61950301400123
14092000 -4.68678581623209
14093000 -4.71229120065731
14094000 -4.62123645698852
14095000 -4.64795766587649
14096000 -4.69173945696046
14097000 -4.64297649930985
14098000 -4.65901449856667
14099000 -4.69559849310142
14100000 -4.6437576346262
14101000 -4.68660204757659
14102000 -4.69853157914949
14103000 -4.67861631246863
14104000 -4.68241800879144
14105000 -4.69477412365217
14106000 -4.65723981794102
14107000 -4.69903750035994
14108000 -4.68298995404883
14109000 -4.64460892642254
14110000 -4.74058117932948
14111000 -4.65662364303021
14112000 -4.67418624545619
14113000 -4.7115100783117
14114000 -4.67515804895326
14115000 -4.66729260113002
14116000 -4.72129255494176
14117000 -4.63961806333272
14118000 -4.69842642093549
14119000 -4.7213777702549
14120000 -4.63865436193634
14121000 -4.69029718031994
14122000 -4.70240831218226
14123000 -4.65730696384538
14124000 -4.7019443264058
14125000 -4.69165082413817
14126000 -4.66898619470709
14127000 -4.67389046223443
14128000 -4.66161380580705
14129000 -4.67540313743647
14130000 -4.69143121567346
14131000 -4.66530769392618
14132000 -4.68521971674091
14133000 -4.70154707539639
14134000 -4.67592842497608
14135000 -4.67958556720931
14136000 -4.70083259546893
14137000 -4.67847743618928
14138000 -4.6899819050219
14139000 -4.69912289697115
14140000 -4.66409463549416
14141000 -4.69130212879121
14142000 -4.68222694002607
14143000 -4.66084207256988
14144000 -4.69480780903014
14145000 -4.72196752460144
14146000 -4.66687568765589
14147000 -4.66317472564635
14148000 -4.70331877870886
14149000 -4.6873601592225
14150000 -4.68124561045522
14151000 -4.70223342303663
14152000 -4.65664755591909
14153000 -4.69169121232809
14154000 -4.70392028696702
14155000 -4.66945133037975
14156000 -4.67876422554577
14157000 -4.70630937444622
14158000 -4.64981049123386
14159000 -4.67062877251109
14160000 -4.7090416157945
14161000 -4.67820296516814
14162000 -4.70963609055041
14163000 -4.71702209750908
14164000 -4.67368023896155
14165000 -4.72330318744775
14166000 -4.69084828643975
14167000 -4.68625461930777
14168000 -4.71712749156467
14169000 -4.70800386203396
14170000 -4.69588772797071
14171000 -4.71013268604682
14172000 -4.69002955931301
14173000 -4.7034344089672
14174000 -4.71567526198549
14175000 -4.68405117277954
14176000 -4.70295196737825
14177000 -4.66352348679937
14178000 -4.69481397599307
14179000 -4.71836329707119
14180000 -4.71079265078858
14181000 -4.68007229498515
14182000 -4.72481136119062
14183000 -4.67340068587211
14184000 -4.70458549513291
14185000 -4.71291394866958
14186000 -4.6606477460471
14187000 -4.72859105380585
14188000 -4.7155051177089
14189000 -4.64396034416156
14190000 -4.7288601965375
14191000 -4.72460577771064
14192000 -4.66891124420381
14193000 -4.70762897197495
14194000 -4.69630182413606
14195000 -4.69039505453498
14196000 -4.72164213300438
14197000 -4.70784752702405
14198000 -4.71244142855327
14199000 -4.76541904595641
14200000 -4.67957545213601
14201000 -4.68103634510426
14202000 -4.76512803566463
14203000 -4.68165277460648
14204000 -4.6837851818016
14205000 -4.74700758043364
14206000 -4.70672372504218
14207000 -4.69776083104035
14208000 -4.74409920917913
14209000 -4.68030827291642
14210000 -4.73510275944378
14211000 -4.74060317256
14212000 -4.66302985029683
14213000 -4.70965711314557
14214000 -4.7488729825016
14215000 -4.66406651544351
14216000 -4.70175596257247
14217000 -4.74736301441471
14218000 -4.68698367079292
14219000 -4.72481375809509
14220000 -4.72451657576884
14221000 -4.67567081493742
14222000 -4.73035546828151
14223000 -4.72950605246464
14224000 -4.65151520058923
14225000 -4.71043272071825
14226000 -4.76563921356986
14227000 -4.63399379274264
14228000 -4.72094131879304
14229000 -4.76301469176035
14230000 -4.70293516390785
14231000 -4.68443660742818
14232000 -4.73023193151228
14233000 -4.69083570661166
14234000 -4.74479046782137
14235000 -4.75692728240853
14236000 -4.66421565625015
14237000 -4.75052320817316
14238000 -4.75771668122594
14239000 -4.64739567405619
14240000 -4.73380173556064
14241000 -4.76417989090341
14242000 -4.67391259596078
14243000 -4.74848573749938
14244000 -4.75295170450767
14245000 -4.69806886123546
14246000 -4.73963271735683
14247000 -4.74012817405006
14248000 -4.6734144269034
14249000 -4.74550698567612
14250000 -4.72968504562038
14251000 -4.68997788243282
14252000 -4.73927970185921
14253000 -4.76173454795533
14254000 -4.66574633041799
14255000 -4.76086451727686
14256000 -4.75812170438484
14257000 -4.70188096252819
14258000 -4.72178218344289
14259000 -4.72602090281758
14260000 -4.70360389964184
14261000 -4.7230897699708
14262000 -4.73953477877996
14263000 -4.73328232321096
14264000 -4.72958889583531
14265000 -4.74190467588662
14266000 -4.71233664096958
14267000 -4.76867675568023
14268000 -4.73355468239164
14269000 -4.7057593374523
14270000 -4.72781579365429
14271000 -4.76280063796669
14272000 -4.70442249369312
14273000 -4.73715827994541
14274000 -4.75819842733328
14275000 -4.7115175273387
14276000 -4.72646004359773
14277000 -4.7494105518036
14278000 -4.70349713018335
14279000 -4.7284554034611
14280000 -4.76760013845794
14281000 -4.71082415943639
14282000 -4.73290317249481
14283000 -4.75722536971846
14284000 -4.71248752887068
14285000 -4.71134335162068
14286000 -4.74805653915594
14287000 -4.70659664990314
14288000 -4.74753084178419
14289000 -4.74102280743956
14290000 -4.71453532794239
14291000 -4.75829135481311
14292000 -4.74961338099863
14293000 -4.70150326363906
14294000 -4.75645263558958
14295000 -4.74577888500241
14296000 -4.73209234765917
14297000 -4.7318426604889
14298000 -4.76574203259161
14299000 -4.73574075621579
14300000 -4.70736543768862
14301000 -4.79688124884213
14302000 -4.7153648893749
14303000 -4.73546424295461
14304000 -4.76514363293347
14305000 -4.70089387609565
14306000 -4.72044637050333
14307000 -4.78255013085228
14308000 -4.69357673655886
14309000 -4.74621911704422
14310000 -4.78589688276615
14311000 -4.71255398395949
14312000 -4.72151649821024
14313000 -4.82370770463625
14314000 -4.72568490751333
14315000 -4.73263523701388
14316000 -4.78113456920458
14317000 -4.71784343135136
14318000 -4.74922067330168
14319000 -4.79815463594491
14320000 -4.70862521195349
14321000 -4.70168810646073
14322000 -4.78503511880995
14323000 -4.73250419255085
14324000 -4.73797870683887
14325000 -4.77680930288755
14326000 -4.71305415733291
14327000 -4.73671342770061
14328000 -4.78268418421267
14329000 -4.70530626470076
14330000 -4.73026755287553
14331000 -4.82155951749581
14332000 -4.71714052366813
14333000 -4.71659341220785
14334000 -4.79311815700944
14335000 -4.72141405954592
14336000 -4.74717236454931
14337000 -4.78453757838238
14338000 -4.6983505666786
14339000 -4.71915290825902
14340000 -4.79699178124482
14341000 -4.70275694117959
14342000 -4.72361159048676
14343000 -4.81861344565405
14344000 -4.7163626045435
14345000 -4.71758813247766
14346000 -4.80505798677853
14347000 -4.75003536705169
14348000 -4.73237297370967
14349000 -4.79511956147626
14350000 -4.74402267747151
14351000 -4.74166426166175
14352000 -4.78097422112075
14353000 -4.73886377329679
14354000 -4.73032688761215
14355000 -4.79795323373841
14356000 -4.7440736827055
14357000 -4.74257088577092
14358000 -4.79202753602538
14359000 -4.74276479780069
14360000 -4.73718106203445
14361000 -4.79078912953096
14362000 -4.74741670212183
14363000 -4.73024551835627
14364000 -4.78183539025685
14365000 -4.75515867378965
14366000 -4.74832378321793
14367000 -4.77849435718248
14368000 -4.7478505049176
14369000 -4.73824598887538
14370000 -4.7981318603922
14371000 -4.74028072627388
14372000 -4.72398143266214
14373000 -4.79352350855211
14374000 -4.76430987415224
14375000 -4.73544873906415
14376000 -4.76000734316043
14377000 -4.74921593211767
14378000 -4.76349537233515
14379000 -4.77987865298876
14380000 -4.72979438530203
14381000 -4.75082445667807
14382000 -4.76817552491532
14383000 -4.77167523345231
14384000 -4.76529227546553
14385000 -4.76666439360139
14386000 -4.7671229277471
14387000 -4.75682278255481
14388000 -4.7659428715842
14389000 -4.78024508528971
14390000 -4.76482686795665
14391000 -4.77471667038522
14392000 -4.76973479729404
14393000 -4.78057666586266
14394000 -4.77273354249337
14395000 -4.77972073549662
14396000 -4.77127908876357
14397000 -4.75566024537151
14398000 -4.77233701042039
14399000 -4.78857237059783
14400000 -4.74827282237395
14401000 -4.76499124616639
14402000 -4.78274440644428
14403000 -4.76831322123689
14404000 -4.76515940514624
14405000 -4.77567065807883
14406000 -4.74978378278221
14407000 -4.7969923542516
14408000 -4.77702955929268
14409000 -4.73390386579152
14410000 -4.76321664899614
14411000 -4.79159839565977
14412000 -4.75098564939687
14413000 -4.78267111478311
14414000 -4.79531611016969
14415000 -4.74630359701227
14416000 -4.76752040349515
14417000 -4.81496047999896
14418000 -4.76836551603199
14419000 -4.79223471026525
14420000 -4.78015317616059
14421000 -4.77856821456862
14422000 -4.76631536233707
14423000 -4.78282858182282
14424000 -4.7507089383909
14425000 -4.76675070531559
14426000 -4.8118431626332
14427000 -4.75575875548076
14428000 -4.78068239856878
14429000 -4.83780687378095
14430000 -4.75332492087134
14431000 -4.76985355319012
14432000 -4.79273155529086
14433000 -4.77264792776437
14434000 -4.78889699409318
14435000 -4.80345841961479
14436000 -4.73834782840273
14437000 -4.77594897243472
14438000 -4.8030365884336
14439000 -4.74800435523524
14440000 -4.79528114386861
14441000 -4.80573614378872
14442000 -4.74140060119228
14443000 -4.78296139337031
14444000 -4.81598667954105
14445000 -4.7592828664067
14446000 -4.80887379172149
14447000 -4.82102378092052
14448000 -4.74947019542264
14449000 -4.8055877945823
14450000 -4.8055428123008
14451000 -4.76398086247695
14452000 -4.81847191921153
14453000 -4.81235135099967
14454000 -4.77375047710238
14455000 -4.79280213086725
14456000 -4.81935909569513
14457000 -4.75355803536689
14458000 -4.80408047004764
14459000 -4.8133846751337
14460000 -4.76849325203121
14461000 -4.79601513127854
14462000 -4.80557912808876
14463000 -4.78363125027698
14464000 -4.83142411203221
14465000 -4.79190946529649
14466000 -4.76172838880049
14467000 -4.82230672804429
14468000 -4.8171867701525
14469000 -4.77394632067525
14470000 -4.82841880005096
14471000 -4.77753835633664
14472000 -4.78107496088999
14473000 -4.81973067504645
14474000 -4.7957469389485
14475000 -4.7989274622019
14476000 -4.84143164871449
14477000 -4.79008893329944
14478000 -4.77459473322988
14479000 -4.83414593155302
14480000 -4.79345988213847
14481000 -4.78504382916996
14482000 -4.81557716041156
14483000 -4.77887204813686
14484000 -4.80128627905818
14485000 -4.79908222476042
14486000 -4.80657984572874
14487000 -4.79092765329961
14488000 -4.80000847727234
14489000 -4.78737436369708
14490000 -4.7971671526184
14491000 -4.79619833418061
14492000 -4.80201048686506
14493000 -4.77220957806631
14494000 -4.83093238599704
14495000 -4.7920837254704
14496000 -4.80652663351252
14497000 -4.83575769826045
14498000 -4.78961504272669
14499000 -4.81902661206017
14500000 -4.80492224466825
14501000 -4.80292346883695
14502000 -4.79379367326612
14503000 -4.82576791054943
14504000 -4.78772929400043
14505000 -4.80099541553704
14506000 -4.8484469228216
14507000 -4.78796857598193
14508000 -4.8056176448874
14509000 -4.8372383486517
14510000 -4.78992884768846
14511000 -4.78293615514137
14512000 -4.8369900283038
14513000 -4.78623207255678
14514000 -4.78586610985575
14515000 -4.8542428478016
14516000 -4.80724546990501
14517000 -4.79995764464711
14518000 -4.82986447759412
14519000 -4.79924079574513
14520000 -4.78220194914132
14521000 -4.8302695742603
14522000 -4.80076996424038
14523000 -4.79778459696663
14524000 -4.8285252505119
14525000 -4.8127677470611
14526000 -4.80239219335009
14527000 -4.82463437477165
14528000 -4.81504694980106
14529000 -4.79455261679735
14530000 -4.845883562417
14531000 -4.80310887611948
14532000 -4.78725160969407
14533000 -4.83898774277162
14534000 -4.81968036800746
14535000 -4.8213634294454
14536000 -4.81672082448212
14537000 -4.83055430885176
14538000 -4.81710255679803
14539000 -4.82340882066073
14540000 -4.83456993230282
14541000 -4.82668330256284
14542000 -4.8298703057445
14543000 -4.81745676619685
14544000 -4.83421379329775
14545000 -4.85119218169423
14546000 -4.79882203121832
14547000 -4.8440353744648
14548000 -4.82138368272309
14549000 -4.81925015695419
14550000 -4.81460068602941
14551000 -4.8274253574517
14552000 -4.78819396737366
14553000 -4.83966562960565
14554000 -4.8329297642805
14555000 -4.81519561580149
14556000 -4.80418441809869
14557000 -4.81971837649245
14558000 -4.79821027207856
14559000 -4.79378405741091
14560000 -4.84015650721814
14561000 -4.78615951027644
14562000 -4.83931311437511
14563000 -4.81531553288901
14564000 -4.80056017052915
14565000 -4.81803429196211
14566000 -4.83179289549234
14567000 -4.76922954962844
14568000 -4.85588248154413
14569000 -4.84847703561447
14570000 -4.80643893818742
14571000 -4.8356941169408
14572000 -4.85013496873381
14573000 -4.8142197361502
14574000 -4.83461845651567
14575000 -4.8461173888775
14576000 -4.81269045127513
14577000 -4.84428887125537
14578000 -4.84062103823481
14579000 -4.8231398902079
14580000 -4.86641541837455
14581000 -4.83203709753034
14582000 -4.83892698211088
14583000 -4.8585929836747
14584000 -4.81291713967942
14585000 -4.81016706374812
14586000 -4.85752507198063
14587000 -4.84328022395011
14588000 -4.82779789156303
14589000 -4.84985736454628
14590000 -4.83719160117515
14591000 -4.80878089260258
14592000 -4.84965839652861
14593000 -4.84467523683101
14594000 -4.79924362653481
14595000 -4.85962617354017
14596000 -4.84113456558416
14597000 -4.81443564932955
14598000 -4.86088291725579
14599000 -4.84445213342618
14600000 -4.83023248206352
14601000 -4.84778025351386
14602000 -4.83065819293753
14603000 -4.81101498022891
14604000 -4.85633755013054
14605000 -4.87625666279926
14606000 -4.80469268266504
14607000 -4.8474542627829
14608000 -4.84849670044682
14609000 -4.81647229067933
14610000 -4.85134671629027
14611000 -4.84129241339962
14612000 -4.80590231569295
14613000 -4.85853909671434
14614000 -4.86715714227227
14615000 -4.80585122605151
14616000 -4.83733958242861
14617000 -4.86785091708145
14618000 -4.83148723761725
14619000 -4.83536767955118
14620000 -4.8455518413
14621000 -4.83805801469122
14622000 -4.87409874916733
14623000 -4.83771498024139
14624000 -4.81002528755908
14625000 -4.85596780993005
14626000 -4.87589572501636
14627000 -4.81138163731823
14628000 -4.84890024159717
14629000 -4.86520211283503
14630000 -4.85699655001451
14631000 -4.81461527199617
14632000 -4.84584366057428
14633000 -4.84466249092131
14634000 -4.85269106465931
14635000 -4.8364186691981
14636000 -4.84709266533054
14637000 -4.8745973226881
14638000 -4.86777673043244
14639000 -4.81794377784433
14640000 -4.85805682104589
14641000 -4.85608470183941
14642000 -4.83907863815251
14643000 -4.84957352397835
14644000 -4.85403037481819
14645000 -4.84573939394715
14646000 -4.83690179985333
14647000 -4.85902065935828
14648000 -4.84163553388953
14649000 -4.85500098827084
14650000 -4.84491157895282
14651000 -4.86080058592346
14652000 -4.85845645852344
14653000 -4.86281930288212
14654000 -4.82829924095666
14655000 -4.86401412582956
14656000 -4.86100904411883
14657000 -4.83343368766737
14658000 -4.87407398361097
14659000 -4.83851329331776
14660000 -4.85289013481512
14661000 -4.88676872531221
14662000 -4.85587419157488
14663000 -4.83503395129312
14664000 -4.85811002562118
14665000 -4.88159194290723
14666000 -4.86651304389637
14667000 -4.82808337188098
14668000 -4.86792432086766
14669000 -4.88825416011376
14670000 -4.87130329912186
14671000 -4.86439637476713
14672000 -4.86413901416846
14673000 -4.90136849454871
14674000 -4.87128006462341
14675000 -4.84003119153063
14676000 -4.86662552705415
14677000 -4.87280575673505
14678000 -4.84886296078194
14679000 -4.86961565323139
14680000 -4.85886805306855
14681000 -4.85591364682344
14682000 -4.84189103970054
14683000 -4.84299004526336
14684000 -4.85002921505288
14685000 -4.8763635721613
14686000 -4.87813809497511
14687000 -4.82847236050142
14688000 -4.84191773667826
14689000 -4.90010101673163
14690000 -4.85373197691071
14691000 -4.85093465606975
14692000 -4.85770648196913
14693000 -4.86518081012016
14694000 -4.86106243443399
14695000 -4.90158849419896
14696000 -4.87251933592172
14697000 -4.84067127283237
14698000 -4.86871132631519
14699000 -4.87977045063691
14700000 -4.86124088847997
14701000 -4.88843788006757
14702000 -4.848026955489
14703000 -4.84322401470526
14704000 -4.88415511826295
14705000 -4.86855078668334
14706000 -4.85178957874577
14707000 -4.89083363489492
14708000 -4.87454901720246
14709000 -4.87667789174374
14710000 -4.88343273150601
14711000 -4.84255935060867
14712000 -4.88540131099885
14713000 -4.90871111562407
14714000 -4.8802753502619
14715000 -4.84030892211763
14716000 -4.8992877329304
14717000 -4.86986967925336
14718000 -4.85614822661264
14719000 -4.88120860066833
14720000 -4.88227253210027
14721000 -4.86364575402957
14722000 -4.90114759798013
14723000 -4.87155850011982
14724000 -4.88210272510053
14725000 -4.87004665525028
14726000 -4.87687342438782
14727000 -4.84737724604384
14728000 -4.88687016341389
14729000 -4.90571410252057
14730000 -4.81708113353889
14731000 -4.87069655807038
14732000 -4.88576437550541
14733000 -4.87326106383873
14734000 -4.87622949555667
14735000 -4.88921833695747
14736000 -4.86511097273175
14737000 -4.89239795369228
14738000 -4.88955732768029
14739000 -4.83413265009292
14740000 -4.88409920585974
14741000 -4.90656269739978
14742000 -4.88220870751688
14743000 -4.90655225618708
14744000 -4.88721683747677
14745000 -4.86180405715583
14746000 -4.87419939200967
14747000 -4.90964450284414
14748000 -4.86938072404835
14749000 -4.88073909518746
14750000 -4.91843637233528
14751000 -4.86687385861253
14752000 -4.86709457518864
14753000 -4.93004988443849
14754000 -4.90264169282653
14755000 -4.87568815134201
14756000 -4.91831743815577
14757000 -4.87991646836866
14758000 -4.89000086486744
14759000 -4.88444174204151
14760000 -4.8885029299674
14761000 -4.89509230689877
14762000 -4.89246018880971
14763000 -4.86566268744306
14764000 -4.9267418684261
14765000 -4.8877885987241
14766000 -4.86637469746281
14767000 -4.91661192457254
14768000 -4.87072080365226
14769000 -4.87351611994633
14770000 -4.92218093577435
14771000 -4.87679361470388
14772000 -4.86990331952347
14773000 -4.9260512346161
14774000 -4.88202141632044
14775000 -4.86162137886897
14776000 -4.94878070336276
14777000 -4.90032273730923
14778000 -4.87205206291512
14779000 -4.93660013676174
14780000 -4.88526513812671
14781000 -4.8869210681369
14782000 -4.90708696235152
14783000 -4.89912769689002
14784000 -4.86468442609853
14785000 -4.916356953646
14786000 -4.89956413982729
14787000 -4.89640661926498
14788000 -4.89975676675311
14789000 -4.88671864179123
14790000 -4.91166172657847
14791000 -4.93967029068196
14792000 -4.88683877389721
14793000 -4.89224658728948
14794000 -4.9339320507138
14795000 -4.89428458135593
14796000 -4.88081686112056
14797000 -4.92066386672715
14798000 -4.90940151889873
14799000 -4.87239663094262
14800000 -4.90734096793021
14801000 -4.89264410264777
14802000 -4.89164442431285
14803000 -4.90243811042419
14804000 -4.90486658477297
14805000 -4.86027194560949
14806000 -4.92140952410886
14807000 -4.91669039637282
14808000 -4.87378929553305
14809000 -4.90120018587072
14810000 -4.94030173672209
14811000 -4.89122889795478
14812000 -4.92645996888479
14813000 -4.9444229901443
14814000 -4.88517521993873
14815000 -4.906126704806
14816000 -4.92170637637057
14817000 -4.90227037378618
14818000 -4.9331804209795
14819000 -4.90339968739799
14820000 -4.89560321595019
14821000 -4.91930454968978
14822000 -4.91776368956261
14823000 -4.87987463958974
14824000 -4.90728929448929
14825000 -4.93166079911275
14826000 -4.88786815100853
14827000 -4.92851126449991
14828000 -4.95343927358546
14829000 -4.89060007706588
14830000 -4.88025627438321
14831000 -4.95991286344257
14832000 -4.87296741011344
14833000 -4.89496385971198
14834000 -4.93243496806007
14835000 -4.88282644950154
14836000 -4.90258554942452
14837000 -4.96925949991068
14838000 -4.83945934275257
14839000 -4.91308002761947
14840000 -4.96061815148897
14841000 -4.89150695078575
14842000 -4.90491361668431
14843000 -4.96532191913671
14844000 -4.89544743434833
14845000 -4.88818492073988
14846000 -4.95312056945737
14847000 -4.88339315337137
14848000 -4.86688807383718
14849000 -4.96623955964404
14850000 -4.90429148382136
14851000 -4.85394822142249
14852000 -4.9802943444794
14853000 -4.91482548120455
14854000 -4.87118130094583
14855000 -4.93702490542224
14856000 -4.93458097379432
14857000 -4.90901579495005
14858000 -4.94366521757514
14859000 -4.93138463093675
14860000 -4.89880509196759
14861000 -4.97456750120745
14862000 -4.92806994486972
14863000 -4.87927280388923
14864000 -4.96214509527191
14865000 -4.94928217425824
14866000 -4.84121378884792
14867000 -4.953692699353
14868000 -4.95530145860899
14869000 -4.84420669614193
14870000 -4.95981575559796
14871000 -4.97206303743776
14872000 -4.83115985793977
14873000 -4.93175895590024
14874000 -4.96133159732297
14875000 -4.89218265503298
14876000 -4.91541795008251
14877000 -4.95263033188858
14878000 -4.87056543446699
14879000 -4.92261059057203
14880000 -4.96131743386854
14881000 -4.85549942705188
14882000 -4.91504296458028
14883000 -4.96541534654404
14884000 -4.88764009974063
14885000 -4.91393262260066
14886000 -4.96874328839589
14887000 -4.90169918892602
14888000 -4.92164540285323
14889000 -4.98903228311649
14890000 -4.9003838385363
14891000 -4.93005906905754
14892000 -4.96659702673114
14893000 -4.89813047598117
14894000 -4.9244914937208
14895000 -4.98043150196619
14896000 -4.88672620179053
14897000 -4.93443476392533
14898000 -4.99142018292403
14899000 -4.90075006916421
14900000 -4.93002454066056
14901000 -4.98682804818813
14902000 -4.91634603492751
14903000 -4.90875440018206
14904000 -4.96268535959597
14905000 -4.93557180994057
14906000 -4.93900033088703
14907000 -4.9336386733791
14908000 -4.90913680304604
14909000 -4.93861544369283
14910000 -4.96964093060379
14911000 -4.90046383234812
14912000 -4.90970640262868
14913000 -4.97246652844075
14914000 -4.94553756009652
14915000 -4.89569107057877
14916000 -4.95968223180379
14917000 -4.93056611948527
14918000 -4.94462380428014
14919000 -4.94463845663709
14920000 -4.92579464514151
14921000 -4.98284814381738
14922000 -4.95926264381995
14923000 -4.92988211029961
14924000 -4.93061177436767
14925000 -4.98012779106047
14926000 -4.95606792274207
14927000 -4.9394421293064
14928000 -4.95537553732802
14929000 -4.9452354836128
14930000 -4.94009111328419
14931000 -4.91981948671007
14932000 -4.94642533588694
14933000 -4.94833631355699
14934000 -4.93347266379441
14935000 -4.94711204601595
14936000 -4.92694098893276
14937000 -4.97056185546477
14938000 -4.94535728314894
14939000 -4.92804600439642
14940000 -4.91751958525281
14941000 -4.9573282387429
14942000 -4.96144644949329
14943000 -4.92732338105717
14944000 -4.91361346247641
14945000 -4.98619075689878
14946000 -4.96697564981779
14947000 -4.9289334099343
14948000 -4.94123744309913
14949000 -4.95346833090328
14950000 -4.96872356710714
14951000 -4.94176983971109
14952000 -4.94080306262838
14953000 -4.97199250181786
14954000 -4.99659817153953
14955000 -4.93855883714696
14956000 -4.92687865493267
14957000 -4.95878280303304
14958000 -4.95970313875447
14959000 -4.92641192378824
14960000 -4.94676144817196
14961000 -4.97983656144418
14962000 -4.96426905040033
14963000 -4.96382491637578
14964000 -4.94295163609601
14965000 -4.92836658316485
14966000 -4.9932110997
14967000 -4.94638499850608
14968000 -4.93380769154632
14969000 -4.95649900796978
14970000 -4.9765425021397
14971000 -4.93595133106795
14972000 -4.94562427061254
14973000 -4.95868425446459
14974000 -4.9602449855296
14975000 -4.96009762042062
14976000 -4.94183084960911
14977000 -4.93075967593378
14978000 -4.97968629606309
14979000 -4.9642995251313
14980000 -4.90460695133005
14981000 -4.99550070463115
14982000 -4.99232570402018
14983000 -4.94377164120626
14984000 -4.94370247547369
14985000 -4.98345068493518
14986000 -4.96353325158912
14987000 -4.96429125961214
14988000 -4.98904741935514
14989000 -4.96099592720764
14990000 -4.98497177098726
14991000 -4.98183766028847
14992000 -4.95784008644116
14993000 -4.97406193540926
14994000 -4.99235456641792
14995000 -4.9307693417701
14996000 -4.96253313022834
14997000 -4.98476725015766
14998000 -4.95526541546518
14999000 -4.94818034438972
15000000 -4.97633595739457
15001000 -4.95145357001494
15002000 -4.97924206485179
15003000 -5.00285042506663
15004000 -4.95538268025579
15005000 -4.93406154420444
15006000 -5.01994044935587
15007000 -4.94614518959025
15008000 -4.94715100116952
15009000 -4.97681051242504
15010000 -4.97531309294771
15011000 -4.97397197134385
15012000 -5.01078069559341
15013000 -4.9433684463597
15014000 -4.95661931217324
15015000 -4.99599292464614
15016000 -4.96851403389607
15017000 -4.96131361247395
15018000 -4.99591324742148
15019000 -4.99181505494035
15020000 -4.95717563549354
15021000 -4.98950969669248
15022000 -4.98128236386029
15023000 -4.9540378447985
15024000 -4.97548363181371
15025000 -5.00087200310335
15026000 -4.94706703488682
15027000 -4.98842511668728
15028000 -5.00033021846832
15029000 -4.93045791815446
15030000 -4.99471825347425
15031000 -5.00171000833194
15032000 -4.93108516848359
15033000 -4.99417229940032
15034000 -5.00094881242378
15035000 -4.94774317655546
15036000 -4.95737886861714
15037000 -4.99225634250683
15038000 -4.96562641063379
15039000 -4.98239935638757
15040000 -4.98303934872108
15041000 -4.96062013394282
15042000 -4.98573644713835
15043000 -4.98429911032803
15044000 -4.95672492137485
15045000 -5.03087602427749
15046000 -4.98445310046862
15047000 -4.96793353926027
15048000 -4.96673713455714
15049000 -5.02464095949582
15050000 -4.98129873269048
15051000 -4.97722564729885
15052000 -4.9831323543791
15053000 -4.96447436130185
15054000 -4.98598091194878
15055000 -5.01025764779914
15056000 -4.98117411899005
15057000 -4.98434524805544
15058000 -5.00386070608499
15059000 -4.95826327268521
15060000 -4.97493275849268
15061000 -4.98715298563103
15062000 -4.98156285693802
15063000 -5.01405291674097
15064000 -4.9781863540487
15065000 -4.97513410014145
15066000 -4.98669987212305
15067000 -4.98576442292315
15068000 -4.97661950077865
15069000 -4.99230743778362
15070000 -5.01686903281231
15071000 -4.98199962609376
15072000 -4.979716400109
15073000 -4.98490265318565
15074000 -4.96362973694645
15075000 -4.98187667528153
15076000 -5.00084351695332
15077000 -4.97858383861157
15078000 -5.00713628174732
15079000 -4.98597859597797
15080000 -4.97613629966167
15081000 -4.99814497088803
15082000 -4.99683452167925
15083000 -4.96751251566119
15084000 -4.99770878275191
15085000 -4.99165447907102
15086000 -4.96154879776641
15087000 -5.01407964812928
15088000 -5.0057259443164
15089000 -5.01167307873408
15090000 -4.99863401008262
15091000 -4.99163393912785
15092000 -4.99569148453473
15093000 -5.02133364089464
15094000 -4.9477313413075
15095000 -4.98560800714919
15096000 -4.99226562552574
15097000 -5.00670389285312
15098000 -4.98192481688219
15099000 -4.99661325683426
15100000 -5.00924241681701
15101000 -5.02450219322018
15102000 -5.02058716305091
15103000 -4.96114171568026
15104000 -5.01102602225777
15105000 -5.02189532182619
15106000 -4.9982920420678
15107000 -4.98819985883238
15108000 -4.98494708518387
15109000 -4.99710573123079
15110000 -5.00539837043474
15111000 -5.02870258164208
15112000 -4.95977607921158
15113000 -5.01190058680193
15114000 -5.02921230297519
15115000 -4.98873399533316
15116000 -4.97715253086101
15117000 -5.03914437689317
15118000 -5.00127992748415
15119000 -4.9541592130565
15120000 -5.02164221793543
15121000 -5.02974716036083
15122000 -4.97322633166026
15123000 -5.01511302765353
15124000 -5.01209581053117
15125000 -4.98655318361388
15126000 -5.0381251716006
15127000 -5.00485782891729
15128000 -4.95521906208082
15129000 -5.02523614173388
15130000 -5.03105033905289
15131000 -4.94961072540104
15132000 -5.0226339281863
15133000 -5.03653471986637
15134000 -5.00263043193784
15135000 -5.01459056170067
15136000 -5.01721854476681
15137000 -4.99904730875761
15138000 -5.03843370787319
15139000 -5.00958024269303
15140000 -4.97592710236
15141000 -5.02843744238105
15142000 -5.02500008742493
15143000 -4.99762553568346
15144000 -4.99800940082276
15145000 -5.05370258918435
15146000 -5.00784228719556
15147000 -4.99936623395361
15148000 -5.02633172454084
15149000 -5.00491248987985
15150000 -5.01079118492059
15151000 -5.0301462001281
15152000 -4.96650775825675
15153000 -5.0210737137982
15154000 -5.0438404625754
15155000 -5.01800916164425
15156000 -4.98898970536287
15157000 -5.04107673190694
15158000 -5.03160680517823
15159000 -5.00119198762728
15160000 -5.03131432262568
15161000 -5.02849812827517
15162000 -5.03682157920285
15163000 -5.03628603057929
15164000 -5.00445189963877
15165000 -4.99135527971943
15166000 -5.04174144858464
15167000 -5.04851671757449
15168000 -5.00452562228816
15169000 -5.01304655223012
15170000 -5.02654179646251
15171000 -5.0571571524008
15172000 -5.01597961363894
15173000 -5.00530714406154
15174000 -5.00873932291606
15175000 -5.05643302532603
15176000 -4.99558796368972
15177000 -5.01080620977489
15178000 -5.0101160286273
15179000 -5.02372748199701
15180000 -5.01250100479316
15181000 -4.99421884348711
15182000 -5.00743731831606
15183000 -5.05021021050448
15184000 -5.04581104407105
15185000 -5.01547856237119
15186000 -5.00055510480059
15187000 -5.06395946945881
15188000 -5.06136433144192
15189000 -5.03294541986717
15190000 -4.98854999311701
15191000 -5.03893964589044
15192000 -5.07804325520648
15193000 -5.03515681097341
15194000 -5.02142346380743
15195000 -5.02613643328014
15196000 -5.0527777079284
15197000 -5.00402637883327
15198000 -4.9809320420931
15199000 -5.03348156577573
15200000 -5.02747022804476
15201000 -5.03439120788567
15202000 -5.02319105025206
15203000 -5.00693494375928
15204000 -5.03513499922218
15205000 -5.06063449890204
15206000 -5.00156629188811
15207000 -5.0145537610634
15208000 -5.06782954228027
15209000 -5.05360137820651
15210000 -5.03137465480863
15211000 -5.0303849230949
15212000 -5.03614200641131
15213000 -5.07573018801079
15214000 -5.07026673988887
15215000 -4.98427008493546
15216000 -5.0597776217247
15217000 -5.08081132834963
15218000 -5.00653252417013
15219000 -5.03230346141943
15220000 -5.05622069934649
15221000 -5.03917404770351
15222000 -5.01818362522995
15223000 -5.02274083496018
15224000 -5.00541747607163
15225000 -5.03439579617442
15226000 -5.04718306556376
15227000 -5.01306248295398
15228000 -5.02415840143424
15229000 -5.07910882400519
15230000 -5.04375541131645
15231000 -4.98906790928467
15232000 -5.0287583282842
15233000 -5.06883374506745
15234000 -5.05045933192229
15235000 -5.03111395359755
15236000 -5.04220449476764
15237000 -5.07003664646334
15238000 -5.0662910472966
15239000 -5.04918481497532
15240000 -4.98333037015007
15241000 -5.08166211234036
15242000 -5.08060715762309
15243000 -5.01978753358335
15244000 -5.03473866855313
15245000 -5.03795639475605
15246000 -5.05231730749252
15247000 -5.05697410277416
15248000 -5.0177858189802
15249000 -5.02444473197521
15250000 -5.06520592848571
15251000 -5.05720274155126
15252000 -5.00468727526834
15253000 -5.03073032498794
15254000 -5.11033343145472
15255000 -5.01523825004088
15256000 -4.99766361802837
15257000 -5.05408584890822
15258000 -5.09578559539284
15259000 -5.04791974227889
15260000 -5.0107618379166
15261000 -5.05066185785462
15262000 -5.04740445956234
15263000 -5.11025623087276
15264000 -5.04893905584648
15265000 -4.99607542441415
15266000 -5.05987294047602
15267000 -5.07917514427984
15268000 -5.03500085578037
15269000 -5.04889111891345
15270000 -5.04710164139311
15271000 -5.08335634230744
15272000 -5.06633385075574
15273000 -5.03726545029651
15274000 -5.0188931311631
15275000 -5.08760216279091
15276000 -5.09819530525824
15277000 -5.01285434297262
15278000 -5.06889088819677
15279000 -5.08888696260226
15280000 -5.03436990929364
15281000 -5.06839641032307
15282000 -5.07063239242365
15283000 -5.04116304859958
15284000 -5.08477559086691
15285000 -5.06288483623851
15286000 -5.02515156133203
15287000 -5.06034597820989
15288000 -5.07747410343735
15289000 -5.05423881588686
15290000 -5.02808508771738
15291000 -5.06401206760118
15292000 -5.08103869902139
15293000 -5.0650450014308
15294000 -5.05229684970634
15295000 -5.04494484179189
15296000 -5.05516100332042
15297000 -5.08906928592819
15298000 -5.05389867483497
15299000 -5.01095377646118
15300000 -5.07030754835776
15301000 -5.0986596744719
15302000 -5.05354676842679
15303000 -5.06333690983791
15304000 -5.06876821365893
15305000 -5.05753073155737
15306000 -5.08102237883263
15307000 -5.06332564505256
15308000 -5.04912458012496
15309000 -5.06409137269743
15310000 -5.09977854821515
15311000 -5.04534177915647
15312000 -5.05559224462552
15313000 -5.11309898469279
15314000 -5.06909220824665
15315000 -5.03336566006464
15316000 -5.09908931746677
15317000 -5.09134026759084
15318000 -5.05036685932211
15319000 -5.08624561067158
15320000 -5.08955952542377
15321000 -5.02940739859685
15322000 -5.11226072943428
15323000 -5.10245729846359
15324000 -5.01591780018346
15325000 -5.07700898311461
15326000 -5.11059336056472
15327000 -5.06222338573396
15328000 -5.0546675785897
15329000 -5.09368652629397
15330000 -5.07432825165799
15331000 -5.05431910492907
15332000 -5.09971146058547
15333000 -5.06289006098208
15334000 -5.06330361213945
15335000 -5.06702435244295
15336000 -5.03946683119925
15337000 -5.07004180171876
15338000 -5.11071650845936
15339000 -5.07047703866171
15340000 -5.04861760673968
15341000 -5.08839863915771
15342000 -5.10563121644381
15343000 -5.07478884469431
15344000 -5.07588832474587
15345000 -5.06000250988689
15346000 -5.06193976177864
15347000 -5.12164554041315
15348000 -5.12496411396054
15349000 -5.05960841472121
15350000 -5.0822771353156
15351000 -5.07601668331992
15352000 -5.08898167095019
15353000 -5.10793538613874
15354000 -5.10392072464971
15355000 -5.04481345238852
15356000 -5.05145267980127
15357000 -5.11817324391048
15358000 -5.07281708274717
15359000 -5.07428992130203
15360000 -5.08891958901425
15361000 -5.07715412335701
15362000 -5.04026391285939
15363000 -5.11804171051304
15364000 -5.10451822103274
15365000 -5.03858361144428
15366000 -5.07844908113999
15367000 -5.11885151141927
15368000 -5.04222872373026
15369000 -5.0851956824602
15370000 -5.12632614910276
15371000 -5.04952849021724
15372000 -5.04359848508181
15373000 -5.12496425386848
15374000 -5.07430613939018
15375000 -5.04948896892126
15376000 -5.13540054058908
15377000 -5.09829341893129
15378000 -5.05618936242954
15379000 -5.11570446639692
15380000 -5.12181048029235
15381000 -5.07208123862203
15382000 -5.11254261500452
15383000 -5.12311354985379
15384000 -5.07112213917634
15385000 -5.12289782090186
15386000 -5.13168923334586
15387000 -5.03284302324868
15388000 -5.10095749933923
15389000 -5.14441987567275
15390000 -5.05193189312303
15391000 -5.07129860631189
15392000 -5.16851135856038
15393000 -5.05400155816818
15394000 -5.04743663323982
15395000 -5.13932428407524
15396000 -5.0868761058982
15397000 -5.05041607246536
15398000 -5.11944126640827
15399000 -5.09615428621482
15400000 -5.06269588181621
15401000 -5.1200018116433
15402000 -5.09118396028771
15403000 -5.07131663327833
15404000 -5.15024752752728
15405000 -5.09225386642109
15406000 -5.02848035162827
15407000 -5.12558071140695
15408000 -5.16210742461049
15409000 -5.0735535841569
15410000 -5.07800974134826
15411000 -5.14163831687295
15412000 -5.1104645044911
15413000 -5.09047469667555
15414000 -5.10850983690334
15415000 -5.0766587013773
15416000 -5.13723867673466
15417000 -5.1353816722511
15418000 -5.05878360296522
15419000 -5.08902437316453
15420000 -5.13811461307714
15421000 -5.08289400147113
15422000 -5.065780711415
15423000 -5.13706000543078
15424000 -5.11265698296689
15425000 -5.08215572568466
15426000 -5.10742016203567
15427000 -5.11927845790038
15428000 -5.08039262158406
15429000 -5.11139916252343
15430000 -5.09249501105372
15431000 -5.10168199284019
15432000 -5.11171215118719
15433000 -5.13357925266775
15434000 -5.07471910145672
15435000 -5.07979699545047
15436000 -5.13767610589768
15437000 -5.1182837145348
15438000 -5.09491243619953
15439000 -5.12264932633007
15440000 -5.10542839927841
15441000 -5.10226658747723
15442000 -5.1043028319025
15443000 -5.13515963872406
15444000 -5.08768909593355
15445000 -5.10256798760485
15446000 -5.1468481075233
15447000 -5.10493752822042
15448000 -5.12054643993515
15449000 -5.15445075190391
15450000 -5.09420822516779
15451000 -5.07446505898349
15452000 -5.15433593268071
15453000 -5.12288459513343
15454000 -5.09131662184103
15455000 -5.14641876736843
15456000 -5.12922728135922
15457000 -5.0560731281119
15458000 -5.13485432770002
15459000 -5.12025315467797
15460000 -5.11032913173795
15461000 -5.11617642608683
15462000 -5.10674420851602
15463000 -5.08608816058909
15464000 -5.15233081739813
15465000 -5.14551748149578
15466000 -5.08140296371226
15467000 -5.13073463455943
15468000 -5.15838558213857
15469000 -5.09004238634514
15470000 -5.08021630766973
15471000 -5.1746066087395
15472000 -5.11732100881516
15473000 -5.0845702146705
15474000 -5.10306151693097
15475000 -5.10446057540185
15476000 -5.11713262162957
15477000 -5.14700469383803
15478000 -5.0765767640708
15479000 -5.08874180780757
15480000 -5.15836773329673
15481000 -5.11366934970963
15482000 -5.08715543984626
15483000 -5.14437756303428
15484000 -5.12122114600563
15485000 -5.1206876099347
15486000 -5.13237241440769
15487000 -5.13545564449464
15488000 -5.09588745565298
15489000 -5.12162282403326
15490000 -5.15785944661409
15491000 -5.08385427450907
15492000 -5.13167231891014
15493000 -5.15832388324947
15494000 -5.09375291293842
15495000 -5.09324840520475
15496000 -5.16479050648724
15497000 -5.11534575372539
15498000 -5.09963269870143
15499000 -5.14224787462427
15500000 -5.13642318424697
15501000 -5.12404832953478
15502000 -5.17698094248994
15503000 -5.13541393446642
15504000 -5.11084926776462
15505000 -5.15749451594917
15506000 -5.14914487277672
15507000 -5.09184946241685
15508000 -5.14922020034197
15509000 -5.17517274655551
15510000 -5.0958950029038
15511000 -5.13355558066271
15512000 -5.1684119568024
15513000 -5.1055932220078
15514000 -5.13664044760337
15515000 -5.1802909361843
15516000 -5.10363796075115
15517000 -5.13549478108337
15518000 -5.16641841631308
15519000 -5.10011209693922
15520000 -5.09316394995183
15521000 -5.16949624690032
15522000 -5.1311869022817
15523000 -5.09141108489908
15524000 -5.15951503406955
15525000 -5.14639305638147
15526000 -5.07766239911148
15527000 -5.13143664940174
15528000 -5.15564661950323
15529000 -5.11787470021203
15530000 -5.12052166463484
15531000 -5.15000446747602
15532000 -5.07892644422473
15533000 -5.1344937255052
15534000 -5.16769050259044
15535000 -5.10354647906806
15536000 -5.13279494034588
15537000 -5.1707723043702
15538000 -5.10249378802868
15539000 -5.10748292851545
15540000 -5.18702836021691
15541000 -5.12731362287511
15542000 -5.09059916420815
15543000 -5.17184093212663
15544000 -5.14363151058729
15545000 -5.10183763590868
15546000 -5.17122579797513
15547000 -5.14814454115326
15548000 -5.11963623909833
15549000 -5.16468494212207
15550000 -5.17140270663738
15551000 -5.0737186011263
15552000 -5.15900929490273
15553000 -5.18215860034216
15554000 -5.12066629022574
15555000 -5.13053588416281
15556000 -5.20072795693819
15557000 -5.09928566857313
15558000 -5.13215267951841
15559000 -5.21225449526636
15560000 -5.11402528864121
15561000 -5.08955019821076
15562000 -5.19451175306154
15563000 -5.14595627924268
15564000 -5.15143255846141
15565000 -5.18164206446453
15566000 -5.14599243517037
15567000 -5.12834137175413
15568000 -5.19486396069589
15569000 -5.17679867974094
15570000 -5.12066974946541
15571000 -5.16338157939725
15572000 -5.19409807123192
15573000 -5.12882250220528
15574000 -5.15128150281226
15575000 -5.2112258999676
15576000 -5.13394394208842
15577000 -5.13009327963795
15578000 -5.19596081129391
15579000 -5.13500234910105
15580000 -5.15173302140216
15581000 -5.20083404011036
15582000 -5.09582390222344
15583000 -5.12885023692718
15584000 -5.22075484368961
15585000 -5.14003253021285
15586000 -5.09768184719705
15587000 -5.18819792500433
15588000 -5.19010199907985
15589000 -5.08169860207414
15590000 -5.17561972498072
15591000 -5.18977949148409
15592000 -5.13044426279466
15593000 -5.16145986871287
15594000 -5.21088274519203
15595000 -5.14081137213708
15596000 -5.17311692500157
15597000 -5.21808431442551
15598000 -5.11123523205559
15599000 -5.17016723320128
15600000 -5.22948581870532
15601000 -5.12438657907431
15602000 -5.11630099939432
15603000 -5.23382350654998
15604000 -5.13793237212869
15605000 -5.12320799126919
15606000 -5.20797874868024
15607000 -5.18438214448486
15608000 -5.11126522417212
15609000 -5.18668094571174
15610000 -5.18573404930961
15611000 -5.11028402768981
15612000 -5.16439581211951
15613000 -5.22024952677387
15614000 -5.11297307710314
15615000 -5.15826816875004
15616000 -5.22254355337946
15617000 -5.15789507396301
15618000 -5.13389992969925
15619000 -5.21039743881724
15620000 -5.15589372360783
15621000 -5.12111062199021
15622000 -5.22016243568234
15623000 -5.15922168722036
15624000 -5.11075772120076
15625000 -5.19648433550845
15626000 -5.18205847977779
15627000 -5.12722795374957
15628000 -5.17458242117765
15629000 -5.17797218870758
15630000 -5.14187151533156
15631000 -5.167474921338
15632000 -5.19094588688581
15633000 -5.1187144253602
15634000 -5.1506422380878
15635000 -5.21492577091193
15636000 -5.17600841780054
15637000 -5.13007160761499
15638000 -5.21559711607576
15639000 -5.1578990466872
15640000 -5.14515184795321
15641000 -5.20940517318984
15642000 -5.19120734115408
15643000 -5.16911792461963
15644000 -5.1871729097801
15645000 -5.16894208603269
15646000 -5.16496694676969
15647000 -5.22686431770081
15648000 -5.1611959562375
15649000 -5.16684302579789
15650000 -5.18852599739933
15651000 -5.17668806126639
15652000 -5.16053417849687
15653000 -5.21965248306599
15654000 -5.18122157077346
15655000 -5.15190926058199
15656000 -5.1751014803987
15657000 -5.19726885423622
15658000 -5.12167796924286
15659000 -5.19022084527974
15660000 -5.22082575480627
15661000 -5.11917706076766
15662000 -5.16382193168674
15663000 -5.24135360629898
15664000 -5.17891320562239
15665000 -5.17086443062512
15666000 -5.21545560096919
15667000 -5.17832061212227
15668000 -5.1497328376077
15669000 -5.19458929209457
15670000 -5.20206959110788
15671000 -5.15823268800369
15672000 -5.19427582133554
15673000 -5.22861835318947
15674000 -5.14732143821407
15675000 -5.17283602692982
15676000 -5.22892143694748
15677000 -5.18666195427495
15678000 -5.14721099101381
15679000 -5.19754744879312
15680000 -5.20451069094867
15681000 -5.1534723439691
15682000 -5.18008275774565
15683000 -5.20114243729399
15684000 -5.1695977332583
15685000 -5.19428101392289
15686000 -5.20771451768677
15687000 -5.17362207562576
15688000 -5.19932124104468
15689000 -5.22876914509826
15690000 -5.17335967406646
15691000 -5.17637890127746
15692000 -5.17968846433544
15693000 -5.19517090722331
15694000 -5.18667639909079
15695000 -5.19062751883684
15696000 -5.20286112868845
15697000 -5.19504161463188
15698000 -5.20699736459212
15699000 -5.20099347194129
15700000 -5.18362598391887
15701000 -5.19999793528859
15702000 -5.2377509387177
15703000 -5.16682246281818
15704000 -5.14780391768557
15705000 -5.23829683805688
15706000 -5.20385177872213
15707000 -5.14284822743674
15708000 -5.22462281546481
15709000 -5.23924975025185
15710000 -5.15270458138428
15711000 -5.17698706936753
15712000 -5.20945082433036
15713000 -5.17877310160255
15714000 -5.21655341905366
15715000 -5.22040520082075
15716000 -5.17175943144719
15717000 -5.188390805049
15718000 -5.22803890153924
15719000 -5.17967264524082
15720000 -5.19426388152981
15721000 -5.24991738843349
15722000 -5.18552824912484
15723000 -5.18584366519439
15724000 -5.25085145233083
15725000 -5.20905062194605
15726000 -5.18657863710016
15727000 -5.2241805581494
15728000 -5.22043020711681
15729000 -5.20073799380386
15730000 -5.22800945241152
15731000 -5.20423547512346
15732000 -5.17190922297511
15733000 -5.25077992095884
15734000 -5.20611798955022
15735000 -5.16908945081618
15736000 -5.22766389966749
15737000 -5.23401155162385
15738000 -5.15722602350262
15739000 -5.1758597693292
15740000 -5.25918552767176
15741000 -5.19505388502015
15742000 -5.1627882885937
15743000 -5.22790209624268
15744000 -5.21626765011896
15745000 -5.1805047855466
15746000 -5.21181641029463
15747000 -5.17878357325059
15748000 -5.19055911679835
15749000 -5.23777003141159
15750000 -5.2279310349938
15751000 -5.16340457360702
15752000 -5.199502556612
15753000 -5.24920573798669
15754000 -5.19469754880249
15755000 -5.18230606778118
15756000 -5.24700521590885
15757000 -5.22986981038227
15758000 -5.19975870819674
15759000 -5.23675218004736
15760000 -5.20958037748743
15761000 -5.20602695242082
15762000 -5.25363826129439
15763000 -5.20614978813005
15764000 -5.16199601097296
15765000 -5.24255883813633
15766000 -5.25073360468675
15767000 -5.14837550568012
15768000 -5.22388570411543
15769000 -5.25060982788722
15770000 -5.17586925021831
15771000 -5.19809327230444
15772000 -5.23716874638969
15773000 -5.20838654438425
15774000 -5.19481849322494
15775000 -5.24906329944892
15776000 -5.23467608663137
15777000 -5.2003582952108
15778000 -5.24080512310504
15779000 -5.2536545443093
15780000 -5.18559432325273
15781000 -5.23263550205136
15782000 -5.24182577712113
15783000 -5.20863288388726
15784000 -5.20038734758256
15785000 -5.24753818666132
15786000 -5.23719477363594
15787000 -5.20973355554703
15788000 -5.24163472582685
15789000 -5.22389441290291
15790000 -5.20288256585148
15791000 -5.24366118977757
15792000 -5.22629855726145
15793000 -5.21768590922935
15794000 -5.26007750536747
15795000 -5.21613016604564
15796000 -5.19650863642696
15797000 -5.23994191095395
15798000 -5.23437542573334
15799000 -5.20072732908881
15800000 -5.20387749718263
15801000 -5.23317012640739
15802000 -5.24209743156182
15803000 -5.23519338540382
15804000 -5.20068926641499
15805000 -5.20953849051112
15806000 -5.26196558644966
15807000 -5.26508484930427
15808000 -5.22388008296069
15809000 -5.2237837908197
15810000 -5.25593605133163
15811000 -5.21374715069116
15812000 -5.22499167762096
15813000 -5.27296322138124
15814000 -5.24109043747731
15815000 -5.22664263306832
15816000 -5.25103929407422
15817000 -5.21819898675488
15818000 -5.22546272428077
15819000 -5.24889648636191
15820000 -5.23586898605095
15821000 -5.21936219961775
15822000 -5.2470492411565
15823000 -5.25716868004249
15824000 -5.21371875346768
15825000 -5.23451943772767
15826000 -5.24178479508681
15827000 -5.24579899185941
15828000 -5.24189627700355
15829000 -5.2340985167863
15830000 -5.23712881627233
15831000 -5.23416652525048
15832000 -5.23634039032945
15833000 -5.24395362430389
15834000 -5.20312101844985
15835000 -5.23223826521281
15836000 -5.28077019650199
15837000 -5.23258968218586
15838000 -5.19161040994542
15839000 -5.2533833319974
15840000 -5.25089706491874
15841000 -5.20149643480247
15842000 -5.24881443841324
15843000 -5.26507799616753
15844000 -5.22361250534419
15845000 -5.2390843007205
15846000 -5.24533710742262
15847000 -5.22279908389704
15848000 -5.23693158427167
15849000 -5.26571649936032
15850000 -5.21472646763849
15851000 -5.2333826700463
15852000 -5.28329983622249
15853000 -5.2449623560368
15854000 -5.22402863404152
15855000 -5.27015347824833
15856000 -5.25367219031145
15857000 -5.24502585671
15858000 -5.2482715416334
15859000 -5.23054757788054
15860000 -5.23647051182779
15861000 -5.27482946336211
15862000 -5.25430997857653
15863000 -5.23160097422791
15864000 -5.24376390287102
15865000 -5.25625575346538
15866000 -5.24377640979318
15867000 -5.21423888315694
15868000 -5.24752251082271
15869000 -5.23732574783377
15870000 -5.23001706347768
15871000 -5.23731086389436
15872000 -5.24801397321473
15873000 -5.24883168357032
15874000 -5.24093587590759
15875000 -5.23137837416805
15876000 -5.23858266754456
15877000 -5.27036659395697
15878000 -5.24635438223674
15879000 -5.21362841831527
15880000 -5.26621460174561
15881000 -5.27322567908612
15882000 -5.24044872459893
15883000 -5.25372314126803
15884000 -5.25943248928713
15885000 -5.26411568966818
15886000 -5.26634906757559
15887000 -5.25519007805388
15888000 -5.23788663482377
15889000 -5.27189208081831
15890000 -5.2453229503161
15891000 -5.21754141034689
15892000 -5.22836000047539
15893000 -5.26834260111306
15894000 -5.25094816858288
15895000 -5.24073325969141
15896000 -5.26398081183482
15897000 -5.23852596792541
15898000 -5.23835958579218
15899000 -5.2913373086802
15900000 -5.26269420961099
15901000 -5.23440631225103
15902000 -5.27013739936601
15903000 -5.26492451644755
15904000 -5.24133961936344
15905000 -5.2854358243893
15906000 -5.26481160537695
15907000 -5.23594193675385
15908000 -5.26134059222322
15909000 -5.29082192734384
15910000 -5.25378261872224
15911000 -5.27160951375403
15912000 -5.29559384592395
15913000 -5.25697011582949
15914000 -5.23089680782837
15915000 -5.27290375520211
15916000 -5.26070325172098
15917000 -5.24966762411817
15918000 -5.26647500489898
15919000 -5.26338116226409
15920000 -5.25927124056061
15921000 -5.23506827861029
15922000 -5.26722653471238
15923000 -5.27375906710163
15924000 -5.26286248855333
15925000 -5.25842137869725
15926000 -5.28444135107126
15927000 -5.26053721640646
15928000 -5.2440430489053
15929000 -5.27119835325874
15930000 -5.27886005933508
15931000 -5.24963704014298
15932000 -5.26903446810455
15933000 -5.3007707321727
15934000 -5.25083330603005
15935000 -5.2490174954297
15936000 -5.29146918885931
15937000 -5.25764661865404
15938000 -5.25626062596199
15939000 -5.25515653076213
15940000 -5.27620384744217
15941000 -5.24415379932915
15942000 -5.26243649280139
15943000 -5.27591278230422
15944000 -5.27171345994104
15945000 -5.29353724563721
15946000 -5.28546944448277
15947000 -5.23133660275226
15948000 -5.26104974042526
15949000 -5.30950608297008
15950000 -5.27126042788243
15951000 -5.25393879222039
15952000 -5.3031680603
15953000 -5.2748052380757
15954000 -5.2583531669606
15955000 -5.29073855195801
15956000 -5.27669962930424
15957000 -5.2691040191128
15958000 -5.31037975501712
15959000 -5.27959630267689
15960000 -5.23273838355155
15961000 -5.28137721044639
15962000 -5.31077825289072
15963000 -5.26444905419424
15964000 -5.26034587891613
15965000 -5.28672834844688
15966000 -5.25302737896556
15967000 -5.2750487640939
15968000 -5.30869317282143
15969000 -5.27722547222028
15970000 -5.25803894950082
15971000 -5.28301918345288
15972000 -5.28870276343565
15973000 -5.28855744685434
15974000 -5.30076625705151
15975000 -5.28199467075568
15976000 -5.24280837767099
15977000 -5.28165556903594
15978000 -5.28524452824959
15979000 -5.27047100264942
15980000 -5.28209471996318
15981000 -5.29572258541511
15982000 -5.28454652072783
15983000 -5.27191627398994
15984000 -5.28974761772631
15985000 -5.28686352534829
15986000 -5.29091499101873
15987000 -5.25641170015968
15988000 -5.30008671137647
15989000 -5.29349237543177
15990000 -5.2652251517309
15991000 -5.27256433846411
15992000 -5.28731142503205
15993000 -5.2879691256542
15994000 -5.28877775464573
15995000 -5.26928209732728
15996000 -5.27469054041887
15997000 -5.29406248278225
15998000 -5.29304325764665
15999000 -5.2591477991087
16000000 -5.28258941062678
16001000 -5.3011263629545
16002000 -5.28634573030501
16003000 -5.26884061959481
16004000 -5.31664436848208
16005000 -5.31054480604644
16006000 -5.25961951729424
16007000 -5.2760046201723
16008000 -5.33474837366153
16009000 -5.29283421465287
16010000 -5.28567319672394
16011000 -5.31158120732544
16012000 -5.24633570456993
16013000 -5.30315526802715
16014000 -5.32215384965623
16015000 -5.28593801033628
16016000 -5.28432880177986
16017000 -5.31616863066572
16018000 -5.3172989572678
16019000 -5.2692655188033
16020000 -5.31091885540969
16021000 -5.30396684892436
16022000 -5.27558273501674
16023000 -5.26374927932495
16024000 -5.32407669484303
16025000 -5.30650939215028
16026000 -5.25993636670797
16027000 -5.29724870460408
16028000 -5.31676180024252
16029000 -5.31073330783997
16030000 -5.28747588356687
16031000 -5.294657580477
16032000 -5.28108748102796
16033000 -5.30902512678755
16034000 -5.30749791312968
16035000 -5.28936392785027
16036000 -5.30449343500859
16037000 -5.28836665887636
16038000 -5.29769036964723
16039000 -5.28856534571284
16040000 -5.3159159380251
16041000 -5.31274068998542
16042000 -5.29644441978988
16043000 -5.26997008944686
16044000 -5.3208310193646
16045000 -5.31043042666556
16046000 -5.29595543286664
16047000 -5.29570722472329
16048000 -5.28862863795822
16049000 -5.28285672396696
16050000 -5.30753482840604
16051000 -5.33102016219671
16052000 -5.30309148161313
16053000 -5.32107320538969
16054000 -5.28561164461505
16055000 -5.28788442605914
16056000 -5.32616156377986
16057000 -5.34415486942457
16058000 -5.29442556245594
16059000 -5.27988535356631
16060000 -5.33961438829111
16061000 -5.31969771278684
16062000 -5.27154920316687
16063000 -5.33245760511478
16064000 -5.31094560306826
16065000 -5.28819567259581
16066000 -5.28140880896113
16067000 -5.34560973989723
16068000 -5.28839826086163
16069000 -5.29363953418562
16070000 -5.35125268910812
16071000 -5.31571717272129
16072000 -5.31087606676861
16073000 -5.33296667419473
16074000 -5.33302834914081
16075000 -5.28518643590753
16076000 -5.31321697109882
16077000 -5.35613445410139
16078000 -5.30148826821245
16079000 -5.28748962318553
16080000 -5.36121640039477
16081000 -5.30073747053504
16082000 -5.26035051689236
16083000 -5.34367113256128
16084000 -5.33783225263951
16085000 -5.26212985964403
16086000 -5.28742296313633
16087000 -5.34931004376454
16088000 -5.30748613809452
16089000 -5.29910436856453
16090000 -5.32870059305735
16091000 -5.30910979195976
16092000 -5.3172668204184
16093000 -5.33236194884923
16094000 -5.33740883325496
16095000 -5.28722213886353
16096000 -5.30344813038709
16097000 -5.33585090243415
16098000 -5.35431238238612
16099000 -5.30875420035277
16100000 -5.32082607743009
16101000 -5.37493508010738
16102000 -5.30969239530615
16103000 -5.30997121122534
16104000 -5.3621175101478
16105000 -5.3381099093096
16106000 -5.28772922644214
16107000 -5.35917135379649
16108000 -5.33137667228934
16109000 -5.27228644414613
16110000 -5.30989413899247
16111000 -5.35931275212792
16112000 -5.32468276661347
16113000 -5.32296196756247
16114000 -5.34810317245166
16115000 -5.32875814660452
16116000 -5.31142101900903
16117000 -5.35657787664629
16118000 -5.33685010231958
16119000 -5.32074598505817
16120000 -5.31604791584477
16121000 -5.35583514520012
16122000 -5.32308186414485
16123000 -5.32200324402233
16124000 -5.31494627455083
16125000 -5.33867586175659
16126000 -5.30786578888719
16127000 -5.31562452254922
16128000 -5.31102021177105
16129000 -5.3343459841275
16130000 -5.31277314090071
16131000 -5.34969313055001
16132000 -5.33916242038604
16133000 -5.33245506914146
16134000 -5.33875197578078
16135000 -5.36479437142881
16136000 -5.31913626891736
16137000 -5.27909273078243
16138000 -5.34200047502736
16139000 -5.36221213116456
16140000 -5.33813651358117
16141000 -5.29528013290889
16142000 -5.38149124512068
16143000 -5.31625809060275
16144000 -5.29744483962112
16145000 -5.34073244685532
16146000 -5.35758515730572
16147000 -5.28903832675295
16148000 -5.35249028708963
16149000 -5.36130242023872
16150000 -5.35189381353274
16151000 -5.30385269698954
16152000 -5.36595378650658
16153000 -5.3601791581798
16154000 -5.30284533263207
16155000 -5.34137583016447
16156000 -5.36132448076601
16157000 -5.30412048225694
16158000 -5.34649337340677
16159000 -5.35907936280719
16160000 -5.32807073759343
16161000 -5.29870440650006
16162000 -5.36514074427674
16163000 -5.35931412054181
16164000 -5.31839437982003
16165000 -5.31635214673624
16166000 -5.35587011027699
16167000 -5.35649303795851
16168000 -5.33002277940977
16169000 -5.36254698998725
16170000 -5.3706958262505
16171000 -5.32096469183525
16172000 -5.34172974271836
16173000 -5.35766742979986
16174000 -5.3275997930209
16175000 -5.31611244169619
16176000 -5.39073421019236
16177000 -5.35958979505384
16178000 -5.30169438126157
16179000 -5.35481278169881
16180000 -5.37909771529339
16181000 -5.29406392478842
16182000 -5.31741068252866
16183000 -5.4012293600876
16184000 -5.34378494484342
16185000 -5.27815983857957
16186000 -5.37983488834389
16187000 -5.37355871250403
16188000 -5.29975716795966
16189000 -5.3650932659749
16190000 -5.40784066471165
16191000 -5.33335031945703
16192000 -5.3268525145891
16193000 -5.41169082184684
16194000 -5.36514373009799
16195000 -5.29906066515329
16196000 -5.38197826668079
16197000 -5.40857893850862
16198000 -5.32680375425058
16199000 -5.3439313806528
16200000 -5.38272085106232
16201000 -5.31310974687716
16202000 -5.33449939899746
16203000 -5.40902054307112
16204000 -5.36886720853486
16205000 -5.31689980217005
16206000 -5.36285208598412
16207000 -5.38673254718258
16208000 -5.29562315702235
16209000 -5.31455071596032
16210000 -5.43378503508415
16211000 -5.35457218905979
16212000 -5.30467193042319
16213000 -5.38325148766346
16214000 -5.37599461908402
16215000 -5.28426927117697
16216000 -5.3561991146282
16217000 -5.43060831557763
16218000 -5.30987745571723
16219000 -5.30729450656631
16220000 -5.4306022768349
16221000 -5.36871127505983
16222000 -5.30759479104708
16223000 -5.36693945324374
16224000 -5.39632476673576
16225000 -5.32951630588554
16226000 -5.37722722057168
16227000 -5.4063687827731
16228000 -5.31859537409933
16229000 -5.33271847153867
16230000 -5.42769154819684
16231000 -5.39640335802373
16232000 -5.31392955530289
16233000 -5.39401227590441
16234000 -5.40206632399
16235000 -5.33245366845467
16236000 -5.35177828410051
16237000 -5.38427252160645
16238000 -5.35802467460455
16239000 -5.33727019623684
16240000 -5.41075491482432
16241000 -5.37870148346362
16242000 -5.32598644784661
16243000 -5.3812788855504
16244000 -5.41786710310127
16245000 -5.32994880804976
16246000 -5.33571278662235
16247000 -5.40532276337893
16248000 -5.38050115816651
16249000 -5.33693463824561
16250000 -5.38535418758464
16251000 -5.36562287918242
16252000 -5.33649328539103
16253000 -5.38824409279517
16254000 -5.40357192934956
16255000 -5.3698971101478
16256000 -5.36797142351593
16257000 -5.36172511122851
16258000 -5.34583105555931
16259000 -5.35385883741029
16260000 -5.40295603843794
16261000 -5.36885936529198
16262000 -5.3354927979072
16263000 -5.35476573179748
16264000 -5.40754857047575
16265000 -5.34984326437831
16266000 -5.34074851395533
16267000 -5.40552004544834
16268000 -5.40227215440755
16269000 -5.35532015359032
16270000 -5.38789474961582
16271000 -5.43042243910379
16272000 -5.34001174179076
16273000 -5.36534712965495
16274000 -5.40917282713419
16275000 -5.39662296810031
16276000 -5.34879272821388
16277000 -5.40909877105851
16278000 -5.39382383188916
16279000 -5.33332837987064
16280000 -5.37811357965699
16281000 -5.39716306171446
16282000 -5.35349246789097
16283000 -5.36559420487018
16284000 -5.40621073905089
16285000 -5.39541922323077
16286000 -5.35638600858418
16287000 -5.37479000214458
16288000 -5.41056464233418
16289000 -5.36250637599466
16290000 -5.36829876773106
16291000 -5.44702894952835
16292000 -5.37231231226831
16293000 -5.33025748979201
16294000 -5.41416239387897
16295000 -5.40195546564714
16296000 -5.3517256306014
16297000 -5.39757248405832
16298000 -5.42800395137067
16299000 -5.3666396360614
16300000 -5.33262319122147
16301000 -5.41646531986137
16302000 -5.41071135610025
16303000 -5.33644443907131
16304000 -5.38285771041805
16305000 -5.40622571150461
16306000 -5.3508445039466
16307000 -5.38387459401193
16308000 -5.42378762111366
16309000 -5.3740106744993
16310000 -5.36360141712318
16311000 -5.40092403456897
16312000 -5.40577351528017
16313000 -5.38929270438932
16314000 -5.39245632814707
16315000 -5.42145922048378
16316000 -5.38087202872565
16317000 -5.37117152067649
16318000 -5.3832062221173
16319000 -5.38530964850082
16320000 -5.35505391672244
16321000 -5.40266027342712
16322000 -5.42243632677887
16323000 -5.40516649082453
16324000 -5.36414943638003
16325000 -5.39576679844924
16326000 -5.40812237013919
16327000 -5.35621475034385
16328000 -5.42375093930219
16329000 -5.42570354482632
16330000 -5.37629830428919
16331000 -5.37350116465651
16332000 -5.42740103656567
16333000 -5.40322273893236
16334000 -5.36939191674746
16335000 -5.40947711878783
16336000 -5.43568149827582
16337000 -5.37204340297746
16338000 -5.36214947904723
16339000 -5.44065852718238
16340000 -5.4409744540119
16341000 -5.35616370803304
16342000 -5.39535884862193
16343000 -5.45782206607663
16344000 -5.40189214981031
16345000 -5.36767012340411
16346000 -5.44302601031059
16347000 -5.43582879985537
16348000 -5.33674120308402
16349000 -5.41814662395543
16350000 -5.41764303036322
16351000 -5.37591000064437
16352000 -5.35008868236071
16353000 -5.43545292117515
16354000 -5.41252435645819
16355000 -5.32072313106837
16356000 -5.41280427425467
16357000 -5.45124405707139
16358000 -5.38305672754212
16359000 -5.37594692704385
16360000 -5.43059785568367
16361000 -5.40856149417802
16362000 -5.38213545387415
16363000 -5.41540754484807
16364000 -5.43201848070926
16365000 -5.35556613848742
16366000 -5.4097323059934
16367000 -5.45626767850123
16368000 -5.37690475215296
16369000 -5.36012019137254
16370000 -5.48024741604202
16371000 -5.41695096541984
16372000 -5.34286834278878
16373000 -5.40777084108084
16374000 -5.46895355653205
16375000 -5.3641429145475
16376000 -5.3833921934299
16377000 -5.48761200969673
16378000 -5.42349793637042
16379000 -5.34154888134625
16380000 -5.4415166759557
16381000 -5.46410009906818
16382000 -5.34375191544207
16383000 -5.40049081238431
16384000 -5.49314598098907
16385000 -5.41369967148425
16386000 -5.37544073062748
16387000 -5.49593415049672
16388000 -5.41319086910719
16389000 -5.35247692845507
16390000 -5.43040681865141
16391000 -5.4514275909605
16392000 -5.34746633058872
16393000 -5.40166969405642
16394000 -5.47709086264682
16395000 -5.37950826654481
16396000 -5.36787786820791
16397000 -5.44775488246994
16398000 -5.42714319408611
16399000 -5.35936341104103
16400000 -5.46438171127644
16401000 -5.45290155977612
16402000 -5.37585296363407
16403000 -5.4098372676997
16404000 -5.47170438004812
16405000 -5.39729658602092
16406000 -5.37450317102611
16407000 -5.47302316314584
16408000 -5.44597800031672
16409000 -5.34830883869862
16410000 -5.40847211884868
16411000 -5.4828547019715
16412000 -5.37490309267078
16413000 -5.38834174287121
16414000 -5.46738181319382
16415000 -5.3990363376354
16416000 -5.40071007984731
16417000 -5.44967825353517
16418000 -5.44241786339939
16419000 -5.35829156494328
16420000 -5.40642690831661
16421000 -5.48577107912603
16422000 -5.38727102473778
16423000 -5.40751249079787
16424000 -5.47538469194169
16425000 -5.45993952078217
16426000 -5.34742580022498
16427000 -5.46280326768239
16428000 -5.49129633040609
16429000 -5.3689440984507
16430000 -5.39120642970428
16431000 -5.51577329098663
16432000 -5.45030763284604
16433000 -5.37394714538041
16434000 -5.47255109118499
16435000 -5.47372720996194
16436000 -5.38990767832603
16437000 -5.40382360310767
16438000 -5.45145507179751
16439000 -5.39975705624299
16440000 -5.42422456919524
16441000 -5.44991915972975
16442000 -5.4164430936234
16443000 -5.35778678362833
16444000 -5.49912971209511
16445000 -5.42653496055895
16446000 -5.3747745856277
16447000 -5.40819152890031
16448000 -5.49870070359911
16449000 -5.40227485647902
16450000 -5.4005108455986
16451000 -5.47130808191978
16452000 -5.45152712746289
16453000 -5.38141323838646
16454000 -5.42404133760245
16455000 -5.48271932090768
16456000 -5.40991318056905
16457000 -5.39667121968029
16458000 -5.50293893490176
16459000 -5.45474357788157
16460000 -5.36805951674679
16461000 -5.45154442058699
16462000 -5.49800510989156
16463000 -5.44600856735141
16464000 -5.36997380694203
16465000 -5.45501404372589
16466000 -5.4401747061295
16467000 -5.43677345263049
16468000 -5.42622988166361
16469000 -5.48385891645608
16470000 -5.40860945245496
16471000 -5.42027382179705
16472000 -5.45732830749328
16473000 -5.47869920680205
16474000 -5.39590707359234
16475000 -5.44340770387895
16476000 -5.48196233743711
16477000 -5.44301306477105
16478000 -5.41971521105134
16479000 -5.48049475641267
16480000 -5.46985321553518
16481000 -5.43670453961083
16482000 -5.42056627311055
16483000 -5.45919883292527
16484000 -5.41073187572703
16485000 -5.42382595766894
16486000 -5.46345398856401
16487000 -5.45060067272955
16488000 -5.42939502304561
16489000 -5.44196226061217
16490000 -5.44081330867304
16491000 -5.42619905679881
16492000 -5.439757007611
16493000 -5.46382215393841
16494000 -5.44013741378224
16495000 -5.43575286155832
16496000 -5.45423824096711
16497000 -5.44774550002676
16498000 -5.43536403595231
16499000 -5.43559252457544
16500000 -5.45549690171642
16501000 -5.47985636126088
16502000 -5.41109650544814
16503000 -5.43640353929781
16504000 -5.44394171734594
16505000 -5.45509654492175
16506000 -5.44799029374581
16507000 -5.46000733097451
16508000 -5.44223804513582
16509000 -5.41602239067896
16510000 -5.46604486719084
16511000 -5.49780489028443
16512000 -5.45243375111071
16513000 -5.42048660123253
16514000 -5.49466673668726
16515000 -5.48221298753001
16516000 -5.41883532332008
16517000 -5.43506718498055
16518000 -5.48867294153422
16519000 -5.43819510841914
16520000 -5.448688974748
16521000 -5.45417607556795
16522000 -5.44934752924206
16523000 -5.42823091778902
16524000 -5.46171021850232
16525000 -5.4498824152725
16526000 -5.4327497587186
16527000 -5.46748474021289
16528000 -5.44977946460109
16529000 -5.42988590961555
16530000 -5.46410313468741
16531000 -5.48382358417275
16532000 -5.44687132351873
16533000 -5.43945019841417
16534000 -5.44605683733064
16535000 -5.49710290533767
16536000 -5.45545167543508
16537000 -5.43682165026946
16538000 -5.45535421146279
16539000 -5.46966777925284
16540000 -5.45095165200276
16541000 -5.43815881579727
16542000 -5.49199188290711
16543000 -5.47381227058567
16544000 -5.44063186923816
16545000 -5.45717935131143
16546000 -5.48003655816977
16547000 -5.46249797737429
16548000 -5.48891470283493
16549000 -5.4955499079959
16550000 -5.46655560906753
16551000 -5.44222732035444
16552000 -5.4849917064587
16553000 -5.46983474081074
16554000 -5.43119313712016
16555000 -5.4432857846308
16556000 -5.49259114466803
16557000 -5.47231301029577
16558000 -5.42900009145634
16559000 -5.46553092068855
16560000 -5.49406058793267
16561000 -5.46428725898525
16562000 -5.4467382579812
16563000 -5.45357220927676
16564000 -5.46538041583716
16565000 -5.46000779929477
16566000 -5.45360550657356
16567000 -5.46458708142097
16568000 -5.46988091114458
16569000 -5.47670921818666
16570000 -5.48401753952054
16571000 -5.45657171402008
16572000 -5.45817525583181
16573000 -5.48329244574216
16574000 -5.47306637923053
16575000 -5.45491342108513
16576000 -5.49627193636251
16577000 -5.46741148168402
16578000 -5.45104260798097
16579000 -5.47286320582497
16580000 -5.49935979638727
16581000 -5.44399217399015
16582000 -5.45607167224685
16583000 -5.47515158408418
16584000 -5.46424837978304
16585000 -5.42947400666681
16586000 -5.48756350786244
16587000 -5.51652912555791
16588000 -5.44510491837045
16589000 -5.46650853996928
16590000 -5.50684286064777
16591000 -5.47389742766917
16592000 -5.44601205404813
16593000 -5.50340903265045
16594000 -5.49177973205328
16595000 -5.44525064827683
16596000 -5.47240134453576
16597000 -5.50144070921603
16598000 -5.46991962443203
16599000 -5.4551334456233
16600000 -5.51863677850352
16601000 -5.46727703815197
16602000 -5.47957855213748
16603000 -5.50809444144569
16604000 -5.50076412230461
16605000 -5.43215250861888
16606000 -5.5074648603262
16607000 -5.51485659985041
16608000 -5.41101575627006
16609000 -5.42566597887893
16610000 -5.50779438560211
16611000 -5.48879727540334
16612000 -5.41955328214607
16613000 -5.48186648861432
16614000 -5.50911003157838
16615000 -5.4452880966909
16616000 -5.48031962358187
16617000 -5.53726473182082
16618000 -5.45419249632616
16619000 -5.47861291646006
16620000 -5.54301868969114
16621000 -5.46404634422819
16622000 -5.43517184702304
16623000 -5.50099650558747
16624000 -5.52480822459835
16625000 -5.44989670002967
16626000 -5.46908444999222
16627000 -5.53345911621047
16628000 -5.51105504213698
16629000 -5.47819597756427
16630000 -5.53359841676665
16631000 -5.48607225513348
16632000 -5.44882497777705
16633000 -5.51744447442516
16634000 -5.49905777444015
16635000 -5.48428098911081
16636000 -5.50744965054526
16637000 -5.49493334335659
16638000 -5.45122065417102
16639000 -5.45867375898579
16640000 -5.54024150761045
16641000 -5.48881337795399
16642000 -5.44041452134081
16643000 -5.50650719257822
16644000 -5.54084917918375
16645000 -5.47328947668309
16646000 -5.4257909659837
16647000 -5.55176782142659
16648000 -5.53532590568733
16649000 -5.42787429146653
16650000 -5.48466027625608
16651000 -5.55437175004731
16652000 -5.44958312295341
16653000 -5.46137014946424
16654000 -5.564305147729
16655000 -5.51935591523359
16656000 -5.45054304568149
16657000 -5.49954610011473
16658000 -5.55101622669507
16659000 -5.46869567066753
16660000 -5.45905065725821
16661000 -5.51256421540135
16662000 -5.48989852195508
16663000 -5.45318754533394
16664000 -5.50910659077974
16665000 -5.51084490243679
16666000 -5.45579755431084
16667000 -5.48323717072085
16668000 -5.54779310935119
16669000 -5.5007376101962
16670000 -5.46038492641202
16671000 -5.50732970424128
16672000 -5.53201513237562
16673000 -5.48834603609676
16674000 -5.49527587693145
16675000 -5.52696315293436
16676000 -5.47786392367301
16677000 -5.47944168784874
16678000 -5.53499558093068
16679000 -5.55347676497507
16680000 -5.47290442837835
16681000 -5.49693177043483
16682000 -5.53068198819169
16683000 -5.48706316862745
16684000 -5.47756824618069
16685000 -5.48437258850041
16686000 -5.50942285022559
16687000 -5.47515866085347
16688000 -5.50727207013546
16689000 -5.50918931745953
16690000 -5.47483979664488
16691000 -5.49669394197028
16692000 -5.53492308782524
16693000 -5.51951039977779
16694000 -5.49784797980501
16695000 -5.50760199638631
16696000 -5.53331725692623
16697000 -5.50428538172279
16698000 -5.4986401809446
16699000 -5.53579398908071
16700000 -5.51751316608274
16701000 -5.48150110960053
16702000 -5.52303374291273
16703000 -5.53071457508903
16704000 -5.4978374971274
16705000 -5.49612217510858
16706000 -5.52012893984274
16707000 -5.52268225833231
16708000 -5.4735096094813
16709000 -5.51065937183207
16710000 -5.53279221807843
16711000 -5.49175434425831
16712000 -5.51031029014951
16713000 -5.54290616910149
16714000 -5.51201382301306
16715000 -5.48686963849145
16716000 -5.52520370185423
16717000 -5.5591485669688
16718000 -5.48857212603121
16719000 -5.49110888308933
16720000 -5.50840767307181
16721000 -5.52956102832895
16722000 -5.47584032697149
16723000 -5.50988437801543
16724000 -5.52991251338608
16725000 -5.51982634983118
16726000 -5.51107268195707
16727000 -5.50544631385868
16728000 -5.51619467683268
16729000 -5.52336603384507
16730000 -5.52322450565223
16731000 -5.52194544566869
16732000 -5.5077298304365
16733000 -5.5165080695622
16734000 -5.55260034540886
16735000 -5.50353467683843
16736000 -5.5237964834342
16737000 -5.54766720757497
16738000 -5.55498459947795
16739000 -5.49651366130774
16740000 -5.51504807140072
16741000 -5.54981080429745
16742000 -5.52376077114858
16743000 -5.49754492219832
16744000 -5.50217884448835
16745000 -5.53278911501154
16746000 -5.50320275933223
16747000 -5.4898477579046
16748000 -5.53470460632053
16749000 -5.5410407549056
16750000 -5.50130013408552
16751000 -5.51721933581196
16752000 -5.53770311442253
16753000 -5.4836674863749
16754000 -5.49365862836027
16755000 -5.57112821475637
16756000 -5.53969559190721
16757000 -5.52708292088371
16758000 -5.56507262838829
16759000 -5.5592292595266
16760000 -5.52448108797208
16761000 -5.51976147411881
16762000 -5.58195389108661
16763000 -5.53564849658397
16764000 -5.48600781760701
16765000 -5.56051089212899
16766000 -5.56274029215609
16767000 -5.49884666611336
16768000 -5.50885150208117
16769000 -5.55396700129355
16770000 -5.53181045814927
16771000 -5.50513187791072
16772000 -5.536575380329
16773000 -5.55516489178977
16774000 -5.52996438165238
16775000 -5.53133162991483
16776000 -5.56112853320497
16777000 -5.54582864932178
16778000 -5.52945657791421
16779000 -5.58821532835455
16780000 -5.57859043833671
16781000 -5.51083710750768
16782000 -5.54311867161337
16783000 -5.5893421814869
16784000 -5.53245740861865
16785000 -5.50098263865556
16786000 -5.561838363275
16787000 -5.56515925998624
16788000 -5.49217495001587
16789000 -5.52352767458901
16790000 -5.56749202076326
16791000 -5.55183612505803
16792000 -5.53927815602974
16793000 -5.56893275629481
16794000 -5.52706479381689
16795000 -5.53100707638006
16796000 -5.54614563700076
16797000 -5.54497556182374
16798000 -5.52629546632334
16799000 -5.5263755282051
16800000 -5.5697544711711
16801000 -5.55091359071471
16802000 -5.50385990886289
16803000 -5.53138261467053
16804000 -5.58306375107184
16805000 -5.52927342592006
16806000 -5.50532595825232
16807000 -5.56558914402654
16808000 -5.57347345583844
16809000 -5.50015673976322
16810000 -5.54028269171849
16811000 -5.58569544080862
16812000 -5.56122169111597
16813000 -5.55437635037515
16814000 -5.56738556350444
16815000 -5.57155748310181
16816000 -5.50973404066882
16817000 -5.55590914245645
16818000 -5.57097561788738
16819000 -5.53414833650208
16820000 -5.55403084999529
16821000 -5.54470114183747
16822000 -5.53662803959821
16823000 -5.481784105036
16824000 -5.56937192773792
16825000 -5.57882413488005
16826000 -5.53266662987552
16827000 -5.51045635257653
16828000 -5.56506328018017
16829000 -5.58975245943898
16830000 -5.52990717726567
16831000 -5.55069945642558
16832000 -5.55726259098892
16833000 -5.52802406389638
16834000 -5.56829052744328
16835000 -5.59309260449109
16836000 -5.54819567129522
16837000 -5.54132036374644
16838000 -5.57106313878239
16839000 -5.54676675861469
16840000 -5.53455176046662
16841000 -5.5770016567741
16842000 -5.58481148138195
16843000 -5.52220339096083
16844000 -5.53414457139965
16845000 -5.53682564852909
16846000 -5.57889020266479
16847000 -5.55353020221456
16848000 -5.55785974195291
16849000 -5.55982098234162
16850000 -5.56228020029572
16851000 -5.57282333671305
16852000 -5.57684876580297
16853000 -5.56917170178699
16854000 -5.56220809013149
16855000 -5.58196538471706
16856000 -5.57214765856533
16857000 -5.54514625328486
16858000 -5.55715217486601
16859000 -5.59322887399704
16860000 -5.57264691218173
16861000 -5.54351762682097
16862000 -5.54499904002832
16863000 -5.57498575856839
16864000 -5.53815768473142
16865000 -5.53953937003628
16866000 -5.58497353687889
16867000 -5.55897492855383
16868000 -5.52123865640854
16869000 -5.56918489233432
16870000 -5.58058178497611
16871000 -5.53196956929599
16872000 -5.51998858023773
16873000 -5.56995495490054
16874000 -5.61032002468747
16875000 -5.55000289662431
16876000 -5.53586540600988
16877000 -5.58297972162606
16878000 -5.56524581576866
16879000 -5.5235285717844
16880000 -5.5834199430178
16881000 -5.58449464838811
16882000 -5.52568011081412
16883000 -5.56607254202017
16884000 -5.59624422106291
16885000 -5.5790532485866
16886000 -5.5542570431691
16887000 -5.5830457030513
16888000 -5.59901573875575
16889000 -5.55208315117905
16890000 -5.54260710788242
16891000 -5.60413208587845
16892000 -5.58408467793837
16893000 -5.56386199911135
16894000 -5.57382428349923
16895000 -5.56999696832871
16896000 -5.57854177748709
16897000 -5.60088264318217
16898000 -5.5896311113355
16899000 -5.54297880563881
16900000 -5.5811032415264
16901000 -5.61434460109442
16902000 -5.57884236631713
16903000 -5.54098635967665
16904000 -5.59832749184392
16905000 -5.60595806007073
16906000 -5.55031561803791
16907000 -5.55519702651365
16908000 -5.56594612468981
16909000 -5.58686351497552
16910000 -5.57575252295211
16911000 -5.58452715683771
16912000 -5.58294963745873
16913000 -5.56368587328212
16914000 -5.5870658640724
16915000 -5.56531725907358
16916000 -5.570265143026
16917000 -5.58997693958524
16918000 -5.61160490315542
16919000 -5.59211638963307
16920000 -5.58312593239862
16921000 -5.57851386959458
16922000 -5.61618643811736
16923000 -5.60354368044457
16924000 -5.56621282451254
16925000 -5.57056398956461
16926000 -5.5940715548633
16927000 -5.59458777190106
16928000 -5.60650748541102
16929000 -5.61274202875173
16930000 -5.56730828905414
16931000 -5.55971208068077
16932000 -5.6342287187201
16933000 -5.56549369391657
16934000 -5.56111146809779
16935000 -5.60527930698017
16936000 -5.61256884606168
16937000 -5.52674888544185
16938000 -5.57940737433611
16939000 -5.63463034045823
16940000 -5.58202764804194
16941000 -5.59252953095708
16942000 -5.60075957587035
16943000 -5.56738959736656
16944000 -5.5882681167316
16945000 -5.6186830407799
16946000 -5.6055008822657
16947000 -5.55202183856492
16948000 -5.58854532724039
16949000 -5.59966251293879
16950000 -5.56477114140563
16951000 -5.56735860137495
16952000 -5.61602709179283
16953000 -5.59078065911751
16954000 -5.55095437501633
16955000 -5.5826946114627
16956000 -5.61254435849525
16957000 -5.57438897660598
16958000 -5.58361085242256
16959000 -5.61592453326491
16960000 -5.56183898701101
16961000 -5.56287566169035
16962000 -5.60972767669011
16963000 -5.6224031454218
16964000 -5.56012453034198
16965000 -5.59748268342577
16966000 -5.6543165583734
16967000 -5.59122367617873
16968000 -5.53384213233088
16969000 -5.5997190925865
16970000 -5.64007355085369
16971000 -5.57538533352799
16972000 -5.60821813821268
16973000 -5.60106294457817
16974000 -5.59404478052911
16975000 -5.58883340203494
16976000 -5.62548392281433
16977000 -5.57972979267632
16978000 -5.58570400707533
16979000 -5.60010229261671
16980000 -5.62431996334517
16981000 -5.58293245015373
16982000 -5.59727405499337
16983000 -5.62088511211441
16984000 -5.62284513769105
16985000 -5.56743177554223
16986000 -5.60911804337511
16987000 -5.65631408530748
16988000 -5.57413568120317
16989000 -5.55451607646312
16990000 -5.6404208890559
16991000 -5.62820935221999
16992000 -5.55217022048911
16993000 -5.58910890628598
16994000 -5.64418471508012
16995000 -5.57949766176607
16996000 -5.59835704736287
16997000 -5.62527653267414
16998000 -5.57954565798515
16999000 -5.58519450253506
17000000 -5.6519815314874
17001000 -5.66759539983326
17002000 -5.5730800863698
17003000 -5.56098551876667
17004000 -5.65476760868543
17005000 -5.62865453108482
17006000 -5.59594441646445
17007000 -5.6331051980639
17008000 -5.61628359856226
17009000 -5.5985445931881
17010000 -5.62355368723831
17011000 -5.64827190964181
17012000 -5.53681607988202
17013000 -5.60937647051733
17014000 -5.63148333624603
17015000 -5.60019420763228
17016000 -5.56832936541235
17017000 -5.60185691109021
17018000 -5.64824573894924
17019000 -5.59929507830657
17020000 -5.61905087321707
17021000 -5.62761836131886
17022000 -5.62827616751996
17023000 -5.6328556103578
17024000 -5.65450948182502
17025000 -5.62928712096379
17026000 -5.58985211367659
17027000 -5.62812965007303
17028000 -5.65113368367439
17029000 -5.59900357632609
17030000 -5.61744825555337
17031000 -5.65764730197043
17032000 -5.63554794862178
17033000 -5.54372978772013
17034000 -5.59912046277931
17035000 -5.66523119499359
17036000 -5.62329799245633
17037000 -5.5559907027704
17038000 -5.61852006792475
17039000 -5.63272430744106
17040000 -5.59312347950768
17041000 -5.63220365058228
17042000 -5.61970556252154
17043000 -5.58797909233118
17044000 -5.61357814396277
17045000 -5.64987901178179
17046000 -5.61250627324504
17047000 -5.60426179792559
17048000 -5.64264215497689
17049000 -5.64632129190014
17050000 -5.57896878045524
17051000 -5.61743952592729
17052000 -5.69181022862957
17053000 -5.61256292883934
17054000 -5.58091007110042
17055000 -5.63142791043979
17056000 -5.66214442115806
17057000 -5.61401943194283
17058000 -5.61186659741432
17059000 -5.66747867007617
17060000 -5.6741418484542
17061000 -5.64031548111311
17062000 -5.64425317775913
17063000 -5.62761697916226
17064000 -5.59020366783255
17065000 -5.62585724891509
17066000 -5.64315902127687
17067000 -5.60053235032709
17068000 -5.6069036974644
17069000 -5.66460923549146
17070000 -5.64589856856808
17071000 -5.59100646079517
17072000 -5.6327155839061
17073000 -5.67570429543941
17074000 -5.60605499237301
17075000 -5.60379836246631
17076000 -5.66172163926763
17077000 -5.65574494818056
17078000 -5.61378641382942
17079000 -5.61181636259201
17080000 -5.67206002579361
17081000 -5.65400939594689
17082000 -5.64491220746619
17083000 -5.62285381670705
17084000 -5.62026096744999
17085000 -5.62068541736926
17086000 -5.6368158505451
17087000 -5.64808838661714
17088000 -5.61581343255155
17089000 -5.6307786696493
17090000 -5.65449793521617
17091000 -5.65409781163006
17092000 -5.60919029293103
17093000 -5.6108010311827
17094000 -5.66086989052903
17095000 -5.62414986697492
17096000 -5.58437163239618
17097000 -5.62906284736127
17098000 -5.70469952545838
17099000 -5.64264153130228
17100000 -5.61286969249592
17101000 -5.67034539759871
17102000 -5.66503637218595
17103000 -5.6453917889407
17104000 -5.62523660198068
17105000 -5.64105845867188
17106000 -5.64943159931998
17107000 -5.63473477272913
17108000 -5.6575977017017
17109000 -5.63505936435863
17110000 -5.64421947062227
17111000 -5.64407484692824
17112000 -5.65160198407571
17113000 -5.62242292032093
17114000 -5.64007975454197
17115000 -5.67901708705588
17116000 -5.65310019017679
17117000 -5.61266568939477
17118000 -5.62835707267713
17119000 -5.62668418790708
17120000 -5.63110953763134
17121000 -5.61966563707861
17122000 -5.66714587864631
17123000 -5.69473659441069
17124000 -5.62733744821752
17125000 -5.61867245949632
17126000 -5.6539601210927
17127000 -5.66794633046688
17128000 -5.61368984207627
17129000 -5.63295307458416
17130000 -5.67304748087045
17131000 -5.66235192748209
17132000 -5.64802963095555
17133000 -5.70023104938071
17134000 -5.67527109941936
17135000 -5.61390880296801
17136000 -5.65959109211659
17137000 -5.68608228940277
17138000 -5.6638321218681
17139000 -5.62110420443323
17140000 -5.66444526037078
17141000 -5.68003513387448
17142000 -5.63977462042611
17143000 -5.62352661727855
17144000 -5.66970207163312
17145000 -5.63619649217556
17146000 -5.63615568391005
17147000 -5.66483657092921
17148000 -5.67942067555214
17149000 -5.6264081733983
17150000 -5.61682196676495
17151000 -5.67216644605619
17152000 -5.67157282474007
17153000 -5.64120852786446
17154000 -5.66899474585926
17155000 -5.68676436629097
17156000 -5.63940793090133
17157000 -5.63895927101118
17158000 -5.6505692257398
17159000 -5.69400751993849
17160000 -5.65028924543345
17161000 -5.63413367130014
17162000 -5.64821913141549
17163000 -5.6564754137243
17164000 -5.64781703205178
17165000 -5.64762704058176
17166000 -5.64058983912939
17167000 -5.6759489144709
17168000 -5.66332241326137
17169000 -5.64312084415084
17170000 -5.66469029643271
17171000 -5.69194722084501
17172000 -5.66460661958644
17173000 -5.64377311355282
17174000 -5.65883220780965
17175000 -5.66380987799289
17176000 -5.62629432721773
17177000 -5.65965304654586
17178000 -5.69196508980678
17179000 -5.63946755725255
17180000 -5.62124228009003
17181000 -5.6907540054633
17182000 -5.66930608222404
17183000 -5.64193800212284
17184000 -5.68951284289237
17185000 -5.70541786062475
17186000 -5.64650273276565
17187000 -5.62612880088821
17188000 -5.70329610441763
17189000 -5.70908146075186
17190000 -5.63940837874944
17191000 -5.65037205164076
17192000 -5.7087277101961
17193000 -5.676590282527
17194000 -5.61393339117579
17195000 -5.66948346208091
17196000 -5.69900497964703
17197000 -5.65366684878808
17198000 -5.62469969538525
17199000 -5.67581418677102
17200000 -5.67684670468268
17201000 -5.66005874721988
17202000 -5.65751105475471
17203000 -5.69279707980076
17204000 -5.67193248774895
17205000 -5.66789477029998
17206000 -5.67734315009367
17207000 -5.68332947679138
17208000 -5.66470675294103
17209000 -5.70214390168694
17210000 -5.69409203681876
17211000 -5.66584631454441
17212000 -5.64962353906061
17213000 -5.69053396414737
17214000 -5.68149188393868
17215000 -5.66228971430576
17216000 -5.68380739248121
17217000 -5.71429288894168
17218000 -5.64338053081129
17219000 -5.66215300563713
17220000 -5.68873827817309
17221000 -5.65829307810051
17222000 -5.66289854847806
17223000 -5.6834960588247
17224000 -5.69390263502398
17225000 -5.66419096825592
17226000 -5.67210809162574
17227000 -5.66853570333938
17228000 -5.64061169274931
17229000 -5.65223472547714
17230000 -5.71916910884829
17231000 -5.69433682927725
17232000 -5.65569065621518
17233000 -5.68211742972397
17234000 -5.72096326691593
17235000 -5.67203470185487
17236000 -5.64907518961139
17237000 -5.68271466850425
17238000 -5.72182058378022
17239000 -5.63545148103478
17240000 -5.61234713796051
17241000 -5.70494031871803
17242000 -5.72585509334153
17243000 -5.68669417369642
17244000 -5.64381942680535
17245000 -5.69596399482192
17246000 -5.68423728750983
17247000 -5.67666917199363
17248000 -5.70822211940421
17249000 -5.71433553000929
17250000 -5.66805365684392
17251000 -5.66191663151283
17252000 -5.7298755615188
17253000 -5.71562700556168
17254000 -5.65911416563414
17255000 -5.68791521558176
17256000 -5.73069322201454
17257000 -5.66788239936591
17258000 -5.64737696437958
17259000 -5.73995598258785
17260000 -5.68418473755489
17261000 -5.65630561506991
17262000 -5.71990078636227
17263000 -5.72414625575095
17264000 -5.65538824132119
17265000 -5.66246788817085
17266000 -5.74870825644064
17267000 -5.7108730313798
17268000 -5.65105947740793
17269000 -5.67267448645567
17270000 -5.73621807038328
17271000 -5.68765755450677
17272000 -5.61173460177695
17273000 -5.70093928607001
17274000 -5.74294446324956
17275000 -5.66380268662019
17276000 -5.64872497982099
17277000 -5.72053921348793
17278000 -5.72236698461166
17279000 -5.62183979859655
17280000 -5.69671778143026
17281000 -5.7517404716278
17282000 -5.68325572865417
17283000 -5.65154357232724
17284000 -5.7218681753103
17285000 -5.70877467392896
17286000 -5.65340673948754
17287000 -5.69462066107983
17288000 -5.73960605303152
17289000 -5.67428566943198
17290000 -5.68611686094632
17291000 -5.74061408478807
17292000 -5.73991343642381
17293000 -5.65277366481083
17294000 -5.69693850936946
17295000 -5.7503290065334
17296000 -5.69363498390732
17297000 -5.65491868435783
17298000 -5.70475175593008
17299000 -5.72335272407817
17300000 -5.67592604027838
17301000 -5.66357658219868
17302000 -5.71966208349059
17303000 -5.69275841743905
17304000 -5.67392365961682
17305000 -5.71275346435002
17306000 -5.7410960383567
17307000 -5.66709252932434
17308000 -5.65145817273941
17309000 -5.72941704216626
17310000 -5.75841139640543
17311000 -5.6750566708316
17312000 -5.67647640209345
17313000 -5.74000052224225
17314000 -5.70014500538615
17315000 -5.69562946797545
17316000 -5.73403871955821
17317000 -5.71291314865762
17318000 -5.69063705717825
17319000 -5.71650122514379
17320000 -5.72197183950923
17321000 -5.69359945447385
17322000 -5.71270463052252
17323000 -5.74236584954836
17324000 -5.72746709942626
17325000 -5.66423622739105
17326000 -5.71034738150172
17327000 -5.75349871028504
17328000 -5.71864423501627
17329000 -5.68150877842877
17330000 -5.74204208762352
17331000 -5.72194104264697
17332000 -5.66970806340191
17333000 -5.70174280986395
17334000 -5.74886631718768
17335000 -5.72192470641904
17336000 -5.68549485778153
17337000 -5.71624537572142
17338000 -5.75700503507206
17339000 -5.699479389688
17340000 -5.7136720804039
17341000 -5.72120648793494
17342000 -5.71922143817114
17343000 -5.67106232987818
17344000 -5.7490382450749
17345000 -5.75844699083717
17346000 -5.68462212554599
17347000 -5.71565231556339
17348000 -5.75687756936145
17349000 -5.69103421070524
17350000 -5.64220172306544
17351000 -5.74890035106006
17352000 -5.78023292835298
17353000 -5.68920714649809
17354000 -5.66646665906631
17355000 -5.73034198401592
17356000 -5.73601073276884
17357000 -5.65520508736857
17358000 -5.70202862213803
17359000 -5.76639779728184
17360000 -5.74174951248695
17361000 -5.675794653834
17362000 -5.7478486277706
17363000 -5.75108272150996
17364000 -5.68966121558779
17365000 -5.70509470433944
17366000 -5.78783270773046
17367000 -5.73526209960302
17368000 -5.68917521164463
17369000 -5.73260264698343
17370000 -5.732415850526
17371000 -5.69108520525554
17372000 -5.68761403466386
17373000 -5.755486683842
17374000 -5.72736444106179
17375000 -5.69090223386048
17376000 -5.74373785711458
17377000 -5.7440453521756
17378000 -5.70199806282994
17379000 -5.70874603570017
17380000 -5.78868710655876
17381000 -5.74002267496572
17382000 -5.66751507793574
17383000 -5.75100622236402
17384000 -5.75746570180657
17385000 -5.68813041138038
17386000 -5.71540072295488
17387000 -5.78529610801056
17388000 -5.71875947337895
17389000 -5.66384608072045
17390000 -5.74119412905223
17391000 -5.77144555711102
17392000 -5.70891756963516
17393000 -5.71447643870462
17394000 -5.73327437344733
17395000 -5.70599747741425
17396000 -5.70314718739725
17397000 -5.75563569729274
17398000 -5.7583294637716
17399000 -5.70344889731796
17400000 -5.69678828595241
17401000 -5.75764900143826
17402000 -5.74843472267374
17403000 -5.69434171377567
17404000 -5.73023713435871
17405000 -5.78165131735435
17406000 -5.71914105407266
17407000 -5.68833527851356
17408000 -5.76230589608165
17409000 -5.76222780541215
17410000 -5.70770569612902
17411000 -5.71574069465213
17412000 -5.78676969583572
17413000 -5.7805690928634
17414000 -5.70804196599866
17415000 -5.72898925202215
17416000 -5.7683395387887
17417000 -5.73668031137635
17418000 -5.75158109750049
17419000 -5.73803369134841
17420000 -5.73538578793263
17421000 -5.74643228032917
17422000 -5.75134668474852
17423000 -5.73124814901655
17424000 -5.69743219411457
17425000 -5.73391698965793
17426000 -5.77961572506967
17427000 -5.75155070228701
17428000 -5.67524515867015
17429000 -5.70868865091868
17430000 -5.77483785654647
17431000 -5.74768314941129
17432000 -5.72054038497581
17433000 -5.7789386848058
17434000 -5.80513204036847
17435000 -5.73322395512461
17436000 -5.72046455961933
17437000 -5.7701796731454
17438000 -5.76399009086689
17439000 -5.7236407199757
17440000 -5.74362562251761
17441000 -5.74251074568469
17442000 -5.73105294144678
17443000 -5.76142927556058
17444000 -5.75439982468119
17445000 -5.74139828542441
17446000 -5.75307148220869
17447000 -5.76191121439923
17448000 -5.77369505054792
17449000 -5.69441686325267
17450000 -5.73497484634337
17451000 -5.76852641055649
17452000 -5.76862671921035
17453000 -5.69783831052908
17454000 -5.72703404926057
17455000 -5.79910161803351
17456000 -5.76555690098399
17457000 -5.72232108751171
17458000 -5.7517330987285
17459000 -5.76177977562748
17460000 -5.74647197662104
17461000 -5.76322003881847
17462000 -5.77531064130666
17463000 -5.75630796548393
17464000 -5.74304174406544
17465000 -5.7423238145012
17466000 -5.75137015920703
17467000 -5.72250344765488
17468000 -5.75112305553359
17469000 -5.76540097368234
17470000 -5.75045376399194
17471000 -5.71691443304127
17472000 -5.73943051988172
17473000 -5.76952307443298
17474000 -5.72307673772046
17475000 -5.71763735350432
17476000 -5.76473981126882
17477000 -5.78129394270962
17478000 -5.76698205045857
17479000 -5.75776199383722
17480000 -5.77707315959161
17481000 -5.77744786912456
17482000 -5.73108753866284
17483000 -5.72656179413972
17484000 -5.76280601579304
17485000 -5.74686338638234
17486000 -5.78256363560374
17487000 -5.76980475038528
17488000 -5.76445778653801
17489000 -5.76146045614586
17490000 -5.75564129406424
17491000 -5.75902919713286
17492000 -5.76777055229054
17493000 -5.75850458109053
17494000 -5.74661755096215
17495000 -5.76856389734076
17496000 -5.76693101483415
17497000 -5.7445382917945
17498000 -5.7980839671896
17499000 -5.74987345392566
17500000 -5.75213148770459
17501000 -5.79046567216364
17502000 -5.78330925130588
17503000 -5.7570166316358
17504000 -5.72338286406116
17505000 -5.7768163858031
17506000 -5.79835885787525
17507000 -5.73627511922704
17508000 -5.75610871213803
17509000 -5.78496340792051
17510000 -5.77420938628767
17511000 -5.77191180037752
17512000 -5.78376552998404
17513000 -5.76223938501264
17514000 -5.75517470348798
17515000 -5.76727109079392
17516000 -5.79658844613535
17517000 -5.74424624558408
17518000 -5.72066470464843
17519000 -5.79697326649759
17520000 -5.79198620178215
17521000 -5.74377792812704
17522000 -5.75254910170427
17523000 -5.81942388897005
17524000 -5.79213691171746
17525000 -5.73258345306236
17526000 -5.78074618155126
17527000 -5.84438730475094
17528000 -5.81605072385067
17529000 -5.73901980653298
17530000 -5.77290858834446
17531000 -5.81449398706195
17532000 -5.77254036065697
17533000 -5.74410728677604
17534000 -5.7853321707502
17535000 -5.80031061282391
17536000 -5.75059970080611
17537000 -5.76448181827873
17538000 -5.80211246567922
17539000 -5.78358415377798
17540000 -5.74138176782948
17541000 -5.78672177264278
17542000 -5.78853650347268
17543000 -5.77981199659887
17544000 -5.76474598544921
17545000 -5.83667195628105
17546000 -5.80338535487576
17547000 -5.76857651006522
17548000 -5.77955980690297
17549000 -5.83089330375884
17550000 -5.79458201741564
17551000 -5.74740989455854
17552000 -5.7795491682613
17553000 -5.82443306167988
17554000 -5.75175543713354
17555000 -5.73922222877909
17556000 -5.81563130353837
17557000 -5.8148184705024
17558000 -5.7416538569092
17559000 -5.76776197096232
17560000 -5.84835958579068
17561000 -5.80197810304222
17562000 -5.70660926626453
17563000 -5.76628489595041
17564000 -5.84738089628636
17565000 -5.77140134485344
17566000 -5.77075864189531
17567000 -5.8223971626066
17568000 -5.81885034325369
17569000 -5.75622142422561
17570000 -5.76483972837025
17571000 -5.76886302845601
17572000 -5.75568541037561
17573000 -5.74817315205339
17574000 -5.79427601748506
17575000 -5.81311992841083
17576000 -5.73659448398265
17577000 -5.76819147337199
17578000 -5.84668530664925
17579000 -5.78715700875325
17580000 -5.71757127054857
17581000 -5.78585934286967
17582000 -5.85103152400692
17583000 -5.78792579429539
17584000 -5.75699425697525
17585000 -5.83547792875147
17586000 -5.82623965549583
17587000 -5.72683207816297
17588000 -5.77440176335539
17589000 -5.85543986012648
17590000 -5.76925889701134
17591000 -5.71206792568866
17592000 -5.83430184752944
17593000 -5.85237799194393
17594000 -5.76217767949318
17595000 -5.7431391613162
17596000 -5.79260299951007
17597000 -5.80945385063395
17598000 -5.81059896821674
17599000 -5.82929033515167
17600000 -5.80807498913564
17601000 -5.77896188016766
17602000 -5.81576111891715
17603000 -5.81947470443083
17604000 -5.80605039609804
17605000 -5.77720420477681
17606000 -5.8247672876891
17607000 -5.83121358084667
17608000 -5.79588132812556
17609000 -5.77489735559568
17610000 -5.81121967543954
17611000 -5.8227920408426
17612000 -5.76297693779731
17613000 -5.78200531010591
17614000 -5.82877972279977
17615000 -5.83321185456395
17616000 -5.77002011523415
17617000 -5.78971817478944
17618000 -5.82423417774363
17619000 -5.80043738017781
17620000 -5.78011148592769
17621000 -5.79941888118613
17622000 -5.80115404720953
17623000 -5.78984752728116
17624000 -5.79822140225139
17625000 -5.81477099232973
17626000 -5.7741588363015
17627000 -5.80484367373638
17628000 -5.83764321622406
17629000 -5.83112402834964
17630000 -5.77722314027297
17631000 -5.78455630557072
17632000 -5.81631377264836
17633000 -5.82164105003275
17634000 -5.76736311755019
17635000 -5.78697696498063
17636000 -5.84220610764411
17637000 -5.83924304730121
17638000 -5.7877446640589
17639000 -5.81884665654936
17640000 -5.84368830508554
17641000 -5.83479035050086
17642000 -5.79873583827052
17643000 -5.79647095906987
17644000 -5.80401651552974
17645000 -5.79401238076989
17646000 -5.8030127166751
17647000 -5.7970409048785
17648000 -5.79930195112605
17649000 -5.80019423364558
17650000 -5.86920519677783
17651000 -5.82171988407208
17652000 -5.78457885901955
17653000 -5.78923733921031
17654000 -5.84911188814264
17655000 -5.81985673086714
17656000 -5.76740968730039
17657000 -5.814502918371
17658000 -5.85674488729828
17659000 -5.83686443378393
17660000 -5.77197855999688
17661000 -5.8161526232467
17662000 -5.8724465660628
17663000 -5.82018766076599
17664000 -5.79180779080151
17665000 -5.81926331472942
17666000 -5.82339092040961
17667000 -5.79488379974141
17668000 -5.79669197247207
17669000 -5.81811814963574
17670000 -5.82007191143687
17671000 -5.83024695012342
17672000 -5.83770236913019
17673000 -5.83688066685145
17674000 -5.77705814034267
17675000 -5.79952001359244
17676000 -5.8834543824932
17677000 -5.84826911299459
17678000 -5.78189662375659
17679000 -5.80284371093219
17680000 -5.86169253419135
17681000 -5.82263664694566
17682000 -5.81118116163562
17683000 -5.81968945042383
17684000 -5.82581419273609
17685000 -5.81925150920301
17686000 -5.8245804931514
17687000 -5.82882932413071
17688000 -5.781797038179
17689000 -5.84816682722664
17690000 -5.8865387046433
17691000 -5.83541505462487
17692000 -5.7684133766701
17693000 -5.79019109537906
17694000 -5.87062606101189
17695000 -5.86946936478145
17696000 -5.79628556106553
17697000 -5.80665342577102
17698000 -5.85519070439933
17699000 -5.85272765190525
17700000 -5.82822255067466
17701000 -5.82631781535946
17702000 -5.83864562909088
17703000 -5.84220423026975
17704000 -5.81952942445678
17705000 -5.79412522173713
17706000 -5.79122272757727
17707000 -5.82200313386431
17708000 -5.87082820027134
17709000 -5.81956712568957
17710000 -5.78702353275468
17711000 -5.83333712782449
17712000 -5.89681901253349
17713000 -5.85521356585662
17714000 -5.79892992795967
17715000 -5.79917122258388
17716000 -5.85226910908836
17717000 -5.8531013996339
17718000 -5.8572410469482
17719000 -5.82222841761155
17720000 -5.84532112933049
17721000 -5.85922108115283
17722000 -5.85858791625828
17723000 -5.84269373711181
17724000 -5.82172531049054
17725000 -5.84979639402698
17726000 -5.87185438539564
17727000 -5.85040307225879
17728000 -5.80606673699786
17729000 -5.82342528889924
17730000 -5.86870829959106
17731000 -5.8481518722286
17732000 -5.8515098915361
17733000 -5.82229088561527
17734000 -5.81706840395359
17735000 -5.84624165187258
17736000 -5.85636667687152
17737000 -5.8364746663961
17738000 -5.79914012898874
17739000 -5.86935513718952
17740000 -5.88443679567987
17741000 -5.82049084791039
17742000 -5.79844478292054
17743000 -5.81875652577919
17744000 -5.87214568018322
17745000 -5.83002738817428
17746000 -5.79405329062681
17747000 -5.84413662713485
17748000 -5.85011818970955
17749000 -5.84148635437847
17750000 -5.8377192680691
17751000 -5.8264281105038
17752000 -5.82771932924649
17753000 -5.85127273367446
17754000 -5.85917185687194
17755000 -5.85060009361834
17756000 -5.84437375966503
17757000 -5.85418129991635
17758000 -5.87197105611423
17759000 -5.84151706639369
17760000 -5.82644512907489
17761000 -5.83594070477796
17762000 -5.86954878001802
17763000 -5.8483664790905
17764000 -5.85367452041127
17765000 -5.8220380971441
17766000 -5.80111625313838
17767000 -5.86315739715911
17768000 -5.87320315292833
17769000 -5.82634127338203
17770000 -5.79487583974753
17771000 -5.83446022488986
17772000 -5.87901404845573
17773000 -5.84583702665031
17774000 -5.81407527073828
17775000 -5.86305730164556
17776000 -5.86738094709247
17777000 -5.84225204727926
17778000 -5.84168706614228
17779000 -5.85058069123198
17780000 -5.84109469736343
17781000 -5.84270702367625
17782000 -5.91228660848256
17783000 -5.85634050437549
17784000 -5.80934972097571
17785000 -5.85470018881561
17786000 -5.89608499473166
17787000 -5.85266124550315
17788000 -5.81738856852396
17789000 -5.82706079494031
17790000 -5.89226695131065
17791000 -5.86246917237644
17792000 -5.83113486469105
17793000 -5.83669656705678
17794000 -5.86425375776284
17795000 -5.8429954698095
17796000 -5.85416476534144
17797000 -5.85561010324653
17798000 -5.83482096228152
17799000 -5.8386512475031
17800000 -5.88924307277712
17801000 -5.89290915120824
17802000 -5.81850793172058
17803000 -5.84199006593116
17804000 -5.92373821406434
17805000 -5.87981407190269
17806000 -5.79817665573879
17807000 -5.87451776436076
17808000 -5.93234195666837
17809000 -5.89054617908402
17810000 -5.85606738073801
17811000 -5.88985583299249
17812000 -5.88276160716135
17813000 -5.8369186248742
17814000 -5.88469053112049
17815000 -5.89256441446689
17816000 -5.85147959790525
17817000 -5.84218333455973
17818000 -5.88211395226452
17819000 -5.88815212845783
17820000 -5.78185459408785
17821000 -5.8499933681
17822000 -5.92237071064391
17823000 -5.84941357759899
17824000 -5.78164637241262
17825000 -5.88575694386395
17826000 -5.92668415939867
17827000 -5.83420938520443
17828000 -5.80225956507775
17829000 -5.92646068034134
17830000 -5.91591429509973
17831000 -5.82559659236955
17832000 -5.83059951559154
17833000 -5.92859689775893
17834000 -5.85768906862716
17835000 -5.8224908161957
17836000 -5.91649284489712
17837000 -5.90629968508166
17838000 -5.84394247791408
17839000 -5.87275807448833
17840000 -5.89275775182705
17841000 -5.83935241578627
17842000 -5.83818231932991
17843000 -5.92037199813461
17844000 -5.90843732831619
17845000 -5.81107584378043
17846000 -5.84968041352303
17847000 -5.93565932797552
17848000 -5.88633630428901
17849000 -5.80732289748927
17850000 -5.8368691567179
17851000 -5.9437376221362
17852000 -5.88097546698776
17853000 -5.81639234137619
17854000 -5.8660631703516
17855000 -5.92843134524315
17856000 -5.8873704381775
17857000 -5.82534331241237
17858000 -5.90983112180192
17859000 -5.89958728791878
17860000 -5.86466746867809
17861000 -5.89498393556497
17862000 -5.92713102690532
17863000 -5.89993156993116
17864000 -5.86905428222017
17865000 -5.87181105398382
17866000 -5.87617063380924
17867000 -5.83657618243538
17868000 -5.87991258431901
17869000 -5.92868173122188
17870000 -5.86642455885532
17871000 -5.80840862794332
17872000 -5.90643725601125
17873000 -5.97679127524747
17874000 -5.85834561552778
17875000 -5.82140415886144
17876000 -5.9125537430219
17877000 -5.92242277382752
17878000 -5.85975229548867
17879000 -5.86544690973331
17880000 -5.90061277575078
17881000 -5.85275405585308
17882000 -5.85354801182701
17883000 -5.88732110130792
17884000 -5.89512256649045
17885000 -5.8726782444804
17886000 -5.8915925093296
17887000 -5.91455481916343
17888000 -5.86640170914366
17889000 -5.84510247572454
17890000 -5.91609387453989
17891000 -5.92835068157262
17892000 -5.87399129772147
17893000 -5.84915463926628
17894000 -5.92417573044092
17895000 -5.91731794403375
17896000 -5.84906078698045
17897000 -5.85163404866068
17898000 -5.9452778890477
17899000 -5.91541900249039
17900000 -5.86480962174145
17901000 -5.87756091350198
17902000 -5.89883161763269
17903000 -5.87816813843504
17904000 -5.90786682189642
17905000 -5.91602633505948
17906000 -5.90646002446815
17907000 -5.88748979163143
17908000 -5.90281018714373
17909000 -5.91846302993976
17910000 -5.90412212120645
17911000 -5.8787055430473
17912000 -5.88510347201051
17913000 -5.89519778318042
17914000 -5.84555672772514
17915000 -5.8866189977172
17916000 -5.92916733866797
17917000 -5.91110828917756
17918000 -5.84667649267983
17919000 -5.88143332847025
17920000 -5.92741281440008
17921000 -5.8801157109772
17922000 -5.85204869166707
17923000 -5.87885189142388
17924000 -5.9286595780181
17925000 -5.88779973246105
17926000 -5.8928675773451
17927000 -5.92108258727496
17928000 -5.92715585689513
17929000 -5.88517002850517
17930000 -5.91221740994768
17931000 -5.90784465851401
17932000 -5.88154262557939
17933000 -5.88862551556828
17934000 -5.90685047028476
17935000 -5.92136374741465
17936000 -5.87494771085203
17937000 -5.88676420949055
17938000 -5.94227956753208
17939000 -5.91115565773207
17940000 -5.82614227635335
17941000 -5.86691952134485
17942000 -5.92199333731449
17943000 -5.89928605401662
17944000 -5.87585264032062
17945000 -5.87665004370472
17946000 -5.94431303570458
17947000 -5.92088854895821
17948000 -5.89729005529025
17949000 -5.92805451857238
17950000 -5.91983330298292
17951000 -5.89853528613925
17952000 -5.91698236064129
17953000 -5.90510787039794
17954000 -5.89179725164137
17955000 -5.89953600478448
17956000 -5.94876610265719
17957000 -5.89539213872915
17958000 -5.89453775538519
17959000 -5.9195294647128
17960000 -5.94059761955808
17961000 -5.89282574756514
17962000 -5.89758046393508
17963000 -5.91725847412881
17964000 -5.90752267313033
17965000 -5.93467337497352
17966000 -5.91913434974236
17967000 -5.90944343642558
17968000 -5.91087329242096
17969000 -5.92402741034779
17970000 -5.90979346146212
17971000 -5.88955066034388
17972000 -5.89990296572035
17973000 -5.91488083022159
17974000 -5.94054177248781
17975000 -5.91458110679574
17976000 -5.88794996746724
17977000 -5.91285216909457
17978000 -5.89135340464311
17979000 -5.88343832065888
17980000 -5.90785001894198
17981000 -5.94643515161605
17982000 -5.91318090048287
17983000 -5.9178153530001
17984000 -5.94631402977309
17985000 -5.91827361514614
17986000 -5.89885486263592
17987000 -5.89456882080229
17988000 -5.9259932146151
17989000 -5.91698359325412
17990000 -5.87841325952726
17991000 -5.90680190485066
17992000 -5.9423391230566
17993000 -5.93441888081838
17994000 -5.90796742225831
17995000 -5.90774306567208
17996000 -5.92690475141333
17997000 -5.90216432958568
17998000 -5.93621585029401
17999000 -5.97254712124596
18000000 -5.92077427933544
18001000 -5.88497239629689
18002000 -5.95071781452426
18003000 -5.94728957334505
18004000 -5.91025769639311
18005000 -5.89720858261775
18006000 -5.92900616594327
18007000 -5.92722087671397
18008000 -5.90890897800727
18009000 -5.90623340042683
18010000 -5.94558490522988
18011000 -5.9337515875659
18012000 -5.91482659705392
18013000 -5.94477794660088
18014000 -5.93881510409636
18015000 -5.90774058656318
18016000 -5.9202977954251
18017000 -5.93508615500709
18018000 -5.9119209457929
18019000 -5.90251412298508
18020000 -5.94080992901754
18021000 -5.95858080234759
18022000 -5.91906447897844
18023000 -5.87537401458681
18024000 -5.94659729358007
18025000 -5.95887935364619
18026000 -5.91743339055698
18027000 -5.9022899429806
18028000 -5.94082089711881
18029000 -5.94477320344282
18030000 -5.92959136905077
18031000 -5.91635580700183
18032000 -5.90986511159565
18033000 -5.9387183427057
18034000 -5.91626587159239
18035000 -5.94297229334352
18036000 -5.92232224115463
18037000 -5.90830901443319
18038000 -5.90915097474304
18039000 -5.9309315579383
18040000 -5.91571955406471
18041000 -5.92433311042502
18042000 -5.94843779336789
18043000 -5.93501947326172
18044000 -5.94675936534794
18045000 -5.93460930552864
18046000 -5.93968780798171
18047000 -5.96538989033087
18048000 -5.93842772330277
18049000 -5.90817447096266
18050000 -5.91425394109958
18051000 -5.93865836229788
18052000 -5.96994847384044
18053000 -5.94506227643715
18054000 -5.92258877960377
18055000 -5.94148265285325
18056000 -5.94386282049463
18057000 -5.94952271099833
18058000 -5.92694491670175
18059000 -5.95597036904521
18060000 -5.96093677509701
18061000 -5.94288962512901
18062000 -5.95964182644328
18063000 -5.94843033745197
18064000 -5.95779296231641
18065000 -5.94846148820513
18066000 -5.95006612006644
18067000 -5.94105262344266
18068000 -5.94087250620057
18069000 -5.92908588019418
18070000 -5.93850468543842
18071000 -5.91721368101909
18072000 -5.93580945329533
18073000 -5.96705917522531
18074000 -5.95634033816636
18075000 -5.91318131980292
18076000 -5.87616634111176
18077000 -5.94346781470692
18078000 -5.93346105731498
18079000 -5.945976067768
18080000 -5.9309406707831
18081000 -5.93758380602293
18082000 -5.94645680701513
18083000 -5.97275091445275
18084000 -5.97557597233377
18085000 -5.94498059725027
18086000 -5.94021417031191
18087000 -5.96583732444966
18088000 -5.97276463592315
18089000 -5.93240649608217
18090000 -5.93295089998556
18091000 -5.94721402172426
18092000 -5.95608119188115
18093000 -5.92310972122744
18094000 -5.94487229784011
18095000 -5.96409419731065
18096000 -5.93148824819172
18097000 -5.94297132672351
18098000 -5.95970737875331
18099000 -5.98314990123249
18100000 -5.95495149458445
18101000 -5.95132701417056
18102000 -5.95807618480027
18103000 -5.94703551674947
18104000 -5.93315294732001
18105000 -5.96571705893945
18106000 -5.97189926955876
18107000 -5.96858564833912
18108000 -5.9381242969674
18109000 -5.97067301013602
18110000 -5.97866738116253
18111000 -5.97360750808162
18112000 -5.945931234948
18113000 -5.98127890778801
18114000 -5.98209026974035
18115000 -5.95008226806629
18116000 -5.937553692955
18117000 -5.97996891372622
18118000 -5.95828038406686
18119000 -5.93061943237604
18120000 -5.94172199963729
18121000 -6.00165326666071
18122000 -5.97499187215303
18123000 -5.90517421207248
18124000 -5.94047784690195
18125000 -5.95988084447148
18126000 -5.94157377252896
18127000 -5.91420125378094
18128000 -5.98657857014135
18129000 -5.98076987348903
18130000 -5.95580728058804
18131000 -5.96030496943752
18132000 -5.97119837437677
18133000 -5.9350767580981
18134000 -5.92789556508439
18135000 -5.98010925966974
18136000 -5.97757557209339
18137000 -5.9295531761361
18138000 -5.94963006083386
18139000 -6.01640626942966
18140000 -5.97453417883679
18141000 -5.90700773157466
18142000 -5.97158024274445
18143000 -6.01770416407776
18144000 -5.9536129658551
18145000 -5.90408212704278
18146000 -5.98954148222779
18147000 -5.99747206929936
18148000 -5.94383245313953
18149000 -5.9461493617428
18150000 -6.00759657192544
18151000 -6.01249702348046
18152000 -5.95356665499293
18153000 -5.9437101294647
18154000 -5.97539364643366
18155000 -5.97338166194845
18156000 -5.91676059438515
18157000 -5.95897187343802
18158000 -6.00985035595534
18159000 -5.99877450001544
18160000 -5.9305450007578
18161000 -5.95689254574366
18162000 -5.98915799007566
18163000 -5.95940659999255
18164000 -5.95243481280297
18165000 -5.97382019980984
18166000 -5.96059664204718
18167000 -5.94468053883692
18168000 -5.96623998821294
18169000 -5.99391703140754
18170000 -5.96108443108174
18171000 -5.96819772491446
18172000 -5.98463987584539
18173000 -6.00546494474836
18174000 -5.95324663478245
18175000 -5.92710699349885
18176000 -5.99531482534622
18177000 -6.00426184438627
18178000 -5.93690420763443
18179000 -5.95226742361599
18180000 -6.01176975972862
18181000 -6.01546944701959
18182000 -5.96379813863563
18183000 -5.94622770683447
18184000 -5.97827239000356
18185000 -5.98555782762193
18186000 -5.97634624025833
18187000 -5.99358378052847
18188000 -5.97066529531846
18189000 -5.95706807714064
18190000 -5.98059199519416
18191000 -5.99342787580807
18192000 -5.97810240394749
18193000 -5.93832148265286
18194000 -5.99066183784437
18195000 -6.012405888035
18196000 -5.98936645680837
18197000 -5.9675241331087
18198000 -6.01647055318653
18199000 -5.99843955027128
18200000 -5.94717801113526
18201000 -5.9648930987813
18202000 -5.9989833589353
18203000 -5.99214225209923
18204000 -5.97856628296181
18205000 -6.00853430233706
18206000 -5.97741500140754
18207000 -5.98872288556513
18208000 -5.98653195200638
18209000 -5.9987264278524
18210000 -5.97628728882551
18211000 -5.96257712112784
18212000 -5.98640649030238
18213000 -6.00903445262373
18214000 -5.98731535825629
18215000 -5.93941142599675
18216000 -5.98578210473801
18217000 -6.03330601411714
18218000 -6.01127850190626
18219000 -5.95844164537778
18220000 -5.97210725590536
18221000 -6.0130819015679
18222000 -6.00198708253802
18223000 -5.97899256274711
18224000 -5.97461658979361
18225000 -5.99176519703912
18226000 -6.00745402252931
18227000 -5.9620246363167
18228000 -5.96622781564327
18229000 -6.00739577324199
18230000 -6.05033548775321
18231000 -6.02318364377143
18232000 -5.95060050190452
18233000 -5.9994238514628
18234000 -6.02155017498991
18235000 -5.99622925048418
18236000 -5.99114011583367
18237000 -6.00283405615356
18238000 -6.0001871517984
18239000 -5.99520138782977
18240000 -6.01006691917994
18241000 -5.98773326299615
18242000 -5.97476768072357
18243000 -5.99587850678896
18244000 -6.04055253300837
18245000 -6.0016447002288
18246000 -5.9477989425427
18247000 -5.99852831625101
18248000 -6.03269733183893
18249000 -6.01506127012806
18250000 -5.97884470964923
18251000 -5.98704148636245
18252000 -6.00738474787137
18253000 -6.01002882232829
18254000 -6.02288546939705
18255000 -6.02711255377362
18256000 -5.9981841907669
18257000 -5.98240051796048
18258000 -6.0164266739959
18259000 -6.02021485238385
18260000 -5.99064074525449
18261000 -5.99984813159609
18262000 -6.03770328028129
18263000 -6.00203527538932
18264000 -5.96710664614448
18265000 -5.98078381190151
18266000 -6.00576906812008
18267000 -6.03161092791533
18268000 -5.94471239546254
18269000 -5.95572497527991
18270000 -6.01514549603422
18271000 -6.05666006668741
18272000 -6.00095904713545
18273000 -5.98331276445126
18274000 -6.02675212237503
18275000 -6.02905251000803
18276000 -6.01416918883854
18277000 -6.01534806673943
18278000 -6.00421232169319
18279000 -6.03167482023884
18280000 -5.99051710751459
18281000 -5.99746866622303
18282000 -5.9853293309901
18283000 -5.99402397143854
18284000 -6.01669472277754
18285000 -6.04493179239774
18286000 -5.9622126898011
18287000 -5.98533709526515
18288000 -6.01938361596916
18289000 -6.05203333360326
18290000 -5.99461981785618
18291000 -5.97950384045438
18292000 -6.03352439329381
18293000 -6.00647634169249
18294000 -5.98074716710475
18295000 -6.02226785106745
18296000 -6.03329837766406
18297000 -6.0335638467434
18298000 -6.00296861316148
18299000 -6.01404319495008
18300000 -6.03412768776306
18301000 -6.00193882615428
18302000 -6.00447231259953
18303000 -6.04408931405277
18304000 -6.05378612453071
18305000 -6.03139635678408
18306000 -5.99565548966371
18307000 -5.99977029079848
18308000 -6.02139425091308
18309000 -6.02150355301876
18310000 -6.01849024226303
18311000 -5.99404948669986
18312000 -6.00507542586194
18313000 -6.00305458537927
18314000 -6.01520572183812
18315000 -6.02000676424689
18316000 -6.01736758178236
18317000 -5.98692256820902
18318000 -5.9890227755619
18319000 -6.03705299897666
18320000 -6.05973145552643
18321000 -6.0362186703829
18322000 -6.01519893813595
18323000 -6.02673708809963
18324000 -6.04910936707613
18325000 -6.00836328130726
18326000 -6.00309609057951
18327000 -6.02355143809834
18328000 -6.0373862707379
18329000 -6.05446785874593
18330000 -5.99494178835445
18331000 -5.99816339431228
18332000 -6.03948525322846
18333000 -6.02059712924538
18334000 -6.0197589914298
18335000 -6.0379796316431
18336000 -6.06147758530689
18337000 -6.04878864352631
18338000 -6.03649667121191
18339000 -6.03454061531501
18340000 -6.03991161841932
18341000 -6.01456685956841
18342000 -6.01606429359208
18343000 -6.07103015360255
18344000 -6.04365065293596
18345000 -6.01505530039886
18346000 -6.05926238674683
18347000 -6.07865829336271
18348000 -6.03167323551111
18349000 -6.03345859413801
18350000 -6.06728233235035
18351000 -6.08003140214259
18352000 -6.00588058286323
18353000 -5.9746221037748
18354000 -6.04598086977423
18355000 -6.06686854941838
18356000 -5.99570256495098
18357000 -6.01435165959041
18358000 -6.06868320898744
18359000 -6.06899712580285
18360000 -5.9781167778805
18361000 -5.99079020581722
18362000 -6.0718373322198
18363000 -6.06114901357357
18364000 -6.01781358651356
18365000 -6.02505163594927
18366000 -6.07004168727879
18367000 -6.05610370397098
18368000 -5.9953372010214
18369000 -6.0171269520541
18370000 -6.0553471851134
18371000 -6.04276040925089
18372000 -6.0253679955799
18373000 -6.03534575999682
18374000 -6.06294811612172
18375000 -6.04418765820513
18376000 -6.01924244312732
18377000 -6.04385653169668
18378000 -6.0632683262178
18379000 -6.03762548160642
18380000 -6.00590935161804
18381000 -6.05050477009597
18382000 -6.04272230148519
18383000 -6.01932855605003
18384000 -6.01419145657842
18385000 -6.05424291031242
18386000 -6.04600234692405
18387000 -6.04407879997738
18388000 -6.03155893441018
18389000 -6.05786082088583
18390000 -6.04917435729111
18391000 -6.00871009166446
18392000 -6.04046469270163
18393000 -6.05379042924752
18394000 -6.0483793518488
18395000 -6.03949626246848
18396000 -6.04241057082195
18397000 -6.04210751216649
18398000 -6.05819552947555
18399000 -6.02648132651488
18400000 -6.05239859769515
18401000 -6.0809686071729
18402000 -6.07875752155199
18403000 -6.04392847101448
18404000 -6.04340610246373
18405000 -6.06085648763139
18406000 -6.04464850098933
18407000 -6.03168344113196
18408000 -6.06470195523438
18409000 -6.06826852826151
18410000 -6.05106298542796
18411000 -6.0274212262881
18412000 -6.02851508379309
18413000 -6.05807624873978
18414000 -6.03624595146471
18415000 -6.02379295662602
18416000 -6.059448325739
18417000 -6.07274586474318
18418000 -6.04000516001871
18419000 -6.04007468181983
18420000 -6.05489332520758
18421000 -6.06512495887368
18422000 -6.05683322704217
18423000 -6.06214619208395
18424000 -6.04877751180845
18425000 -6.07637536569728
18426000 -6.04043455241813
18427000 -6.03579839494001
18428000 -6.06137765445693
18429000 -6.06418391291498
18430000 -6.04568555083726
18431000 -6.05074720729333
18432000 -6.06397881970805
18433000 -6.09935660874383
18434000 -6.0574378657814
18435000 -6.04382782312139
18436000 -6.03714368658906
18437000 -6.09332604635218
18438000 -6.05887976990215
18439000 -6.05024532144227
18440000 -6.06174613906779
18441000 -6.0859970477618
18442000 -6.06418628039317
18443000 -6.04937134189734
18444000 -6.03350436456163
18445000 -6.09338037200674
18446000 -6.07468022944715
18447000 -6.0216355347009
18448000 -6.04962772766874
18449000 -6.10608598114799
18450000 -6.07996585920935
18451000 -6.02877503746544
18452000 -6.05475642997
18453000 -6.13053228068153
18454000 -6.09902074948108
18455000 -6.03485892288104
18456000 -6.07689200982232
18457000 -6.09754790204358
18458000 -6.04931675636474
18459000 -6.02065080110758
18460000 -6.04804845073301
18461000 -6.09141983745181
18462000 -6.04004624253408
18463000 -6.00258469107953
18464000 -6.07367788248521
18465000 -6.12140296437703
18466000 -6.06179316397945
18467000 -6.00162864505056
18468000 -6.06732924597423
18469000 -6.11511879241087
18470000 -6.0716792074648
18471000 -6.03532222825999
18472000 -6.03259942324691
18473000 -6.08844964359054
18474000 -6.06559947145585
18475000 -6.01875451388056
18476000 -6.04947583784875
18477000 -6.05999265763136
18478000 -6.07346738855521
18479000 -6.08313869452857
18480000 -6.09480520970446
18481000 -6.05371317780772
18482000 -6.07492723806986
18483000 -6.10520397188985
18484000 -6.09374318354446
18485000 -6.05018542797151
18486000 -6.03233361448963
18487000 -6.07097367498891
18488000 -6.11585470579147
18489000 -6.06220684608825
18490000 -6.03395276889804
18491000 -6.07300886500703
18492000 -6.10608851964818
18493000 -6.06099911638759
18494000 -6.05332870183027
18495000 -6.0928784505268
18496000 -6.07567468046581
18497000 -6.05201615246061
18498000 -6.05113665275082
18499000 -6.11599851187721
18500000 -6.12605490702703
18501000 -6.0895383507291
18502000 -6.06241125974507
18503000 -6.06710367918266
18504000 -6.07142013134963
18505000 -6.06703742222331
18506000 -6.06932147294284
18507000 -6.0944604665236
18508000 -6.04605543871785
18509000 -6.07310970732315
18510000 -6.07024014493257
18511000 -6.13178867927025
18512000 -6.08326934367639
18513000 -6.06383636564328
18514000 -6.08787111850721
18515000 -6.12319709684904
18516000 -6.07748114177934
18517000 -6.03362590242625
18518000 -6.08159726420586
18519000 -6.08628878503652
18520000 -6.05512184593336
18521000 -6.04836874334839
18522000 -6.10288133525557
18523000 -6.10174762296359
18524000 -6.10158038325523
18525000 -6.04598650307314
18526000 -6.08884735514881
18527000 -6.09395235768884
18528000 -6.0977740878123
18529000 -6.07212464742134
18530000 -6.06925186201003
18531000 -6.08923183706422
18532000 -6.05762173290247
18533000 -6.07103709178375
18534000 -6.07812257876951
18535000 -6.08886634525414
18536000 -6.09407802073383
18537000 -6.08818421151348
18538000 -6.10141868543472
18539000 -6.08605620858371
18540000 -6.0895151701591
18541000 -6.09898325309905
18542000 -6.11021214817521
18543000 -6.05264273986874
18544000 -6.05721565181793
18545000 -6.10475223448182
18546000 -6.11315987356458
18547000 -6.05853368366317
18548000 -6.04093319869921
18549000 -6.10382218678936
18550000 -6.09368891949399
18551000 -6.06389813561441
18552000 -6.05638247019232
18553000 -6.13161183468358
18554000 -6.13156735869514
18555000 -6.09520922028636
18556000 -6.05493626962318
18557000 -6.10813095313931
18558000 -6.12798226776605
18559000 -6.11272532153758
18560000 -6.07327325405049
18561000 -6.09673957342376
18562000 -6.11302547692575
18563000 -6.07176122437397
18564000 -6.09966179103293
18565000 -6.09302420669678
18566000 -6.05420603376229
18567000 -6.08635658332076
18568000 -6.09323723095406
18569000 -6.08915874836904
18570000 -6.06449866362759
18571000 -6.08778795451089
18572000 -6.13791343493775
18573000 -6.13108510332684
18574000 -6.07361446320935
18575000 -6.06532041779872
18576000 -6.14178944184413
18577000 -6.12758588144736
18578000 -6.0437769209611
18579000 -6.06570683965459
18580000 -6.1646366590184
18581000 -6.15911880636652
18582000 -6.05933993804918
18583000 -6.03923942423606
18584000 -6.12634537818574
18585000 -6.11700989306288
18586000 -6.04550975223709
18587000 -6.06590411390289
18588000 -6.12155744342592
18589000 -6.08159917240578
18590000 -6.08196519526204
18591000 -6.09432903142177
18592000 -6.11323891895379
18593000 -6.07794044145309
18594000 -6.11064532047933
18595000 -6.17241681221981
18596000 -6.1350169840139
18597000 -6.07269214758881
18598000 -6.10958778359032
18599000 -6.17080410591086
18600000 -6.12452542709051
18601000 -6.09104922525511
18602000 -6.12509092677933
18603000 -6.15243996683117
18604000 -6.09490619857768
18605000 -6.0637988346106
18606000 -6.11521219264725
18607000 -6.15285595050097
18608000 -6.10638893527048
18609000 -6.06991714608115
18610000 -6.12457130459649
18611000 -6.1470442068683
18612000 -6.11522154003096
18613000 -6.0905919515747
18614000 -6.1304361278349
18615000 -6.14684803550528
18616000 -6.09863575569631
18617000 -6.10697616120799
18618000 -6.1296253951213
18619000 -6.12300635857537
18620000 -6.09350279647711
18621000 -6.11941921253296
18622000 -6.12028136875819
18623000 -6.10249799233067
18624000 -6.08943246791222
18625000 -6.11096720623902
18626000 -6.13920316699105
18627000 -6.09423458817859
18628000 -6.07891053287386
18629000 -6.12645675151754
18630000 -6.11772021540317
18631000 -6.10034195325638
18632000 -6.09212272990759
18633000 -6.10514743079158
18634000 -6.15921590109722
18635000 -6.10727025830491
18636000 -6.09244621470596
18637000 -6.09891521167411
18638000 -6.12136246153622
18639000 -6.12676061382707
18640000 -6.10986325292202
18641000 -6.1307033788257
18642000 -6.12500898405253
18643000 -6.12789439507437
18644000 -6.11235684781775
18645000 -6.15687726812043
18646000 -6.16428794739895
18647000 -6.15836277476127
18648000 -6.14033618730052
18649000 -6.11980863210337
18650000 -6.11767184208912
18651000 -6.10969833137139
18652000 -6.12487382735505
18653000 -6.15098749091843
18654000 -6.13014048716245
18655000 -6.09720013148586
18656000 -6.10474736977034
18657000 -6.14500137671983
18658000 -6.14613790901474
18659000 -6.10267703726292
18660000 -6.08761684103153
18661000 -6.13450080525207
18662000 -6.1294689782469
18663000 -6.10755336537984
18664000 -6.11649257371454
18665000 -6.13859447305501
18666000 -6.14748185916962
18667000 -6.09828211615555
18668000 -6.07232916432196
18669000 -6.16386766266925
18670000 -6.16304635232043
18671000 -6.10501708179638
18672000 -6.07878913445771
18673000 -6.12711596437947
18674000 -6.1474580653902
18675000 -6.13522014532736
18676000 -6.13862611195254
18677000 -6.16115634705395
18678000 -6.14714116718235
18679000 -6.1489073738987
18680000 -6.11464502699084
18681000 -6.1260407948381
18682000 -6.14913963399381
18683000 -6.15164658728804
18684000 -6.14118251666425
18685000 -6.127079981135
18686000 -6.1262502417235
18687000 -6.12984001317445
18688000 -6.17950863980456
18689000 -6.15055638271576
18690000 -6.1027598249809
18691000 -6.12284970721592
18692000 -6.16695493000306
18693000 -6.15199239662302
18694000 -6.08610630709369
18695000 -6.11126947301106
18696000 -6.16018070834397
18697000 -6.15444107309344
18698000 -6.11469997638659
18699000 -6.12559948052565
18700000 -6.16637027573855
18701000 -6.17335688890678
18702000 -6.14093407684867
18703000 -6.16420846493805
18704000 -6.16922532890997
18705000 -6.14500972915329
18706000 -6.1253654492823
18707000 -6.13355907719798
18708000 -6.14467142662447
18709000 -6.13492043109386
18710000 -6.13136666549467
18711000 -6.11413716548529
18712000 -6.13142487386394
18713000 -6.14566462944923
18714000 -6.14112647945677
18715000 -6.14920995465383
18716000 -6.13051618519602
18717000 -6.14637277643211
18718000 -6.1048796014149
18719000 -6.13176734786171
18720000 -6.17830848504076
18721000 -6.14500523003982
18722000 -6.11552414232323
18723000 -6.10970108255933
18724000 -6.13753449186115
18725000 -6.1724552551289
18726000 -6.13995818141327
18727000 -6.12518992472372
18728000 -6.16095335388893
18729000 -6.16701329168775
18730000 -6.14700532053564
18731000 -6.12105222058564
18732000 -6.15809785733543
18733000 -6.1783254025707
18734000 -6.1245835212334
18735000 -6.13972610982762
18736000 -6.15071410829596
18737000 -6.1702101962277
18738000 -6.14596971067522
18739000 -6.14306715949956
18740000 -6.15390160173573
18741000 -6.15084601845565
18742000 -6.13540956619545
18743000 -6.13963478036899
18744000 -6.14410368000732
18745000 -6.17562390212412
18746000 -6.15616637015643
18747000 -6.1565275948995
18748000 -6.16019614177487
18749000 -6.14456096600684
18750000 -6.12957075593038
18751000 -6.15895165625848
18752000 -6.19027380266082
18753000 -6.19101717226323
18754000 -6.12904235036148
18755000 -6.1754381262204
18756000 -6.18763487486746
18757000 -6.16518928979518
18758000 -6.13160152764306
18759000 -6.15889364283492
18760000 -6.16172329205074
18761000 -6.16038395301365
18762000 -6.11688195330807
18763000 -6.16083985602437
18764000 -6.14936308551725
18765000 -6.13752111791183
18766000 -6.14335390392494
18767000 -6.14852350896046
18768000 -6.16702111355669
18769000 -6.13348975744222
18770000 -6.14656377192051
18771000 -6.21590930808299
18772000 -6.19950397966012
18773000 -6.14102346340519
18774000 -6.11651883315658
18775000 -6.17886285641173
18776000 -6.17253551018022
18777000 -6.14295042617184
18778000 -6.1464632309629
18779000 -6.14161622119017
18780000 -6.18291901799374
18781000 -6.16467905266704
18782000 -6.12447867969547
18783000 -6.1489455099391
18784000 -6.17547032734033
18785000 -6.1567870346199
18786000 -6.16077289371462
18787000 -6.16240259516662
18788000 -6.17494051576746
18789000 -6.16267555561184
18790000 -6.15997224377988
18791000 -6.15441734105807
18792000 -6.16624064523829
18793000 -6.15620135594412
18794000 -6.16112568222152
18795000 -6.16134219521913
18796000 -6.14693165243393
18797000 -6.1665393924236
18798000 -6.18405479542715
18799000 -6.1632129917577
18800000 -6.13311841386434
18801000 -6.16286542502881
18802000 -6.17824226323814
18803000 -6.17349785157789
18804000 -6.16538426455126
18805000 -6.1699691859648
18806000 -6.19850237966279
18807000 -6.16904051807844
18808000 -6.1466069191271
18809000 -6.14065580792607
18810000 -6.1586671037166
18811000 -6.18406099242144
18812000 -6.19113564363043
18813000 -6.16755604500421
18814000 -6.15793582241539
18815000 -6.17481087046469
18816000 -6.18154187447633
18817000 -6.1858582155788
18818000 -6.18082349224212
18819000 -6.17480816183382
18820000 -6.17535359497715
18821000 -6.16189294038543
18822000 -6.18813208957212
18823000 -6.18593496517973
18824000 -6.16473985717029
18825000 -6.18007597973565
18826000 -6.16470529595557
18827000 -6.16318199802089
18828000 -6.16184850028058
18829000 -6.15041619541213
18830000 -6.17331189351122
18831000 -6.16986717616362
18832000 -6.17407385833021
18833000 -6.15133136343717
18834000 -6.20824342472523
18835000 -6.20742126571532
18836000 -6.15832321304429
18837000 -6.16784285071757
18838000 -6.18070740430407
18839000 -6.21782816728263
18840000 -6.19769027958829
18841000 -6.15945220062709
18842000 -6.16318730442016
18843000 -6.18693311009799
18844000 -6.18333054339022
18845000 -6.16837000932689
18846000 -6.18569260333732
18847000 -6.17213972833857
18848000 -6.16182549124808
18849000 -6.16621154684408
18850000 -6.17870376134134
18851000 -6.18756267999989
18852000 -6.16834138840233
18853000 -6.15914668882651
18854000 -6.20473260968514
18855000 -6.22787112336302
18856000 -6.17851681602067
18857000 -6.17399349005216
18858000 -6.20743358451496
18859000 -6.21143110837707
18860000 -6.16168333565551
18861000 -6.18147246244379
18862000 -6.22402513176411
18863000 -6.21760129749673
18864000 -6.15831362731596
18865000 -6.15444950992754
18866000 -6.24526519115202
18867000 -6.20906593385092
18868000 -6.16086493503099
18869000 -6.14919090744243
18870000 -6.18957519812472
18871000 -6.20728357128922
18872000 -6.18419111161392
18873000 -6.17986473202484
18874000 -6.19829323306027
18875000 -6.20846220915018
18876000 -6.16744053043273
18877000 -6.16967804262566
18878000 -6.22669623907402
18879000 -6.23384027391719
18880000 -6.20173701472114
18881000 -6.20434607142122
18882000 -6.19035668673259
18883000 -6.21366758889478
18884000 -6.2080920161203
18885000 -6.18541085057963
18886000 -6.1945687728891
18887000 -6.2295932080507
18888000 -6.1690845129462
18889000 -6.1583950971909
18890000 -6.16469662074225
18891000 -6.20556532593075
18892000 -6.20691175981814
18893000 -6.16421544788772
18894000 -6.19155094845147
18895000 -6.20752123045084
18896000 -6.1980641714979
18897000 -6.16660662777417
18898000 -6.1671382161452
18899000 -6.21746152827067
18900000 -6.20104135627304
18901000 -6.1648710080371
18902000 -6.19927917557055
18903000 -6.2113273913073
18904000 -6.20544640366631
18905000 -6.19134276602498
18906000 -6.18707122064379
18907000 -6.20952112044239
18908000 -6.22160206218635
18909000 -6.17234699156535
18910000 -6.19094693362492
18911000 -6.23097163705187
18912000 -6.20424286678803
18913000 -6.19343722242545
18914000 -6.19543460692246
18915000 -6.19081600420909
18916000 -6.23523981707817
18917000 -6.19218973589696
18918000 -6.19910800720793
18919000 -6.22082476733711
18920000 -6.21567184654894
18921000 -6.21578520899564
18922000 -6.18724614839297
18923000 -6.17630741410947
18924000 -6.20124838481872
18925000 -6.21305531652121
18926000 -6.20752279579675
18927000 -6.18935279821507
18928000 -6.1807486391866
18929000 -6.21859119112531
18930000 -6.20556424349518
18931000 -6.22973617950307
18932000 -6.2234363798128
18933000 -6.23450378574028
18934000 -6.19748682727801
18935000 -6.16939472225039
18936000 -6.20430467594816
18937000 -6.24648697017573
18938000 -6.2313345932123
18939000 -6.21152098185602
18940000 -6.22400788863109
18941000 -6.22138658631195
18942000 -6.22388685033593
18943000 -6.18115046324385
18944000 -6.21807058693621
18945000 -6.23753710236967
18946000 -6.20586193470134
18947000 -6.21367886224388
18948000 -6.21202418382402
18949000 -6.24562285813175
18950000 -6.22214468140288
18951000 -6.21804380617752
18952000 -6.21384918372732
18953000 -6.2080289728887
18954000 -6.21889891210911
18955000 -6.20406881952842
18956000 -6.22802586869968
18957000 -6.20385044859703
18958000 -6.17676316035019
18959000 -6.18309441104068
18960000 -6.22646153495305
18961000 -6.2397492394886
18962000 -6.22724401259286
18963000 -6.21411883601753
18964000 -6.20133606751258
18965000 -6.22160531388637
18966000 -6.22988061421768
18967000 -6.20422117639459
18968000 -6.23112961714377
18969000 -6.21940148863156
18970000 -6.23938732736285
18971000 -6.2257827260796
18972000 -6.20531675168936
18973000 -6.19416151849748
18974000 -6.21937687354135
18975000 -6.22772194570781
18976000 -6.21834308946682
18977000 -6.22894590918819
18978000 -6.23628745121448
18979000 -6.22420079790714
18980000 -6.21643315001392
18981000 -6.23111417045447
18982000 -6.27464766645172
18983000 -6.2213802690024
18984000 -6.23348401794689
18985000 -6.25086782004519
18986000 -6.24777462210259
18987000 -6.21401190335005
18988000 -6.2076878465052
18989000 -6.22274410540825
18990000 -6.23127181243569
18991000 -6.21917504270669
18992000 -6.22735430361356
18993000 -6.22494219964462
18994000 -6.2494043621364
18995000 -6.2274129762015
18996000 -6.24897359948489
18997000 -6.21167178552475
18998000 -6.22764745872993
18999000 -6.23617584667726
19000000 -6.22881497339027
19001000 -6.25716840908088
19002000 -6.23029948163853
19003000 -6.23027781948937
19004000 -6.2185202918291
19005000 -6.23620163250084
19006000 -6.21683953195176
19007000 -6.24872833255017
19008000 -6.25706351915463
19009000 -6.2309059861207
19010000 -6.23376715060199
19011000 -6.23054875731196
19012000 -6.2225201948179
19013000 -6.20295503864801
19014000 -6.23377022928797
19015000 -6.26909830813385
19016000 -6.24375717003491
19017000 -6.22429969294393
19018000 -6.23684232817262
19019000 -6.25171940576665
19020000 -6.27683188100082
19021000 -6.23373420138872
19022000 -6.23655753133816
19023000 -6.27245131873504
19024000 -6.27559516963864
19025000 -6.23191331489155
19026000 -6.21904240483931
19027000 -6.22642786206097
19028000 -6.24742021573177
19029000 -6.24677846364871
19030000 -6.2310653005393
19031000 -6.27472739615094
19032000 -6.25461992550022
19033000 -6.24663614934928
19034000 -6.23929044831694
19035000 -6.25004044000443
19036000 -6.21169241361545
19037000 -6.23118356680025
19038000 -6.27191433189202
19039000 -6.25740764555353
19040000 -6.22642583672322
19041000 -6.22408296267374
19042000 -6.26041109505569
19043000 -6.29133694862147
19044000 -6.23386386986478
19045000 -6.2155450852177
19046000 -6.25856290737097
19047000 -6.27322701251197
19048000 -6.21185884495878
19049000 -6.1867926199211
19050000 -6.25039175722114
19051000 -6.2877824154868
19052000 -6.2535370622291
19053000 -6.21447244849802
19054000 -6.23448747227554
19055000 -6.26952859169105
19056000 -6.26433041190583
19057000 -6.21948130413954
19058000 -6.25810917857483
19059000 -6.30653814170422
19060000 -6.27488127346587
19061000 -6.2223719644794
19062000 -6.20097656494907
19063000 -6.24796348002168
19064000 -6.25746463516231
19065000 -6.23161780558883
19066000 -6.25194885185437
19067000 -6.2515316549857
19068000 -6.24847614278579
19069000 -6.23199697366179
19070000 -6.23214498750755
19071000 -6.27372259193206
19072000 -6.25732702425508
19073000 -6.24957475485349
19074000 -6.24828582965171
19075000 -6.27866670020324
19076000 -6.22819900424964
19077000 -6.23266007419558
19078000 -6.27611701930785
19079000 -6.30581660937058
19080000 -6.26195450686457
19081000 -6.22666222574398
19082000 -6.26743771283134
19083000 -6.2749245531909
19084000 -6.26186395322334
19085000 -6.23738470483653
19086000 -6.27911023437182
19087000 -6.28112453846566
19088000 -6.25245498178619
19089000 -6.1978896176592
19090000 -6.22619665363758
19091000 -6.29449425756312
19092000 -6.27411345303069
19093000 -6.21302984167953
19094000 -6.2565140346364
19095000 -6.28055272950388
19096000 -6.28065494018312
19097000 -6.24563011037942
19098000 -6.22675875406849
19099000 -6.26255670994156
19100000 -6.25104667337309
19101000 -6.28426907498236
19102000 -6.27697084237282
19103000 -6.25922474555859
19104000 -6.27470172674093
19105000 -6.27207302124156
19106000 -6.29553762010683
19107000 -6.26926766969114
19108000 -6.27127195723872
19109000 -6.24517422520943
19110000 -6.29121099418299
19111000 -6.3166539609712
19112000 -6.23893360569995
19113000 -6.20553976101499
19114000 -6.25564866756665
19115000 -6.30305018629854
19116000 -6.2578824619877
19117000 -6.22235194478502
19118000 -6.22327793998883
19119000 -6.28345747440564
19120000 -6.30841184137556
19121000 -6.22877251671083
19122000 -6.22192657101087
19123000 -6.28208864367011
19124000 -6.31368534189893
19125000 -6.25712723832029
19126000 -6.22819643304886
19127000 -6.27017334642476
19128000 -6.27196846995875
19129000 -6.25248965759625
19130000 -6.26151646050559
19131000 -6.24155503374206
19132000 -6.26197435953625
19133000 -6.24707819892613
19134000 -6.31411009187672
19135000 -6.34600180656561
19136000 -6.2742932546735
19137000 -6.2307735819698
19138000 -6.28935438268474
19139000 -6.31385586999392
19140000 -6.23726085290019
19141000 -6.19478523335946
19142000 -6.27716153081605
19143000 -6.31752680669588
19144000 -6.29474716221627
19145000 -6.24418793735067
19146000 -6.27244831401737
19147000 -6.31392997957392
19148000 -6.29375302956894
19149000 -6.25523930793767
19150000 -6.25969114754519
19151000 -6.2954542393797
19152000 -6.31644592937768
19153000 -6.25007963174957
19154000 -6.26079109720442
19155000 -6.31311653218409
19156000 -6.30167637835949
19157000 -6.23178824706951
19158000 -6.23232356122538
19159000 -6.29868691446055
19160000 -6.34330852873823
19161000 -6.27653908759346
19162000 -6.23531336897073
19163000 -6.27543684557795
19164000 -6.31058845551007
19165000 -6.27615044653639
19166000 -6.26543003137165
19167000 -6.31401662254437
19168000 -6.29895493317226
19169000 -6.28492555146123
19170000 -6.28439778184902
19171000 -6.28292107461808
19172000 -6.28160006236585
19173000 -6.27720847906
19174000 -6.29711711167082
19175000 -6.32284022018585
19176000 -6.27414602051727
19177000 -6.21708750087175
19178000 -6.24501764283982
19179000 -6.32852142000237
19180000 -6.30507330472155
19181000 -6.25565852423886
19182000 -6.26869205685259
19183000 -6.34007552321065
19184000 -6.30569712235098
19185000 -6.25731582337613
19186000 -6.26034920209631
19187000 -6.31882055104243
19188000 -6.31928754372944
19189000 -6.26682195793054
19190000 -6.30034270615147
19191000 -6.30936673881419
19192000 -6.3234861165594
19193000 -6.29789513017062
19194000 -6.30744464090843
19195000 -6.28217831716903
19196000 -6.30108840753738
19197000 -6.28289040775966
19198000 -6.27830557602849
19199000 -6.29799346070546
19200000 -6.30010818289097
19201000 -6.28658024896176
19202000 -6.28429574541138
19203000 -6.3183450992424
19204000 -6.28447768686139
19205000 -6.26535410262839
19206000 -6.29950618700579
19207000 -6.30854487213522
19208000 -6.27832285386327
19209000 -6.27655322876307
19210000 -6.28866431491097
19211000 -6.32942122949829
19212000 -6.28310996923577
19213000 -6.29155628575077
19214000 -6.31888313935176
19215000 -6.30563725477414
19216000 -6.30999062694893
19217000 -6.28153955030414
19218000 -6.29842932854906
19219000 -6.31299123205004
19220000 -6.31512210735045
19221000 -6.29237802308949
19222000 -6.29667490644958
19223000 -6.26476018314672
19224000 -6.29975952387998
19225000 -6.30424290634184
19226000 -6.3130414283998
19227000 -6.29040803235946
19228000 -6.30522027267335
19229000 -6.28534968178742
19230000 -6.31547685870957
19231000 -6.30664821137546
19232000 -6.28374461925158
19233000 -6.27900424146676
19234000 -6.34505769662286
19235000 -6.33038620909662
19236000 -6.3133707643031
19237000 -6.30389688194351
19238000 -6.29754869090463
19239000 -6.29601985422542
19240000 -6.30404218411586
19241000 -6.28648403315318
19242000 -6.2974558484491
19243000 -6.30287950948945
19244000 -6.29319883528792
19245000 -6.2991125605283
19246000 -6.30537876889361
19247000 -6.31171630618257
19248000 -6.31066497722377
19249000 -6.31636540714958
19250000 -6.30746712504598
19251000 -6.31871875214673
19252000 -6.31746137172896
19253000 -6.32984237222628
19254000 -6.29345092965426
19255000 -6.32923995809602
19256000 -6.3358612437785
19257000 -6.35213083307254
19258000 -6.3180053182478
19259000 -6.29891828862951
19260000 -6.27558504626514
19261000 -6.29519474350719
19262000 -6.3348916538141
19263000 -6.32672140216371
19264000 -6.30365465016416
19265000 -6.28769462733717
19266000 -6.30969895076157
19267000 -6.30646826458255
19268000 -6.30802228677604
19269000 -6.30225742821984
19270000 -6.31311777834889
19271000 -6.30958391201823
19272000 -6.30085771893619
19273000 -6.31914613584939
19274000 -6.31070534061521
19275000 -6.30840287201906
19276000 -6.30909544475904
19277000 -6.30518369471696
19278000 -6.31593933351981
19279000 -6.32126414767335
19280000 -6.31417231073458
19281000 -6.32864154406105
19282000 -6.29525533261689
19283000 -6.31394634038883
19284000 -6.34578914384933
19285000 -6.33978947043255
19286000 -6.29992840040561
19287000 -6.29725263837258
19288000 -6.31539739969904
19289000 -6.32015221591276
19290000 -6.29907006588134
19291000 -6.30692341465904
19292000 -6.28889623693221
19293000 -6.33193936770685
19294000 -6.31813100452185
19295000 -6.31702900980946
19296000 -6.3376252072289
19297000 -6.33005717131137
19298000 -6.31166904139252
19299000 -6.31864477840806
19300000 -6.32523490187556
19301000 -6.32715638751634
19302000 -6.2906942663775
19303000 -6.29024235846928
19304000 -6.36595225155143
19305000 -6.34530394997037
19306000 -6.32690993259343
19307000 -6.30404714645868
19308000 -6.33608884139327
19309000 -6.34082252245626
19310000 -6.33134063785126
19311000 -6.2872898364481
19312000 -6.33504516268493
19313000 -6.37683416312949
19314000 -6.35557764346659
19315000 -6.30225888114691
19316000 -6.32918322104524
19317000 -6.35268633820999
19318000 -6.34931307511502
19319000 -6.28808476841001
19320000 -6.29096151013521
19321000 -6.31315179201339
19322000 -6.32805412736023
19323000 -6.3611343830318
19324000 -6.34580966093627
19325000 -6.31121203571517
19326000 -6.31006627676651
19327000 -6.33703456199343
19328000 -6.35645781455587
19329000 -6.3432341584032
19330000 -6.32173706835247
19331000 -6.32676015944791
19332000 -6.34288181022637
19333000 -6.33573706681172
19334000 -6.29848834373166
19335000 -6.31959934944145
19336000 -6.3751760819872
19337000 -6.35174464912619
19338000 -6.32200463781851
19339000 -6.30367269710446
19340000 -6.34690497765169
19341000 -6.33053599825086
19342000 -6.31441870206494
19343000 -6.31641235929005
19344000 -6.35576006403016
19345000 -6.34020128745274
19346000 -6.33396967819053
19347000 -6.33185080150953
19348000 -6.34114823005321
19349000 -6.35023618229402
19350000 -6.34764344972379
19351000 -6.31869761502325
19352000 -6.31425029259156
19353000 -6.32599092438582
19354000 -6.32290998471038
19355000 -6.34319592858558
19356000 -6.34113259100514
19357000 -6.33939848459813
19358000 -6.35470117683731
19359000 -6.31856216410958
19360000 -6.33401560509553
19361000 -6.32723032583493
19362000 -6.34688268561871
19363000 -6.3356217633149
19364000 -6.33028195846234
19365000 -6.34256706515567
19366000 -6.351791849575
19367000 -6.33024936419632
19368000 -6.3381264181258
19369000 -6.37869745293198
19370000 -6.35948678986638
19371000 -6.30336104595783
19372000 -6.29659509741194
19373000 -6.35636357475947
19374000 -6.36368918093996
19375000 -6.33952151235329
19376000 -6.2883223120677
19377000 -6.3170334155723
19378000 -6.38177609299784
19379000 -6.3383716932137
19380000 -6.30062922549835
19381000 -6.31612527223239
19382000 -6.36558281680488
19383000 -6.35053682274878
19384000 -6.32630923780992
19385000 -6.3285881902147
19386000 -6.36544242204723
19387000 -6.36640405719382
19388000 -6.36135858139527
19389000 -6.34371472567871
19390000 -6.33726450672572
19391000 -6.30366205330569
19392000 -6.27817720719443
19393000 -6.3297806583708
19394000 -6.37537829343189
19395000 -6.30408778210106
19396000 -6.28392639318796
19397000 -6.36236505185645
19398000 -6.39589130195238
19399000 -6.35337552252842
19400000 -6.30919256679117
19401000 -6.3578816012761
19402000 -6.39738587615062
19403000 -6.37878706812241
19404000 -6.3175716641394
19405000 -6.34424968718201
19406000 -6.38317130187523
19407000 -6.38685971640106
19408000 -6.33658993434265
19409000 -6.3208127059893
19410000 -6.34509805098357
19411000 -6.38141112585311
19412000 -6.34444232379385
19413000 -6.31547104591848
19414000 -6.38125399736814
19415000 -6.40228451193651
19416000 -6.3509728141425
19417000 -6.32629516835096
19418000 -6.3266279889253
19419000 -6.37607497101415
19420000 -6.36389337313298
19421000 -6.34769049892166
19422000 -6.3603320961827
19423000 -6.38056015535629
19424000 -6.37848422799316
19425000 -6.34675541276893
19426000 -6.34030983667508
19427000 -6.36044994741459
19428000 -6.34937361494992
19429000 -6.35914493263097
19430000 -6.358088286231
19431000 -6.37325538221702
19432000 -6.38512309083833
19433000 -6.34817213386788
19434000 -6.35039075459482
19435000 -6.35833838172448
19436000 -6.37848279795661
19437000 -6.3611007977921
19438000 -6.37284840352769
19439000 -6.38021686891291
19440000 -6.35964843306481
19441000 -6.33195749043917
19442000 -6.3651414748684
19443000 -6.42444923616797
19444000 -6.38087625123318
19445000 -6.35302676054648
19446000 -6.3640509826641
19447000 -6.38989172100062
19448000 -6.39004558975774
19449000 -6.34834920067905
19450000 -6.34006730065517
19451000 -6.36529284476457
19452000 -6.38070583596452
19453000 -6.32401841174514
19454000 -6.35784187960142
19455000 -6.37477712352225
19456000 -6.40037828045374
19457000 -6.36290475110507
19458000 -6.35725840252133
19459000 -6.34307122344905
19460000 -6.39443426165515
19461000 -6.368908934921
19462000 -6.3758485770802
19463000 -6.3842235794812
19464000 -6.37644092222128
19465000 -6.37383882445054
19466000 -6.36690699858207
19467000 -6.39633783652741
19468000 -6.36261252978358
19469000 -6.32824224487752
19470000 -6.35007768271262
19471000 -6.40442081501468
19472000 -6.41783833077607
19473000 -6.37313035425566
19474000 -6.35362970823943
19475000 -6.39740018965659
19476000 -6.38278054573232
19477000 -6.35096863590544
19478000 -6.35506706532838
19479000 -6.38210681609027
19480000 -6.42354294731479
19481000 -6.3626308021043
19482000 -6.3428457411721
19483000 -6.38463294748006
19484000 -6.41466161670349
19485000 -6.38334672860081
19486000 -6.36479528826372
19487000 -6.40619216535557
19488000 -6.42108771522838
19489000 -6.4174221018166
19490000 -6.36791692857519
19491000 -6.35687418489444
19492000 -6.40181020563492
19493000 -6.41467205253595
19494000 -6.36084931447926
19495000 -6.36858070867216
19496000 -6.42862360011093
19497000 -6.41937244705595
19498000 -6.37888694889978
19499000 -6.35078058792873
19500000 -6.36619163549733
19501000 -6.38634633954143
19502000 -6.37048752506591
19503000 -6.38214993530164
19504000 -6.37259659058622
19505000 -6.34688578106739
19506000 -6.3553537408445
19507000 -6.38722809837718
19508000 -6.38210486718008
19509000 -6.38439554178865
19510000 -6.37689190694478
19511000 -6.42087101471115
19512000 -6.42928169956504
19513000 -6.38220474812618
19514000 -6.35668243781323
19515000 -6.38320946788886
19516000 -6.391743540219
19517000 -6.38780145051501
19518000 -6.36014621920239
19519000 -6.37433073223589
19520000 -6.39990859272031
19521000 -6.40506043399454
19522000 -6.36935638225556
19523000 -6.40473744654492
19524000 -6.39588287399133
19525000 -6.37860898150823
19526000 -6.39405939009344
19527000 -6.40075427345889
19528000 -6.41191510834219
19529000 -6.37400365404421
19530000 -6.39455506746643
19531000 -6.39593531916998
19532000 -6.40756283749618
19533000 -6.37391094021157
19534000 -6.35374770081097
19535000 -6.4070163536202
19536000 -6.40813652481568
19537000 -6.36775386724986
19538000 -6.33438719920919
19539000 -6.41918506506663
19540000 -6.4261936311127
19541000 -6.40224917802428
19542000 -6.37703965288767
19543000 -6.40902032427562
19544000 -6.43248060881515
19545000 -6.39672220385236
19546000 -6.39643497962529
19547000 -6.40655510651576
19548000 -6.40599035564984
19549000 -6.39615164590528
19550000 -6.3398261652847
19551000 -6.37287511755797
19552000 -6.41522235012675
19553000 -6.38403106278632
19554000 -6.34754318001822
19555000 -6.40180843644391
19556000 -6.45558176515371
19557000 -6.41562849588388
19558000 -6.35062800894677
19559000 -6.40097452251678
19560000 -6.4548548081282
19561000 -6.37515904797574
19562000 -6.36588935227805
19563000 -6.39100748302347
19564000 -6.43776511730351
19565000 -6.39532651374191
19566000 -6.37203726447253
19567000 -6.40080883796209
19568000 -6.42056224833906
19569000 -6.39615778276573
19570000 -6.3976543352636
19571000 -6.37664404411627
19572000 -6.45401275875901
19573000 -6.43804743773232
19574000 -6.35448189123594
19575000 -6.41367160230608
19576000 -6.43054439656691
19577000 -6.41922715812744
19578000 -6.38788638334062
19579000 -6.40137681069722
19580000 -6.39335185195407
19581000 -6.39583677640393
19582000 -6.3950712215954
19583000 -6.41337939028502
19584000 -6.44400155306724
19585000 -6.38237501385312
19586000 -6.35589496003045
19587000 -6.42199572347466
19588000 -6.46104874929894
19589000 -6.41237611025945
19590000 -6.37648536331958
19591000 -6.41958130712048
19592000 -6.46010348601592
19593000 -6.40528887541387
19594000 -6.36105639660733
19595000 -6.39417977987641
19596000 -6.47760465859161
19597000 -6.42800702436565
19598000 -6.39420970776131
19599000 -6.40031469883433
19600000 -6.45790645258218
19601000 -6.4408883626885
19602000 -6.40386957414326
19603000 -6.38619017840643
19604000 -6.41598679524672
19605000 -6.40613743118872
19606000 -6.39951973579057
19607000 -6.40916082424315
19608000 -6.42887917817813
19609000 -6.46794403999164
19610000 -6.42478087968102
19611000 -6.4036721722524
19612000 -6.44696232190405
19613000 -6.42509845315455
19614000 -6.41106504553497
19615000 -6.37564264406296
19616000 -6.43217384205202
19617000 -6.41964784069025
19618000 -6.37307387599601
19619000 -6.3784309713354
19620000 -6.43313469370337
19621000 -6.43434768564535
19622000 -6.4298686091957
19623000 -6.42381451634733
19624000 -6.4338830378169
19625000 -6.44525134673712
19626000 -6.38944340524857
19627000 -6.39936263867837
19628000 -6.40905556843695
19629000 -6.44239730740887
19630000 -6.41870661792287
19631000 -6.40752555887761
19632000 -6.42195772393235
19633000 -6.44192698439296
19634000 -6.46178612478384
19635000 -6.41221897208223
19636000 -6.45626827814646
19637000 -6.44907686090234
19638000 -6.42649674528257
19639000 -6.40935298373177
19640000 -6.43842191833821
19641000 -6.40884043350607
19642000 -6.40527884528858
19643000 -6.41430899946332
19644000 -6.45530457107183
19645000 -6.47123272915289
19646000 -6.41900262508631
19647000 -6.42528516325727
19648000 -6.49099131675482
19649000 -6.45128792064194
19650000 -6.40355771922345
19651000 -6.39058152321949
19652000 -6.45872754580971
19653000 -6.46588369396712
19654000 -6.42704941430322
19655000 -6.4195269447209
19656000 -6.43172225741915
19657000 -6.44276419152356
19658000 -6.43324325276895
19659000 -6.43869949215987
19660000 -6.44644289680687
19661000 -6.43894371596
19662000 -6.43192683472719
19663000 -6.44412292540947
19664000 -6.47863687459925
19665000 -6.43458027116849
19666000 -6.38148035761607
19667000 -6.39424092690085
19668000 -6.44768127869721
19669000 -6.46361009965146
19670000 -6.43715670043017
19671000 -6.42279792396585
19672000 -6.45438475321581
19673000 -6.49182257367987
19674000 -6.44726994453263
19675000 -6.38088555672065
19676000 -6.42945010013599
19677000 -6.48074437745054
19678000 -6.46636897883087
19679000 -6.43667932997744
19680000 -6.41475581595142
19681000 -6.46810253020812
19682000 -6.4734158919077
19683000 -6.43497462803504
19684000 -6.40989740330504
19685000 -6.42494642292462
19686000 -6.43288726789395
19687000 -6.46140029615364
19688000 -6.41001762425479
19689000 -6.41918027999079
19690000 -6.46283824669598
19691000 -6.46656552681161
19692000 -6.43855709184165
19693000 -6.42641772004878
19694000 -6.4373426851601
19695000 -6.47286335462464
19696000 -6.47314247708018
19697000 -6.45807753926781
19698000 -6.4614416726186
19699000 -6.41175446912111
19700000 -6.42025586993589
19701000 -6.46529208247322
19702000 -6.46211666385691
19703000 -6.44190308134271
19704000 -6.41683159210956
19705000 -6.45341926723191
19706000 -6.48591477044836
19707000 -6.4682611800852
19708000 -6.42032768858223
19709000 -6.44288401917104
19710000 -6.46904940796799
19711000 -6.45804527701777
19712000 -6.42122316144624
19713000 -6.43480124439472
19714000 -6.48594828193438
19715000 -6.47147977861733
19716000 -6.42929851223039
19717000 -6.41559901252166
19718000 -6.46507494585227
19719000 -6.48217416610637
19720000 -6.45092745361708
19721000 -6.43643336517691
19722000 -6.44118865023843
19723000 -6.45500140046637
19724000 -6.44603421543728
19725000 -6.44234066475117
19726000 -6.42401485101619
19727000 -6.45654526258839
19728000 -6.48895361182413
19729000 -6.45956350374029
19730000 -6.42847092537452
19731000 -6.43469072906859
19732000 -6.43356850705774
19733000 -6.45880818906672
19734000 -6.47667392960958
19735000 -6.48325916963744
19736000 -6.47062011868327
19737000 -6.45225489155177
19738000 -6.45489533434327
19739000 -6.45742063336221
19740000 -6.45595672691456
19741000 -6.45236702854336
19742000 -6.45406517368043
19743000 -6.45963892121597
19744000 -6.43531790367578
19745000 -6.46583222772993
19746000 -6.46558531899965
19747000 -6.48109558675918
19748000 -6.4796152873381
19749000 -6.44780093604513
19750000 -6.43992552487152
19751000 -6.46955305922673
19752000 -6.49769675622317
19753000 -6.47482602613046
19754000 -6.426113615847
19755000 -6.44631466493769
19756000 -6.49232783375394
19757000 -6.48809777608407
19758000 -6.41765602507823
19759000 -6.41403267602513
19760000 -6.4631923019372
19761000 -6.47621297658398
19762000 -6.47860713805191
19763000 -6.4170224188977
19764000 -6.46692755123464
19765000 -6.50156582171571
19766000 -6.45903353795091
19767000 -6.42643404499709
19768000 -6.45318941574086
19769000 -6.50666818855878
19770000 -6.50388021307421
19771000 -6.45632118958894
19772000 -6.42825630198173
19773000 -6.46865303592929
19774000 -6.47966897988316
19775000 -6.44272431410051
19776000 -6.43361230385316
19777000 -6.48894433294135
19778000 -6.50845651121223
19779000 -6.42822050057275
19780000 -6.43478959836412
19781000 -6.45809067075618
19782000 -6.48932197983284
19783000 -6.48914803540884
19784000 -6.44071098889723
19785000 -6.45495777373351
19786000 -6.51618498033748
19787000 -6.45415472174643
19788000 -6.44718980887048
19789000 -6.46724763859324
19790000 -6.48014850695337
19791000 -6.45595525675715
19792000 -6.44516141128819
19793000 -6.50084964671402
19794000 -6.51637919385485
19795000 -6.46054872447096
19796000 -6.43475836127659
19797000 -6.50216824558506
19798000 -6.52913150976449
19799000 -6.49454828189674
19800000 -6.42752901927703
19801000 -6.45521940395087
19802000 -6.49811904247603
19803000 -6.48170790541235
19804000 -6.44130949181957
19805000 -6.4424228533618
19806000 -6.47598435130377
19807000 -6.50238527364699
19808000 -6.46641676112293
19809000 -6.4548687692862
19810000 -6.50007258638773
19811000 -6.51390960357264
19812000 -6.47344111755965
19813000 -6.46564459520866
19814000 -6.4947781543267
19815000 -6.49696100364736
19816000 -6.4548969564747
19817000 -6.48538244233666
19818000 -6.48501025099605
19819000 -6.51548029974742
19820000 -6.45080776258097
19821000 -6.44108045230146
19822000 -6.47977772413516
19823000 -6.51972697830239
19824000 -6.50180265597867
19825000 -6.4681827830228
19826000 -6.48303394804545
19827000 -6.51924335839675
19828000 -6.51580066659701
19829000 -6.4904004599948
19830000 -6.49458319111006
19831000 -6.51519241513905
19832000 -6.49649735109614
19833000 -6.4442243484299
19834000 -6.46297762516972
19835000 -6.4909203314259
19836000 -6.5146375246551
19837000 -6.47641311197847
19838000 -6.46225933325142
19839000 -6.50474849963893
19840000 -6.5418306789807
19841000 -6.49145520196282
19842000 -6.44587868834676
19843000 -6.47078897863077
19844000 -6.52627299069996
19845000 -6.53146422797068
19846000 -6.47719942903531
19847000 -6.46919362651691
19848000 -6.51905550057793
19849000 -6.51906274103888
19850000 -6.47700218588641
19851000 -6.44364894933948
19852000 -6.4680922174002
19853000 -6.50930966574106
19854000 -6.50081339820772
19855000 -6.49331896955869
19856000 -6.4718322709237
19857000 -6.48188630567643
19858000 -6.49378503115484
19859000 -6.47849071944494
19860000 -6.48088926941687
19861000 -6.52599972089011
19862000 -6.51754639712824
19863000 -6.49703710910419
19864000 -6.45285729339713
19865000 -6.46081935394121
19866000 -6.5161359787127
19867000 -6.50785525224294
19868000 -6.50256556097779
19869000 -6.48684824606266
19870000 -6.49695175895779
19871000 -6.51143117074003
19872000 -6.49947662630105
19873000 -6.52225826364457
19874000 -6.48964991016965
19875000 -6.48292816526571
19876000 -6.52321596604171
19877000 -6.49339869796035
19878000 -6.52172486508647
19879000 -6.49798100154917
19880000 -6.47326082101344
19881000 -6.48213701382075
19882000 -6.50791586775522
19883000 -6.51351536137919
19884000 -6.50495913677464
19885000 -6.51743413698218
19886000 -6.5432104299611
19887000 -6.53462350312333
19888000 -6.52730722975519
19889000 -6.49231312874128
19890000 -6.50019191711531
19891000 -6.51677231960528
19892000 -6.50197280020785
19893000 -6.51965711426524
19894000 -6.52974261185618
19895000 -6.51259654388966
19896000 -6.52395244815712
19897000 -6.47114947589353
19898000 -6.48711499300348
19899000 -6.51726469096393
19900000 -6.50767779358743
19901000 -6.51798379543769
19902000 -6.50835995997685
19903000 -6.5217218554126
19904000 -6.53463629759375
19905000 -6.4986956031025
19906000 -6.47429478402916
19907000 -6.4867263886773
19908000 -6.53087748952567
19909000 -6.51804645667447
19910000 -6.46221781496198
19911000 -6.47588813057541
19912000 -6.5129531371569
19913000 -6.50781659068634
19914000 -6.52917711383551
19915000 -6.48143712823776
19916000 -6.50927156760979
19917000 -6.51729068368904
19918000 -6.51358657303829
19919000 -6.50163181676821
19920000 -6.52323813265309
19921000 -6.51648082616591
19922000 -6.53951228973907
19923000 -6.53424885443342
19924000 -6.51093162866335
19925000 -6.49448770062496
19926000 -6.49310816139173
19927000 -6.49579855414706
19928000 -6.49489293814314
19929000 -6.51306338341044
19930000 -6.50609999394225
19931000 -6.52715510367232
19932000 -6.55806521617536
19933000 -6.52807341840959
19934000 -6.50856323642478
19935000 -6.51655438452825
19936000 -6.49392889387151
19937000 -6.53639602544434
19938000 -6.51487951896481
19939000 -6.50190252929061
19940000 -6.50381743409874
19941000 -6.53047086621494
19942000 -6.55174847446689
19943000 -6.50508957124692
19944000 -6.51601252709883
19945000 -6.52078101991436
19946000 -6.54067763563427
19947000 -6.50833263443072
19948000 -6.49944369260693
19949000 -6.47614920370033
19950000 -6.49666528761125
19951000 -6.53635326082213
19952000 -6.5260954952358
19953000 -6.49646067213798
19954000 -6.48385684948865
19955000 -6.51072226491402
19956000 -6.5662945481622
19957000 -6.55242808865084
19958000 -6.50788978914283
19959000 -6.49328303974949
19960000 -6.53487630086418
19961000 -6.56639249246808
19962000 -6.55015464040968
19963000 -6.49958929473474
19964000 -6.48374927161506
19965000 -6.53162389635888
19966000 -6.54424713053468
19967000 -6.49997831261847
19968000 -6.51026260400943
19969000 -6.51735866403968
19970000 -6.51569466618801
19971000 -6.51883494521442
19972000 -6.53153750780278
19973000 -6.49999059811224
19974000 -6.51599225819134
19975000 -6.55820702009845
19976000 -6.5420373499239
19977000 -6.53179866758338
19978000 -6.52763332872744
19979000 -6.52992028688152
19980000 -6.56974270144974
19981000 -6.56696790535824
19982000 -6.52248724124827
19983000 -6.50608997105681
19984000 -6.52692596758015
19985000 -6.57774100326295
19986000 -6.55798800286878
19987000 -6.50756800762761
19988000 -6.52752335787881
19989000 -6.56562719886143
19990000 -6.55843804925139
19991000 -6.56658883610655
19992000 -6.50945817552623
19993000 -6.49174270090545
19994000 -6.52476050349427
19995000 -6.56009069085827
19996000 -6.539929479137
19997000 -6.5203166770628
19998000 -6.53866426541766
19999000 -6.56798953220441
20000000 -6.54198479464897
20001000 -6.5254078363781
20002000 -6.52097356952772
20003000 -6.59453291111226
20004000 -6.54326805665795
20005000 -6.55150778724603
20006000 -6.5154832199232
20007000 -6.52917552647651
20008000 -6.57255916413484
20009000 -6.55455613621514
20010000 -6.53820193391099
20011000 -6.52695266231479
20012000 -6.55157464953642
20013000 -6.56084638068514
20014000 -6.54984701811749
20015000 -6.55188898340211
20016000 -6.54891291587945
20017000 -6.55869400058775
20018000 -6.55103391299229
20019000 -6.53409788906276
20020000 -6.50217423658753
20021000 -6.58506587779525
20022000 -6.57434652044411
20023000 -6.53984151130344
20024000 -6.52760703868888
20025000 -6.5640796920172
20026000 -6.5698577099381
20027000 -6.50085761359941
20028000 -6.48812538598725
20029000 -6.52924290014582
20030000 -6.58030454362033
20031000 -6.56404341617555
20032000 -6.5433383205399
20033000 -6.53024603814928
20034000 -6.53772311562756
20035000 -6.59220322021987
20036000 -6.54566348163646
20037000 -6.52079816586799
20038000 -6.54758175015907
20039000 -6.54120815808005
20040000 -6.58374348278487
20041000 -6.54725044824967
20042000 -6.5496239005469
20043000 -6.55088055848579
20044000 -6.53837972529028
20045000 -6.53458906379204
20046000 -6.54240371866776
20047000 -6.53546869977552
20048000 -6.55729280833947
20049000 -6.54010613677718
20050000 -6.54664381753158
20051000 -6.55645842694995
20052000 -6.56572045309082
20053000 -6.51401169907084
20054000 -6.52523582713932
20055000 -6.54859535830663
20056000 -6.55052632304917
20057000 -6.53114659128846
20058000 -6.54500101331009
20059000 -6.55871250417933
20060000 -6.55404291736845
20061000 -6.54026885252431
20062000 -6.51055507154576
20063000 -6.56286364135649
20064000 -6.5949820495463
20065000 -6.55123837426256
20066000 -6.5030369002882
20067000 -6.53234509726497
20068000 -6.55421731049645
20069000 -6.56397223009505
20070000 -6.55749531644967
20071000 -6.52584226714567
20072000 -6.56577816263441
20073000 -6.57351988380463
20074000 -6.56231061740337
20075000 -6.55995232897933
20076000 -6.55547529185926
20077000 -6.56270490181866
20078000 -6.54443583714525
20079000 -6.54189995599783
20080000 -6.55871275645217
20081000 -6.53766734494638
20082000 -6.54107691602895
20083000 -6.56448159296778
20084000 -6.58337552448538
20085000 -6.56072503961887
20086000 -6.55820188755441
20087000 -6.52834122983997
20088000 -6.56923467522119
20089000 -6.59380547270192
20090000 -6.54193378179391
20091000 -6.53448978780786
20092000 -6.57207050350771
20093000 -6.57974598132223
20094000 -6.55929593851803
20095000 -6.5335963144133
20096000 -6.55541477991302
20097000 -6.58408347201416
20098000 -6.56006099345472
20099000 -6.55166436660628
20100000 -6.52705738269765
20101000 -6.57220129995765
20102000 -6.59563901922013
20103000 -6.53397918887447
20104000 -6.53644525538776
20105000 -6.56415797003388
20106000 -6.59036272398881
20107000 -6.58715124834028
20108000 -6.55300087473274
20109000 -6.54405499462772
20110000 -6.56155218074563
20111000 -6.60365710028875
20112000 -6.55161430157424
20113000 -6.54918636367778
20114000 -6.53957272970887
20115000 -6.58631108958669
20116000 -6.58442992309862
20117000 -6.55500882341148
20118000 -6.5706521210993
20119000 -6.62176102689307
20120000 -6.63208840721713
20121000 -6.56221886387681
20122000 -6.53887625919587
20123000 -6.58467696154357
20124000 -6.61509853298949
20125000 -6.56090997384369
20126000 -6.51998935043719
20127000 -6.54310162654297
20128000 -6.5962747098505
20129000 -6.58044285632159
20130000 -6.54013807836215
20131000 -6.56018367749131
20132000 -6.59541947316587
20133000 -6.59208433182827
20134000 -6.59035961148254
20135000 -6.58338626618093
20136000 -6.60027628913629
20137000 -6.58349750378166
20138000 -6.57126973849425
20139000 -6.56769668841846
20140000 -6.60644583986344
20141000 -6.5892431810812
20142000 -6.57380683674409
20143000 -6.59805802362995
20144000 -6.58275485458599
20145000 -6.56251826508689
20146000 -6.53753822401469
20147000 -6.54442628510454
20148000 -6.60326902106059
20149000 -6.59780316417829
20150000 -6.56732536616288
20151000 -6.52678691715827
20152000 -6.59422770927979
20153000 -6.63399550649858
20154000 -6.56582230114682
20155000 -6.50876240290127
20156000 -6.54967341078487
20157000 -6.61609363012308
20158000 -6.60390624421514
20159000 -6.54558047916818
20160000 -6.57532685851933
20161000 -6.5973447639019
20162000 -6.59123315734498
20163000 -6.55655151597248
20164000 -6.57902264617974
20165000 -6.57560553904873
20166000 -6.58641147340513
20167000 -6.58894374906004
20168000 -6.5606547170442
20169000 -6.58753501904016
20170000 -6.58631555750229
20171000 -6.58962306121345
20172000 -6.58093977689975
20173000 -6.62188965914882
20174000 -6.61319346005479
20175000 -6.54595815678969
20176000 -6.57552471756226
20177000 -6.61597818306385
20178000 -6.65815749978373
20179000 -6.58552901354789
20180000 -6.54469603076637
20181000 -6.58676467803717
20182000 -6.63032463578923
20183000 -6.60810808553957
20184000 -6.55628642680315
20185000 -6.56215249779289
20186000 -6.62033575137237
20187000 -6.62122671057587
20188000 -6.58649870698784
20189000 -6.57428338571656
20190000 -6.61926361039658
20191000 -6.61546992082524
20192000 -6.55816298275341
20193000 -6.55072715267969
20194000 -6.59854090300704
20195000 -6.61632840554651
20196000 -6.59429085356065
20197000 -6.56713546822928
20198000 -6.58982994177017
20199000 -6.61546355701662
20200000 -6.63315788918021
20201000 -6.59225861572294
20202000 -6.59769011267204
20203000 -6.61500041626187
20204000 -6.60257553603999
20205000 -6.58574464653319
20206000 -6.53148707355481
20207000 -6.57192090429739
20208000 -6.60862269765531
20209000 -6.61854057449508
20210000 -6.54168827269505
20211000 -6.57857747445852
20212000 -6.62560166105407
20213000 -6.60505622525462
20214000 -6.55507374588629
20215000 -6.58497560932036
20216000 -6.56713432120187
20217000 -6.63845844385945
20218000 -6.63400410297754
20219000 -6.60942277313416
20220000 -6.59943272632365
20221000 -6.59469487606305
20222000 -6.60866870386008
20223000 -6.58375646591249
20224000 -6.61072641283747
20225000 -6.61158788859357
20226000 -6.60181931900644
20227000 -6.56250133439088
20228000 -6.59431045155704
20229000 -6.62106281778395
20230000 -6.5852468452531
20231000 -6.57162830520309
20232000 -6.58218554385123
20233000 -6.62937124967137
20234000 -6.65220232488065
20235000 -6.57629220832355
20236000 -6.58788175870689
20237000 -6.59149401974448
20238000 -6.6456758206675
20239000 -6.61189450509226
20240000 -6.57295322084317
20241000 -6.58151668417689
20242000 -6.60416795255578
20243000 -6.63503053404282
20244000 -6.61937038697355
20245000 -6.57491703186485
20246000 -6.609959371279
20247000 -6.62760620840019
20248000 -6.63978331718318
20249000 -6.61667700337777
20250000 -6.59833513099858
20251000 -6.6014329827906
20252000 -6.63979559176787
20253000 -6.61466878371734
20254000 -6.55653346780201
20255000 -6.58029425782884
20256000 -6.60383194459389
20257000 -6.61808930284055
20258000 -6.62709625718931
20259000 -6.60290544936649
20260000 -6.62373209993776
20261000 -6.64489309703509
20262000 -6.63146030436435
20263000 -6.59978838064025
20264000 -6.58300213140992
20265000 -6.62585752515016
20266000 -6.6287372266363
20267000 -6.61518315356085
20268000 -6.5993657717555
20269000 -6.61656553106444
20270000 -6.61324208545245
20271000 -6.60558256201405
20272000 -6.57704817751025
20273000 -6.60708326212717
20274000 -6.64564479390832
20275000 -6.63410561691003
20276000 -6.59623806973644
20277000 -6.58298376944898
20278000 -6.61087187770442
20279000 -6.63752934114545
20280000 -6.62040594839117
20281000 -6.60695232633229
20282000 -6.64536686635094
20283000 -6.65937935584834
20284000 -6.64773210019841
20285000 -6.6316225101611
20286000 -6.61173238134925
20287000 -6.64712713368679
20288000 -6.63266746658776
20289000 -6.60847348340545
20290000 -6.59735937622993
20291000 -6.62799621830447
20292000 -6.62062014203692
20293000 -6.61430079008005
20294000 -6.60599589219216
20295000 -6.654484265707
20296000 -6.63729518994717
20297000 -6.59265972837975
20298000 -6.56439564682723
20299000 -6.63878854229338
20300000 -6.67198143061871
20301000 -6.6592858693914
20302000 -6.60872074610969
20303000 -6.62623523521582
20304000 -6.65721171930007
20305000 -6.66690218800273
20306000 -6.63438787319892
20307000 -6.61419640615168
20308000 -6.60417910991724
20309000 -6.65285531342144
20310000 -6.63284521610029
20311000 -6.62672101273718
20312000 -6.63580666378877
20313000 -6.6560820770387
20314000 -6.64569938907441
20315000 -6.64928091791485
20316000 -6.64079207694027
20317000 -6.61065183200205
20318000 -6.62979960656175
20319000 -6.62720242928327
20320000 -6.60047765173842
20321000 -6.6003833930012
20322000 -6.62361385243948
20323000 -6.63046042193513
20324000 -6.57604302105516
20325000 -6.62026029501877
20326000 -6.64616474134151
20327000 -6.69627467912262
20328000 -6.65268567422436
20329000 -6.62117574643024
20330000 -6.61337710438523
20331000 -6.65539008308101
20332000 -6.6351666549036
20333000 -6.61545495060014
20334000 -6.60703704505185
20335000 -6.62413507362026
20336000 -6.64095168442607
20337000 -6.6284684441795
20338000 -6.65055074762084
20339000 -6.62380097680399
20340000 -6.61983628119333
20341000 -6.61231672744222
20342000 -6.63226868873584
20343000 -6.61275310421397
20344000 -6.62252401979785
20345000 -6.619674432654
20346000 -6.61035569344883
20347000 -6.66030760527925
20348000 -6.66540966172335
20349000 -6.61290974826881
20350000 -6.60433701058292
20351000 -6.6429982764192
20352000 -6.67559447506653
20353000 -6.63629605683485
20354000 -6.59180732083612
20355000 -6.59953379004599
20356000 -6.68173430558729
20357000 -6.66872203109263
20358000 -6.64013128395952
20359000 -6.63323856498231
20360000 -6.65016400408587
20361000 -6.66725414967366
20362000 -6.64142712500048
20363000 -6.58486010157896
20364000 -6.62531751984765
20365000 -6.65197842257862
20366000 -6.66281518330525
20367000 -6.6429543941702
20368000 -6.64642195643782
20369000 -6.64231749718732
20370000 -6.62114163261897
20371000 -6.63946814800812
20372000 -6.64654140955923
20373000 -6.62551914675236
20374000 -6.63677372507422
20375000 -6.63315647028582
20376000 -6.61832783065662
20377000 -6.65581028333545
20378000 -6.60320692325241
20379000 -6.62361022034235
20380000 -6.65450001001799
20381000 -6.65331571576692
20382000 -6.6379706791239
20383000 -6.62563601194606
20384000 -6.63412611801163
20385000 -6.66141336148531
20386000 -6.68389853556687
20387000 -6.61119461882948
20388000 -6.63686795591821
20389000 -6.68517306881953
20390000 -6.65097203655457
20391000 -6.62784021427905
20392000 -6.62238379771996
20393000 -6.66361082191604
20394000 -6.66875678181452
20395000 -6.66539403499656
20396000 -6.63587770190334
20397000 -6.654740522977
20398000 -6.68651481468588
20399000 -6.70323422906382
20400000 -6.64805426761497
20401000 -6.65510319299531
20402000 -6.66587786161803
20403000 -6.64762968625692
20404000 -6.66421916108381
20405000 -6.6484027747077
20406000 -6.64947352543711
20407000 -6.63789874317373
20408000 -6.67025164331401
20409000 -6.63906174944272
20410000 -6.64873301355255
20411000 -6.65328956376741
20412000 -6.68001154930815
20413000 -6.6672098943041
20414000 -6.6644138773823
20415000 -6.6374167096901
20416000 -6.64594651894218
20417000 -6.6311694719473
20418000 -6.6647654732018
20419000 -6.67907145348415
20420000 -6.6716672925479
20421000 -6.65314879328577
20422000 -6.66866030042558
20423000 -6.68150467331585
20424000 -6.67094985502689
20425000 -6.66724953835024
20426000 -6.6627377858899
20427000 -6.67923121920483
20428000 -6.65895653217326
20429000 -6.66561484390786
20430000 -6.63132022962112
20431000 -6.67865289453021
20432000 -6.70660169943541
20433000 -6.69113461430897
20434000 -6.65487372628983
20435000 -6.62792748372843
20436000 -6.66069859005961
20437000 -6.67550083982476
20438000 -6.64573233088884
20439000 -6.6495992034329
20440000 -6.65538874116367
20441000 -6.68089782504095
20442000 -6.68191923714066
20443000 -6.6579607943051
20444000 -6.68168600271654
20445000 -6.68007442206855
20446000 -6.66217078578778
20447000 -6.67324955039226
20448000 -6.6748803860951
20449000 -6.62426556684822
20450000 -6.64928869818601
20451000 -6.6522843690899
20452000 -6.68791200863371
20453000 -6.66152186286
20454000 -6.6530627163961
20455000 -6.67815555131373
20456000 -6.70583724664506
20457000 -6.69047938368876
20458000 -6.64025747066758
20459000 -6.64057024280826
20460000 -6.69072220988297
20461000 -6.67042875162313
20462000 -6.67689498805195
20463000 -6.66944481205596
20464000 -6.68932459688111
20465000 -6.68720666970998
20466000 -6.68512934787255
20467000 -6.69599137796187
20468000 -6.66090796473667
20469000 -6.68443273805437
20470000 -6.64392707058555
20471000 -6.65854921896155
20472000 -6.70130010151258
20473000 -6.69484896247709
20474000 -6.64105345622124
20475000 -6.64521568111114
20476000 -6.69080829518413
20477000 -6.68330358512516
20478000 -6.64076408321142
20479000 -6.64318508549674
20480000 -6.70735844479375
20481000 -6.67453609704765
20482000 -6.65308868307395
20483000 -6.6367253956696
20484000 -6.69249013976924
20485000 -6.73749092866133
20486000 -6.712178836754
20487000 -6.66023447528687
20488000 -6.65028751544387
20489000 -6.72731421995138
20490000 -6.73867606546623
20491000 -6.66629119048311
20492000 -6.63691906238836
20493000 -6.68324655964182
20494000 -6.73243842448165
20495000 -6.709691853409
20496000 -6.63928399315396
20497000 -6.65922490682715
20498000 -6.72034413361774
20499000 -6.75162099057854
20500000 -6.68622121214791
20501000 -6.60747835790257
20502000 -6.61537295067479
20503000 -6.716724239488
20504000 -6.70444031106784
20505000 -6.66943752914891
20506000 -6.64481996623533
20507000 -6.69037357717795
20508000 -6.7029789084614
20509000 -6.67147915301798
20510000 -6.68044590261213
20511000 -6.69380580258838
20512000 -6.72471824020408
20513000 -6.67705145529648
20514000 -6.66674075221262
20515000 -6.69597105804218
20516000 -6.71894430569842
20517000 -6.67190761946617
20518000 -6.64835843847109
20519000 -6.66486913744779
20520000 -6.67859490038996
20521000 -6.71926349317399
20522000 -6.69129302118894
20523000 -6.67147924420392
20524000 -6.68660400991584
20525000 -6.73658178355643
20526000 -6.70396651474628
20527000 -6.66488310479755
20528000 -6.65278361684033
20529000 -6.70005264256133
20530000 -6.69213215801335
20531000 -6.67169264894942
20532000 -6.67667941543223
20533000 -6.69259292865663
20534000 -6.71869718794494
20535000 -6.68555706487557
20536000 -6.67502809576422
20537000 -6.69443899334013
20538000 -6.72712495925828
20539000 -6.73005571449955
20540000 -6.6833270179208
20541000 -6.69439872126948
20542000 -6.75211558840299
20543000 -6.73998117995225
20544000 -6.67476043349254
20545000 -6.703882577581
20546000 -6.7134092671678
20547000 -6.74419991697444
20548000 -6.71010445970004
20549000 -6.64158199117962
20550000 -6.6566270233299
20551000 -6.69406522257338
20552000 -6.7140147005529
20553000 -6.67075563402915
20554000 -6.66206726456908
20555000 -6.69911839321036
20556000 -6.71240380947291
20557000 -6.72287989508175
20558000 -6.70841054465633
20559000 -6.70210960703172
20560000 -6.70572568439286
20561000 -6.7338851675047
20562000 -6.69972952503922
20563000 -6.73768007969602
20564000 -6.72498344539307
20565000 -6.6947439870303
20566000 -6.72291445680834
20567000 -6.68943423201082
20568000 -6.73393519045843
20569000 -6.68808016332988
20570000 -6.65878935141653
20571000 -6.68834573660574
20572000 -6.74382405118657
20573000 -6.72217910822306
20574000 -6.66326940098653
20575000 -6.6297418670485
20576000 -6.72344970772177
20577000 -6.72212574918041
20578000 -6.70165583676154
20579000 -6.67610952661452
20580000 -6.72160489904569
20581000 -6.74546312485505
20582000 -6.75316782894536
20583000 -6.70022533978642
20584000 -6.70376026087229
20585000 -6.68940612972223
20586000 -6.72966277429537
20587000 -6.69045150811341
20588000 -6.70274512491995
20589000 -6.68421707777014
20590000 -6.70577563951761
20591000 -6.71994168785647
20592000 -6.71848113030488
20593000 -6.70764582711075
20594000 -6.73838480664278
20595000 -6.7250692347589
20596000 -6.70677187237707
20597000 -6.71328625130143
20598000 -6.74092098919756
20599000 -6.74587467958805
20600000 -6.70296179285831
20601000 -6.71028102797232
20602000 -6.69206577853718
20603000 -6.70903806786982
20604000 -6.66013866845404
20605000 -6.69330486455567
20606000 -6.69551704261542
20607000 -6.7336625566252
20608000 -6.70952884085401
20609000 -6.71778352534348
20610000 -6.71023284843158
20611000 -6.68657550590613
20612000 -6.70614209358167
20613000 -6.69925163375826
20614000 -6.72569084808835
20615000 -6.74810266520091
20616000 -6.76477600729326
20617000 -6.70548558120479
20618000 -6.6816286492125
20619000 -6.73622448397829
20620000 -6.79000332587397
20621000 -6.73347950187082
20622000 -6.66284633141115
20623000 -6.67011159812403
20624000 -6.70556310029555
20625000 -6.78548499727641
20626000 -6.72720901443398
20627000 -6.70308741645953
20628000 -6.71010083839491
20629000 -6.74905371260033
20630000 -6.74781427088385
20631000 -6.66318157598819
20632000 -6.67392776400382
20633000 -6.74904817212399
20634000 -6.75841329210727
20635000 -6.7543546445686
20636000 -6.72032036072743
20637000 -6.68409346356371
20638000 -6.74393279898233
20639000 -6.72249537613341
20640000 -6.70201666685804
20641000 -6.71727834812839
20642000 -6.69743174169716
20643000 -6.74045811437501
20644000 -6.73932005983506
20645000 -6.73629536811863
20646000 -6.73694782268174
20647000 -6.73025682213863
20648000 -6.73713214654233
20649000 -6.72857868844854
20650000 -6.7190164822555
20651000 -6.72411133463735
20652000 -6.74284273608826
20653000 -6.71365516708188
20654000 -6.72958214623452
20655000 -6.71143052618041
20656000 -6.76051055552843
20657000 -6.76019336334438
20658000 -6.71184085219413
20659000 -6.68958796701348
20660000 -6.73548265690237
20661000 -6.78306593202299
20662000 -6.71555708954005
20663000 -6.70387547007233
20664000 -6.7190615529808
20665000 -6.76184524073998
20666000 -6.75665177406395
20667000 -6.75055133769387
20668000 -6.71035545633105
20669000 -6.76676643873519
20670000 -6.73164082794161
20671000 -6.73375078992358
20672000 -6.68852646787096
20673000 -6.69005373555993
20674000 -6.71643917986934
20675000 -6.75857578036263
20676000 -6.75595123323424
20677000 -6.73415615992315
20678000 -6.72517523980644
20679000 -6.70796786890488
20680000 -6.75153241056457
20681000 -6.7590209155614
20682000 -6.74034274147557
20683000 -6.73206869316053
20684000 -6.72927704409152
20685000 -6.7389182832019
20686000 -6.75440622438968
20687000 -6.76258107720586
20688000 -6.72827926803012
20689000 -6.71175396042036
20690000 -6.76250014014066
20691000 -6.78331218224788
20692000 -6.75815435588457
20693000 -6.72985608643373
20694000 -6.73843835532088
20695000 -6.74704521811927
20696000 -6.75245149871469
20697000 -6.755498053822
20698000 -6.72411194141592
20699000 -6.70521932890794
20700000 -6.7305770578632
20701000 -6.79149779083472
20702000 -6.78577648871915
20703000 -6.73405022306699
20704000 -6.71879769359347
20705000 -6.74878533450932
20706000 -6.79089510663596
20707000 -6.74146191785306
20708000 -6.71852074917582
20709000 -6.70094213809196
20710000 -6.7563080776198
20711000 -6.79774695834872
20712000 -6.74294994693815
20713000 -6.71130302837507
20714000 -6.72215560860514
20715000 -6.78655308849677
20716000 -6.78018588555446
20717000 -6.7564172398096
20718000 -6.73567404195464
20719000 -6.7560605676266
20720000 -6.76895475912394
20721000 -6.75489675596011
20722000 -6.75781493082314
20723000 -6.73945245006511
20724000 -6.74542647145958
20725000 -6.71408314596077
20726000 -6.72980847052522
20727000 -6.78399337057445
20728000 -6.78338895982455
20729000 -6.7354404549826
20730000 -6.70532616120853
20731000 -6.74042671000253
20732000 -6.79756573681643
20733000 -6.76882534394438
20734000 -6.682713299695
20735000 -6.7054111017795
20736000 -6.77981460399726
20737000 -6.7694765939535
20738000 -6.75070972239437
20739000 -6.73823140971544
20740000 -6.75556375958289
20741000 -6.78154152761902
20742000 -6.78306575971165
20743000 -6.74072197286173
20744000 -6.71877877909831
20745000 -6.72810273335099
20746000 -6.7779173878978
20747000 -6.76703883417657
20748000 -6.7666725580099
20749000 -6.77631376435497
20750000 -6.75369276135798
20751000 -6.77096635592031
20752000 -6.73343753279055
20753000 -6.74786565900273
20754000 -6.7575064154436
20755000 -6.75512188162015
20756000 -6.74487435356044
20757000 -6.78225384028845
20758000 -6.76815635135054
20759000 -6.74067959199825
20760000 -6.72997629737467
20761000 -6.74477680876133
20762000 -6.78762879880696
20763000 -6.7938129790664
20764000 -6.77899605134112
20765000 -6.73975378273721
20766000 -6.74175293852279
20767000 -6.76408026758641
20768000 -6.75517688211724
20769000 -6.73952492770797
20770000 -6.75597891560767
20771000 -6.82416362947399
20772000 -6.78014811296314
20773000 -6.75848872204482
20774000 -6.78800327165203
20775000 -6.7926356261962
20776000 -6.77260955129244
20777000 -6.7244861628812
20778000 -6.71785063161068
20779000 -6.73468846827817
20780000 -6.78168320991498
20781000 -6.78697279588021
20782000 -6.76725568729672
20783000 -6.74493690122429
20784000 -6.8092740779759
20785000 -6.80220056007837
20786000 -6.78781378532339
20787000 -6.75240216515757
20788000 -6.73207480365482
20789000 -6.76702998430536
20790000 -6.76945079212727
20791000 -6.7744667787887
20792000 -6.75899594881365
20793000 -6.74167813561682
20794000 -6.78634073649304
20795000 -6.79572206381682
20796000 -6.75943410647237
20797000 -6.76018216590411
20798000 -6.775851573127
20799000 -6.74090346072887
20800000 -6.77482157233783
20801000 -6.77626651263149
20802000 -6.77210842438175
20803000 -6.74082728967779
20804000 -6.73523109413712
20805000 -6.79365264483774
20806000 -6.81278180458428
20807000 -6.8152026157072
20808000 -6.73659315170529
20809000 -6.73075738194551
20810000 -6.80824605620646
20811000 -6.8378646782182
20812000 -6.80361165070977
20813000 -6.73983899275044
20814000 -6.76792222868716
20815000 -6.83586177127121
20816000 -6.82369382974586
20817000 -6.7560256858525
20818000 -6.71236085458453
20819000 -6.77024442082628
20820000 -6.82491935414825
20821000 -6.80873297146649
20822000 -6.72602571337626
20823000 -6.70027147007031
20824000 -6.7741483610116
20825000 -6.81365454705805
20826000 -6.76645088184685
20827000 -6.76635860018513
20828000 -6.74964733185777
20829000 -6.78078178940237
20830000 -6.83240859893413
20831000 -6.79981978259828
20832000 -6.78681338281371
20833000 -6.77846621163965
20834000 -6.77973747718835
20835000 -6.81698946610654
20836000 -6.8074445498715
20837000 -6.78384910925913
20838000 -6.77022722502335
20839000 -6.78461194742801
20840000 -6.79507978410999
20841000 -6.82814530994172
20842000 -6.80903330522882
20843000 -6.74776505168041
20844000 -6.74904176677546
20845000 -6.80900232448133
20846000 -6.84455980914907
20847000 -6.81266002269152
20848000 -6.77688097605144
20849000 -6.75799632360517
20850000 -6.82556994836796
20851000 -6.82173589823483
20852000 -6.78902903705884
20853000 -6.74136072443974
20854000 -6.78736333028735
20855000 -6.86710504980585
20856000 -6.85131035319851
20857000 -6.79155808626027
20858000 -6.75447587420786
20859000 -6.7700206733915
20860000 -6.8259545591309
20861000 -6.81157303600811
20862000 -6.76941456913322
20863000 -6.7713092881426
20864000 -6.80055655247
20865000 -6.83269592113653
20866000 -6.82868043323056
20867000 -6.77390871757482
20868000 -6.80267177234133
20869000 -6.79460719302764
20870000 -6.75105456776378
20871000 -6.81468172525717
20872000 -6.84460099434469
20873000 -6.82570332535923
20874000 -6.77715037049288
20875000 -6.74874315256352
20876000 -6.7978268936105
20877000 -6.84327690427202
20878000 -6.78548087198675
20879000 -6.74440989203133
20880000 -6.75481692171499
20881000 -6.81200585684767
20882000 -6.8293515550059
20883000 -6.74217182480348
20884000 -6.77166859638842
20885000 -6.82973776729618
20886000 -6.83896828045363
20887000 -6.81424399114423
20888000 -6.83503028120769
20889000 -6.8510397152875
20890000 -6.83522494882973
20891000 -6.75713805673013
20892000 -6.77891262327379
20893000 -6.81588388691086
20894000 -4.47295898137934
20895000 0.149986158182177
20896000 -0.770231099559944
20897000 -0.503536444962225
20898000 -0.0367259348948431
20899000 -0.279367125490953
20900000 -0.297916163026794
20901000 -0.176643501344683
20902000 -0.486539440350159
20903000 -0.18932396611172
20904000 -0.232783461460307
20905000 -0.293186552088044
20906000 -0.110000135378682
20907000 -0.410051658019025
20908000 -0.163929474805726
20909000 -0.314815693864507
20910000 -0.22351211779302
20911000 -0.233967200978543
20912000 -0.218287512388518
20913000 -0.243760728480751
20914000 -0.226993329443993
20915000 -0.221041795386239
20916000 -0.246149452793118
20917000 -0.152187535743506
20918000 -0.182782091596469
20919000 -0.266724860849683
20920000 -0.284342253115344
20921000 -0.258375402776496
20922000 -0.249662369839257
20923000 -0.266352599017064
20924000 -0.194442897420317
20925000 -0.346794790394259
20926000 -0.293540543541488
20927000 -0.214920939831597
20928000 -0.211026199864506
20929000 -0.251918666280842
20930000 -0.271031329182459
20931000 -0.211577778602076
20932000 -0.271125126071277
20933000 -0.255604606235455
20934000 -0.246254371451889
20935000 -0.267155782226158
20936000 -0.206883305163154
20937000 -0.305109348727253
20938000 -0.141706360700191
20939000 -0.304170455540638
20940000 -0.231529958719221
20941000 -0.202641026447812
20942000 -0.219739688083371
20943000 -0.223081154475765
20944000 -0.21614690765186
20945000 -0.220668198518916
20946000 -0.243223522920385
20947000 -0.207078433192065
20948000 -0.262736734472372
20949000 -0.163678088474817
20950000 -0.240110545972705
20951000 -0.262416349123316
20952000 -0.17863012835379
20953000 -0.256884094776541
20954000 -0.250004607536219
20955000 -0.202679925212455
20956000 -0.157391639845297
20957000 -0.286315652335989
20958000 -0.157095304105924
20959000 -0.305738676074468
20960000 -0.231823700495719
20961000 -0.205441749661296
20962000 -0.255869392626379
20963000 -0.244639158006951
20964000 -0.278557218041827
20965000 -0.25148199314114
20966000 -0.228350238317959
20967000 -0.246601221931895
20968000 -0.252032369499156
20969000 -0.226229813277275
20970000 -0.322657406617649
20971000 -0.224035335380127
20972000 -0.254304555629207
20973000 -0.168081131852327
20974000 -0.165151347416729
20975000 -0.201575270089052
20976000 -0.214696490733997
20977000 -0.202894785941779
20978000 -0.223649034749935
20979000 -0.213913628529879
20980000 -0.194230031152387
20981000 -0.160972712436765
20982000 -0.218328930735755
20983000 -0.263083357211396
20984000 -0.174586322219136
20985000 -0.241895734618676
20986000 -0.194409228328741
20987000 -0.250957256599504
20988000 -0.176180084746389
20989000 -0.218473086182195
20990000 -0.200994965081566
20991000 -0.250275820019766
20992000 -0.178238475587031
20993000 -0.202119784534876
20994000 -0.232979662747301
20995000 -0.253477122102877
20996000 -0.224608672630084
20997000 -0.186992549416902
20998000 -0.241569851591063
20999000 -0.222540770123633
21000000 -0.259115761234278
21001000 -0.29023465181761
21002000 -0.224090186656832
21003000 -0.238204030479472
21004000 -0.218846106993489
21005000 -0.215301296443724
21006000 -0.183978682680172
21007000 -0.148455710306978
21008000 -0.266629372616836
21009000 -0.198649412246904
21010000 -0.251456987672034
21011000 -0.172348042239387
21012000 -0.235278132142155
21013000 -0.269829173810364
21014000 -0.267392981923349
21015000 -0.131807482080055
21016000 -0.187817789573866
21017000 -0.204221516204717
21018000 -0.260037966680716
21019000 -0.242426444075
21020000 -0.277718430552387
21021000 -0.245132421538903
21022000 -0.240793983906932
21023000 -0.178055324064246
21024000 -0.170933447838695
21025000 -0.228462087124519
21026000 -0.218837204825854
21027000 -0.209858628726556
21028000 -0.211227342312679
21029000 -0.169237488178642
21030000 -0.219959795907169
21031000 -0.254500855251639
21032000 -0.200295886232451
21033000 -0.193868889362922
21034000 -0.24674811010798
21035000 -0.295037759109405
21036000 -0.151657776603164
21037000 -0.157701613532405
21038000 -0.195706942866744
21039000 -0.136060886100588
21040000 -0.183675275997986
21041000 -0.158419238238227
21042000 -0.194514069637919
21043000 -0.219797105293905
21044000 -0.170506187753933
21045000 -0.18243165855071
21046000 -0.131331501257355
21047000 -0.166333355868675
21048000 -0.247279942939783
21049000 -0.212586014124232
21050000 -0.217688820971557
21051000 -0.183946389410744
21052000 -0.153641529083007
21053000 -0.149668384850547
21054000 -0.246725137950972
21055000 -0.175218137830964
21056000 -0.184598043312973
21057000 -0.156812827763779
21058000 -0.226203759133387
21059000 -0.202985954923064
21060000 -0.186717706221996
21061000 -0.255399466299416
21062000 -0.295844113309922
21063000 -0.106438047248106
21064000 -0.247555412485131
21065000 -0.180303635943945
21066000 -0.218358523071274
21067000 -0.189534752563769
21068000 -0.256638607411623
21069000 -0.213249716010075
21070000 -0.225020273196106
21071000 -0.22340953072096
21072000 -0.269790648346765
21073000 -0.187644138444166
21074000 -0.265948170150122
21075000 -0.202075580515462
21076000 -0.214660858959752
21077000 -0.169809918164053
21078000 -0.234365406793808
21079000 -0.260464289655319
21080000 -0.146180374739876
21081000 -0.176966397750414
21082000 -0.192705705485796
21083000 -0.154326017402807
21084000 -0.18788612942558
21085000 -0.188287189851155
21086000 -0.181996885723492
21087000 -0.276946943336665
21088000 -0.17363215416792
21089000 -0.283717200040664
21090000 -0.212385391457824
21091000 -0.122569742716059
21092000 -0.210098034431885
21093000 -0.193047569520238
21094000 -0.179869006986847
21095000 -0.233822149494759
21096000 -0.169153297732508
21097000 -0.26021485047551
21098000 -0.181659754820936
21099000 -0.237205731389957
21100000 -0.140524654570017
21101000 -0.178967831049643
21102000 -0.242176654599114
21103000 -0.168229734240314
21104000 -0.300362975788456
21105000 -0.266351452220429
21106000 -0.248597747120518
21107000 -0.201502425525046
21108000 -0.227961683696843
21109000 -0.225195690255275
21110000 -0.189134548065427
21111000 -0.257946205946286
21112000 -0.239713162292258
21113000 -0.223148140795776
21114000 -0.196919934469762
21115000 -0.228138037552547
21116000 -0.256071859247307
21117000 -0.147391015558351
21118000 -0.150480277939695
21119000 -0.259784487029558
21120000 -0.191992754843374
21121000 -0.169159460382427
21122000 -0.217105721959768
21123000 -0.192776150057762
21124000 -0.16360498110138
21125000 -0.205465276044262
21126000 -0.102762319628708
21127000 -0.184296920418199
21128000 -0.223733399582737
21129000 -0.211191514966438
21130000 -0.193054939588091
21131000 -0.218021807888904
21132000 -0.172754435945913
21133000 -0.22888476396642
21134000 -0.243509213016079
21135000 -0.21541659656685
21136000 -0.212480653186854
21137000 -0.119965547928744
21138000 -0.251448146472594
21139000 -0.180244497824558
21140000 -0.203604299596901
21141000 -0.184936441648136
21142000 -0.208871102608223
21143000 -0.13608200015235
21144000 -0.193144127484183
21145000 -0.20634326379487
21146000 -0.230380505833379
21147000 -0.147533911203626
21148000 -0.212428843898194
21149000 -0.151779567837352
21150000 -0.151202402847101
21151000 -0.237952153470143
21152000 -0.25574338174587
21153000 -0.173404162085723
21154000 -0.279689676781444
21155000 -0.191809086692066
21156000 -0.216985624797374
21157000 -0.231297854334747
21158000 -0.204224037645376
21159000 -0.231488085455655
21160000 -0.286780462558598
21161000 -0.134667548781421
21162000 -0.265201245618634
21163000 -0.164006365183887
21164000 -0.22774172152622
21165000 -0.189801244626894
21166000 -0.300660153979224
21167000 -0.120264256808296
21168000 -0.259023593800639
21169000 -0.193706770226461
21170000 -0.160728257060541
21171000 -0.213213285021695
21172000 -0.171166815867748
21173000 -0.216805777170621
21174000 -0.206907464562357
21175000 -0.202965335618025
21176000 -0.230719117630937
21177000 -0.143789938529015
21178000 -0.170339336903908
21179000 -0.214783737297038
21180000 -0.233600762335789
21181000 -0.223142878546854
21182000 -0.242002042297213
21183000 -0.186472217271161
21184000 -0.172684660907638
21185000 -0.097114031551858
21186000 -0.224158113047028
21187000 -0.125111305493891
21188000 -0.211341933052566
21189000 -0.173687961213773
21190000 -0.181729690215765
21191000 -0.223505530931325
21192000 -0.21000600428698
21193000 -0.230719064041855
21194000 -0.193734026637521
21195000 -0.217086770771969
21196000 -0.124846098080337
21197000 -0.167958559526755
21198000 -0.150634955430335
21199000 -0.167715010704786
21200000 -0.243016151449506
21201000 -0.153441836090941
21202000 -0.194459375304853
21203000 -0.240561693823478
21204000 -0.166813657936308
21205000 -0.215653109890626
21206000 -0.177912211412629
21207000 -0.231545585456032
21208000 -0.170205652558034
21209000 -0.209030765434987
21210000 -0.177857435133774
21211000 -0.13803824649151
21212000 -0.186421723798332
21213000 -0.17755519319013
21214000 -0.221783647829392
21215000 -0.199578525687842
21216000 -0.159188957084242
21217000 -0.253094746014354
21218000 -0.267770219926435
21219000 -0.109729618522106
21220000 -0.219057264477477
21221000 -0.171712938704094
21222000 -0.149544267617737
21223000 -0.223065582922957
21224000 -0.201777247676288
21225000 -0.178588256442511
21226000 -0.194653136537705
21227000 -0.166880031467063
21228000 -0.136320838022252
21229000 -0.205682391303624
21230000 -0.199752275270067
21231000 -0.222261787170347
21232000 -0.186611394345034
21233000 -0.175041285761807
21234000 -0.14882654302546
21235000 -0.174353359001804
21236000 -0.213574583307138
21237000 -0.107014079305411
21238000 -0.142007161885622
21239000 -0.181680578779244
21240000 -0.100287756033118
21241000 -0.189087385903144
21242000 -0.184586871802936
21243000 -0.168280423756963
21244000 -0.207470319861532
21245000 -0.210846882802387
21246000 -0.232554999262441
21247000 -0.249899212739679
21248000 -0.195600443507725
21249000 -0.206472873862837
21250000 -0.204536244950531
21251000 -0.186629455840188
21252000 -0.141640604911609
21253000 -0.154117671479765
21254000 -0.154240306416887
21255000 -0.155195469791989
21256000 -0.208849415519141
21257000 -0.202554668646197
21258000 -0.19048440377298
21259000 -0.193615635652168
21260000 -0.170258131442859
21261000 -0.224706977505283
21262000 -0.179197212016012
21263000 -0.249978324831484
21264000 -0.157224854100679
21265000 -0.111762810437931
21266000 -0.247622476497681
21267000 -0.211477671254153
21268000 -0.160501272256089
21269000 -0.170119501077104
21270000 -0.202089338408477
21271000 -0.282440212987131
21272000 -0.167038387400576
21273000 -0.23227243300286
21274000 -0.14284069250197
21275000 -0.185858757378134
21276000 -0.145393309058015
21277000 -0.199623518572834
21278000 -0.155934349097451
21279000 -0.135685861111208
21280000 -0.231854076147441
21281000 -0.162370714703261
21282000 -0.16719431621172
21283000 -0.153689345910615
21284000 -0.128273030883081
21285000 -0.246011355185373
21286000 -0.209914317113981
21287000 -0.113454861632892
21288000 -0.278306334676918
21289000 -0.165311575379883
21290000 -0.154659149856262
21291000 -0.176215559442603
21292000 -0.179082489094257
21293000 -0.197115071819644
21294000 -0.185111958192879
21295000 -0.13724139166638
21296000 -0.222175858472754
21297000 -0.0663402539629349
21298000 -0.207081287510979
21299000 -0.0872073421185479
21300000 -0.215838653321698
21301000 -0.180392728357583
21302000 -0.160884524780223
21303000 -0.135355951699067
21304000 -0.153696774559957
21305000 -0.182153164686414
21306000 -0.218812279308506
21307000 -0.0701230937265385
21308000 -0.176547704523098
21309000 -0.167891588610554
21310000 -0.125259131488999
21311000 -0.150970985222822
21312000 -0.194775409136882
21313000 -0.148745009342599
21314000 -0.155158143732733
21315000 -0.149052272689831
21316000 -0.165681990635078
21317000 -0.141462732055187
21318000 -0.147368919300218
21319000 -0.163450782126316
21320000 -0.16916438163467
21321000 -0.167817898495593
21322000 -0.166791383869314
21323000 -0.218611000964605
21324000 -0.191587702494347
21325000 -0.171602447697403
21326000 -0.236959468120981
21327000 -0.170477042481878
21328000 -0.15794787968623
21329000 -0.156373155245276
21330000 -0.196270867694365
21331000 -0.16109021157715
21332000 -0.186171399183914
21333000 -0.166306974769968
21334000 -0.221031583708769
21335000 -0.210441865834349
21336000 -0.204688860263982
21337000 -0.218588071753522
21338000 -0.209654211383844
21339000 -0.202414889458323
21340000 -0.201373996783605
21341000 -0.156034316789277
21342000 -0.236626671213401
21343000 -0.141106374442313
21344000 -0.1810227965853
21345000 -0.128852722084223
21346000 -0.165990804545395
21347000 -0.159211401652189
21348000 -0.0980779324989687
21349000 -0.134557094912117
21350000 -0.196163341211019
21351000 -0.139807300061403
21352000 -0.169361482126022
21353000 -0.153178185819323
21354000 -0.20933885869115
21355000 -0.156787736661257
21356000 -0.186822037052007
21357000 -0.203019391853756
21358000 -0.109935375274476
21359000 -0.184401502751345
21360000 -0.168599782939267
21361000 -0.216471659030118
21362000 -0.16678045563927
21363000 -0.0971006087873707
21364000 -0.145662914228504
21365000 -0.0428291154572526
21366000 -0.214243206449797
21367000 -0.106198713988086
21368000 -0.158416458392715
21369000 -0.170046130655852
21370000 -0.1921126808418
21371000 -0.228621614226015
21372000 -0.158430459341038
21373000 -0.213508601827775
21374000 -0.164344791615448
21375000 -0.153536401863259
21376000 -0.138506179604591
21377000 -0.201333683549532
21378000 -0.151428486948712
21379000 -0.183767489431078
21380000 -0.189638506848905
21381000 -0.220932633558261
21382000 -0.154451107419431
21383000 -0.179829783699777
21384000 -0.0996489895205098
21385000 -0.185881884715908
21386000 -0.202008138821176
21387000 -0.061323986736829
21388000 -0.159864906453389
21389000 -0.201026383061559
21390000 -0.171781004734555
21391000 -0.175212571390711
21392000 -0.192556583024057
21393000 -0.128254119300608
21394000 -0.167873774255876
21395000 -0.110572327157354
21396000 -0.16350980663203
21397000 -0.0973687757112548
21398000 -0.203067765730921
21399000 -0.126308976394056
21400000 -0.222994057705588
21401000 -0.0565952670814564
21402000 -0.169274550282052
21403000 -0.171360486011413
21404000 -0.148311902769976
21405000 -0.179451035828585
21406000 -0.129576666722176
21407000 -0.137653674320205
21408000 -0.142298169890156
21409000 -0.161736606462225
21410000 -0.0993194351485403
21411000 -0.189830370309128
21412000 -0.135085703764409
21413000 -0.242254188076138
21414000 -0.140234516496566
21415000 -0.0995896809416003
21416000 -0.151278681524382
21417000 -0.100730219390158
21418000 -0.156925888340305
21419000 -0.134654325189305
21420000 -0.0982703095816486
21421000 -0.115896573755394
21422000 -0.195309600501664
21423000 -0.219856129585001
21424000 -0.0901906277190169
21425000 -0.111593974420508
21426000 -0.158014080675939
21427000 -0.183599446430626
21428000 -0.194137233002189
21429000 -0.0738708328936932
21430000 -0.22136226924179
21431000 -0.171461629099608
21432000 -0.153745805328915
21433000 -0.198476045709713
21434000 -0.22370296358985
21435000 -0.117495959667298
21436000 -0.154737579092818
21437000 -0.215223591923051
21438000 -0.168484004679943
21439000 -0.231894423830304
21440000 -0.162964484074421
21441000 -0.209251143617767
21442000 -0.191378454162335
21443000 -0.125670006074091
21444000 -0.181544517613836
21445000 -0.178816916683567
21446000 -0.24998396497144
21447000 -0.17996130503734
21448000 -0.112893884243711
21449000 -0.179545004439188
21450000 -0.142272315891503
21451000 -0.212246597764733
21452000 -0.145171273327456
21453000 -0.214063588717923
21454000 -0.191219780148243
21455000 -0.160005027705426
21456000 -0.0933742607743291
21457000 -0.111741156807705
21458000 -0.206506305339204
21459000 -0.10325377917437
21460000 -0.166951253399503
21461000 -0.200384130410826
21462000 -0.207668430647865
21463000 -0.185991931255291
21464000 -0.204619901350173
21465000 -0.166203791615715
21466000 -0.0986089023197723
21467000 -0.146380151517523
21468000 -0.144787039237736
21469000 -0.223531879876519
21470000 -0.122731248254263
21471000 -0.147933058977597
21472000 -0.211376351232435
21473000 -0.143581451579961
21474000 -0.143841499763675
21475000 -0.194769249742018
21476000 -0.0613869532093699
21477000 -0.193983632717324
21478000 -0.0996658266412332
21479000 -0.117261886379259
21480000 -0.112249170346812
21481000 -0.176071568966896
21482000 -0.109768503773761
21483000 -0.0905234946554603
21484000 -0.196982796346846
21485000 -0.153770304765347
21486000 -0.180396251281744
21487000 -0.0701726451890399
21488000 -0.0969212117977981
21489000 -0.177216035524522
21490000 -0.109175477688109
21491000 -0.216824525181848
21492000 -0.176895368199298
21493000 -0.175489824923966
21494000 -0.153090719499894
21495000 -0.169922010743729
21496000 -0.196349985329345
21497000 -0.0846486154238853
21498000 -0.185715671255816
21499000 -0.140283570027353
21500000 -0.19126574497661
21501000 -0.128150535674859
21502000 -0.0700129204137263
21503000 -0.121137885253241
21504000 -0.148061879219086
21505000 -0.185316290365709
21506000 -0.221186048511101
21507000 -0.216942877522112
21508000 -0.138145949652073
21509000 -0.144678702559524
21510000 -0.167676189309455
21511000 -0.173284371075999
21512000 -0.154982743098974
21513000 -0.220813407249363
21514000 -0.0869656575671483
21515000 -0.0824986688517145
21516000 -0.200219849880212
21517000 -0.173178539641049
21518000 -0.220965418901846
21519000 -0.213809125327313
21520000 -0.200113187865706
21521000 -0.0768225242707061
21522000 -0.168645331058322
21523000 -0.144307324552433
21524000 -0.20104709769574
21525000 -0.241270360178468
21526000 -0.140547789831304
21527000 -0.0459209915645798
21528000 -0.200973928225985
21529000 -0.107649140537564
21530000 -0.22557976643998
21531000 -0.16355723028091
21532000 -0.220196403310851
21533000 -0.144325269164173
21534000 -0.152473021297365
21535000 -0.166764945091326
21536000 -0.116520325289345
21537000 -0.144910174761146
21538000 -0.10759383906165
21539000 -0.205439783871485
21540000 -0.0715728256414317
21541000 -0.152765415449296
21542000 -0.0978797556912803
21543000 -0.130824052271211
21544000 -0.123295895521957
21545000 -0.146769539858608
21546000 -0.137409669574946
21547000 -0.176932189882112
21548000 -0.210207538018462
21549000 -0.0873106087205349
21550000 -0.173678480454655
21551000 -0.127662635967517
21552000 -0.141883721262875
21553000 -0.125556771943117
21554000 -0.191074889818775
21555000 -0.0858830991548188
21556000 -0.1935362027871
21557000 -0.148939730661859
21558000 -0.0982013962587456
21559000 -0.08081854883729
21560000 -0.151090551561104
21561000 -0.0918933280866439
21562000 -0.149492450146226
21563000 -0.172835153795028
21564000 -0.108117614437843
21565000 -0.102925931021827
21566000 -0.105311952617202
21567000 -0.16105152027113
21568000 -0.123694827539716
21569000 -0.114805648991741
21570000 -0.139672952424332
21571000 -0.191988448978062
21572000 -0.088844349774843
21573000 -0.13399519431244
21574000 -0.176402548675244
21575000 -0.0627956250501819
21576000 -0.176710759558427
21577000 -0.19510698440638
21578000 -0.188459386313191
21579000 -0.126610214993177
21580000 -0.192234970402326
21581000 -0.188831664884946
21582000 -0.197690366006524
21583000 -0.111387538194762
21584000 -0.173172117121155
21585000 -0.124369949637801
21586000 -0.125643569623824
21587000 -0.0926999745522515
21588000 -0.110003871210892
21589000 -0.141741319699817
21590000 -0.14182150817987
21591000 -0.101385673628316
21592000 -0.113447666437386
21593000 -0.10137402845037
21594000 -0.119327308281467
21595000 -0.218880330710897
21596000 -0.156534394171608
21597000 -0.147866456446312
21598000 -0.0930013881150988
21599000 -0.178524535886008
21600000 -0.140238853232725
21601000 -0.169816134089487
21602000 -0.108524711258277
21603000 -0.152516387488743
21604000 -0.112577853997061
21605000 -0.130853272029327
21606000 -0.15739198523985
21607000 -0.151027660978092
21608000 -0.192906428713397
21609000 -0.100257439945571
21610000 -0.110645249443319
21611000 -0.126612184168074
21612000 -0.0761743809803751
21613000 -0.0770431302260556
21614000 -0.11988742729836
21615000 -0.116108629970681
21616000 -0.15222393954695
21617000 -0.0710351887797281
21618000 -0.15106830669006
21619000 -0.0848122763376712
21620000 -0.0994483190882646
21621000 -0.150536903901254
21622000 -0.092795411165478
21623000 -0.162791229577
21624000 -0.191793384015592
21625000 -0.0399771047777585
21626000 -0.141436402577596
21627000 -0.126160882442636
21628000 -0.10224115085757
21629000 -0.139752304856402
21630000 -0.107524462363336
21631000 -0.184025340926135
21632000 -0.0779700763937369
21633000 -0.138463335030202
21634000 -0.040886546261939
21635000 -0.154081260807862
21636000 -0.0787958687487335
21637000 -0.215076332878247
21638000 -0.159524130522906
21639000 -0.165013097671751
21640000 -0.154731323489431
21641000 -0.172489988617572
21642000 -0.130058334068245
21643000 -0.0617359811425488
21644000 -0.102957363532706
21645000 -0.161483282425416
21646000 -0.142941985525202
21647000 -0.132839180166097
21648000 -0.0440861150353142
21649000 -0.162092563821009
21650000 -0.12937819162971
21651000 -0.125314207444598
21652000 -0.0581116684758875
21653000 -0.0850928839864499
21654000 -0.0804280488715766
21655000 -0.156436628978098
21656000 -0.131030313684742
21657000 -0.159909233488207
21658000 -0.110394390410311
21659000 -0.115231171044205
21660000 -0.154147691660255
21661000 -0.100638104471529
21662000 -0.0764677746330255
21663000 -0.0982976167546725
21664000 -0.171692227673354
21665000 -0.048150074853852
21666000 -0.174561261888386
21667000 -0.24179507586439
21668000 -0.0661138739961998
21669000 -0.107658398435994
21670000 -0.0933754550718445
21671000 -0.111573941622745
21672000 -0.135030593025523
21673000 -0.141910590935548
21674000 -0.0468160285491839
21675000 -0.159328460150689
21676000 -0.217896735753137
21677000 -0.116677109474617
21678000 -0.13166966948353
21679000 -0.0310932364730192
21680000 -0.0835540538976083
21681000 -0.147336453498745
21682000 -0.0761355780619671
21683000 -0.132417005397487
21684000 -0.145493745935969
21685000 -0.12556497147654
21686000 -0.133303198973604
21687000 -0.0738099342338584
21688000 -0.106245042276159
21689000 -0.133957484241344
21690000 -0.133316394103151
21691000 -0.102726622472653
21692000 -0.0904878673101691
21693000 -0.0757314055363375
21694000 -0.10274219670456
21695000 -0.0254931773150604
21696000 -0.197502997877658
21697000 -0.101633197581816
21698000 -0.109414211764022
21699000 -0.079833107737308
21700000 -0.0604652494750338
21701000 -0.144740472631381
21702000 -0.158644719710536
21703000 -0.115389931439839
21704000 -0.0758605708764433
21705000 -0.143203350918662
21706000 -0.0277709651466535
21707000 -0.0624691697404129
21708000 -0.116946112099977
21709000 -0.158452847389908
21710000 -0.17242734807004
21711000 -0.135567397818095
21712000 -0.0641705216033325
21713000 -0.00184343595126495
21714000 -0.0564509258094787
21715000 -0.13065325782473
21716000 -0.0693181767795846
21717000 -0.125247779075201
21718000 -0.125361987997549
21719000 -0.0361076536924134
21720000 -0.0629690380852421
21721000 -0.0879109117090074
21722000 -0.100301961156329
21723000 -0.0597938462894054
21724000 -0.162707778080149
21725000 -0.123428832064992
21726000 -0.0563396876790578
21727000 -0.0999982496039705
21728000 -0.0787912846240669
21729000 -0.047662746196351
21730000 -0.0192719991850788
21731000 -0.135228713483859
21732000 -0.0761801504604728
21733000 -0.0556725910366198
21734000 -0.0534358690101183
21735000 -0.0921946884336414
21736000 0.00039564205357129
21737000 -0.0452071388122825
21738000 -0.0914309414811096
21739000 -0.0939349841718184
21740000 -0.0665041540143451
21741000 -0.061545953782409
21742000 -0.0315472687153236
21743000 -0.0368682884557821
21744000 -0.0537621110353796
21745000 0.0298952629785824
21746000 -0.0646647058525043
21747000 -0.03941266982098
21748000 -0.0277749505248945
21749000 -0.0362465056861722
21750000 -0.0426743690346073
21751000 -0.0890039158373837
21752000 -0.0153187122388918
21753000 -0.0355554411726375
21754000 -0.0130383901888574
21755000 -0.200551681008959
21756000 -0.0531951300693475
21757000 -0.0702325609593662
21758000 -0.113510713276271
21759000 -0.0911425235057421
21760000 -0.0571262103486647
21761000 -0.0451514735997557
21762000 -0.0992896559523733
21763000 -0.087571796216109
21764000 -0.0638571688784109
21765000 0.0179654628782936
21766000 -0.0200911503899475
21767000 -0.0806252311575804
21768000 -0.0632692884215664
21769000 -0.0411880865808123
21770000 -0.102334994830121
21771000 -0.050141152302197
21772000 -0.103533100813538
21773000 -0.0803469296157918
21774000 -0.125406825700697
21775000 -0.0132315916725635
21776000 0.0270486666193778
21777000 -0.0646666789725539
21778000 -0.0548907567921267
21779000 -0.0854071346892085
21780000 -0.0505640126769578
21781000 -0.0654677662252514
21782000 -0.0485639794052243
21783000 -0.119374294673412
21784000 -0.0916779676028739
21785000 -0.0216590702193692
21786000 -0.170315220005717
21787000 -0.0232111332521887
21788000 -0.0304829569612778
21789000 -0.110426152531751
21790000 -0.110676490927415
21791000 -0.0345966547819255
21792000 -0.0859107545109548
21793000 -0.0745427993310053
21794000 -0.067802166372933
21795000 -0.077384202761367
21796000 -0.0902695868605317
21797000 0.0197808555897448
21798000 -0.0573756972725616
21799000 -0.0805488525846842
21800000 -0.0155614708045166
21801000 -0.0430799636140437
21802000 -0.102683519408084
21803000 -0.134658962097763
21804000 -0.0379882578771533
21805000 -0.085388259929504
21806000 -0.0581259823879157
21807000 -0.0101466808072993
21808000 -0.0385722777715756
21809000 -0.0401877933853252
21810000 -0.0950829564640863
21811000 0.0160438130407667
21812000 -0.17987221188945
21813000 -0.0727346492332036
21814000 -0.050450868887881
21815000 -0.109283080420401
21816000 -0.0820229257391091
21817000 -0.0693134607784498
21818000 -0.0211583069326209
21819000 -0.0840506394204313
21820000 -0.0763628789024983
21821000 -0.0405495678234741
21822000 -0.0496541823542313
21823000 -0.0893816396910361
21824000 -0.120681172273603
21825000 -0.0319634778725263
21826000 -0.0806657519388426
21827000 -0.0461469662927294
21828000 -0.0869904704895803
21829000 -0.0517168795161706
21830000 -0.136784325481438
21831000 -0.0660370844161344
21832000 -0.0904504050404739
21833000 -0.0880086944854248
21834000 -0.0617334150676221
21835000 0.0124479534509055
21836000 -0.0889387353994305
21837000 -0.0883569314167456
21838000 -0.0998572978421817
21839000 -0.0504748988844302
21840000 -0.0606286023197088
21841000 -0.104908592698514
21842000 -0.00799226559311653
21843000 -0.162967272925039
21844000 -0.10945803356807
21845000 -0.0643059504530029
21846000 -0.0868809681685877
21847000 -0.0630157205601385
21848000 -0.0987043454704806
21849000 -0.0244745117488201
21850000 -0.0763037106941807
21851000 -0.0428020369086383
21852000 -0.0586330263145704
21853000 -0.0554907270674932
21854000 -0.0929760464687147
21855000 -0.122709896888271
21856000 -0.0680622750781838
21857000 -0.0417329976285116
21858000 -0.13055509201545
21859000 -0.100482146913259
21860000 -0.0314230964077912
21861000 -0.12583828221331
21862000 -0.0971052247749505
21863000 -0.0478356050754445
21864000 -0.052549789076123
21865000 -0.033037874663506
21866000 -0.119396878508512
21867000 -0.0761086417157906
21868000 -0.0654044078561218
21869000 -0.165216935424309
21870000 -0.0219966387831112
21871000 -0.113090490519456
21872000 -0.0993618235533391
21873000 -0.0791065033904857
21874000 -0.0914010842611316
21875000 -0.0336761896155865
21876000 -0.0523275949378078
21877000 -0.108295265184036
21878000 -0.138495134811111
21879000 -0.0698882808273346
21880000 -0.121861760491602
21881000 -0.104859247497055
21882000 -0.000736706899643192
21883000 -0.0662644865828208
21884000 -0.104250052123461
21885000 -0.103558072207059
21886000 -0.0407099400887981
21887000 -0.0359136776259757
21888000 -0.0906807542033717
21889000 -0.0753865915978765
21890000 -0.0153066837658263
21891000 -0.119892638401139
21892000 -0.108231309517554
21893000 -0.0568289757099848
21894000 -0.0556563184476213
21895000 -0.0816235939886784
21896000 -0.108887651821163
21897000 -0.0738649960441881
21898000 -0.0828146514376694
21899000 -0.0885163334333286
21900000 -0.0750027133993286
21901000 -0.159235010366021
21902000 -0.0778860607517211
21903000 -0.102864071652778
21904000 -0.0767827386642342
21905000 -0.0606430783239736
21906000 -0.0995824022371624
21907000 -0.0999889024805014
21908000 -0.0726032560979271
21909000 -0.124881451669231
21910000 -0.0602041368299312
21911000 -0.101472189521477
21912000 -0.0963678307190124
21913000 -0.0904753681832861
21914000 -0.10057537113629
21915000 -0.176413060973717
21916000 -0.106528729416236
21917000 -0.0699398462817503
21918000 -0.207551105748933
21919000 -0.156001687506981
21920000 -0.0575472099042443
21921000 -0.124456219542139
21922000 -0.0838449908941579
21923000 -0.0452571838533369
21924000 -0.0846235976594432
21925000 -0.023902547763581
21926000 -0.142843062022468
21927000 -0.0422546918982893
21928000 -0.0890358711290778
21929000 -0.0623836822979765
21930000 -0.0511942886891691
21931000 -0.0469732268415755
21932000 -0.0592608389833391
21933000 -0.113689839428164
21934000 -0.11732908648304
21935000 -0.0949346230840008
21936000 -0.0684588173766548
21937000 -0.0995456042417666
21938000 -0.073258526456678
21939000 -0.058395527116253
21940000 -0.100329591803896
21941000 -0.103084672281718
21942000 -0.12981759460163
21943000 -0.0594864559083021
21944000 -0.158166458509578
21945000 -0.0677726371136867
21946000 -0.121537868176144
21947000 -0.107424888795286
21948000 -0.0740338352047864
21949000 -0.0767052250468654
21950000 -0.0481055154677204
21951000 -0.0605067993919176
21952000 -0.114226524348371
21953000 -0.101726146894713
21954000 -0.0728415924701184
21955000 -0.0934498768717878
21956000 -0.146113051968701
21957000 -0.0687970419693783
21958000 -0.0795788329325243
21959000 -0.122933967336891
21960000 -0.0754341892869903
21961000 -0.10320099121157
21962000 -0.0219218495419119
21963000 -0.0471468238098868
21964000 -0.0926237664945643
21965000 0.0156772485504904
21966000 -0.0720720519582118
21967000 -0.0190717759271451
21968000 -0.124089097524099
21969000 -0.106074222299369
21970000 -0.0732782144364388
21971000 -0.122344132807691
21972000 -0.163832632563707
21973000 -0.15905215071864
21974000 -0.104911373750819
21975000 -0.160786030985356
21976000 -0.0784753126523577
21977000 -0.0742754174464062
21978000 -0.15692183735677
21979000 -0.030950657936417
21980000 -0.0912614205951041
21981000 -0.124021489026973
21982000 -0.0809936142420321
21983000 -0.0752778012051044
21984000 -0.0619191243684366
21985000 -0.0387166265435896
21986000 -0.117640737497348
21987000 -0.0233809863008905
21988000 -0.0810456953302827
21989000 -0.14842415525362
21990000 -0.0661316970005301
21991000 -0.119275395005441
21992000 -0.105768515513005
21993000 -0.188008523283644
21994000 -0.0443717826296013
21995000 -0.152865568058381
21996000 -0.126145296951761
21997000 -0.0994261837343736
21998000 -0.0881083899261646
21999000 -0.116022232594348
22000000 -0.085676129353567
22001000 -0.0978135482416971
22002000 -0.128387442851762
22003000 -0.0512972841483725
22004000 -0.149601437092199
22005000 -0.0951778057129312
22006000 -0.0435971541449012
22007000 -0.150522745369011
22008000 -0.120764102225702
22009000 -0.160574415744827
22010000 -0.175930152001945
22011000 -0.102986128479273
22012000 -0.0600736828158503
22013000 -0.0963116063790088
22014000 -0.0864510772764205
22015000 -0.0828931322921501
22016000 -0.129323639797248
22017000 -0.101031155803046
22018000 -0.106097034548533
22019000 -0.080956114409835
22020000 -0.115971757982404
22021000 -0.140616846354984
22022000 -0.104001397092179
22023000 -0.0646305315221733
22024000 -0.0945411567497215
22025000 -0.0323004582092475
22026000 -0.0720915789589398
22027000 0.00440542978311994
22028000 -0.0823856961218201
22029000 -0.133030081530623
22030000 -0.039209491658149
22031000 -0.106679472344811
22032000 -0.123186101401917
22033000 -0.0860860259361714
22034000 -0.0870497391321097
22035000 -0.10141963856217
22036000 -0.111445485347614
22037000 -0.109431129609848
22038000 -0.112171662214925
22039000 -0.0255669425221217
22040000 -0.159502118484282
22041000 -0.0940827268715079
22042000 -0.133203872822363
22043000 -0.0308062316593099
22044000 -0.154573496698246
22045000 -0.0770290165560683
22046000 -0.140314306419532
22047000 -0.110256632429767
22048000 0.0172814799549988
22049000 -0.185050511850536
22050000 -0.135087510266791
22051000 -0.060342815466039
22052000 -0.0517360714697073
22053000 -0.108312584256736
22054000 -0.000430724708807681
22055000 -0.118024250493408
22056000 -0.105083723638562
22057000 -0.118941832899682
22058000 -0.139220371598069
22059000 -0.12582889616109
22060000 -0.0898212197552656
22061000 -0.160965795813899
22062000 -0.129606890231972
22063000 -0.0845283625119988
22064000 0.00183609109924985
22065000 -0.111504838067427
22066000 -0.0905356717848781
22067000 -0.138835554573203
22068000 -0.149010967134997
22069000 -0.0736747524062898
22070000 -0.11652812237201
22071000 -0.12243370449197
22072000 -0.0594684450047065
22073000 -0.0116941786222125
22074000 -0.0347288475706012
22075000 -0.140968837191501
22076000 -0.123706883055923
22077000 -0.173616437866729
22078000 -0.172602655006129
22079000 -0.119053005729334
22080000 -0.158905520188224
22081000 -0.139579885409614
22082000 -0.0855839315985934
22083000 -0.161940367296433
22084000 -0.0748369216761246
22085000 -0.177255592887499
22086000 -0.138832757924969
22087000 -0.201327075424566
22088000 -0.145890870748116
22089000 -0.120801414544464
22090000 -0.0761663579836153
22091000 -0.0811519259302026
22092000 -0.140723970051853
22093000 -0.112622642821771
22094000 -0.157463291264443
22095000 -0.0951211217579605
22096000 -0.13300692347124
22097000 -0.151795111949458
22098000 -0.104129072903064
22099000 -0.0779968802503252
22100000 -0.106433886839045
22101000 -0.159024671029024
22102000 -0.144731006708649
22103000 -0.0795316026139571
22104000 -0.156145063822407
22105000 -0.154469293401834
22106000 -0.0999821449454303
22107000 -0.0966023317190373
22108000 -0.139797300862828
22109000 -0.0874710667854932
22110000 -0.10944527888001
22111000 -0.125938134419554
22112000 -0.103480259930032
22113000 -0.144457594183746
22114000 -0.143904325694053
22115000 -0.114239060006849
22116000 -0.192215241064799
22117000 0.0125501174573418
22118000 -0.135597983187766
22119000 -0.0929072909184552
22120000 -0.167804441359115
22121000 -0.147857798509794
22122000 -0.137313764157119
22123000 -0.129083734069147
22124000 -0.135073154330503
22125000 -0.111165897676728
22126000 -0.125516737632392
22127000 -0.156814425812028
22128000 -0.0824707207766237
22129000 -0.109434889135461
22130000 -0.0856422499394906
22131000 -0.14663763721541
22132000 -0.158560163864911
22133000 -0.0880904620318934
22134000 -0.144248248045423
22135000 -0.113095220394707
22136000 -0.164133882455083
22137000 -0.0919489505470394
22138000 -0.0992456674111651
22139000 -0.134015213274608
22140000 -0.107058141284593
22141000 -0.178802094898537
22142000 -0.0950191808784541
22143000 -0.137936200879268
22144000 -0.155659351061282
22145000 -0.11173155621512
22146000 -0.135915949699225
22147000 -0.107879884795106
22148000 -0.110376113681091
22149000 -0.0670700525300055
22150000 -0.151031887873119
22151000 -0.124918521754354
22152000 -0.104701648481188
22153000 -0.113942238781476
22154000 -0.131868132146266
22155000 -0.109927049100295
22156000 -0.146482212236846
22157000 -0.151324380773358
22158000 -0.128282321057708
22159000 -0.14638506432026
22160000 -0.110720176902383
22161000 -0.200514413415788
22162000 -0.152333244501011
22163000 -0.0996971136023568
22164000 -0.156494153705786
22165000 -0.0958467965771453
22166000 -0.139329557231397
22167000 -0.167061668809642
22168000 -0.121280815539499
22169000 -0.13869375831659
22170000 -0.131557912221876
22171000 -0.115842835452677
22172000 -0.0284624526682418
22173000 -0.140393489638804
22174000 -0.0871418086015942
22175000 -0.137700822685887
22176000 -0.0799671749416409
22177000 -0.152773298447609
22178000 -0.128758063990474
22179000 -0.0693557318882483
22180000 -0.135973967033163
22181000 -0.0398092437327261
22182000 -0.177673376334616
22183000 -0.150682282006097
22184000 -0.128450772143211
22185000 -0.135766330828224
22186000 -0.109112191675528
22187000 -0.0875868655417038
22188000 -0.206543905855097
22189000 -0.0717566633704599
22190000 -0.160450645727765
22191000 -0.113680252906735
22192000 -0.0437644058721205
22193000 -0.171218701575902
22194000 -0.114370728807783
22195000 -0.0658605683161919
22196000 -0.193402908085332
22197000 -0.106019336744341
22198000 -0.0225835666685222
22199000 -0.0988031652916245
22200000 -0.0688734477359318
22201000 -0.0906575621197938
22202000 -0.167150875309806
22203000 -0.107316217137749
22204000 -0.137277795424931
22205000 -0.162426981985646
22206000 -0.14570004644627
22207000 -0.15379628104619
22208000 -0.179462472427418
22209000 -0.175205806616017
22210000 -0.0674759274646187
22211000 -0.128492770818648
22212000 -0.104629045830875
22213000 -0.121983174099713
22214000 -0.0694038044922743
22215000 -0.18129388822589
22216000 -0.172214292781274
22217000 -0.0898814985845461
22218000 -0.0583026958200221
22219000 -0.0886010053636755
22220000 -0.135938524761299
22221000 -0.103339331898019
22222000 -0.102276733971249
22223000 -0.130627817829477
22224000 -0.172926015504019
22225000 -0.102979532209873
22226000 -0.176752077454053
22227000 -0.150140473859002
22228000 -0.0758519069967282
22229000 -0.136212819321945
22230000 -0.119211536570524
22231000 -0.128623308316153
22232000 -0.196613994391219
22233000 -0.151774353259078
22234000 -0.103419726610805
22235000 -0.0674212754956345
22236000 -0.147729913170514
22237000 -0.191359121836423
22238000 -0.11887754433325
22239000 -0.0815817530055306
22240000 -0.10621202830231
22241000 -0.0468328893007166
22242000 -0.118078950970794
22243000 -0.0960120458840081
22244000 -0.129198577697193
22245000 -0.164857133561785
22246000 -0.113230945875934
22247000 -0.12583466904726
22248000 -0.129662326802558
22249000 -0.0988393370568281
22250000 -0.0622151503828085
22251000 -0.181737856105047
22252000 -0.0846618336823462
22253000 -0.253365741218146
22254000 -0.206025151363296
22255000 -0.0433862493483998
22256000 -0.150414091567198
22257000 -0.0980081873280862
22258000 -0.111325769828311
22259000 -0.248217324739958
22260000 -0.130678845524732
22261000 -0.10398648491329
22262000 -0.142166342309628
22263000 -0.137538381734775
22264000 -0.10114058830207
22265000 -0.0924380117039911
22266000 -0.137331367261478
22267000 -0.140144403792148
22268000 -0.0904850241836582
22269000 -0.0700383129308162
22270000 -0.123395910514653
22271000 -0.0834050172884418
22272000 -0.159130313752938
22273000 -0.071450869229331
22274000 -0.175004578881134
22275000 -0.11649458205015
22276000 -0.106531213363045
22277000 -0.103014687437389
22278000 -0.0992007602940004
22279000 -0.170202107408828
22280000 -0.162606984434158
22281000 -0.0973358420311893
22282000 -0.176766010363463
22283000 -0.151825244339761
22284000 -0.113855089887803
22285000 -0.156099403904986
22286000 -0.0936372359205231
22287000 -0.123067380325736
22288000 -0.217659127216206
22289000 -0.144045241653671
22290000 -0.158394233217448
22291000 -0.0369167124786004
22292000 -0.166714978253131
22293000 -0.0932750517335344
22294000 -0.171022791952925
22295000 -0.118808921853202
22296000 -0.112283936542485
22297000 -0.0780329355971096
22298000 -0.132659457393172
22299000 -0.206241147015181
22300000 -0.144424207087828
22301000 -0.106817849192927
22302000 -0.0823495561971795
22303000 -0.157568997546167
22304000 -0.0612041039080264
22305000 -0.183779045243999
22306000 -0.152395950596411
22307000 -0.097340100732442
22308000 -0.0810206191460039
22309000 -0.136737536655097
22310000 -0.114372127159229
22311000 -0.10924021900051
22312000 -0.10593086850667
22313000 -0.148067153141795
22314000 -0.102018216776043
22315000 -0.163945031943159
22316000 -0.0819670351922505
22317000 -0.130909506858162
22318000 -0.164534012996095
22319000 -0.15587272891229
22320000 -0.118899928971918
22321000 -0.128925172289566
22322000 -0.0924108822029207
22323000 -0.136491195415725
22324000 -0.078434089008592
22325000 -0.156936515160482
22326000 -0.116849511840985
22327000 -0.115154283991827
22328000 -0.146731024557219
22329000 -0.111329082090126
22330000 -0.234895543373079
22331000 -0.0822097300590657
22332000 -0.136439174489266
22333000 -0.12783492286508
22334000 -0.0912365145413671
22335000 -0.146486322450625
22336000 -0.14342837938552
22337000 -0.111796536243599
22338000 -0.125197357185528
22339000 -0.220247855044308
22340000 -0.0782426452862978
22341000 -0.13201398421708
22342000 -0.0684725113152039
22343000 -0.146316258572069
22344000 -0.0996254562384598
22345000 -0.120589568207991
22346000 -0.116533670621299
22347000 -0.143071425110125
22348000 -0.201736778551541
22349000 -0.0888512597032084
22350000 -0.153276587468069
22351000 -0.155797684015504
22352000 -0.119413610934067
22353000 -0.135858844870644
22354000 -0.153132864770701
22355000 -0.116008084819893
22356000 -0.14107998926645
22357000 -0.107435055333365
22358000 -0.123677477930134
22359000 -0.165123433066907
22360000 -0.142867267555654
22361000 -0.162075400926355
22362000 -0.109746967917857
22363000 -0.123780708328756
22364000 -0.156223841052327
22365000 -0.108902596269347
22366000 -0.102200784672562
22367000 -0.118608668397016
22368000 -0.136094573803929
22369000 -0.123466328860272
22370000 -0.20674315961099
22371000 -0.131123710022823
22372000 -0.186758252608347
22373000 -0.132237390091105
22374000 -0.109590107817337
22375000 -0.191985187021237
22376000 -0.166545725316815
22377000 -0.148351423058091
22378000 -0.0771776635368813
22379000 -0.197193739398913
22380000 -0.0607741197760088
22381000 -0.120025586935943
22382000 -0.11324182779724
22383000 -0.132254501515732
22384000 -0.185053115993454
22385000 -0.143436360198233
22386000 -0.13111390950201
22387000 -0.183569373646794
22388000 -0.217152944218089
22389000 -0.140550339723123
22390000 -0.240624217830704
22391000 -0.171741686215174
22392000 -0.115700368515052
22393000 -0.185411457925932
22394000 -0.181324852297924
22395000 -0.0820255188610071
22396000 -0.134245981001359
22397000 -0.210278115038226
22398000 -0.150753832266898
22399000 -0.17798934051729
22400000 -0.173867016050745
22401000 -0.0584828992250465
22402000 -0.170755854498017
22403000 -0.108649398187582
22404000 -0.0568878999215494
22405000 -0.161323951041727
22406000 -0.0410515070927693
22407000 -0.144635290123064
22408000 -0.162544312911108
22409000 -0.105118576204564
22410000 -0.226288002186299
22411000 -0.153971250098153
22412000 -0.0791984948740976
22413000 -0.109398279369203
22414000 -0.277230673611708
22415000 -0.0791558246226286
22416000 -0.0678257027188101
22417000 -0.174296328003169
22418000 -0.117709186878726
22419000 -0.169631391373749
22420000 -0.143760822197582
22421000 -0.172865560144644
22422000 -0.146196231795962
22423000 -0.11745012743504
22424000 -0.155652464979129
22425000 -0.108689227002591
22426000 -0.153556095192639
22427000 -0.0686545131536832
22428000 -0.220178879465576
22429000 -0.178324571066408
22430000 -0.145144971841682
22431000 -0.100778217974786
22432000 -0.191796647420842
22433000 -0.118253915157645
22434000 -0.0783459596746256
22435000 -0.118166652434789
22436000 -0.192998402392299
22437000 -0.132335472529017
22438000 -0.0928406339127373
22439000 -0.181404190635285
22440000 -0.101050123114908
22441000 -0.0986969060328502
22442000 -0.18448602096879
22443000 -0.143048340246727
22444000 -0.110106116557188
22445000 -0.158326722169719
22446000 -0.17236271408188
22447000 -0.095024158673645
22448000 -0.163465168113695
22449000 -0.108638492814219
22450000 -0.17479892074005
22451000 -0.20183366707997
22452000 -0.0865481779320987
22453000 -0.106542558396858
22454000 -0.19260027576786
22455000 -0.107801910991339
22456000 -0.116830712249606
22457000 -0.178532011223947
22458000 -0.139031562217677
22459000 -0.18763694334849
22460000 -0.0972500600652136
22461000 -0.0968464020286302
22462000 -0.146304408657459
22463000 -0.10293529707227
22464000 -0.145645459814306
22465000 -0.193121248185427
22466000 -0.172216958768756
22467000 -0.107349316557944
22468000 -0.144057531841508
22469000 -0.0842243983162584
22470000 -0.056904156095455
22471000 -0.149706806800211
22472000 -0.0959865623451322
22473000 -0.168907062743314
22474000 -0.120032364100791
22475000 -0.117759038396227
22476000 0.0115016629250817
22477000 -0.133528998760152
22478000 -0.0739394781924939
22479000 -0.0942533372546038
22480000 -0.110033797619332
22481000 -0.120872947402456
22482000 -0.0975902056297465
22483000 0.0137727807636738
22484000 -0.0572381519048893
22485000 -0.120829711719993
22486000 -0.130153992335681
22487000 -0.0815369311674486
22488000 -0.0513345020518442
22489000 -0.109127035592046
22490000 -0.0401675119788007
22491000 -0.0231374664195729
22492000 -0.106951153896381
22493000 -0.0352021338545705
22494000 -0.14804503034462
22495000 -0.0766910474676944
22496000 -0.164939276349607
22497000 -0.0777316429561649
22498000 -0.0928206361579831
22499000 -0.123152631008562
22500000 -0.109959055789538
22501000 -0.0510663092899861
22502000 -0.0528595705395679
22503000 -0.0952081259557126
22504000 -0.115001227651031
22505000 -0.128404697880506
22506000 -0.0745540729033365
22507000 -0.103057954864941
22508000 -0.0595345981696084
22509000 -0.115353453061419
22510000 -0.0996991655823969
22511000 -0.032640789875653
22512000 -0.170394799442873
22513000 -0.0867336101112503
22514000 -0.0898632120539983
22515000 -0.0667449245304398
22516000 -0.0277744411238678
22517000 -0.159578712677438
22518000 -0.0996480683248992
22519000 -0.0895002038355937
22520000 -0.0835509958772413
22521000 -0.134992532828273
22522000 -0.080697840264522
22523000 -0.0896681063187295
22524000 -0.123428944449082
22525000 -0.0968681414369273
22526000 -0.115308145004005
22527000 -0.0899925603412366
22528000 -0.0947956731285214
22529000 -0.0809332647544523
22530000 -0.13431987066313
22531000 -0.168752230705415
22532000 -0.12853468453428
22533000 -0.0202862083001838
22534000 -0.11205187978941
22535000 -0.165204799219718
22536000 -0.057566919889508
22537000 -0.0166387724995007
22538000 -0.0469446028837454
22539000 -0.0502164851090626
22540000 -0.15099474331794
22541000 -0.0499597426624381
22542000 -0.20434932393503
22543000 -0.139418466223304
22544000 -0.0937302044024843
22545000 -0.107553842081151
22546000 -0.094009743932392
22547000 -0.123793603041372
22548000 -0.0686399214559418
22549000 -0.107958615854923
22550000 -0.130184008375877
22551000 -0.126373878581662
22552000 -0.0836950454651184
22553000 -0.113965552542924
22554000 -0.147274580462019
22555000 -0.0467785506292386
22556000 -0.0388211560098638
22557000 -0.131672036143941
22558000 -0.102699642032941
22559000 -0.065807693574977
22560000 -0.18771633380614
22561000 -0.0956253707698846
22562000 -0.0817914836036475
22563000 -0.100989442434917
22564000 -0.108372726765043
22565000 -0.143891686318532
22566000 -0.0902418528589889
22567000 -0.133172161913989
22568000 -0.0628744566739819
22569000 -0.163408968287825
22570000 -0.0976479672038971
22571000 -0.146239058033921
22572000 -0.11789250341621
22573000 -0.103563160115457
22574000 -0.132852722530284
22575000 -0.0790767215011566
22576000 -0.0943320533751854
22577000 -0.115857166393888
22578000 -0.0967370233117847
22579000 -0.0462748034339996
22580000 -0.115621114735869
22581000 -0.130413994148155
22582000 -0.0581557619001203
22583000 -0.160737892474771
22584000 -0.114616294523688
22585000 -0.121950138737962
22586000 -0.105978163497228
22587000 -0.106771980733433
22588000 -0.167378396757623
22589000 -0.0720083993639282
22590000 -0.0737122964323064
22591000 -0.11158787664323
22592000 0.0354330017387369
22593000 -0.127273157150514
22594000 -0.0962879815989206
22595000 -0.0742302267735398
22596000 -0.187782512040274
22597000 -0.0670294614692215
22598000 -0.0395325537601536
22599000 -0.134727539385696
22600000 -0.132732719325991
22601000 -0.159313495452738
22602000 -0.0814955601559174
22603000 -0.10859795020611
22604000 -0.125048002149277
22605000 -0.135161329035575
22606000 -0.128396443377103
22607000 -0.10148845148899
22608000 -0.136706759101269
22609000 -0.0539311131898643
22610000 -0.128457946348115
22611000 -0.0469702220218286
22612000 -0.066503041640317
22613000 -0.121378951943586
22614000 -0.116747068516157
22615000 -0.123017333208456
22616000 -0.148315252139525
22617000 -0.0780087595678126
22618000 -0.0949872986890567
22619000 -0.166560377669753
22620000 -0.0952158599602665
22621000 -0.0771527586246314
22622000 -0.065975537183137
22623000 -0.0883681923725056
22624000 -0.0835905497378272
22625000 -0.114094274962772
22626000 -0.0870606895656199
22627000 -0.0799120877663422
22628000 -0.0473203998821271
22629000 -0.145147111492743
22630000 -0.156415727175248
22631000 -0.0897386444145344
22632000 -0.0633881564781566
22633000 -0.156281432732002
22634000 -0.101970236030742
22635000 -0.245499806732363
22636000 -0.0812284044908512
22637000 0.00402292661348163
22638000 -0.216504109333293
22639000 -0.122273703490963
22640000 -0.125093932099401
22641000 -0.0572811868845235
22642000 -0.100868630107006
22643000 -0.133580840343438
22644000 -0.044309454290875
22645000 -0.137380187752858
22646000 -0.0632637252100684
22647000 -0.0292494081841072
22648000 -0.0637333965528771
22649000 -0.0498267544839092
22650000 -0.116528159387983
22651000 -0.0428442462892822
22652000 0.0221225757642674
22653000 -0.109317558413438
22654000 -0.176508454069054
22655000 -0.107434390056699
22656000 -0.173058716114876
22657000 -0.175141988019681
22658000 -0.0645611327591642
22659000 -0.126851084160498
22660000 -0.181256894486014
22661000 -0.0823685338598558
22662000 -0.0812195478470779
22663000 -0.116158067598909
22664000 -0.0808565132597081
22665000 -0.067815411009362
22666000 -0.190642103289552
22667000 -0.086850051846678
22668000 -0.134137843624537
22669000 -0.0715009972214379
22670000 -0.169803283131508
22671000 -0.0979816732920639
22672000 -0.0493382955644076
22673000 -0.132514575594167
22674000 -0.0940425007302055
22675000 -0.15503625229772
22676000 -0.0865639566101829
22677000 -0.115726074693522
22678000 -0.110495914371758
22679000 -0.0929101201733573
22680000 -0.154863427475583
22681000 -0.104934007774541
22682000 -0.0833802615170343
22683000 -0.0789543359408796
22684000 -0.0776397937807436
22685000 -0.0946768165681872
22686000 -0.0460314326506204
22687000 -0.10366037373614
22688000 -0.0568133598061518
22689000 -0.163275792778397
22690000 -0.160764348371795
22691000 -0.073087231890368
22692000 -0.176899772186281
22693000 -0.13399000169192
22694000 -0.103140455825093
22695000 -0.197342309380837
22696000 -0.0816078278716854
22697000 -0.117052816410215
22698000 -0.107411862185878
22699000 -0.135905406564109
22700000 -0.1736646526739
22701000 -0.101214635447497
22702000 -0.17660002798188
22703000 -0.187951112397355
22704000 -0.0719936913160579
22705000 -0.0877171297229786
22706000 -0.132796966262006
22707000 -0.13488684283151
22708000 -0.180255102597272
22709000 -0.0820538963495256
22710000 -0.197877438487829
22711000 -0.0763854566658941
22712000 -0.166651055857479
22713000 -0.116681758529535
22714000 -0.113042545125443
22715000 -0.21263733997024
22716000 -0.113647830538725
22717000 -0.0895299657954665
22718000 -0.160522679233364
22719000 -0.132021516461765
22720000 -0.126783856392476
22721000 -0.1665006255253
22722000 -0.0983199010912666
22723000 -0.109308601440759
22724000 -0.139570377758582
22725000 -0.0565179621026003
22726000 -0.111521586125574
22727000 -0.119220421808004
22728000 -0.183035036367759
22729000 -0.132279396390687
22730000 -0.121409919084368
22731000 -0.14180344799339
22732000 -0.0370260386312859
22733000 -0.0940370229121146
22734000 -0.123326384748985
22735000 -0.15225664099917
22736000 -0.141672288476598
22737000 -0.0629901881218942
22738000 -0.16662556457305
22739000 -0.149093670585296
22740000 -0.106713635934903
22741000 -0.0373467236036902
22742000 -0.138574591173494
22743000 -0.154821363827736
22744000 -0.0787264817051936
22745000 -0.164190507909387
22746000 -0.132569942141067
22747000 -0.17628256084908
22748000 -0.122316019376818
22749000 -0.156370268238037
22750000 -0.158894632474326
22751000 -0.114550955907594
22752000 -0.12687959510281
22753000 -0.167727949316551
22754000 -0.152568765700779
22755000 -0.0806457609984902
22756000 -0.101345701306016
22757000 -0.0803771850808593
22758000 -0.110113075289108
22759000 -0.160650210750446
22760000 -0.0695261401250497
22761000 -0.0853239306281887
22762000 -0.169300499724019
22763000 -0.0366700239729451
22764000 -0.0917793321568335
22765000 -0.195773557028514
22766000 -0.0922620230678553
22767000 -0.086278126570973
22768000 -0.0933573703498188
22769000 -0.112742551705697
22770000 -0.171985185527664
22771000 -0.0584911128339169
22772000 -0.107716114672692
22773000 -0.122842039480799
22774000 -0.175540994152995
22775000 -0.0529631340267236
22776000 -0.157382632182617
22777000 -0.17814291139601
22778000 -0.183010541856012
22779000 -0.0981238064291316
22780000 -0.142201934564929
22781000 -0.0979861105748649
22782000 -0.112087010682644
22783000 -0.149728684474379
22784000 -0.119763588616829
22785000 -0.200239105076862
22786000 -0.120345715441682
22787000 -0.0682133468688525
22788000 -0.204212193334167
22789000 -0.18489598703374
22790000 -0.0520645055291202
22791000 -0.130637080181483
22792000 -0.157353837896688
22793000 -0.0385061152510464
22794000 -0.161448486017309
22795000 -0.114725638956946
22796000 -0.131279638103903
22797000 -0.137840622525326
22798000 -0.122119781497886
22799000 -0.0998679154123984
22800000 -0.113375952989988
22801000 -0.150797188491254
22802000 -0.106128186161986
22803000 -0.0865577821502386
22804000 -0.11854698931462
22805000 -0.150588944642341
22806000 -0.103667893859447
22807000 -0.0521986698964855
22808000 -0.187151115602922
22809000 -0.10292107300712
22810000 -0.0625045076704023
22811000 -0.23198679325698
22812000 -0.0502928159827371
22813000 -0.138811814582875
22814000 -0.183244229365758
22815000 -0.0605016340570487
22816000 -0.160238296548088
22817000 -0.143590291782118
22818000 -0.0550947297942482
22819000 -0.173296608616876
22820000 -0.0980383322971846
22821000 -0.100289552107346
22822000 -0.180549427663978
22823000 -0.0650697736299298
22824000 -0.0880057391509065
22825000 -0.159561385209841
22826000 -0.108996640254861
22827000 -0.143169996625021
22828000 -0.0696288002025651
22829000 -0.121437155498279
22830000 -0.188983128566392
22831000 -0.16984590451134
22832000 -0.156185375536948
22833000 -0.15408113526618
22834000 -0.100257848624769
22835000 -0.111773096493194
22836000 -0.172604422886827
22837000 -0.146370392430456
22838000 -0.0908517838412551
22839000 -0.201730609390101
22840000 -0.159322695533129
22841000 -0.108415251600406
22842000 -0.12357780598228
22843000 -0.138489272593135
22844000 -0.141688335802145
22845000 -0.144899649254281
22846000 -0.15639769839034
22847000 -0.117750791108322
22848000 -0.0868317246005192
22849000 -0.214138263140777
22850000 -0.137756637183807
22851000 -0.116611989222736
22852000 -0.136955162330551
22853000 -0.130478248707543
22854000 -0.140772557534098
22855000 -0.0993672459693473
22856000 -0.144030115754516
22857000 -0.12068381688062
22858000 -0.136677831968671
22859000 -0.0981338114123454
22860000 -0.150169373480262
22861000 -0.1502882099214
22862000 -0.0891042078897009
22863000 -0.13533579443374
22864000 -0.171019893301539
22865000 -0.129906913599148
22866000 -0.120257443233341
22867000 -0.120037062510607
22868000 -0.234606421832448
22869000 -0.182810959533458
22870000 -0.102350759192105
22871000 -0.150366695963932
22872000 -0.15847803420558
22873000 -0.160816067211655
22874000 -0.188609469426833
22875000 -0.150860140221406
22876000 -0.182054340923549
22877000 -0.0490450168091914
22878000 -0.146713413635558
22879000 -0.179586279853242
22880000 -0.0770777585831708
22881000 -0.150970684552576
22882000 -0.106262531792214
22883000 -0.114470770506154
22884000 -0.12233775239354
22885000 -0.141396750938766
22886000 -0.211097234204006
22887000 -0.157617958372091
22888000 -0.10810963953253
22889000 -0.183162114336589
22890000 -0.170560548230405
22891000 -0.178221666640218
22892000 -0.14881197867725
22893000 -0.118133714825495
22894000 -0.150677536281018
22895000 -0.120171269174628
22896000 -0.0443635182360141
22897000 -0.15520966053228
22898000 -0.0926202580993853
22899000 -0.0747904251086519
22900000 -0.127058935539549
22901000 -0.0879645915375274
22902000 -0.225543581843993
22903000 -0.0491440838784916
22904000 -0.111914686357094
22905000 -0.08949184232366
22906000 -0.124168112188619
22907000 -0.118174208121471
22908000 -0.0891968320409612
22909000 -0.103065613777838
22910000 -0.120558634534246
22911000 -0.122848129716429
22912000 -0.0796410943748301
22913000 -0.126138234581203
22914000 -0.110388766590325
22915000 -0.176704470149162
22916000 -0.0171745145905736
22917000 -0.207651971208507
22918000 -0.12509613060321
22919000 -0.144608182215419
22920000 -0.133827171331552
22921000 -0.148612719136949
22922000 -0.176828840936125
22923000 -0.208320331944955
22924000 -0.142131232995563
22925000 -0.0977437470122019
22926000 -0.218999978980598
22927000 -0.144217006074779
22928000 -0.220165622601165
22929000 -0.160916986082595
22930000 -0.0974722537481365
22931000 -0.125859821877167
22932000 -0.167243125472987
22933000 -0.150038494624947
22934000 -0.159755662268071
22935000 -0.114508952594978
22936000 -0.134919182493067
22937000 -0.121251498204808
22938000 -0.114167113376123
22939000 -0.172521690504031
22940000 -0.103332686582563
22941000 -0.134341902545233
22942000 -0.141767319724503
22943000 -0.122753036598259
22944000 -0.0908636032399173
22945000 -0.126693412262649
22946000 -0.126661837312297
22947000 -0.14407407011232
22948000 -0.0980249898171718
22949000 -0.17091073553072
22950000 -0.0445088856271099
22951000 -0.130745270074208
22952000 -0.168782333864783
22953000 -0.219395238324591
22954000 -0.10653702292165
22955000 -0.20298362899724
22956000 -0.169454178857671
22957000 -0.176807276182676
22958000 -0.196050259734768
22959000 -0.0891691577987621
22960000 -0.13162060221406
22961000 -0.113107305358442
22962000 -0.199193743210746
22963000 -0.119252840704173
22964000 -0.0867476805057775
22965000 -0.160140289550071
22966000 -0.126583445795429
22967000 -0.202501706706799
22968000 -0.163248766318693
22969000 -0.145376661522743
22970000 -0.171812460486593
22971000 -0.219634215898626
22972000 -0.132501755071572
22973000 -0.0767801359525894
22974000 -0.187399493690635
22975000 -0.161479758503593
22976000 -0.0856546414069333
22977000 -0.211792578261508
22978000 -0.1350151590857
22979000 -0.12703808156486
22980000 -0.0930833745902879
22981000 -0.227796961865169
22982000 -0.0803655477287801
22983000 -0.120337757832521
22984000 -0.166343100200594
22985000 -0.0707793603713639
22986000 -0.0940692899097808
22987000 -0.14835777448587
22988000 -0.107342826153341
22989000 -0.197148571601529
22990000 -0.158547774453116
22991000 -0.180547161413971
22992000 -0.211300327426284
22993000 -0.165329924578447
22994000 -0.113584717661234
22995000 -0.166400199093992
22996000 -0.149455097527648
22997000 -0.103352910332809
22998000 -0.180694765969304
22999000 -0.173655054044074
23000000 -0.156417381554862
23001000 -0.113897947682464
23002000 -0.150084990154851
23003000 -0.105733090990064
23004000 -0.210150092642431
23005000 -0.111992521617081
23006000 -0.128483238961483
23007000 -0.163510449355756
23008000 -0.113631599455396
23009000 -0.135637602354943
23010000 -0.128798031658781
23011000 -0.107095272391246
23012000 -0.237232176016263
23013000 -0.188325604483028
23014000 -0.131513436763166
23015000 -0.221539410633582
23016000 -0.137979327924233
23017000 -0.191975300101638
23018000 -0.111387280497089
23019000 -0.159082656822078
23020000 -0.134755011259439
23021000 -0.204861507716528
23022000 -0.099773482605671
23023000 -0.0963687355110996
23024000 -0.167921666415736
23025000 -0.191728701747749
23026000 -0.0968342392093448
23027000 -0.093296000025637
23028000 -0.161724710382366
23029000 -0.0816818660396376
23030000 -0.097699472027979
23031000 -0.122849924543109
23032000 -0.0912987491127752
23033000 -0.0586318085377727
23034000 -0.226996124607128
23035000 -0.139852454917484
23036000 -0.0844232851291187
23037000 -0.189666113439462
23038000 -0.19556809084996
23039000 -0.202361981692947
23040000 -0.107184837849577
23041000 -0.206781975248345
23042000 -0.207496716909295
23043000 -0.207610260870924
23044000 -0.167455565703797
23045000 -0.175587840564059
23046000 -0.157160622242557
23047000 -0.107734543526325
23048000 -0.147824538375479
23049000 -0.135113728381236
23050000 -0.118074660388171
23051000 -0.217856677288332
23052000 -0.157087001071774
23053000 -0.0843664718701393
23054000 -0.0965883127374727
23055000 -0.158722183382681
23056000 -0.140771708593706
23057000 -0.140090255167463
23058000 -0.168536110616307
23059000 -0.158908904811214
23060000 -0.120039884627015
23061000 -0.180946497635677
23062000 -0.172683004584897
23063000 -0.221399237048618
23064000 -0.11654802468205
23065000 -0.156975376913613
23066000 -0.255996949821578
23067000 -0.0856051291084758
23068000 -0.155144026828832
23069000 -0.149537197861345
23070000 -0.1729861945198
23071000 -0.152154575654002
23072000 -0.170398921377715
23073000 -0.071251522357919
23074000 -0.143217052933613
23075000 -0.126488114768149
23076000 -0.169609315807952
23077000 -0.169774489131459
23078000 -0.146122949420226
23079000 -0.187930773427727
23080000 -0.170641273024619
23081000 -0.186325896296295
23082000 -0.198478302686958
23083000 -0.138624105788263
23084000 -0.196701293639095
23085000 -0.177099516870591
23086000 -0.19738935302327
23087000 -0.185772695520011
23088000 -0.134765723058439
23089000 -0.160920714774803
23090000 -0.171217779094706
23091000 -0.182418786674714
23092000 -0.157023795384291
23093000 -0.141044054574028
23094000 -0.182734971084709
23095000 -0.0833200781938
23096000 -0.274072349381343
23097000 -0.123924145744832
23098000 -0.157904129194765
23099000 -0.0951337873235289
23100000 -0.155459045328508
23101000 -0.0393395931187601
23102000 -0.158660671457371
23103000 -0.0891906298626117
23104000 -0.121708775740643
23105000 -0.180983597605877
23106000 -0.100300572988517
23107000 -0.142931353464586
23108000 -0.162170460784207
23109000 -0.202497220892578
23110000 -0.143973992501171
23111000 -0.185610009068727
23112000 -0.16746912378766
23113000 -0.200199015891744
23114000 -0.204637601698001
23115000 -0.1716970815185
23116000 -0.215460881238645
23117000 -0.174093772128734
23118000 -0.226173326530045
23119000 -0.138588945909437
23120000 -0.0664565315564983
23121000 -0.257091272477272
23122000 -0.213932278414764
23123000 -0.118206753476855
23124000 -0.163523379969727
23125000 -0.201986158861789
23126000 -0.180852167229662
23127000 -0.191703801943168
23128000 -0.197895172031131
23129000 -0.184252110834746
23130000 -0.238172349940846
23131000 -0.125777068400517
23132000 -0.183064716693276
23133000 -0.189362135855638
23134000 -0.132383458093793
23135000 -0.0760852462838198
23136000 -0.14577652865283
23137000 -0.154857175622451
23138000 -0.172601079061077
23139000 -0.204003033458141
23140000 -0.123785735883231
23141000 -0.140245601622382
23142000 -0.206898878830799
23143000 -0.114453989379453
23144000 -0.123996843293747
23145000 -0.150887686556889
23146000 -0.122486894555682
23147000 -0.133521340899678
23148000 -0.143547671174694
23149000 -0.139538606643052
23150000 -0.132783540747252
23151000 -0.216834840383107
23152000 -0.136780081303516
23153000 -0.105738205040833
23154000 -0.210596306876847
23155000 -0.0953697491442444
23156000 -0.163472066668715
23157000 -0.187619127808596
23158000 -0.286839802894542
23159000 -0.18652315102989
23160000 -0.267927128950993
23161000 -0.202985895565454
23162000 -0.239704111468158
23163000 -0.151167546531328
23164000 -0.206405395371225
23165000 -0.218112394711662
23166000 -0.14294470517063
23167000 -0.17571752341218
23168000 -0.216905645487911
23169000 -0.177396180179241
23170000 -0.198214203703985
23171000 -0.164722696341876
23172000 -0.114095419607094
23173000 -0.222620066896584
23174000 -0.143977083868099
23175000 -0.11651836996553
23176000 -0.128876320241391
23177000 -0.203248936827379
23178000 -0.156107955362796
23179000 -0.156668434227749
23180000 -0.17199049106595
23181000 -0.149729117596932
23182000 -0.215903817656211
23183000 -0.145259947178308
23184000 -0.140374599339825
23185000 -0.239037942205937
23186000 -0.172205067251484
23187000 -0.233268670232059
23188000 -0.231585972567909
23189000 -0.136570154815197
23190000 -0.207406245117034
23191000 -0.171813072085754
23192000 -0.153077107301993
23193000 -0.133143782532375
23194000 -0.142167004574499
23195000 -0.223539307918546
23196000 -0.168933262691531
23197000 -0.138644252360632
23198000 -0.213844203089209
23199000 -0.189825713066769
23200000 -0.246387180241
23201000 -0.197777068201031
23202000 -0.159438067089286
23203000 -0.153055706431604
23204000 -0.198941436022712
23205000 -0.224805010334054
23206000 -0.131874287231082
23207000 -0.174192033306043
23208000 -0.149522084100775
23209000 -0.0974172211812864
23210000 -0.170398113909082
23211000 -0.185836216669133
23212000 -0.242414809329008
23213000 -0.141549568013393
23214000 -0.274690821604664
23215000 -0.201336040096236
23216000 -0.151837417137761
23217000 -0.197157659024591
23218000 -0.162432902050421
23219000 -0.108696281583924
23220000 -0.238845236971783
23221000 -0.140369495947744
23222000 -0.0564083969576454
23223000 -0.179091530414105
23224000 -0.161680100477948
23225000 -0.190861440640773
23226000 -0.193433985259172
23227000 -0.22510194027627
23228000 -0.15238479085523
23229000 -0.244536694329924
23230000 -0.0844253999996143
23231000 -0.187938970386845
23232000 -0.265222859309552
23233000 -0.129658817471651
23234000 -0.194016250795466
23235000 -0.121832415408835
23236000 -0.164474419799193
23237000 -0.160206713696655
23238000 -0.218204940941315
23239000 -0.124291795395059
23240000 -0.230002016061151
23241000 -0.165217031368705
23242000 -0.165629705575844
23243000 -0.139693192888573
23244000 -0.163034521314677
23245000 -0.190507388899088
23246000 -0.221293133829511
23247000 -0.2025118321152
23248000 -0.14356680662192
23249000 -0.211959007792967
23250000 -0.075611868422951
23251000 -0.231267106993052
23252000 -0.223084375763656
23253000 -0.217857969973325
23254000 -0.152145640469845
23255000 -0.252261663390562
23256000 -0.191352453914378
23257000 -0.150903638765556
23258000 -0.247738559306586
23259000 -0.209879395168277
23260000 -0.186495080813664
23261000 -0.164165477067262
23262000 -0.238101385281646
23263000 -0.191598141294971
23264000 -0.167681689839236
23265000 -0.139077026206152
23266000 -0.158006233851355
23267000 -0.200716578862528
23268000 -0.129746431418039
23269000 -0.116760911809687
23270000 -0.172170686285116
23271000 -0.18253836114645
23272000 -0.152892342173912
23273000 -0.131537429179122
23274000 -0.191170720843618
23275000 -0.149914773433544
23276000 -0.222201804845081
23277000 -0.158999793485003
23278000 -0.18675388115403
23279000 -0.172762113415276
23280000 -0.243039449298138
23281000 -0.231322192229063
23282000 -0.137531204023145
23283000 -0.252151981497861
23284000 -0.134996114106504
23285000 -0.173111585620721
23286000 -0.154829499761409
23287000 -0.147433544922235
23288000 -0.151996472547815
23289000 -0.103670637572542
23290000 -0.222208178927602
23291000 -0.1680719459881
23292000 -0.134462673872839
23293000 -0.159170533115064
23294000 -0.219048350478291
23295000 -0.173540953197328
23296000 -0.163264687817758
23297000 -0.179062166631917
23298000 -0.209656553751702
23299000 -0.155780184901477
23300000 -0.188185075402509
23301000 -0.169998070795143
23302000 -0.264288607273481
23303000 -0.263402735118246
23304000 -0.109412671078827
23305000 -0.173631690059072
23306000 -0.196856005340846
23307000 -0.251033992698041
23308000 -0.182941536692913
23309000 -0.201570949525394
23310000 -0.166418623440683
23311000 -0.199707975602484
23312000 -0.170157578630146
23313000 -0.224617943440975
23314000 -0.11304760868817
23315000 -0.195476060634572
23316000 -0.240768005748666
23317000 -0.130567959411824
23318000 -0.151700380000158
23319000 -0.173336777551118
23320000 -0.189839572565788
23321000 -0.227092472307729
23322000 -0.19400670290274
23323000 -0.155347407823976
23324000 -0.197182687158132
23325000 -0.181076545136297
23326000 -0.155066387828932
23327000 -0.191294914507541
23328000 -0.136114755704294
23329000 -0.155005216102058
23330000 -0.16994824997577
23331000 -0.210015345306383
23332000 -0.110959548067871
23333000 -0.154495598782049
23334000 -0.242136593638579
23335000 -0.109116133997151
23336000 -0.192928504596058
23337000 -0.151991035498017
23338000 -0.168208307667652
23339000 -0.1882077274827
23340000 -0.149127618212206
23341000 -0.246961797681796
23342000 -0.191067382638598
23343000 -0.235416221559395
23344000 -0.105624482181646
23345000 -0.236925159122372
23346000 -0.249986374267057
23347000 -0.166375635921177
23348000 -0.224133562928902
23349000 -0.148846595792685
23350000 -0.229606468345797
23351000 -0.131114832166498
23352000 -0.134935346986532
23353000 -0.261890293775855
23354000 -0.184321759906162
23355000 -0.1998597163939
23356000 -0.147683813041535
23357000 -0.266443956649375
23358000 -0.155854804265476
23359000 -0.276653568466796
23360000 -0.282078123462816
23361000 -0.12366971328725
23362000 -0.216300338223492
23363000 -0.196132902304124
23364000 -0.195789844297304
23365000 -0.10419759626995
23366000 -0.216540389386661
23367000 -0.141949478310855
23368000 -0.215651716263897
23369000 -0.211823201622334
23370000 -0.173899571185165
23371000 -0.228917941238792
23372000 -0.177146741844954
23373000 -0.252400623417352
23374000 -0.0817117358384076
23375000 -0.243015800189524
23376000 -0.208239793482026
23377000 -0.176215804996058
23378000 -0.224203908356967
23379000 -0.128720530143141
23380000 -0.241918678506581
23381000 -0.175739375459775
23382000 -0.26078018868225
23383000 -0.214685541276977
23384000 -0.167430137387958
23385000 -0.193075749619896
23386000 -0.18081597363016
23387000 -0.217304586518757
23388000 -0.165547022348483
23389000 -0.227632478233045
23390000 -0.187991832659443
23391000 -0.123867014852962
23392000 -0.270407897043178
23393000 -0.262112773520822
23394000 -0.120267544679833
23395000 -0.25726998364616
23396000 -0.168932908705994
23397000 -0.240018489611251
23398000 -0.180438219205589
23399000 -0.203526205069904
23400000 -0.106252035633845
23401000 -0.0896902771709963
23402000 -0.16656056919542
23403000 -0.164061893349808
23404000 -0.280783848320935
23405000 -0.20670901217104
23406000 -0.22708656804364
23407000 -0.144719619428273
23408000 -0.185067550430812
23409000 -0.198966519649643
23410000 -0.173775695313058
23411000 -0.256844843109571
23412000 -0.243449959437831
23413000 -0.16799768103355
23414000 -0.224779090790238
23415000 -0.250804469906976
23416000 -0.184319071462535
23417000 -0.138297086682708
23418000 -0.232526362304294
23419000 -0.113940745039515
23420000 -0.163436897048113
23421000 -0.23941708737645
23422000 -0.189455170624977
23423000 -0.172507966645263
23424000 -0.122542252246241
23425000 -0.17064158821274
23426000 -0.190526768501342
23427000 -0.0971977873952417
23428000 -0.192310302573406
23429000 -0.11906625925679
23430000 -0.153517422239916
23431000 -0.203357474435676
23432000 -0.166255375524052
23433000 -0.194864559433734
23434000 -0.211553106676161
23435000 -0.155197275454934
23436000 -0.184977744855685
23437000 -0.142624462489637
23438000 -0.270407345459103
23439000 -0.134508133448561
23440000 -0.134925177899849
23441000 -0.288132498947653
23442000 -0.16477128915
23443000 -0.2371770975248
23444000 -0.237080953001045
23445000 -0.186136482972713
23446000 -0.219468276132681
23447000 -0.157195337334111
23448000 -0.250328040407303
23449000 -0.152495734470248
23450000 -0.157116805963817
23451000 -0.151682575424834
23452000 -0.200728582024456
23453000 -0.124245484864601
23454000 -0.242494804832385
23455000 -0.14860423323089
23456000 -0.194719322393053
23457000 -0.184369314375036
23458000 -0.215435011200635
23459000 -0.200138250578507
23460000 -0.186736734125299
23461000 -0.229809935075287
23462000 -0.24726476424147
23463000 -0.180300408008802
23464000 -0.172314190137233
23465000 -0.242582799800787
23466000 -0.20476909433869
23467000 -0.173411954286234
23468000 -0.273297246227982
23469000 -0.147760200504436
23470000 -0.196003762481083
23471000 -0.189165771164211
23472000 -0.131338783827259
23473000 -0.242716735112767
23474000 -0.241953016722234
23475000 -0.0881089169968597
23476000 -0.202263300752441
23477000 -0.204051879459862
23478000 -0.102325830477707
23479000 -0.181435757925441
23480000 -0.239468357797607
23481000 -0.274121962003128
23482000 -0.134187370193341
23483000 -0.24029491312565
23484000 -0.172981529436256
23485000 -0.26587656129309
23486000 -0.202019914093754
23487000 -0.172022466916276
23488000 -0.24088185043082
23489000 -0.148496314860879
23490000 -0.201506622598468
23491000 -0.212345878294033
23492000 -0.172219872329979
23493000 -0.146856353399778
23494000 -0.208410035060021
23495000 -0.160028832743347
23496000 -0.187536136698087
23497000 -0.292416613833876
23498000 -0.118554820438248
23499000 -0.280972446768947
23500000 -0.181604907860812
23501000 -0.237519045397777
23502000 -0.189443581965768
23503000 -0.193082554038848
23504000 -0.221465100235562
23505000 -0.13639233232507
23506000 -0.217719245418803
23507000 -0.138131992836049
23508000 -0.196205647784396
23509000 -0.244423178795012
23510000 -0.147021768022606
23511000 -0.244148607669301
23512000 -0.134573625322072
23513000 -0.227529222439598
23514000 -0.155030019200088
23515000 -0.184396494201082
23516000 -0.207186859330328
23517000 -0.180276361806615
23518000 -0.178329257900248
23519000 -0.208768728839586
23520000 -0.29733480515226
23521000 -0.137421299847873
23522000 -0.168614827078541
23523000 -0.266757777159139
23524000 -0.187265217896458
23525000 -0.216545993446672
23526000 -0.247553214025653
23527000 -0.195229027910261
23528000 -0.1668525710522
23529000 -0.193255837081322
23530000 -0.135957426046219
23531000 -0.240700186199325
23532000 -0.185238423389208
23533000 -0.192200023792974
23534000 -0.197763538201846
23535000 -0.263358309602492
23536000 -0.192352706384346
23537000 -0.244781220823205
23538000 -0.189740367047873
23539000 -0.162150025688294
23540000 -0.148530902730713
23541000 -0.190320519411333
23542000 -0.190625408338354
23543000 -0.173012374679021
23544000 -0.179722623734704
23545000 -0.183926862448792
23546000 -0.236335499543518
23547000 -0.198077135442022
23548000 -0.106047854351414
23549000 -0.251212176012017
23550000 -0.188371522529198
23551000 -0.230483030392028
23552000 -0.217317072451784
23553000 -0.335402236641483
23554000 -0.208452224428132
23555000 -0.324244713814796
23556000 -0.237399478104789
23557000 -0.225060159999417
23558000 -0.271383658478443
23559000 -0.231112880551366
23560000 -0.199588705776749
23561000 -0.163571010696069
23562000 -0.215079318093867
23563000 -0.243265569924526
23564000 -0.174813303252659
23565000 -0.158745636544726
23566000 -0.234458531768071
23567000 -0.171881213964208
23568000 -0.257396599035715
23569000 -0.23588208689553
23570000 -0.151405159629253
23571000 -0.167361985925687
23572000 -0.176022408944421
23573000 -0.147905992391561
23574000 -0.101718195359714
23575000 -0.19845755236903
23576000 -0.18068968087285
23577000 -0.241876244910001
23578000 -0.170192609443675
23579000 -0.217117344257201
23580000 -0.125237056181923
23581000 -0.263182141231099
23582000 -0.251431713148697
23583000 -0.214332143098512
23584000 -0.156062616311184
23585000 -0.239780535835594
23586000 -0.203106869040568
23587000 -0.19747431478077
23588000 -0.16028956348348
23589000 -0.203609286089721
23590000 -0.273900876465339
23591000 -0.251621315145669
23592000 -0.23530081339271
23593000 -0.259764327305378
23594000 -0.256091883175128
23595000 -0.198476489819796
23596000 -0.219651154146853
23597000 -0.260014699523509
23598000 -0.220224951781048
23599000 -0.215154596658403
23600000 -0.113999462084254
23601000 -0.220072796327073
23602000 -0.150930004811017
23603000 -0.148302797177474
23604000 -0.23557834903607
23605000 -0.186998973940919
23606000 -0.172065623989206
23607000 -0.20376611800509
23608000 -0.220015144619668
23609000 -0.182888209268168
23610000 -0.233800972680385
23611000 -0.233538825249111
23612000 -0.157089404341107
23613000 -0.209312519148276
23614000 -0.243802349824004
23615000 -0.199135102780829
23616000 -0.183613695809192
23617000 -0.244935242718052
23618000 -0.253034139763726
23619000 -0.217017179806853
23620000 -0.173928821365619
23621000 -0.208196397651175
23622000 -0.197951795863341
23623000 -0.201106749355894
23624000 -0.188824890624484
23625000 -0.201711784446234
23626000 -0.246367774167537
23627000 -0.207092053432644
23628000 -0.275086042331488
23629000 -0.279932912883805
23630000 -0.247892556306576
23631000 -0.245792088380157
23632000 -0.234915393354473
23633000 -0.184499153211179
23634000 -0.266500490433847
23635000 -0.220959837662521
23636000 -0.212213408587533
23637000 -0.221548313172568
23638000 -0.201450391998705
23639000 -0.222859297413235
23640000 -0.218737859327296
23641000 -0.206025371521947
23642000 -0.214258665565436
23643000 -0.153520779137907
23644000 -0.171721907197728
23645000 -0.277564345259221
23646000 -0.19710329668179
23647000 -0.26189295475955
23648000 -0.14622721113824
23649000 -0.316362641335562
23650000 -0.198924814150145
23651000 -0.182048737089761
23652000 -0.236226191441875
23653000 -0.159459014225558
23654000 -0.239247167555612
23655000 -0.2032841610586
23656000 -0.192393677237767
23657000 -0.247465857794419
23658000 -0.291384210230925
23659000 -0.268158437908394
23660000 -0.17615961378423
23661000 -0.300387666794849
23662000 -0.191591024729642
23663000 -0.203268037744719
23664000 -0.308562405102732
23665000 -0.199174720360094
23666000 -0.205284237611874
23667000 -0.293015940226917
23668000 -0.178519618782789
23669000 -0.191874921832497
23670000 -0.201847062475233
23671000 -0.211650314631558
23672000 -0.214874689833971
23673000 -0.220496308747085
23674000 -0.196480355885241
23675000 -0.220964053058439
23676000 -0.258554360768031
23677000 -0.150279028687016
23678000 -0.22389312248552
23679000 -0.135560697963914
23680000 -0.238817628789245
23681000 -0.24571513320748
23682000 -0.20575652749444
23683000 -0.271525998551602
23684000 -0.234113237936219
23685000 -0.286641557800286
23686000 -0.243461409675681
23687000 -0.189004029663353
23688000 -0.246903058668336
23689000 -0.231935656554381
23690000 -0.221355462993836
23691000 -0.164805338418155
23692000 -0.248543665725566
23693000 -0.166924696736066
23694000 -0.25075260600956
23695000 -0.283961753671268
23696000 -0.206933488842962
23697000 -0.180358450854652
23698000 -0.258287103131821
23699000 -0.236829785644474
23700000 -0.191414587930931
23701000 -0.252381078702428
23702000 -0.205113414054445
23703000 -0.205958214217299
23704000 -0.209426536892595
23705000 -0.20651437515918
23706000 -0.248014011361085
23707000 -0.182745464591424
23708000 -0.305865590940531
23709000 -0.18839955524956
23710000 -0.255086823892497
23711000 -0.270159629880826
23712000 -0.191480206990077
23713000 -0.202934466984953
23714000 -0.175891976759483
23715000 -0.161884814965196
23716000 -0.198468654965428
23717000 -0.173588490248916
23718000 -0.330962388863645
23719000 -0.175085937014928
23720000 -0.251820802108882
23721000 -0.293734309796856
23722000 -0.208677634458806
23723000 -0.256417986757365
23724000 -0.194870759124607
23725000 -0.315906642630505
23726000 -0.21783938907946
23727000 -0.279527468542645
23728000 -0.28506943490163
23729000 -0.22568017070671
23730000 -0.243027290633262
23731000 -0.256637663421526
23732000 -0.241507500016183
23733000 -0.255758947472834
23734000 -0.220734802665545
23735000 -0.139616229949409
23736000 -0.211610522773243
23737000 -0.191546804994244
23738000 -0.251287317030412
23739000 -0.146364885677943
23740000 -0.215640475683073
23741000 -0.341705564075448
23742000 -0.211916246735593
23743000 -0.346646038150383
23744000 -0.275922732304926
23745000 -0.189359340398421
23746000 -0.285106988877021
23747000 -0.319392394072459
23748000 -0.233865120266238
23749000 -0.254252090044275
23750000 -0.208529208024753
23751000 -0.300547766530075
23752000 -0.270516024983551
23753000 -0.207360489263285
23754000 -0.268930723674325
23755000 -0.200947160131859
23756000 -0.231627854533542
23757000 -0.213069759638757
23758000 -0.233886900936935
23759000 -0.250388829689181
23760000 -0.162579624885907
23761000 -0.285137544599146
23762000 -0.252377226873984
23763000 -0.169370819548488
23764000 -0.294546906675196
23765000 -0.219381442654742
23766000 -0.230113412364113
23767000 -0.201798574868723
23768000 -0.193834052828009
23769000 -0.175022869510531
23770000 -0.195036614021194
23771000 -0.269292933038469
23772000 -0.26870156797843
23773000 -0.24044510777103
23774000 -0.27984065425745
23775000 -0.329684243233705
23776000 -0.218734682252875
23777000 -0.247361320126713
23778000 -0.242699104177886
23779000 -0.268104886978218
23780000 -0.294338060398168
23781000 -0.22601140456411
23782000 -0.208053102295625
23783000 -0.124015124734342
23784000 -0.177555088738568
23785000 -0.225275052345455
23786000 -0.233611409041962
23787000 -0.241798926414193
23788000 -0.210740254278169
23789000 -0.237187784256415
23790000 -0.284115974286141
23791000 -0.259448899846286
23792000 -0.16878392860767
23793000 -0.253823202383549
23794000 -0.273148190753418
23795000 -0.243322528471473
23796000 -0.270143641511852
23797000 -0.241241887112946
23798000 -0.190011777800183
23799000 -0.222160184598109
23800000 -0.284616777388198
23801000 -0.273560067152194
23802000 -0.230061149122772
23803000 -0.275001178252831
23804000 -0.176885008506658
23805000 -0.232445493292209
23806000 -0.226393856899254
23807000 -0.214465208295073
23808000 -0.212893576540699
23809000 -0.198025645794998
23810000 -0.199071422952081
23811000 -0.250499023261443
23812000 -0.267276739182105
23813000 -0.223854926265939
23814000 -0.203838104726961
23815000 -0.222461521631739
23816000 -0.252897135038507
23817000 -0.284458177533975
23818000 -0.184088311335672
23819000 -0.190514795400162
23820000 -0.240931978130276
23821000 -0.186247670586058
23822000 -0.274397974164227
23823000 -0.244441164764622
23824000 -0.207550961206442
23825000 -0.314567227861093
23826000 -0.246765157438212
23827000 -0.207136413297765
23828000 -0.271378899320425
23829000 -0.230828756218716
23830000 -0.251330374687298
23831000 -0.203174396263078
23832000 -0.341356219448848
23833000 -0.230729566986107
23834000 -0.24007313616231
23835000 -0.305929292148493
23836000 -0.227396783501359
23837000 -0.244956222039721
23838000 -0.298977809855035
23839000 -0.223706315768727
23840000 -0.275440412613394
23841000 -0.183026622834373
23842000 -0.299522652178313
23843000 -0.266873833186079
23844000 -0.233033998006183
23845000 -0.232524429023398
23846000 -0.245245380495663
23847000 -0.228641757669058
23848000 -0.223671315636396
23849000 -0.226682610906169
23850000 -0.161130999461924
23851000 -0.267122731134815
23852000 -0.237419258419705
23853000 -0.230273312219643
23854000 -0.267195292708171
23855000 -0.207487728594433
23856000 -0.361044963633975
23857000 -0.227641547345443
23858000 -0.237350482133121
23859000 -0.214464338232121
23860000 -0.232464432896483
23861000 -0.261914550441794
23862000 -0.199009701173799
23863000 -0.263488801682736
23864000 -0.250906165866179
23865000 -0.27961420817956
23866000 -0.279065259272655
23867000 -0.240431576368805
23868000 -0.269778890621716
23869000 -0.286447551495841
23870000 -0.236656739056306
23871000 -0.288962318496564
23872000 -0.259447226276962
23873000 -0.209227781388012
23874000 -0.216377565507637
23875000 -0.266905850331707
23876000 -0.212411263817796
23877000 -0.165447916653291
23878000 -0.33047694112554
23879000 -0.335818260306932
23880000 -0.181249918928713
23881000 -0.275716567269252
23882000 -0.326738342920772
23883000 -0.229142044239365
23884000 -0.218581851785393
23885000 -0.276637848250477
23886000 -0.253650107564059
23887000 -0.299189729103734
23888000 -0.173887833807606
23889000 -0.192922231347146
23890000 -0.311584876497552
23891000 -0.20340365638166
23892000 -0.262916389268164
23893000 -0.262282899084758
23894000 -0.232604427298591
23895000 -0.254122080720685
23896000 -0.21110195670096
23897000 -0.181428772260968
23898000 -0.272588706157611
23899000 -0.285634017413662
23900000 -0.133879822905504
23901000 -0.229331000803646
23902000 -0.180972498874488
23903000 -0.264434763145555
23904000 -0.285246901140444
23905000 -0.253337066017474
23906000 -0.182877034193294
23907000 -0.290377219343011
23908000 -0.193692985727659
23909000 -0.264115800927548
23910000 -0.177635789613435
23911000 -0.207332474159342
23912000 -0.316981659940702
23913000 -0.168653214223493
23914000 -0.318985991610197
23915000 -0.186138199456446
23916000 -0.218456712318281
23917000 -0.23600565801521
23918000 -0.163740178647792
23919000 -0.227895968850612
23920000 -0.168641288739494
23921000 -0.203814478753412
23922000 -0.236644983746559
23923000 -0.22604839371598
23924000 -0.246773823402457
23925000 -0.283705347090771
23926000 -0.23998481560887
23927000 -0.312729483693901
23928000 -0.298654556148118
23929000 -0.190724806650808
23930000 -0.183655097402542
23931000 -0.237053564288941
23932000 -0.171922463701902
23933000 -0.289107380398928
23934000 -0.222471884248675
23935000 -0.155581041886098
23936000 -0.181787418398857
23937000 -0.186541662183459
23938000 -0.215144153839159
23939000 -0.20816773591709
23940000 -0.227994822536158
23941000 -0.154259383354011
23942000 -0.29053440634397
23943000 -0.201115822051808
23944000 -0.242075277537416
23945000 -0.201786517075227
23946000 -0.205242481670236
23947000 -0.165121469099653
23948000 -0.189686230808069
23949000 -0.216660688491377
23950000 -0.17088596185045
23951000 -0.281364345335736
23952000 -0.241279528524662
23953000 -0.165725682805226
23954000 -0.267213652157323
23955000 -0.257110293226681
23956000 -0.27979259279473
23957000 -0.244173285475312
23958000 -0.237925871335824
23959000 -0.261580683021025
23960000 -0.238256764078643
23961000 -0.205038525877941
23962000 -0.268879363918045
23963000 -0.23099836534306
23964000 -0.238951065607221
23965000 -0.20351836967508
23966000 -0.204379120123905
23967000 -0.229846289445323
23968000 -0.249756066237984
23969000 -0.245326251091191
23970000 -0.18924563126206
23971000 -0.173190130919348
23972000 -0.2745440485135
23973000 -0.25836368985619
23974000 -0.205308562321955
23975000 -0.206786899067665
23976000 -0.295732093727879
23977000 -0.187768339621934
23978000 -0.23935595182282
23979000 -0.236538911869409
23980000 -0.203544897898916
23981000 -0.252504218102633
23982000 -0.238720983052519
23983000 -0.206731068688249
23984000 -0.210385860237642
23985000 -0.181642627098049
23986000 -0.286740289569166
23987000 -0.258635321768008
23988000 -0.246109859804119
23989000 -0.257148871792532
23990000 -0.229659794845591
23991000 -0.275559411280269
23992000 -0.239333753459284
23993000 -0.220626159099432
23994000 -0.279942511959147
23995000 -0.233650103294947
23996000 -0.265554756906402
23997000 -0.236138402464175
23998000 -0.204270181978626
23999000 -0.26410428461331
24000000 -0.237165852927008
24001000 -0.207523733477504
24002000 -0.290967202805462
24003000 -0.215722983109988
24004000 -0.189037117310953
24005000 -0.170206677859633
24006000 -0.249665658195949
24007000 -0.246776631395326
24008000 -0.228556010313779
24009000 -0.232202062800558
24010000 -0.192846355775229
24011000 -0.252988954638001
24012000 -0.213883007405722
24013000 -0.254498069953329
24014000 -0.262176895989286
24015000 -0.224917165407481
24016000 -0.231519563439159
24017000 -0.246745694980412
24018000 -0.227029670443521
24019000 -0.273932019234482
24020000 -0.221363155769542
24021000 -0.172112654798942
24022000 -0.233227394733859
24023000 -0.211874281121933
24024000 -0.146579331666998
24025000 -0.292510762818693
24026000 -0.278876921037593
24027000 -0.152411394229861
24028000 -0.217536749970399
24029000 -0.245726865115225
24030000 -0.164391163443677
24031000 -0.281257845491114
24032000 -0.294685906090109
24033000 -0.223521663191516
24034000 -0.251509243285961
24035000 -0.229559691325523
24036000 -0.232630130492707
24037000 -0.313687628111782
24038000 -0.295054490743384
24039000 -0.129291546115219
24040000 -0.203353366391726
24041000 -0.216093980598892
24042000 -0.244153199708871
24043000 -0.233585639975659
24044000 -0.199715079863018
24045000 -0.238978364181401
24046000 -0.234481851238822
24047000 -0.266286144538205
24048000 -0.226753734131458
24049000 -0.211692624270573
24050000 -0.224637811735932
24051000 -0.217925916564165
24052000 -0.163464146603513
24053000 -0.227688288874264
24054000 -0.233739250767814
24055000 -0.306666825925043
24056000 -0.272792110324624
24057000 -0.166680110391776
24058000 -0.234679701542874
24059000 -0.234712717748745
24060000 -0.278547354714031
24061000 -0.120100588964359
24062000 -0.254106984086836
24063000 -0.305043826646945
24064000 -0.206207901731277
24065000 -0.260741299232057
24066000 -0.316431559682205
24067000 -0.262189739446703
24068000 -0.23783559783823
24069000 -0.299572987537001
24070000 -0.252956512838514
24071000 -0.241561029610346
24072000 -0.25348024443684
24073000 -0.27023864252341
24074000 -0.269249659818487
24075000 -0.225061342426701
24076000 -0.282104529586077
24077000 -0.207394280464411
24078000 -0.206542822565464
24079000 -0.185459582047297
24080000 -0.234633730908515
24081000 -0.29252895515572
24082000 -0.146436105804135
24083000 -0.200391570786842
24084000 -0.227321884715575
24085000 -0.235604344051468
24086000 -0.253058702837173
24087000 -0.226085620042348
24088000 -0.225112136359921
24089000 -0.25393149002368
24090000 -0.253302091531369
24091000 -0.239478932637368
24092000 -0.225265209275442
24093000 -0.200800197329557
24094000 -0.257061261432969
24095000 -0.184043710165764
24096000 -0.221258922467256
24097000 -0.284631619058842
24098000 -0.300226958663919
24099000 -0.192559915574531
24100000 -0.183232687361844
24101000 -0.231134387736956
24102000 -0.219856212828758
24103000 -0.179579294075992
24104000 -0.216981907247379
24105000 -0.233753170152109
24106000 -0.168495232286534
24107000 -0.266799283028864
24108000 -0.191015147187561
24109000 -0.268904879938221
24110000 -0.19589641328322
24111000 -0.223462754902643
24112000 -0.276749781093532
24113000 -0.282706605580111
24114000 -0.223291220404154
24115000 -0.181049080173298
24116000 -0.296362910351359
24117000 -0.26957438115928
24118000 -0.260032538166624
24119000 -0.241086444132863
24120000 -0.243298590599347
24121000 -0.176847765795558
24122000 -0.265730544856031
24123000 -0.246715594360443
24124000 -0.305764043761905
24125000 -0.211006311953263
24126000 -0.213561857362451
24127000 -0.317497589859132
24128000 -0.295140405167672
24129000 -0.223619431841578
24130000 -0.309681848891828
24131000 -0.246486540693908
24132000 -0.201717675856358
24133000 -0.307374576596277
24134000 -0.19812487295042
24135000 -0.198881574160356
24136000 -0.232155400515761
24137000 -0.262991231360173
24138000 -0.201191517012588
24139000 -0.254587416115211
24140000 -0.22326465049063
24141000 -0.268913331623377
24142000 -0.184865070929973
24143000 -0.196530594756808
24144000 -0.298462663832279
24145000 -0.178895012443789
24146000 -0.211520337787559
24147000 -0.218564038385488
24148000 -0.153634374315366
24149000 -0.292274853690642
24150000 -0.22769954496195
24151000 -0.210131462090237
24152000 -0.256611294355152
24153000 -0.258978586183132
24154000 -0.255403572533072
24155000 -0.202143587889474
24156000 -0.169134305900592
24157000 -0.187184115243865
24158000 -0.234685058298366
24159000 -0.168397017242962
24160000 -0.333226329364354
24161000 -0.180747787154725
24162000 -0.301481058815487
24163000 -0.185398817402841
24164000 -0.169617230088821
24165000 -0.249603593633407
24166000 -0.261013477234132
24167000 -0.279063294099185
24168000 -0.228021266886673
24169000 -0.244132980844852
24170000 -0.283679412866196
24171000 -0.227564944106076
24172000 -0.216544394605661
24173000 -0.182381514817762
24174000 -0.288384330158891
24175000 -0.225324534826359
24176000 -0.223276100585489
24177000 -0.291739411150383
24178000 -0.265162249415328
24179000 -0.273246536458953
24180000 -0.242620918760982
24181000 -0.153683474764809
24182000 -0.339533336211931
24183000 -0.176536706073585
24184000 -0.215673996524815
24185000 -0.263167717598927
24186000 -0.29147134337641
24187000 -0.251281130644079
24188000 -0.277788469276037
24189000 -0.241367091734537
24190000 -0.194705640081483
24191000 -0.274875668169624
24192000 -0.301372873101993
24193000 -0.193548925970725
24194000 -0.27933673718152
24195000 -0.182709877872204
24196000 -0.238791805161939
24197000 -0.359972779409834
24198000 -0.245185614905263
24199000 -0.242510699809284
24200000 -0.185725140211414
24201000 -0.230414435102234
24202000 -0.239699485150664
24203000 -0.257588216068955
24204000 -0.249264121651585
24205000 -0.266671739148833
24206000 -0.256346254021135
24207000 -0.278864511582449
24208000 -0.232572891697473
24209000 -0.274695690586157
24210000 -0.173774708570838
24211000 -0.22431360499072
24212000 -0.32581437351275
24213000 -0.140099853028527
24214000 -0.21976624140499
24215000 -0.280158258526285
24216000 -0.240519043460008
24217000 -0.211480987927339
24218000 -0.29662064506149
24219000 -0.289438147593238
24220000 -0.196295152567231
24221000 -0.240560996243498
24222000 -0.303979003884178
24223000 -0.265616896230378
24224000 -0.186275197378365
24225000 -0.306266701771716
24226000 -0.256799683875534
24227000 -0.181628118870496
24228000 -0.282445415848135
24229000 -0.258129160069375
24230000 -0.23230582629209
24231000 -0.320394502128833
24232000 -0.24586939294243
24233000 -0.226024272040371
24234000 -0.236016193615581
24235000 -0.235687742309547
24236000 -0.253448119469427
24237000 -0.233042299452579
24238000 -0.272730098962824
24239000 -0.305453821806463
24240000 -0.26157429232061
24241000 -0.228522311449282
24242000 -0.253440021431368
24243000 -0.278742472087739
24244000 -0.211478387737152
24245000 -0.295498996261429
24246000 -0.214476632281193
24247000 -0.174032683918595
24248000 -0.305005184095254
24249000 -0.270826751300761
24250000 -0.269297105816636
24251000 -0.224459200969732
24252000 -0.211348328097714
24253000 -0.222530100267503
24254000 -0.243273099647064
24255000 -0.233375215261679
24256000 -0.193692778489591
24257000 -0.281332284097909
24258000 -0.227742294301026
24259000 -0.266789452096146
24260000 -0.276752931375793
24261000 -0.273080784935588
24262000 -0.235419006466902
24263000 -0.275300555455916
24264000 -0.215893920783474
24265000 -0.264103778831285
24266000 -0.292503687378046
24267000 -0.367671033500658
24268000 -0.259259390110376
24269000 -0.214919191284217
24270000 -0.24449816010986
24271000 -0.236124426590075
24272000 -0.233807911006782
24273000 -0.269467498555234
24274000 -0.329749581329343
24275000 -0.379308174960415
24276000 -0.238789306594243
24277000 -0.288665880248812
24278000 -0.306499279465
24279000 -0.30271203519504
24280000 -0.234803951830129
24281000 -0.237348226992587
24282000 -0.263880459528937
24283000 -0.213796956184141
24284000 -0.244289026314393
24285000 -0.258794481963139
24286000 -0.289175448084535
24287000 -0.213784523312178
24288000 -0.175172790999161
24289000 -0.272512292271325
24290000 -0.216232894500599
24291000 -0.156501214213113
24292000 -0.202172121819125
24293000 -0.199157362322208
24294000 -0.19380764751183
24295000 -0.19748946307064
24296000 -0.231698477344008
24297000 -0.22870818615895
24298000 -0.210254798745991
24299000 -0.195131325940992
24300000 -0.128085326967868
24301000 -0.279965577706442
24302000 -0.202200561582644
24303000 -0.218951311512653
24304000 -0.208933750528135
24305000 -0.231964918604957
24306000 -0.239820557697702
24307000 -0.224208568429578
24308000 -0.297400609116556
24309000 -0.292002728657166
24310000 -0.123243347661953
24311000 -0.273882421269666
24312000 -0.240139037337726
24313000 -0.306276842035171
24314000 -0.206206306934528
24315000 -0.253816490745397
24316000 -0.20725800999694
24317000 -0.196135881167986
24318000 -0.257151039699161
24319000 -0.19791067733363
24320000 -0.252670063337927
24321000 -0.226617207758937
24322000 -0.140872116422942
24323000 -0.275131246195948
24324000 -0.243342756473717
24325000 -0.278326807035999
24326000 -0.171826358879054
24327000 -0.236384757483179
24328000 -0.299350197300867
24329000 -0.309210790904381
24330000 -0.267486339806274
24331000 -0.243685503799884
24332000 -0.206951004514747
24333000 -0.229770531441636
24334000 -0.207351284092669
24335000 -0.198567650581013
24336000 -0.243783145279848
24337000 -0.201426124271571
24338000 -0.269013008928123
24339000 -0.225548638794954
24340000 -0.169871803259139
24341000 -0.260144369962048
24342000 -0.179002593993396
24343000 -0.187948311716606
24344000 -0.216804843461503
24345000 -0.252861197372784
24346000 -0.278142657874434
24347000 -0.22172636397029
24348000 -0.252141834602646
24349000 -0.194440429123654
24350000 -0.20299365670905
24351000 -0.232951455752757
24352000 -0.22056789764956
24353000 -0.267091823735721
24354000 -0.234497098767437
24355000 -0.28716814745584
24356000 -0.227465791468455
24357000 -0.315068017060674
24358000 -0.251685401775986
24359000 -0.242421988532671
24360000 -0.267112305866129
24361000 -0.240553924159335
24362000 -0.303087762624065
24363000 -0.190721990831007
24364000 -0.0988092919291635
24365000 -0.223072858381878
24366000 -0.273232123023844
24367000 -0.226980723638665
24368000 -0.152693959890195
24369000 -0.215144874251612
24370000 -0.23892245064814
24371000 -0.172932073681139
24372000 -0.277910843573721
24373000 -0.273622487519955
24374000 -0.31111703859493
24375000 -0.189500059728272
24376000 -0.229304534717719
24377000 -0.279547637185718
24378000 -0.208534824457484
24379000 -0.245623499098064
24380000 -0.241875586150815
24381000 -0.308283399125606
24382000 -0.247533445032275
24383000 -0.265692821055953
24384000 -0.317916582375102
24385000 -0.259056324446133
24386000 -0.277350362336607
24387000 -0.265469942835564
24388000 -0.29846663423682
24389000 -0.299954169204032
24390000 -0.27210661390102
24391000 -0.28038060677101
24392000 -0.227587834921391
24393000 -0.163858526884011
24394000 -0.265938373380833
24395000 -0.244073664950851
24396000 -0.301692515612173
24397000 -0.298690345217774
24398000 -0.154234919299015
24399000 -0.229687204476035
24400000 -0.25675456381017
24401000 -0.28006285115992
24402000 -0.274677392587651
24403000 -0.288034981650998
24404000 -0.267267214932788
24405000 -0.313414084177964
24406000 -0.209241647855831
24407000 -0.195085296513676
24408000 -0.263283897408037
24409000 -0.231760187011476
24410000 -0.196777432167173
24411000 -0.284457790045317
24412000 -0.297563222684444
24413000 -0.246326486460521
24414000 -0.220754976667847
24415000 -0.317436264824013
24416000 -0.215313854670853
24417000 -0.222221319224318
24418000 -0.318992289911275
24419000 -0.219569657459405
24420000 -0.213039095053945
24421000 -0.218795917173191
24422000 -0.246326957553917
24423000 -0.241563314606772
24424000 -0.224917970089937
24425000 -0.232088656496548
24426000 -0.117415508355512
24427000 -0.284630087868874
24428000 -0.235937504413406
24429000 -0.194917258244783
24430000 -0.313469018447194
24431000 -0.255926737135572
24432000 -0.186727206712672
24433000 -0.271323784857755
24434000 -0.233653533695153
24435000 -0.313568129778259
24436000 -0.278107459631242
24437000 -0.243096471828885
24438000 -0.263827496668512
24439000 -0.171270186251867
24440000 -0.192620186237274
24441000 -0.270274848446056
24442000 -0.230065408332353
24443000 -0.182871226728823
24444000 -0.166427868494117
24445000 -0.300728354480326
24446000 -0.190800588948702
24447000 -0.194232789152916
24448000 -0.225497342744617
24449000 -0.326574326660655
24450000 -0.176992432227731
24451000 -0.257617375107995
24452000 -0.33566975232139
24453000 -0.249841261127593
24454000 -0.299930142722193
24455000 -0.273366535137849
24456000 -0.262024188817683
24457000 -0.313916545365046
24458000 -0.287521958311198
24459000 -0.293066345945898
24460000 -0.239976341992438
24461000 -0.319262797100773
24462000 -0.270063207708723
24463000 -0.264226442210072
24464000 -0.212337442494777
24465000 -0.221844293121118
24466000 -0.199767213422424
24467000 -0.166294539967916
24468000 -0.237583784658489
24469000 -0.227471872144808
24470000 -0.226586538290111
24471000 -0.276383231482037
24472000 -0.182965461523951
24473000 -0.206934105329351
24474000 -0.2414634202857
24475000 -0.230220096924586
24476000 -0.273195745075645
24477000 -0.231019272258106
24478000 -0.24369645411045
24479000 -0.285458627864143
24480000 -0.220040137339969
24481000 -0.33187819036149
24482000 -0.292390651257339
24483000 -0.27135319515433
24484000 -0.220627679965891
24485000 -0.258282674068591
24486000 -0.187258398511579
24487000 -0.253048991597411
24488000 -0.314676216555257
24489000 -0.198976195554539
24490000 -0.190156672285745
24491000 -0.278855550261903
24492000 -0.278383024462978
24493000 -0.261560173083836
24494000 -0.222386088172212
24495000 -0.291810293508516
24496000 -0.302479947840877
24497000 -0.368309862414332
24498000 -0.174462796363724
24499000 -0.247305931106127
24500000 -0.245578855699158
24501000 -0.251438498971286
24502000 -0.234987776549611
24503000 -0.294203406015487
24504000 -0.22933425931825
24505000 -0.214416876084767
24506000 -0.289438683029691
24507000 -0.193878700764174
24508000 -0.20973250958971
24509000 -0.285387090964526
24510000 -0.270379270278569
24511000 -0.264864123340895
24512000 -0.304482181231579
24513000 -0.281653810621031
24514000 -0.257059858820391
24515000 -0.299637397091168
24516000 -0.296573730031509
24517000 -0.197991448532624
24518000 -0.177203203707655
24519000 -0.265684865275267
24520000 -0.313164937115821
24521000 -0.246271421511441
24522000 -0.266498949197352
24523000 -0.209591405741272
24524000 -0.23972603413208
24525000 -0.273005969805213
24526000 -0.273698625864268
24527000 -0.272479166923847
24528000 -0.316134073441996
24529000 -0.280611704320137
24530000 -0.286544860947813
24531000 -0.215092591376229
24532000 -0.329366514096942
24533000 -0.247031566445364
24534000 -0.302086112116254
24535000 -0.331083485793583
24536000 -0.256823415598229
24537000 -0.17745725589024
24538000 -0.227841746497022
24539000 -0.230198116794514
24540000 -0.323702929109192
24541000 -0.22758672971543
24542000 -0.254910797894286
24543000 -0.362708815934251
24544000 -0.310330603086599
24545000 -0.305296431069274
24546000 -0.242749542251882
24547000 -0.304148476887875
24548000 -0.2545279308871
24549000 -0.217065755815495
24550000 -0.356108101314573
24551000 -0.281556456711247
24552000 -0.280730546384391
24553000 -0.259915809035057
24554000 -0.26238179143609
24555000 -0.29070951682439
24556000 -0.279360961853188
24557000 -0.206582652645117
24558000 -0.320071425474378
24559000 -0.286106741511316
24560000 -0.296325483679281
24561000 -0.300260188725674
24562000 -0.259146405643187
24563000 -0.275439521528509
24564000 -0.214281457535779
24565000 -0.248330126948061
24566000 -0.26308836778659
24567000 -0.330726162133404
24568000 -0.281077976128795
24569000 -0.250672887691378
24570000 -0.399250211965484
24571000 -0.34331896515882
24572000 -0.223940479786069
24573000 -0.195744612717745
24574000 -0.301384206845295
24575000 -0.314580109070898
24576000 -0.272658767919676
24577000 -0.258238034320855
24578000 -0.326354901956998
24579000 -0.260839204988367
24580000 -0.270534151787778
24581000 -0.270159340540595
24582000 -0.275416527240556
24583000 -0.183000717601543
24584000 -0.370761309440115
24585000 -0.245458979938786
24586000 -0.254955626416569
24587000 -0.34742292825978
24588000 -0.289621989786253
24589000 -0.244139017463414
24590000 -0.237290377079157
24591000 -0.340544483559972
24592000 -0.277632914625886
24593000 -0.243654486635008
24594000 -0.293512734920441
24595000 -0.218698211204595
24596000 -0.233337827169208
24597000 -0.262249713587954
24598000 -0.243108225250894
24599000 -0.274112475154336
24600000 -0.265517893292332
24601000 -0.30058084451138
24602000 -0.194065512239192
24603000 -0.235173103472119
24604000 -0.309705945607293
24605000 -0.303967456222999
24606000 -0.238072177788491
24607000 -0.256458163836012
24608000 -0.314875785462104
24609000 -0.208127682161446
24610000 -0.295936968401704
24611000 -0.298669244602352
24612000 -0.26259226185825
24613000 -0.327494066820947
24614000 -0.275228470898654
24615000 -0.301613096350873
24616000 -0.323634103906803
24617000 -0.249097820574935
24618000 -0.303911073756619
24619000 -0.291473198106285
24620000 -0.279462374132429
24621000 -0.267048588172503
24622000 -0.323112274673198
24623000 -0.297152341002112
24624000 -0.242248515857075
24625000 -0.354333777069647
24626000 -0.252782420559964
24627000 -0.191150695471687
24628000 -0.277501229578701
24629000 -0.295909829652659
24630000 -0.298656330336472
24631000 -0.321376989885548
24632000 -0.246723963779593
24633000 -0.304898288876933
24634000 -0.255238460414898
24635000 -0.256472401790817
24636000 -0.223392006125649
24637000 -0.352108832188739
24638000 -0.287959996179452
24639000 -0.296768193083538
24640000 -0.25804814311066
24641000 -0.260267857266692
24642000 -0.311064693119942
24643000 -0.299049544227788
24644000 -0.304690683319997
24645000 -0.248562152500188
24646000 -0.286327450786028
24647000 -0.343345522003978
24648000 -0.301179670426404
24649000 -0.32372490247627
24650000 -0.245557464443629
24651000 -0.259703379091848
24652000 -0.364384400513275
24653000 -0.247889673744168
24654000 -0.244827660895079
24655000 -0.322699573484677
24656000 -0.32925836926926
24657000 -0.273828379420521
24658000 -0.32037714871043
24659000 -0.243528012199603
24660000 -0.285959928718387
24661000 -0.295875392760372
24662000 -0.263867616339479
24663000 -0.28831347796332
24664000 -0.320279656900056
24665000 -0.211078106845103
24666000 -0.323003953906898
24667000 -0.244277823503048
24668000 -0.328967486153728
24669000 -0.300498543607897
24670000 -0.211606202061536
24671000 -0.296841376136966
24672000 -0.272091131121834
24673000 -0.295508393484103
24674000 -0.292971474942134
24675000 -0.314255441947422
24676000 -0.236798034302739
24677000 -0.321012130395314
24678000 -0.268194885001521
24679000 -0.332627043177018
24680000 -0.256885451463516
24681000 -0.310402624917599
24682000 -0.284671739700203
24683000 -0.252037339364573
24684000 -0.349076425918123
24685000 -0.3537686963901
24686000 -0.289977379431188
24687000 -0.258370553964556
24688000 -0.314269892250528
24689000 -0.250112014956719
24690000 -0.286724591490967
24691000 -0.364247617274792
24692000 -0.351425740260391
24693000 -0.276115326873956
24694000 -0.288866164610223
24695000 -0.348363185649984
24696000 -0.294788248087401
24697000 -0.366721679254333
24698000 -0.297002976743223
24699000 -0.253881343963146
24700000 -0.377625233246885
24701000 -0.269177983340383
24702000 -0.309299544882984
24703000 -0.231378806791837
24704000 -0.307574903550103
24705000 -0.272499838290159
24706000 -0.370629222673489
24707000 -0.31669266301276
24708000 -0.321500728261171
24709000 -0.328328686638499
24710000 -0.361323465393003
24711000 -0.257938010194817
24712000 -0.283541606180975
24713000 -0.295553091794346
24714000 -0.260668244307602
24715000 -0.346810554791816
24716000 -0.314847874694287
24717000 -0.269274711139561
24718000 -0.35632686805398
24719000 -0.330935490789367
24720000 -0.261166444874025
24721000 -0.248181911340402
24722000 -0.288143461119974
24723000 -0.334614381197748
24724000 -0.28245397961882
24725000 -0.221270652577361
24726000 -0.267668325879108
24727000 -0.225345249462585
24728000 -0.363178858694511
24729000 -0.230661711586196
24730000 -0.246423030349783
24731000 -0.296607077224268
24732000 -0.323640007178532
24733000 -0.360490519616724
24734000 -0.257523042648756
24735000 -0.302311155898513
24736000 -0.27311224627729
24737000 -0.276212615236657
24738000 -0.272824362096518
24739000 -0.302121994982555
24740000 -0.263211976789969
24741000 -0.242043483497661
24742000 -0.405796212025972
24743000 -0.295767550826387
24744000 -0.280200665867743
24745000 -0.318523311910392
24746000 -0.356074161861519
24747000 -0.307963871667925
24748000 -0.298919967877262
24749000 -0.323028807858237
24750000 -0.291567208726907
24751000 -0.329734422657461
24752000 -0.356376085319086
24753000 -0.262590694757739
24754000 -0.315236070359104
24755000 -0.362799794487657
24756000 -0.233058391991728
24757000 -0.343488707545899
24758000 -0.343890997053349
24759000 -0.248711155273199
24760000 -0.313146070014959
24761000 -0.342819775318554
24762000 -0.353953885636863
24763000 -0.298775030961721
24764000 -0.267149331420142
24765000 -0.322634053986318
24766000 -0.322849075412581
24767000 -0.360757040176643
24768000 -0.325925831356918
24769000 -0.239132034583251
24770000 -0.31260728242816
24771000 -0.297946914310906
24772000 -0.368194775905769
24773000 -0.311251907431709
24774000 -0.295843580309674
24775000 -0.221444370398417
24776000 -0.334535360727555
24777000 -0.316750528644021
24778000 -0.321216871692954
24779000 -0.350513245867161
24780000 -0.236167824209998
24781000 -0.295670124070409
24782000 -0.303228851303512
24783000 -0.352488324315789
24784000 -0.309065203974187
24785000 -0.259177282799151
24786000 -0.294349635054622
24787000 -0.323505569771892
24788000 -0.290039964051491
24789000 -0.363540598982234
24790000 -0.297693926170739
24791000 -0.28942309576278
24792000 -0.380340859990331
24793000 -0.267461895112311
24794000 -0.277792916576626
24795000 -0.278494217549723
24796000 -0.234181310285513
24797000 -0.349968929029392
24798000 -0.303522915514667
24799000 -0.274774392683644
24800000 -0.256742964269721
24801000 -0.273625626724836
24802000 -0.328434585912673
24803000 -0.262130753511072
24804000 -0.325847018283804
24805000 -0.314260702038371
24806000 -0.291961513017294
24807000 -0.324046574649901
24808000 -0.332897400475481
24809000 -0.283153754944025
24810000 -0.334538950881967
24811000 -0.326861813947928
24812000 -0.265180195556047
24813000 -0.30990399883077
24814000 -0.291929555688958
24815000 -0.269775911660939
24816000 -0.300112835740445
24817000 -0.327464688177481
24818000 -0.32835024774054
24819000 -0.330118359516796
24820000 -0.302487313553827
24821000 -0.228482495542291
24822000 -0.384848087795935
24823000 -0.29272973206476
24824000 -0.247797314014656
24825000 -0.370238869033782
24826000 -0.372600807625145
24827000 -0.273375695276146
24828000 -0.334599603978993
24829000 -0.303313063065943
24830000 -0.37627389969862
24831000 -0.292669309261558
24832000 -0.31389158763074
24833000 -0.353019592601583
24834000 -0.345401161970896
24835000 -0.291840827250911
24836000 -0.234225279209037
24837000 -0.282959553460141
24838000 -0.261173935716253
24839000 -0.286758362686789
24840000 -0.328642952535236
24841000 -0.338965801330599
24842000 -0.322286226734851
24843000 -0.352409687256857
24844000 -0.285260383442911
24845000 -0.343951763048591
24846000 -0.261964561766843
24847000 -0.352644156894284
24848000 -0.260410084464865
24849000 -0.329040286816556
24850000 -0.265139764258673
24851000 -0.36168651031414
24852000 -0.337861180224117
24853000 -0.267399153211983
24854000 -0.2820808595091
24855000 -0.313723685465287
24856000 -0.269199706372573
24857000 -0.337521574256424
24858000 -0.287715405136855
24859000 -0.291720035766275
24860000 -0.320049760185234
24861000 -0.345824604883051
24862000 -0.246140742629518
24863000 -0.325506107481657
24864000 -0.332179233072
24865000 -0.265786449869244
24866000 -0.329336834217595
24867000 -0.28603558492294
24868000 -0.323204529259939
24869000 -0.30295349438272
24870000 -0.327518141275005
24871000 -0.243484907513843
24872000 -0.349300370582986
24873000 -0.34509159306258
24874000 -0.250231118358069
24875000 -0.350469652472783
24876000 -0.306621006667471
24877000 -0.294648701602673
24878000 -0.387104458049192
24879000 -0.241828127645298
24880000 -0.323978971826456
24881000 -0.336032285403266
24882000 -0.376128381659395
24883000 -0.306246657218181
24884000 -0.332651381157908
24885000 -0.324890198824524
24886000 -0.307154143136757
24887000 -0.354324846352066
24888000 -0.279762083292474
24889000 -0.203286128237325
24890000 -0.29589183431385
24891000 -0.282334787751481
24892000 -0.29849613153269
24893000 -0.384534538452366
24894000 -0.333690302466068
24895000 -0.280609297582168
24896000 -0.275625612545299
24897000 -0.317917888913053
24898000 -0.293578693404614
24899000 -0.28071755620866
24900000 -0.276842048214689
24901000 -0.316554810841477
24902000 -0.291833739075513
24903000 -0.356667701072686
24904000 -0.255083105762526
24905000 -0.267108773072619
24906000 -0.373624868785396
24907000 -0.306980558346521
24908000 -0.317128931565103
24909000 -0.286572818663107
24910000 -0.269910783419528
24911000 -0.336532233034165
24912000 -0.264960992817408
24913000 -0.291450894092126
24914000 -0.31146610095335
24915000 -0.264715082633759
24916000 -0.310703504136619
24917000 -0.353661844329503
24918000 -0.3444935541828
24919000 -0.287858471006542
24920000 -0.320790667246403
24921000 -0.284862304572109
24922000 -0.253181802638758
24923000 -0.289012280140519
24924000 -0.329391724663719
24925000 -0.310157608655513
24926000 -0.374887534027195
24927000 -0.289200368795967
24928000 -0.278037924485295
24929000 -0.337403297328427
24930000 -0.321714029851708
24931000 -0.256065479838265
24932000 -0.347984722778472
24933000 -0.283183481346717
24934000 -0.31471459110399
24935000 -0.316051841930863
24936000 -0.340229246303765
24937000 -0.344260684471796
24938000 -0.318200596140947
24939000 -0.291454404161982
24940000 -0.328358723664873
24941000 -0.309129278349649
24942000 -0.351910540754399
24943000 -0.306496787908426
24944000 -0.306791750103342
24945000 -0.306971028405587
24946000 -0.322336297899624
24947000 -0.345336590614528
24948000 -0.383758084721922
24949000 -0.272198919550665
24950000 -0.225189320838023
24951000 -0.351708093403832
24952000 -0.295848589131398
24953000 -0.306561876869658
24954000 -0.35378222228905
24955000 -0.366359678600354
24956000 -0.330834785099082
24957000 -0.366591887697328
24958000 -0.278644525967437
24959000 -0.33550590838922
24960000 -0.311880985732126
24961000 -0.364665737114427
24962000 -0.346343662433486
24963000 -0.362959062963597
24964000 -0.3577424078362
24965000 -0.321893002291674
24966000 -0.349266861646338
24967000 -0.2962794386793
24968000 -0.344440423526796
24969000 -0.291617158746839
24970000 -0.275795272120863
24971000 -0.371071046127247
24972000 -0.320362628661737
24973000 -0.307542156981505
24974000 -0.246944570558668
24975000 -0.319669553973282
24976000 -0.252898992796912
24977000 -0.352833995205433
24978000 -0.273457206578844
24979000 -0.311702801266424
24980000 -0.335449078150754
24981000 -0.380504797791729
24982000 -0.338625216013383
24983000 -0.340934544652648
24984000 -0.399866328853093
24985000 -0.323209688597799
24986000 -0.294478397138587
24987000 -0.33227730856142
24988000 -0.304802591701684
24989000 -0.28399051735587
24990000 -0.379630255685914
24991000 -0.368944529687976
24992000 -0.359363468178867
24993000 -0.313528638966114
24994000 -0.292547937944384
24995000 -0.412703611339525
24996000 -0.294674044794384
24997000 -0.36528041815582
24998000 -0.287862672062748
24999000 -0.314847312947393
25000000 -0.346904858220945
25001000 -0.333533616798715
25002000 -0.309960017323756
25003000 -0.296800726358398
25004000 -0.330768100587632
25005000 -0.380186533901283
25006000 -0.301178149107933
25007000 -0.335374620800422
25008000 -0.341535667377836
25009000 -0.362088926061518
25010000 -0.296700110547468
25011000 -0.376361562877355
25012000 -0.315252242323772
25013000 -0.388846336176327
25014000 -0.368390145260804
25015000 -0.360182020883257
25016000 -0.303571532877521
25017000 -0.437449612447559
25018000 -0.320438370798107
25019000 -0.315269587590438
25020000 -0.370615145948597
25021000 -0.42950449134454
25022000 -0.233243216689979
25023000 -0.385459533808398
25024000 -0.314850932343782
25025000 -0.397242108843338
25026000 -0.399023189013873
25027000 -0.440767596150462
25028000 -0.390286931588692
25029000 -0.34085700813317
25030000 -0.354645356363456
25031000 -0.338912250384643
25032000 -0.257410233211284
25033000 -0.433090448696736
25034000 -0.438870547848712
25035000 -0.357069721769423
25036000 -0.344204803622759
25037000 -0.362941674614179
25038000 -0.287156889063888
25039000 -0.2664594013438
25040000 -0.327676806061893
25041000 -0.333345762277246
25042000 -0.297213972266065
25043000 -0.388107115682716
25044000 -0.353419693711014
25045000 -0.392823042290618
25046000 -0.288224224546859
25047000 -0.3819642087097
25048000 -0.383386558435159
25049000 -0.375018649455012
25050000 -0.430329838541017
25051000 -0.329339789221127
25052000 -0.372360401722901
25053000 -0.319930162078074
25054000 -0.21894702012033
25055000 -0.30385734740079
25056000 -0.312340818330525
25057000 -0.311784396933198
25058000 -0.268482072734863
25059000 -0.285508247423505
25060000 -0.35433150062439
25061000 -0.231782233176786
25062000 -0.256393721761311
25063000 -0.234808136341101
25064000 -0.329545150136463
25065000 -0.285085593501112
25066000 -0.254319199540924
25067000 -0.26355462922033
25068000 -0.271050792618446
25069000 -0.260880782467315
25070000 -0.275641140585231
25071000 -0.224106315672451
25072000 -0.300209241193428
25073000 -0.255153711745877
25074000 -0.262578052045898
25075000 -0.217288053320865
25076000 -0.282502898428397
25077000 -0.300563081947774
25078000 -0.278281828661118
25079000 -0.251162977931188
25080000 -0.333267363515621
25081000 -0.275721665034816
25082000 -0.262271835685051
25083000 -0.226980111158591
25084000 -0.288779730740706
25085000 -0.314381148445055
25086000 -0.191587994715506
25087000 -0.255377365002845
25088000 -0.245238539060444
25089000 -0.285691763716885
25090000 -0.277487377678653
25091000 -0.282611256136694
25092000 -0.157518485216964
25093000 -0.294749711567992
25094000 -0.34945047562983
25095000 -0.298699626867057
25096000 -0.287270776549364
25097000 -0.287596468170074
25098000 -0.19637194980489
25099000 -0.249419967166492
25100000 -0.305476290713036
25101000 -0.221514329532471
25102000 -0.337629495648873
25103000 -0.234108364623925
25104000 -0.366939585226857
25105000 -0.189202135148801
25106000 -0.236518234791248
25107000 -0.188794183211029
25108000 -0.277275248823826
25109000 -0.295127673377447
25110000 -0.241659348879045
25111000 -0.187648970617251
25112000 -0.234412451310112
25113000 -0.236657134566618
25114000 -0.303662491469049
25115000 -0.224630797470659
25116000 -0.249418492294836
25117000 -0.258707615141279
25118000 -0.243131910057694
25119000 -0.192990777623195
25120000 -0.257226496749232
25121000 -0.286865995964101
25122000 -0.239684201977365
25123000 -0.332525436959506
25124000 -0.361547569425293
25125000 -0.200716329476661
25126000 -0.191847857106446
25127000 -0.270757339245304
25128000 -0.314170141366016
25129000 -0.328523582852236
25130000 -0.259206921326499
25131000 -0.203580368601258
25132000 -0.30713202568317
25133000 -0.324508400918682
25134000 -0.33264230506088
25135000 -0.289100760477855
25136000 -0.281094063842464
25137000 -0.291637125207938
25138000 -0.288503668712696
25139000 -0.199268951897236
25140000 -0.221987678584812
25141000 -0.234493740380501
25142000 -0.272222047017604
25143000 -0.253093375285305
25144000 -0.279941078512877
25145000 -0.176571212380695
25146000 -0.319543273093302
25147000 -0.292835518423381
25148000 -0.240780097624315
25149000 -0.219796461077439
25150000 -0.157463312733401
25151000 -0.179766915625274
25152000 -0.256633770649143
25153000 -0.198141947249951
25154000 -0.254518164103435
25155000 -0.262548196501765
25156000 -0.303070121831593
25157000 -0.187880067931065
25158000 -0.309230466660622
25159000 -0.27488194725243
25160000 -0.348145505497032
25161000 -0.312346890703269
25162000 -0.287526962703276
25163000 -0.231229347953572
25164000 -0.323168281982244
25165000 -0.29661032628614
25166000 -0.206916178152542
25167000 -0.256065418682648
25168000 -0.223870444764042
25169000 -0.28849809066706
25170000 -0.229208129854108
25171000 -0.21832376092118
25172000 -0.310413132185378
25173000 -0.252935610577297
25174000 -0.290639960878084
25175000 -0.273169914999335
25176000 -0.259446290197146
25177000 -0.240917020284414
25178000 -0.353956741915861
25179000 -0.268727668566706
25180000 -0.225494333601805
25181000 -0.299228745029049
25182000 -0.283369340727147
25183000 -0.314738367951208
25184000 -0.267855525388611
25185000 -0.25775241145154
25186000 -0.246804609955833
25187000 -0.198038440992833
25188000 -0.217615451186051
25189000 -0.39207556138988
25190000 -0.208021916829397
25191000 -0.243718950897842
25192000 -0.323059023896555
25193000 -0.160533675763125
25194000 -0.239598125616596
25195000 -0.249849103839364
25196000 -0.283687800935914
25197000 -0.372971136821703
25198000 -0.270383877401845
25199000 -0.219999140706635
25200000 -0.21939008752341
25201000 -0.301162863763425
25202000 -0.311300361054324
25203000 -0.307857777917754
25204000 -0.286130748912429
25205000 -0.369561024770705
25206000 -0.373455264788279
25207000 -0.205837443477231
25208000 -0.218762277253165
25209000 -0.282091750768553
25210000 -0.29059215528571
25211000 -0.247834341037858
25212000 -0.283041936364309
25213000 -0.221515234268889
25214000 -0.35070518250111
25215000 -0.254812014361408
25216000 -0.283610871655023
25217000 -0.284914849650224
25218000 -0.343934365987132
25219000 -0.221655546980093
25220000 -0.296305939901508
25221000 -0.278504181941984
25222000 -0.357610235251187
25223000 -0.232413052545264
25224000 -0.259989482229923
25225000 -0.266180126045962
25226000 -0.272972175529263
25227000 -0.3636134815407
25228000 -0.256246243705464
25229000 -0.277669753152529
25230000 -0.30123795880663
25231000 -0.271553882067703
25232000 -0.27699361386578
25233000 -0.230615276893822
25234000 -0.324711454373478
25235000 -0.301058331878757
25236000 -0.267854419852207
25237000 -0.300801019456536
25238000 -0.265530522016552
25239000 -0.295996473128732
25240000 -0.223067374264869
25241000 -0.225507880381821
25242000 -0.321957407502563
25243000 -0.29935245835972
25244000 -0.319386043319865
25245000 -0.286691055922832
25246000 -0.33282807932434
25247000 -0.189355063802631
25248000 -0.152345365437411
25249000 -0.32510726749321
25250000 -0.284012896649469
25251000 -0.349430192149953
25252000 -0.308448436010172
25253000 -0.373521365224839
25254000 -0.358401477685667
25255000 -0.255256972234792
25256000 -0.247413725943095
25257000 -0.300828980611927
25258000 -0.216287508164271
25259000 -0.301738861814349
25260000 -0.189616527901057
25261000 -0.319939587628935
25262000 -0.201288693053662
25263000 -0.275952490799209
25264000 -0.293237590485933
25265000 -0.275443716382842
25266000 -0.266818601087428
25267000 -0.273601537424485
25268000 -0.323766055069077
25269000 -0.29464882710668
25270000 -0.308901172989842
25271000 -0.315490436564921
25272000 -0.407752803580631
25273000 -0.284069351293101
25274000 -0.282109805822638
25275000 -0.294820241168447
25276000 -0.22479967848791
25277000 -0.350841259481319
25278000 -0.244991662921473
25279000 -0.247031255428682
25280000 -0.277260563086353
25281000 -0.293044311223197
25282000 -0.276334097132931
25283000 -0.300764092899493
25284000 -0.255614902311393
25285000 -0.289691619474048
25286000 -0.218124833873598
25287000 -0.291673804159256
25288000 -0.248737514205652
25289000 -0.310113204334374
25290000 -0.277563335665524
25291000 -0.296387820934548
25292000 -0.31192479960359
25293000 -0.2132385776269
25294000 -0.214977088025137
25295000 -0.296401424411338
25296000 -0.346744615968708
25297000 -0.316928362388517
25298000 -0.314183409819371
25299000 -0.327905033063648
25300000 -0.240256784333049
25301000 -0.334763516459594
25302000 -0.266757842589725
25303000 -0.260071806964007
25304000 -0.255774711469453
25305000 -0.268135475227296
25306000 -0.254481194682494
25307000 -0.22645366621283
25308000 -0.293222733747851
25309000 -0.327942889690305
25310000 -0.354573911401371
25311000 -0.238324790241892
25312000 -0.269299369318965
25313000 -0.28795407020076
25314000 -0.288303290280513
25315000 -0.296078610145201
25316000 -0.247136511635066
25317000 -0.288875349994558
25318000 -0.291094467208675
25319000 -0.262178233727869
25320000 -0.230341726788636
25321000 -0.281210953803711
25322000 -0.343278391993726
25323000 -0.276280253548133
25324000 -0.337681058722195
25325000 -0.249697009920236
25326000 -0.215941612028499
25327000 -0.386902010463611
25328000 -0.294858423367882
25329000 -0.29442564950741
25330000 -0.321873300543512
25331000 -0.31957621371333
25332000 -0.309582143101216
25333000 -0.357831811500637
25334000 -0.288988089402718
25335000 -0.287922238060821
25336000 -0.306718113939778
25337000 -0.279918158426429
25338000 -0.309417653557134
25339000 -0.340040956914343
25340000 -0.266364195202066
25341000 -0.327738409566088
25342000 -0.326067741285243
25343000 -0.366756848742187
25344000 -0.282524400138716
25345000 -0.24248839863435
25346000 -0.311460694494153
25347000 -0.25579580645996
25348000 -0.293604142164448
25349000 -0.323472490749496
25350000 -0.258897917394394
25351000 -0.220147088393386
25352000 -0.298729491881143
25353000 -0.332425899018821
25354000 -0.360332672855459
25355000 -0.241001838172126
25356000 -0.378656865068695
25357000 -0.323790966456771
25358000 -0.335226044219526
25359000 -0.289145207483987
25360000 -0.325487306243335
25361000 -0.384468557814793
25362000 -0.317473218105685
25363000 -0.257007870751898
25364000 -0.293795754324138
25365000 -0.417107354971663
25366000 -0.292388364583225
25367000 -0.309848677246913
25368000 -0.312937288149595
25369000 -0.293632636433177
25370000 -0.323823822940195
25371000 -0.288171721183558
25372000 -0.26418727940737
25373000 -0.302879474905514
25374000 -0.254233360100248
25375000 -0.370495651767718
25376000 -0.301933416213862
25377000 -0.317359838834674
25378000 -0.354132440733446
25379000 -0.317620384369219
25380000 -0.309434419841513
25381000 -0.279477811622217
25382000 -0.343237500624586
25383000 -0.283306636732129
25384000 -0.256596297642494
25385000 -0.297478321887245
25386000 -0.297434083422035
25387000 -0.355355155260131
25388000 -0.336109509471132
25389000 -0.408020154921013
25390000 -0.354702025591831
25391000 -0.298171770758957
25392000 -0.337537502286213
25393000 -0.278275433774629
25394000 -0.298378395364753
25395000 -0.347134017964315
25396000 -0.268586803890369
25397000 -0.361835801708616
25398000 -0.293755863168757
25399000 -0.219616851879422
25400000 -0.215352233975159
25401000 -0.257109075321965
25402000 -0.349352876956267
25403000 -0.31927331906377
25404000 -0.288567756066474
25405000 -0.209356068902458
25406000 -0.299988487636662
25407000 -0.305084639126592
25408000 -0.326008245915312
25409000 -0.310318800659868
25410000 -0.39464126077888
25411000 -0.313991065806199
25412000 -0.278289992598295
25413000 -0.236430009916981
25414000 -0.321550566078633
25415000 -0.306563376370775
25416000 -0.250111469296061
25417000 -0.271468070001433
25418000 -0.218213787785246
25419000 -0.371398578388552
25420000 -0.287814378622646
25421000 -0.314363907265539
25422000 -0.270684133383226
25423000 -0.403952686997755
25424000 -0.409786301416379
25425000 -0.182757230733427
25426000 -0.280805754523169
25427000 -0.274321912408958
25428000 -0.327330056682095
25429000 -0.320358683708163
25430000 -0.316410462332513
25431000 -0.30424724001157
25432000 -0.319140618550734
25433000 -0.304245727972252
25434000 -0.309572002036976
25435000 -0.302535803044801
25436000 -0.377056485832255
25437000 -0.315923846770987
25438000 -0.284476180379773
25439000 -0.297397235991565
25440000 -0.296067730884777
25441000 -0.353034186934031
25442000 -0.223528146124415
25443000 -0.308153588316278
25444000 -0.244851024644389
25445000 -0.397344643545234
25446000 -0.31126378910021
25447000 -0.220984010898334
25448000 -0.328866826433705
25449000 -0.269535656901583
25450000 -0.304484401856088
25451000 -0.338164925322824
25452000 -0.349022856414429
25453000 -0.298939312585319
25454000 -0.331463725419548
25455000 -0.333528075505872
25456000 -0.365619057826487
25457000 -0.386540374248381
25458000 -0.23856165720811
25459000 -0.253593736982486
25460000 -0.265355104160939
25461000 -0.288494698022517
25462000 -0.342315298576606
25463000 -0.276504573398365
25464000 -0.312397864687316
25465000 -0.308064364462609
25466000 -0.26442479428896
25467000 -0.315318634883289
25468000 -0.231572601781659
25469000 -0.308835174048963
25470000 -0.33378514178154
25471000 -0.283273001888861
25472000 -0.274941317362049
25473000 -0.29149230027452
25474000 -0.264293033165708
25475000 -0.293587095841347
25476000 -0.381545215579673
25477000 -0.421972478062945
25478000 -0.341320069475484
25479000 -0.293356817662627
25480000 -0.283896087177181
25481000 -0.365150566330798
25482000 -0.318194151973059
25483000 -0.277645305404272
25484000 -0.361087435477611
25485000 -0.309117553064756
25486000 -0.28191843458652
25487000 -0.349112006427179
25488000 -0.270374840961924
25489000 -0.306854958820048
25490000 -0.315755103988456
25491000 -0.322672474367212
25492000 -0.322874651222202
25493000 -0.344766904711996
25494000 -0.304323201191622
25495000 -0.264144147922186
25496000 -0.28126125755707
25497000 -0.309626610277241
25498000 -0.331391181930633
25499000 -0.333417290104928
25500000 -0.239926089720048
25501000 -0.304470774012103
25502000 -0.306532627018083
25503000 -0.23040628607543
25504000 -0.382033158451779
25505000 -0.251531777556017
25506000 -0.320152174775281
25507000 -0.329659388916251
25508000 -0.332065448266185
25509000 -0.292803544712617
25510000 -0.272863854011534
25511000 -0.300576650438327
25512000 -0.36251866627195
25513000 -0.354681421214662
25514000 -0.330640717537075
25515000 -0.357147281558167
25516000 -0.268797094245499
25517000 -0.288514687976247
25518000 -0.329084357122871
25519000 -0.27718832873168
25520000 -0.264843977925768
25521000 -0.296153174108411
25522000 -0.285266163991774
25523000 -0.297769758586712
25524000 -0.261695658690582
25525000 -0.268413255634096
25526000 -0.310110260583799
25527000 -0.359323790508852
25528000 -0.310299642728329
25529000 -0.257759889369353
25530000 -0.258586152403484
25531000 -0.309664376043099
25532000 -0.340015260790339
25533000 -0.234815737829797
25534000 -0.368698527358401
25535000 -0.198603641638503
25536000 -0.305691618212698
25537000 -0.357582107572424
25538000 -0.322266683506946
25539000 -0.339678040296658
25540000 -0.302182607983943
25541000 -0.309941730436084
25542000 -0.251648202620266
25543000 -0.318438781156115
25544000 -0.336872321039483
25545000 -0.327569235826454
25546000 -0.319650827340647
25547000 -0.334342333538063
25548000 -0.405317694876821
25549000 -0.274077765648951
25550000 -0.337555715020292
25551000 -0.257969853736156
25552000 -0.366051526423427
25553000 -0.271705137071147
25554000 -0.374198067097761
25555000 -0.27959672966927
25556000 -0.298994689971948
25557000 -0.351460864361396
25558000 -0.253705787798655
25559000 -0.31104968570992
25560000 -0.274254334403139
25561000 -0.434442028554499
25562000 -0.27922530979238
25563000 -0.319193821522302
25564000 -0.280405162141422
25565000 -0.297016390360429
25566000 -0.309923247984599
25567000 -0.326506874634093
25568000 -0.267027109064829
25569000 -0.256281551845994
25570000 -0.369640144751399
25571000 -0.298953808733787
25572000 -0.326835772660137
25573000 -0.369992811269672
25574000 -0.351870608096498
25575000 -0.332947879486968
25576000 -0.357823552595029
25577000 -0.304485938364413
25578000 -0.357088335912463
25579000 -0.389447766535396
25580000 -0.332005493800076
25581000 -0.291187924341823
25582000 -0.250892301385169
25583000 -0.394383493763002
25584000 -0.382508062108623
25585000 -0.308072593730845
25586000 -0.293562811188405
25587000 -0.346205777206766
25588000 -0.395427844513761
25589000 -0.263571518986035
25590000 -0.35397936426865
25591000 -0.303870643886761
25592000 -0.37717264503659
25593000 -0.352844836228283
25594000 -0.350271037096158
25595000 -0.306148735237723
25596000 -0.294114291388213
25597000 -0.337093492516734
25598000 -0.288083729046933
25599000 -0.396456400533286
25600000 -0.304523067858313
25601000 -0.318611918702854
25602000 -0.272277708812516
25603000 -0.366293747032123
25604000 -0.426158813277541
25605000 -0.323461081253503
25606000 -0.337874259880122
25607000 -0.364914929411115
25608000 -0.251299293657236
25609000 -0.245077291427686
25610000 -0.379243246000381
25611000 -0.333047932869864
25612000 -0.34017592837462
25613000 -0.325910686121389
25614000 -0.34481627297771
25615000 -0.321166073784177
25616000 -0.236867023065911
25617000 -0.313540169683458
25618000 -0.333624797923417
25619000 -0.3550488286046
25620000 -0.352668006018199
25621000 -0.39452938822262
25622000 -0.392774738632945
25623000 -0.344296678653775
25624000 -0.406685295298672
25625000 -0.317392450427383
25626000 -0.347993952204399
25627000 -0.383252581415382
25628000 -0.326145065892363
25629000 -0.399435520452648
25630000 -0.287348893974054
25631000 -0.335234316770202
25632000 -0.344929344753749
25633000 -0.414185655304397
25634000 -0.366543316801681
25635000 -0.27891322027427
25636000 -0.341834374155258
25637000 -0.270721925138802
25638000 -0.281835900243613
25639000 -0.296658069387495
25640000 -0.334868401435646
25641000 -0.373807922433897
25642000 -0.305194461662136
25643000 -0.328975992048352
25644000 -0.376174084656841
25645000 -0.355468887458401
25646000 -0.329797335461088
25647000 -0.309744568776655
25648000 -0.369881561842829
25649000 -0.328196873288525
25650000 -0.352994136007308
25651000 -0.323690593411767
25652000 -0.359615743242093
25653000 -0.351488303265743
25654000 -0.355184341972195
25655000 -0.25896779289024
25656000 -0.350140931844599
25657000 -0.370277558533559
25658000 -0.322834286479003
25659000 -0.351015554115196
25660000 -0.329674083010684
25661000 -0.406171547479193
25662000 -0.368251795855354
25663000 -0.327874409151685
25664000 -0.362219016451515
25665000 -0.456094545233741
25666000 -0.378712821795938
25667000 -0.369241258107135
25668000 -0.46647422657966
25669000 -0.322963047674687
25670000 -0.380541233217227
25671000 -0.328078120876518
25672000 -0.398988029467644
25673000 -0.258600123324744
25674000 -0.322415310545511
25675000 -0.322631783002061
25676000 -0.369409323658445
25677000 -0.346447375413552
25678000 -0.224502701370552
25679000 -0.25436598147456
25680000 -0.362463139269613
25681000 -0.376670454506101
25682000 -0.319564632658767
25683000 -0.34704737932941
25684000 -0.352361735211921
25685000 -0.291931160455807
25686000 -0.328734277467969
25687000 -0.330736597216337
25688000 -0.418012531289172
25689000 -0.369662080412601
25690000 -0.450430555772541
25691000 -0.328778271602393
25692000 -0.355872034208618
25693000 -0.234097270558242
25694000 -0.403076936186271
25695000 -0.374700860313181
25696000 -0.298204030547416
25697000 -0.420442002099312
25698000 -0.303003550917377
25699000 -0.331681608412381
25700000 -0.369784645377222
25701000 -0.272505706160052
25702000 -0.285308288816458
25703000 -0.353953429870278
25704000 -0.355513645672091
25705000 -0.320036252594838
25706000 -0.28636025292824
25707000 -0.351402151350253
25708000 -0.351834616544528
25709000 -0.348443837226668
25710000 -0.3300671149704
25711000 -0.350637230582451
25712000 -0.343803748582554
25713000 -0.356878370513971
25714000 -0.303445519138624
25715000 -0.364382894362631
25716000 -0.385546621949019
25717000 -0.356411111628536
25718000 -0.338736025370281
25719000 -0.375897860312155
25720000 -0.329268931334549
25721000 -0.383940842032848
25722000 -0.32817718557729
25723000 -0.370118501372091
25724000 -0.322979550448047
25725000 -0.336435021539601
25726000 -0.290796356800863
25727000 -0.358284487546792
25728000 -0.371219606655848
25729000 -0.329169676145217
25730000 -0.339169728521489
25731000 -0.295296610125644
25732000 -0.370078284470171
25733000 -0.337336468877854
25734000 -0.375729463700041
25735000 -0.247503314030768
25736000 -0.354738568797879
25737000 -0.433304664133246
25738000 -0.364825867433393
25739000 -0.341846139297326
25740000 -0.324738110019852
25741000 -0.376569664085313
25742000 -0.299150624712887
25743000 -0.370064236232936
25744000 -0.409480251222927
25745000 -0.364989893145974
25746000 -0.382794761358095
25747000 -0.306045400947787
25748000 -0.346725619278627
25749000 -0.336877694802046
25750000 -0.357884024788597
25751000 -0.392131238257848
25752000 -0.318235602021311
25753000 -0.300377435846266
25754000 -0.335026777559865
25755000 -0.256320636168928
25756000 -0.229949404085642
25757000 -0.338795237574248
25758000 -0.312631767755286
25759000 -0.344347814093462
25760000 -0.289970269491613
25761000 -0.415076939289355
25762000 -0.348745940565243
25763000 -0.424123535023984
25764000 -0.351089290893636
25765000 -0.387076927992149
25766000 -0.335481016112472
25767000 -0.275996643408833
25768000 -0.414415944449905
25769000 -0.362004598645353
25770000 -0.357163079702507
25771000 -0.395198273271028
25772000 -0.374256227767172
25773000 -0.289246327672613
25774000 -0.319462811668967
25775000 -0.291724544168022
25776000 -0.410575177238104
25777000 -0.288752569847798
25778000 -0.378075218417441
25779000 -0.392942037238147
25780000 -0.336634447302074
25781000 -0.405597422847657
25782000 -0.302301382995093
25783000 -0.378798149673455
25784000 -0.406946581549178
25785000 -0.387750117168767
25786000 -0.363987242967894
25787000 -0.273379415405833
25788000 -0.336368434074566
25789000 -0.346911912524217
25790000 -0.338535577606186
25791000 -0.327447753158144
25792000 -0.367824695553957
25793000 -0.335599687234074
25794000 -0.257648899710761
25795000 -0.359040860311133
25796000 -0.38013805684765
25797000 -0.362688002819382
25798000 -0.433444686172372
25799000 -0.291866646848954
25800000 -0.374061723881109
25801000 -0.363890301875277
25802000 -0.282167331062764
25803000 -0.345154730752771
25804000 -0.330325478288801
25805000 -0.34613206201394
25806000 -0.36007279026666
25807000 -0.346979445266469
25808000 -0.309280652747184
25809000 -0.360852943295012
25810000 -0.438819396591148
25811000 -0.345822648760498
25812000 -0.330500065217554
25813000 -0.374920573504282
25814000 -0.304139887530306
25815000 -0.371835603938052
25816000 -0.393387620701697
25817000 -0.384287958015828
25818000 -0.322889824630308
25819000 -0.360767513710378
25820000 -0.386698484423634
25821000 -0.421628062655578
25822000 -0.324916726234211
25823000 -0.392051975870975
25824000 -0.339410798416607
25825000 -0.31297018893295
25826000 -0.332256480559162
25827000 -0.286211754605825
25828000 -0.350186965714485
25829000 -0.351433248975631
25830000 -0.350182378754888
25831000 -0.284431887047268
25832000 -0.393030650202243
25833000 -0.316527969989212
25834000 -0.384990313436446
25835000 -0.387353485502507
25836000 -0.366958209066702
25837000 -0.405140773807108
25838000 -0.360345073730451
25839000 -0.392013888550727
25840000 -0.403457447606223
25841000 -0.326525622315353
25842000 -0.351481896898586
25843000 -0.380437975714105
25844000 -0.390344373829364
25845000 -0.408879890549752
25846000 -0.360784079180392
25847000 -0.321367248471495
25848000 -0.375937476614754
25849000 -0.401844777657503
25850000 -0.352240601397153
25851000 -0.276551354738676
25852000 -0.298026366830156
25853000 -0.394952410640266
25854000 -0.441972307920671
25855000 -0.313874303142519
25856000 -0.3003352881979
25857000 -0.331361754772059
25858000 -0.340259431094405
25859000 -0.320029712212084
25860000 -0.306111803487749
25861000 -0.381912956763245
25862000 -0.369917450467242
25863000 -0.382236905124512
25864000 -0.399226576185289
25865000 -0.34206559913411
25866000 -0.399762250730515
25867000 -0.302218330404961
25868000 -0.340639210011036
25869000 -0.389584238127839
25870000 -0.386183253384835
25871000 -0.393122616697243
25872000 -0.328849118705363
25873000 -0.397432239494544
25874000 -0.360664267935623
25875000 -0.460723039963321
25876000 -0.329236922851723
25877000 -0.345960227144187
25878000 -0.362077467742255
25879000 -0.339188011777845
25880000 -0.294284876162057
25881000 -0.380276944974428
25882000 -0.289347875030136
25883000 -0.370921961991602
25884000 -0.395576905384264
25885000 -0.32075197111055
25886000 -0.350828590289224
25887000 -0.305362544812123
25888000 -0.269440657857821
25889000 -0.321570616056884
25890000 -0.329780587125921
25891000 -0.379424972886731
25892000 -0.48011133966164
25893000 -0.339262565632595
25894000 -0.350766268594645
25895000 -0.444825109909663
25896000 -0.376550870449275
25897000 -0.400859616318073
25898000 -0.346708810208637
25899000 -0.330318358932126
25900000 -0.416644142076253
25901000 -0.343108786806682
25902000 -0.373927475473588
25903000 -0.336660934742314
25904000 -0.342205410405117
25905000 -0.356951498656751
25906000 -0.342883136085376
25907000 -0.43246846315176
25908000 -0.33420756090671
25909000 -0.418661986778797
25910000 -0.392145870416272
25911000 -0.421910649392674
25912000 -0.409320787969374
25913000 -0.364519872839071
25914000 -0.438986208902369
25915000 -0.395972750649822
25916000 -0.3352283826186
25917000 -0.310059785478017
25918000 -0.401043918511371
25919000 -0.370420192359634
25920000 -0.364539170759158
25921000 -0.380369248997483
25922000 -0.341146737434686
25923000 -0.307139319426046
25924000 -0.325364284880879
25925000 -0.332857566946833
25926000 -0.362137887664547
25927000 -0.394602621447701
25928000 -0.33609427566153
25929000 -0.3658096143556
25930000 -0.409816314640886
25931000 -0.417493076342493
25932000 -0.374128694538777
25933000 -0.41194111381988
25934000 -0.342587943923516
25935000 -0.4078850382937
25936000 -0.404999225052221
25937000 -0.31040634287094
25938000 -0.364823620694789
25939000 -0.340696409031346
25940000 -0.384116584846283
25941000 -0.399340560923564
25942000 -0.374556134119945
25943000 -0.33443477088531
25944000 -0.378077624020096
25945000 -0.413778725819688
25946000 -0.311929226188679
25947000 -0.437590277036045
25948000 -0.400534281218588
25949000 -0.375484419193918
25950000 -0.446496707870041
25951000 -0.341710682231619
25952000 -0.359547308307858
25953000 -0.406449824246103
25954000 -0.396919453822303
25955000 -0.422327780145887
25956000 -0.371400670438829
25957000 -0.461058408257759
25958000 -0.340688383471269
25959000 -0.401240331292848
25960000 -0.417759770404107
25961000 -0.403729272689719
25962000 -0.42178142502097
25963000 -0.336931004544956
25964000 -0.436950604434055
25965000 -0.311042142580155
25966000 -0.3529275766721
25967000 -0.375760844451226
25968000 -0.349545726086397
25969000 -0.390417346660111
25970000 -0.359542683554132
25971000 -0.372891860613801
25972000 -0.342936278363401
25973000 -0.329026480659363
25974000 -0.386445591589761
25975000 -0.323117436393909
25976000 -0.378077142070496
25977000 -0.409514360766359
25978000 -0.388657889238428
25979000 -0.444083135655381
25980000 -0.352024710619247
25981000 -0.407829243486827
25982000 -0.321481404124451
25983000 -0.377412119377637
25984000 -0.417629094895648
25985000 -0.44992197700376
25986000 -0.486176125370569
25987000 -0.424371676614654
25988000 -0.402074305860735
25989000 -0.313938686652906
25990000 -0.355532621671991
25991000 -0.384300945718579
25992000 -0.348138253801437
25993000 -0.404617073444561
25994000 -0.343043876057843
25995000 -0.348337374872795
25996000 -0.381730051445524
25997000 -0.395646895038742
25998000 -0.375506080846604
25999000 -0.365499329341156
26000000 -0.358560739320532
26001000 -0.451695900550308
26002000 -0.386968062055097
26003000 -0.332091568720959
26004000 -0.389577994232913
26005000 -0.421842506221642
26006000 -0.435733510534205
26007000 -0.406681267570535
26008000 -0.311378439944769
26009000 -0.287809063236832
26010000 -0.370451943145851
26011000 -0.400372069410662
26012000 -0.419703648293298
26013000 -0.383138112680129
26014000 -0.365285627030979
26015000 -0.41976069643001
26016000 -0.323944505073844
26017000 -0.365862388209568
26018000 -0.412822127085787
26019000 -0.325918133799998
26020000 -0.490553333292402
26021000 -0.403776309301398
26022000 -0.329319264680335
26023000 -0.297282804331221
26024000 -0.375671063109452
26025000 -0.346300290137222
26026000 -0.38072358970803
26027000 -0.440861406037734
26028000 -0.465364544633906
26029000 -0.414076255727075
26030000 -0.452669639298551
26031000 -0.368253334247122
26032000 -0.359391561092715
26033000 -0.378608420428386
26034000 -0.407363053424884
26035000 -0.355335031417437
26036000 -0.376958558714651
26037000 -0.390239446332146
26038000 -0.426570108072133
26039000 -0.432793220460288
26040000 -0.41748789941802
26041000 -0.362081521721376
26042000 -0.367424002806903
26043000 -0.450033831809991
26044000 -0.399388451456747
26045000 -0.427634310179441
26046000 -0.359805639440586
26047000 -0.379086077605239
26048000 -0.396414781649069
26049000 -0.364957377740592
26050000 -0.376114034091928
26051000 -0.434454785681506
26052000 -0.442756222482459
26053000 -0.375507377298196
26054000 -0.388273524846996
26055000 -0.411097519162326
26056000 -0.406958585491886
26057000 -0.39766356008358
26058000 -0.38264720131018
26059000 -0.376639617468261
26060000 -0.403856204902683
26061000 -0.369725812991077
26062000 -0.398222020784742
26063000 -0.324599802639788
26064000 -0.439340161238808
26065000 -0.373662576461818
26066000 -0.340580325423192
26067000 -0.344629270082427
26068000 -0.398134582440808
26069000 -0.362539193124029
26070000 -0.395640058854772
26071000 -0.351480211069349
26072000 -0.360525728521795
26073000 -0.407057432577507
26074000 -0.342238664185533
26075000 -0.427221438665032
26076000 -0.397804325463947
26077000 -0.371145454839432
26078000 -0.293561057354437
26079000 -0.427229424576393
26080000 -0.358627051624504
26081000 -0.446766713396119
26082000 -0.394766990431089
26083000 -0.365922398705982
26084000 -0.402529463932503
26085000 -0.321897288562222
26086000 -0.377502499894362
26087000 -0.408706559558121
26088000 -0.380426130390429
26089000 -0.440266127525993
26090000 -0.38614551901307
26091000 -0.384881410471427
26092000 -0.405852435317856
26093000 -0.427161420607227
26094000 -0.361995068486128
26095000 -0.395783166714617
26096000 -0.396202416210908
26097000 -0.402233013015187
26098000 -0.411265591546302
26099000 -0.394519468539506
26100000 -0.395270426282926
26101000 -0.385196190965732
26102000 -0.348158475274986
26103000 -0.39402173463627
26104000 -0.390796642073755
26105000 -0.424591161098587
26106000 -0.436724096434351
26107000 -0.375410911653231
26108000 -0.471101821607701
26109000 -0.348178433506978
26110000 -0.394968107889204
26111000 -0.465875282146944
26112000 -0.445955981764583
26113000 -0.394010192847198
26114000 -0.308890205564475
26115000 -0.370828782141434
26116000 -0.438895992452215
26117000 -0.399783432392901
26118000 -0.400906232697015
26119000 -0.412356008627488
26120000 -0.386793993901361
26121000 -0.364945524236496
26122000 -0.347417654039053
26123000 -0.349893362864561
26124000 -0.337375912947724
26125000 -0.412149837602856
26126000 -0.387926079724538
26127000 -0.41749044868082
26128000 -0.341722554478028
26129000 -0.438399658013724
26130000 -0.40316057034828
26131000 -0.307709682028533
26132000 -0.388514070163443
26133000 -0.424203566044654
26134000 -0.3679299128589
26135000 -0.381208168677697
26136000 -0.445118833498032
26137000 -0.457078049506442
26138000 -0.426449519240271
26139000 -0.301055403694757
26140000 -0.377388775321467
26141000 -0.458270764405928
26142000 -0.368720829473352
26143000 -0.40417919840546
26144000 -0.333115005823707
26145000 -0.364809901626888
26146000 -0.315989007803671
26147000 -0.425282392493803
26148000 -0.348612498446247
26149000 -0.373525813892458
26150000 -0.398635517538053
26151000 -0.363859972360444
26152000 -0.400190379629827
26153000 -0.428390071029935
26154000 -0.339293838187982
26155000 -0.44098070353951
26156000 -0.354355630574222
26157000 -0.410603577409043
26158000 -0.432667902834801
26159000 -0.435807573409455
26160000 -0.385061990672893
26161000 -0.424170627423292
26162000 -0.428434939764272
26163000 -0.391793814212071
26164000 -0.364397694857271
26165000 -0.390064081784022
26166000 -0.442823368517107
26167000 -0.460505176768202
26168000 -0.348189733228007
26169000 -0.419640334211508
26170000 -0.378022666447976
26171000 -0.435965855292898
26172000 -0.360993453367929
26173000 -0.361799915257341
26174000 -0.341544479584457
26175000 -0.432228466652217
26176000 -0.389116864968989
26177000 -0.400378651187027
26178000 -0.42105420232349
26179000 -0.407586858215266
26180000 -0.478491604223934
26181000 -0.438494934712355
26182000 -0.420674658348234
26183000 -0.381419227785497
26184000 -0.327156351382995
26185000 -0.379766287140623
26186000 -0.373034666017608
26187000 -0.432941811645984
26188000 -0.397758797744154
26189000 -0.399035327356606
26190000 -0.391118482152954
26191000 -0.399525461959976
26192000 -0.356085159236927
26193000 -0.398374876662063
26194000 -0.404103009986697
26195000 -0.366256800855465
26196000 -0.464877573223841
26197000 -0.3604832989656
26198000 -0.391052588337822
26199000 -0.392294364818322
26200000 -0.450069647841075
26201000 -0.387925164989948
26202000 -0.38485066832927
26203000 -0.346790129715912
26204000 -0.438629645076504
26205000 -0.428704803462449
26206000 -0.40229788306371
26207000 -0.423390915446541
26208000 -0.375119816147957
26209000 -0.373814732620681
26210000 -0.37180974985817
26211000 -0.399486237015951
26212000 -0.392566450482499
26213000 -0.389742772819644
26214000 -0.398193177653141
26215000 -0.406624948025431
26216000 -0.378358915039329
26217000 -0.368089688151615
26218000 -0.46481721658351
26219000 -0.394946256973967
26220000 -0.430584647921083
26221000 -0.409165156600107
26222000 -0.411345236381784
26223000 -0.367668606321492
26224000 -0.364971532327395
26225000 -0.367680729096081
26226000 -0.465394020776958
26227000 -0.417780439783343
26228000 -0.401423710902688
26229000 -0.365595726395418
26230000 -0.480971213189021
26231000 -0.443888750226531
26232000 -0.437828062575698
26233000 -0.399701657653151
26234000 -0.413874546750134
26235000 -0.365980601806702
26236000 -0.400965160705892
26237000 -0.45763036658765
26238000 -0.407643522236675
26239000 -0.405852118847139
26240000 -0.401482232125049
26241000 -0.393426297341175
26242000 -0.361880888244232
26243000 -0.407603879320662
26244000 -0.424847148990074
26245000 -0.366324606048956
26246000 -0.43606063645317
26247000 -0.400514846503782
26248000 -0.402430547125353
26249000 -0.389834626352772
26250000 -0.334053067589157
26251000 -0.352853795915711
26252000 -0.428894037699416
26253000 -0.34929175534374
26254000 -0.425822435210394
26255000 -0.412053509424941
26256000 -0.387954518115353
26257000 -0.439699603652851
26258000 -0.452588172380993
26259000 -0.442553295990622
26260000 -0.410779785356451
26261000 -0.3322918420423
26262000 -0.432619201260492
26263000 -0.412446789654762
26264000 -0.400237909176469
26265000 -0.430749417528829
26266000 -0.380965147563498
26267000 -0.399443324365554
26268000 -0.384300708524462
26269000 -0.452751166854205
26270000 -0.437051026835935
26271000 -0.350610439781428
26272000 -0.428628595592704
26273000 -0.314931182697227
26274000 -0.432330372684794
26275000 -0.406545417857842
26276000 -0.397890248882152
26277000 -0.453166555132048
26278000 -0.433519966709493
26279000 -0.465246005084901
26280000 -0.49300475401109
26281000 -0.415211778854502
26282000 -0.380792484253274
26283000 -0.455688338041051
26284000 -0.438714759624708
26285000 -0.475364602124399
26286000 -0.372959473125148
26287000 -0.457080261248188
26288000 -0.371174760547534
26289000 -0.388977863101889
26290000 -0.438112978956495
26291000 -0.419401961813048
26292000 -0.440414685294773
26293000 -0.408535556177165
26294000 -0.369858327170058
26295000 -0.402465593874962
26296000 -0.366160245057885
26297000 -0.431200427718231
26298000 -0.386538446303185
26299000 -0.427197606750061
26300000 -0.45904898029545
26301000 -0.384315828642333
26302000 -0.394575690413651
26303000 -0.382543489619689
26304000 -0.396173540629026
26305000 -0.379722765372306
26306000 -0.450854242726263
26307000 -0.431404324835493
26308000 -0.423714639286665
26309000 -0.430101146593146
26310000 -0.378534503112804
26311000 -0.432158437623076
26312000 -0.386903889328183
26313000 -0.442817177087551
26314000 -0.415862547409019
26315000 -0.486317545374401
26316000 -0.439821732448088
26317000 -0.353477998321928
26318000 -0.484171015988906
26319000 -0.425621937730964
26320000 -0.436733390639094
26321000 -0.490846534736701
26322000 -0.382712059365292
26323000 -0.452415014831803
26324000 -0.357868406737482
26325000 -0.439483794283583
26326000 -0.428819255114472
26327000 -0.41299037958765
26328000 -0.416955743091108
26329000 -0.442975217143135
26330000 -0.465476972738386
26331000 -0.472271451985723
26332000 -0.417903296926794
26333000 -0.360845770426962
26334000 -0.376006476576125
26335000 -0.373924442653001
26336000 -0.351230116517918
26337000 -0.438649872456722
26338000 -0.378007251588008
26339000 -0.433930145072162
26340000 -0.349525923892516
26341000 -0.467775875354211
26342000 -0.43376670504841
26343000 -0.378012324329098
26344000 -0.407443424654545
26345000 -0.35477886015231
26346000 -0.401966513065814
26347000 -0.425955906222749
26348000 -0.422592519492873
26349000 -0.457389556709918
26350000 -0.424278676753967
26351000 -0.467342819849381
26352000 -0.415893669496513
26353000 -0.427236336973601
26354000 -0.414416725534945
26355000 -0.401728094317415
26356000 -0.371624850420706
26357000 -0.361952751801132
26358000 -0.404124235555658
26359000 -0.414528024308544
26360000 -0.424022581890882
26361000 -0.462586122876442
26362000 -0.419781720563618
26363000 -0.512403112137685
26364000 -0.449397579603195
26365000 -0.391644468389913
26366000 -0.389193365323766
26367000 -0.403578328353422
26368000 -0.379109374794985
26369000 -0.383043504582919
26370000 -0.383027268113799
26371000 -0.343115441944425
26372000 -0.379523015797194
26373000 -0.375951908865603
26374000 -0.46971826178951
26375000 -0.413293596030704
26376000 -0.364361037994442
26377000 -0.415070042416088
26378000 -0.374367357994875
26379000 -0.372484247136836
26380000 -0.322141031027444
26381000 -0.460908956679621
26382000 -0.362437173512516
26383000 -0.369243981266921
26384000 -0.43104900974414
26385000 -0.323633142058734
26386000 -0.483739475040904
26387000 -0.380058919637631
26388000 -0.369626900295455
26389000 -0.452573563323773
26390000 -0.344586121157265
26391000 -0.5282701860202
26392000 -0.418352901007212
26393000 -0.426574589136801
26394000 -0.366424916868894
26395000 -0.368036226643643
26396000 -0.407644170899943
26397000 -0.376323358514615
26398000 -0.388809508608307
26399000 -0.32454583113805
26400000 -0.456363574983953
26401000 -0.454931896891376
26402000 -0.399576147269647
26403000 -0.445045542956555
26404000 -0.324925052899191
26405000 -0.282612355828288
26406000 -0.438478416747041
26407000 -0.334452214890843
26408000 -0.323691286086981
26409000 -0.356436721114385
26410000 -0.467439076063047
26411000 -0.358369169842366
26412000 -0.45677049409826
26413000 -0.368152338791801
26414000 -0.42596822473548
26415000 -0.385709272299824
26416000 -0.34823338417745
26417000 -0.496632852875306
26418000 -0.37774914902284
26419000 -0.386354606461913
26420000 -0.455311093962057
26421000 -0.47396253843621
26422000 -0.423309709438941
26423000 -0.372771907798923
26424000 -0.363018957676616
26425000 -0.384603509521569
26426000 -0.446099033927274
26427000 -0.387142486925974
26428000 -0.379361115136429
26429000 -0.447755345675257
26430000 -0.383100602947267
26431000 -0.387696540699181
26432000 -0.303344627699708
26433000 -0.421603920321612
26434000 -0.40712838643276
26435000 -0.387359901292889
26436000 -0.410486368241718
26437000 -0.39146398437024
26438000 -0.415420263418823
26439000 -0.387840647902015
26440000 -0.429435483584849
26441000 -0.413254498545095
26442000 -0.396425063400207
26443000 -0.41630959861584
26444000 -0.379658492477526
26445000 -0.393050378782439
26446000 -0.41893269920291
26447000 -0.418012009111851
26448000 -0.390249888194579
26449000 -0.429992458286301
26450000 -0.425340869651712
26451000 -0.377249421894019
26452000 -0.419199689255367
26453000 -0.435704129830828
26454000 -0.40787244261185
26455000 -0.298902444293922
26456000 -0.419240859456678
26457000 -0.439485787161367
26458000 -0.422269518681399
26459000 -0.420453623383403
26460000 -0.350948349552172
26461000 -0.439174616405967
26462000 -0.370991035410053
26463000 -0.326056964437517
26464000 -0.362334884268481
26465000 -0.500107654081972
26466000 -0.453678013567898
26467000 -0.375544154640571
26468000 -0.45288420949222
26469000 -0.481947461274175
26470000 -0.338876600254616
26471000 -0.447628440525188
26472000 -0.393636470520867
26473000 -0.407220771987393
26474000 -0.362311045059406
26475000 -0.381122381090017
26476000 -0.381808479940167
26477000 -0.39962960907633
26478000 -0.449463095199119
26479000 -0.38199756791917
26480000 -0.319817364148763
26481000 -0.359479324433548
26482000 -0.474742847941726
26483000 -0.380107208415209
26484000 -0.358653896072353
26485000 -0.415074063225784
26486000 -0.423107808141734
26487000 -0.308897368687916
26488000 -0.449224232176918
26489000 -0.444671503276646
26490000 -0.341597065224032
26491000 -0.400080774816464
26492000 -0.395082367292073
26493000 -0.422862653045517
26494000 -0.383108168750048
26495000 -0.322852586764912
26496000 -0.376580772597783
26497000 -0.362425454973953
26498000 -0.419463966679214
26499000 -0.383149114968888
26500000 -0.454168164477917
26501000 -0.337821334892401
26502000 -0.429750762372294
26503000 -0.478082661523085
26504000 -0.429018663698501
26505000 -0.430522076855894
26506000 -0.363367733605098
26507000 -0.413978915439256
26508000 -0.379741283789
26509000 -0.458577421584343
26510000 -0.421521517808382
26511000 -0.387315951643371
26512000 -0.471595468427487
26513000 -0.40544518021519
26514000 -0.373481933905215
26515000 -0.385255514406373
26516000 -0.338855738615705
26517000 -0.344312531110404
26518000 -0.428752289831637
26519000 -0.335305372360849
26520000 -0.381502821662835
26521000 -0.417060018026246
26522000 -0.352154259434454
26523000 -0.384242782232478
26524000 -0.339584068488589
26525000 -0.391460662632096
26526000 -0.410670356498887
26527000 -0.40125878441008
26528000 -0.426310138766211
26529000 -0.309619183718915
26530000 -0.451799969278782
26531000 -0.350462920446752
26532000 -0.324752635959094
26533000 -0.402109014639413
26534000 -0.354256342982192
26535000 -0.434296349127598
26536000 -0.388188151372363
26537000 -0.378521995594801
26538000 -0.375794781219867
26539000 -0.416688966925215
26540000 -0.323354523110438
26541000 -0.381717016202925
26542000 -0.436152960926751
26543000 -0.348764111221014
26544000 -0.384103551828966
26545000 -0.405690799141982
26546000 -0.439894464536637
26547000 -0.404674552040356
26548000 -0.328860659726595
26549000 -0.341841806392729
26550000 -0.372675745391214
26551000 -0.407844267087058
26552000 -0.35882751416219
26553000 -0.4507950305521
26554000 -0.349252138504096
26555000 -0.446427296069861
26556000 -0.415694723002999
26557000 -0.414753256822347
26558000 -0.393624365231137
26559000 -0.433368614149615
26560000 -0.369504763587557
26561000 -0.372324853654765
26562000 -0.39402090750118
26563000 -0.352357751923451
26564000 -0.411677102566066
26565000 -0.357684897462939
26566000 -0.375803704448228
26567000 -0.304611000543392
26568000 -0.380175409068193
26569000 -0.396435436159494
26570000 -0.451255905251949
26571000 -0.310294732287534
26572000 -0.44364401321957
26573000 -0.412691075923618
26574000 -0.337530827978212
26575000 -0.398687927467679
26576000 -0.350374805631499
26577000 -0.417098355444241
26578000 -0.354212222908032
26579000 -0.380210319572632
26580000 -0.378062673662073
26581000 -0.379993101709108
26582000 -0.44790986713917
26583000 -0.368987017338103
26584000 -0.404510494223048
26585000 -0.369568963225246
26586000 -0.460425357397057
26587000 -0.391758917698684
26588000 -0.357027570534997
26589000 -0.423166519402377
26590000 -0.399383602966685
26591000 -0.51175839267464
26592000 -0.431098816895117
26593000 -0.351232798374112
26594000 -0.394332954705142
26595000 -0.41652012340655
26596000 -0.396805716166512
26597000 -0.382669154293052
26598000 -0.451370177868321
26599000 -0.397579417656312
26600000 -0.507762691068531
26601000 -0.406117621573791
26602000 -0.379122026976854
26603000 -0.494288360693223
26604000 -0.36064986913837
26605000 -0.3702492484676
26606000 -0.398160532465786
26607000 -0.331637097213016
26608000 -0.446046284790595
26609000 -0.385076977789875
26610000 -0.330370220639234
26611000 -0.387977087306745
26612000 -0.409136531260532
26613000 -0.315145639045296
26614000 -0.361546031164677
26615000 -0.405729968813496
26616000 -0.303427026816053
26617000 -0.353684598418393
26618000 -0.375255839652009
26619000 -0.39433742790466
26620000 -0.362022641118249
26621000 -0.389060413999362
26622000 -0.401725717459861
26623000 -0.348039777046736
26624000 -0.46716079410113
26625000 -0.373269045624417
26626000 -0.393400992143292
26627000 -0.407571504857248
26628000 -0.429525187997643
26629000 -0.352510978144247
26630000 -0.325776829772006
26631000 -0.46570708365029
26632000 -0.357415633348424
26633000 -0.408269829030523
26634000 -0.430532373391392
26635000 -0.481833626973123
26636000 -0.513658161959088
26637000 -0.402067508301884
26638000 -0.377270509476436
26639000 -0.417955092911278
26640000 -0.458964130481527
26641000 -0.365611818712566
26642000 -0.42383882921701
26643000 -0.405426350821044
26644000 -0.407702385478773
26645000 -0.365676122346307
26646000 -0.408814700630111
26647000 -0.49781867749885
26648000 -0.411440230257758
26649000 -0.408873646258423
26650000 -0.443094176656959
26651000 -0.351208578456153
26652000 -0.344229829915557
26653000 -0.388013559511848
26654000 -0.386934725467642
26655000 -0.362435261846458
26656000 -0.450727782652292
26657000 -0.372252539623386
26658000 -0.452898604856227
26659000 -0.371935070999422
26660000 -0.424405445151909
26661000 -0.367558506477728
26662000 -0.434539322920703
26663000 -0.353000322997517
26664000 -0.395061033182245
26665000 -0.394009690881867
26666000 -0.425232526810831
26667000 -0.404236357095801
26668000 -0.38234217524963
26669000 -0.427031953747476
26670000 -0.393631157241035
26671000 -0.401249334654604
26672000 -0.41252644314463
26673000 -0.414147299942855
26674000 -0.376739157499528
26675000 -0.402165324425133
26676000 -0.400828155578488
26677000 -0.449656620583982
26678000 -0.460327911942922
26679000 -0.430775022340226
26680000 -0.449206185610839
26681000 -0.380191221673378
26682000 -0.405849609972706
26683000 -0.416169166073579
26684000 -0.343041727084536
26685000 -0.523632610818819
26686000 -0.348895890482327
26687000 -0.374778944787709
26688000 -0.433964092822332
26689000 -0.384586152249812
26690000 -0.393263560400599
26691000 -0.370552313923241
26692000 -0.399030015766127
26693000 -0.383995567326454
26694000 -0.41649600541941
26695000 -0.375973716371886
26696000 -0.405729025055834
26697000 -0.435370958550463
26698000 -0.435822112915767
26699000 -0.362674872695068
26700000 -0.391919752455563
26701000 -0.402971222336379
26702000 -0.471079043401373
26703000 -0.337138303012542
26704000 -0.427690957924069
26705000 -0.364889554263038
26706000 -0.468883358840891
26707000 -0.339984366698627
26708000 -0.393518954581252
26709000 -0.418864581546831
26710000 -0.336884348655738
26711000 -0.46625744737156
26712000 -0.360471133569366
26713000 -0.455655456781093
26714000 -0.379998987544922
26715000 -0.438871036775429
26716000 -0.449121398287847
26717000 -0.40305142258616
26718000 -0.44852996544615
26719000 -0.358373121875566
26720000 -0.416856709951626
26721000 -0.386690374955295
26722000 -0.345046482937161
26723000 -0.33833098296882
26724000 -0.442972844528325
26725000 -0.409754053615169
26726000 -0.434131695784735
26727000 -0.374357329450598
26728000 -0.415204980235778
26729000 -0.435395889952488
26730000 -0.429350497697712
26731000 -0.381048581337447
26732000 -0.423381479122995
26733000 -0.400953935642703
26734000 -0.350612483129196
26735000 -0.466491470214634
26736000 -0.348299205411873
26737000 -0.436951966550621
26738000 -0.440880957713548
26739000 -0.449125229786901
26740000 -0.444404692747871
26741000 -0.349877842054511
26742000 -0.34639461608188
26743000 -0.422733172992349
26744000 -0.390988698468044
26745000 -0.401226451886623
26746000 -0.471373613130776
26747000 -0.410507947992109
26748000 -0.386132476310613
26749000 -0.427520932425584
26750000 -0.336123627273209
26751000 -0.443169669280823
26752000 -0.370870377429357
26753000 -0.39075866230012
26754000 -0.359194343629944
26755000 -0.413038825288954
26756000 -0.422537780978145
26757000 -0.457807114998435
26758000 -0.370238585574609
26759000 -0.435554250325864
26760000 -0.405661284737857
26761000 -0.403380173015166
26762000 -0.452755395186083
26763000 -0.399604687194881
26764000 -0.372927255115714
26765000 -0.433832622433097
26766000 -0.426437786093144
26767000 -0.421693161193531
26768000 -0.43560730523375
26769000 -0.444319884380352
26770000 -0.364009432143491
26771000 -0.325379707147908
26772000 -0.450415196909104
26773000 -0.436455554736219
26774000 -0.429821808732701
26775000 -0.39244968573237
26776000 -0.42242850178151
26777000 -0.345301021070819
26778000 -0.415005123866487
26779000 -0.387032313841121
26780000 -0.436544854905245
26781000 -0.474161243758806
26782000 -0.339775491176504
26783000 -0.457669821099944
26784000 -0.378076017990635
26785000 -0.442087920820258
26786000 -0.335469753097794
26787000 -0.376571157200525
26788000 -0.467778695767735
26789000 -0.479245493110313
26790000 -0.400235930196614
26791000 -0.400832789856142
26792000 -0.44032157117442
26793000 -0.340760496772578
26794000 -0.479323509870059
26795000 -0.407733674349465
26796000 -0.48309568840966
26797000 -0.408157056247348
26798000 -0.371520561518845
26799000 -0.447126754405135
26800000 -0.46949121108209
26801000 -0.479603887514894
26802000 -0.447605970515224
26803000 -0.486835929020372
26804000 -0.479430445040629
26805000 -0.444214676883149
26806000 -0.436483033156163
26807000 -0.464505070098448
26808000 -0.462976242331553
26809000 -0.411429165482714
26810000 -0.519820581862562
26811000 -0.425979172618087
26812000 -0.383192340235975
26813000 -0.467341094105872
26814000 -0.384913725078207
26815000 -0.463800485898995
26816000 -0.38191579174994
26817000 -0.500316258134575
26818000 -0.380895306601855
26819000 -0.445534900932486
26820000 -0.434229668572361
26821000 -0.397153979337497
26822000 -0.512520643905606
26823000 -0.42269314962627
26824000 -0.494809785370097
26825000 -0.378841800193532
26826000 -0.467180002079085
26827000 -0.395651314964677
26828000 -0.473083189217194
26829000 -0.509720000571227
26830000 -0.428335260073443
26831000 -0.453057745243272
26832000 -0.458553986078864
26833000 -0.340354432435198
26834000 -0.461616945578989
26835000 -0.434870238042184
26836000 -0.378662131416545
26837000 -0.318931570945515
26838000 -0.398720672320841
26839000 -0.349468302656218
26840000 -0.429843797937193
26841000 -0.390927934977931
26842000 -0.453570922686094
26843000 -0.481254848691377
26844000 -0.391736483679076
26845000 -0.392786443242165
26846000 -0.451916822673391
26847000 -0.548142977394529
26848000 -0.462715176051939
26849000 -0.394658540978267
26850000 -0.406098967242185
26851000 -0.427820256893209
26852000 -0.480079762397713
26853000 -0.425791210542709
26854000 -0.478168402682638
26855000 -0.440704562945847
26856000 -0.424734013814022
26857000 -0.481310245107207
26858000 -0.435172352894572
26859000 -0.446792372821631
26860000 -0.505230181740749
26861000 -0.388603358547989
26862000 -0.480257957385783
26863000 -0.478547254356005
26864000 -0.41459605766759
26865000 -0.523203395836555
26866000 -0.409517332033363
26867000 -0.409505718359675
26868000 -0.396444619998962
26869000 -0.455806223637183
26870000 -0.410537801660482
26871000 -0.456240887872177
26872000 -0.410831426174486
26873000 -0.418465189564998
26874000 -0.393803904386115
26875000 -0.486410300137341
26876000 -0.405730202726655
26877000 -0.450501842904034
26878000 -0.392573782865753
26879000 -0.39974802421326
26880000 -0.442267639670088
26881000 -0.422409836662159
26882000 -0.470672497500451
26883000 -0.37058855403753
26884000 -0.454480509180089
26885000 -0.449277552814984
26886000 -0.397286535908601
26887000 -0.451940751825379
26888000 -0.456638286040261
26889000 -0.444344208835905
26890000 -0.430154342817294
26891000 -0.422602904430907
26892000 -0.431057116430396
26893000 -0.497834738971997
26894000 -0.524527989903705
26895000 -0.449202847376816
26896000 -0.501030305951686
26897000 -0.436312040300817
26898000 -0.425731980577027
26899000 -0.376870234392455
26900000 -0.386451683363322
26901000 -0.462766932731253
26902000 -0.404994286175596
26903000 -0.491949715760048
26904000 -0.41849832464701
26905000 -0.404975079518076
26906000 -0.460345610192004
26907000 -0.407086383618326
26908000 -0.533774873899258
26909000 -0.441113718532008
26910000 -0.452686625197996
26911000 -0.479851292634906
26912000 -0.431860180115858
26913000 -0.395744048788818
26914000 -0.528514390863418
26915000 -0.46442454158375
26916000 -0.418324294239659
26917000 -0.521033162271871
26918000 -0.444130292551799
26919000 -0.478323544321906
26920000 -0.440349277752104
26921000 -0.441213622746923
26922000 -0.50941358995095
26923000 -0.459006565978569
26924000 -0.513467102657787
26925000 -0.456365135166538
26926000 -0.418090039547331
26927000 -0.456569822656119
26928000 -0.470708520322881
26929000 -0.516951871051596
26930000 -0.399269588201012
26931000 -0.556038926765262
26932000 -0.556952419035365
26933000 -0.533781147656354
26934000 -0.419103894929896
26935000 -0.463314771195036
26936000 -0.405626573742802
26937000 -0.431364939021948
26938000 -0.469588124086087
26939000 -0.427331950744831
26940000 -0.420352942704093
26941000 -0.436093736005524
26942000 -0.461852644313118
26943000 -0.42273003920103
26944000 -0.532858445449154
26945000 -0.446900667370406
26946000 -0.44366461307316
26947000 -0.438562438742781
26948000 -0.450033309101013
26949000 -0.497879525058311
26950000 -0.440455467792706
26951000 -0.382743000237136
26952000 -0.467393766175749
26953000 -0.442714401216695
26954000 -0.425601300152594
26955000 -0.496745816236684
26956000 -0.416940941391185
26957000 -0.437547322760249
26958000 -0.490097503257991
26959000 -0.359296798261493
26960000 -0.401160322831618
26961000 -0.406911666066426
26962000 -0.473450180682539
26963000 -0.496890558024642
26964000 -0.552041652186896
26965000 -0.440664344027147
26966000 -0.456112675651831
26967000 -0.452409888673935
26968000 -0.458619204672229
26969000 -0.461133090469221
26970000 -0.435647624513991
26971000 -0.455483578958304
26972000 -0.443428935128249
26973000 -0.463188545509399
26974000 -0.438709547765271
26975000 -0.369239039044388
26976000 -0.500744876329294
26977000 -0.49046283115269
26978000 -0.393838939815452
26979000 -0.516060383960742
26980000 -0.495178929610437
26981000 -0.4705300142105
26982000 -0.4404374649303
26983000 -0.430330063934258
26984000 -0.419665782134041
26985000 -0.425162850197975
26986000 -0.490489187073779
26987000 -0.487105434976505
26988000 -0.445403728432305
26989000 -0.430131314700259
26990000 -0.432701501745043
26991000 -0.513344680376116
26992000 -0.394203479227608
26993000 -0.419217307487952
26994000 -0.398628502163769
26995000 -0.472063618002749
26996000 -0.425999892218701
26997000 -0.453544358624297
26998000 -0.442033293646007
26999000 -0.48859729760743
27000000 -0.431115713531412
27001000 -0.444581524289166
27002000 -0.471517920256056
27003000 -0.463059319754965
27004000 -0.474162656464886
27005000 -0.49897201762579
27006000 -0.427229745313633
27007000 -0.452922690203321
27008000 -0.426241586557135
27009000 -0.466556493707552
27010000 -0.441235672584258
27011000 -0.442162871287712
27012000 -0.504458812657877
27013000 -0.398704708492684
27014000 -0.48098200036739
27015000 -0.460892993725325
27016000 -0.421885004640875
27017000 -0.469618746528445
27018000 -0.451276372012348
27019000 -0.428967983325616
27020000 -0.457293972097596
27021000 -0.444617292657399
27022000 -0.460747618742336
27023000 -0.454617653948747
27024000 -0.408385256607717
27025000 -0.489526494662103
27026000 -0.481363195384227
27027000 -0.412110972093096
27028000 -0.494956276635808
27029000 -0.49111838120297
27030000 -0.469848382089385
27031000 -0.489880600247578
27032000 -0.489034389734856
27033000 -0.494835393198878
27034000 -0.496702329249502
27035000 -0.38887399890658
27036000 -0.415266694784587
27037000 -0.46284327690574
27038000 -0.476613354039352
27039000 -0.427515420733589
27040000 -0.468042027179485
27041000 -0.491723767455093
27042000 -0.476467736846341
27043000 -0.49387482544505
27044000 -0.451807307354466
27045000 -0.472689037476105
27046000 -0.495327864034163
27047000 -0.38111383063096
27048000 -0.482585891226404
27049000 -0.492735055462306
27050000 -0.510424971541004
27051000 -0.444358216521547
27052000 -0.372606228300055
27053000 -0.445832746637939
27054000 -0.475339799521828
27055000 -0.44130796026014
27056000 -0.494798513970588
27057000 -0.392265889768362
27058000 -0.406586789216817
27059000 -0.488725077377115
27060000 -0.491778400727494
27061000 -0.488711528053732
27062000 -0.493467845927645
27063000 -0.424255801460962
27064000 -0.443195070515249
27065000 -0.449999299690502
27066000 -0.482198080300405
27067000 -0.442827959871415
27068000 -0.403990265702351
27069000 -0.467223034663836
27070000 -0.421145127451819
27071000 -0.415001696947528
27072000 -0.460542955002563
27073000 -0.467113840261939
27074000 -0.423194330296676
27075000 -0.454444338733461
27076000 -0.4536121468598
27077000 -0.380493084155194
27078000 -0.474653119617326
27079000 -0.443727086951126
27080000 -0.382012947037357
27081000 -0.417290679650058
27082000 -0.442258835847764
27083000 -0.403368444275492
27084000 -0.465485280560721
27085000 -0.44150669131417
27086000 -0.500174023813279
27087000 -0.480546499870338
27088000 -0.501281839869724
27089000 -0.399576843761069
27090000 -0.497753099761062
27091000 -0.39544890957594
27092000 -0.367947575232548
27093000 -0.4701548989537
27094000 -0.365955143297698
27095000 -0.435681146055362
27096000 -0.54993761691752
27097000 -0.513939875482226
27098000 -0.523166879388982
27099000 -0.468101620365251
27100000 -0.521773253916313
27101000 -0.427370166504388
27102000 -0.490565558278009
27103000 -0.485982026429677
27104000 -0.449965603517836
27105000 -0.442496192224258
27106000 -0.463674014336173
27107000 -0.527957820729717
27108000 -0.441703444775975
27109000 -0.426736231808123
27110000 -0.448712567824584
27111000 -0.464109890520833
27112000 -0.414554483278096
27113000 -0.4821345417678
27114000 -0.457399476957793
27115000 -0.422263544005789
27116000 -0.438659562173229
27117000 -0.425605279384313
27118000 -0.419755787360489
27119000 -0.497996355382882
27120000 -0.497232945722309
27121000 -0.40838690463557
27122000 -0.450064193649734
27123000 -0.381085469030306
27124000 -0.485080104130302
27125000 -0.426146270076407
27126000 -0.461899316880096
27127000 -0.464692314423673
27128000 -0.411059338988934
27129000 -0.519577759009127
27130000 -0.440442685799169
27131000 -0.452626192243652
27132000 -0.488551867639581
27133000 -0.449255239252178
27134000 -0.441398063405345
27135000 -0.402447221759679
27136000 -0.476728558658269
27137000 -0.480625453474619
27138000 -0.450466641565744
27139000 -0.44293458326316
27140000 -0.430014173607792
27141000 -0.505115266675986
27142000 -0.501767709103921
27143000 -0.502371928519388
27144000 -0.425196546864841
27145000 -0.460264627405953
27146000 -0.456174757069168
27147000 -0.454809378106121
27148000 -0.477505040092427
27149000 -0.527181229235607
27150000 -0.555670754372183
27151000 -0.556515387467969
27152000 -0.489562471831821
27153000 -0.473033648484048
27154000 -0.463209103368686
27155000 -0.503492870367895
27156000 -0.493156919057455
27157000 -0.507270161932355
27158000 -0.438186535240436
27159000 -0.448608416254686
27160000 -0.520390252049855
27161000 -0.500050977248372
27162000 -0.462123917731018
27163000 -0.44587991340694
27164000 -0.502091396573617
27165000 -0.449643552284591
27166000 -0.457640852748767
27167000 -0.50577644360238
27168000 -0.505866933933379
27169000 -0.458037145993214
27170000 -0.418379293629471
27171000 -0.5025555225115
27172000 -0.412027163985934
27173000 -0.463503121079028
27174000 -0.374142779503667
27175000 -0.514913780238092
27176000 -0.564585158025878
27177000 -0.431501503407657
27178000 -0.45716029774829
27179000 -0.439412393750403
27180000 -0.441539087019616
27181000 -0.485164305922703
27182000 -0.445628193220217
27183000 -0.53887225655606
27184000 -0.527260394746582
27185000 -0.478830222477188
27186000 -0.494775825339073
27187000 -0.470657629628016
27188000 -0.561560080590178
27189000 -0.478910820052058
27190000 -0.549757015179347
27191000 -0.414651258670786
27192000 -0.505601231164008
27193000 -0.452678230091784
27194000 -0.441311034822984
27195000 -0.469834219428585
27196000 -0.492056023575437
27197000 -0.566948371320144
27198000 -0.467060729502668
27199000 -0.479013740377427
27200000 -0.519660009766366
27201000 -0.491542630464164
27202000 -0.457596072281333
27203000 -0.506638449429614
27204000 -0.462946088967731
27205000 -0.453115567433991
27206000 -0.523841482371953
27207000 -0.488131355834445
27208000 -0.490363052764738
27209000 -0.476731322680141
27210000 -0.558944666002295
27211000 -0.493950605643127
27212000 -0.477251226163967
27213000 -0.491471672251244
27214000 -0.465808493080288
27215000 -0.550054529647424
27216000 -0.526982760959342
27217000 -0.481803559906792
27218000 -0.550897059840004
27219000 -0.458466619865667
27220000 -0.509406329697292
27221000 -0.501798885976685
27222000 -0.432848092309635
27223000 -0.42832287062561
27224000 -0.401676981417058
27225000 -0.481006391256441
27226000 -0.482215771297069
27227000 -0.47082555106034
27228000 -0.488685933350037
27229000 -0.445607719483529
27230000 -0.485852441293721
27231000 -0.445187133937754
27232000 -0.468354107712058
27233000 -0.559000006697996
27234000 -0.537625436996929
27235000 -0.47788323721542
27236000 -0.464663859219128
27237000 -0.400026747631918
27238000 -0.467040329890007
27239000 -0.477142500970827
27240000 -0.399438871695782
27241000 -0.440517625126716
27242000 -0.471317382502655
27243000 -0.474182570744958
27244000 -0.51548697633215
27245000 -0.471463774955693
27246000 -0.422487833318297
27247000 -0.543371337403173
27248000 -0.413777589190967
27249000 -0.491117882204837
27250000 -0.465724107285253
27251000 -0.536578806057605
27252000 -0.534635551201491
27253000 -0.541326177052006
27254000 -0.453114254171057
27255000 -0.452032312580946
27256000 -0.51194297835567
27257000 -0.436347467958185
27258000 -0.464081597789108
27259000 -0.517871571515757
27260000 -0.477041333483458
27261000 -0.511261623167531
27262000 -0.442931865807607
27263000 -0.468661869036781
27264000 -0.48909595996507
27265000 -0.520329127240989
27266000 -0.448871415901272
27267000 -0.446820088971942
27268000 -0.493136113833634
27269000 -0.476078232815634
27270000 -0.42695386983513
27271000 -0.540955083158915
27272000 -0.558433339525558
27273000 -0.547786752730804
27274000 -0.469328591305436
27275000 -0.447694840507572
27276000 -0.464420519634412
27277000 -0.473500095202912
27278000 -0.55255600062537
27279000 -0.475303842030543
27280000 -0.432943331829425
27281000 -0.465697896030321
27282000 -0.504908091057735
27283000 -0.482285375526821
27284000 -0.43185676793693
27285000 -0.531488449091147
27286000 -0.447914922834925
27287000 -0.470903092817193
27288000 -0.427988633732192
27289000 -0.481631620109333
27290000 -0.471109898002633
27291000 -0.442479012887222
27292000 -0.539586812641147
27293000 -0.405741605935687
27294000 -0.468096485747126
27295000 -0.485944359829797
27296000 -0.51722362609868
27297000 -0.486938596743158
27298000 -0.436700719984123
27299000 -0.497076417936773
27300000 -0.491862434603974
27301000 -0.509804832451262
27302000 -0.592855110400552
27303000 -0.390315637112575
27304000 -0.50411723985421
27305000 -0.548689787750673
27306000 -0.598710683977699
27307000 -0.525973704253546
27308000 -0.478913260419496
27309000 -0.468945112140527
27310000 -0.480551010909457
27311000 -0.552750042481612
27312000 -0.544023316312267
27313000 -0.455124063185404
27314000 -0.474659976465672
27315000 -0.442557054298149
27316000 -0.497590946152838
27317000 -0.520879352949378
27318000 -0.494441443379161
27319000 -0.534167786679368
27320000 -0.464765469435986
27321000 -0.46186006823055
27322000 -0.464380020145786
27323000 -0.459122416449624
27324000 -0.482745280000157
27325000 -0.527695566005122
27326000 -0.500736826508244
27327000 -0.433207165030103
27328000 -0.538401152637906
27329000 -0.438457699795421
27330000 -0.558640903161416
27331000 -0.428321156013027
27332000 -0.499480420218139
27333000 -0.446870077777677
27334000 -0.44299747625384
27335000 -0.508841805281528
27336000 -0.441694271852111
27337000 -0.5426550109817
27338000 -0.494576562949183
27339000 -0.42093615240324
27340000 -0.486321413029404
27341000 -0.528763817783042
27342000 -0.477960996232161
27343000 -0.454253836247069
27344000 -0.481018554375053
27345000 -0.441879593868023
27346000 -0.514117110406438
27347000 -0.442503595207893
27348000 -0.542835676741522
27349000 -0.477386617496795
27350000 -0.480517812643853
27351000 -0.512312112699859
27352000 -0.40971340507397
27353000 -0.550542615517656
27354000 -0.479715473223826
27355000 -0.505140829596206
27356000 -0.466354525392831
27357000 -0.478235455488961
27358000 -0.523585885616448
27359000 -0.460858535193047
27360000 -0.545017312561846
27361000 -0.42886491648923
27362000 -0.501218608686833
27363000 -0.501308045038646
27364000 -0.464817924867614
27365000 -0.583117422478467
27366000 -0.517041559219234
27367000 -0.522248513698965
27368000 -0.483189627576094
27369000 -0.491946033922143
27370000 -0.485030633533588
27371000 -0.41741368006175
27372000 -0.47897885326978
27373000 -0.471386737868528
27374000 -0.553042840348579
27375000 -0.486256833740914
27376000 -0.502761570282718
27377000 -0.458794490330166
27378000 -0.532493993869461
27379000 -0.58075334506118
27380000 -0.524111230923183
27381000 -0.568534661697996
27382000 -0.497977102822298
27383000 -0.459992490622243
27384000 -0.572052025110669
27385000 -0.547957050541711
27386000 -0.605829594529924
27387000 -0.526590606314313
27388000 -0.507721589311952
27389000 -0.615783365814064
27390000 -0.492268736421913
27391000 -0.486820117744405
27392000 -0.495030742289089
27393000 -0.497495629420894
27394000 -0.456397000460106
27395000 -0.448356255908994
27396000 -0.557893578288466
27397000 -0.513296047135929
27398000 -0.586332986316647
27399000 -0.475456957506939
27400000 -0.533355371278896
27401000 -0.443737916675945
27402000 -0.496097892535063
27403000 -0.551517660427582
27404000 -0.481753213193252
27405000 -0.511640810097153
27406000 -0.510462301548115
27407000 -0.533537284519079
27408000 -0.480325154287718
27409000 -0.468225113069264
27410000 -0.490624686727209
27411000 -0.524219256744746
27412000 -0.462151358822539
27413000 -0.476543702401084
27414000 -0.499717478964815
27415000 -0.479666157840387
27416000 -0.54549717474675
27417000 -0.43169836895385
27418000 -0.522705782807281
27419000 -0.507888105437451
27420000 -0.516395515646788
27421000 -0.584882080344352
27422000 -0.566947876736278
27423000 -0.567377702521399
27424000 -0.494571151098498
27425000 -0.53605501503853
27426000 -0.476953209772798
27427000 -0.500165557205705
27428000 -0.543763859111042
27429000 -0.442842712955454
27430000 -0.590390496444841
27431000 -0.558492340139798
27432000 -0.570825604080884
27433000 -0.442907197385075
27434000 -0.507645497951095
27435000 -0.409804865362414
27436000 -0.488858173189267
27437000 -0.571053863616032
27438000 -0.525352340768415
27439000 -0.479481909417709
27440000 -0.504532977559933
27441000 -0.429930417464085
27442000 -0.519453537503538
27443000 -0.59660794461122
27444000 -0.523473717331981
27445000 -0.49910633605001
27446000 -0.485514191178677
27447000 -0.484251068563134
27448000 -0.478391076164691
27449000 -0.530436068106587
27450000 -0.567846575989062
27451000 -0.559041040592332
27452000 -0.499112114286453
27453000 -0.430001522630416
27454000 -0.47730708803984
27455000 -0.514456012743156
27456000 -0.519904634503101
27457000 -0.539100758839254
27458000 -0.517167929288325
27459000 -0.579225931773838
27460000 -0.556019621744423
27461000 -0.427345588268322
27462000 -0.471569124703616
27463000 -0.554101994419842
27464000 -0.548663120360588
27465000 -0.562749935392212
27466000 -0.593608378955728
27467000 -0.548622070479205
27468000 -0.514536880314918
27469000 -0.542033135715338
27470000 -0.403535856319455
27471000 -0.54169643461756
27472000 -0.513676300354435
27473000 -0.462381638568098
27474000 -0.5849222147718
27475000 -0.424090370219612
27476000 -0.527602084688591
27477000 -0.487246227051552
27478000 -0.510464937382203
27479000 -0.518126048544738
27480000 -0.474697133091832
27481000 -0.542540699252172
27482000 -0.44060661216613
27483000 -0.561198309410712
27484000 -0.581081359943476
27485000 -0.460695448413912
27486000 -0.490509617718339
27487000 -0.448596967849748
27488000 -0.5281737716347
27489000 -0.451131011019682
27490000 -0.510716159586699
27491000 -0.579021486681899
27492000 -0.494839299623616
27493000 -0.457943803631343
27494000 -0.49614569223191
27495000 -0.563735050216138
27496000 -0.452531290134107
27497000 -0.540259152377402
27498000 -0.58299835702564
27499000 -0.494653098481409
27500000 -0.575455260920061
27501000 -0.479206706589752
27502000 -0.466918714447245
27503000 -0.564786504737888
27504000 -0.543349807943919
27505000 -0.586141177451775
27506000 -0.646353595057449
27507000 -0.456140954404271
27508000 -0.547853130138786
27509000 -0.478249817645923
27510000 -0.524714101268389
27511000 -0.520474631920403
27512000 -0.578158327253531
27513000 -0.543770718928133
27514000 -0.431069566080075
27515000 -0.502766580865775
27516000 -0.442031029336953
27517000 -0.541209838719375
27518000 -0.447358291877308
27519000 -0.468405623762769
27520000 -0.556467502179414
27521000 -0.505113291513283
27522000 -0.6065893602678
27523000 -0.475443387036527
27524000 -0.535890980940804
27525000 -0.489589705516271
27526000 -0.485307013648537
27527000 -0.570769223039992
27528000 -0.461348094760719
27529000 -0.537076891903814
27530000 -0.538711238472778
27531000 -0.556104790523034
27532000 -0.564274880574
27533000 -0.523492562449178
27534000 -0.483250925967392
27535000 -0.440191345965724
27536000 -0.477982769009586
27537000 -0.525269904328148
27538000 -0.555903610289999
27539000 -0.498024925500721
27540000 -0.615285006350991
27541000 -0.566269754295894
27542000 -0.484958095584128
27543000 -0.500385246138686
27544000 -0.520223088517378
27545000 -0.516105782748208
27546000 -0.475874443250405
27547000 -0.574514634869011
27548000 -0.519782765363453
27549000 -0.559824721127426
27550000 -0.614735222719507
27551000 -0.506474744027484
27552000 -0.516072655544876
27553000 -0.523807550142763
27554000 -0.527989556815101
27555000 -0.47154632066403
27556000 -0.459909327485542
27557000 -0.542755639037454
27558000 -0.526624430702833
27559000 -0.529428982945144
27560000 -0.518886600327295
27561000 -0.463142718486401
27562000 -0.474088611902437
27563000 -0.490771256187512
27564000 -0.581493177552279
27565000 -0.574973380964954
27566000 -0.475664782253819
27567000 -0.49021939488381
27568000 -0.481711894984961
27569000 -0.472905751588461
27570000 -0.429048967093403
27571000 -0.492790106647333
27572000 -0.546379637235895
27573000 -0.469009957942077
27574000 -0.555320541436734
27575000 -0.583512295965284
27576000 -0.48620950173519
27577000 -0.595006235356224
27578000 -0.427400540736533
27579000 -0.550364155756007
27580000 -0.538373136556895
27581000 -0.575979689961023
27582000 -0.514318776271033
27583000 -0.528119574424879
27584000 -0.521038728564728
27585000 -0.540069234501537
27586000 -0.553490391343432
27587000 -0.493194063263228
27588000 -0.510033409542566
27589000 -0.434710797935681
27590000 -0.510446293007922
27591000 -0.517995912265364
27592000 -0.585735233022143
27593000 -0.546715021023073
27594000 -0.575187972351832
27595000 -0.596260267406388
27596000 -0.514118971605503
27597000 -0.542171827147115
27598000 -0.576122138114636
27599000 -0.513885438110486
27600000 -0.576794156299286
27601000 -0.4671012785043
27602000 -0.570683930009594
27603000 -0.556003817498884
27604000 -0.524703687580345
27605000 -0.588030126944596
27606000 -0.52770871959402
27607000 -0.486487407673553
27608000 -0.532450165156123
27609000 -0.506690892092766
27610000 -0.526342145876397
27611000 -0.587096911342317
27612000 -0.569988408673501
27613000 -0.577477078560704
27614000 -0.513667739685156
27615000 -0.541328051784197
27616000 -0.581956524195863
27617000 -0.418444736985819
27618000 -0.528607543314705
27619000 -0.519375134109106
27620000 -0.610572651947075
27621000 -0.58460266783689
27622000 -0.492916749709143
27623000 -0.585441639078554
27624000 -0.543454411989845
27625000 -0.572228097360364
27626000 -0.514098113316691
27627000 -0.541448098486032
27628000 -0.557991241965478
27629000 -0.609869948978311
27630000 -0.561017530517377
27631000 -0.543143811898959
27632000 -0.53915424500821
27633000 -0.53204394287935
27634000 -0.552158320760547
27635000 -0.567731806027778
27636000 -0.502891052786961
27637000 -0.496865666882247
27638000 -0.488331131380095
27639000 -0.580507713601702
27640000 -0.599459642586365
27641000 -0.41722953122674
27642000 -0.547898842308291
27643000 -0.553800464910515
27644000 -0.530010956252374
27645000 -0.494492829475136
27646000 -0.453500338984837
27647000 -0.491591292697598
27648000 -0.530474060910703
27649000 -0.56089609003773
27650000 -0.508628064975328
27651000 -0.612378140993597
27652000 -0.624315650227906
27653000 -0.489252559957296
27654000 -0.557761844660837
27655000 -0.582187684656551
27656000 -0.503848301607034
27657000 -0.489106312016806
27658000 -0.504012186171847
27659000 -0.529137250405652
27660000 -0.481025346875166
27661000 -0.637316529756673
27662000 -0.523409231487438
27663000 -0.594528972232716
27664000 -0.56178369293799
27665000 -0.604624072962847
27666000 -0.531898769866363
27667000 -0.52809971020345
27668000 -0.505713481605583
27669000 -0.539169446616304
27670000 -0.554317119894738
27671000 -0.535799138334049
27672000 -0.586558069907061
27673000 -0.498523979694466
27674000 -0.487006222665299
27675000 -0.596586341144223
27676000 -0.536219711076432
27677000 -0.491501581115683
27678000 -0.562268696296202
27679000 -0.498472858478544
27680000 -0.510817377732287
27681000 -0.555318575499144
27682000 -0.576109994609331
27683000 -0.527251833894092
27684000 -0.559089175925417
27685000 -0.565538881974768
27686000 -0.532396721848807
27687000 -0.557995238057794
27688000 -0.49777200065659
27689000 -0.496404757735261
27690000 -0.524579619687616
27691000 -0.581194126935767
27692000 -0.526347371546429
27693000 -0.520804995914405
27694000 -0.563472133069368
27695000 -0.441982264096427
27696000 -0.502580031312386
27697000 -0.609333505645958
27698000 -0.53447320680127
27699000 -0.574214975001564
27700000 -0.433800603548982
27701000 -0.533029572815806
27702000 -0.510922188197758
27703000 -0.512977024630205
27704000 -0.584174508378088
27705000 -0.503759139950618
27706000 -0.609736762826723
27707000 -0.519904802933702
27708000 -0.518011646244548
27709000 -0.522541208291231
27710000 -0.595478552136036
27711000 -0.569854297579404
27712000 -0.570180424950959
27713000 -0.500646603829696
27714000 -0.500080197454738
27715000 -0.517227416748098
27716000 -0.575736288035176
27717000 -0.485510048312005
27718000 -0.546187107552275
27719000 -0.594813107266284
27720000 -0.565162856380064
27721000 -0.599993110101997
27722000 -0.526502980554875
27723000 -0.52470198659163
27724000 -0.512809696491642
27725000 -0.496045019673738
27726000 -0.598904114367605
27727000 -0.538821878449843
27728000 -0.611786141465929
27729000 -0.570060262727346
27730000 -0.585047271053017
27731000 -0.589235455784522
27732000 -0.550796291877493
27733000 -0.536935530457923
27734000 -0.476052345330739
27735000 -0.431709258300636
27736000 -0.531390230135464
27737000 -0.575586095811798
27738000 -0.498405412707955
27739000 -0.534717232455872
27740000 -0.533198959890164
27741000 -0.420655492458427
27742000 -0.490697357921692
27743000 -0.554625339991287
27744000 -0.533113011786724
27745000 -0.557871481013094
27746000 -0.534788243429284
27747000 -0.576778809704268
27748000 -0.479414655432167
27749000 -0.507656268377138
27750000 -0.560624131830711
27751000 -0.431436843484424
27752000 -0.565375024744288
27753000 -0.497422837837196
27754000 -0.55408591118627
27755000 -0.570092828519782
27756000 -0.488268812054297
27757000 -0.557261598592104
27758000 -0.504761016815563
27759000 -0.563470357229247
27760000 -0.580585797348553
27761000 -0.521039241269325
27762000 -0.587342150748197
27763000 -0.461958458215144
27764000 -0.615685858901861
27765000 -0.600180567491789
27766000 -0.452089252220733
27767000 -0.59538631586677
27768000 -0.485973490978122
27769000 -0.553580741015107
27770000 -0.474539693736144
27771000 -0.468959985512967
27772000 -0.545640113917674
27773000 -0.460543967924191
27774000 -0.543716575840986
27775000 -0.571013322557151
27776000 -0.571921405050129
27777000 -0.528380725506062
27778000 -0.485014120321778
27779000 -0.480639480315303
27780000 -0.472423740765554
27781000 -0.545197448626024
27782000 -0.50420893561768
27783000 -0.521794045989111
27784000 -0.461046206864536
27785000 -0.529493285632402
27786000 -0.523443693207362
27787000 -0.495306873651223
27788000 -0.525947064069929
27789000 -0.446768315598418
27790000 -0.499255159803694
27791000 -0.456681030698509
27792000 -0.527964778098848
27793000 -0.512559707656639
27794000 -0.483523135752832
27795000 -0.513910635269244
27796000 -0.510126773390136
27797000 -0.443623841256014
27798000 -0.477713998875393
27799000 -0.483866554730643
27800000 -0.517477553513399
27801000 -0.56712291702823
27802000 -0.426452930399255
27803000 -0.533347246559742
27804000 -0.525178736174069
27805000 -0.565014296760779
27806000 -0.436241470882436
27807000 -0.559288705383589
27808000 -0.5394859902545
27809000 -0.535801102278062
27810000 -0.498497917931999
27811000 -0.446755279757849
27812000 -0.55411966642243
27813000 -0.569965094674937
27814000 -0.463597835275232
27815000 -0.4361316090041
27816000 -0.516739769108422
27817000 -0.573171159204378
27818000 -0.508375215604947
27819000 -0.450329742966463
27820000 -0.565408684758388
27821000 -0.439444920878717
27822000 -0.57734491076155
27823000 -0.53088843384765
27824000 -0.485006922800591
27825000 -0.452991990999641
27826000 -0.426690056628206
27827000 -0.486568364584373
27828000 -0.446983701242066
27829000 -0.535501027589839
27830000 -0.571065142290442
27831000 -0.563911275439118
27832000 -0.502009700892349
27833000 -0.520567135294336
27834000 -0.515228913797455
27835000 -0.503767032313734
27836000 -0.465395681601316
27837000 -0.506278732879659
27838000 -0.465278486979854
27839000 -0.523939296922057
27840000 -0.552082612098168
27841000 -0.560084481783751
27842000 -0.539027868716313
27843000 -0.539335440317906
27844000 -0.541172745370028
27845000 -0.585150025548666
27846000 -0.455315106106897
27847000 -0.548340600774614
27848000 -0.567200800761893
27849000 -0.508751931738748
27850000 -0.544953820234442
27851000 -0.506611715433495
27852000 -0.490166331212716
27853000 -0.5822424878129
27854000 -0.559791026865028
27855000 -0.592936815751395
27856000 -0.561202202969394
27857000 -0.535865856490591
27858000 -0.537361309951862
27859000 -0.430924941395061
27860000 -0.622114454188697
27861000 -0.615412046843207
27862000 -0.526979187099555
27863000 -0.655698647902692
27864000 -0.572912563451139
27865000 -0.590893907917196
27866000 -0.498327150168471
27867000 -0.617996963749295
27868000 -0.541043390893633
27869000 -0.556447537837599
27870000 -0.58272429560255
27871000 -0.477975452168214
27872000 -0.506800171030466
27873000 -0.562850292747499
27874000 -0.603555159443396
27875000 -0.505560318822292
27876000 -0.516452425878567
27877000 -0.497327339294722
27878000 -0.533369069300004
27879000 -0.535527685738732
27880000 -0.487692846980659
27881000 -0.550031052707194
27882000 -0.551304239789963
27883000 -0.537991927098214
27884000 -0.477336080436035
27885000 -0.551142656255037
27886000 -0.524251088755572
27887000 -0.465479098801024
27888000 -0.602688831739764
27889000 -0.532730594860774
27890000 -0.508442055873075
27891000 -0.552390752565642
27892000 -0.561987158657145
27893000 -0.595516533732093
27894000 -0.556529996632681
27895000 -0.485601509368107
27896000 -0.567781551061374
27897000 -0.496027976132201
27898000 -0.556264662049462
27899000 -0.417660460560037
27900000 -0.477487202841928
27901000 -0.55829097064448
27902000 -0.504104431099178
27903000 -0.590044531800943
27904000 -0.489324492281744
27905000 -0.541149588197678
27906000 -0.610048820861333
27907000 -0.517252983254927
27908000 -0.530660615279528
27909000 -0.457135929527183
27910000 -0.572892542520309
27911000 -0.568283875452301
27912000 -0.49660660750096
27913000 -0.488578861888982
27914000 -0.53701965752563
27915000 -0.595445426093252
27916000 -0.51248476576026
27917000 -0.50665272322372
27918000 -0.5248827128168
27919000 -0.538968976114897
27920000 -0.611046400791616
27921000 -0.524710417079842
27922000 -0.593357765533222
27923000 -0.519634228891998
27924000 -0.506861485836642
27925000 -0.470363525748495
27926000 -0.491660220246451
27927000 -0.589652012895606
27928000 -0.571983042866803
27929000 -0.513432202785632
27930000 -0.527962833229824
27931000 -0.531663984839639
27932000 -0.469577925389126
27933000 -0.587932109194625
27934000 -0.504882845540592
27935000 -0.539931889364592
27936000 -0.561343893081418
27937000 -0.521699882346818
27938000 -0.648580350011405
27939000 -0.606630877231421
27940000 -0.58070251183641
27941000 -0.50707390337628
27942000 -0.62631279986063
27943000 -0.457063826824409
27944000 -0.532033795940834
27945000 -0.538306886129078
27946000 -0.555219378633746
27947000 -0.571646536339379
27948000 -0.515093732888672
27949000 -0.493587459345631
27950000 -0.551190643749756
27951000 -0.554635615086868
27952000 -0.4389197237961
27953000 -0.583627752377865
27954000 -0.392474831826386
27955000 -0.5792882856997
27956000 -0.521152567174459
27957000 -0.529297207902278
27958000 -0.539564030652763
27959000 -0.520318304871121
27960000 -0.543123254661794
27961000 -0.516110296040004
27962000 -0.498987187254097
27963000 -0.574408953489742
27964000 -0.552426210787844
27965000 -0.528387037898191
27966000 -0.588441225572258
27967000 -0.491961091020543
27968000 -0.523949580112243
27969000 -0.525333467950557
27970000 -0.471723641783486
27971000 -0.528326799875702
27972000 -0.474516288373883
27973000 -0.509568265489287
27974000 -0.498096915838369
27975000 -0.582072576734248
27976000 -0.50626567754437
27977000 -0.482845875962076
27978000 -0.509806538864723
27979000 -0.468870422502249
27980000 -0.474047467537395
27981000 -0.518656669961527
27982000 -0.577282439947707
27983000 -0.541074150759702
27984000 -0.554362868262825
27985000 -0.484068306199467
27986000 -0.494020309301879
27987000 -0.524574357147913
27988000 -0.503430991315581
27989000 -0.607360408387005
27990000 -0.583643779846442
27991000 -0.594698625343737
27992000 -0.558175483587705
27993000 -0.503713495265505
27994000 -0.597661971242472
27995000 -0.534365391015523
27996000 -0.472004652774701
27997000 -0.543564757414723
27998000 -0.484977167442131
27999000 -0.470381600039115
28000000 -0.505008716030589
28001000 -0.437001105783318
28002000 -0.564755275314923
28003000 -0.517442018215237
28004000 -0.4996913909719
28005000 -0.493759956038035
28006000 -0.466406600346252
28007000 -0.468739516588397
28008000 -0.515868773170565
28009000 -0.528246957974675
28010000 -0.497739385741404
28011000 -0.38987399384278
28012000 -0.464686670975832
28013000 -0.44466122307182
28014000 -0.511311122630417
28015000 -0.477278526791007
28016000 -0.548169341708091
28017000 -0.527921807677116
28018000 -0.546152435308706
28019000 -0.439849606687537
28020000 -0.503393240546002
28021000 -0.44687109659788
28022000 -0.494148286515703
28023000 -0.453791086395871
28024000 -0.498342796402638
28025000 -0.467192721592795
28026000 -0.463587548839138
28027000 -0.515091392944517
28028000 -0.500651063537868
28029000 -0.523301127103109
28030000 -0.50301635434121
28031000 -0.463456956256459
28032000 -0.502150138847425
28033000 -0.451866120022874
28034000 -0.512869879335924
28035000 -0.488277104519177
28036000 -0.505470612450806
28037000 -0.556344276972749
28038000 -0.478294319306625
28039000 -0.430761709112832
28040000 -0.529980930631611
28041000 -0.438731502286337
28042000 -0.449878105342642
28043000 -0.488139739845257
28044000 -0.516878411005633
28045000 -0.568285500479878
28046000 -0.460897436790181
28047000 -0.432262570109235
28048000 -0.501215637343035
28049000 -0.483658243269269
28050000 -0.450937883949168
28051000 -0.473041928186808
28052000 -0.49385415052145
28053000 -0.514930071878321
28054000 -0.476314787211451
28055000 -0.508987120880312
28056000 -0.477194205854198
28057000 -0.543429033117398
28058000 -0.487949206305514
28059000 -0.470647466228461
28060000 -0.463373638726572
28061000 -0.484705182510733
28062000 -0.500557149104789
28063000 -0.434003357739914
28064000 -0.527221948788021
28065000 -0.466032344222241
28066000 -0.491763233935076
28067000 -0.432799541012966
28068000 -0.40835913318408
28069000 -0.431479313291925
28070000 -0.426026966467356
28071000 -0.459126662494536
28072000 -0.504136674708109
28073000 -0.497283554210001
28074000 -0.461799431194923
28075000 -0.385439182317162
28076000 -0.432561434565637
28077000 -0.424233457789464
28078000 -0.524166826658561
28079000 -0.437959596316929
28080000 -0.422684866898805
28081000 -0.476897733020449
28082000 -0.452259032278902
28083000 -0.388402858809734
28084000 -0.479748008476106
28085000 -0.376611045719659
28086000 -0.461331270404607
28087000 -0.444035296624587
28088000 -0.502329861863282
28089000 -0.448108939986761
28090000 -0.394838236102857
28091000 -0.443855685719562
28092000 -0.419178829373317
28093000 -0.483554866441486
28094000 -0.44604584539724
28095000 -0.487626000711786
28096000 -0.505293617220104
28097000 -0.389931489008958
28098000 -0.494834742935001
28099000 -0.477678038726707
28100000 -0.522398507884246
28101000 -0.523389307403577
28102000 -0.445888637513487
28103000 -0.461667513900997
28104000 -0.49836267303325
28105000 -0.490788823281612
28106000 -0.470191864662712
28107000 -0.428697472103999
28108000 -0.53217451799674
28109000 -0.373585317273635
28110000 -0.49706811294392
28111000 -0.400988162595164
28112000 -0.417582994800447
28113000 -0.383046380203799
28114000 -0.408760449467427
28115000 -0.50039701050618
28116000 -0.424637316993706
28117000 -0.499111767346323
28118000 -0.466029048142009
28119000 -0.458912808094724
28120000 -0.368500902977537
28121000 -0.475838384341299
28122000 -0.401066699971733
28123000 -0.443271433776543
28124000 -0.428898330616508
28125000 -0.43527729180436
28126000 -0.435719554678275
28127000 -0.457597236941295
28128000 -0.468917620273134
28129000 -0.345202026420793
28130000 -0.512176649451055
28131000 -0.488941968333729
28132000 -0.433656920662006
28133000 -0.420882856507918
28134000 -0.489140510144689
28135000 -0.483211556385025
28136000 -0.481508216244302
28137000 -0.437536101591818
28138000 -0.385296984254191
28139000 -0.401617782691858
28140000 -0.476136282335077
28141000 -0.419676496256231
28142000 -0.377136591550778
28143000 -0.468050735463952
28144000 -0.381773442762951
28145000 -0.433984469540519
28146000 -0.452771175457761
28147000 -0.428074230298564
28148000 -0.424524666471163
28149000 -0.40359877267584
28150000 -0.40939955185135
28151000 -0.419974146807386
28152000 -0.38285581262184
28153000 -0.537022761713419
28154000 -0.459256671860509
28155000 -0.490229266522889
28156000 -0.424905244098071
28157000 -0.447079666767126
28158000 -0.392168779859258
28159000 -0.379790712989509
28160000 -0.472602272174275
28161000 -0.471313138586577
28162000 -0.372450064372063
28163000 -0.555367836179334
28164000 -0.374102222649224
28165000 -0.448411319648233
28166000 -0.430646827470526
28167000 -0.415089566507804
28168000 -0.396372915991892
28169000 -0.497160703358681
28170000 -0.466169231707608
28171000 -0.376945445097961
28172000 -0.458870991010862
28173000 -0.388388365479038
28174000 -0.455933644078758
28175000 -0.45811603052991
28176000 -0.40712546042024
28177000 -0.444056686984207
28178000 -0.377849096887544
28179000 -0.399909869051321
28180000 -0.458912500816964
28181000 -0.454364759289432
28182000 -0.376852737480999
28183000 -0.469188268410635
28184000 -0.400694338449143
28185000 -0.39880645921843
28186000 -0.438911601344143
28187000 -0.430689489815856
28188000 -0.419629966612055
28189000 -0.390453182195833
28190000 -0.444237701909463
28191000 -0.359363553648094
28192000 -0.442943704374913
28193000 -0.420247831003451
28194000 -0.359481541753852
28195000 -0.39836554862374
28196000 -0.348126374173004
28197000 -0.370369076509469
28198000 -0.447379477863286
28199000 -0.413741195877969
28200000 -0.42973505468698
28201000 -0.372659979300086
28202000 -0.387101067784835
28203000 -0.461459926842695
28204000 -0.425050983008416
28205000 -0.42961464848946
28206000 -0.385075030866996
28207000 -0.431120876124955
28208000 -0.46464132037251
28209000 -0.430728236074719
28210000 -0.471951074886815
28211000 -0.321117443126898
28212000 -0.393365246273478
28213000 -0.398423994178075
28214000 -0.37209935709893
28215000 -0.420088190027026
28216000 -0.228545979048645
28217000 -0.481862861517726
28218000 -0.484373875429897
28219000 -0.420918236594921
28220000 -0.438648697263574
28221000 -0.407017285129613
28222000 -0.37987456458904
28223000 -0.380457427446589
28224000 -0.436068947048231
28225000 -0.398620171867828
28226000 -0.32110963469768
28227000 -0.402147464065467
28228000 -0.443251869228219
28229000 -0.437890009231276
28230000 -0.392661105613979
28231000 -0.416218120521029
28232000 -0.477884808706823
28233000 -0.450786637509213
28234000 -0.425983937014017
28235000 -0.451818929748095
28236000 -0.451800369978659
28237000 -0.434733925736228
28238000 -0.367673025308677
28239000 -0.385351336451677
28240000 -0.396903507231586
28241000 -0.444116262277995
28242000 -0.386293133508369
28243000 -0.390821206743437
28244000 -0.417960103508071
28245000 -0.403675181736115
28246000 -0.512826157197378
28247000 -0.378488242654236
28248000 -0.463950503096283
28249000 -0.483760649205127
28250000 -0.376619173882016
28251000 -0.469980350773331
28252000 -0.369680499138327
28253000 -0.44272628242688
28254000 -0.410405934967832
28255000 -0.444303802405258
28256000 -0.447940542545427
28257000 -0.439986825652901
28258000 -0.472878200118261
28259000 -0.429565595400229
28260000 -0.422802178969459
28261000 -0.479430228635194
28262000 -0.437208103622234
28263000 -0.464574196903537
28264000 -0.446806103127479
28265000 -0.496568648478509
28266000 -0.377989327001639
28267000 -0.404558158716548
28268000 -0.426175951657355
28269000 -0.492581762439766
28270000 -0.443142276153828
28271000 -0.412755762826163
28272000 -0.390753477568833
28273000 -0.413844088988594
28274000 -0.324830143698508
28275000 -0.426226724967717
28276000 -0.399808942623162
28277000 -0.36882982264677
28278000 -0.402857194634035
28279000 -0.42362310943986
28280000 -0.481786372528882
28281000 -0.364432183771298
28282000 -0.45587300909961
28283000 -0.358594057999866
28284000 -0.419756845101475
28285000 -0.416218685041181
28286000 -0.431874549553633
28287000 -0.442668217810875
28288000 -0.396904681085795
28289000 -0.476773902563209
28290000 -0.40217497901043
28291000 -0.432065583335762
28292000 -0.40905716127741
28293000 -0.329203857524726
28294000 -0.348264131654858
28295000 -0.434593360558484
28296000 -0.500892903134698
28297000 -0.414575101815978
28298000 -0.355790995879066
28299000 -0.403838071659733
28300000 -0.485060483969613
28301000 -0.422779356473668
28302000 -0.45080141603575
28303000 -0.396164676435289
28304000 -0.432435400273612
28305000 -0.382741830639628
28306000 -0.355382275240234
28307000 -0.415821493031836
28308000 -0.444908710044048
28309000 -0.425764788568676
28310000 -0.403876078643735
28311000 -0.47762884805545
28312000 -0.391520021874526
28313000 -0.509038949962511
28314000 -0.410679504899703
28315000 -0.421929420858251
28316000 -0.424553915076987
28317000 -0.364091618252916
28318000 -0.452576661895707
28319000 -0.405430936954053
28320000 -0.38980264586404
28321000 -0.502755126166532
28322000 -0.4076979522733
28323000 -0.461694546319719
28324000 -0.470525972318677
28325000 -0.413352519209291
28326000 -0.494671033525362
28327000 -0.445316011380193
28328000 -0.336183802247245
28329000 -0.464704645074459
28330000 -0.391329958982652
28331000 -0.437156529290008
28332000 -0.382218492669572
28333000 -0.399213828046677
28334000 -0.3895266840738
28335000 -0.33646859207681
28336000 -0.374251705913831
28337000 -0.402115670995483
28338000 -0.395364426929619
28339000 -0.36319809768133
28340000 -0.38367996627909
28341000 -0.463099817103983
28342000 -0.340362897748499
28343000 -0.344375980771809
28344000 -0.42350343604979
28345000 -0.403280728096869
28346000 -0.379327742474552
28347000 -0.396289332053375
28348000 -0.462709595082276
28349000 -0.491222015728758
28350000 -0.455425196827965
28351000 -0.45738611654358
28352000 -0.451367839711534
28353000 -0.481946543212324
28354000 -0.414301963639509
28355000 -0.403425109832502
28356000 -0.464997382157757
28357000 -0.441443649489259
28358000 -0.42151271100893
28359000 -0.382264814224748
28360000 -0.427484816087963
28361000 -0.405921913873137
28362000 -0.418989549123573
28363000 -0.464038950087915
28364000 -0.517071337062242
28365000 -0.447737084822559
28366000 -0.477382133402571
28367000 -0.386358120552647
28368000 -0.463574613807031
28369000 -0.429645520102367
28370000 -0.451413698811871
28371000 -0.467431999125234
28372000 -0.406369052703137
28373000 -0.438723609959627
28374000 -0.422529626234327
28375000 -0.446771717934372
28376000 -0.475515634064484
28377000 -0.510748453360479
28378000 -0.479570276638974
28379000 -0.406344208735795
28380000 -0.445065727303773
28381000 -0.417255846378038
28382000 -0.388395372228517
28383000 -0.40047162631712
28384000 -0.420279530870665
28385000 -0.405823377809092
28386000 -0.464065266396566
28387000 -0.409277152791704
28388000 -0.476014926404601
28389000 -0.422332944095402
28390000 -0.458051561303901
28391000 -0.462639305484427
28392000 -0.439168106761792
28393000 -0.401071020046059
28394000 -0.487716815719651
28395000 -0.472371994009934
28396000 -0.539586688077011
28397000 -0.407594967880591
28398000 -0.422164996008914
28399000 -0.428931704240596
28400000 -0.446837532582606
28401000 -0.445514406027213
28402000 -0.420389980148143
28403000 -0.383526169172253
28404000 -0.38112612417575
28405000 -0.425590151346684
28406000 -0.48432299289058
28407000 -0.419019510595028
28408000 -0.48545207108865
28409000 -0.438428289485261
28410000 -0.506575634630259
28411000 -0.396991695017073
28412000 -0.431044983234
28413000 -0.446799655917221
28414000 -0.355658983062617
28415000 -0.493149524588901
28416000 -0.4016879676009
28417000 -0.425275246767898
28418000 -0.411537661485566
28419000 -0.353665085034865
28420000 -0.440170400989083
28421000 -0.444712100871557
28422000 -0.424264290636793
28423000 -0.534458933452054
28424000 -0.462148084795304
28425000 -0.420802097922652
28426000 -0.418816551452197
28427000 -0.409015262738607
28428000 -0.427316473944762
28429000 -0.447349060279604
28430000 -0.506176588451677
28431000 -0.423069775799254
28432000 -0.403456987047515
28433000 -0.385937417755502
28434000 -0.450647242105854
28435000 -0.497281551947551
28436000 -0.4391193588543
28437000 -0.433936876688241
28438000 -0.436770741218685
28439000 -0.453842412237799
28440000 -0.338557097227433
28441000 -0.450268796944742
28442000 -0.415742776126914
28443000 -0.441872169681342
28444000 -0.452043515915246
28445000 -0.369831200982912
28446000 -0.444283914314146
28447000 -0.454740923558482
28448000 -0.422247318135793
28449000 -0.469268691810737
28450000 -0.481773916314921
28451000 -0.416500992331438
28452000 -0.439793586997377
28453000 -0.408686763839262
28454000 -0.327867098264341
28455000 -0.512831426162836
28456000 -0.484312854269563
28457000 -0.499816048779408
28458000 -0.477838448081979
28459000 -0.385544585461795
28460000 -0.382040834260868
28461000 -0.438311505619747
28462000 -0.424871277489151
28463000 -0.410110212098242
28464000 -0.439444849191523
28465000 -0.477005090569102
28466000 -0.518949475554926
28467000 -0.470332630069317
28468000 -0.52894783636979
28469000 -0.436286928265379
28470000 -0.431976412050983
28471000 -0.46081017195163
28472000 -0.48184140825175
28473000 -0.489210578256482
28474000 -0.497873178888695
28475000 -0.363556842904348
28476000 -0.431985951032463
28477000 -0.499039829000994
28478000 -0.487811423002948
28479000 -0.408060495748251
28480000 -0.425639442634794
28481000 -0.449836194369813
28482000 -0.46723953803026
28483000 -0.436613687915592
28484000 -0.423366141704153
28485000 -0.428349955348186
28486000 -0.404259765847119
28487000 -0.419703149181184
28488000 -0.4492368195778
28489000 -0.384192118947052
28490000 -0.498390500195424
28491000 -0.409634525125325
28492000 -0.42951411199858
28493000 -0.369447232058647
28494000 -0.416569663646237
28495000 -0.417272488892472
28496000 -0.396800760839692
28497000 -0.404277071829344
28498000 -0.45656116229012
28499000 -0.394882414445821
28500000 -0.478108675185131
28501000 -0.396649233708733
28502000 -0.512647991911908
28503000 -0.424661172570763
28504000 -0.415341291289963
28505000 -0.461516931691262
28506000 -0.425611657319987
28507000 -0.354635061529565
28508000 -0.447070466184805
28509000 -0.478537149002753
28510000 -0.450082336068461
28511000 -0.416632742213583
28512000 -0.483166747602458
28513000 -0.40944539496464
28514000 -0.453027395055602
28515000 -0.465357601228545
28516000 -0.450693971390099
28517000 -0.401251648390098
28518000 -0.405299072249937
28519000 -0.42877282530125
28520000 -0.427415916139662
28521000 -0.465947537671328
28522000 -0.515622111072649
28523000 -0.468989807869567
28524000 -0.46463230296049
28525000 -0.459067832849364
28526000 -0.495761531135021
28527000 -0.446994188717646
28528000 -0.371099118949661
28529000 -0.475743722991292
28530000 -0.439921547931472
28531000 -0.412146323256736
28532000 -0.420320327594185
28533000 -0.455688691744175
28534000 -0.473387874374601
28535000 -0.427722422724648
28536000 -0.45908003011903
28537000 -0.435696367369036
28538000 -0.478842041444531
28539000 -0.487445830485797
28540000 -0.455427538159752
28541000 -0.423224432940545
28542000 -0.433239879228609
28543000 -0.432627029748639
28544000 -0.527974992137141
28545000 -0.398814587921105
28546000 -0.451998239342989
28547000 -0.465706831318191
28548000 -0.426547859084682
28549000 -0.436679828509672
28550000 -0.392279024598047
28551000 -0.548397062075887
28552000 -0.457250091827691
28553000 -0.389385625345256
28554000 -0.468223126674932
28555000 -0.455332895518015
28556000 -0.405507568209929
28557000 -0.38533018241004
28558000 -0.499059163987031
28559000 -0.408643465447868
28560000 -0.413899735661418
28561000 -0.402732982913234
28562000 -0.451823932922949
28563000 -0.406748590773769
28564000 -0.433653636869185
28565000 -0.482027897996614
28566000 -0.49426154763051
28567000 -0.33498503778852
28568000 -0.420862837506757
28569000 -0.432359947912072
28570000 -0.4501167010394
28571000 -0.457301533509992
28572000 -0.398683461461198
28573000 -0.476904916068689
28574000 -0.455352477129887
28575000 -0.427280265218039
28576000 -0.494670309269072
28577000 -0.407639030077207
28578000 -0.447139054097834
28579000 -0.400950440373076
28580000 -0.505564701704005
28581000 -0.441650163334907
28582000 -0.428186216418178
28583000 -0.466687971381536
28584000 -0.447350393319724
28585000 -0.378766913100697
28586000 -0.485672887441775
28587000 -0.369495335161326
28588000 -0.430018360977692
28589000 -0.420074273036686
28590000 -0.492655044005103
28591000 -0.420166338947179
28592000 -0.485499285424014
28593000 -0.401032537111605
28594000 -0.459081078885276
28595000 -0.412121085084383
28596000 -0.429355177693455
28597000 -0.50962031435429
28598000 -0.368696702862341
28599000 -0.452833953817929
28600000 -0.483024160972536
28601000 -0.418739628034702
28602000 -0.483835896486047
28603000 -0.424253061415946
28604000 -0.458384621790567
28605000 -0.43085964013941
28606000 -0.524164980532072
28607000 -0.490510757278703
28608000 -0.478944638805142
28609000 -0.564460688515601
28610000 -0.500727115499524
28611000 -0.508811607692913
28612000 -0.467265690491536
28613000 -0.437029538828327
28614000 -0.501167993540941
28615000 -0.380430693357402
28616000 -0.40333925405811
28617000 -0.393795257028312
28618000 -0.40059372211795
28619000 -0.338675599146522
28620000 -0.434778610529507
28621000 -0.450995278852249
28622000 -0.415645565064786
28623000 -0.480551974099208
28624000 -0.419965827364629
28625000 -0.410710435121739
28626000 -0.519941015645499
28627000 -0.42497820106966
28628000 -0.526431796911861
28629000 -0.497416378592443
28630000 -0.427258905039148
28631000 -0.414485172506535
28632000 -0.424082588936009
28633000 -0.514636516902284
28634000 -0.498850012150086
28635000 -0.429075614149078
28636000 -0.471328601336614
28637000 -0.341920687573917
28638000 -0.490967286815142
28639000 -0.541917981699188
28640000 -0.517305702499561
28641000 -0.461742968439746
28642000 -0.383115036273999
28643000 -0.464602651377832
28644000 -0.410656099736556
28645000 -0.491625808591885
28646000 -0.39519469614805
28647000 -0.423629613055578
28648000 -0.416453887828599
28649000 -0.488040131642624
28650000 -0.466152362925967
28651000 -0.455062416813709
28652000 -0.490870705586354
28653000 -0.441282900344565
28654000 -0.465702660395532
28655000 -0.453104297842263
28656000 -0.44880605584801
28657000 -0.445405667188002
28658000 -0.435972382718551
28659000 -0.465044727347185
28660000 -0.535546396935065
28661000 -0.391716771035473
28662000 -0.50410115663351
28663000 -0.507181243594665
28664000 -0.450313821835935
28665000 -0.439422669857282
28666000 -0.465943339029768
28667000 -0.464568618512403
28668000 -0.496752914116925
28669000 -0.533259058151845
28670000 -0.391690856057809
28671000 -0.432517773985359
28672000 -0.474588475797797
28673000 -0.381131934256184
28674000 -0.485102596819656
28675000 -0.440410062363798
28676000 -0.423172176935219
28677000 -0.460044691675245
28678000 -0.453738868544546
28679000 -0.486520063991697
28680000 -0.423461591351283
28681000 -0.471169434968678
28682000 -0.474759956095955
28683000 -0.46978171049773
28684000 -0.531939117654247
28685000 -0.438153139224014
28686000 -0.571372838568945
28687000 -0.478461810822075
28688000 -0.48656174118301
28689000 -0.409643356397906
28690000 -0.577853514477602
28691000 -0.503432652418018
28692000 -0.472211315882057
28693000 -0.526614051523701
28694000 -0.485495085334608
28695000 -0.496794101680433
28696000 -0.460765007523901
28697000 -0.428964392580703
28698000 -0.450399629323345
28699000 -0.419145292025952
28700000 -0.502203855496621
28701000 -0.49331591445336
28702000 -0.465694781070982
28703000 -0.543158338312484
28704000 -0.484885967994062
28705000 -0.516078079825917
28706000 -0.448814377756606
28707000 -0.447739642277113
28708000 -0.469866135976607
28709000 -0.467548002896198
28710000 -0.493467348609856
28711000 -0.446188169163215
28712000 -0.498079643167394
28713000 -0.500731398210527
28714000 -0.484741185419026
28715000 -0.496205354255607
28716000 -0.4098357254199
28717000 -0.477875782705259
28718000 -0.498855312563224
28719000 -0.450080999013826
28720000 -0.474323879959742
28721000 -0.57285611055763
28722000 -0.495200180659072
28723000 -0.496749312498892
28724000 -0.491072042692287
28725000 -0.545528795985662
28726000 -0.491398576642801
28727000 -0.526378162341428
28728000 -0.511090742401206
28729000 -0.47781126514131
28730000 -0.40343648058072
28731000 -0.561049553665645
28732000 -0.429986483563224
28733000 -0.504750296481059
28734000 -0.452435822169755
28735000 -0.481307512483334
28736000 -0.424855458838152
28737000 -0.429019745567883
28738000 -0.408743814397913
28739000 -0.407652302380058
28740000 -0.449517742257435
28741000 -0.377624683219683
28742000 -0.411527077711755
28743000 -0.478818898693559
28744000 -0.396166527051687
28745000 -0.4849611207661
28746000 -0.443756237981734
28747000 -0.412710485958004
28748000 -0.483972277241641
28749000 -0.45006642921784
28750000 -0.54179326574074
28751000 -0.430440437041449
28752000 -0.45297636091453
28753000 -0.439331159107998
28754000 -0.438486455693629
28755000 -0.456090774374914
28756000 -0.413421905378191
28757000 -0.437275846900549
28758000 -0.473894048372992
28759000 -0.521576408063485
28760000 -0.571378508745609
28761000 -0.449329654586641
28762000 -0.495838162888758
28763000 -0.421806537308346
28764000 -0.486944698410038
28765000 -0.552667545676946
28766000 -0.547529367351162
28767000 -0.490701595577402
28768000 -0.427858781137076
28769000 -0.46172909567137
28770000 -0.506524913702632
28771000 -0.536774661419511
28772000 -0.422143807562039
28773000 -0.553528414264832
28774000 -0.556380778593039
28775000 -0.556687937447734
28776000 -0.518243746182725
28777000 -0.435678905270604
28778000 -0.481318766422997
28779000 -0.477088206494404
28780000 -0.553673815946469
28781000 -0.488190629386804
28782000 -0.465470150855941
28783000 -0.407038993831069
28784000 -0.422126724366104
28785000 -0.390731558151827
28786000 -0.4332131709856
28787000 -0.474137217434876
28788000 -0.48877380734422
28789000 -0.53306112680243
28790000 -0.487201338057364
28791000 -0.55583301622414
28792000 -0.491285141467576
28793000 -0.453806080131238
28794000 -0.530454786891888
28795000 -0.491831189918982
28796000 -0.434433944274614
28797000 -0.468201280924414
28798000 -0.426150806035397
28799000 -0.531825538481744
28800000 -0.449355791083283
28801000 -0.448745440943952
28802000 -0.481663826038265
28803000 -0.461581200303285
28804000 -0.503794359875007
28805000 -0.618066249239651
28806000 -0.480610364546158
28807000 -0.479858374437953
28808000 -0.500319415470544
28809000 -0.517734739663667
28810000 -0.520110235051654
28811000 -0.489067709456491
28812000 -0.507351519350546
28813000 -0.544389637002496
28814000 -0.550293851708921
28815000 -0.430922325444746
28816000 -0.494091619756607
28817000 -0.495203396884783
28818000 -0.496644092782388
28819000 -0.542242728689902
28820000 -0.493722073619309
28821000 -0.464060931490083
28822000 -0.450351043218275
28823000 -0.559699450175548
28824000 -0.476271757484254
28825000 -0.49153331174799
28826000 -0.517909694769364
28827000 -0.443289823146018
28828000 -0.503277482650861
28829000 -0.505430984434059
28830000 -0.531567380249846
28831000 -0.464062593547675
28832000 -0.481941812009645
28833000 -0.522743452552532
28834000 -0.526045566166719
28835000 -0.476724988458877
28836000 -0.486592229002699
28837000 -0.479882932141159
28838000 -0.459331008736614
28839000 -0.414524919821536
28840000 -0.502579695428842
28841000 -0.502218439224818
28842000 -0.486482472854661
28843000 -0.437985928329584
28844000 -0.401243914993823
28845000 -0.46385570878642
28846000 -0.469093762015345
28847000 -0.580985180048283
28848000 -0.503804881552748
28849000 -0.48505939216974
28850000 -0.478282253963884
28851000 -0.516929276604186
28852000 -0.535525674993113
28853000 -0.452513600693196
28854000 -0.512396718851417
28855000 -0.46121431837319
28856000 -0.419434983520476
28857000 -0.530053484584448
28858000 -0.407942891739092
28859000 -0.434102977316884
28860000 -0.575733764495787
28861000 -0.592677843758591
28862000 -0.494367299980569
28863000 -0.48638402084867
28864000 -0.564914080821777
28865000 -0.548073898121845
28866000 -0.470908268327435
28867000 -0.436033970232784
28868000 -0.605416388145208
28869000 -0.434889657694297
28870000 -0.503423599028022
28871000 -0.466854400354304
28872000 -0.392943496032661
28873000 -0.479784369629524
28874000 -0.506535760604742
28875000 -0.506391607272388
28876000 -0.488526457231448
28877000 -0.593788624255798
28878000 -0.570687826596547
28879000 -0.455325933557817
28880000 -0.506062848204811
28881000 -0.482916895991435
28882000 -0.535283349123319
28883000 -0.511112155735439
28884000 -0.426564740546343
28885000 -0.487431094530655
28886000 -0.519698266798501
28887000 -0.460683700366683
28888000 -0.525802907962198
28889000 -0.486631908595763
28890000 -0.464027382290962
28891000 -0.472056776389769
28892000 -0.546149161376251
28893000 -0.466945746920235
28894000 -0.492602891703217
28895000 -0.489994157887671
28896000 -0.551062411887929
28897000 -0.532008945820654
28898000 -0.419845597483332
28899000 -0.4826017596469
28900000 -0.482880901627485
28901000 -0.422781271575067
28902000 -0.532290880093427
28903000 -0.435130827326403
28904000 -0.413064879082243
28905000 -0.375698498045189
28906000 -0.449800833714416
28907000 -0.526090816615434
28908000 -0.508470672081366
28909000 -0.439480834303088
28910000 -0.501141483515575
28911000 -0.414318521542513
28912000 -0.405259566309953
28913000 -0.480290543780991
28914000 -0.459297742726225
28915000 -0.520099188001258
28916000 -0.46020430666918
28917000 -0.51303537901564
28918000 -0.509638356774531
28919000 -0.537930228950202
28920000 -0.481723740856579
28921000 -0.527157576089725
28922000 -0.526721900829851
28923000 -0.534199906896198
28924000 -0.480790658905573
28925000 -0.480598607897754
28926000 -0.476135059295731
28927000 -0.485578235648783
28928000 -0.555998552983346
28929000 -0.499637953848024
28930000 -0.454786666739804
28931000 -0.526621149461704
28932000 -0.558353181415213
28933000 -0.513811664793098
28934000 -0.440272135813121
28935000 -0.493932713510741
28936000 -0.445817663934014
28937000 -0.508680379813375
28938000 -0.416705052292324
28939000 -0.547396800711127
28940000 -0.477599932432711
28941000 -0.354369085829324
28942000 -0.441260670593785
28943000 -0.4922615699697
28944000 -0.435775379148534
28945000 -0.551639608184617
28946000 -0.451290810138367
28947000 -0.556386129106607
28948000 -0.431234137792732
28949000 -0.466423438717385
28950000 -0.447715627413582
28951000 -0.477226848329928
28952000 -0.560014174482784
28953000 -0.438950500673458
28954000 -0.510949379502428
28955000 -0.485388998669318
28956000 -0.477680643347078
28957000 -0.575474869334164
28958000 -0.395283811250658
28959000 -0.518758101643992
28960000 -0.635005640052486
28961000 -0.513128195886772
28962000 -0.544676804183056
28963000 -0.526579681871954
28964000 -0.500442340997128
28965000 -0.567572820683822
28966000 -0.45890707502114
28967000 -0.618539172580688
28968000 -0.489144675749559
28969000 -0.479854654999327
28970000 -0.494165980255802
28971000 -0.498424038374989
28972000 -0.601831364442866
28973000 -0.436275915904131
28974000 -0.516008768280372
28975000 -0.530220910959697
28976000 -0.561500534937092
28977000 -0.459615396381899
28978000 -0.457029874397966
28979000 -0.527193269494236
28980000 -0.507840143181825
28981000 -0.500985469758115
28982000 -0.503869171034241
28983000 -0.488758955873604
28984000 -0.529902481501387
28985000 -0.437370177302369
28986000 -0.584160119299033
28987000 -0.527271456568265
28988000 -0.521622761168237
28989000 -0.519296086319387
28990000 -0.508194365091939
28991000 -0.468657839156616
28992000 -0.489155296301144
28993000 -0.579879029713923
28994000 -0.581331893307068
28995000 -0.530112827586816
28996000 -0.46173591926729
28997000 -0.508264923810938
28998000 -0.483648979233573
28999000 -0.448591822297853
29000000 -0.484701278915032
29001000 -0.562200860969805
29002000 -0.489357594692612
29003000 -0.450962599140051
29004000 -0.436639207211716
29005000 -0.417569321069195
29006000 -0.53310872526714
29007000 -0.432580719527297
29008000 -0.554022478732554
29009000 -0.358679869611073
29010000 -0.382900076587844
29011000 -0.416124847471963
29012000 -0.445239169398728
29013000 -0.513457863769616
29014000 -0.45728904647663
29015000 -0.524900931495574
29016000 -0.467792430411905
29017000 -0.475576517451797
29018000 -0.533929749486874
29019000 -0.415196231413643
29020000 -0.544990551495749
29021000 -0.516125556837079
29022000 -0.551828630819593
29023000 -0.42679311937353
29024000 -0.447053629591415
29025000 -0.447202936132109
29026000 -0.466607883425717
29027000 -0.52621956711649
29028000 -0.496740302755545
29029000 -0.512877740207447
29030000 -0.487863011291866
29031000 -0.431689331002895
29032000 -0.493133033390758
29033000 -0.559448836088542
29034000 -0.546255432919067
29035000 -0.48574907835525
29036000 -0.476351525591177
29037000 -0.422845249885903
29038000 -0.50251049199155
29039000 -0.461319148196229
29040000 -0.534750788546775
29041000 -0.473371047685715
29042000 -0.453055086372331
29043000 -0.464268526511486
29044000 -0.472399902528479
29045000 -0.483845344505116
29046000 -0.426887000728783
29047000 -0.51573995037489
29048000 -0.49398188096035
29049000 -0.481813564442555
29050000 -0.448682731301044
29051000 -0.487551393901819
29052000 -0.434078269330559
29053000 -0.452534161606328
29054000 -0.487179787640649
29055000 -0.438120969664837
29056000 -0.522350877960528
29057000 -0.510904438854752
29058000 -0.549097795780831
29059000 -0.462985257937055
29060000 -0.468365779882085
29061000 -0.484890760656931
29062000 -0.500818347225118
29063000 -0.513330440648298
29064000 -0.418233221556225
29065000 -0.53262901084435
29066000 -0.463265520955577
29067000 -0.46860774934316
29068000 -0.482816964841096
29069000 -0.408553107150939
29070000 -0.51305947229832
29071000 -0.49763710217227
29072000 -0.502498125917006
29073000 -0.538373136030826
29074000 -0.50000295743588
29075000 -0.508132629215975
29076000 -0.46135195967522
29077000 -0.514253907959315
29078000 -0.548511363129794
29079000 -0.490755439951923
29080000 -0.438865765701535
29081000 -0.422091489903356
29082000 -0.453944597501586
29083000 -0.502738296723503
29084000 -0.453233601681885
29085000 -0.475167162535604
29086000 -0.491032660644662
29087000 -0.602754877364743
29088000 -0.522231241911185
29089000 -0.473219183784021
29090000 -0.52004540412868
29091000 -0.518343974745506
29092000 -0.541038683115338
29093000 -0.517790051070929
29094000 -0.485701790468071
29095000 -0.495707131780252
29096000 -0.479626628281561
29097000 -0.475468350542405
29098000 -0.581984773578312
29099000 -0.501234621913948
29100000 -0.453928014198737
29101000 -0.462220748188223
29102000 -0.419535480984891
29103000 -0.532947586764923
29104000 -0.441662096169027
29105000 -0.57879146925468
29106000 -0.449849972363823
29107000 -0.394480533882125
29108000 -0.521764709007219
29109000 -0.478939013664662
29110000 -0.481247627943499
29111000 -0.429303344967788
29112000 -0.404454690458721
29113000 -0.54574218872703
29114000 -0.453922557203039
29115000 -0.422262904947809
29116000 -0.496457150779907
29117000 -0.498131078473964
29118000 -0.441542386745522
29119000 -0.459689445015566
29120000 -0.520048181621473
29121000 -0.446355532355314
29122000 -0.420735408878745
29123000 -0.497050965516025
29124000 -0.468995020716437
29125000 -0.426099603865029
29126000 -0.539347209036881
29127000 -0.501430493797381
29128000 -0.633352443399398
29129000 -0.512718193615226
29130000 -0.516434114811859
29131000 -0.410266863278203
29132000 -0.447750311662327
29133000 -0.463919445365067
29134000 -0.49548791178755
29135000 -0.500294240807806
29136000 -0.443383936914073
29137000 -0.49981312251679
29138000 -0.563765196584015
29139000 -0.495851676194691
29140000 -0.488100633233397
29141000 -0.54510402949053
29142000 -0.521582447352154
29143000 -0.448307978626463
29144000 -0.43400373149108
29145000 -0.475478105604197
29146000 -0.455386221816964
29147000 -0.468567872435852
29148000 -0.458663759180354
29149000 -0.585159123780298
29150000 -0.566223323045082
29151000 -0.524968828577337
29152000 -0.431636958709657
29153000 -0.586637763894971
29154000 -0.470864287380679
29155000 -0.50757874285998
29156000 -0.490719668708451
29157000 -0.483192089890037
29158000 -0.507125153128578
29159000 -0.525464988258685
29160000 -0.541507047934106
29161000 -0.515873814579636
29162000 -0.455247453672204
29163000 -0.54965475190533
29164000 -0.429569650472643
29165000 -0.442794769703454
29166000 -0.469462628458565
29167000 -0.490430362907114
29168000 -0.480050398799908
29169000 -0.540782645057194
29170000 -0.475353417657515
29171000 -0.42542289742591
29172000 -0.494141354682342
29173000 -0.5205567147179
29174000 -0.475105194372159
29175000 -0.574250805684294
29176000 -0.454763068781106
29177000 -0.55165283463091
29178000 -0.51522389502375
29179000 -0.495555735537607
29180000 -0.475118226134517
29181000 -0.51239065694181
29182000 -0.530207635048329
29183000 -0.514211168618586
29184000 -0.504111923938385
29185000 -0.511238049831588
29186000 -0.529752589410179
29187000 -0.538237091336556
29188000 -0.518381829410749
29189000 -0.455009035485874
29190000 -0.452094164780146
29191000 -0.48572620720539
29192000 -0.460759791557682
29193000 -0.472619040492686
29194000 -0.515815871022535
29195000 -0.562102028540538
29196000 -0.56335586003077
29197000 -0.502058743159474
29198000 -0.5105196390789
29199000 -0.506207435510587
29200000 -0.503061109405009
29201000 -0.478640827000049
29202000 -0.457127752822969
29203000 -0.550076085814639
29204000 -0.485840521167168
29205000 -0.536016327062878
29206000 -0.501473643280038
29207000 -0.493365670889218
29208000 -0.583578240272157
29209000 -0.523655061678563
29210000 -0.493270702951386
29211000 -0.463917639375226
29212000 -0.483389538177373
29213000 -0.546595441864882
29214000 -0.521696636639415
29215000 -0.460783661915682
29216000 -0.390930712428247
29217000 -0.437842401577335
29218000 -0.512404686216418
29219000 -0.547872794822754
29220000 -0.55418389550499
29221000 -0.532713603747571
29222000 -0.444620354683354
29223000 -0.468427923444566
29224000 -0.427339001919996
29225000 -0.551770673776681
29226000 -0.501245317592488
29227000 -0.501344743680361
29228000 -0.513082004592022
29229000 -0.520315338256711
29230000 -0.496370791732798
29231000 -0.496462931726753
29232000 -0.485453678584532
29233000 -0.509055894620288
29234000 -0.496400710914006
29235000 -0.508602950597394
29236000 -0.499388226570254
29237000 -0.508907355381941
29238000 -0.591893685095954
29239000 -0.601730414843514
29240000 -0.514911991744855
29241000 -0.464524583393294
29242000 -0.529480331905466
29243000 -0.481513443292754
29244000 -0.471249781973893
29245000 -0.505096034507564
29246000 -0.530850028932707
29247000 -0.515377217058887
29248000 -0.492021870141075
29249000 -0.462698868607472
29250000 -0.542743402665411
29251000 -0.545533561232532
29252000 -0.490362140454234
29253000 -0.454594841512532
29254000 -0.521275947869032
29255000 -0.562311114990526
29256000 -0.605199673316647
29257000 -0.596105941035318
29258000 -0.631285010154977
29259000 -0.553590002463998
29260000 -0.532613120455412
29261000 -0.482159736914902
29262000 -0.508791569841192
29263000 -0.494064764519334
29264000 -0.574767134456792
29265000 -0.511395074645364
29266000 -0.479644257351478
29267000 -0.499804676035111
29268000 -0.563333134915638
29269000 -0.547417482988709
29270000 -0.493582794430321
29271000 -0.506186137790202
29272000 -0.573058634966237
29273000 -0.536045614830657
29274000 -0.574836198848655
29275000 -0.41164302540163
29276000 -0.511262242515942
29277000 -0.530903376451044
29278000 -0.557250062490935
29279000 -0.418776219492579
29280000 -0.44081045540803
29281000 -0.569668476698903
29282000 -0.5119448689005
29283000 -0.437442965038989
29284000 -0.435391649412365
29285000 -0.494578238952143
29286000 -0.571466968452288
29287000 -0.482596958299992
29288000 -0.561497405497628
29289000 -0.534646282283883
29290000 -0.566553437371222
29291000 -0.529330294493214
29292000 -0.556020866638255
29293000 -0.553523587631813
29294000 -0.470247267172745
29295000 -0.539873489020354
29296000 -0.564590406522234
29297000 -0.465060445704055
29298000 -0.546255685206005
29299000 -0.537679735441341
29300000 -0.549207041200013
29301000 -0.483248913379218
29302000 -0.527738055920767
29303000 -0.516265780687751
29304000 -0.495542236580621
29305000 -0.531017553900902
29306000 -0.591486198267612
29307000 -0.499550500805679
29308000 -0.463090052739079
29309000 -0.491987011767349
29310000 -0.600084800580333
29311000 -0.546644862339174
29312000 -0.579901307900638
29313000 -0.471477017883273
29314000 -0.532353323676765
29315000 -0.516279381070947
29316000 -0.481108439113873
29317000 -0.556556860737111
29318000 -0.538055317353078
29319000 -0.538228570345183
29320000 -0.486968181833067
29321000 -0.529574038014688
29322000 -0.525974578741522
29323000 -0.460436076609503
29324000 -0.571048637906691
29325000 -0.583275884224268
29326000 -0.47197519079988
29327000 -0.533992897808712
29328000 -0.579409225615744
29329000 -0.531508115235797
29330000 -0.516740804907368
29331000 -0.481878420543562
29332000 -0.537139725078307
29333000 -0.512497622275796
29334000 -0.477532740347238
29335000 -0.460146488719282
29336000 -0.555924285610154
29337000 -0.503669849590932
29338000 -0.489059110231792
29339000 -0.53373456480987
29340000 -0.509718119221365
29341000 -0.575973485608037
29342000 -0.577167945376625
29343000 -0.506011871163221
29344000 -0.484520917738109
29345000 -0.46769742768968
29346000 -0.59539469940439
29347000 -0.526295031459678
29348000 -0.506415577710096
29349000 -0.502303126197747
29350000 -0.500096206271192
29351000 -0.577669270249368
29352000 -0.553775993787375
29353000 -0.515225716378776
29354000 -0.479901048695504
29355000 -0.466521690957728
29356000 -0.520187991878856
29357000 -0.489077977122274
29358000 -0.545039841950937
29359000 -0.524026717035045
29360000 -0.566896927127352
29361000 -0.558818146065541
29362000 -0.531802781567636
29363000 -0.523773725862097
29364000 -0.528778040358671
29365000 -0.557592011371617
29366000 -0.56275368882775
29367000 -0.501045591169819
29368000 -0.49295216612522
29369000 -0.496406632553692
29370000 -0.522089960250941
29371000 -0.553477481278757
29372000 -0.528076327211518
29373000 -0.515097044738787
29374000 -0.462015401971681
29375000 -0.590027525445459
29376000 -0.593589784117008
29377000 -0.514416016473355
29378000 -0.525193548471425
29379000 -0.53466332735977
29380000 -0.553249768193842
29381000 -0.537853778126528
29382000 -0.504806606121608
29383000 -0.572674515197287
29384000 -0.532734434853562
29385000 -0.551708497751245
29386000 -0.430878524924972
29387000 -0.514370290385598
29388000 -0.489236528784301
29389000 -0.503032615206828
29390000 -0.614930061686493
29391000 -0.601901436481248
29392000 -0.496434589058791
29393000 -0.510629441730999
29394000 -0.501985710514845
29395000 -0.618804139724546
29396000 -0.477985228630088
29397000 -0.522321609268605
29398000 -0.544308071608611
29399000 -0.570102572437612
29400000 -0.526943322155119
29401000 -0.518654273279577
29402000 -0.521169619793317
29403000 -0.599317977942581
29404000 -0.528729121822167
29405000 -0.670374144351374
29406000 -0.491339666287699
29407000 -0.580646458775945
29408000 -0.467210082352792
29409000 -0.555916218037219
29410000 -0.525514350379013
29411000 -0.511712499763504
29412000 -0.578126635544436
29413000 -0.592503913573924
29414000 -0.51845145317396
29415000 -0.53568390293816
29416000 -0.511977646086469
29417000 -0.478840561309326
29418000 -0.584721691910832
29419000 -0.476541757413871
29420000 -0.493477999731432
29421000 -0.497880482233181
29422000 -0.561745864921399
29423000 -0.521511162428133
29424000 -0.546767829509301
29425000 -0.509449952048127
29426000 -0.500853393741894
29427000 -0.566139690115281
29428000 -0.50770964336501
29429000 -0.598427370954112
29430000 -0.463640038840433
29431000 -0.552634266592661
29432000 -0.615455037292724
29433000 -0.54088116038824
29434000 -0.576349513299059
29435000 -0.534921407734937
29436000 -0.495827252750811
29437000 -0.556331376163186
29438000 -0.451735479351367
29439000 -0.622946610210963
29440000 -0.464186033196521
29441000 -0.502876983937018
29442000 -0.508620463215883
29443000 -0.535524480261246
29444000 -0.538146856637046
29445000 -0.55957753800548
29446000 -0.509458703041853
29447000 -0.571621150224765
29448000 -0.530369879247411
29449000 -0.542747280618232
29450000 -0.515579914058221
29451000 -0.444490123609036
29452000 -0.578409488483854
29453000 -0.507493801010876
29454000 -0.443204551947871
29455000 -0.466168665586203
29456000 -0.453973549005387
29457000 -0.475082620728543
29458000 -0.47143816148077
29459000 -0.583229363712288
29460000 -0.481153702519044
29461000 -0.53160982162154
29462000 -0.59810795617244
29463000 -0.549682534035292
29464000 -0.564380753696722
29465000 -0.526333559310863
29466000 -0.59483774545826
29467000 -0.586854697876719
29468000 -0.439755953118455
29469000 -0.522110877313737
29470000 -0.578752234273378
29471000 -0.548408518540973
29472000 -0.525281064749214
29473000 -0.514247439888538
29474000 -0.573603452986284
29475000 -0.526952625784422
29476000 -0.46083661873549
29477000 -0.586183759774435
29478000 -0.54215663604714
29479000 -0.534813121389713
29480000 -0.540055243372505
29481000 -0.601908459430032
29482000 -0.600199429206025
29483000 -0.562084276787942
29484000 -0.515981922634077
29485000 -0.51312849063327
29486000 -0.53542802032526
29487000 -0.539160671437738
29488000 -0.560438296067797
29489000 -0.534440670333125
29490000 -0.479910073211885
29491000 -0.497911872757293
29492000 -0.458051405294661
29493000 -0.555307412906044
29494000 -0.602715187484257
29495000 -0.577159774259673
29496000 -0.471967468145695
29497000 -0.530794715920011
29498000 -0.474727044714834
29499000 -0.560642500042303
29500000 -0.431805201801204
29501000 -0.541460647920495
29502000 -0.484687092948417
29503000 -0.484235111370022
29504000 -0.52936214279301
29505000 -0.547972438003203
29506000 -0.496266119349097
29507000 -0.507867071292858
29508000 -0.528732677135882
29509000 -0.571846635327195
29510000 -0.551940234289098
29511000 -0.543702066792567
29512000 -0.467218839842554
29513000 -0.534985466691082
29514000 -0.570708575155492
29515000 -0.533380959201443
29516000 -0.512217573954033
29517000 -0.482392595165345
29518000 -0.398099307335183
29519000 -0.530888366158533
29520000 -0.49638654425177
29521000 -0.524751072067939
29522000 -0.609862744566788
29523000 -0.508995957380466
29524000 -0.567578673167912
29525000 -0.467689717264549
29526000 -0.532028279397568
29527000 -0.501541809599998
29528000 -0.529252842949966
29529000 -0.506301467047433
29530000 -0.479184099662127
29531000 -0.542715366482662
29532000 -0.503473932183696
29533000 -0.514485186012787
29534000 -0.483921951812283
29535000 -0.567500370068646
29536000 -0.484217005338366
29537000 -0.405327653279073
29538000 -0.530546578569154
29539000 -0.468961448481463
29540000 -0.457355965958084
29541000 -0.422352348856276
29542000 -0.437141095983063
29543000 -0.530747675596308
29544000 -0.632719166053713
29545000 -0.490244374924763
29546000 -0.58094412808822
29547000 -0.607140157980386
29548000 -0.580055699941783
29549000 -0.595428686580786
29550000 -0.527512958254894
29551000 -0.551337843555019
29552000 -0.574682593159997
29553000 -0.56966032755724
29554000 -0.545092552900984
29555000 -0.572109360806861
29556000 -0.545556636946691
29557000 -0.552447068501801
29558000 -0.643926617393036
29559000 -0.524602550846972
29560000 -0.53994953273662
29561000 -0.568016291470684
29562000 -0.522921055791265
29563000 -0.540317866182307
29564000 -0.563412917971131
29565000 -0.573531058454546
29566000 -0.458755786211133
29567000 -0.493977403301847
29568000 -0.545641055277243
29569000 -0.50657553302734
29570000 -0.56301845731452
29571000 -0.465033072971675
29572000 -0.623803078366219
29573000 -0.581982369137805
29574000 -0.530714998673335
29575000 -0.5254578221255
29576000 -0.544014437986173
29577000 -0.583591291343516
29578000 -0.508088361064049
29579000 -0.603351750832888
29580000 -0.585890804560703
29581000 -0.508786629337288
29582000 -0.539240862980891
29583000 -0.576857323198643
29584000 -0.663768177180863
29585000 -0.53712582964706
29586000 -0.552531637077626
29587000 -0.550863433985538
29588000 -0.587337628718034
29589000 -0.494825420009005
29590000 -0.535505976736436
29591000 -0.517192427071662
29592000 -0.538400838782577
29593000 -0.523537860233178
29594000 -0.590305764132896
29595000 -0.626028469765242
29596000 -0.524638861925845
29597000 -0.518399687785155
29598000 -0.558070355106082
29599000 -0.524756598740687
29600000 -0.579208818564299
29601000 -0.592396897671854
29602000 -0.582190680217168
29603000 -0.481331309854332
29604000 -0.494845764822408
29605000 -0.52484421111578
29606000 -0.516572951160445
29607000 -0.533669146317891
29608000 -0.525023475878182
29609000 -0.520532322292996
29610000 -0.501628181448265
29611000 -0.486022517420357
29612000 -0.535909319696166
29613000 -0.52471072503785
29614000 -0.677046774368567
29615000 -0.512487548149655
29616000 -0.503613512099531
29617000 -0.614683501245427
29618000 -0.562131090276534
29619000 -0.507179115759244
29620000 -0.499512233858517
29621000 -0.486907677347754
29622000 -0.429408153280507
29623000 -0.42715830890957
29624000 -0.473169318647326
29625000 -0.540991990508172
29626000 -0.557237321062323
29627000 -0.541287661324213
29628000 -0.452012943479475
29629000 -0.589579445359755
29630000 -0.582814832088092
29631000 -0.552129232435974
29632000 -0.584318161165734
29633000 -0.506034011677958
29634000 -0.593532071035288
29635000 -0.555949324623355
29636000 -0.59801177421318
29637000 -0.511160459558356
29638000 -0.569713974842921
29639000 -0.528212430089167
29640000 -0.611194200364657
29641000 -0.524792793185306
29642000 -0.523449974013244
29643000 -0.611212499387995
29644000 -0.623624391166213
29645000 -0.581473071266549
29646000 -0.52512315683927
29647000 -0.545507430009656
29648000 -0.536890248846141
29649000 -0.49487198127331
29650000 -0.608660909253392
29651000 -0.495768870744107
29652000 -0.43798080965742
29653000 -0.510720728835453
29654000 -0.588111177277899
29655000 -0.544557716038895
29656000 -0.499082962080093
29657000 -0.545873756363544
29658000 -0.471791022798688
29659000 -0.529973741797044
29660000 -0.467143126563746
29661000 -0.563269715566639
29662000 -0.509927174104843
29663000 -0.500615649788791
29664000 -0.573640424739987
29665000 -0.509955204760335
29666000 -0.453118661085536
29667000 -0.542546705133482
29668000 -0.525527171463785
29669000 -0.633582683084446
29670000 -0.514909541984177
29671000 -0.601727258325923
29672000 -0.607614744637954
29673000 -0.556604132682395
29674000 -0.582806741577845
29675000 -0.471828784703005
29676000 -0.55845926129122
29677000 -0.528561499569548
29678000 -0.615844996770929
29679000 -0.496114579165056
29680000 -0.527643244603974
29681000 -0.604460874150427
29682000 -0.604329941414004
29683000 -0.566810904293652
29684000 -0.540774672493194
29685000 -0.534221938076147
29686000 -0.497736192777757
29687000 -0.430916790814407
29688000 -0.468569521882689
29689000 -0.509447266738738
29690000 -0.47594812016094
29691000 -0.552475185712182
29692000 -0.522961241831651
29693000 -0.584146662622571
29694000 -0.520381267585048
29695000 -0.556562199920423
29696000 -0.510330801088618
29697000 -0.498247343906636
29698000 -0.473291573249872
29699000 -0.599119839002226
29700000 -0.484318144894576
29701000 -0.558389740036871
29702000 -0.538470841524111
29703000 -0.49261549958148
29704000 -0.534486653017417
29705000 -0.526936006568792
29706000 -0.514509696565386
29707000 -0.542901869735686
29708000 -0.53296708928047
29709000 -0.447449226676927
29710000 -0.48677958992123
29711000 -0.540168257926654
29712000 -0.57433101489216
29713000 -0.50296362505232
29714000 -0.547801215929408
29715000 -0.56450599341563
29716000 -0.518347908722688
29717000 -0.55575152586319
29718000 -0.526399179963354
29719000 -0.487689680329062
29720000 -0.521719533592557
29721000 -0.577373664126963
29722000 -0.544067227691199
29723000 -0.562670430818103
29724000 -0.481277074795065
29725000 -0.56349654131623
29726000 -0.536054788189272
29727000 -0.50097453333318
29728000 -0.503602534913964
29729000 -0.408607796203074
29730000 -0.558162517530187
29731000 -0.568650110248073
29732000 -0.473955209868632
29733000 -0.637665411860212
29734000 -0.584472497790939
29735000 -0.599153664976485
29736000 -0.491024911505266
29737000 -0.605153803423395
29738000 -0.601517714634038
29739000 -0.48537158786474
29740000 -0.532284288669087
29741000 -0.479311251098536
29742000 -0.556658750025738
29743000 -0.423114692463912
29744000 -0.526671923314824
29745000 -0.461666930418033
29746000 -0.602711939944525
29747000 -0.566608238047794
29748000 -0.619470160900596
29749000 -0.57335190091703
29750000 -0.651553912968686
29751000 -0.607033466389658
29752000 -0.480284541909161
29753000 -0.552963394559726
29754000 -0.523547348267747
29755000 -0.57691697520441
29756000 -0.553348810947458
29757000 -0.476880233360542
29758000 -0.558308412076358
29759000 -0.527611464209802
29760000 -0.498932732951375
29761000 -0.531416304849422
29762000 -0.446734298077438
29763000 -0.58134867006398
29764000 -0.483996306411518
29765000 -0.45092827776648
29766000 -0.590757115305274
29767000 -0.479831997924971
29768000 -0.600081615796127
29769000 -0.562158910739907
29770000 -0.559369826375426
29771000 -0.517505088272148
29772000 -0.529417536975179
29773000 -0.61961975713221
29774000 -0.45454652145769
29775000 -0.537735981273861
29776000 -0.494783055541813
29777000 -0.555860329419146
29778000 -0.513342093081123
29779000 -0.576351796635603
29780000 -0.666849871399009
29781000 -0.477721351575391
29782000 -0.476463150709617
29783000 -0.501394534672893
29784000 -0.531094734892536
29785000 -0.538991074158
29786000 -0.527714734157397
29787000 -0.566712189782877
29788000 -0.530314816063948
29789000 -0.460184782717455
29790000 -0.519198920956655
29791000 -0.444749409326488
29792000 -0.542847896768184
29793000 -0.51120524629327
29794000 -0.465645075138246
29795000 -0.578361818310593
29796000 -0.549850883261022
29797000 -0.524375401030901
29798000 -0.491231945239885
29799000 -0.529142174719469
29800000 -0.526082835370403
29801000 -0.521299472480379
29802000 -0.576337705496315
29803000 -0.535931728716388
29804000 -0.61150037139265
29805000 -0.601097589252303
29806000 -0.544469443282135
29807000 -0.584212099938246
29808000 -0.529949269969377
29809000 -0.494581963151593
29810000 -0.471892975331087
29811000 -0.635170742996976
29812000 -0.548920876053966
29813000 -0.504292303757567
29814000 -0.476847206483282
29815000 -0.535794953883986
29816000 -0.546035066525595
29817000 -0.59431270774317
29818000 -0.571030097725922
29819000 -0.557658669080943
29820000 -0.500388734307737
29821000 -0.506302934046685
29822000 -0.539616359370472
29823000 -0.518719614648031
29824000 -0.58165259374466
29825000 -0.597219720891605
29826000 -0.518151896986509
29827000 -0.502243894242137
29828000 -0.492893961606528
29829000 -0.532776695676255
29830000 -0.527284556002895
29831000 -0.568236178417079
29832000 -0.571802531757526
29833000 -0.537403624805983
29834000 -0.585370899807869
29835000 -0.500243057339744
29836000 -0.608634875459778
29837000 -0.611391466203275
29838000 -0.542773413696586
29839000 -0.588196601777236
29840000 -0.60637008803669
29841000 -0.607717246675928
29842000 -0.510818688766055
29843000 -0.575758214175107
29844000 -0.554220069235633
29845000 -0.62892742731455
29846000 -0.584945276027279
29847000 -0.495759415465026
29848000 -0.554664434275423
29849000 -0.599494788203398
29850000 -0.58643791876185
29851000 -0.536683022663822
29852000 -0.58664910784609
29853000 -0.554271721081904
29854000 -0.54484774825021
29855000 -0.624301161881586
29856000 -0.572842933928326
29857000 -0.501531833395282
29858000 -0.460457631243774
29859000 -0.566606689925645
29860000 -0.584746402740408
29861000 -0.487864056759888
29862000 -0.552329434753779
29863000 -0.473024714291564
29864000 -0.502845589203084
29865000 -0.505667375631671
29866000 -0.520077249066196
29867000 -0.557643507447817
29868000 -0.542844373875276
29869000 -0.599829545848083
29870000 -0.55748652922127
29871000 -0.533457366589834
29872000 -0.560921238008286
29873000 -0.542457842976704
29874000 -0.496933557605643
29875000 -0.580048008858796
29876000 -0.496207122792037
29877000 -0.55224644938097
29878000 -0.599155287329301
29879000 -0.589094247906056
29880000 -0.549934648990877
29881000 -0.601157631708038
29882000 -0.637899708985738
29883000 -0.576912763019542
29884000 -0.555118140650411
29885000 -0.430454545396923
29886000 -0.562751683497025
29887000 -0.497288776002819
29888000 -0.571233244334803
29889000 -0.560770005261599
29890000 -0.603863989078402
29891000 -0.459435732605363
29892000 -0.530324312597936
29893000 -0.602778033853679
29894000 -0.599180786625933
29895000 -0.539680077202172
29896000 -0.517654952800466
29897000 -0.552740748823907
29898000 -0.563068727126871
29899000 -0.470538727315182
29900000 -0.566394049491381
29901000 -0.552356366840354
29902000 -0.559012468967423
29903000 -0.560324449463364
29904000 -0.461224542319073
29905000 -0.643478728761388
29906000 -0.563635048928743
29907000 -0.569619520918578
29908000 -0.577567533853182
29909000 -0.471776544110673
29910000 -0.521494460286637
29911000 -0.476480324053759
29912000 -0.509583279333091
29913000 -0.473506276708126
29914000 -0.497880837919863
29915000 -0.603225178625483
29916000 -0.547806563861781
29917000 -0.512115620573783
29918000 -0.506849187034092
29919000 -0.469258681200698
29920000 -0.498281151410308
29921000 -0.553115038978662
29922000 -0.540810455139037
29923000 -0.541446246417173
29924000 -0.607499980729291
29925000 -0.626842288922804
29926000 -0.59662987942427
29927000 -0.599222188467915
29928000 -0.442378696263413
29929000 -0.55278449503992
29930000 -0.528310821091285
29931000 -0.557882047229744
29932000 -0.573738758010735
29933000 -0.556853820006692
29934000 -0.536207721646582
29935000 -0.508281919377173
29936000 -0.495836344022705
29937000 -0.518112650001037
29938000 -0.563084371559855
29939000 -0.590169882585565
29940000 -0.542726366457038
29941000 -0.61304352714305
29942000 -0.610189497939156
29943000 -0.609292249254353
29944000 -0.501635128382191
29945000 -0.546086709379673
29946000 -0.511130229678399
29947000 -0.574512775171041
29948000 -0.566938668833377
29949000 -0.476088523945467
29950000 -0.482028960527192
29951000 -0.530206958236351
29952000 -0.532987903082294
29953000 -0.556440889840471
29954000 -0.537097932912659
29955000 -0.57262978236686
29956000 -0.558156794137028
29957000 -0.56664074554323
29958000 -0.578370856283897
29959000 -0.521557585222749
29960000 -0.581375162976375
29961000 -0.553860098465115
29962000 -0.598185394083934
29963000 -0.559762866782585
29964000 -0.562582058463386
29965000 -0.55671874125554
29966000 -0.56070169545365
29967000 -0.635030124644575
29968000 -0.584257329645907
29969000 -0.611468318041251
29970000 -0.617514554908105
29971000 -0.596475391632145
29972000 -0.593364709513619
29973000 -0.551716569265039
29974000 -0.589071120742121
29975000 -0.52479842912619
29976000 -0.5277449666461
29977000 -0.594257437961277
29978000 -0.536450491717287
29979000 -0.615563779714819
29980000 -0.580052959817792
29981000 -0.494601466096351
29982000 -0.548599779933308
29983000 -0.622040592793056
29984000 -0.58623711220663
29985000 -0.512279957097183
29986000 -0.528390361479776
29987000 -0.536257380104641
29988000 -0.50969868903988
29989000 -0.569861612006771
29990000 -0.555781900437806
29991000 -0.564392929532626
29992000 -0.603587638035672
29993000 -0.569852486703074
29994000 -0.537005128712713
29995000 -0.540895391799794
29996000 -0.535455094377226
29997000 -0.477933263238131
29998000 -0.593426687443814
29999000 -0.523164795563896
30000000 -0.483159686737579
30001000 -0.51402004774172
30002000 -0.610393537694277
30003000 -0.549868174438796
30004000 -0.544174268245642
30005000 -0.552592671098955
30006000 -0.646588111603666
30007000 -0.639439813505524
30008000 -0.546892453531777
30009000 -0.616947379444393
30010000 -0.577661068337814
30011000 -0.496915658865308
30012000 -0.564234152893408
30013000 -0.528050560313944
30014000 -0.538279525824351
30015000 -0.475028942128415
30016000 -0.56554377327239
30017000 -0.449948851059197
30018000 -0.483588607106782
30019000 -0.592227787372738
30020000 -0.614721224988582
30021000 -0.556495159152834
30022000 -0.57554051897159
30023000 -0.530001657447747
30024000 -0.610472064220001
30025000 -0.580570528615515
30026000 -0.564754829783744
30027000 -0.532930082246947
30028000 -0.55659090333394
30029000 -0.576291973711363
30030000 -0.59262122724359
30031000 -0.575826627863893
30032000 -0.573410629779164
30033000 -0.545984958023114
30034000 -0.617727283558459
30035000 -0.580525103651616
30036000 -0.558495247380074
30037000 -0.560995721316424
30038000 -0.495445967209629
30039000 -0.60800711153598
30040000 -0.586840862820636
30041000 -0.627125780076458
30042000 -0.595952518142765
30043000 -0.589582013378096
30044000 -0.59645753217971
30045000 -0.580479297104669
30046000 -0.52430409412764
30047000 -0.51303992999893
30048000 -0.523023819046238
30049000 -0.611515404497984
30050000 -0.519205998176418
30051000 -0.615905817140227
30052000 -0.661188716495395
30053000 -0.568396455016175
30054000 -0.580933151253198
30055000 -0.555105133948564
30056000 -0.64444443809973
30057000 -0.507946888211384
30058000 -0.536731788362136
30059000 -0.548738389460233
30060000 -0.51644786550029
30061000 -0.580564808385391
30062000 -0.485848428710243
30063000 -0.587795123109085
30064000 -0.638410954288946
30065000 -0.495858384070953
30066000 -0.565869682536039
30067000 -0.516322055568548
30068000 -0.537093476373714
30069000 -0.583616277662007
30070000 -0.582899491003212
30071000 -0.574415888121596
30072000 -0.579355016053809
30073000 -0.592008919405296
30074000 -0.630217996763278
30075000 -0.63818318991258
30076000 -0.599456938419819
30077000 -0.478461133467259
30078000 -0.516347297382016
30079000 -0.603847047566068
30080000 -0.547213084822242
30081000 -0.557060748437429
30082000 -0.542471800266688
30083000 -0.555804440313713
30084000 -0.58027458925661
30085000 -0.50891139854912
30086000 -0.560108567780226
30087000 -0.567365470727749
30088000 -0.510180329328076
30089000 -0.559108041168306
30090000 -0.550089277355641
30091000 -0.623681033527317
30092000 -0.579568140860255
30093000 -0.549398401213418
30094000 -0.547642319708021
30095000 -0.576409907000701
30096000 -0.50635528586776
30097000 -0.560452080812175
30098000 -0.53211724867925
30099000 -0.590211050637818
30100000 -0.571671701414946
