#Timestep sxy 
100000 -1.02412264664206e-05
101000 -0.00535077886685847
102000 -0.0107311502260382
103000 -0.0161213435987537
104000 -0.0214132263898036
105000 -0.0266790603517862
106000 -0.0319339100061329
107000 -0.0371936915548184
108000 -0.0425334822412467
109000 -0.0478476627529646
110000 -0.0531771473350428
111000 -0.0585869815829935
112000 -0.0641588102283263
113000 -0.0698107909760019
114000 -0.0750846802827436
115000 -0.0801895688093586
116000 -0.0852003029868166
117000 -0.0903436660840397
118000 -0.0957233071442877
119000 -0.101209985565619
120000 -0.106590155238878
121000 -0.111922882812147
122000 -0.117586092064527
123000 -0.123273139270657
124000 -0.128409891578279
125000 -0.133598645507558
126000 -0.13856502214394
127000 -0.143549579021298
128000 -0.148572607929586
129000 -0.154053007518625
130000 -0.159852215555249
131000 -0.165668564293326
132000 -0.171673146540415
133000 -0.176490118187385
134000 -0.181128414263369
135000 -0.186211310918459
136000 -0.191773033104573
137000 -0.19703480676385
138000 -0.202136068768236
139000 -0.207831273880393
140000 -0.213662620376773
141000 -0.219775485364623
142000 -0.224455784429667
143000 -0.228916524237733
144000 -0.233608446318669
145000 -0.239121883504076
146000 -0.245101134425067
147000 -0.250778286419707
148000 -0.256209178936907
149000 -0.262018317617177
150000 -0.267637691075583
151000 -0.272709656124529
152000 -0.277541892648591
153000 -0.28235085780631
154000 -0.28682179540331
155000 -0.292162804574398
156000 -0.298329223670714
157000 -0.305097252991397
158000 -0.310944032409059
159000 -0.31533859462865
160000 -0.319513105008321
161000 -0.324311958830422
162000 -0.329986404464341
163000 -0.336029831309872
164000 -0.3419661659218
165000 -0.347774237326828
166000 -0.353281184406514
167000 -0.358016481358936
168000 -0.36278834147103
169000 -0.368011115755998
170000 -0.37268311791022
171000 -0.377903831931005
172000 -0.383950505837233
173000 -0.3897386168412
174000 -0.395861282176024
175000 -0.401160420112151
176000 -0.405478774857472
177000 -0.410001875213393
178000 -0.414840084425942
179000 -0.419850832956736
180000 -0.425308101730433
181000 -0.431415860486209
182000 -0.43934173315182
183000 -0.443795629037813
184000 -0.448586178292888
185000 -0.45314639720454
186000 -0.457462130588637
187000 -0.459645738679421
188000 -0.465484806645247
189000 -0.471446675643121
190000 -0.480649905375584
191000 -0.487159005773404
192000 -0.490253789403349
193000 -0.492768585834681
194000 -0.4941705667593
195000 -0.492692153354253
196000 -0.492323070910179
197000 -0.500792177250908
198000 -0.519782362428878
199000 -0.528378961410194
200000 -0.529949007510016
201000 -0.532288728687511
202000 -0.526124127221009
203000 -0.51766272992761
204000 -0.518287556020881
205000 -0.531433188524077
206000 -0.543047477853986
207000 -0.558476430729424
208000 -0.572555861907533
209000 -0.580416557993341
210000 -0.571837094557907
211000 -0.558639546187079
212000 -0.557043890174408
213000 -0.569096959225184
214000 -0.583393781801348
215000 -0.587633605952077
216000 -0.586391827399963
217000 -0.591731061846662
218000 -0.616803724521683
219000 -0.635824045761376
220000 -0.634842177301469
221000 -0.62361106399593
222000 -0.603947923609952
223000 -0.59850560903957
224000 -0.609398976035081
225000 -0.618898148797754
226000 -0.623799215145811
227000 -0.622641898517039
228000 -0.631024967183263
229000 -0.650563234620077
230000 -0.67021148246723
231000 -0.683080526570031
232000 -0.689871070075915
233000 -0.690136482022808
234000 -0.687940250614705
235000 -0.682253042908668
236000 -0.678730453247535
237000 -0.672106983774445
238000 -0.667322188332933
239000 -0.662455588142835
240000 -0.656408865212911
241000 -0.643508298028895
242000 -0.639274642481935
243000 -0.653860742002088
244000 -0.680204775468061
245000 -0.691969975265426
246000 -0.695606087366578
247000 -0.697481660110989
248000 -0.718703676050505
249000 -0.744189806448688
250000 -0.762067633603529
251000 -0.763644661134332
252000 -0.759178408054815
253000 -0.747810754036106
254000 -0.738689007989508
255000 -0.727604362163081
256000 -0.721088673843827
257000 -0.707398244066896
258000 -0.683839854486165
259000 -0.654443005605675
260000 -0.646203994328999
261000 -0.659609849611947
262000 -0.668340058091933
263000 -0.655136755170218
264000 -0.637278058419305
265000 -0.636175278529991
266000 -0.647017219865614
267000 -0.652540193432413
268000 -0.647533777527309
269000 -0.645053791490608
270000 -0.653174290909136
271000 -0.677071394515791
272000 -0.696115831871842
273000 -0.689679588050503
274000 -0.676953064206465
275000 -0.694670533656438
276000 -0.725531273810008
277000 -0.733236366412509
278000 -0.719194305233063
279000 -0.709471192719825
280000 -0.729413350793725
281000 -0.748559627975984
282000 -0.735445409886056
283000 -0.703926632498374
284000 -0.707235107327711
285000 -0.736478065711801
286000 -0.736216669012329
287000 -0.708085966889006
288000 -0.701629794529984
289000 -0.737917297593128
290000 -0.767704985260285
291000 -0.759193632742763
292000 -0.739570142491082
293000 -0.760575865312952
294000 -0.796379859953996
295000 -0.789637658066216
296000 -0.752545264425881
297000 -0.743612569920084
298000 -0.774347933101412
299000 -0.785572850788846
300000 -0.758809602690759
301000 -0.751823631554132
302000 -0.794284444606229
303000 -0.822496338281389
304000 -0.805485983748876
305000 -0.784373466106035
306000 -0.805806546871162
307000 -0.829896723161362
308000 -0.80864203141412
309000 -0.77976421454598
310000 -0.798239993438599
311000 -0.833585916701525
312000 -0.835538050391626
313000 -0.814634417858063
314000 -0.823654420441687
315000 -0.857700195114907
316000 -0.85961191473777
317000 -0.826956207956848
318000 -0.817525468751185
319000 -0.850570549759697
320000 -0.866222586943692
321000 -0.843048497974686
322000 -0.842477251928085
323000 -0.882930444546091
324000 -0.896111243536734
325000 -0.863323369625885
326000 -0.848264791679016
327000 -0.878704899277499
328000 -0.892243219587611
329000 -0.868667102901479
330000 -0.870558708196694
331000 -0.912256162342638
332000 -0.923250145145003
333000 -0.891138746212212
334000 -0.880277029859213
335000 -0.911797193721274
336000 -0.917401006925712
337000 -0.894484790023709
338000 -0.904827993082909
339000 -0.943046081418884
340000 -0.945557392689126
341000 -0.913494133972057
342000 -0.914724551333005
343000 -0.943859832578641
344000 -0.942271462909686
345000 -0.920091738674067
346000 -0.940575024815608
347000 -0.975377848028604
348000 -0.964806202845702
349000 -0.936071254340857
350000 -0.951934513908242
351000 -0.976216797601083
352000 -0.960882470580833
353000 -0.951428121433082
354000 -0.985717601684725
355000 -1.00387325587408
356000 -0.97317100029169
357000 -0.964877042118289
358000 -0.996977331157006
359000 -0.997863191919974
360000 -0.978416629847655
361000 -0.997166517316747
362000 -1.02716029924922
363000 -1.01218512601156
364000 -0.990828450292148
365000 -1.00966632819805
366000 -1.02502912644955
367000 -1.01284329446818
368000 -1.01590208412461
369000 -1.04604599405513
370000 -1.04572631583139
371000 -1.0209019425429
372000 -1.02563235063505
373000 -1.04964738581177
374000 -1.04726862276688
375000 -1.03543214027963
376000 -1.06394697981352
377000 -1.07872521622145
378000 -1.04913665091027
379000 -1.04398277974013
380000 -1.08132732877158
381000 -1.07939088902762
382000 -1.05612272147427
383000 -1.08988521403094
384000 -1.10608961754551
385000 -1.06820781767587
386000 -1.06817722955845
387000 -1.11459910111155
388000 -1.10476180662572
389000 -1.08202075279718
390000 -1.12015860462725
391000 -1.12567070157651
392000 -1.08656774218245
393000 -1.10102109167614
394000 -1.14354636694318
395000 -1.12323349383734
396000 -1.11472371851257
397000 -1.14746856271914
398000 -1.13918117870574
399000 -1.10917737450578
400000 -1.14141643268632
401000 -1.17287159063178
402000 -1.14533657968319
403000 -1.14122751566194
404000 -1.1634231807929
405000 -1.15611698270464
406000 -1.14452405181231
407000 -1.17819018850594
408000 -1.19331559689064
409000 -1.16907760941607
410000 -1.16370625973358
411000 -1.18477929195679
412000 -1.18672741193389
413000 -1.17771475765557
414000 -1.20384618531183
415000 -1.2113841431808
416000 -1.18248222172606
417000 -1.18992452388729
418000 -1.22590710820095
419000 -1.21202264246566
420000 -1.19990957804049
421000 -1.2360841007817
422000 -1.22456743596445
423000 -1.19790783261438
424000 -1.23740452742624
425000 -1.24920520720404
426000 -1.21717872446007
427000 -1.24331305916908
428000 -1.26168156590476
429000 -1.22561203267984
430000 -1.24238337030977
431000 -1.27679645650404
432000 -1.25131139583319
433000 -1.25306681974889
434000 -1.27835816259425
435000 -1.26230884261276
436000 -1.25437213184734
437000 -1.29051805272885
438000 -1.29205534346174
439000 -1.27462723485199
440000 -1.28376835320278
441000 -1.2939461368374
442000 -1.28716978204173
443000 -1.29598804907548
444000 -1.31937969561069
445000 -1.30349840285109
446000 -1.28813306399068
447000 -1.31932864668306
448000 -1.32642943358477
449000 -1.30566858968679
450000 -1.33437428215028
451000 -1.33627340794318
452000 -1.30606393554357
453000 -1.34180377406161
454000 -1.35607864721228
455000 -1.32105450721027
456000 -1.34808980477314
457000 -1.36527483979383
458000 -1.32843278488275
459000 -1.3565679257432
460000 -1.37878612178671
461000 -1.34938512494759
462000 -1.3664227467197
463000 -1.38612547017215
464000 -1.35777309206656
465000 -1.37402460330611
466000 -1.40088085433283
467000 -1.38059884930776
468000 -1.3787119583684
469000 -1.39822642999501
470000 -1.39125512451686
471000 -1.39511340447244
472000 -1.41855948905648
473000 -1.40817082719661
474000 -1.39282384765169
475000 -1.42419690512214
476000 -1.42781982629114
477000 -1.40938824089963
478000 -1.43348535659085
479000 -1.43322518161745
480000 -1.41008770885669
481000 -1.45046009784086
482000 -1.45050524172145
483000 -1.41971912151328
484000 -1.45920285848049
485000 -1.4580692993937
486000 -1.43216805167117
487000 -1.47523715606029
488000 -1.46803789327858
489000 -1.44531987244564
490000 -1.48292771218086
491000 -1.47228217743472
492000 -1.45970797956611
493000 -1.4961129064914
494000 -1.48367317370524
495000 -1.46945049672567
496000 -1.49838454615219
497000 -1.4997073857057
498000 -1.49079543773861
499000 -1.5070480825544
500000 -1.50683712544872
501000 -1.49370863728627
502000 -1.52714659343486
503000 -1.52405335305877
504000 -1.50064540048603
505000 -1.53014659992657
506000 -1.53139037750459
507000 -1.51344463219899
508000 -1.54966229266511
509000 -1.53732439962516
510000 -1.519771318346
511000 -1.5668760573693
512000 -1.54167163709576
513000 -1.54270820377094
514000 -1.5791308921408
515000 -1.54459719654578
516000 -1.55498091495993
517000 -1.58514177703593
518000 -1.55915444800678
519000 -1.57397481156172
520000 -1.58709883506462
521000 -1.56010011905283
522000 -1.59245202480134
523000 -1.60098907073918
524000 -1.578389028652
525000 -1.59492500551556
526000 -1.60787166154543
527000 -1.59401121442395
528000 -1.61475659235478
529000 -1.61460372117861
530000 -1.5985006613107
531000 -1.6290668781421
532000 -1.62387371675426
533000 -1.60976629264762
534000 -1.64347086798091
535000 -1.62607423260098
536000 -1.62293693300611
537000 -1.65606727972546
538000 -1.63196219451656
539000 -1.64455102952593
540000 -1.66240018070545
541000 -1.63473916510277
542000 -1.6708664819148
543000 -1.66867763963375
544000 -1.64530076239429
545000 -1.68152087562051
546000 -1.66808906747903
547000 -1.67067427643928
548000 -1.68971813405141
549000 -1.66951183459065
550000 -1.68376856913391
551000 -1.70146509362461
552000 -1.68164228219013
553000 -1.70030975440868
554000 -1.70377946574098
555000 -1.6951332125411
556000 -1.7142721823245
557000 -1.71583172537485
558000 -1.70742464362337
559000 -1.72594463884795
560000 -1.71945647028645
561000 -1.72162283791083
562000 -1.74425335985319
563000 -1.7195591934998
564000 -1.7345664732401
565000 -1.75375799338176
566000 -1.72811471263893
567000 -1.75626662373735
568000 -1.74658131214115
569000 -1.74489251186397
570000 -1.77907177559653
571000 -1.74605255768817
572000 -1.76592788708466
573000 -1.78237875794177
574000 -1.75720153241006
575000 -1.788624611508
576000 -1.78120412653093
577000 -1.77142217753577
578000 -1.80227619888813
579000 -1.78049346575998
580000 -1.79485709865779
581000 -1.80755973256233
582000 -1.78573993531332
583000 -1.8120657568452
584000 -1.81546908239885
585000 -1.79804934349668
586000 -1.82435286696872
587000 -1.81854142607011
588000 -1.81621408573466
589000 -1.84175621571076
590000 -1.81505408663188
591000 -1.84096997577166
592000 -1.84899337832441
593000 -1.82248068686768
594000 -1.86316615284333
595000 -1.84125806630301
596000 -1.84697200772192
597000 -1.87023711125384
598000 -1.84211907404841
599000 -1.87415651403824
600000 -1.86136754351828
601000 -1.86152905457638
602000 -1.89102132341947
603000 -1.85929129423161
604000 -1.88417920533003
605000 -1.89181501876159
606000 -1.8754915073679
607000 -1.90389095592043
608000 -1.88480000998139
609000 -1.89945750695509
610000 -1.91640814043797
611000 -1.88989722330054
612000 -1.91897833216578
613000 -1.91660873045365
614000 -1.90590534528743
615000 -1.93438933072707
616000 -1.91653890844833
617000 -1.92279758358686
618000 -1.94495622413708
619000 -1.91398000748707
620000 -1.95258226438289
621000 -1.93609365423205
622000 -1.93498015543633
623000 -1.96766076107746
624000 -1.93288003610444
625000 -1.96523828899345
626000 -1.95959038063913
627000 -1.95306549941137
628000 -1.9822910662356
629000 -1.95610841125118
630000 -1.98266377187281
631000 -1.98032444432361
632000 -1.97042883847302
633000 -2.00390159011516
634000 -1.97283018420815
635000 -1.99739401058232
636000 -2.00483002029577
637000 -1.98586715427196
638000 -2.01530751887416
639000 -1.99738110074315
640000 -2.01124402615024
641000 -2.02320487657267
642000 -1.99892741467842
643000 -2.03453056686735
644000 -2.02065592400644
645000 -2.01933559041771
646000 -2.04397161989897
647000 -2.01839744824552
648000 -2.0507659851345
649000 -2.03844031672193
650000 -2.0371151305942
651000 -2.06540775916169
652000 -2.03362031633432
653000 -2.07521915756927
654000 -2.05249657242756
655000 -2.05909803124198
656000 -2.0851359442614
657000 -2.0525578021866
658000 -2.09144478095589
659000 -2.06845235986161
660000 -2.0849112571311
661000 -2.09401504787223
662000 -2.0751516354884
663000 -2.10705873298473
664000 -2.08976085104442
665000 -2.09740315302803
666000 -2.11172730123604
667000 -2.0932537503657
668000 -2.12250508622733
669000 -2.10482885121402
670000 -2.11736783384714
671000 -2.12727822388917
672000 -2.109994239702
673000 -2.1429834381573
674000 -2.11989081646714
675000 -2.13627445611851
676000 -2.14613117326773
677000 -2.12904414020102
678000 -2.15922426595023
679000 -2.13808095229411
680000 -2.16014462049343
681000 -2.15777206235351
682000 -2.15088315217309
683000 -2.18090032937273
684000 -2.15118998071309
685000 -2.18434207491117
686000 -2.1715527713967
687000 -2.17393481032259
688000 -2.19486608413679
689000 -2.17210812337949
690000 -2.20184601017278
691000 -2.18534089799066
692000 -2.19876115691243
693000 -2.20499528841986
694000 -2.19262009299721
695000 -2.2219245844932
696000 -2.19886062072193
697000 -2.21757517822421
698000 -2.22247863872559
699000 -2.20963765703431
700000 -2.23795193699581
701000 -2.21369405422741
702000 -2.24248907492321
703000 -2.22905749454696
704000 -2.23534037046456
705000 -2.25265540887185
706000 -2.22792095539247
707000 -2.26770086704613
708000 -2.23672311734112
709000 -2.26431201374359
710000 -2.25938900012646
711000 -2.25700412565877
712000 -2.2774183510606
713000 -2.25698440973451
714000 -2.28878513990776
715000 -2.26808601471935
716000 -2.28474620554437
717000 -2.29004954503328
718000 -2.27984996918666
719000 -2.30553205325634
720000 -2.28529419130259
721000 -2.30818317793771
722000 -2.30202612765817
723000 -2.30439617657887
724000 -2.31922498825345
725000 -2.30311880992115
726000 -2.33381694760916
727000 -2.30847105308783
728000 -2.33370314053547
729000 -2.32940147548743
730000 -2.32666122672073
731000 -2.34743494631583
732000 -2.32608707118981
733000 -2.35798183874249
734000 -2.33450074239311
735000 -2.3588230645707
736000 -2.35190662981967
737000 -2.35397587884452
738000 -2.3710887188268
739000 -2.35080725566711
740000 -2.38308664865851
741000 -2.36013249917461
742000 -2.38139094670091
743000 -2.37730038266481
744000 -2.37924736045421
745000 -2.39246721969633
746000 -2.37785637934116
747000 -2.40580041084307
748000 -2.38453999055826
749000 -2.40668656708971
750000 -2.40051448223983
751000 -2.40275410160445
752000 -2.41936008784028
753000 -2.40003977021669
754000 -2.4296773261998
755000 -2.40777735964441
756000 -2.4344407521904
757000 -2.42004733309182
758000 -2.43169261471597
759000 -2.44127855558988
760000 -2.42541794426164
761000 -2.45670443010947
762000 -2.42888063311064
763000 -2.46396330507487
764000 -2.43873704913997
765000 -2.46458491570823
766000 -2.45548982196157
767000 -2.46155932711958
768000 -2.47173103090715
769000 -2.46011922696317
770000 -2.4856623834649
771000 -2.46545312297062
772000 -2.48915847569072
773000 -2.4794290454546
774000 -2.48790091776862
775000 -2.49397725104094
776000 -2.48796623977118
777000 -2.50898291634905
778000 -2.48827489983326
779000 -2.51896604200755
780000 -2.49736260173331
781000 -2.52167264448269
782000 -2.51154812052035
783000 -2.51962803443528
784000 -2.52887629156902
785000 -2.51800534524577
786000 -2.54172035560709
787000 -2.52090744508194
788000 -2.55176117977151
789000 -2.52700082571807
790000 -2.55723815639174
791000 -2.54068301672044
792000 -2.55432311117129
793000 -2.55754531600922
794000 -2.55299940428457
795000 -2.57126754087795
796000 -2.55540199230439
797000 -2.58061895779239
798000 -2.56201893470939
799000 -2.58715078676396
800000 -2.57154247222882
801000 -2.58944791248362
802000 -2.58666822541296
803000 -2.58696729036953
804000 -2.60332337081127
805000 -2.58715732077669
806000 -2.61364378218709
807000 -2.59259656239396
808000 -2.62086358813631
809000 -2.60059863894473
810000 -2.62561620716704
811000 -2.61214360929373
812000 -2.62668779198766
813000 -2.62606597637355
814000 -2.62555150573321
815000 -2.64126559656163
816000 -2.62647628641341
817000 -2.65160355490073
818000 -2.63214995896448
819000 -2.65903316608414
820000 -2.63980947805452
821000 -2.66448627009279
822000 -2.65084077409785
823000 -2.66548305008067
824000 -2.66505687632425
825000 -2.66597948179313
826000 -2.67776852469393
827000 -2.66835162468889
828000 -2.6885752433021
829000 -2.67214166565291
830000 -2.69711991504494
831000 -2.67871224875734
832000 -2.70478778092594
833000 -2.68727913880527
834000 -2.70747865969182
835000 -2.70083070299529
836000 -2.70763610170391
837000 -2.71417582309347
838000 -2.70977179601632
839000 -2.72562535485905
840000 -2.71343516072722
841000 -2.73601092896065
842000 -2.71891838805333
843000 -2.74397967548826
844000 -2.72566999027066
845000 -2.75142210871567
846000 -2.73517411994056
847000 -2.75414538302892
848000 -2.74731091125168
849000 -2.75746876939647
850000 -2.75847638930147
851000 -2.75982950817623
852000 -2.77063334085349
853000 -2.76285536084823
854000 -2.78232121856999
855000 -2.76619044442112
856000 -2.79282738116192
857000 -2.77181626015985
858000 -2.80036958353819
859000 -2.78018701945059
860000 -2.80464152963928
861000 -2.78971127632234
862000 -2.81038220466838
863000 -2.79903458448406
864000 -2.81407060821743
865000 -2.81107511401911
866000 -2.815675496823
867000 -2.82274993444982
868000 -2.81883145878285
869000 -2.83283167931339
870000 -2.82247634458318
871000 -2.84171212555541
872000 -2.82826455699144
873000 -2.84926162627783
874000 -2.83337148444904
875000 -2.85751478090032
876000 -2.8398423572506
877000 -2.86283820276189
878000 -2.84888492249655
879000 -2.86643870002838
880000 -2.85877759430457
881000 -2.8703895050688
882000 -2.8693357361272
883000 -2.87299166808433
884000 -2.88002577930166
885000 -2.87671730423311
886000 -2.89006200531838
887000 -2.88001647571351
888000 -2.9014492572716
889000 -2.88352705933677
890000 -2.91077324666879
891000 -2.89094690726146
892000 -2.91755600197543
893000 -2.89761194444322
894000 -2.92657282623001
895000 -2.90441128235842
896000 -2.93394218888239
897000 -2.91257804210426
898000 -2.94099940393738
899000 -2.92132889852531
900000 -2.94557904723677
901000 -2.93280796866966
902000 -2.94872673713522
903000 -2.94273446829782
904000 -2.95417489026756
905000 -2.95153439933613
906000 -2.95856428775116
907000 -2.96125257261529
908000 -2.9620142751107
909000 -2.97071352095693
910000 -2.96604951977375
911000 -2.9800477383283
912000 -2.96914856906317
913000 -2.98982634403717
914000 -2.9735340412121
915000 -2.99686141052013
916000 -2.97959086971533
917000 -3.00525385856733
918000 -2.98453786924482
919000 -3.01356369716211
920000 -2.99193805684759
921000 -3.01988324967976
922000 -3.00042561511759
923000 -3.02621433754336
924000 -3.00881697247734
925000 -3.03236845111229
926000 -3.01843868583938
927000 -3.03845481181233
928000 -3.0267811065579
929000 -3.04534613762741
930000 -3.03608073758464
931000 -3.05027277495046
932000 -3.04589647228153
933000 -3.05489624609044
934000 -3.05425561768492
935000 -3.06090786352765
936000 -3.06203755719807
937000 -3.06588256135515
938000 -3.06907084790418
939000 -3.07170115815635
940000 -3.07560497178193
941000 -3.07763042427347
942000 -3.08384199739811
943000 -3.08242735279913
944000 -3.09168694722581
945000 -3.08918509512823
946000 -3.09858337224762
947000 -3.09687509030153
948000 -3.10613638014906
949000 -3.10336279563105
950000 -3.11616097872888
951000 -3.10964905030297
952000 -3.12444961858359
953000 -3.11609262667504
954000 -3.13413959837919
955000 -3.12136657695569
956000 -3.14284923985349
957000 -3.12731247658171
958000 -3.14980367021827
959000 -3.13306440848571
960000 -3.15785677578038
961000 -3.13688220861831
962000 -3.16593179359149
963000 -3.1418513653898
964000 -3.17252571708812
965000 -3.14887724304144
966000 -3.1793678462334
967000 -3.15636888023237
968000 -3.18448849494354
969000 -3.16665017651859
970000 -3.19047162565136
971000 -3.17535606487498
972000 -3.19797905352934
973000 -3.18477556495743
974000 -3.20392206242787
975000 -3.19410753743781
976000 -3.20918715407651
977000 -3.20211128194279
978000 -3.2152603803362
979000 -3.20859548804929
980000 -3.22109663338517
981000 -3.21438046876092
982000 -3.22812165157574
983000 -3.21868293906508
984000 -3.23776227931545
985000 -3.22196046447132
986000 -3.24743188091849
987000 -3.22811719898128
988000 -3.25650881731251
989000 -3.23305317763406
990000 -3.26754616097321
991000 -3.23947706081623
992000 -3.27592290045704
993000 -3.24651221872248
994000 -3.28285119002902
995000 -3.25493342650525
996000 -3.28807304480504
997000 -3.26257726431812
998000 -3.29203729539326
999000 -3.27215475893823
1000000 -3.29315992093625
1001000 -3.28266043953394
1002000 -3.29649437423461
1003000 -3.29228832959095
1004000 -3.30129359861614
1005000 -3.30174778145592
1006000 -3.30849172079683
1007000 -3.30905835956914
1008000 -3.31859612803281
1009000 -3.31414800347996
1010000 -3.32999325484691
1011000 -3.31753975981811
1012000 -3.33983904341575
1013000 -3.32116455800094
1014000 -3.34875496017047
1015000 -3.32357043674778
1016000 -3.35712560541385
1017000 -3.32841876097682
1018000 -3.36393818405344
1019000 -3.33620459011438
1020000 -3.36995586395663
1021000 -3.34623890798788
1022000 -3.37520100159758
1023000 -3.35822094917936
1024000 -3.37820197917121
1025000 -3.37092341949889
1026000 -3.38054829852491
1027000 -3.38163762730288
1028000 -3.38418933893146
1029000 -3.38971074175829
1030000 -3.38830012938417
1031000 -3.39624706427877
1032000 -3.39566351189541
1033000 -3.40073313890102
1034000 -3.40590830870085
1035000 -3.40461503757925
1036000 -3.41705384420398
1037000 -3.41048608213718
1038000 -3.42644236733433
1039000 -3.41708850311554
1040000 -3.43397113631895
1041000 -3.42410015335316
1042000 -3.43934116620766
1043000 -3.43234107085829
1044000 -3.44266036460787
1045000 -3.44057279158945
1046000 -3.4475555682365
1047000 -3.44887499195631
1048000 -3.45317774091651
1049000 -3.45890538462247
1050000 -3.4585797690783
1051000 -3.46942442653677
1052000 -3.46475890259754
1053000 -3.47731572793186
1054000 -3.47278199933249
1055000 -3.48162977491948
1056000 -3.48007050904323
1057000 -3.48643352381674
1058000 -3.48668047067282
1059000 -3.49184604007049
1060000 -3.49412557887277
1061000 -3.49857280556999
1062000 -3.50290102725361
1063000 -3.50613060184204
1064000 -3.51158362214504
1065000 -3.51399910349471
1066000 -3.51903926358349
1067000 -3.52071420112216
1068000 -3.52526285270015
1069000 -3.5275513024323
1070000 -3.52862733822477
1071000 -3.5354800782334
1072000 -3.53298320774027
1073000 -3.54437759368417
1074000 -3.538858016358
1075000 -3.55388885816514
1076000 -3.54577969600267
1077000 -3.56386951798738
1078000 -3.55198590635646
1079000 -3.57063223946421
1080000 -3.56050174075245
1081000 -3.57274845697123
1082000 -3.57100326382278
1083000 -3.57403007520822
1084000 -3.58056087336353
1085000 -3.57943855568759
1086000 -3.58917059918064
1087000 -3.58695335077956
1088000 -3.59761878434267
1089000 -3.59543131180304
1090000 -3.60240448036396
1091000 -3.60681955503945
1092000 -3.60227356816974
1093000 -3.6179375975661
1094000 -3.60446455068032
1095000 -3.62544956923439
1096000 -3.61287075719112
1097000 -3.62974512110133
1098000 -3.62474340101288
1099000 -3.63471271191767
1100000 -3.63659814924864
1101000 -3.6375765529268
1102000 -3.64794448045198
1103000 -3.63949923538889
1104000 -3.65587079985973
1105000 -3.64578839164389
1106000 -3.6583365400046
1107000 -3.65765603602058
1108000 -3.66091131369015
1109000 -3.66933467632565
1110000 -3.66692194242711
1111000 -3.67866310812727
1112000 -3.67335746538422
1113000 -3.68542970462167
1114000 -3.68077675255193
1115000 -3.68819715679121
1116000 -3.69084550473156
1117000 -3.69061568185925
1118000 -3.70092771776303
1119000 -3.69716187684241
1120000 -3.70905765521368
1121000 -3.70586057605018
1122000 -3.71494578177718
1123000 -3.71477328978902
1124000 -3.71840436661757
1125000 -3.72297176087133
1126000 -3.72230814479727
1127000 -3.72989454204259
1128000 -3.7297519343062
1129000 -3.73779318498469
1130000 -3.73783164316523
1131000 -3.74561269824984
1132000 -3.74669284973636
1133000 -3.75030649267389
1134000 -3.75420386223042
1135000 -3.75584111006788
1136000 -3.75985830348389
1137000 -3.76150650303144
1138000 -3.76828253920695
1139000 -3.76812291956937
1140000 -3.77708646276115
1141000 -3.77655955311077
1142000 -3.78310064151851
1143000 -3.78417562571955
1144000 -3.78816575418302
1145000 -3.79125603750745
1146000 -3.79214247839552
1147000 -3.80003947373991
1148000 -3.80008032087539
1149000 -3.80644745076996
1150000 -3.81032488031574
1151000 -3.81170561251789
1152000 -3.81917521127056
1153000 -3.81530483975101
1154000 -3.82696103183634
1155000 -3.82063459409903
1156000 -3.83142553993161
1157000 -3.83195764259447
1158000 -3.83510442450017
1159000 -3.84341970042545
1160000 -3.83980643421045
1161000 -3.85253394017386
1162000 -3.84546730765674
1163000 -3.85627258421787
1164000 -3.85666729876007
1165000 -3.85715123410153
1166000 -3.86856397166259
1167000 -3.86235990639014
1168000 -3.87759804185132
1169000 -3.8705561611304
1170000 -3.88021313538086
1171000 -3.88359256046511
1172000 -3.87985259795071
1173000 -3.89326977638853
1174000 -3.88501314485835
1175000 -3.90109666523378
1176000 -3.89383214728191
1177000 -3.9049336422991
1178000 -3.90737377962163
1179000 -3.90697551506373
1180000 -3.91581694153078
1181000 -3.91184163706485
1182000 -3.92241153039292
1183000 -3.9208693920285
1184000 -3.92427108580865
1185000 -3.93507032441288
1186000 -3.92834865806982
1187000 -3.94259581442949
1188000 -3.93615443094787
1189000 -3.94656025555251
1190000 -3.94635778780708
1191000 -3.94752014154771
1192000 -3.95640812115767
1193000 -3.95614403373033
1194000 -3.96303368832465
1195000 -3.96446759850576
1196000 -3.96806204030401
1197000 -3.97403667673176
1198000 -3.97088542332689
1199000 -3.9808390909845
1200000 -3.97825341906656
1201000 -3.98869944766202
1202000 -3.98692939066
1203000 -3.99312637314446
1204000 -3.99677509055716
1205000 -3.99812079009984
1206000 -4.00273276916836
1207000 -4.00377858100793
1208000 -4.00962178169626
1209000 -4.01282871761788
1210000 -4.01613240572451
1211000 -4.02037858741726
1212000 -4.02302837156791
1213000 -4.02837484992606
1214000 -4.02804973374939
1215000 -4.03363903514898
1216000 -4.03569103751103
1217000 -4.04078420019137
1218000 -4.04554030836409
1219000 -4.04568830044359
1220000 -4.05385589771673
1221000 -4.05237160553815
1222000 -4.05850786852957
1223000 -4.05956492496773
1224000 -4.06334911968333
1225000 -4.07102097865009
1226000 -4.06874556163905
1227000 -4.07837772323133
1228000 -4.07574552793792
1229000 -4.08291595257846
1230000 -4.08560095990873
1231000 -4.0844180624958
1232000 -4.09622703717801
1233000 -4.09161292971334
1234000 -4.10294506321979
1235000 -4.10301930771364
1236000 -4.10237923525203
1237000 -4.11409429201496
1238000 -4.1067455364202
1239000 -4.1200536191693
1240000 -4.11949733765199
1241000 -4.12034491846733
1242000 -4.13347742318287
1243000 -4.12310335730888
1244000 -4.13923679308107
1245000 -4.13247105617614
1246000 -4.13890650359012
1247000 -4.14818862184617
1248000 -4.14183911009801
1249000 -4.15671646636035
1250000 -4.15103113259863
1251000 -4.15595850986613
1252000 -4.16592254940344
1253000 -4.15691963744486
1254000 -4.17514963392609
1255000 -4.16643875026938
1256000 -4.17629414964514
1257000 -4.18182600856743
1258000 -4.17578740860667
1259000 -4.19121599785917
1260000 -4.18261377818589
1261000 -4.19263237118131
1262000 -4.19913499118483
1263000 -4.19375851202645
1264000 -4.20993832274914
1265000 -4.19950139580125
1266000 -4.21040721646609
1267000 -4.21452633138118
1268000 -4.21086177862245
1269000 -4.22640338585553
1270000 -4.21838992626329
1271000 -4.22736524603855
1272000 -4.23222742462773
1273000 -4.22700897581223
1274000 -4.24269643665113
1275000 -4.2358445922712
1276000 -4.2449009806153
1277000 -4.24918418696912
1278000 -4.2469737672394
1279000 -4.2578922547093
1280000 -4.25443100012524
1281000 -4.26014256453354
1282000 -4.26651328960962
1283000 -4.26334660278586
1284000 -4.27627438645538
1285000 -4.27095735904031
1286000 -4.27953919781684
1287000 -4.28127887839724
1288000 -4.28143682596158
1289000 -4.29125832517229
1290000 -4.29064772264403
1291000 -4.29499689735093
1292000 -4.30060342188968
1293000 -4.29707031088886
1294000 -4.30835013731424
1295000 -4.30598674264913
1296000 -4.31359786303645
1297000 -4.3176686958377
1298000 -4.31788386205492
1299000 -4.32327967778509
1300000 -4.32447076752127
1301000 -4.32796396788851
1302000 -4.33451552738872
1303000 -4.33507684764496
1304000 -4.34183308945055
1305000 -4.34153220709751
1306000 -4.34673692355519
1307000 -4.34817601026522
1308000 -4.35396594696202
1309000 -4.35724625057893
1310000 -4.36031671507848
1311000 -4.36416881693332
1312000 -4.36572016682964
1313000 -4.3694356261673
1314000 -4.37476485462305
1315000 -4.37563357943235
1316000 -4.384610161473
1317000 -4.38159885061705
1318000 -4.38845403272343
1319000 -4.39075361416373
1320000 -4.39150234808881
1321000 -4.40105106615214
1322000 -4.39969315535052
1323000 -4.40409642587394
1324000 -4.41196506001331
1325000 -4.40569566259358
1326000 -4.41931748863521
1327000 -4.4166238880541
1328000 -4.41994076386028
1329000 -4.42944115330313
1330000 -4.42375480081931
1331000 -4.43368982528222
1332000 -4.43818705236326
1333000 -4.4338423317012
1334000 -4.44800836070505
1335000 -4.44141743958525
1336000 -4.44894182025019
1337000 -4.45504688724349
1338000 -4.45143223203865
1339000 -4.46365910999725
1340000 -4.46296721385434
1341000 -4.46261958324626
1342000 -4.47504658770369
1343000 -4.46791697849054
1344000 -4.4788123800586
1345000 -4.4818130740126
1346000 -4.47833826232298
1347000 -4.4921483320883
1348000 -4.48681818288366
1349000 -4.49180228025026
1350000 -4.5022694596214
1351000 -4.49532467056364
1352000 -4.50771681511013
1353000 -4.50667236563294
1354000 -4.50604098954371
1355000 -4.5187443737151
1356000 -4.51321662775011
1357000 -4.52209416640597
1358000 -4.52843126659215
1359000 -4.52306794161745
1360000 -4.53533236249075
1361000 -4.53172654369969
1362000 -4.53655320884491
1363000 -4.54569463223323
1364000 -4.54074416278558
1365000 -4.55025125869211
1366000 -4.55187667779357
1367000 -4.55055889878684
1368000 -4.56316403523956
1369000 -4.55884766393146
1370000 -4.56646741928145
1371000 -4.57158086094471
1372000 -4.56768281590448
1373000 -4.57749827059469
1374000 -4.57928891431173
1375000 -4.57858541715534
1376000 -4.59104875926028
1377000 -4.58454158624935
1378000 -4.59357172215961
1379000 -4.59774876560976
1380000 -4.59627533786868
1381000 -4.60523282663545
1382000 -4.60665298193981
1383000 -4.60606622300464
1384000 -4.61824955683036
1385000 -4.61205506020788
1386000 -4.62250632819693
1387000 -4.62331727591203
1388000 -4.6235474441537
1389000 -4.63175990830063
1390000 -4.6334237858509
1391000 -4.63429875209908
1392000 -4.64482712891305
1393000 -4.63860500711507
1394000 -4.64960418585603
1395000 -4.6509087811504
1396000 -4.65170596260465
1397000 -4.6593768863982
1398000 -4.66043808109654
1399000 -4.66214797350163
1400000 -4.67229539928775
1401000 -4.66708245851255
1402000 -4.67601609216132
1403000 -4.67733254774904
1404000 -4.67936796766806
1405000 -4.68628358020988
1406000 -4.68763976270811
1407000 -4.69004652032339
1408000 -4.69579501401933
1409000 -4.695886022544
1410000 -4.7028748772489
1411000 -4.70451692606162
1412000 -4.70720120059453
1413000 -4.71259278368116
1414000 -4.71423452451424
1415000 -4.72004269539238
1416000 -4.72224461505487
1417000 -4.7236574851449
1418000 -4.72990656232106
1419000 -4.73238356587439
1420000 -4.73501086458014
1421000 -4.74094496945666
1422000 -4.73961085252322
1423000 -4.74800127305493
1424000 -4.74813219229593
1425000 -4.75225963438509
1426000 -4.7564870230689
1427000 -4.75748282844518
1428000 -4.76241260981766
1429000 -4.76898107418743
1430000 -4.76605835724168
1431000 -4.77584939223879
1432000 -4.77342598895989
1433000 -4.77911079844705
1434000 -4.78661984239034
1435000 -4.78377037751445
1436000 -4.78768224139121
1437000 -4.79807274883451
1438000 -4.79206255874969
1439000 -4.80434364255301
1440000 -4.80189122882447
1441000 -4.80203125930847
1442000 -4.81476107399325
1443000 -4.81365379189694
1444000 -4.81307090296173
1445000 -4.82554478528176
1446000 -4.81849531681332
1447000 -4.82939730380947
1448000 -4.83464801388741
1449000 -4.82724988494015
1450000 -4.838882987688
1451000 -4.8431468033219
1452000 -4.83975282374262
1453000 -4.85409709691063
1454000 -4.84679546699985
1455000 -4.84994760915707
1456000 -4.86554339214827
1457000 -4.85735455109396
1458000 -4.86339244319734
1459000 -4.87107114853608
1460000 -4.86507583312814
1461000 -4.88048268025609
1462000 -4.88125271589822
1463000 -4.87116294295024
1464000 -4.89077798367853
1465000 -4.88960229278826
1466000 -4.88690186945103
1467000 -4.90018310673678
1468000 -4.8929976163351
1469000 -4.89945248631426
1470000 -4.91565315534234
1471000 -4.90014626394562
1472000 -4.90991068340098
1473000 -4.92236383010658
1474000 -4.91272129151726
1475000 -4.92385336633651
1476000 -4.92938702495549
1477000 -4.91871650112696
1478000 -4.94077480739434
1479000 -4.93789198227492
1480000 -4.92869958552026
1481000 -4.94970910261395
1482000 -4.94529713550295
1483000 -4.94239545581032
1484000 -4.96163959322308
1485000 -4.9486763280359
1486000 -4.95704719719441
1487000 -4.973448490608
1488000 -4.95757450953952
1489000 -4.96872627869833
1490000 -4.98176901734478
1491000 -4.96657616039043
1492000 -4.98418895667194
1493000 -4.98645191571726
1494000 -4.97628987377962
1495000 -4.99848999226821
1496000 -4.99454665096743
1497000 -4.98576729977973
1498000 -5.00965062825
1499000 -5.00167205670386
1500000 -4.99945475803538
1501000 -5.0194330671098
1502000 -5.00698972218503
1503000 -5.01446331597059
1504000 -5.0306175507882
1505000 -5.0144574400247
1506000 -5.02421279799899
1507000 -5.04233886723991
1508000 -5.02436426413852
1509000 -5.0367070237335
1510000 -5.04737198844258
1511000 -5.03495057333254
1512000 -5.05083829076084
1513000 -5.05587554734112
1514000 -5.04084275932304
1515000 -5.06658041654673
1516000 -5.06468112229411
1517000 -5.05216487684129
1518000 -5.07419817818596
1519000 -5.0740007916093
1520000 -5.06361797672767
1521000 -5.08795088520962
1522000 -5.07645647836459
1523000 -5.07854464113832
1524000 -5.09896837246861
1525000 -5.08588885865489
1526000 -5.08636639659793
1527000 -5.11198928736605
1528000 -5.09346068574497
1529000 -5.10054342078963
1530000 -5.11672561841921
1531000 -5.10577188163398
1532000 -5.11268530847398
1533000 -5.12693891453924
1534000 -5.11163823756501
1535000 -5.12696307611824
1536000 -5.13622975678473
1537000 -5.12084132061489
1538000 -5.13477263430445
1539000 -5.14834966582581
1540000 -5.12968483083488
1541000 -5.14723308876051
1542000 -5.15513590531115
1543000 -5.14277426550767
1544000 -5.15846592362636
1545000 -5.16408526489416
1546000 -5.15135087061095
1547000 -5.17271425642159
1548000 -5.17116329478817
1549000 -5.1603284237408
1550000 -5.18286626648319
1551000 -5.18257875541437
1552000 -5.17008419928865
1553000 -5.1916616128312
1554000 -5.19315316939098
1555000 -5.18274343336805
1556000 -5.20032891235666
1557000 -5.20168148745047
1558000 -5.19548214622045
1559000 -5.21016097682665
1560000 -5.20967521665473
1561000 -5.20526005780407
1562000 -5.22291831826702
1563000 -5.21899977472873
1564000 -5.21378782869219
1565000 -5.23313433450916
1566000 -5.23127034399318
1567000 -5.22249663739982
1568000 -5.24159526937957
1569000 -5.24220225246761
1570000 -5.23562872005475
1571000 -5.24866521441671
1572000 -5.25144976159528
1573000 -5.24723597529408
1574000 -5.26027667643546
1575000 -5.25832590552631
1576000 -5.25923121392543
1577000 -5.27072756840675
1578000 -5.26989240299267
1579000 -5.26586041381045
1580000 -5.28203385134602
1581000 -5.28026380938396
1582000 -5.275935267938
1583000 -5.28913841385986
1584000 -5.29426904571006
1585000 -5.28409293654905
1586000 -5.29966197400653
1587000 -5.30368342719544
1588000 -5.29721021161222
1589000 -5.30642383066374
1590000 -5.31531040256013
1591000 -5.30725497471739
1592000 -5.31754917957014
1593000 -5.32200871681278
1594000 -5.31965994585693
1595000 -5.32529694855528
1596000 -5.33427883965253
1597000 -5.32722152063042
1598000 -5.33730988480683
1599000 -5.34437368693842
1600000 -5.33865480407088
1601000 -5.34409305727145
1602000 -5.35918493244486
1603000 -5.34692706540557
1604000 -5.35404650039243
1605000 -5.36756026402588
1606000 -5.35951803040724
1607000 -5.35977961954401
1608000 -5.37963639745928
1609000 -5.36958519377253
1610000 -5.36953095300507
1611000 -5.3873440953982
1612000 -5.38532676756962
1613000 -5.37655023061473
1614000 -5.39742232790818
1615000 -5.39746229356773
1616000 -5.38804417382105
1617000 -5.4033532159996
1618000 -5.40923047418654
1619000 -5.39763736454741
1620000 -5.41298261309285
1621000 -5.4171810730028
1622000 -5.40961042261416
1623000 -5.42163816876405
1624000 -5.42796968638923
1625000 -5.41969001258529
1626000 -5.43184479549026
1627000 -5.43907632417687
1628000 -5.43098602777108
1629000 -5.44003327466535
1630000 -5.45095026389803
1631000 -5.44025124929707
1632000 -5.44921766213044
1633000 -5.46142174513487
1634000 -5.45034566770762
1635000 -5.45580518206267
1636000 -5.47293253925511
1637000 -5.46199129768133
1638000 -5.46446115868733
1639000 -5.48165319603174
1640000 -5.4759468661623
1641000 -5.4729943835291
1642000 -5.49070571407715
1643000 -5.48861365359744
1644000 -5.48303953073052
1645000 -5.49821245272143
1646000 -5.50086921434139
1647000 -5.49209500633038
1648000 -5.50609819245288
1649000 -5.51239533542604
1650000 -5.50238577028188
1651000 -5.51355023296336
1652000 -5.52336242566601
1653000 -5.51514470278299
1654000 -5.52114479055064
1655000 -5.53329908998006
1656000 -5.52785300984886
1657000 -5.52948570940615
1658000 -5.54266710020095
1659000 -5.54069279367774
1660000 -5.53710940800113
1661000 -5.55185339396164
1662000 -5.55305006588309
1663000 -5.54694630314021
1664000 -5.55870164796104
1665000 -5.56519380713157
1666000 -5.55807815262709
1667000 -5.56588152542351
1668000 -5.5757326574788
1669000 -5.57076621369523
1670000 -5.57325648669201
1671000 -5.58573322919796
1672000 -5.58269230599749
1673000 -5.58163476806453
1674000 -5.5948506662601
1675000 -5.59493457765913
1676000 -5.59069133673162
1677000 -5.6035657009588
1678000 -5.60665542164109
1679000 -5.60203429862376
1680000 -5.61058089826301
1681000 -5.6185747885455
1682000 -5.61359017634774
1683000 -5.61843276129594
1684000 -5.62802121793196
1685000 -5.6254408615326
1686000 -5.62595887532029
1687000 -5.63783456912324
1688000 -5.63578395340116
1689000 -5.63626139912626
1690000 -5.64550649317407
1691000 -5.64889925364102
1692000 -5.64576765339396
1693000 -5.65426359899077
1694000 -5.66014361333547
1695000 -5.65857035639227
1696000 -5.66087617650591
1697000 -5.67148738449496
1698000 -5.66921978501673
1699000 -5.67045689931156
1700000 -5.67913168341146
1701000 -5.68157693602808
1702000 -5.67827053902024
1703000 -5.68794031947378
1704000 -5.69345104816561
1705000 -5.68941709327187
1706000 -5.69371720052717
1707000 -5.70647175573494
1708000 -5.70076937406563
1709000 -5.70168351666748
1710000 -5.71555332328585
1711000 -5.71383957146543
1712000 -5.71049376952464
1713000 -5.72379398253029
1714000 -5.72541267301985
1715000 -5.72083435947846
1716000 -5.73165900147658
1717000 -5.73735311640695
1718000 -5.7315986469962
1719000 -5.7389461055856
1720000 -5.74859054876651
1721000 -5.74392578527233
1722000 -5.74726916595978
1723000 -5.75654212744262
1724000 -5.75713111793326
1725000 -5.75663224717485
1726000 -5.76338448213758
1727000 -5.76812270133251
1728000 -5.76879765089276
1729000 -5.76911894309622
1730000 -5.77964194197618
1731000 -5.7798277906072
1732000 -5.77785407026465
1733000 -5.78794219708108
1734000 -5.79381623109489
1735000 -5.78656768487023
1736000 -5.79665863120832
1737000 -5.80510395923636
1738000 -5.79911846192783
1739000 -5.80253309268791
1740000 -5.815398069821
1741000 -5.8114204723566
1742000 -5.81224838208091
1743000 -5.82198765622333
1744000 -5.82426255523681
1745000 -5.82292883784821
1746000 -5.82948470934036
1747000 -5.83436137576077
1748000 -5.83662686340536
1749000 -5.83520854082754
1750000 -5.84551456045868
1751000 -5.84822276020667
1752000 -5.84456818290067
1753000 -5.85212117409184
1754000 -5.8607521052983
1755000 -5.85393372768236
1756000 -5.86116993882594
1757000 -5.8679358813995
1758000 -5.86807161855678
1759000 -5.8696826223182
1760000 -5.87752142006486
1761000 -5.87807268317036
1762000 -5.88247261962451
1763000 -5.88355251036378
1764000 -5.89090143531999
1765000 -5.89205901603626
1766000 -5.89325617203322
1767000 -5.89850835996871
1768000 -5.90479378797419
1769000 -5.90123386509005
1770000 -5.9092180637766
1771000 -5.91245082183211
1772000 -5.91434180333811
1773000 -5.91867850143703
1774000 -5.92160484306233
1775000 -5.9246545182697
1776000 -5.93146955934845
1777000 -5.92828727269012
1778000 -5.93636644659848
1779000 -5.94077138633797
1780000 -5.93833850117607
1781000 -5.94521715746495
1782000 -5.95020693906447
1783000 -5.94954807758792
1784000 -5.95409354307411
1785000 -5.95828088182757
1786000 -5.9625577547605
1787000 -5.9637903853091
1788000 -5.96518981205454
1789000 -5.97535292484826
1790000 -5.97377399740367
1791000 -5.9745822196938
1792000 -5.98328441592944
1793000 -5.98578170846514
1794000 -5.98502297958247
1795000 -5.99035848903184
1796000 -5.9940642064177
1797000 -5.9991349599413
1798000 -5.99707387420641
1799000 -6.00428152586506
1800000 -6.01023180493852
1801000 -6.00798369949154
1802000 -6.01224050033921
1803000 -6.02111403337004
1804000 -6.01877543537432
1805000 -6.02269973126491
1806000 -6.02646023943508
1807000 -6.03286174624841
1808000 -6.03252493336465
1809000 -6.03245136498225
1810000 -6.04306048062586
1811000 -6.04623512187618
1812000 -6.04074243616966
1813000 -6.05213016621749
1814000 -6.05533250521405
1815000 -6.05561547408196
1816000 -6.05839322213079
1817000 -6.06413112299449
1818000 -6.06902126512862
1819000 -6.06679924028683
1820000 -6.071239028186
1821000 -6.08119463330188
1822000 -6.07622615299446
1823000 -6.08134273483284
1824000 -6.08822560150884
1825000 -6.08975368558338
1826000 -6.09219671550623
1827000 -6.09411126048854
1828000 -6.10269813337701
1829000 -6.10348202270201
1830000 -6.10285413755479
1831000 -6.11143945557386
1832000 -6.11259289570652
1833000 -6.1154852931618
1834000 -6.11870199855771
1835000 -6.12025200572042
1836000 -6.12857502194562
1837000 -6.12647389596985
1838000 -6.13178168471873
1839000 -6.13691610299479
1840000 -6.13857883093459
1841000 -6.142709206783
1842000 -6.14419455568244
1843000 -6.15017235017083
1844000 -6.15428478357027
1845000 -6.1501593327662
1846000 -6.16082456684028
1847000 -6.16311987449672
1848000 -6.16364967659239
1849000 -6.1656603396448
1850000 -6.17233934176935
1851000 -6.17780452490226
1852000 -6.17541526193708
1853000 -6.17955905918574
1854000 -6.189176125775
1855000 -6.18655993198914
1856000 -6.1905069236479
1857000 -6.19438816400959
1858000 -6.20009030532737
1859000 -6.19992270859036
1860000 -6.20111913496192
1861000 -6.21096514426729
1862000 -6.20959074046321
1863000 -6.21246991263971
1864000 -6.21691285655204
1865000 -6.22243979388885
1866000 -6.22533442311943
1867000 -6.22349464054973
1868000 -6.23243713995895
1869000 -6.23581281964336
1870000 -6.23544994820272
1871000 -6.2402222097302
1872000 -6.24141431313245
1873000 -6.25053262816187
1874000 -6.24689389693497
1875000 -6.25279901620822
1876000 -6.25704505323866
1877000 -6.25978734360567
1878000 -6.26369636154162
1879000 -6.26453454911311
1880000 -6.2716366937125
1881000 -6.2730126027157
1882000 -6.27469564831583
1883000 -6.28021164334506
1884000 -6.28278177655471
1885000 -6.28626860957761
1886000 -6.286491281715
1887000 -6.29260405016897
1888000 -6.29792979307922
1889000 -6.296864804922
1890000 -6.30169510926691
1891000 -6.30347358769324
1892000 -6.3137462172275
1893000 -6.30918762466218
1894000 -6.31455820199009
1895000 -6.31850302221021
1896000 -6.32368100113724
1897000 -6.32459084816637
1898000 -6.32394362440073
1899000 -6.33417902518799
1900000 -6.33414464768862
1901000 -6.33627223706262
1902000 -6.3399736651052
1903000 -6.34560351473475
1904000 -6.34921748681309
1905000 -6.34728465784163
1906000 -6.35594133295452
1907000 -6.35925443999593
1908000 -6.35933262765158
1909000 -6.36259918323335
1910000 -6.36624950283418
1911000 -6.37440792992648
1912000 -6.36926026091289
1913000 -6.37704887177131
1914000 -6.3785924630202
1915000 -6.38666835382228
1916000 -6.3850831484322
1917000 -6.38865967925798
1918000 -6.39410021654058
1919000 -6.39751653492502
1920000 -6.40140877838775
1921000 -6.39921376556978
1922000 -6.40833957598406
1923000 -6.40928273589087
1924000 -6.41372379374273
1925000 -6.41316161772587
1926000 -6.41999862871855
1927000 -6.42447071765956
1928000 -6.42319495975639
1929000 -6.42936047847497
1930000 -6.43329902935208
1931000 -6.43792001478079
1932000 -6.43560876545149
1933000 -6.44146568219195
1934000 -6.44897746755806
1935000 -6.4479273891479
1936000 -6.44994836206732
1937000 -6.45215357784951
1938000 -6.46250405734574
1939000 -6.46024417480341
1940000 -6.46365009513995
1941000 -6.46540459526301
1942000 -6.47343223312125
1943000 -6.47570924073911
1944000 -6.47626027063567
1945000 -6.48001726604441
1946000 -6.48339215180675
1947000 -6.49077798077547
1948000 -6.48705981123197
1949000 -6.49381294285199
1950000 -6.49481692449965
1951000 -6.50394541660828
1952000 -6.49962576997486
1953000 -6.50662961476918
1954000 -6.51092067373059
1955000 -6.51473191672802
1956000 -6.51445446018181
1957000 -6.51795160098771
1958000 -6.52784957082581
1959000 -6.52459347396127
1960000 -6.528956898609
1961000 -6.52908079189323
1962000 -6.54152813986143
1963000 -6.53668957995874
1964000 -6.54235266474602
1965000 -6.54237009200024
1966000 -6.55239943616861
1967000 -6.5525672078993
1968000 -6.5545622568986
1969000 -6.55719714663761
1970000 -6.56155195542753
1971000 -6.56911086593096
1972000 -6.56547899616214
1973000 -6.57118027162374
1974000 -6.57132115169192
1975000 -6.58274092588246
1976000 -6.57766878873618
1977000 -6.58392742330067
1978000 -6.58551447099615
1979000 -6.59443942211547
1980000 -6.59186615576957
1981000 -6.59668573648687
1982000 -6.60138278576594
1983000 -6.60604804162084
1984000 -6.60525686219608
1985000 -6.60854089677318
1986000 -6.61536180056993
1987000 -6.61731168554972
1988000 -6.61886533451182
1989000 -6.61955517314911
1990000 -6.62929094574038
1991000 -6.62937804427028
1992000 -6.63466560393544
1993000 -6.63160062318481
1994000 -6.64130496004235
1995000 -6.6430855974597
1996000 -6.64790565178353
1997000 -6.64523835459711
1998000 -6.65099805402581
1999000 -6.65609958894056
2000000 -6.66083272841727
2001000 -6.65767462671305
2002000 -6.6639806776785
2003000 -6.66808239031059
2004000 -6.67495882536682
2005000 -6.67157960730326
2006000 -6.6779420342499
2007000 -6.682057685087
2008000 -6.68623133167021
2009000 -6.68563238328844
2010000 -6.69029382722536
2011000 -6.6945382650066
2012000 -6.69817630616429
2013000 -6.69800796459872
2014000 -6.70210491113707
2015000 -6.70786124382169
2016000 -6.70984229048356
2017000 -6.7136084425046
2018000 -6.71318801368524
2019000 -6.72129076476198
2020000 -6.72386982204544
2021000 -6.72754882432442
2022000 -6.72550626726611
2023000 -6.73259495500275
2024000 -6.73636580434802
2025000 -6.74211426462785
2026000 -6.73764618511429
2027000 -6.74384574083906
2028000 -6.74938481081144
2029000 -6.75434022422698
2030000 -6.75336587524616
2031000 -6.75644560501998
2032000 -6.76095499769944
2033000 -6.76764746409854
2034000 -6.76703308051438
2035000 -6.76998033209984
2036000 -6.77234366010956
2037000 -6.77839663164251
2038000 -6.78007656119611
2039000 -6.78413035366902
2040000 -6.78373922322727
2041000 -6.79209841899686
2042000 -6.79312845210306
2043000 -6.797212869607
2044000 -6.79769032759859
2045000 -6.80516795790427
2046000 -6.80626476321671
2047000 -6.80959841496857
2048000 -6.8102556132031
2049000 -6.81630479775877
2050000 -6.82083637898258
2051000 -6.82057364522415
2052000 -6.8231921625467
2053000 -6.82786954346353
2054000 -6.83399548349649
2055000 -6.83485143365334
2056000 -6.83766089432473
2057000 -6.83895212783947
2058000 -6.84640212501057
2059000 -6.84975589285943
2060000 -6.85152266897357
2061000 -6.85036035508669
2062000 -6.8572500987016
2063000 -6.86084460614064
2064000 -6.86623746633345
2065000 -6.86342158944521
2066000 -6.86928404777727
2067000 -6.87204000846252
2068000 -6.8808926797657
2069000 -6.87712823946441
2070000 -6.88331444413177
2071000 -6.88406745254338
2072000 -6.89243754706082
2073000 -6.89119195040261
2074000 -6.89641779193299
2075000 -6.89631857089209
2076000 -6.9021076221198
2077000 -6.90570073157548
2078000 -6.90789965227532
2079000 -6.91045846659814
2080000 -6.91341837404869
2081000 -6.92062936539818
2082000 -6.91934590839845
2083000 -6.92486294899758
2084000 -6.92611390399095
2085000 -6.93366118588174
2086000 -6.93222598341909
2087000 -6.93714330795938
2088000 -6.93775864934011
2089000 -6.94557439630788
2090000 -6.94582509998356
2091000 -6.94986966844536
2092000 -6.94996143729741
2093000 -6.95687829023837
2094000 -6.96078853054372
2095000 -6.96353385491891
2096000 -6.96409028836817
2097000 -6.9664048167404
2098000 -6.97476802449843
2099000 -6.97605617680558
2100000 -6.97981849444668
2101000 -6.97579223854618
2102000 -6.98569575844572
2103000 -6.98740809855372
2104000 -6.99503735251216
2105000 -6.99080032910911
2106000 -6.99622000952254
2107000 -7.00039230031461
2108000 -7.00628937761434
2109000 -7.00886221472563
2110000 -7.00685595032384
2111000 -7.01320026889759
2112000 -7.01456314869117
2113000 -7.02371353491096
2114000 -7.02015923979361
2115000 -7.02520198992691
2116000 -7.02680929603148
2117000 -7.0342700247409
2118000 -7.03656037080449
2119000 -7.0368130573616
2120000 -7.042816994279
2121000 -7.04410544066061
2122000 -7.05126579678552
2123000 -7.04860357122831
2124000 -7.05521382174528
2125000 -7.05586160922535
2126000 -7.06187966088181
2127000 -7.06381084266869
2128000 -7.06563533372454
2129000 -7.06989573831328
2130000 -7.07250018937024
2131000 -7.08010938479132
2132000 -7.07849982614976
2133000 -7.08251542018861
2134000 -7.08417598913911
2135000 -7.09190105734093
2136000 -7.09398497090026
2137000 -7.09273281588186
2138000 -7.09710840982438
2139000 -7.10081977077058
2140000 -7.10911183336938
2141000 -7.1069870428719
2142000 -7.11044981553608
2143000 -7.11261326872029
2144000 -7.11897609922297
2145000 -7.12384948420976
2146000 -7.12291908867218
2147000 -7.12670241705893
2148000 -7.12679287962637
2149000 -7.13669471962832
2150000 -7.13710726798142
2151000 -7.13970499539925
2152000 -7.14012256832638
2153000 -7.14513300832963
2154000 -7.15239264684705
2155000 -7.15192111835936
2156000 -7.15580292534168
2157000 -7.15621510999689
2158000 -7.1625626994807
2159000 -7.16618329878866
2160000 -7.16838781461764
2161000 -7.17174113554419
2162000 -7.17150557159776
2163000 -7.17836692687689
2164000 -7.18148808827882
2165000 -7.18428136725176
2166000 -7.18600612230844
2167000 -7.18744396000602
2168000 -7.19616684548346
2169000 -7.19629420946927
2170000 -7.20098852526728
2171000 -7.20140595033573
2172000 -7.20538745376624
2173000 -7.21089065998638
2174000 -7.21085506900532
2175000 -7.21683745748424
2176000 -7.21539871629344
2177000 -7.2214010354913
2178000 -7.22565256220536
2179000 -7.22850099404806
2180000 -7.23199396371709
2181000 -7.23128471223272
2182000 -7.2384497768896
2183000 -7.24216183374582
2184000 -7.24333647693581
2185000 -7.2468155399314
2186000 -7.24716859425207
2187000 -7.25492477492244
2188000 -7.25650859018698
2189000 -7.25908975324289
2190000 -7.26304608611434
2191000 -7.26211196479432
2192000 -7.27109509956192
2193000 -7.27160754333026
2194000 -7.27577757394586
2195000 -7.27744048885572
2196000 -7.27858604396204
2197000 -7.28817510720648
2198000 -7.2874441218458
2199000 -7.29071189398672
2200000 -7.29214811102487
2201000 -7.29454770484108
2202000 -7.30316550935579
2203000 -7.30324527057915
2204000 -7.30629586508422
2205000 -7.30842648721965
2206000 -7.30891288556726
2207000 -7.31982168773479
2208000 -7.31999066166024
2209000 -7.32304341753648
2210000 -7.32302299315334
2211000 -7.32357254935398
2212000 -7.33555588670548
2213000 -7.33476692241418
2214000 -7.3390484620547
2215000 -7.33883637445313
2216000 -7.33991100809631
2217000 -7.34909363429596
2218000 -7.35096468748643
2219000 -7.35443257758399
2220000 -7.35575338828735
2221000 -7.35547989295553
2222000 -7.36476996323865
2223000 -7.3683724573923
2224000 -7.36931330685849
2225000 -7.37151648085543
2226000 -7.36966853814322
2227000 -7.37859083075433
2228000 -7.383132664046
2229000 -7.38548081275179
2230000 -7.38885803923725
2231000 -7.3875815791613
2232000 -7.39255294020218
2233000 -7.39931544865812
2234000 -7.40041119306923
2235000 -7.40403376561532
2236000 -7.40468126715963
2237000 -7.40708203551077
2238000 -7.41519356775565
2239000 -7.41561381894945
2240000 -7.41905948097045
2241000 -7.42149268063031
2242000 -7.42181420394786
2243000 -7.42852134832347
2244000 -7.43232003526215
2245000 -7.43344890083386
2246000 -7.43973616793158
2247000 -7.43862238667415
2248000 -7.44319026657859
2249000 -7.44920165218709
2250000 -7.4472795518518
2251000 -7.4552746965448
2252000 -7.45529631269973
2253000 -7.45674650336237
2254000 -7.46336526407328
2255000 -7.46287024236262
2256000 -7.46898852171798
2257000 -7.47390163959145
2258000 -7.47390320221112
2259000 -7.47888698243758
2260000 -7.48071626525863
2261000 -7.48187317213449
2262000 -7.48907149093294
2263000 -7.49073157083338
2264000 -7.49181660865128
2265000 -7.49548929011742
2266000 -7.49704085515885
2267000 -7.50171179728986
2268000 -7.5090866328408
2269000 -7.50847894963375
2270000 -7.51135646644142
2271000 -7.51524430011374
2272000 -7.51481274095908
2273000 -7.52468703378059
2274000 -7.52758827817421
2275000 -7.52573054911266
2276000 -7.52932000880484
2277000 -7.53017174548921
2278000 -7.53495399162056
2279000 -7.54391038285702
2280000 -7.54318314686724
2281000 -7.54393562257854
2282000 -7.54784504627867
2283000 -7.54896978532
2284000 -7.55738382221487
2285000 -7.56308311936026
2286000 -7.56041351917559
2287000 -7.56157520085304
2288000 -7.56654718802993
2289000 -7.56974060422457
2290000 -7.57712413404386
2291000 -7.58017811370703
2292000 -7.57720555987751
2293000 -7.58111791366279
2294000 -7.58589424324513
2295000 -7.58931965489677
2296000 -7.59645250883266
2297000 -7.59692608166062
2298000 -7.59297447957924
2299000 -7.60002722032362
2300000 -7.60514832778626
2301000 -7.60795788165213
2302000 -7.61370773805843
2303000 -7.61216488638548
2304000 -7.61148696347967
2305000 -7.61918947280069
2306000 -7.62426917976369
2307000 -7.62744868701864
2308000 -7.63224283820865
2309000 -7.63031331347321
2310000 -7.63081335298409
2311000 -7.6384915099195
2312000 -7.64398311839602
2313000 -7.64472754244886
2314000 -7.64881203575107
2315000 -7.64945690108378
2316000 -7.64839852122125
2317000 -7.65745045512533
2318000 -7.6638752469071
2319000 -7.66366165107728
2320000 -7.66766652412841
2321000 -7.66797383355834
2322000 -7.66764972168559
2323000 -7.67650323025929
2324000 -7.68164500165768
2325000 -7.68232648960952
2326000 -7.68424575808175
2327000 -7.68564993861066
2328000 -7.68639170436058
2329000 -7.69380543423563
2330000 -7.70225803129384
2331000 -7.70116290624305
2332000 -7.70034129795724
2333000 -7.70445061878393
2334000 -7.70642464522618
2335000 -7.71164162576252
2336000 -7.72115498715395
2337000 -7.71937606967624
2338000 -7.7169945215904
2339000 -7.72159997728518
2340000 -7.72549139807577
2341000 -7.73108020824373
2342000 -7.73806132414679
2343000 -7.73928373056679
2344000 -7.73533877979725
2345000 -7.73835615696936
2346000 -7.74614436779781
2347000 -7.75059386806881
2348000 -7.75409099823108
2349000 -7.75824242300622
2350000 -7.75426757337626
2351000 -7.75446663905967
2352000 -7.76522645732497
2353000 -7.77060688723829
2354000 -7.7725342754278
2355000 -7.77488041589902
2356000 -7.77393302471232
2357000 -7.77396729974737
2358000 -7.78206398131147
2359000 -7.79176067463104
2360000 -7.79266093294043
2361000 -7.7889780205919
2362000 -7.79165451915405
2363000 -7.79518642137426
2364000 -7.79767746137637
2365000 -7.80875655793855
2366000 -7.81228479179264
2367000 -7.80714167955676
2368000 -7.80736917295039
2369000 -7.81362938350908
2370000 -7.81962573778202
2371000 -7.82559359449035
2372000 -7.8290876689862
2373000 -7.82923468010451
2374000 -7.82644742171661
2375000 -7.82819560458231
2376000 -7.8404854285051
2377000 -7.84420883924396
2378000 -7.84399501872939
2379000 -7.84686126465392
2380000 -7.84616401981452
2381000 -7.8470261469703
2382000 -7.85639111284769
2383000 -7.86441350132666
2384000 -7.86468595671783
2385000 -7.86342772305217
2386000 -7.86387988748834
2387000 -7.86907557488321
2388000 -7.87238623017652
2389000 -7.87805221962057
2390000 -7.88475482423668
2391000 -7.88279935864347
2392000 -7.88037481037355
2393000 -7.88644296815817
2394000 -7.89351178998483
2395000 -7.89697151191261
2396000 -7.9003571583344
2397000 -7.90249261029923
2398000 -7.90331559658742
2399000 -7.90226466750338
2400000 -7.90789506536318
2401000 -7.91711391428594
2402000 -7.91852513385228
2403000 -7.91717652852966
2404000 -7.92054690740426
2405000 -7.92454711814793
2406000 -7.92666018632594
2407000 -7.93184119745075
2408000 -7.93712825354702
2409000 -7.94084620739058
2410000 -7.93882175622492
2411000 -7.93863505491812
2412000 -7.94642892815824
2413000 -7.95130663352194
2414000 -7.95177618022115
2415000 -7.95575432376983
2416000 -7.96050362392037
2417000 -7.95911928991511
2418000 -7.9612821502731
2419000 -7.96655369401053
2420000 -7.97386529622711
2421000 -7.97734549809798
2422000 -7.97535820414297
2423000 -7.97739553778334
2424000 -7.98227703245889
2425000 -7.98483812703898
2426000 -7.98699226843915
2427000 -7.9935660729229
2428000 -7.99684287800156
2429000 -7.99719475199538
2430000 -7.99640703313526
2431000 -8.00094322138844
2432000 -8.00957079310902
2433000 -8.01250515773769
2434000 -8.01299583179311
2435000 -8.01626221047439
2436000 -8.01934320444154
2437000 -8.01854176532358
2438000 -8.02166127802629
2439000 -8.02765741298613
2440000 -8.03448282814341
2441000 -8.03722751966829
2442000 -8.03341478724611
2443000 -8.03477509413858
2444000 -8.04217663795248
2445000 -8.04813198875492
2446000 -8.0496636435108
2447000 -8.05400369782705
2448000 -8.05681381068875
2449000 -8.05647296922331
2450000 -8.05615010200367
2451000 -8.05982827923604
2452000 -8.06916645266693
2453000 -8.07520889504965
2454000 -8.07362093068758
2455000 -8.07148833967309
2456000 -8.0751089256222
2457000 -8.08069654188854
2458000 -8.08702191390636
2459000 -8.0905299378807
2460000 -8.09195031083683
2461000 -8.09458153270942
2462000 -8.09535373458982
2463000 -8.09453561223756
2464000 -8.09892897412435
2465000 -8.10864508697228
2466000 -8.11291214118071
2467000 -8.11309545760639
2468000 -8.11202731736615
2469000 -8.11352922601381
2470000 -8.11971695754622
2471000 -8.12578160390686
2472000 -8.12830785343886
2473000 -8.13056752853366
2474000 -8.13449606227188
2475000 -8.13494316524164
2476000 -8.13552011596905
2477000 -8.13741895889443
2478000 -8.14300236251018
2479000 -8.15109391334425
2480000 -8.15483723714106
2481000 -8.15238518333142
2482000 -8.15155945378699
2483000 -8.15730144638867
2484000 -8.16271556981131
2485000 -8.16823577198357
2486000 -8.17068252836865
2487000 -8.1710460999225
2488000 -8.17356458144569
2489000 -8.17698059700076
2490000 -8.17843821203696
2491000 -8.17931964137175
2492000 -8.18534664239054
2493000 -8.1911924757941
2494000 -8.19585300412234
2495000 -8.19584997525912
2496000 -8.19435886514511
2497000 -8.19693497626159
2498000 -8.20410738969475
2499000 -8.21057800865932
2500000 -8.21218097711185
2501000 -8.21342525934076
2502000 -8.21310556508502
2503000 -8.21565106589142
2504000 -8.22060162845306
2505000 -8.22425727305345
2506000 -8.22669554591778
2507000 -8.23157022280809
2508000 -8.23732958236062
2509000 -8.237976456563
2510000 -8.23863278916391
2511000 -8.23861131969032
2512000 -8.24179415802388
2513000 -8.24976512936269
2514000 -8.25666198379694
2515000 -8.25735217811488
2516000 -8.25516862132848
2517000 -8.25534050773072
2518000 -8.25754123392907
2519000 -8.26595596181047
2520000 -8.27392678155618
2521000 -8.27623144315229
2522000 -8.27523136015784
2523000 -8.27591792030564
2524000 -8.27808705313172
2525000 -8.28167542135109
2526000 -8.28809811096161
2527000 -8.29149744529027
2528000 -8.29292236398867
2529000 -8.29551580751137
2530000 -8.29864232639427
2531000 -8.29928789353738
2532000 -8.30148391350648
2533000 -8.30657542799244
2534000 -8.31063200102841
2535000 -8.31575600897108
2536000 -8.32008106270899
2537000 -8.32100747360314
2538000 -8.31910517517306
2539000 -8.32048682676005
2540000 -8.32450906233885
2541000 -8.33068353836601
2542000 -8.33816315589086
2543000 -8.34082617468188
2544000 -8.33943709350973
2545000 -8.33835405892932
2546000 -8.34177115263229
2547000 -8.34661927491089
2548000 -8.35338589112719
2549000 -8.35961723032111
2550000 -8.36083618300813
2551000 -8.36010594620955
2552000 -8.3603024933156
2553000 -8.36281393085757
2554000 -8.366041119737
2555000 -8.37256231655407
2556000 -8.37749054550614
2557000 -8.3788649305264
2558000 -8.38097783124828
2559000 -8.38389551467776
2560000 -8.38587573287592
2561000 -8.38754450239763
2562000 -8.39225978601309
2563000 -8.39599635682512
2564000 -8.39886057385958
2565000 -8.4026192045584
2566000 -8.40479312475794
2567000 -8.40566343443128
2568000 -8.40798522797522
2569000 -8.41115395355546
2570000 -8.41375766621589
2571000 -8.41881376186447
2572000 -8.42388715093047
2573000 -8.42814155507557
2574000 -8.42977032833963
2575000 -8.43011501969887
2576000 -8.43131079191756
2577000 -8.43267815236581
2578000 -8.43709005525656
2579000 -8.44343313048742
2580000 -8.44819507868994
2581000 -8.44950682738713
2582000 -8.45164418333656
2583000 -8.45273103805133
2584000 -8.45200193032645
2585000 -8.45588929072794
2586000 -8.46254441119275
2587000 -8.46882773501612
2588000 -8.47216124885037
2589000 -8.47455019387909
2590000 -8.47483776872386
2591000 -8.47349755236188
2592000 -8.47409499933028
2593000 -8.47981056136721
2594000 -8.48580202602421
2595000 -8.49028774587217
2596000 -8.49621435407611
2597000 -8.49794802480127
2598000 -8.49726145211952
2599000 -8.49649765113783
2600000 -8.49884312406217
2601000 -8.50400537115377
2602000 -8.50853172402221
2603000 -8.51580640490511
2604000 -8.51987955071096
2605000 -8.51957056159532
2606000 -8.51851575698417
2607000 -8.51920019261421
2608000 -8.52201674636502
2609000 -8.52600197844701
2610000 -8.53250581355158
2611000 -8.53914515313345
2612000 -8.542001351156
2613000 -8.54214872022195
2614000 -8.54346389375842
2615000 -8.54380794615302
2616000 -8.54596019210706
2617000 -8.55009712120846
2618000 -8.55637796186354
2619000 -8.56047507339256
2620000 -8.56178522402467
2621000 -8.56430459463271
2622000 -8.56528321318381
2623000 -8.56700020431538
2624000 -8.57062490530773
2625000 -8.57729724425006
2626000 -8.58155298293852
2627000 -8.58299594958883
2628000 -8.58526999941974
2629000 -8.58563046000417
2630000 -8.5863823861325
2631000 -8.58769640780907
2632000 -8.59417400483658
2633000 -8.5998162227989
2634000 -8.60432321246656
2635000 -8.60853395113068
2636000 -8.61000921203271
2637000 -8.61011897569467
2638000 -8.60742280735752
2639000 -8.60977255647566
2640000 -8.61407331925568
2641000 -8.62032354397611
2642000 -8.62686480822291
2643000 -8.63322232707315
2644000 -8.63655614186952
2645000 -8.63509808525317
2646000 -8.63398422561401
2647000 -8.63341987036399
2648000 -8.63642018598945
2649000 -8.64044934615091
2650000 -8.64687361953533
2651000 -8.65286882211363
2652000 -8.65717561284442
2653000 -8.65811379322522
2654000 -8.65842332166411
2655000 -8.65943617677435
2656000 -8.66256163487668
2657000 -8.66487723742259
2658000 -8.67065982598352
2659000 -8.67485322160424
2660000 -8.6791967412355
2661000 -8.67877706114979
2662000 -8.68073246821214
2663000 -8.68115055469454
2664000 -8.68286572882279
2665000 -8.6855383085644
2666000 -8.69137591114044
2667000 -8.69790448525139
2668000 -8.70301313882565
2669000 -8.70668870190948
2670000 -8.70836052778551
2671000 -8.70833774413863
2672000 -8.70761352081344
2673000 -8.70747477951101
2674000 -8.71117373646685
2675000 -8.71591513465701
2676000 -8.7222692670755
2677000 -8.72530909586898
2678000 -8.72955301278727
2679000 -8.73084926686563
2680000 -8.73120613536033
2681000 -8.73097876108379
2682000 -8.73573658746798
2683000 -8.7403640046074
2684000 -8.74574393010052
2685000 -8.75001911087678
2686000 -8.75501434477106
2687000 -8.7566323001622
2688000 -8.75764560963387
2689000 -8.75627010896826
2690000 -8.75801227153941
2691000 -8.76061115481206
2692000 -8.76475110145111
2693000 -8.7685196841472
2694000 -8.77275520664981
2695000 -8.77756219333497
2696000 -8.77794495670879
2697000 -8.77888631380503
2698000 -8.77962054372364
2699000 -8.7829549626433
2700000 -8.7849143673824
2701000 -8.79014067247475
2702000 -8.79645447179453
2703000 -8.80196295813831
2704000 -8.80611732714502
2705000 -8.80641260207132
2706000 -8.80816364809451
2707000 -8.80865752633268
2708000 -8.81114400945549
2709000 -8.81298056074154
2710000 -8.81757189783824
2711000 -8.82373525797846
2712000 -8.82621583680394
2713000 -8.82909153231499
2714000 -8.82980040581964
2715000 -8.83140610654864
2716000 -8.83160435030566
2717000 -8.83333154750899
2718000 -8.83663432571215
2719000 -8.84048766793433
2720000 -8.84696216891841
2721000 -8.84930492948756
2722000 -8.85334244689657
2723000 -8.85553888162573
2724000 -8.85614963613446
2725000 -8.85625807647923
2726000 -8.85616692591339
2727000 -8.8592442505352
2728000 -8.86326462982444
2729000 -8.86966992564069
2730000 -8.87428171639894
2731000 -8.87798595083349
2732000 -8.88234569926254
2733000 -8.88373043068929
2734000 -8.88391352305261
2735000 -8.8838576897182
2736000 -8.88590008798373
2737000 -8.88993521553162
2738000 -8.89503671748349
2739000 -8.89920107650622
2740000 -8.90347628454016
2741000 -8.90771016611107
2742000 -8.90960666896769
2743000 -8.91019474818391
2744000 -8.91052826159015
2745000 -8.91232219681204
2746000 -8.91525416973558
2747000 -8.91950446506427
2748000 -8.92413825364516
2749000 -8.92805916758599
2750000 -8.93370736583041
2751000 -8.93647633790756
2752000 -8.93717702265298
2753000 -8.93815510082893
2754000 -8.93764385571799
2755000 -8.94004791357692
2756000 -8.9434505583179
2757000 -8.94681029364549
2758000 -8.95127519146864
2759000 -8.95721203869319
2760000 -8.96094849140209
2761000 -8.96264870427981
2762000 -8.96409916260743
2763000 -8.96307593889443
2764000 -8.96532003902052
2765000 -8.96777638002706
2766000 -8.97031541123462
2767000 -8.9744028248225
2768000 -8.97877379338191
2769000 -8.98339383324175
2770000 -8.98757543000031
2771000 -8.99003945212442
2772000 -8.98878816098225
2773000 -8.99045381555325
2774000 -8.99232338873163
2775000 -8.99405082183319
2776000 -8.99750231344554
2777000 -9.00078499795587
2778000 -9.00584851437658
2779000 -9.01176075786361
2780000 -9.01569879467259
2781000 -9.01701201055532
2782000 -9.01728418855417
2783000 -9.01823605814871
2784000 -9.02038122174161
2785000 -9.02370004192174
2786000 -9.0271764884568
2787000 -9.03189789579002
2788000 -9.03719928151543
2789000 -9.04259324924485
2790000 -9.04740100980163
2791000 -9.04728293066412
2792000 -9.04729242447097
2793000 -9.04890812002171
2794000 -9.04997201517762
2795000 -9.05225739154924
2796000 -9.0552036207467
2797000 -9.05804782777233
2798000 -9.06150991524061
2799000 -9.06699364033368
2800000 -9.07122199429507
2801000 -9.07346544142903
2802000 -9.07352274431999
2803000 -9.07349695063898
2804000 -9.07592536755994
2805000 -9.07707253905775
2806000 -9.08012532313728
2807000 -9.08368748482059
2808000 -9.08753347118962
2809000 -9.09262098397964
2810000 -9.09830856112844
2811000 -9.10289563572647
2812000 -9.10475516070219
2813000 -9.10558219929974
2814000 -9.10637450862714
2815000 -9.10939726300414
2816000 -9.11129520126328
2817000 -9.11331264807587
2818000 -9.11612002174026
2819000 -9.11849721553559
2820000 -9.1228101780248
2821000 -9.12644213074763
2822000 -9.12956502767129
2823000 -9.13191971046455
2824000 -9.13158501332217
2825000 -9.13255268966278
2826000 -9.13616009752649
2827000 -9.14010325665575
2828000 -9.14382789264461
2829000 -9.1465039128974
2830000 -9.15065296027423
2831000 -9.15571597636766
2832000 -9.15976848943753
2833000 -9.16137392894735
2834000 -9.1624419935959
2835000 -9.16193643896114
2836000 -9.1623955063186
2837000 -9.16383382642153
2838000 -9.16647231588604
2839000 -9.17189171502219
2840000 -9.1755479636433
2841000 -9.17980207384255
2842000 -9.18381534633992
2843000 -9.18775797675166
2844000 -9.19255495058327
2845000 -9.19428174629227
2846000 -9.19433669868699
2847000 -9.19287865708419
2848000 -9.19283958949389
2849000 -9.19643579399924
2850000 -9.20108330417451
2851000 -9.20545451420067
2852000 -9.20946873300328
2853000 -9.21333548855643
2854000 -9.2176196639656
2855000 -9.22199116621229
2856000 -9.22420637316178
2857000 -9.22477405136716
2858000 -9.22377335986359
2859000 -9.22284687474745
2860000 -9.22537009316684
2861000 -9.22911955352113
2862000 -9.234832257504
2863000 -9.24032034037592
2864000 -9.24375265193926
2865000 -9.24794506754929
2866000 -9.24889275284909
2867000 -9.2512789825755
2868000 -9.25338331651822
2869000 -9.25480177173531
2870000 -9.25699436731518
2871000 -9.25810242860127
2872000 -9.2616998345432
2873000 -9.26512066577524
2874000 -9.26914468570361
2875000 -9.2730614748342
2876000 -9.27564202100447
2877000 -9.27747006780981
2878000 -9.27865549443604
2879000 -9.2807985332448
2880000 -9.28435097028733
2881000 -9.28843089396339
2882000 -9.29152881276703
2883000 -9.29347427790133
2884000 -9.2936081700946
2885000 -9.29443297004071
2886000 -9.29650926884641
2887000 -9.30077660623037
2888000 -9.30679869417068
2889000 -9.31179470472345
2890000 -9.3153670377105
2891000 -9.31664592743913
2892000 -9.31611526282221
2893000 -9.31704330839436
2894000 -9.31799707292876
2895000 -9.32217951705507
2896000 -9.32630408692359
2897000 -9.33025814061017
2898000 -9.3343627442907
2899000 -9.33572401780064
2900000 -9.3381406279129
2901000 -9.34018793490628
2902000 -9.34374273853471
2903000 -9.34834203025117
2904000 -9.35112432821843
2905000 -9.35408480967282
2906000 -9.3539969631353
2907000 -9.35393627321614
2908000 -9.35428786869799
2909000 -9.35625353074683
2910000 -9.36221686902323
2911000 -9.36725070754487
2912000 -9.37271876590179
2913000 -9.37570971318746
2914000 -9.37673169453737
2915000 -9.37823907672862
2916000 -9.37924960735847
2917000 -9.38365720795757
2918000 -9.38684473287271
2919000 -9.38983586303811
2920000 -9.39062486755206
2921000 -9.38981010898415
2922000 -9.39122016361783
2923000 -9.39352230353288
2924000 -9.39994138024004
2925000 -9.40616024019405
2926000 -9.41067296298821
2927000 -9.4131116728532
2928000 -9.41310674828787
2929000 -9.41476825094028
2930000 -9.41631850379211
2931000 -9.41931670679371
2932000 -9.42188204267326
2933000 -9.42310587280162
2934000 -9.42580063611805
2935000 -9.42780352250574
2936000 -9.43282164194777
2937000 -9.43665136880906
2938000 -9.43958439694302
2939000 -9.44152256316817
2940000 -9.44288460391062
2941000 -9.44703740576352
2942000 -9.45070938291296
2943000 -9.45543106781693
2944000 -9.4558999097617
2945000 -9.45481630583839
2946000 -9.45445200625877
2947000 -9.45621117596767
2948000 -9.46116823586866
2949000 -9.46519041476265
2950000 -9.46874191111721
2951000 -9.47154761429057
2952000 -9.47496499087036
2953000 -9.47999418375078
2954000 -9.48290028988945
2955000 -9.48462136669998
2956000 -9.48348951493804
2957000 -9.48443597128372
2958000 -9.48797815960962
2959000 -9.49235576788283
2960000 -9.49601819220235
2961000 -9.49653142218908
2962000 -9.49876607477783
2963000 -9.50167895935495
2964000 -9.506179503136
2965000 -9.50910101244999
2966000 -9.50969573538035
2967000 -9.51113142028568
2968000 -9.51479088767552
2969000 -9.52052949286016
2970000 -9.52412473872482
2971000 -9.52533512216672
2972000 -9.52620178831899
2973000 -9.52961903058702
2974000 -9.53322436797283
2975000 -9.53486036549242
2976000 -9.53443752614539
2977000 -9.53611715808265
2978000 -9.54048861576408
2979000 -9.54562931116952
2980000 -9.54858528033833
2981000 -9.54952386550284
2982000 -9.55271588362484
2983000 -9.55672370851149
2984000 -9.56035110841367
2985000 -9.56017730529733
2986000 -9.55999458312444
2987000 -9.56333772296179
2988000 -9.56758559951935
2989000 -9.57088469285897
2990000 -9.57084094618796
2991000 -9.57329493333981
2992000 -9.57797405629895
2993000 -9.58206068847505
2994000 -9.58344627512939
2995000 -9.58393581908451
2996000 -9.58891845625613
2997000 -9.59245768311329
2998000 -9.59462652900637
2999000 -9.59444745643916
3000000 -9.59716526515996
3001000 -9.60232568503898
3002000 -9.60538859238194
3003000 -9.60618860867434
3004000 -9.60805016312224
3005000 -9.61272273385776
3006000 -9.61533476450274
3007000 -9.61519440657726
3008000 -9.61573605055015
3009000 -9.62013318667416
3010000 -9.62370224381967
3011000 -9.62551680562514
3012000 -9.6265493337298
3013000 -9.63227276273305
3014000 -9.63670794994882
3015000 -9.63838319265798
3016000 -9.63941550172577
3017000 -9.64309151229401
3018000 -9.64748437681321
3019000 -9.64648596239081
3020000 -9.64754302301797
3021000 -9.65111317539774
3022000 -9.65592817730775
3023000 -9.65568894740382
3024000 -9.65644203881578
3025000 -9.66074743899086
3026000 -9.66430231290582
3027000 -9.66470633185827
3028000 -9.6676625605163
3029000 -9.6740565625054
3030000 -9.67833484903949
3031000 -9.67801488534253
3032000 -9.68043313698285
3033000 -9.6857111769937
3034000 -9.68658724608165
3035000 -9.68718124157036
3036000 -9.68946180390075
3037000 -9.69396097730239
3038000 -9.6926169903693
3039000 -9.69355145785097
3040000 -9.69777433185525
3041000 -9.70210292856502
3042000 -9.70240826548759
3043000 -9.70544308845295
3044000 -9.7109202568083
3045000 -9.71359069539
3046000 -9.71433880736592
3047000 -9.71973128611962
3048000 -9.72388555070529
3049000 -9.7239244423702
3050000 -9.72485282779568
3051000 -9.72951500289272
3052000 -9.73167385090778
3053000 -9.73056661340771
3054000 -9.73466291810347
3055000 -9.73764382581406
3056000 -9.73772111123943
3057000 -9.73991273217325
3058000 -9.74587531100687
3059000 -9.74708899245955
3060000 -9.74804323591289
3061000 -9.75277056455191
3062000 -9.75697462260483
3063000 -9.75665397952393
3064000 -9.76060596754296
3065000 -9.76406498240006
3066000 -9.76515858150647
3067000 -9.76658480760694
3068000 -9.77195340923363
3069000 -9.7722696546268
3070000 -9.77257646135071
3071000 -9.7778110646138
3072000 -9.78030052888779
3073000 -9.77938152263272
3074000 -9.7841369447396
3075000 -9.7884019895068
3076000 -9.78919084771618
3077000 -9.79282417849706
3078000 -9.7980224938503
3079000 -9.79830003788395
3080000 -9.80108042385084
3081000 -9.80638241718993
3082000 -9.80573151008346
3083000 -9.80720753609515
3084000 -9.81212597719518
3085000 -9.81222311333389
3086000 -9.81168160203675
3087000 -9.81600032532468
3088000 -9.81714558710895
3089000 -9.81689862795958
3090000 -9.82173779342924
3091000 -9.8240597796027
3092000 -9.82442291344751
3093000 -9.8304304041891
3094000 -9.83297232444565
3095000 -9.83422953093191
3096000 -9.83970457111256
3097000 -9.84239767164746
3098000 -9.84390684800238
3099000 -9.84919138928226
3100000 -9.85093131416801
3101000 -9.85167877020005
3102000 -9.85689290820017
3103000 -9.85788717582759
3104000 -9.85704144233788
3105000 -9.86244594443301
3106000 -9.86281705727602
3107000 -9.86348604652803
3108000 -9.86874415135471
3109000 -9.86927981551158
3110000 -9.87153649333766
3111000 -9.87675825333219
3112000 -9.8770917510395
3113000 -9.87992945517934
3114000 -9.88536554869056
3115000 -9.88611785747914
3116000 -9.88969136109218
3117000 -9.8939674532404
3118000 -9.89438188545951
3119000 -9.89843895177871
3120000 -9.90099235585502
3121000 -9.90027971706597
3122000 -9.90621261904769
3123000 -9.90602767234512
3124000 -9.90759438480384
3125000 -9.91209566692056
3126000 -9.91221672945267
3127000 -9.91463753439494
3128000 -9.91861930581264
3129000 -9.91778353441151
3130000 -9.92355037975567
3131000 -9.92389680883926
3132000 -9.92621348095352
3133000 -9.93085184115348
3134000 -9.93200468735234
3135000 -9.93423431056187
3136000 -9.93838479590196
3137000 -9.93832843562411
3138000 -9.9433253630848
3139000 -9.94424719887939
3140000 -9.94660581067696
3141000 -9.9514045049861
3142000 -9.95150290047073
3143000 -9.95535194726811
3144000 -9.95876049228102
3145000 -9.95883266190171
3146000 -9.96347001230234
3147000 -9.96460759938132
3148000 -9.96664488669846
3149000 -9.97041911151645
3150000 -9.96926830032972
3151000 -9.97417888687302
3152000 -9.97356259308463
3153000 -9.97545841272676
3154000 -9.97893324488764
3155000 -9.97874724585309
3156000 -9.98274874297052
3157000 -9.98475595221134
3158000 -9.98633020285626
3159000 -9.99165206796542
3160000 -9.9910177396302
3161000 -9.99743598793591
3162000 -9.9979387109245
3163000 -10.0008699029563
3164000 -10.0058552777388
3165000 -10.0052219845975
3166000 -10.0114609951896
3167000 -10.0113839252327
3168000 -10.0152112363175
3169000 -10.017207085893
3170000 -10.0175667893369
3171000 -10.022015001104
3172000 -10.0206703986121
3173000 -10.0243191172938
3174000 -10.0258535334595
3175000 -10.026662523844
3176000 -10.0310005334555
3177000 -10.0300849949293
3178000 -10.0362578710737
3179000 -10.035585190722
3180000 -10.0406191120735
3181000 -10.0431629480113
3182000 -10.0447772054957
3183000 -10.0504145312014
3184000 -10.049856855359
3185000 -10.0563069218681
3186000 -10.0558091320878
3187000 -10.0610272822533
3188000 -10.0616869646999
3189000 -10.0647000580089
3190000 -10.067835160392
3191000 -10.0670470349023
3192000 -10.0723447114463
3193000 -10.0702713160236
3194000 -10.0755938378723
3195000 -10.0744420986137
3196000 -10.0788854334532
3197000 -10.0794445065724
3198000 -10.0820915406457
3199000 -10.0860726584874
3200000 -10.0856155865556
3201000 -10.0922913538103
3202000 -10.0904372779883
3203000 -10.0971094801538
3204000 -10.0961979811762
3205000 -10.1015931691725
3206000 -10.1011144109721
3207000 -10.1054659698692
3208000 -10.106512840354
3209000 -10.1081899207137
3210000 -10.1119781728603
3211000 -10.1114240463938
3212000 -10.1168800210157
3213000 -10.1155136773576
3214000 -10.1217590110943
3215000 -10.1203811481123
3216000 -10.1271849501657
3217000 -10.1260858867539
3218000 -10.1324838725967
3219000 -10.1328213616254
3220000 -10.1376530448235
3221000 -10.1395442851715
3222000 -10.1426814052945
3223000 -10.1446756306644
3224000 -10.1470175577331
3225000 -10.1480833088481
3226000 -10.1506512167813
3227000 -10.1514765374986
3228000 -10.1530022223056
3229000 -10.1549933087777
3230000 -10.1551193707251
3231000 -10.1586000772419
3232000 -10.1585154291474
3233000 -10.1632942291333
3234000 -10.163269354126
3235000 -10.1682788924697
3236000 -10.1687284432393
3237000 -10.1740648655836
3238000 -10.1739917876079
3239000 -10.1793126343235
3240000 -10.1792061404413
3241000 -10.1841925936703
3242000 -10.1844073738772
3243000 -10.1885573386075
3244000 -10.189499408827
3245000 -10.1934798678384
3246000 -10.194379762653
3247000 -10.1988953345945
3248000 -10.1987301328284
3249000 -10.2041220523062
3250000 -10.2033442441864
3251000 -10.2079201138727
3252000 -10.2082728143376
3253000 -10.2112488606914
3254000 -10.2127603953747
3255000 -10.2151535523407
3256000 -10.2170845671762
3257000 -10.2195146988972
3258000 -10.2220568992114
3259000 -10.2242722009166
3260000 -10.2279110236958
3261000 -10.2294852676196
3262000 -10.2325409250187
3263000 -10.2333953502364
3264000 -10.2370681152829
3265000 -10.2356680679268
3266000 -10.2406270521502
3267000 -10.2393200968076
3268000 -10.2438373632097
3269000 -10.2434721258032
3270000 -10.2484579398699
3271000 -10.248414805419
3272000 -10.2517771513757
3273000 -10.2536198360263
3274000 -10.2552863175479
3275000 -10.2576950442841
3276000 -10.2597110679753
3277000 -10.2633273438997
3278000 -10.2643615471927
3279000 -10.2699572695815
3280000 -10.2705671635018
3281000 -10.2758765917902
3282000 -10.2756201219817
3283000 -10.2808252824328
3284000 -10.280702339931
3285000 -10.2840100549848
3286000 -10.2864480518552
3287000 -10.2876570548891
3288000 -10.2925905562951
3289000 -10.2915806635883
3290000 -10.2975843404928
3291000 -10.2964124885717
3292000 -10.2999836408808
3293000 -10.3005837701062
3294000 -10.3023643064852
3295000 -10.3059524448065
3296000 -10.3054099150562
3297000 -10.310951306468
3298000 -10.3112031691813
3299000 -10.3159404746799
3300000 -10.3160800981221
3301000 -10.3183257898526
3302000 -10.3212940750643
3303000 -10.3215948355544
3304000 -10.3248458325608
3305000 -10.3249483896166
3306000 -10.3295406546988
3307000 -10.3311172478531
3308000 -10.3329760554396
3309000 -10.3351240377045
3310000 -10.3347080907069
3311000 -10.338908312744
3312000 -10.3384154681871
3313000 -10.3421895754788
3314000 -10.344160634172
3315000 -10.3452681485066
3316000 -10.3500523020067
3317000 -10.3490229094781
3318000 -10.3535508929068
3319000 -10.3537506501007
3320000 -10.3563327926003
3321000 -10.3615833483524
3322000 -10.3620063460441
3323000 -10.3674253795393
3324000 -10.368102321246
3325000 -10.3691582923297
3326000 -10.3741004021722
3327000 -10.3734194368195
3328000 -10.3796311973277
3329000 -10.3814213158863
3330000 -10.3825170570501
3331000 -10.3869912268561
3332000 -10.3858116351549
3333000 -10.3890992747168
3334000 -10.3919955556031
3335000 -10.3923136930533
3336000 -10.3980406926
3337000 -10.3973042990337
3338000 -10.3996007461695
3339000 -10.4028234016077
3340000 -10.4020640700433
3341000 -10.4071467064309
3342000 -10.4099098872301
3343000 -10.4107514239482
3344000 -10.4161352353461
3345000 -10.4149399335167
3346000 -10.4173688132964
3347000 -10.4210109190439
3348000 -10.4213840517474
3349000 -10.4263823150148
3350000 -10.4286671150311
3351000 -10.4276376305435
3352000 -10.4315340015871
3353000 -10.4310980974348
3354000 -10.4327501826953
3355000 -10.4376567178903
3356000 -10.4371553319773
3357000 -10.4385908145877
3358000 -10.441319455545
3359000 -10.4395548750194
3360000 -10.4438991023442
3361000 -10.4477602635856
3362000 -10.4468861683458
3363000 -10.4511959544566
3364000 -10.4516791273711
3365000 -10.4513655574327
3366000 -10.4565452074777
3367000 -10.4585781336001
3368000 -10.4592824148651
3369000 -10.4640223497211
3370000 -10.4635452047622
3371000 -10.465283003331
3372000 -10.4707472521088
3373000 -10.471870670397
3374000 -10.4742114508498
3375000 -10.4775176202226
3376000 -10.4775907124426
3377000 -10.4794223401543
3378000 -10.4841615623338
3379000 -10.4856046038079
3380000 -10.4861628280361
3381000 -10.4889555507868
3382000 -10.4904948656047
3383000 -10.4919669950346
3384000 -10.4963054428704
3385000 -10.4985017656206
3386000 -10.4976449444738
3387000 -10.5004707670696
3388000 -10.5033085208772
3389000 -10.5046634126814
3390000 -10.5081496283146
3391000 -10.5118410065902
3392000 -10.5113275973163
3393000 -10.5134377372839
3394000 -10.519481907476
3395000 -10.5200761109459
3396000 -10.5215834666784
3397000 -10.5261582718021
3398000 -10.5263635955351
3399000 -10.5279504566874
3400000 -10.5335443723072
3401000 -10.5351017406404
3402000 -10.5338884241717
3403000 -10.5371215285927
3404000 -10.5407663484125
3405000 -10.5415697482703
3406000 -10.5434181643194
3407000 -10.5457340440786
3408000 -10.5470968275316
3409000 -10.5487473599939
3410000 -10.5518155151937
3411000 -10.5549786516704
3412000 -10.5546597071277
3413000 -10.5555240161209
3414000 -10.5606356550119
3415000 -10.5630675704158
3416000 -10.5621757216991
3417000 -10.5651721176756
3418000 -10.5693189563429
3419000 -10.5701293087495
3420000 -10.5723631794882
3421000 -10.5762412083978
3422000 -10.5772950858757
3423000 -10.5789582810638
3424000 -10.5826889056592
3425000 -10.5858045772561
3426000 -10.5870128012966
3427000 -10.5876007604401
3428000 -10.5905342213185
3429000 -10.5950764368259
3430000 -10.5955887448889
3431000 -10.5946892036103
3432000 -10.5984231577063
3433000 -10.603141869292
3434000 -10.6028475121592
3435000 -10.6024688563956
3436000 -10.6057192782043
3437000 -10.6088142764952
3438000 -10.6099127999394
3439000 -10.6108868781997
3440000 -10.6126358200162
3441000 -10.6156042671988
3442000 -10.617937977902
3443000 -10.6179732212173
3444000 -10.6196419809611
3445000 -10.6245053550119
3446000 -10.6263171340145
3447000 -10.6266247328242
3448000 -10.6293068801309
3449000 -10.6320958249174
3450000 -10.634637692172
3451000 -10.6365504006471
3452000 -10.6378560988847
3453000 -10.6409474003719
3454000 -10.6443054688105
3455000 -10.6460025455779
3456000 -10.6462603805177
3457000 -10.6485191059086
3458000 -10.6524302855869
3459000 -10.6541333012787
3460000 -10.6537570808837
3461000 -10.6561148249454
3462000 -10.6589817990905
3463000 -10.6608292094092
3464000 -10.6615285512594
3465000 -10.6616952104589
3466000 -10.6638400387346
3467000 -10.6679663379838
3468000 -10.6696455720178
3469000 -10.6683489055509
3470000 -10.6702272756527
3471000 -10.6748684945485
3472000 -10.6760934236669
3473000 -10.6771706827763
3474000 -10.6799163366076
3475000 -10.6810289122551
3476000 -10.6824457313887
3477000 -10.6861680376694
3478000 -10.689389265006
3479000 -10.6901442561051
3480000 -10.690472506317
3481000 -10.6931746353598
3482000 -10.6970678578524
3483000 -10.6997920171441
3484000 -10.7007726972356
3485000 -10.701277683804
3486000 -10.7035897627267
3487000 -10.7064747858308
3488000 -10.7084856256095
3489000 -10.7107649448562
3490000 -10.7118046591159
3491000 -10.7125038358338
3492000 -10.7142038251685
3493000 -10.717042801428
3494000 -10.719821394892
3495000 -10.7211916727122
3496000 -10.7212155049611
3497000 -10.7225553235106
3498000 -10.7246493397597
3499000 -10.7268035125726
3500000 -10.7292109236454
3501000 -10.7316105917438
3502000 -10.732257559422
3503000 -10.7319005280208
3504000 -10.7344000161327
3505000 -10.7379219157108
3506000 -10.7391267708306
3507000 -10.7414398852673
3508000 -10.7432886390687
3509000 -10.7433843190365
3510000 -10.7454109931267
3511000 -10.7478152005867
3512000 -10.7507549430339
3513000 -10.7532602802045
3514000 -10.7549767695747
3515000 -10.7577273587246
3516000 -10.7586026023582
3517000 -10.7592037629308
3518000 -10.7625633969989
3519000 -10.7652587421345
3520000 -10.7674379436177
3521000 -10.7704590781835
3522000 -10.7716728399614
3523000 -10.7728622345234
3524000 -10.7739258447077
3525000 -10.7758552993296
3526000 -10.7785612138682
3527000 -10.7798746143181
3528000 -10.7824819592245
3529000 -10.7846241095235
3530000 -10.7861658961772
3531000 -10.7868743829371
3532000 -10.7870604360695
3533000 -10.7886194393298
3534000 -10.7910373485247
3535000 -10.7931801728684
3536000 -10.794025169872
3537000 -10.7971010130711
3538000 -10.8000392762873
3539000 -10.7997127688003
3540000 -10.8006193317082
3541000 -10.8032966677531
3542000 -10.8047987963574
3543000 -10.8048254965195
3544000 -10.8081306410387
3545000 -10.811233475581
3546000 -10.8130051893286
3547000 -10.8155143761853
3548000 -10.8185257283052
3549000 -10.8195229140834
3550000 -10.8212671750861
3551000 -10.8234075440585
3552000 -10.8238861047217
3553000 -10.8258194762699
3554000 -10.8287340740105
3555000 -10.8291278467227
3556000 -10.8328633787778
3557000 -10.8367460338981
3558000 -10.8368663946321
3559000 -10.8394442223792
3560000 -10.8437392926584
3561000 -10.8440590111676
3562000 -10.8450425778997
3563000 -10.847279483586
3564000 -10.8484751641211
3565000 -10.8506089962268
3566000 -10.8525715021606
3567000 -10.8531068607422
3568000 -10.8559242509824
3569000 -10.8593590953071
3570000 -10.8602298827603
3571000 -10.8622392951783
3572000 -10.8660987679606
3573000 -10.8675926479601
3574000 -10.8695398522209
3575000 -10.8725401752703
3576000 -10.8742895036664
3577000 -10.8766097486582
3578000 -10.8780213276165
3579000 -10.8782512921526
3580000 -10.8817616793551
3581000 -10.8841459019664
3582000 -10.8833811499139
3583000 -10.8859636244721
3584000 -10.8880964218868
3585000 -10.8887316513276
3586000 -10.8922386641616
3587000 -10.8928988797406
3588000 -10.8937997481231
3589000 -10.8976556227899
3590000 -10.89779852255
3591000 -10.8993950404617
3592000 -10.9026712606111
3593000 -10.9030727322825
3594000 -10.9066552904399
3595000 -10.9080867096957
3596000 -10.9070305716597
3597000 -10.9116617535643
3598000 -10.9136884015481
3599000 -10.9139354773748
3600000 -10.9169223077298
3601000 -10.9171588255745
3602000 -10.9198759899106
3603000 -10.9227721996495
3604000 -10.9219697851105
3605000 -10.9252959869
3606000 -10.9279702872015
3607000 -10.9280468971058
3608000 -10.930895041015
3609000 -10.930655725677
3610000 -10.931825997059
3611000 -10.9359126382586
3612000 -10.9352896755152
3613000 -10.937072593436
3614000 -10.9389476759673
3615000 -10.9393930929625
3616000 -10.9423065483876
3617000 -10.9417625145749
3618000 -10.9427447136466
3619000 -10.9457598434638
3620000 -10.9456780017727
3621000 -10.9487873503845
3622000 -10.949247971172
3623000 -10.9494563193082
3624000 -10.9522651169513
3625000 -10.9530216595583
3626000 -10.9553268495387
3627000 -10.9560952668693
3628000 -10.9569305340216
3629000 -10.9619152597241
3630000 -10.9626990766179
3631000 -10.9645286404119
3632000 -10.9667786291046
3633000 -10.9680236571985
3634000 -10.9727197609909
3635000 -10.9732451964516
3636000 -10.9757008246779
3637000 -10.9782546540183
3638000 -10.9798996023337
3639000 -10.9854574594006
3640000 -10.9854464824223
3641000 -10.987627312862
3642000 -10.9901047757213
3643000 -10.9910715630619
3644000 -10.99469768996
3645000 -10.9946777630723
3646000 -10.9962000879356
3647000 -10.9975556009933
3648000 -10.9993303755382
3649000 -11.0030802513888
3650000 -11.0031914957029
3651000 -11.0056119789987
3652000 -11.0070434534474
3653000 -11.0084718835271
3654000 -11.0119020520763
3655000 -11.0119940431903
3656000 -11.0132844643621
3657000 -11.0136058937422
3658000 -11.0151096161445
3659000 -11.0165372971404
3660000 -11.0164427356916
3661000 -11.0177534786345
3662000 -11.0171504925207
3663000 -11.0201051696323
3664000 -11.0219933874348
3665000 -11.0232089008663
3666000 -11.0251911156161
3667000 -11.0255152885384
3668000 -11.0283094226843
3669000 -11.0288974435125
3670000 -11.0315247073653
3671000 -11.0313439804919
3672000 -11.032703376312
3673000 -11.0354690226793
3674000 -11.0368988215746
3675000 -11.0413685973001
3676000 -11.0423087562444
3677000 -11.0449898392717
3678000 -11.0461667769383
3679000 -11.0488970348302
3680000 -11.0506447915839
3681000 -11.0534047768161
3682000 -11.0549204402625
3683000 -11.0566608063796
3684000 -11.0603835955
3685000 -11.0614840626144
3686000 -11.0651159804445
3687000 -11.0653037142212
3688000 -11.0664491311169
3689000 -11.0675176436656
3690000 -11.0696877935979
3691000 -11.0722437643098
3692000 -11.0744501439804
3693000 -11.0759786898138
3694000 -11.0752585363454
3695000 -11.0773065010166
3696000 -11.0768584673924
3697000 -11.0800534047612
3698000 -11.0810164077091
3699000 -11.0825437271456
3700000 -11.0829290620006
3701000 -11.083267086736
3702000 -11.084426337996
3703000 -11.0853010980702
3704000 -11.0875549762461
3705000 -11.0883823213263
3706000 -11.0907700766408
3707000 -11.090515552918
3708000 -11.0935135714053
3709000 -11.0939949628145
3710000 -11.0969551935031
3711000 -11.0987708545961
3712000 -11.1010509952625
3713000 -11.1023266630051
3714000 -11.1042421456601
3715000 -11.1063037632678
3716000 -11.109180181541
3717000 -11.1120972781199
3718000 -11.1138830961494
3719000 -11.1160396065642
3720000 -11.1161085128864
3721000 -11.1197930502103
3722000 -11.1213657499548
3723000 -11.1248137982856
3724000 -11.1251301752783
3725000 -11.1262275113765
3726000 -11.1265130295135
3727000 -11.1296925637204
3728000 -11.1312645406166
3729000 -11.1332944039689
3730000 -11.132056332041
3731000 -11.132837439838
3732000 -11.1331255301811
3733000 -11.1347324376716
3734000 -11.1357146654906
3735000 -11.1360620728242
3736000 -11.1366530583028
3737000 -11.1382880307517
3738000 -11.1396761970522
3739000 -11.1408284528632
3740000 -11.1413984836674
3741000 -11.1433407231159
3742000 -11.1463974911778
3743000 -11.1479951756822
3744000 -11.1489878585979
3745000 -11.149460816176
3746000 -11.1520334723043
3747000 -11.154792649673
3748000 -11.1572085800545
3749000 -11.1583842110325
3750000 -11.1608967493173
3751000 -11.1641593648693
3752000 -11.1653657478917
3753000 -11.1662403851768
3754000 -11.1680716734846
3755000 -11.1718458528054
3756000 -11.1730323674539
3757000 -11.1741344609132
3758000 -11.1742073111905
3759000 -11.1774010411999
3760000 -11.1760982917821
3761000 -11.1774071932729
3762000 -11.1777192837258
3763000 -11.1821328270272
3764000 -11.1805159286187
3765000 -11.1830064540433
3766000 -11.1822378505768
3767000 -11.1849173885825
3768000 -11.182518013256
3769000 -11.1853019393374
3770000 -11.185804061271
3771000 -11.1886377408021
3772000 -11.1897872401438
3773000 -11.1927020730027
3774000 -11.1944550409667
3775000 -11.1955985725814
3776000 -11.1971483128156
3777000 -11.1983124105161
3778000 -11.2021797556992
3779000 -11.2028665623578
3780000 -11.2067527775365
3781000 -11.2083830225079
3782000 -11.2117143294257
3783000 -11.2102513228667
3784000 -11.2143398956374
3785000 -11.213303581218
3786000 -11.2156923736725
3787000 -11.2171975806955
3788000 -11.2191961706433
3789000 -11.2202111474631
3790000 -11.2207755096098
3791000 -11.2220639122949
3792000 -11.221054987202
3793000 -11.2229492843244
3794000 -11.2231509299846
3795000 -11.2255577770038
3796000 -11.2251898956245
3797000 -11.22819809391
3798000 -11.2280698749324
3799000 -11.2299232825026
3800000 -11.2324093099502
3801000 -11.2327413232238
3802000 -11.2353618829512
3803000 -11.2358819951706
3804000 -11.2384249049507
3805000 -11.2398547780892
3806000 -11.2441945817438
3807000 -11.2457008032284
3808000 -11.2476079621648
3809000 -11.2500693456272
3810000 -11.2498730320069
3811000 -11.2528876796732
3812000 -11.2538841936837
3813000 -11.2548163151861
3814000 -11.2558075479868
3815000 -11.2564451590697
3816000 -11.2581763247459
3817000 -11.2587527188494
3818000 -11.2612166977192
3819000 -11.2594814975929
3820000 -11.2616835879295
3821000 -11.2609420473034
3822000 -11.2629387354605
3823000 -11.2637915114946
3824000 -11.263227713612
3825000 -11.2651848965192
3826000 -11.2670350783346
3827000 -11.2689945512
3828000 -11.2715195645474
3829000 -11.2715331317791
3830000 -11.2757094324892
3831000 -11.2771979608088
3832000 -11.2796091262224
3833000 -11.2804391919517
3834000 -11.2809051929203
3835000 -11.2840991203157
3836000 -11.284656549382
3837000 -11.2857104640202
3838000 -11.2872686077731
3839000 -11.2880925164375
3840000 -11.2903359593837
3841000 -11.2904486547736
3842000 -11.2909297098256
3843000 -11.2920613102792
3844000 -11.2927844190035
3845000 -11.2928360992087
3846000 -11.2933388348187
3847000 -11.2932593234296
3848000 -11.2951401350402
3849000 -11.2958104929449
3850000 -11.2961706508331
3851000 -11.2982482777514
3852000 -11.3015112752869
3853000 -11.3020795451241
3854000 -11.3037636776822
3855000 -11.3078108018419
3856000 -11.3075723399986
3857000 -11.310900321429
3858000 -11.3118147810275
3859000 -11.3138246465111
3860000 -11.3156794872382
3861000 -11.3153554254043
3862000 -11.3181314532152
3863000 -11.3177145597952
3864000 -11.3189972925557
3865000 -11.3197431103645
3866000 -11.3212559638233
3867000 -11.3208986073557
3868000 -11.3225646848306
3869000 -11.3241187287418
3870000 -11.3250100936782
3871000 -11.3259508097261
3872000 -11.3261887926261
3873000 -11.3296422434614
3874000 -11.329631002337
3875000 -11.3309363146272
3876000 -11.3326240917365
3877000 -11.3359958057629
3878000 -11.3360402177601
3879000 -11.339891991755
3880000 -11.3398676768464
3881000 -11.3427561335334
3882000 -11.3444304415677
3883000 -11.3473535053865
3884000 -11.3466972038593
3885000 -11.3495385676322
3886000 -11.3486005672933
3887000 -11.3512231309544
3888000 -11.3507461225141
3889000 -11.3527442882989
3890000 -11.3513253014632
3891000 -11.3530731562949
3892000 -11.3519381468482
3893000 -11.3552975753025
3894000 -11.353862175392
3895000 -11.3575269971431
3896000 -11.3582674822948
3897000 -11.3590008926848
3898000 -11.3609505708341
3899000 -11.3625836545935
3900000 -11.3629413566278
3901000 -11.3655915314075
3902000 -11.3672810437785
3903000 -11.3673169874973
3904000 -11.3706658816073
3905000 -11.3706050150843
3906000 -11.3717827586772
3907000 -11.3729591916961
3908000 -11.3745983310674
3909000 -11.3732333525045
3910000 -11.3750482907167
3911000 -11.3761076550814
3912000 -11.3743618652687
3913000 -11.3768991578277
3914000 -11.3780331013394
3915000 -11.3773794351999
3916000 -11.3793077164729
3917000 -11.3824522675485
3918000 -11.3810491990772
3919000 -11.3849344055789
3920000 -11.38787203192
3921000 -11.3874716181485
3922000 -11.3923771052052
3923000 -11.3941036127007
3924000 -11.3958256507872
3925000 -11.3967660101764
3926000 -11.399540065111
3927000 -11.4000775010942
3928000 -11.3983430684189
3929000 -11.402484208222
3930000 -11.400274772388
3931000 -11.3990801578874
3932000 -11.4016244218115
3933000 -11.4003001656354
3934000 -11.4010376314361
3935000 -11.4020421596638
3936000 -11.4041866296671
3937000 -11.4045123483639
3938000 -11.4061729977277
3939000 -11.4095817075945
3940000 -11.4103866249385
3941000 -11.4116695433365
3942000 -11.4144608320177
3943000 -11.4166032788556
3944000 -11.4151558569076
3945000 -11.4188579917946
3946000 -11.4191103083809
3947000 -11.4183934519156
3948000 -11.4184911256849
3949000 -11.4200615843439
3950000 -11.4187189314909
3951000 -11.4181642058551
3952000 -11.4197834778889
3953000 -11.4202463174215
3954000 -11.421191245737
3955000 -11.4214211454046
3956000 -11.4258202092125
3957000 -11.4257554659261
3958000 -11.4279127554871
3959000 -11.4309182154353
3960000 -11.434225877636
3961000 -11.4333275551038
3962000 -11.4365748215983
3963000 -11.438378202227
3964000 -11.439438396445
3965000 -11.4385639364333
3966000 -11.4410473836365
3967000 -11.441330283361
3968000 -11.4414936253084
3969000 -11.4403879627132
3970000 -11.4431179295942
3971000 -11.4424616839325
3972000 -11.4432872821229
3973000 -11.443856397792
3974000 -11.4464948173675
3975000 -11.4467464002305
3976000 -11.4473899717548
3977000 -11.448742726055
3978000 -11.4525064239086
3979000 -11.4523937737723
3980000 -11.452286707171
3981000 -11.455371681586
3982000 -11.4580385419245
3983000 -11.456747280165
3984000 -11.4575290119403
3985000 -11.4598363019408
3986000 -11.4612428086139
3987000 -11.4603613866083
3988000 -11.460359253884
3989000 -11.462797477116
3990000 -11.4642455684828
3991000 -11.4633096698599
3992000 -11.4635431281505
3993000 -11.4677136306253
3994000 -11.46870325294
3995000 -11.4689565520822
3996000 -11.4701024137993
3997000 -11.4730640208401
3998000 -11.4760256355128
3999000 -11.4750637213205
4000000 -11.4758048545741
4001000 -11.4773240994583
4002000 -11.4801508039473
4003000 -11.4789375417317
4004000 -11.4773739492169
4005000 -11.4784620354719
4006000 -11.4793881323194
4007000 -11.4798381731229
4008000 -11.4782932527153
4009000 -11.4778165612664
4010000 -11.4809402043787
4011000 -11.4819600061219
4012000 -11.4814097768397
4013000 -11.4826317142342
4014000 -11.4847648873509
4015000 -11.4891928644093
4016000 -11.4908466734121
4017000 -11.490558284237
4018000 -11.4935331434951
4019000 -11.495534880631
4020000 -11.4980757029194
4021000 -11.4982114055783
4022000 -11.4971651684975
4023000 -11.4991031937842
4024000 -11.5007214579222
4025000 -11.499144145234
4026000 -11.4978389475836
4027000 -11.4977652557964
4028000 -11.4977800492427
4029000 -11.4995889244754
4030000 -11.5002734430751
4031000 -11.4982964782474
4032000 -11.5007912995304
4033000 -11.5042929316261
4034000 -11.5062128667224
4035000 -11.507791838859
4036000 -11.5088968147748
4037000 -11.5091835606879
4038000 -11.5124494114537
4039000 -11.5155280906892
4040000 -11.515260775579
4041000 -11.5129735463015
4042000 -11.51443760193
4043000 -11.516073394973
4044000 -11.516118102119
4045000 -11.515925090772
4046000 -11.5163236501603
4047000 -11.5144500100207
4048000 -11.5161353541231
4049000 -11.5197434732242
4050000 -11.5212990993169
4051000 -11.5207932482161
4052000 -11.5205405041388
4053000 -11.5234269558916
4054000 -11.5262749267519
4055000 -11.5277908417755
4056000 -11.5276605723639
4057000 -11.527008149537
4058000 -11.5266893226731
4059000 -11.5281681329939
4060000 -11.5286185498361
4061000 -11.530220314435
4062000 -11.5301222614004
4063000 -11.5308886532575
4064000 -11.5311170764038
4065000 -11.5333236910009
4066000 -11.5370924441222
4067000 -11.5391193996369
4068000 -11.5389235640449
4069000 -11.5385960462375
4070000 -11.5375384875975
4071000 -11.539152163235
4072000 -11.5410951538946
4073000 -11.5408414688485
4074000 -11.5403008983473
4075000 -11.5391357083715
4076000 -11.5384199977079
4077000 -11.5407591071923
4078000 -11.5437589807852
4079000 -11.5451403280349
4080000 -11.5461458815297
4081000 -11.5459141396457
4082000 -11.5462251615059
4083000 -11.5482065094742
4084000 -11.5499090522314
4085000 -11.5529163474162
4086000 -11.5543134272628
4087000 -11.5539384040819
4088000 -11.5542452585808
4089000 -11.5545891854068
4090000 -11.5548111688134
4091000 -11.5547510164
4092000 -11.5557539514587
4093000 -11.5553342756239
4094000 -11.5544108057014
4095000 -11.5542839512036
4096000 -11.5550981019149
4097000 -11.5571237083374
4098000 -11.5589931456392
4099000 -11.5618043918972
4100000 -11.5642429225122
4101000 -11.5655686403415
4102000 -11.5653411652555
4103000 -11.5646281273481
4104000 -11.5645350530897
4105000 -11.56494997751
4106000 -11.5655645438504
4107000 -11.5668693619938
4108000 -11.5682423738041
4109000 -11.5687007756626
4110000 -11.5688094245126
4111000 -11.5684984913686
4112000 -11.5673921560348
4113000 -11.5680926483674
4114000 -11.5707356001475
4115000 -11.5737492242971
4116000 -11.5762090593965
4117000 -11.5779193382493
4118000 -11.5779502234626
4119000 -11.578243181926
4120000 -11.577905060135
4121000 -11.5771696380798
4122000 -11.5770427342859
4123000 -11.5774074648362
4124000 -11.5778225460109
4125000 -11.5786877375629
4126000 -11.5794309189375
4127000 -11.5800200834232
4128000 -11.5816520681657
4129000 -11.5820520307053
4130000 -11.5827253072111
4131000 -11.5830799798068
4132000 -11.5839559672238
4133000 -11.5855124789887
4134000 -11.5871598081352
4135000 -11.5889968927617
4136000 -11.58980373934
4137000 -11.5896725793633
4138000 -11.5895959766841
4139000 -11.5895111228646
4140000 -11.5894267417045
4141000 -11.5902942756193
4142000 -11.5907002744679
4143000 -11.5899780044023
4144000 -11.5905375526437
4145000 -11.5923103782571
4146000 -11.5943469256658
4147000 -11.5960647629975
4148000 -11.5976853446177
4149000 -11.599276564495
4150000 -11.5996011674257
4151000 -11.5999431010675
4152000 -11.5996115322591
4153000 -11.599381524472
4154000 -11.5993266403424
4155000 -11.5992055557232
4156000 -11.5992554277588
4157000 -11.5991666658499
4158000 -11.5995424041803
4159000 -11.6002454352584
4160000 -11.6018886212914
4161000 -11.6038357435335
4162000 -11.6057452963002
4163000 -11.6070148880043
4164000 -11.6071546349762
4165000 -11.6081236416608
4166000 -11.6087927339686
4167000 -11.6089580073851
4168000 -11.6093623574905
4169000 -11.6087804178607
4170000 -11.6081411510459
4171000 -11.6077475358361
4172000 -11.6076386286984
4173000 -11.6089298353965
4174000 -11.6099101895446
4175000 -11.6107440210288
4176000 -11.6114341898906
4177000 -11.6115301178997
4178000 -11.61151352795
4179000 -11.6123839586419
4180000 -11.6140146252191
4181000 -11.6151136473046
4182000 -11.6145300212933
4183000 -11.6139605675715
4184000 -11.6146091332633
4185000 -11.6160300747094
4186000 -11.6172970121539
4187000 -11.6192374573529
4188000 -11.6196168085446
4189000 -11.6203945822535
4190000 -11.622055682157
4191000 -11.623822839787
4192000 -11.6247564529161
4193000 -11.6246874761897
4194000 -11.6243733832962
4195000 -11.6229476156522
4196000 -11.6240800295445
4197000 -11.6244650250798
4198000 -11.6249614474461
4199000 -11.6242799008123
4200000 -11.6251600172909
4201000 -11.6260825075074
4202000 -11.6276393168446
4203000 -6.74305650769536
4204000 -1.16425016762664
4205000 -0.447861795947488
4206000 -0.34415882026507
4207000 -0.270865048140865
4208000 -0.315274354216975
4209000 -0.300129851610556
4210000 -0.242219482653856
4211000 -0.233450620682893
4212000 -0.197936839750061
4213000 -0.20218129952858
4214000 -0.196821374869187
4215000 -0.183196573313175
4216000 -0.187043727582864
4217000 -0.185157996946658
4218000 -0.195672417360041
4219000 -0.1885132467446
4220000 -0.216139741519391
4221000 -0.184692294725851
4222000 -0.189652470599946
4223000 -0.205223911598917
4224000 -0.188363714772347
4225000 -0.186463337734844
4226000 -0.183964879105659
4227000 -0.178842136888313
4228000 -0.182588695124182
4229000 -0.182161166380331
4230000 -0.178252851234938
4231000 -0.165874517641879
4232000 -0.165526271130116
4233000 -0.171224794030729
4234000 -0.182305547059122
4235000 -0.179711776306127
4236000 -0.175994031855856
4237000 -0.170200066067503
4238000 -0.167459182407309
4239000 -0.16637597495257
4240000 -0.167542532519165
4241000 -0.168664187599425
4242000 -0.16806854771107
4243000 -0.167181561238366
4244000 -0.168560949225749
4245000 -0.168514888039477
4246000 -0.168640262042646
4247000 -0.172736376480109
4248000 -0.167794234964341
4249000 -0.166434555703794
4250000 -0.166806948757742
4251000 -0.167961484560357
4252000 -0.171435844878524
4253000 -0.167624938411447
4254000 -0.16854963677474
4255000 -0.167013383860595
4256000 -0.168826940761351
4257000 -0.170162393605381
4258000 -0.166669415763027
4259000 -0.169612334115621
4260000 -0.160526769442033
4261000 -0.159347535597669
4262000 -0.166026381158648
4263000 -0.163505509710862
4264000 -0.163749363560568
4265000 -0.165296730336292
4266000 -0.162230691894046
4267000 -0.166962146959796
4268000 -0.163039121305131
4269000 -0.162481724569256
4270000 -0.163647752892894
4271000 -0.161052537961613
4272000 -0.164185839293129
4273000 -0.163897581476775
4274000 -0.155745947410431
4275000 -0.154036619863152
4276000 -0.158625530819939
4277000 -0.159253750490928
4278000 -0.150537152049816
4279000 -0.147647133538872
4280000 -0.147033433582679
4281000 -0.144051472205505
4282000 -0.142913278671397
4283000 -0.142499353330601
4284000 -0.143155211804199
4285000 -0.143739762754387
4286000 -0.142059065726266
4287000 -0.145772903252677
4288000 -0.146680253801095
4289000 -0.142717338472301
4290000 -0.147177904582295
4291000 -0.145489729623276
4292000 -0.144459724953226
4293000 -0.144522620679723
4294000 -0.144382834725998
4295000 -0.145028181656758
4296000 -0.143349595563359
4297000 -0.142261097988567
4298000 -0.145886323021238
4299000 -0.141626106449487
4300000 -0.144479007189655
4301000 -0.143682072326988
4302000 -0.141064735401506
4303000 -0.144342729114054
4304000 -0.143998410346728
4305000 -0.14363170010034
4306000 -0.14385743499347
4307000 -0.141163939362288
4308000 -0.144716529782748
4309000 -0.14323640761961
4310000 -0.140885622629281
4311000 -0.145771986040744
4312000 -0.141802894835115
4313000 -0.14523474854755
4314000 -0.144755817618565
4315000 -0.141149423120014
4316000 -0.144061972045785
4317000 -0.145031458841987
4318000 -0.141016268877082
4319000 -0.146775099184433
4320000 -0.142431408826789
4321000 -0.143544419065013
4322000 -0.143146123850114
4323000 -0.142180885462664
4324000 -0.145441714019353
4325000 -0.143164528772437
4326000 -0.145081554126112
4327000 -0.14538474599597
4328000 -0.142453389983825
4329000 -0.146593571333969
4330000 -0.143211724770635
4331000 -0.142343988365456
4332000 -0.147489792757188
4333000 -0.144751992261093
4334000 -0.147773002877731
4335000 -0.146787102660618
4336000 -0.143323461498591
4337000 -0.147185355942625
4338000 -0.143996165642677
4339000 -0.144870939554241
4340000 -0.148753909568621
4341000 -0.145583199189664
4342000 -0.148017053104051
4343000 -0.145157876084582
4344000 -0.145621687462321
4345000 -0.146802150157446
4346000 -0.144898595459923
4347000 -0.148192411758791
4348000 -0.147079281596492
4349000 -0.144520447696172
4350000 -0.150880167677807
4351000 -0.143139097093884
4352000 -0.152256112058008
4353000 -0.15176492619726
4354000 -0.144217472863168
4355000 -0.143517101413817
4356000 -0.151236601585401
4357000 -0.142390030451371
4358000 -0.14877686826031
4359000 -0.147537346615004
4360000 -0.139447470673757
4361000 -0.150324881293053
4362000 -0.146987209937367
4363000 -0.149107052056493
4364000 -0.143978432652725
4365000 -0.15225842474759
4366000 -0.144549844167641
4367000 -0.147986007307273
4368000 -0.145711661510716
4369000 -0.149154157152124
4370000 -0.147555840574678
4371000 -0.147886922775117
4372000 -0.149604202248549
4373000 -0.151579780821884
4374000 -0.144749208095538
4375000 -0.149336520295486
4376000 -0.152336750990859
4377000 -0.151733941749608
4378000 -0.146363006792881
4379000 -0.149934372430277
4380000 -0.153182432233371
4381000 -0.144537559691986
4382000 -0.152299147286413
4383000 -0.152282920371168
4384000 -0.149930523514919
4385000 -0.148085777414233
4386000 -0.153068900323312
4387000 -0.154156637464821
4388000 -0.146887991480711
4389000 -0.148982353347435
4390000 -0.15423623679894
4391000 -0.150339861969464
4392000 -0.146986248332991
4393000 -0.154237091195176
4394000 -0.150532850176511
4395000 -0.148164018863636
4396000 -0.151934154567393
4397000 -0.155256404187013
4398000 -0.150976579301473
4399000 -0.147339641654985
4400000 -0.152881695583893
4401000 -0.156423698110094
4402000 -0.14954407018432
4403000 -0.150476608024898
4404000 -0.154633609398249
4405000 -0.155123546454572
4406000 -0.148956718706743
4407000 -0.150821228015158
4408000 -0.156578681350694
4409000 -0.154270048432884
4410000 -0.148822283554542
4411000 -0.151634064776927
4412000 -0.1550779457686
4413000 -0.156342744683127
4414000 -0.150238597411005
4415000 -0.15373916509943
4416000 -0.158293104676348
4417000 -0.15649378648838
4418000 -0.152547539094558
4419000 -0.15420439168267
4420000 -0.159665249751494
4421000 -0.157233680311223
4422000 -0.150278768609785
4423000 -0.155312834831131
4424000 -0.157380471505408
4425000 -0.158526670058028
4426000 -0.154040184085096
4427000 -0.151643579103008
4428000 -0.158504570808105
4429000 -0.158846400320927
4430000 -0.155305716506252
4431000 -0.151486348721618
4432000 -0.156836909254207
4433000 -0.160795952719301
4434000 -0.157716980249641
4435000 -0.152715815183605
4436000 -0.153792819652396
4437000 -0.158206268090934
4438000 -0.159446662661789
4439000 -0.155136060029772
4440000 -0.155705111252445
4441000 -0.160036166057611
4442000 -0.160867867752399
4443000 -0.156665573430145
4444000 -0.155127994500598
4445000 -0.161786675859468
4446000 -0.158876127789363
4447000 -0.155909118961308
4448000 -0.154216003976607
4449000 -0.163345948600157
4450000 -0.157766267708436
4451000 -0.154371085017073
4452000 -0.162061630013718
4453000 -0.161608321743798
4454000 -0.155030252902637
4455000 -0.15840149716951
4456000 -0.164410200504055
4457000 -0.160049467871968
4458000 -0.157081726252888
4459000 -0.159705500996774
4460000 -0.164762478438696
4461000 -0.160253870682641
4462000 -0.156124467209627
4463000 -0.158792368867701
4464000 -0.163757069107999
4465000 -0.162903100833967
4466000 -0.157463902183077
4467000 -0.158509090474626
4468000 -0.165414892479775
4469000 -0.162018303518249
4470000 -0.157019413707154
4471000 -0.161427446426126
4472000 -0.163891291200304
4473000 -0.163724029020499
4474000 -0.157742172937321
4475000 -0.163154731996209
4476000 -0.163642094620002
4477000 -0.163712219572368
4478000 -0.160731301493335
4479000 -0.160885268481373
4480000 -0.164271363949446
4481000 -0.164900861653602
4482000 -0.162718771645501
4483000 -0.158813386753889
4484000 -0.16115953957948
4485000 -0.163139795571401
4486000 -0.165932130235329
4487000 -0.165744700612632
4488000 -0.159344846328097
4489000 -0.161558966442416
4490000 -0.163907195519585
4491000 -0.165727943703853
4492000 -0.166738742263083
4493000 -0.160647333376881
4494000 -0.163256205804053
4495000 -0.16246424833445
4496000 -0.163582949877763
4497000 -0.166003142185905
4498000 -0.163981492386161
4499000 -0.162551704953202
4500000 -0.16158290419792
4501000 -0.168748221500201
4502000 -0.164693146158347
4503000 -0.163215855703513
4504000 -0.164820235279838
4505000 -0.166413424399246
4506000 -0.168194371413067
4507000 -0.167639706427267
4508000 -0.165431479455293
4509000 -0.163886362206766
4510000 -0.164400482012565
4511000 -0.166478064662084
4512000 -0.166960597084279
4513000 -0.165013124166182
4514000 -0.164215477035134
4515000 -0.16839823961552
4516000 -0.16632489949857
4517000 -0.165188249964485
4518000 -0.164437398172468
4519000 -0.168319677302407
4520000 -0.170394872187226
4521000 -0.167277964878084
4522000 -0.165146557776025
4523000 -0.163586746538244
4524000 -0.166274829398339
4525000 -0.170198279788055
4526000 -0.169810900632516
4527000 -0.165495145417657
4528000 -0.165066423090944
4529000 -0.165311587404795
4530000 -0.170825713686801
4531000 -0.171320507051737
4532000 -0.170980853319493
4533000 -0.16751549418986
4534000 -0.168387766502395
4535000 -0.168182065649339
4536000 -0.17071441305467
4537000 -0.174359781378395
4538000 -0.172465400443134
4539000 -0.169233805979564
4540000 -0.167854959297969
4541000 -0.169805240860913
4542000 -0.173051695131911
4543000 -0.173963924797763
4544000 -0.168736891282584
4545000 -0.16902361145258
4546000 -0.170236525696142
4547000 -0.173769707183922
4548000 -0.173472569741736
4549000 -0.167540762015823
4550000 -0.165684056868989
4551000 -0.166619366597245
4552000 -0.175647366223276
4553000 -0.173461597053249
4554000 -0.172024791541764
4555000 -0.168253928134404
4556000 -0.17202492349926
4557000 -0.172178081495505
4558000 -0.177213004684564
4559000 -0.176225627105622
4560000 -0.168245821729029
4561000 -0.170701670918349
4562000 -0.175587353784243
4563000 -0.173777977419097
4564000 -0.175446459044501
4565000 -0.17397363987349
4566000 -0.17138444918715
4567000 -0.1732354195233
4568000 -0.177989134761203
4569000 -0.167832101981547
4570000 -0.175419382623586
4571000 -0.173367019277232
4572000 -0.176041104720487
4573000 -0.173657544150349
4574000 -0.170804853004334
4575000 -0.174521972909565
4576000 -0.177299576824135
4577000 -0.17547278575345
4578000 -0.173489663753097
4579000 -0.171717867710822
4580000 -0.172432379232153
4581000 -0.175143814664981
4582000 -0.180235171821908
4583000 -0.17857670367903
4584000 -0.169427587427974
4585000 -0.174219298937215
4586000 -0.177731156070692
4587000 -0.181337995902944
4588000 -0.174158544561557
4589000 -0.175211832176142
4590000 -0.175017079905262
4591000 -0.179006724284874
4592000 -0.174298115798839
4593000 -0.173609229726485
4594000 -0.173047269616239
4595000 -0.180018613413383
4596000 -0.180659580884936
4597000 -0.17758969190576
4598000 -0.178133236729461
4599000 -0.177349225187149
4600000 -0.179996860627769
4601000 -0.180995416451647
4602000 -0.178164245513799
4603000 -0.174826094650042
4604000 -0.17794199972753
4605000 -0.18164869558598
4606000 -0.179582621895775
4607000 -0.178136716661236
4608000 -0.177445269642249
4609000 -0.179151422047279
4610000 -0.180976645628722
4611000 -0.181357299542982
4612000 -0.175122611588093
4613000 -0.175934659704444
4614000 -0.180281204634868
4615000 -0.184261369305684
4616000 -0.179071684392301
4617000 -0.180169477414015
4618000 -0.179807199243281
4619000 -0.182447973859033
4620000 -0.183561181852458
4621000 -0.181251028153629
4622000 -0.176733485611059
4623000 -0.178397294629851
4624000 -0.182062326082081
4625000 -0.184818816169853
4626000 -0.17910918187181
4627000 -0.178911618978715
4628000 -0.179735366080529
4629000 -0.184479141382361
4630000 -0.183771590237685
4631000 -0.180385647982847
4632000 -0.178275867327134
4633000 -0.184359691219845
4634000 -0.185168356821051
4635000 -0.185223160477291
4636000 -0.183437884242644
4637000 -0.182181775380508
4638000 -0.181879670219245
4639000 -0.183926371783694
4640000 -0.186274668134513
4641000 -0.180836679584692
4642000 -0.183405208222954
4643000 -0.181492571022314
4644000 -0.188318655711995
4645000 -0.183848444574439
4646000 -0.183457177114158
4647000 -0.183384609531622
4648000 -0.182380776723156
4649000 -0.186134750598745
4650000 -0.183994738793794
4651000 -0.181447681540588
4652000 -0.187349682785808
4653000 -0.186556829713556
4654000 -0.188282927859501
4655000 -0.18338462629038
4656000 -0.186615945388544
4657000 -0.187932816815794
4658000 -0.185025208829078
4659000 -0.186378853191898
4660000 -0.185683742894494
4661000 -0.188583299137695
4662000 -0.186999543596136
4663000 -0.190810606267978
4664000 -0.183859891384994
4665000 -0.187084184640071
4666000 -0.185677973646241
4667000 -0.18790347608991
4668000 -0.188722030504232
4669000 -0.185426401415159
4670000 -0.190397060494034
4671000 -0.184188455356455
4672000 -0.190996357644241
4673000 -0.188361578836838
4674000 -0.190888790192935
4675000 -0.184277669431665
4676000 -0.189037168009671
4677000 -0.19407901002611
4678000 -0.189593595970177
4679000 -0.192368284246221
4680000 -0.184773261324419
4681000 -0.191689943057097
4682000 -0.189103530273589
4683000 -0.190580525961752
4684000 -0.18933600487605
4685000 -0.188722987006881
4686000 -0.191897103423641
4687000 -0.18821545195857
4688000 -0.19423021810178
4689000 -0.186860577367021
4690000 -0.192478366369985
4691000 -0.189448509750258
4692000 -0.190234319721018
4693000 -0.192739326322126
4694000 -0.190468391331375
4695000 -0.190393849556643
4696000 -0.193090451847259
4697000 -0.194806926440375
4698000 -0.188563583460666
4699000 -0.193927615591354
4700000 -0.188605117252287
4701000 -0.195286140935877
4702000 -0.190282035118467
4703000 -0.196069402537964
4704000 -0.190632924880304
4705000 -0.192729660127131
4706000 -0.194405707617204
4707000 -0.188747148075409
4708000 -0.189977424567956
4709000 -0.193154555178214
4710000 -0.195215922958527
4711000 -0.192635737557793
4712000 -0.189889207663148
4713000 -0.194450742434658
4714000 -0.190888016003584
4715000 -0.195296415079538
4716000 -0.192579868823771
4717000 -0.196353314146281
4718000 -0.18994764032064
4719000 -0.194805781876523
4720000 -0.191986181872969
4721000 -0.198294510441398
4722000 -0.194651253595479
4723000 -0.196165822444514
4724000 -0.193015880822293
4725000 -0.191554316927133
4726000 -0.19816675391066
4727000 -0.19337654807453
4728000 -0.196474867409378
4729000 -0.192559015630995
4730000 -0.19707470954701
4731000 -0.19173353665525
4732000 -0.197738712869356
4733000 -0.195762117544247
4734000 -0.197877653412108
4735000 -0.197942732808431
4736000 -0.19130633188003
4737000 -0.198696554789973
4738000 -0.195136515753871
4739000 -0.199128839151158
4740000 -0.195649389063791
4741000 -0.1948272863082
4742000 -0.199157289833394
4743000 -0.197949891743415
4744000 -0.196969439879614
4745000 -0.196874102032257
4746000 -0.194932274297899
4747000 -0.199148727596698
4748000 -0.197450439984438
4749000 -0.200245975316341
4750000 -0.195902293357907
4751000 -0.201010639220129
4752000 -0.196089914342595
4753000 -0.199463542371112
4754000 -0.195926033851498
4755000 -0.201947114351069
4756000 -0.197993117607683
4757000 -0.202086442937995
4758000 -0.196783601896537
4759000 -0.199893439948394
4760000 -0.19828847854574
4761000 -0.197757403169463
4762000 -0.201819859767416
4763000 -0.200509353741325
4764000 -0.20222433641204
4765000 -0.198504006677492
4766000 -0.200651185790467
4767000 -0.197643427731546
4768000 -0.200858040691967
4769000 -0.200547505370971
4770000 -0.202581962574824
4771000 -0.2024535535889
4772000 -0.196642232663941
4773000 -0.205736614579416
4774000 -0.199220899953092
4775000 -0.206563165618283
4776000 -0.199315382505465
4777000 -0.201799285826017
4778000 -0.204614462759326
4779000 -0.20153120293001
4780000 -0.205643574924152
4781000 -0.20180142408265
4782000 -0.197544328399681
4783000 -0.205600422096342
4784000 -0.200674057311455
4785000 -0.20561690415497
4786000 -0.201775915095051
4787000 -0.205937274633741
4788000 -0.200507842062677
4789000 -0.20537038648377
4790000 -0.201083255763995
4791000 -0.205369690768545
4792000 -0.202061693526845
4793000 -0.207851292768425
4794000 -0.205901223574552
4795000 -0.204731815483513
4796000 -0.206741953169528
4797000 -0.20156226878785
4798000 -0.20913944182449
4799000 -0.205033928299638
4800000 -0.204267495807833
4801000 -0.205092274901585
4802000 -0.204321810563309
4803000 -0.207254127372982
4804000 -0.205769741726786
4805000 -0.207732295824807
4806000 -0.204072363300527
4807000 -0.20433647159272
4808000 -0.208748272489998
4809000 -0.205074550021691
4810000 -0.207784707088904
4811000 -0.204761092890891
4812000 -0.206672985795249
4813000 -0.208974510880169
4814000 -0.205814060042613
4815000 -0.207096782964172
4816000 -0.204798860231405
4817000 -0.204804701384703
4818000 -0.206485673331249
4819000 -0.211118213267417
4820000 -0.21049461548021
4821000 -0.206579688041922
4822000 -0.208644970528338
4823000 -0.204708821243991
4824000 -0.210761477539096
4825000 -0.210011752030362
4826000 -0.208028565409265
4827000 -0.20878629608079
4828000 -0.209760981481893
4829000 -0.207607894849951
4830000 -0.212402648430347
4831000 -0.208671399171131
4832000 -0.210375324084105
4833000 -0.206967592727959
4834000 -0.209411712338782
4835000 -0.214251670978761
4836000 -0.210165549261626
4837000 -0.21272104439516
4838000 -0.206374691502625
4839000 -0.210644575401718
4840000 -0.209723238679879
4841000 -0.213888728272782
4842000 -0.21229486710448
4843000 -0.20928978176472
4844000 -0.210294909166173
4845000 -0.209451475354739
4846000 -0.213452024066154
4847000 -0.211624977672383
4848000 -0.211767311380581
4849000 -0.212014708384861
4850000 -0.208231274521856
4851000 -0.211143570191184
4852000 -0.212339531334258
4853000 -0.214025967525505
4854000 -0.215090927168993
4855000 -0.209694651115108
4856000 -0.210882326437651
4857000 -0.212410600772999
4858000 -0.215745617914036
4859000 -0.213216689595612
4860000 -0.214143384397905
4861000 -0.21317311174215
4862000 -0.21509207009669
4863000 -0.216535329381981
4864000 -0.214052035265681
4865000 -0.214631740557557
4866000 -0.211824318102339
4867000 -0.213622820097336
4868000 -0.21505339740763
4869000 -0.217106208689571
4870000 -0.215454077540627
4871000 -0.215978220660346
4872000 -0.214259893612028
4873000 -0.216114841738979
4874000 -0.214289818201448
4875000 -0.216488865796202
4876000 -0.216697915479261
4877000 -0.216110655542992
4878000 -0.218236476313602
4879000 -0.206486372699749
4880000 -0.207829626956463
4881000 -0.209523331952234
4882000 -0.208687662697851
4883000 -0.213532653450426
4884000 -0.21033008785799
4885000 -0.212217331968819
4886000 -0.215803010694517
4887000 -0.209892137543153
4888000 -0.217868990424504
4889000 -0.212641463911836
4890000 -0.215222308272812
4891000 -0.212291192155372
4892000 -0.210548615655888
4893000 -0.214790866788716
4894000 -0.212778175314742
4895000 -0.211732772019378
4896000 -0.217872384347932
4897000 -0.217195472449863
4898000 -0.218503013434674
4899000 -0.217875867851245
4900000 -0.214257758004024
4901000 -0.217437031898818
4902000 -0.21600194609252
4903000 -0.21698499079075
4904000 -0.214498705486646
4905000 -0.215689013336929
4906000 -0.214556672965129
4907000 -0.214703927464164
4908000 -0.214338612191353
4909000 -0.214763799926103
4910000 -0.214426612558188
4911000 -0.215753188429086
4912000 -0.216769586359823
4913000 -0.216070485711201
4914000 -0.217871086323859
4915000 -0.215636436818499
4916000 -0.219056862131151
4917000 -0.217267130939669
4918000 -0.22046788166071
4919000 -0.219689068413105
4920000 -0.222598873640531
4921000 -0.2208619481858
4922000 -0.22092691820363
4923000 -0.22092922815163
4924000 -0.220709177754764
4925000 -0.222676631963505
4926000 -0.221289160844388
4927000 -0.224728101417695
4928000 -0.222512544131678
4929000 -0.223030879695647
4930000 -0.223610810516276
4931000 -0.222481806728348
4932000 -0.223138257245151
4933000 -0.221716490181786
4934000 -0.224551389831733
4935000 -0.224454265907403
4936000 -0.223435269282521
4937000 -0.223908499951677
4938000 -0.224820632065746
4939000 -0.221940559168129
4940000 -0.221801515079934
4941000 -0.222505435437895
4942000 -0.220768376467154
4943000 -0.221430881968695
4944000 -0.220621627886431
4945000 -0.220614909502188
4946000 -0.222077807688155
4947000 -0.221791036437517
4948000 -0.222602005581789
4949000 -0.22242728624226
4950000 -0.221535035022975
4951000 -0.223110368204392
4952000 -0.224080390190907
4953000 -0.224810785161674
4954000 -0.226531463808082
4955000 -0.226761776859827
4956000 -0.228318214397953
4957000 -0.226988369180997
4958000 -0.228219425654846
4959000 -0.225971430613056
4960000 -0.226801539288582
4961000 -0.227337414022743
4962000 -0.229488991449624
4963000 -0.227985482247563
4964000 -0.22868194972576
4965000 -0.229347171097616
4966000 -0.228787391085083
4967000 -0.228160502877915
4968000 -0.230006415490849
4969000 -0.228819460162001
4970000 -0.226606343119112
4971000 -0.22837821861679
4972000 -0.225013809735652
4973000 -0.227902015884992
4974000 -0.227411867608206
4975000 -0.226640157309712
4976000 -0.227288114446066
4977000 -0.227549749504844
4978000 -0.226262032598202
4979000 -0.227111621330463
4980000 -0.229008284583003
4981000 -0.226932984592779
4982000 -0.227671749828643
4983000 -0.228959655186501
4984000 -0.230203326241483
4985000 -0.226634045044175
4986000 -0.220490246346936
4987000 -0.222731656900578
4988000 -0.227252282662665
4989000 -0.226402468610193
4990000 -0.22520040854852
4991000 -0.225802761703348
4992000 -0.224412951781943
4993000 -0.22374230390007
4994000 -0.22312775263002
4995000 -0.223190481300234
4996000 -0.224585304350837
4997000 -0.224114383082464
4998000 -0.223322702468164
4999000 -0.224740453296496
5000000 -0.225237798445627
5001000 -0.224930017994426
5002000 -0.225199771488698
5003000 -0.227035546208134
5004000 -0.225062575024081
5005000 -0.225913067667939
5006000 -0.227176551630465
5007000 -0.226204755782512
5008000 -0.227197263687838
5009000 -0.227254013773213
5010000 -0.227368583677401
5011000 -0.228123257314108
5012000 -0.226961612842097
5013000 -0.226834784601228
5014000 -0.225494835467347
5015000 -0.225173694555138
5016000 -0.22597701063961
5017000 -0.226364160458063
5018000 -0.225529889564414
5019000 -0.225418375506133
5020000 -0.228335484606004
5021000 -0.229792328874563
5022000 -0.228780364049081
5023000 -0.229791393929006
5024000 -0.234609983072998
5025000 -0.230153250145475
5026000 -0.231518229425159
5027000 -0.230592532259644
5028000 -0.230591980282308
5029000 -0.229792531996294
5030000 -0.228275379678322
5031000 -0.23135594272263
5032000 -0.232804025898532
5033000 -0.230779171316675
5034000 -0.23070715958177
5035000 -0.231692165487721
5036000 -0.23288003904434
5037000 -0.234209255076738
5038000 -0.231860570635287
5039000 -0.231511609166691
5040000 -0.231579296274293
5041000 -0.235172020927978
5042000 -0.232349506694312
5043000 -0.234521997587844
5044000 -0.231968464227679
5045000 -0.23450977064678
5046000 -0.233312265787463
5047000 -0.233314520382789
5048000 -0.234428236098629
5049000 -0.233639300086727
5050000 -0.233653314243079
5051000 -0.236231789783924
5052000 -0.236403990006012
5053000 -0.231813181634223
5054000 -0.231423361056176
5055000 -0.22465231077007
5056000 -0.233533386728873
5057000 -0.229359302112876
5058000 -0.22719247968984
5059000 -0.229767993117172
5060000 -0.228456465931322
5061000 -0.231460008467694
5062000 -0.227888816157241
5063000 -0.22929943604566
5064000 -0.233688287830372
5065000 -0.230511888128069
5066000 -0.229931779796183
5067000 -0.226871811383942
5068000 -0.231955788966994
5069000 -0.232031365394154
5070000 -0.23279787862852
5071000 -0.22983979134439
5072000 -0.230958765157476
5073000 -0.233314459069534
5074000 -0.229946484291046
5075000 -0.229239924147476
5076000 -0.230272261627069
5077000 -0.23186530974675
5078000 -0.233033901399186
5079000 -0.231532470781332
5080000 -0.235963181863024
5081000 -0.232325185167081
5082000 -0.232244490295353
5083000 -0.23361270807749
5084000 -0.234334023566568
5085000 -0.233812164100797
5086000 -0.231562179705195
5087000 -0.234910377379649
5088000 -0.236424103571612
5089000 -0.23325419788811
5090000 -0.235886461411167
5091000 -0.238222231587692
5092000 -0.2339835057364
5093000 -0.241547384623157
5094000 -0.235575905801024
5095000 -0.232162462302973
5096000 -0.233521499125958
5097000 -0.235496388521099
5098000 -0.236112096967171
5099000 -0.238643207062681
5100000 -0.236484807612498
5101000 -0.238707930365658
5102000 -0.23504769931032
5103000 -0.238145478243736
5104000 -0.239060745164937
5105000 -0.235383890255985
5106000 -0.239071483652284
5107000 -0.233379745708166
5108000 -0.240084081395805
5109000 -0.235622446338777
5110000 -0.239095253687885
5111000 -0.240275859623335
5112000 -0.238951734133315
5113000 -0.239468806440416
5114000 -0.241042568640292
5115000 -0.23947183123439
5116000 -0.242617612942594
5117000 -0.239772376470128
5118000 -0.240942671523802
5119000 -0.23896277230129
5120000 -0.244777121006607
5121000 -0.24106384726167
5122000 -0.239427550996032
5123000 -0.243275245715608
5124000 -0.237180083153083
5125000 -0.240610481168218
5126000 -0.240489060471168
5127000 -0.24352684808627
5128000 -0.240374930937837
5129000 -0.241448714953758
5130000 -0.24416609540698
5131000 -0.244167549334787
5132000 -0.242423808339119
5133000 -0.246361349756974
5134000 -0.241835048448221
5135000 -0.246170647368122
5136000 -0.242484101931891
5137000 -0.243909716054685
5138000 -0.243748505453253
5139000 -0.24544654136872
5140000 -0.245309545491414
5141000 -0.242924914780351
5142000 -0.244834872561567
5143000 -0.2436367966447
5144000 -0.246154257564825
5145000 -0.244835471284849
5146000 -0.247777599470799
5147000 -0.243008429618669
5148000 -0.247666957502244
5149000 -0.247622779274773
5150000 -0.246391419408243
5151000 -0.25265296592956
5152000 -0.24663372200703
5153000 -0.250557871034185
5154000 -0.248686414883133
5155000 -0.246573155686647
5156000 -0.251328155803164
5157000 -0.250899489013287
5158000 -0.246774006721755
5159000 -0.247806309948949
5160000 -0.238633479778147
5161000 -0.239254897678171
5162000 -0.221048101266596
5163000 -0.220291092937374
5164000 -0.218199534730695
5165000 -0.221389200134543
5166000 -0.218273513946336
5167000 -0.222234247061706
5168000 -0.22118920844435
5169000 -0.218309366580125
5170000 -0.221143447700553
5171000 -0.221774389655988
5172000 -0.22359117772267
5173000 -0.222424973604171
5174000 -0.224412662660305
5175000 -0.220455040717474
5176000 -0.22369261672011
5177000 -0.220596472104835
5178000 -0.224632431520946
5179000 -0.219850439838463
5180000 -0.224349659317127
5181000 -0.221810619640675
5182000 -0.225578247854999
5183000 -0.223857258093684
5184000 -0.227349190945309
5185000 -0.224116582461147
5186000 -0.223532808762085
5187000 -0.223700318830294
5188000 -0.222300443597116
5189000 -0.222523073059201
5190000 -0.222927579385471
5191000 -0.226278347198125
5192000 -0.227177164626781
5193000 -0.225065836294568
5194000 -0.230591553392747
5195000 -0.226681676092234
5196000 -0.228300310921181
5197000 -0.224815298550046
5198000 -0.225797481896638
5199000 -0.229760442997388
5200000 -0.227262319553518
5201000 -0.228400011056786
5202000 -0.226889072397498
5203000 -0.230274116394
5204000 -0.225679640631501
5205000 -0.229983947332178
5206000 -0.229921724093934
5207000 -0.231355218884622
5208000 -0.228630899103119
5209000 -0.228122973067553
5210000 -0.229790672768308
5211000 -0.230569513814848
5212000 -0.228450465174629
5213000 -0.227935173962728
5214000 -0.230559707182643
5215000 -0.228431173573186
5216000 -0.233136869479933
5217000 -0.227821542301205
5218000 -0.23429083209357
5219000 -0.230512375321008
5220000 -0.234797036529882
5221000 -0.232581400805809
5222000 -0.229553441990237
5223000 -0.230800448558649
5224000 -0.230476063491054
5225000 -0.230540746887115
5226000 -0.23374754281333
5227000 -0.233582686133151
5228000 -0.232304588152706
5229000 -0.234667386963771
5230000 -0.234237637584266
5231000 -0.23276404592799
5232000 -0.234827387429021
5233000 -0.232472702577638
5234000 -0.237415444349726
5235000 -0.237240077931131
5236000 -0.237176489957846
5237000 -0.23482144314378
5238000 -0.232727306423138
5239000 -0.233583676547497
5240000 -0.230311345695101
5241000 -0.235220660673444
5242000 -0.233720889040439
5243000 -0.238484575800923
5244000 -0.232659663737494
5245000 -0.238236597974358
5246000 -0.23277811711876
5247000 -0.239923012742044
5248000 -0.235810453479826
5249000 -0.236300353086243
5250000 -0.237809047807218
5251000 -0.23743222775791
5252000 -0.239226625407169
5253000 -0.238528174077284
5254000 -0.239598229315855
5255000 -0.238586524049553
5256000 -0.237976786009925
5257000 -0.23611732373421
5258000 -0.240742823745456
5259000 -0.239063925750142
5260000 -0.243921605568636
5261000 -0.243466166344168
5262000 -0.242405526348974
5263000 -0.24071283359006
5264000 -0.237457543304926
5265000 -0.241974763027984
5266000 -0.237949233140281
5267000 -0.240700669049929
5268000 -0.238750360684851
5269000 -0.23761722198895
5270000 -0.240068492152494
5271000 -0.242064251006878
5272000 -0.240007005610107
5273000 -0.242106168022758
5274000 -0.240910891585609
5275000 -0.241982164932403
5276000 -0.241113061208953
5277000 -0.236112215415851
5278000 -0.242751680989199
5279000 -0.24447883522291
5280000 -0.242960834621337
5281000 -0.24455268417169
5282000 -0.238692787688932
5283000 -0.236381819374322
5284000 -0.234619057735591
5285000 -0.238317704919061
5286000 -0.235017651004044
5287000 -0.239959857526131
5288000 -0.237875479129749
5289000 -0.240438870949855
5290000 -0.235557299562892
5291000 -0.241424374889817
5292000 -0.237992093766952
5293000 -0.239987679776242
5294000 -0.238472606159228
5295000 -0.240235423261936
5296000 -0.238889042871615
5297000 -0.2415327524731
5298000 -0.238864493812759
5299000 -0.23859761435348
5300000 -0.240679615953557
5301000 -0.239581938700229
5302000 -0.241118411924445
5303000 -0.239914124600637
5304000 -0.242431258320605
5305000 -0.240831234098027
5306000 -0.240518029708857
5307000 -0.241422366341388
5308000 -0.239596247435554
5309000 -0.244126367645004
5310000 -0.239733681967131
5311000 -0.242853868887821
5312000 -0.243233612620461
5313000 -0.24054871329768
5314000 -0.243118989135788
5315000 -0.242202037927678
5316000 -0.246528080708204
5317000 -0.243113062972279
5318000 -0.242430771331574
5319000 -0.246659610768949
5320000 -0.244826607049163
5321000 -0.243430546418376
5322000 -0.24682291405166
5323000 -0.246815799358133
5324000 -0.243492160863337
5325000 -0.24630103979226
5326000 -0.245605913470853
5327000 -0.244234928055279
5328000 -0.247655591559834
5329000 -0.2456239225741
5330000 -0.245921749185307
5331000 -0.24783264277948
5332000 -0.245120211630525
5333000 -0.24859153942165
5334000 -0.244299823666119
5335000 -0.25075102690936
5336000 -0.245803012494924
5337000 -0.250511970616421
5338000 -0.248791121247573
5339000 -0.248933865707318
5340000 -0.250906080130538
5341000 -0.245699405378258
5342000 -0.251763259062995
5343000 -0.246852321971748
5344000 -0.251309320774564
5345000 -0.25054980852224
5346000 -0.249993134602815
5347000 -0.252975038704586
5348000 -0.251363131483046
5349000 -0.253592441281753
5350000 -0.24835043720383
5351000 -0.25331289386468
5352000 -0.25326481879176
5353000 -0.248554091655141
5354000 -0.253467180033842
5355000 -0.252722017087977
5356000 -0.252754612432138
5357000 -0.253395480459711
5358000 -0.250547450160576
5359000 -0.255573015027667
5360000 -0.250939620761733
5361000 -0.251578753190943
5362000 -0.25457558334064
5363000 -0.251066427198105
5364000 -0.253876987318375
5365000 -0.252930414451125
5366000 -0.253374310831582
5367000 -0.256340635638422
5368000 -0.252905389679277
5369000 -0.256879527543486
5370000 -0.255213277304741
5371000 -0.257203079410468
5372000 -0.255646078859082
5373000 -0.253437450935021
5374000 -0.256645186008824
5375000 -0.257614009060496
5376000 -0.255638336054645
5377000 -0.256246551745528
5378000 -0.256233273483598
5379000 -0.259099306273109
5380000 -0.254892842712988
5381000 -0.258830079089082
5382000 -0.256086309134581
5383000 -0.261341562061127
5384000 -0.257374683943364
5385000 -0.257846118533412
5386000 -0.259753681898474
5387000 -0.258633171898628
5388000 -0.260228525894826
5389000 -0.255020844922028
5390000 -0.26217660952385
5391000 -0.261166015029849
5392000 -0.258723148660845
5393000 -0.260567471902099
5394000 -0.260726673298412
5395000 -0.263664986945551
5396000 -0.260647701959368
5397000 -0.263960954704693
5398000 -0.262435970118247
5399000 -0.260179466242364
5400000 -0.264672738095715
5401000 -0.260883162468306
5402000 -0.264274448439306
5403000 -0.261992095369721
5404000 -0.264258518675463
5405000 -0.266204216023538
5406000 -0.262577794022159
5407000 -0.261800350708652
5408000 -0.26322419810631
5409000 -0.260980047704228
5410000 -0.263454522529679
5411000 -0.263516538602923
5412000 -0.2650710505207
5413000 -0.263246658972753
5414000 -0.267402646434614
5415000 -0.264740243487759
5416000 -0.260311962364216
5417000 -0.265505385974711
5418000 -0.263689291733303
5419000 -0.263377959248828
5420000 -0.264901184822098
5421000 -0.263560143553731
5422000 -0.266956291732202
5423000 -0.264653002482938
5424000 -0.265750675083972
5425000 -0.266801000572064
5426000 -0.266879732081135
5427000 -0.269524583454717
5428000 -0.271164837410268
5429000 -0.266851869049007
5430000 -0.269345319741475
5431000 -0.267524302061146
5432000 -0.269936737986112
5433000 -0.267100653046266
5434000 -0.267775752253404
5435000 -0.266499719314739
5436000 -0.268503449166217
5437000 -0.264050404494837
5438000 -0.247772212847316
5439000 -0.252886757734757
5440000 -0.245290544704163
5441000 -0.249263766233004
5442000 -0.24930985135262
5443000 -0.249867262836335
5444000 -0.24974677390177
5445000 -0.248472659626664
5446000 -0.248862114546464
5447000 -0.251202886307582
5448000 -0.250468598100763
5449000 -0.251045517890592
5450000 -0.250400818259435
5451000 -0.252985349199415
5452000 -0.253733112186238
5453000 -0.251726281842998
5454000 -0.254495459577657
5455000 -0.252685031580913
5456000 -0.254996649391071
5457000 -0.254184181057287
5458000 -0.252871751416297
5459000 -0.253084411582738
5460000 -0.25192740911536
5461000 -0.251433724333006
5462000 -0.253736364750413
5463000 -0.252555039635161
5464000 -0.252680807313241
5465000 -0.256889693317688
5466000 -0.2545834518032
5467000 -0.254609657917074
5468000 -0.257766010631019
5469000 -0.255613023920553
5470000 -0.258282379335525
5471000 -0.255609840297745
5472000 -0.25863229242672
5473000 -0.25557838381261
5474000 -0.255655240519586
5475000 -0.259294979654306
5476000 -0.256124680514804
5477000 -0.259579372207581
5478000 -0.256720353611174
5479000 -0.260234579323945
5480000 -0.256793896518734
5481000 -0.257759401036011
5482000 -0.259812062621355
5483000 -0.25794031495124
5484000 -0.260817160662687
5485000 -0.256796843611554
5486000 -0.261996615242542
5487000 -0.258601842917377
5488000 -0.260843694912208
5489000 -0.260427145495619
5490000 -0.261211712865659
5491000 -0.25959809777758
5492000 -0.262661980550784
5493000 -0.261357550955848
5494000 -0.263115696462235
5495000 -0.260662705693017
5496000 -0.265425693283762
5497000 -0.261407029926604
5498000 -0.264934266787332
5499000 -0.260749779024747
5500000 -0.267007600278038
5501000 -0.25955626341469
5502000 -0.267889745701985
5503000 -0.26317715635073
5504000 -0.266623846418221
5505000 -0.262765765830921
5506000 -0.265559396741122
5507000 -0.26473335950711
5508000 -0.263541150519967
5509000 -0.267474919960473
5510000 -0.263327090014293
5511000 -0.266694707462047
5512000 -0.26235427507215
5513000 -0.269848834741001
5514000 -0.263720916568159
5515000 -0.269835104053659
5516000 -0.264960511217268
5517000 -0.271022446125477
5518000 -0.265113830042537
5519000 -0.272554589769144
5520000 -0.268892772929806
5521000 -0.271602462803432
5522000 -0.269026199206256
5523000 -0.269991168149139
5524000 -0.268055530723957
5525000 -0.27158942565406
5526000 -0.265491998015617
5527000 -0.271688788340692
5528000 -0.270375312051895
5529000 -0.268849567030007
5530000 -0.272689210673493
5531000 -0.270230780963167
5532000 -0.273189381684842
5533000 -0.269754206667718
5534000 -0.272241625592786
5535000 -0.270647872187683
5536000 -0.273229130984167
5537000 -0.272677284006276
5538000 -0.271395898059193
5539000 -0.273394565155729
5540000 -0.270155863385173
5541000 -0.275697930422818
5542000 -0.272559056815411
5543000 -0.27446727208077
5544000 -0.271508442599074
5545000 -0.275993991344112
5546000 -0.274099675373051
5547000 -0.274274490247442
5548000 -0.276055548380546
5549000 -0.273158034172306
5550000 -0.276338825079515
5551000 -0.273885841239325
5552000 -0.277505286431535
5553000 -0.274215730261116
5554000 -0.278107516554021
5555000 -0.275739033839532
5556000 -0.280089005167971
5557000 -0.27605049062778
5558000 -0.279774576909595
5559000 -0.276556063512309
5560000 -0.279495521426786
5561000 -0.276986622315772
5562000 -0.280092455000751
5563000 -0.276983606178685
5564000 -0.279358532269312
5565000 -0.277800701080649
5566000 -0.281462466996732
5567000 -0.27717770178648
5568000 -0.28116457635069
5569000 -0.277180999104746
5570000 -0.281803456379643
5571000 -0.278989679896509
5572000 -0.282188059123333
5573000 -0.279111276741458
5574000 -0.282500914882663
5575000 -0.280064121109718
5576000 -0.284741597787187
5577000 -0.279777072923872
5578000 -0.285466926680829
5579000 -0.280365521192607
5580000 -0.285271949727654
5581000 -0.282639683858455
5582000 -0.287122524538089
5583000 -0.284148791558499
5584000 -0.284671011877827
5585000 -0.282708311564071
5586000 -0.285173142736979
5587000 -0.282404324873163
5588000 -0.284593144291766
5589000 -0.283362048123289
5590000 -0.285004190234509
5591000 -0.28399340923888
5592000 -0.284065430167505
5593000 -0.285042864191816
5594000 -0.283117422919431
5595000 -0.286603487061335
5596000 -0.283792069149009
5597000 -0.287013385999858
5598000 -0.285368348600187
5599000 -0.287686062323651
5600000 -0.285329374553531
5601000 -0.290175964876431
5602000 -0.286468210418527
5603000 -0.291052118410256
5604000 -0.285061614913948
5605000 -0.292649597525095
5606000 -0.28634350041364
5607000 -0.290593486039988
5608000 -0.283849924242679
5609000 -0.289490065366214
5610000 -0.282121537300758
5611000 -0.288709495896622
5612000 -0.283403452309069
5613000 -0.286584550997378
5614000 -0.274516893534233
5615000 -0.275140159194177
5616000 -0.279257640507417
5617000 -0.276935956454809
5618000 -0.274916263028995
5619000 -0.279692785501382
5620000 -0.277291052165624
5621000 -0.27916303681864
5622000 -0.278218595221111
5623000 -0.278874499242762
5624000 -0.274633648145825
5625000 -0.283073139729886
5626000 -0.276923808964605
5627000 -0.281131308313003
5628000 -0.27693970682166
5629000 -0.281598029233767
5630000 -0.278365041011658
5631000 -0.283963892455978
5632000 -0.279276285376508
5633000 -0.283176422993899
5634000 -0.278959585447782
5635000 -0.281698469509204
5636000 -0.282965726657805
5637000 -0.282591728936904
5638000 -0.281562748838163
5639000 -0.28189661217679
5640000 -0.282343863203998
5641000 -0.281623137683571
5642000 -0.285565255245567
5643000 -0.280252837391582
5644000 -0.284014629333161
5645000 -0.283347394454526
5646000 -0.284136137522542
5647000 -0.281523177353294
5648000 -0.285527412566466
5649000 -0.284353145979961
5650000 -0.2866418288025
5651000 -0.282960012367361
5652000 -0.286794966891366
5653000 -0.283708710612739
5654000 -0.287996374364885
5655000 -0.284342148742974
5656000 -0.285773343652018
5657000 -0.285115144283698
5658000 -0.288787694220746
5659000 -0.285125013524002
5660000 -0.288010751479564
5661000 -0.28728039198229
5662000 -0.287595738004513
5663000 -0.287293997030298
5664000 -0.290752784484748
5665000 -0.285196288470223
5666000 -0.290331796547602
5667000 -0.287934836641979
5668000 -0.289762851769043
5669000 -0.2867354606089
5670000 -0.291560287969785
5671000 -0.286976833419209
5672000 -0.292266845188901
5673000 -0.288941736492486
5674000 -0.291773756128101
5675000 -0.287988643833685
5676000 -0.291271113053132
5677000 -0.2911854545277
5678000 -0.292245116131689
5679000 -0.2915889125047
5680000 -0.291359551388986
5681000 -0.294174998283503
5682000 -0.291381522220449
5683000 -0.294727685808252
5684000 -0.290149296577623
5685000 -0.294543212897059
5686000 -0.290882177811978
5687000 -0.295597352727562
5688000 -0.291372781874453
5689000 -0.295003718664678
5690000 -0.292568842768589
5691000 -0.295117703003388
5692000 -0.295483948076873
5693000 -0.294736125681799
5694000 -0.295503083281732
5695000 -0.292425658057232
5696000 -0.297314286696133
5697000 -0.293342849843593
5698000 -0.296928138364621
5699000 -0.290782909018847
5700000 -0.28138789858154
5701000 -0.244486652426587
5702000 -0.247862536529227
5703000 -0.244554419652237
5704000 -0.252512458166937
5705000 -0.250905255190651
5706000 -0.250836677365898
5707000 -0.253502251234199
5708000 -0.253136547959266
5709000 -0.254232922372484
5710000 -0.254422873702266
5711000 -0.254155197796215
5712000 -0.253843452149177
5713000 -0.252923907402707
5714000 -0.254866274496048
5715000 -0.253474084280588
5716000 -0.25523712117407
5717000 -0.255351264237004
5718000 -0.255551036692335
5719000 -0.256678838054464
5720000 -0.25300512890465
5721000 -0.25652605525335
5722000 -0.254984872484447
5723000 -0.256271575364931
5724000 -0.258021277476959
5725000 -0.254932649228637
5726000 -0.259517417090635
5727000 -0.258581441740498
5728000 -0.256702545338799
5729000 -0.25913806343991
5730000 -0.255561970065294
5731000 -0.259055514634946
5732000 -0.25883332005511
5733000 -0.258546862399583
5734000 -0.260851641394396
5735000 -0.259368118114609
5736000 -0.259367897566922
5737000 -0.259605797650204
5738000 -0.259725281612681
5739000 -0.258622683015338
5740000 -0.260847238961032
5741000 -0.262414049589286
5742000 -0.261534729000426
5743000 -0.262410500614859
5744000 -0.260164842043882
5745000 -0.262102881714036
5746000 -0.263183308814085
5747000 -0.260759240201823
5748000 -0.262412702950732
5749000 -0.261279627275723
5750000 -0.264436870777024
5751000 -0.264677689734522
5752000 -0.262351385702717
5753000 -0.264365194247355
5754000 -0.261544028222446
5755000 -0.263460599836992
5756000 -0.265127604334215
5757000 -0.263537980495294
5758000 -0.267407817186697
5759000 -0.264298269992058
5760000 -0.26511211861576
5761000 -0.265621199621754
5762000 -0.26463118993726
5763000 -0.266343301941752
5764000 -0.264431221937885
5765000 -0.266042810572002
5766000 -0.266456026417186
5767000 -0.268178919060518
5768000 -0.266274997444574
5769000 -0.266380239128255
5770000 -0.267307307651323
5771000 -0.265955705697051
5772000 -0.267182755723138
5773000 -0.269362412019219
5774000 -0.268480157394839
5775000 -0.269005793907805
5776000 -0.269222235693895
5777000 -0.268633832113559
5778000 -0.268220469622309
5779000 -0.267295919833896
5780000 -0.270850182482753
5781000 -0.269546262644623
5782000 -0.272188095384665
5783000 -0.269704577091701
5784000 -0.267964560391295
5785000 -0.272322790621957
5786000 -0.268176632522938
5787000 -0.271717259883034
5788000 -0.270790234162146
5789000 -0.27046157131994
5790000 -0.27464230566786
5791000 -0.269345396766101
5792000 -0.272510675494177
5793000 -0.271341050729592
5794000 -0.269845600295381
5795000 -0.274197927143389
5796000 -0.271675841635373
5797000 -0.274711173087265
5798000 -0.273777249779969
5799000 -0.271001242398188
5800000 -0.274630940619768
5801000 -0.272393414300974
5802000 -0.266301677366956
5803000 -0.26589395925176
5804000 -0.263691833111413
5805000 -0.267245004304364
5806000 -0.266468248689772
5807000 -0.265651538014103
5808000 -0.265542791897463
5809000 -0.264953748487562
5810000 -0.26698838773386
5811000 -0.267150839485873
5812000 -0.267914543406455
5813000 -0.267809634373318
5814000 -0.268578205637786
5815000 -0.266222886188483
5816000 -0.267570557774244
5817000 -0.269137735329113
5818000 -0.266646263789863
5819000 -0.269496263510318
5820000 -0.270164400751336
5821000 -0.269078556705715
5822000 -0.270462067913862
5823000 -0.267331783374363
5824000 -0.269674696004726
5825000 -0.271663933161506
5826000 -0.268571223408741
5827000 -0.272432008629743
5828000 -0.270565081320902
5829000 -0.270519660454629
5830000 -0.272868799780445
5831000 -0.26936518500318
5832000 -0.271603526471114
5833000 -0.272579344808938
5834000 -0.271156044737706
5835000 -0.275733827104534
5836000 -0.271584041311808
5837000 -0.272560409647398
5838000 -0.274799696554822
5839000 -0.270993525488659
5840000 -0.273321349220925
5841000 -0.273720448947887
5842000 -0.272576217786736
5843000 -0.275843015080458
5844000 -0.272688576741018
5845000 -0.273229078248735
5846000 -0.273788093252956
5847000 -0.24108368499129
5848000 -0.23164868880506
5849000 -0.238542819543853
5850000 -0.236228721141982
5851000 -0.237835843291827
5852000 -0.241536314804482
5853000 -0.238121905199693
5854000 -0.241679784003344
5855000 -0.241505330137174
5856000 -0.238831819256657
5857000 -0.24291820959918
5858000 -0.238687037164336
5859000 -0.239111701678193
5860000 -0.24342342486528
5861000 -0.239834801435143
5862000 -0.242538630928949
5863000 -0.244655185069313
5864000 -0.239923898883569
5865000 -0.243265216540929
5866000 -0.243797469645395
5867000 -0.241656752986822
5868000 -0.245708019825357
5869000 -0.244222276524696
5870000 -0.244665749737063
5871000 -0.245378748928505
5872000 -0.242090979616104
5873000 -0.244425243920664
5874000 -0.24467579483819
5875000 -0.243595591414401
5876000 -0.247634056769433
5877000 -0.245889237873433
5878000 -0.245749813905354
5879000 -0.247808050760824
5880000 -0.244225925699626
5881000 -0.247708194527054
5882000 -0.247785678583133
5883000 -0.24566983394731
5884000 -0.250243584030284
5885000 -0.246762673878864
5886000 -0.245963284834962
5887000 -0.249538883582481
5888000 -0.245510431649077
5889000 -0.248409644384974
5890000 -0.251768626182898
5891000 -0.247650197209471
5892000 -0.251509563810782
5893000 -0.250169555896292
5894000 -0.247911833594108
5895000 -0.251725057266098
5896000 -0.248564621068264
5897000 -0.250376141220769
5898000 -0.253033910657056
5899000 -0.249184576891182
5900000 -0.251619734896062
5901000 -0.251564826850697
5902000 -0.249724330805342
5903000 -0.253115972912942
5904000 -0.251559817806369
5905000 -0.254052152232982
5906000 -0.254063194493678
5907000 -0.250666992098606
5908000 -0.254072242438716
5909000 -0.252093902000805
5910000 -0.25212970688076
5911000 -0.256373745083628
5912000 -0.252787523215623
5913000 -0.255080257783393
5914000 -0.256226771368783
5915000 -0.251881868573804
5916000 -0.256352553823927
5917000 -0.254458657665026
5918000 -0.25464290600087
5919000 -0.258557795900147
5920000 -0.254196891624791
5921000 -0.255923296821079
5922000 -0.257201202613418
5923000 -0.254386359023365
5924000 -0.258356282343532
5925000 -0.257440072373176
5926000 -0.25804293485995
5927000 -0.258878907895211
5928000 -0.255326207758435
5929000 -0.258882124957034
5930000 -0.257093102598957
5931000 -0.256837094883418
5932000 -0.261563175855243
5933000 -0.257817927009925
5934000 -0.25974952585895
5935000 -0.26126572334564
5936000 -0.256886104889205
5937000 -0.261527876328218
5938000 -0.260136013452211
5939000 -0.260221923924859
5940000 -0.262544669721402
5941000 -0.258422333732835
5942000 -0.260868156769726
5943000 -0.260760154922114
5944000 -0.259606417368489
5945000 -0.263567108618942
5946000 -0.261387329504246
5947000 -0.263235819003916
5948000 -0.262870895329785
5949000 -0.259559273856102
5950000 -0.263968907851063
5951000 -0.261256528085411
5952000 -0.262524578858676
5953000 -0.266014110144286
5954000 -0.261198859537141
5955000 -0.264234904087144
5956000 -0.264829267417305
5957000 -0.262883428119313
5958000 -0.266567329650082
5959000 -0.264195515249431
5960000 -0.266193383190025
5961000 -0.265186203208351
5962000 -0.262934355302835
5963000 -0.266486734940854
5964000 -0.263968985353837
5965000 -0.266628050442871
5966000 -0.269396193135956
5967000 -0.264637134285355
5968000 -0.268486042340518
5969000 -0.266513587316045
5970000 -0.266016695722588
5971000 -0.269385656916209
5972000 -0.266256492528502
5973000 -0.268833753952737
5974000 -0.268185485600935
5975000 -0.266886932679782
5976000 -0.27000901008151
5977000 -0.266964992089707
5978000 -0.27119775451555
5979000 -0.270860537786178
5980000 -0.268041833342441
5981000 -0.271669387360054
5982000 -0.267585789310944
5983000 -0.269514476673218
5984000 -0.272271466369505
5985000 -0.269596907386286
5986000 -0.272921133852601
5987000 -0.270599690122246
5988000 -0.27165521473355
5989000 -0.272370751572717
5990000 -0.269812749084058
5991000 -0.274706322350356
5992000 -0.271639014774488
5993000 -0.272033091648732
5994000 -0.27458946214013
5995000 -0.270282583720729
5996000 -0.274451833698382
5997000 -0.274355518779564
5998000 -0.274525926716539
5999000 -0.275827848059357
6000000 -0.272050980371933
6001000 -0.275400113253567
6002000 -0.27340707113938
6003000 -0.274349507694526
6004000 -0.278183484927256
6005000 -0.273544007346622
6006000 -0.276991319484372
6007000 -0.276154301069129
6008000 -0.275133947125412
6009000 -0.2781060277493
6010000 -0.275370022470987
6011000 -0.278450675687735
6012000 -0.276399482956268
6013000 -0.276167067271278
6014000 -0.279237361844424
6015000 -0.275377571445135
6016000 -0.280377547309023
6017000 -0.279358880173565
6018000 -0.27789908366269
6019000 -0.280076167574839
6020000 -0.276461782882462
6021000 -0.279890347510366
6022000 -0.279392888459757
6023000 -0.279910333193902
6024000 -0.282137448113952
6025000 -0.277595756297334
6026000 -0.281957083696869
6027000 -0.280137032910253
6028000 -0.280844879670711
6029000 -0.283483984723992
6030000 -0.279618835078932
6031000 -0.282531182183508
6032000 -0.280715931604761
6033000 -0.282064402696042
6034000 -0.284779736316512
6035000 -0.281378303512528
6036000 -0.285371659533909
6037000 -0.281907944207032
6038000 -0.282696875094599
6039000 -0.284178850140163
6040000 -0.282541843383309
6041000 -0.285977941268081
6042000 -0.283040140680085
6043000 -0.284789736074062
6044000 -0.285571773196805
6045000 -0.282704575636129
6046000 -0.287728154787588
6047000 -0.284347279852172
6048000 -0.28587048685251
6049000 -0.286175952759526
6050000 -0.284233565619507
6051000 -0.287804535014773
6052000 -0.285056046291792
6053000 -0.289084327069196
6054000 -0.287628403430405
6055000 -0.285765703423264
6056000 -0.288992944005727
6057000 -0.285345118871703
6058000 -0.289171775654052
6059000 -0.288596945693158
6060000 -0.288265773539768
6061000 -0.290226229433969
6062000 -0.286335615225231
6063000 -0.291197283169483
6064000 -0.28892231002697
6065000 -0.29002550352123
6066000 -0.290991150021216
6067000 -0.287929649202525
6068000 -0.291405498453786
6069000 -0.264192473084089
6070000 -0.253057959505387
6071000 -0.245542070736767
6072000 -0.237915265725986
6073000 -0.232712996898204
6074000 -0.234524022933819
6075000 -0.233839843536535
6076000 -0.233826996773946
6077000 -0.236822202586944
6078000 -0.239649080641201
6079000 -0.237971759674267
6080000 -0.238721310396205
6081000 -0.237756258729928
6082000 -0.239807571228775
6083000 -0.237433719047782
6084000 -0.238893071186357
6085000 -0.240925373911438
6086000 -0.240127165684029
6087000 -0.242170768559356
6088000 -0.240746950626051
6089000 -0.242460995096498
6090000 -0.241453969393738
6091000 -0.241937907139369
6092000 -0.243353920312916
6093000 -0.24270858830969
6094000 -0.242675089021289
6095000 -0.247333299953981
6096000 -0.243377237918733
6097000 -0.243502715664974
6098000 -0.247035381016983
6099000 -0.244606467535669
6100000 -0.243210688312198
6101000 -0.246360520377175
6102000 -0.246753124682955
6103000 -0.246191082524022
6104000 -0.247842613034993
6105000 -0.245253046650539
6106000 -0.24626549482641
6107000 -0.248144972299463
6108000 -0.246772717929687
6109000 -0.247837562235269
6110000 -0.247285365737981
6111000 -0.249356713486228
6112000 -0.248073839604231
6113000 -0.24677185063933
6114000 -0.250344396954358
6115000 -0.249827667834698
6116000 -0.248198631296763
6117000 -0.251377318259113
6118000 -0.248432559388744
6119000 -0.249469577552277
6120000 -0.254005284827255
6121000 -0.249914168133782
6122000 -0.251113960712874
6123000 -0.253111367947439
6124000 -0.248723538465503
6125000 -0.251395155669582
6126000 -0.251480568747842
6127000 -0.252788642905978
6128000 -0.251161093574729
6129000 -0.249778462890684
6130000 -0.255354881599224
6131000 -0.254515500295018
6132000 -0.250766888950318
6133000 -0.254984287040348
6134000 -0.254895654914897
6135000 -0.25109576656152
6136000 -0.256231366071274
6137000 -0.254275774791662
6138000 -0.255321533856094
6139000 -0.256304623692143
6140000 -0.255665792397173
6141000 -0.255336793578198
6142000 -0.255052917513827
6143000 -0.257537638638073
6144000 -0.259571083329133
6145000 -0.253619162125046
6146000 -0.255972330657966
6147000 -0.258949030352954
6148000 -0.257561935126841
6149000 -0.259157072469249
6150000 -0.260684188432722
6151000 -0.257225780910896
6152000 -0.258915689871727
6153000 -0.258772353993461
6154000 -0.260677912289942
6155000 -0.261213205460239
6156000 -0.260615917702102
6157000 -0.261768194232456
6158000 -0.259745808484897
6159000 -0.258719542785698
6160000 -0.261859713369969
6161000 -0.26212431899506
6162000 -0.259245134471309
6163000 -0.262956457128601
6164000 -0.2617382381068
6165000 -0.261771904641018
6166000 -0.264670716718951
6167000 -0.263594973305936
6168000 -0.261938591591779
6169000 -0.263071621434792
6170000 -0.264347450518974
6171000 -0.264120658350447
6172000 -0.261907849513174
6173000 -0.26729816313285
6174000 -0.265864691528978
6175000 -0.262506838600813
6176000 -0.265476563007953
6177000 -0.26652643907269
6178000 -0.265614914794479
6179000 -0.26627023174431
6180000 -0.266805813139972
6181000 -0.26636703951305
6182000 -0.266844154480374
6183000 -0.266055336773844
6184000 -0.268662925707956
6185000 -0.268370908969903
6186000 -0.265511913616443
6187000 -0.26980124542757
6188000 -0.268705757998934
6189000 -0.266302286576619
6190000 -0.270836759088989
6191000 -0.271044979796765
6192000 -0.267585093540906
6193000 -0.269554500468181
6194000 -0.268797749921106
6195000 -0.26894600609844
6196000 -0.271300062910376
6197000 -0.271037489084924
6198000 -0.271811054567203
6199000 -0.270425134521402
6200000 -0.271135282480366
6201000 -0.272143606924214
6202000 -0.27168797920306
6203000 -0.273883404456265
6204000 -0.274504529155093
6205000 -0.269487202407562
6206000 -0.271517276759177
6207000 -0.274117940414947
6208000 -0.27460203182944
6209000 -0.274268344882555
6210000 -0.272268957083156
6211000 -0.275047829063863
6212000 -0.274900578706211
6213000 -0.272484140058629
6214000 -0.276586163315491
6215000 -0.275758476666868
6216000 -0.274485515486814
6217000 -0.275267800925565
6218000 -0.275447649018478
6219000 -0.277329008523766
6220000 -0.277298852675585
6221000 -0.274384430382158
6222000 -0.278729597719518
6223000 -0.277083925908696
6224000 -0.276383966966411
6225000 -0.278372689959527
6226000 -0.278775609366056
6227000 -0.276843510994621
6228000 -0.278682751652406
6229000 -0.278994939379589
6230000 -0.279293763276432
6231000 -0.279366134422901
6232000 -0.277965897411467
6233000 -0.282101298245523
6234000 -0.279465215661643
6235000 -0.277368062972357
6236000 -0.281191794124811
6237000 -0.280783602872029
6238000 -0.28103355902323
6239000 -0.280349416870436
6240000 -0.279692653222193
6241000 -0.281863876287238
6242000 -0.255200425312602
6243000 -0.241568957808864
6244000 -0.233360852793341
6245000 -0.233051174174246
6246000 -0.227353133440739
6247000 -0.227265269636531
6248000 -0.223519019357634
6249000 -0.2271969716187
6250000 -0.229234939728342
6251000 -0.227012505809099
6252000 -0.228399294888102
6253000 -0.229785018897509
6254000 -0.229485609658704
6255000 -0.230806388330107
6256000 -0.228919667419665
6257000 -0.229099411836903
6258000 -0.231074936695839
6259000 -0.230832682743244
6260000 -0.231160764469214
6261000 -0.232742707053163
6262000 -0.231194567421996
6263000 -0.231670726052074
6264000 -0.232200226912675
6265000 -0.231191479239838
6266000 -0.231769143578006
6267000 -0.23343327846106
6268000 -0.235234619778253
6269000 -0.234009496281481
6270000 -0.232979438766542
6271000 -0.234976012066269
6272000 -0.234124131803409
6273000 -0.233856164656069
6274000 -0.235428670425657
6275000 -0.23670400071546
6276000 -0.237095083051003
6277000 -0.236865154622976
6278000 -0.235435824190458
6279000 -0.237335403098867
6280000 -0.236714875951907
6281000 -0.235711431272274
6282000 -0.239119849255047
6283000 -0.239159840197437
6284000 -0.238273815703789
6285000 -0.238922512822425
6286000 -0.237550013797314
6287000 -0.236917388351778
6288000 -0.239297668146956
6289000 -0.240967745539012
6290000 -0.240621377613302
6291000 -0.241138047466674
6292000 -0.240351380763327
6293000 -0.239754079588875
6294000 -0.240979569271147
6295000 -0.239200489021078
6296000 -0.241050944047063
6297000 -0.242733311508154
6298000 -0.244399638915496
6299000 -0.244433041148913
6300000 -0.242334162803447
6301000 -0.241317041204695
6302000 -0.243708896785936
6303000 -0.24289881491701
6304000 -0.243282972047206
6305000 -0.247151714762162
6306000 -0.246769417566905
6307000 -0.243390014714807
6308000 -0.245203954586186
6309000 -0.244893703532673
6310000 -0.242903615946092
6311000 -0.246118457376304
6312000 -0.248403332276098
6313000 -0.245502274540831
6314000 -0.245550129050717
6315000 -0.247372145331273
6316000 -0.245647637455731
6317000 -0.246152659812342
6318000 -0.250363584685655
6319000 -0.251619801591189
6320000 -0.248179966333748
6321000 -0.248102228633662
6322000 -0.249425313035056
6323000 -0.247431676320591
6324000 -0.248261061171675
6325000 -0.252228593496864
6326000 -0.25190297165597
6327000 -0.248558945527244
6328000 -0.249234835330881
6329000 -0.252693824873267
6330000 -0.249851390084767
6331000 -0.250285090482212
6332000 -0.254795242128753
6333000 -0.254817284526401
6334000 -0.251015499192956
6335000 -0.25297555046446
6336000 -0.256160475697342
6337000 -0.251980460631452
6338000 -0.252378822164533
6339000 -0.256016094512048
6340000 -0.256586152130271
6341000 -0.253618211663361
6342000 -0.255646998809168
6343000 -0.255709288725601
6344000 -0.252588751285059
6345000 -0.253877472579553
6346000 -0.258690749386982
6347000 -0.257241179019884
6348000 -0.25460034974066
6349000 -0.257953439284359
6350000 -0.259506034305868
6351000 -0.256548064639356
6352000 -0.257320743855337
6353000 -0.260726687160138
6354000 -0.25960289418869
6355000 -0.257065686254011
6356000 -0.25951627602464
6357000 -0.260640155512171
6358000 -0.257332499860021
6359000 -0.258511690551017
6360000 -0.261699923791208
6361000 -0.258990367931443
6362000 -0.257587443754712
6363000 -0.261924724596769
6364000 -0.263123474802495
6365000 -0.259551637943028
6366000 -0.261709173348705
6367000 -0.264927577536004
6368000 -0.262181745982727
6369000 -0.258665311022836
6370000 -0.26309371952493
6371000 -0.264092497086748
6372000 -0.261452268067636
6373000 -0.262642437277024
6374000 -0.266218816255333
6375000 -0.263461845038107
6376000 -0.261288157709451
6377000 -0.264841187221741
6378000 -0.265688092083583
6379000 -0.263596912986617
6380000 -0.26598340986868
6381000 -0.268874188740806
6382000 -0.266004451801397
6383000 -0.263790011756096
6384000 -0.268361564242788
6385000 -0.268722432592259
6386000 -0.265387979653831
6387000 -0.266921876991653
6388000 -0.270283619926209
6389000 -0.267060313452935
6390000 -0.264523179470022
6391000 -0.269462451407638
6392000 -0.272025063998995
6393000 -0.268951124065581
6394000 -0.269428333161684
6395000 -0.271895874006682
6396000 -0.271958638467724
6397000 -0.268529432029873
6398000 -0.271214714204759
6399000 -0.274505063258112
6400000 -0.269871194910637
6401000 -0.26925746061313
6402000 -0.273948782488836
6403000 -0.274163031905972
6404000 -0.270654895131656
6405000 -0.27246757963603
6406000 -0.276121611699307
6407000 -0.272320125338384
6408000 -0.272354838358279
6409000 -0.276788029849308
6410000 -0.276725129991836
6411000 -0.273768579459569
6412000 -0.274949765455077
6413000 -0.276958350778467
6414000 -0.275274814424639
6415000 -0.275218811467205
6416000 -0.277200052817998
6417000 -0.278978654546558
6418000 -0.276186322659406
6419000 -0.273855760537502
6420000 -0.278151848503159
6421000 -0.281129241016536
6422000 -0.278360668398999
6423000 -0.277607595831714
6424000 -0.280966269071665
6425000 -0.281099358118583
6426000 -0.277528368925709
6427000 -0.280256963823603
6428000 -0.282958822248586
6429000 -0.280424320152414
6430000 -0.276161476297653
6431000 -0.279669383567419
6432000 -0.282307734645984
6433000 -0.281225847674045
6434000 -0.280714478758508
6435000 -0.283085301046061
6436000 -0.283628326582764
6437000 -0.28140081252724
6438000 -0.281761684511651
6439000 -0.285420910490698
6440000 -0.286396264527749
6441000 -0.28262443749189
6442000 -0.2830873729494
6443000 -0.286220041733076
6444000 -0.275239017900896
6445000 -0.242848750198795
6446000 -0.222872962234602
6447000 -0.212871193359619
6448000 -0.211151667809378
6449000 -0.213591724284874
6450000 -0.217822616766691
6451000 -0.215853715645615
6452000 -0.216263091866078
6453000 -0.21725436016497
6454000 -0.215147823620753
6455000 -0.217310678817088
6456000 -0.218054285457335
6457000 -0.218463362498933
6458000 -0.215525541477647
6459000 -0.217165031850634
6460000 -0.234565684027279
6461000 -0.238737929806924
6462000 -0.207405799180182
6463000 -0.213965364724767
6464000 -0.213791766356386
6465000 -0.215767228815075
6466000 -0.212476786506591
6467000 -0.215575301772287
6468000 -0.213508800737091
6469000 -0.218019947126068
6470000 -0.216634841882966
6471000 -0.217219325530755
6472000 -0.218184489896674
6473000 -0.216716733045607
6474000 -0.219585762681237
6475000 -0.216236376398164
6476000 -0.223034499751611
6477000 -0.219256237876714
6478000 -0.220807051372572
6479000 -0.217176902749422
6480000 -0.220386545940264
6481000 -0.219467856556458
6482000 -0.221935003891021
6483000 -0.223621211469946
6484000 -0.222166210017335
6485000 -0.221588582097854
6486000 -0.219514045694007
6487000 -0.224804375715379
6488000 -0.220984405126363
6489000 -0.226690109555452
6490000 -0.22149217071784
6491000 -0.225874658702113
6492000 -0.221919811725358
6493000 -0.221308262494634
6494000 -0.228768703189446
6495000 -0.22173363951267
6496000 -0.226381560666651
6497000 -0.227490599182416
6498000 -0.222325349461773
6499000 -0.228646487288408
6500000 -0.224694498547254
6501000 -0.22396274158512
6502000 -0.230692415733726
6503000 -0.22428412016698
6504000 -0.226747479746727
6505000 -0.231880460856433
6506000 -0.223755177048392
6507000 -0.227970588430807
6508000 -0.230855968408641
6509000 -0.224574229917876
6510000 -0.231223508679736
6511000 -0.230778160543336
6512000 -0.226206535357082
6513000 -0.23288900078566
6514000 -0.228810792786311
6515000 -0.227356798799481
6516000 -0.234373602363218
6517000 -0.228827688755271
6518000 -0.230645841021598
6519000 -0.235176609597622
6520000 -0.228105731187057
6521000 -0.23214410543528
6522000 -0.234579025836476
6523000 -0.228674313191848
6524000 -0.235153843675547
6525000 -0.235193873225963
6526000 -0.229431096438923
6527000 -0.236151631763211
6528000 -0.2342070841515
6529000 -0.230068964061052
6530000 -0.238149117054392
6531000 -0.234941387766753
6532000 -0.232052924481789
6533000 -0.238939089939661
6534000 -0.233565235402243
6535000 -0.233369809445529
6536000 -0.239595805245038
6537000 -0.233916461259969
6538000 -0.236668090737864
6539000 -0.239617064282358
6540000 -0.232944105370377
6541000 -0.237931699743679
6542000 -0.238853563619006
6543000 -0.233512769971808
6544000 -0.240115327608479
6545000 -0.238732220505802
6546000 -0.233234401333428
6547000 -0.240009855975531
6548000 -0.238333527945974
6549000 -0.234413171023482
6550000 -0.242089887894262
6551000 -0.239097389053733
6552000 -0.235614677312276
6553000 -0.242419206357517
6554000 -0.238015835911983
6555000 -0.237567989378535
6556000 -0.244311302461995
6557000 -0.238529974731848
6558000 -0.239710887258117
6559000 -0.244295255919344
6560000 -0.237720732699237
6561000 -0.24136421878776
6562000 -0.245780727713021
6563000 -0.239098572092803
6564000 -0.242857574937009
6565000 -0.245843492472154
6566000 -0.238883993562999
6567000 -0.243945576111948
6568000 -0.246988331459465
6569000 -0.240699664222232
6570000 -0.245738470657466
6571000 -0.246007910879177
6572000 -0.241177067817598
6573000 -0.247172838100134
6574000 -0.245966411297538
6575000 -0.243519670033862
6576000 -0.248787076738051
6577000 -0.244708091277989
6578000 -0.243375348647681
6579000 -0.249848824649034
6580000 -0.244782154001153
6581000 -0.243880455497766
6582000 -0.250762310668221
6583000 -0.242766047526272
6584000 -0.233419525635651
6585000 -0.237022334161201
6586000 -0.228021327100876
6587000 -0.223734922804336
6588000 -0.217275994456149
6589000 -0.218280611019803
6590000 -0.223002781589656
6591000 -0.220385763556598
6592000 -0.221053845543431
6593000 -0.227779777143021
6594000 -0.227193120243701
6595000 -0.224492563022335
6596000 -0.230012540903223
6597000 -0.229383331215832
6598000 -0.225005024577114
6599000 -0.231078859042805
6600000 -0.232545749818782
6601000 -0.226270144272392
6602000 -0.230205438475953
6603000 -0.234969711093245
6604000 -0.228911228679315
6605000 -0.230350105262654
6606000 -0.235440313543912
6607000 -0.229498479469656
6608000 -0.231945916384168
6609000 -0.237780692722619
6610000 -0.230801173216594
6611000 -0.230919959980718
6612000 -0.238861600398477
6613000 -0.233912847274562
6614000 -0.231662900521383
6615000 -0.238508412225915
6616000 -0.234758716401397
6617000 -0.233522660616646
6618000 -0.239880940228505
6619000 -0.236567295583669
6620000 -0.232968177350012
6621000 -0.239492604106147
6622000 -0.240136489293998
6623000 -0.234513456488801
6624000 -0.238714891830865
6625000 -0.240884644017635
6626000 -0.236233188799477
6627000 -0.239795155712786
6628000 -0.242807156225327
6629000 -0.236342764462378
6630000 -0.238795934014963
6631000 -0.245641548764647
6632000 -0.23878853523506
6633000 -0.238536005407447
6634000 -0.245313558621634
6635000 -0.240299206399131
6636000 -0.240340479174616
6637000 -0.246454735191491
6638000 -0.241374451749841
6639000 -0.239633925295463
6640000 -0.247457352169582
6641000 -0.244643677269869
6642000 -0.240456121438819
6643000 -0.246350973554789
6644000 -0.245784000023178
6645000 -0.242648093887161
6646000 -0.24720704614436
6647000 -0.247533080354076
6648000 -0.242277748202203
6649000 -0.246780192122242
6650000 -0.250940342880739
6651000 -0.244073731578015
6652000 -0.245988126995376
6653000 -0.25119633037733
6654000 -0.245881172350661
6655000 -0.247395607787503
6656000 -0.252671214159947
6657000 -0.246398466831169
6658000 -0.246528177746406
6659000 -0.254551367868315
6660000 -0.249249539668885
6661000 -0.246873541736072
6662000 -0.25368506782178
6663000 -0.250324910947726
6664000 -0.226466209227372
6665000 -0.232416430130415
6666000 -0.232403561170309
6667000 -0.230280183805142
6668000 -0.236802728904969
6669000 -0.237963488069209
6670000 -0.23139936059126
6671000 -0.231766979585872
6672000 -0.239049685204497
6673000 -0.239461423141107
6674000 -0.232290541357831
6675000 -0.23290713771058
6676000 -0.239666174714672
6677000 -0.241278365800035
6678000 -0.23477061412233
6679000 -0.233852563045788
6680000 -0.239073507099245
6681000 -0.243805305917144
6682000 -0.237554729518558
6683000 -0.234404039294596
6684000 -0.238988644149906
6685000 -0.2452927663451
6686000 -0.240528157692093
6687000 -0.236050960341912
6688000 -0.238588850060081
6689000 -0.245317140366017
6690000 -0.24459250143528
6691000 -0.238280150567217
6692000 -0.238456907158215
6693000 -0.245209957639551
6694000 -0.247580495759779
6695000 -0.240525363499291
6696000 -0.239539061926505
6697000 -0.244646962944054
6698000 -0.249396789981858
6699000 -0.244067666182602
6700000 -0.24032621369764
6701000 -0.24354238343854
6702000 -0.250958241437763
6703000 -0.248044534846432
6704000 -0.241634642773438
6705000 -0.243491349782528
6706000 -0.250863311950594
6707000 -0.25126906980196
6708000 -0.244656111275136
6709000 -0.243967857691858
6710000 -0.249769878908508
6711000 -0.254130024069912
6712000 -0.24770910445664
6713000 -0.244756386879132
6714000 -0.249413669938123
6715000 -0.255580566874419
6716000 -0.250510342880259
6717000 -0.246689283909938
6718000 -0.249275872316353
6719000 -0.255742366900405
6720000 -0.254058903387091
6721000 -0.248744075720316
6722000 -0.249328041381198
6723000 -0.256054083855404
6724000 -0.257162325467992
6725000 -0.250636087455467
6726000 -0.250464199698959
6727000 -0.255918179319764
6728000 -0.25915709959261
6729000 -0.253544264035405
6730000 -0.251646741508327
6731000 -0.25520660526634
6732000 -0.261003327664632
6733000 -0.256792459000166
6734000 -0.252515687326943
6735000 -0.255350825239681
6736000 -0.261989459892426
6737000 -0.259840913145677
6738000 -0.254485979950077
6739000 -0.255796856428596
6740000 -0.261651886830474
6741000 -0.263379256039737
6742000 -0.257085917584482
6743000 -0.255892141737416
6744000 -0.261348392371554
6745000 -0.266111726822665
6746000 -0.259798431432698
6747000 -0.256958864515473
6748000 -0.260927663745343
6749000 -0.266984958325325
6750000 -0.263795935878679
6751000 -0.258751184479674
6752000 -0.260170355759968
6753000 -0.267306391885704
6754000 -0.267959879909436
6755000 -0.260724093298547
6756000 -0.260549933597449
6757000 -0.266862309353459
6758000 -0.270471320492103
6759000 -0.264170896813076
6760000 -0.261665694201831
6761000 -0.265334098095328
6762000 -0.272061141160391
6763000 -0.268513019862851
6764000 -0.26280889503907
6765000 -0.264828094293489
6766000 -0.272462620586275
6767000 -0.272111198839221
6768000 -0.265466546997667
6769000 -0.265390453411114
6770000 -0.271044302465273
6771000 -0.275219838876871
6772000 -0.269283383947954
6773000 -0.265883350878788
6774000 -0.269837174207057
6775000 -0.276975167014631
6776000 -0.272889155832138
6777000 -0.267253137126885
6778000 -0.268899882416735
6779000 -0.27602259369699
6780000 -0.276494007630763
6781000 -0.270379728116598
6782000 -0.269231615663946
6783000 -0.274873828668392
6784000 -0.279802940902656
6785000 -0.273609480610684
6786000 -0.270288378628837
6787000 -0.273964556085178
6788000 -0.280561797194792
6789000 -0.277660032527129
6790000 -0.272694405232366
6791000 -0.273301706017228
6792000 -0.279833347065972
6793000 -0.281970300472053
6794000 -0.275537692414532
6795000 -0.273709614549855
6796000 -0.278756478402776
6797000 -0.284214448995634
6798000 -0.27910890235283
6799000 -0.275486280592053
6800000 -0.27760630452235
6801000 -0.284202538076298
6802000 -0.28368508474854
6803000 -0.277972167826892
6804000 -0.277317751574415
6805000 -0.283321156358375
6806000 -0.287191976710485
6807000 -0.281023339586761
6808000 -0.278538321993566
6809000 -0.281994918307019
6810000 -0.288077213704703
6811000 -0.285370088131953
6812000 -0.28070264521057
6813000 -0.281040630077004
6814000 -0.287624177255695
6815000 -0.28976453309297
6816000 -0.283357411762111
6817000 -0.281683259769017
6818000 -0.286083906318258
6819000 -0.291652634970704
6820000 -0.287568769975006
6821000 -0.283389420100045
6822000 -0.284579651773742
6823000 -0.250512422074323
6824000 -0.207964775644416
6825000 -0.216953001512889
6826000 -0.234952976872233
6827000 -0.217547845391778
6828000 -0.218661896818521
6829000 -0.231942364004212
6830000 -0.226413626900125
6831000 -0.22194211897257
6832000 -0.225228319304664
6833000 -0.231332623754796
6834000 -0.228074900573123
6835000 -0.224359046941882
6836000 -0.229963420704471
6837000 -0.233768109565451
6838000 -0.226610904596987
6839000 -0.223706361306963
6840000 -0.233683156615903
6841000 -0.231504298409463
6842000 -0.225769947693081
6843000 -0.230377591718077
6844000 -0.23587697214061
6845000 -0.232702086944631
6846000 -0.229338402104194
6847000 -0.234537629743192
6848000 -0.23771978146096
6849000 -0.231459918370221
6850000 -0.229354020920249
6851000 -0.238002194370896
6852000 -0.234957069489991
6853000 -0.231387093390077
6854000 -0.234400137249818
6855000 -0.236803953713477
6856000 -0.234646518046928
6857000 -0.233165624376596
6858000 -0.240670782144839
6859000 -0.237091040292038
6860000 -0.233815839852191
6861000 -0.237084455906518
6862000 -0.24026603558702
6863000 -0.233000332780418
6864000 -0.235159643398301
6865000 -0.240632990848306
6866000 -0.242536638229745
6867000 -0.238155652048593
6868000 -0.242272365414102
6869000 -0.242351515444084
6870000 -0.237524930742565
6871000 -0.23923867236826
6872000 -0.244100667171495
6873000 -0.235035987202847
6874000 -0.238781685052926
6875000 -0.246417696967183
6876000 -0.242585678721463
6877000 -0.241070619377078
6878000 -0.248466050262983
6879000 -0.24762622549857
6880000 -0.241183164616746
6881000 -0.24304063566127
6882000 -0.244684775844387
6883000 -0.242872435756619
6884000 -0.244049178530705
6885000 -0.248410638877121
6886000 -0.245102771797115
6887000 -0.241234573376391
6888000 -0.247917102962071
6889000 -0.251215820854151
6890000 -0.245263308935476
6891000 -0.245124075124415
6892000 -0.25030444091599
6893000 -0.244648406221215
6894000 -0.244031722302667
6895000 -0.252908879589748
6896000 -0.251230276265043
6897000 -0.246608472274208
6898000 -0.250036230118682
6899000 -0.255094871355559
6900000 -0.24967510016708
6901000 -0.249605797988554
6902000 -0.254770683784701
6903000 -0.250355282721685
6904000 -0.247729675145202
6905000 -0.25255415232947
6906000 -0.255801536048421
6907000 -0.252453905060957
6908000 -0.251188586928495
6909000 -0.259462577296337
6910000 -0.25241992772788
6911000 -0.248412492052898
6912000 -0.254874715048229
6913000 -0.256344158674839
6914000 -0.254445168024487
6915000 -0.253975049299476
6916000 -0.259155472884201
6917000 -0.2538851154863
6918000 -0.254172482119059
6919000 -0.262363403923036
6920000 -0.256375705505798
6921000 -0.253493751839377
6922000 -0.260899621171365
6923000 -0.25925206596847
6924000 -0.254239703902628
6925000 -0.2579386036389
6926000 -0.263683450032542
6927000 -0.260350906683477
6928000 -0.257256493608141
6929000 -0.264023066817235
6930000 -0.259135551594821
6931000 -0.255407490575242
6932000 -0.260615727655929
6933000 -0.265666488128032
6934000 -0.262222533945307
6935000 -0.261605415742155
6936000 -0.267731191897449
6937000 -0.262218307305827
6938000 -0.259494287439913
6939000 -0.267302744623579
6940000 -0.262163615249961
6941000 -0.258913423812235
6942000 -0.262570929015629
6943000 -0.266834801619125
6944000 -0.264757671245057
6945000 -0.262295740504115
6946000 -0.269832536359625
6947000 -0.264321221773408
6948000 -0.260181929025033
6949000 -0.264808770626199
6950000 -0.269096759244612
6951000 -0.266858073800278
6952000 -0.264089954793029
6953000 -0.272911038344907
6954000 -0.269976430142355
6955000 -0.264099288344297
6956000 -0.268360782645987
6957000 -0.272094950117117
6958000 -0.264422523347903
6959000 -0.266842916990361
6960000 -0.273887868247429
6961000 -0.271153540165168
6962000 -0.266938729149697
6963000 -0.274127869757053
6964000 -0.273845502750232
6965000 -0.268461845979127
6966000 -0.272413254867831
6967000 -0.275088244962784
6968000 -0.268990360064941
6969000 -0.268029673709421
6970000 -0.275330398824345
6971000 -0.275980749542843
6972000 -0.271431463874325
6973000 -0.27569547944303
6974000 -0.27238012635555
6975000 -0.269906614285492
6976000 -0.27098283006731
6977000 -0.253732215039801
6978000 -0.247889008865102
6979000 -0.247128029122728
6980000 -0.256957434413583
6981000 -0.251175809901686
6982000 -0.249460084017562
6983000 -0.256492514328468
6984000 -0.255900960907269
6985000 -0.251253804902825
6986000 -0.255596895670764
6987000 -0.258330761923733
6988000 -0.252134198227778
6989000 -0.252133802067255
6990000 -0.259407614626187
6991000 -0.256805395144785
6992000 -0.253614780365963
6993000 -0.257310641418201
6994000 -0.257471335075971
6995000 -0.256380240950478
6996000 -0.260807490622697
6997000 -0.25826917740472
6998000 -0.254929777967091
6999000 -0.260072558471823
7000000 -0.262520878925463
7001000 -0.254925016094089
7002000 -0.261370270493169
7003000 -0.26209798092375
7004000 -0.260049846769863
7005000 -0.258950956007073
7006000 -0.265584181071189
7007000 -0.258584324800908
7008000 -0.2595387835408
7009000 -0.265316672585362
7010000 -0.264648047252565
7011000 -0.258833299900375
7012000 -0.264030494974259
7013000 -0.268078965749076
7014000 -0.261454000243357
7015000 -0.260731178459895
7016000 -0.266600073176158
7017000 -0.267114981584189
7018000 -0.264670684677731
7019000 -0.266383681594192
7020000 -0.262495534591312
7021000 -0.269884294739728
7022000 -0.264806986970452
7023000 -0.268955926125283
7024000 -0.265913008386885
7025000 -0.266741885515099
7026000 -0.26947365965686
7027000 -0.268727954025897
7028000 -0.265801792636064
7029000 -0.270638446542467
7030000 -0.274932105081871
7031000 -0.268594732859709
7032000 -0.268697291950725
7033000 -0.273345099081603
7034000 -0.27469512124998
7035000 -0.269499170033242
7036000 -0.268821997037938
7037000 -0.274621528512508
7038000 -0.271012175720632
7039000 -0.268072239454106
7040000 -0.27541785159652
7041000 -0.277468112159003
7042000 -0.272376418725463
7043000 -0.275872858248836
7044000 -0.276802229721129
7045000 -0.270746790109397
7046000 -0.27372821289499
7047000 -0.281054254187301
7048000 -0.277413591248471
7049000 -0.274811627772564
7050000 -0.278768759683913
7051000 -0.281868385879223
7052000 -0.275907247051859
7053000 -0.278530185011338
7054000 -0.280959871084025
7055000 -0.27731485509174
7056000 -0.27727747038112
7057000 -0.283674473510692
7058000 -0.280016611588555
7059000 -0.276770857323915
7060000 -0.28325971517603
7061000 -0.283639534079114
7062000 -0.277322882192711
7063000 -0.280040666239266
7064000 -0.285608316282941
7065000 -0.280557891309995
7066000 -0.27968976432646
7067000 -0.286417906833003
7068000 -0.285048843439038
7069000 -0.279363419928195
7070000 -0.281069323738598
7071000 -0.286853708783743
7072000 -0.288038410207413
7073000 -0.281697760715531
7074000 -0.282141362156916
7075000 -0.288732745470932
7076000 -0.29000942149889
7077000 -0.286381756139367
7078000 -0.283171828372453
7079000 -0.29085026528234
7080000 -0.29148095325696
7081000 -0.286528548345299
7082000 -0.286148934961075
7083000 -0.291482532800651
7084000 -0.288011036121079
7085000 -0.286421822973023
7086000 -0.289458150361058
7087000 -0.295086648552664
7088000 -0.288076290688624
7089000 -0.290143306480923
7090000 -0.294434912452108
7091000 -0.294570593672806
7092000 -0.291429701457933
7093000 -0.291326358378552
7094000 -0.298255726782353
7095000 -0.290341633771173
7096000 -0.294571117764843
7097000 -0.297236307129532
7098000 -0.294529225842992
7099000 -0.291666849173443
7100000 -0.297022289488044
7101000 -0.298830651948346
7102000 -0.294151964463128
7103000 -0.295938741985746
7104000 -0.298663370337235
7105000 -0.299917996195707
7106000 -0.295469895602706
7107000 -0.295358759731606
7108000 -0.300806697041542
7109000 -0.29478185900558
7110000 -0.296075245392673
7111000 -0.30071511099905
7112000 -0.302823995093621
7113000 -0.297583444919164
7114000 -0.296027973765183
7115000 -0.302930727151583
7116000 -0.304704147971281
7117000 -0.301120126401881
7118000 -0.298655242939048
7119000 -0.299319072993337
7120000 -0.305651871521208
7121000 -0.305222549913177
7122000 -0.300918550588423
7123000 -0.300559475096507
7124000 -0.307674491261865
7125000 -0.305957415141589
7126000 -0.301124088759045
7127000 -0.301785440482451
7128000 -0.309456565757049
7129000 -0.306261910278531
7130000 -0.303304839377456
7131000 -0.306222335292037
7132000 -0.30848895234665
7133000 -0.306203837015584
7134000 -0.303539487526039
7135000 -0.311466835741888
7136000 -0.310006122337633
7137000 -0.305980217528529
7138000 -0.305674993151703
7139000 -0.311539304363254
7140000 -0.312332215041063
7141000 -0.304869539596778
7142000 -0.31014474975793
7143000 -0.311634603801135
7144000 -0.312406856438352
7145000 -0.307751401749898
7146000 -0.311785440448506
7147000 -0.315111264837241
7148000 -0.311839026817562
7149000 -0.308993400345722
7150000 -0.312186728022375
7151000 -0.315887763875301
7152000 -0.313031997238398
7153000 -0.310216745612398
7154000 -0.31425704715024
7155000 -0.316922981724933
7156000 -0.315630880856426
7157000 -0.310964536667254
7158000 -0.315243346154693
7159000 -0.315640202930213
7160000 -0.310647127885284
7161000 -0.303556780910446
7162000 -0.295346102460565
7163000 -0.304104557419116
7164000 -0.307773721832062
7165000 -0.307855446660856
7166000 -0.30625620716292
7167000 -0.302380361511186
7168000 -0.304344397531738
7169000 -0.303700235316494
7170000 -0.305637106074002
7171000 -0.304396497689173
7172000 -0.305889949465928
7173000 -0.309148270300113
7174000 -0.30677606090469
7175000 -0.30666539303658
7176000 -0.306512940922228
7177000 -0.308486728348189
7178000 -0.307610027709566
7179000 -0.310847776348195
7180000 -0.30966215625233
7181000 -0.310023435125857
7182000 -0.309529248882536
7183000 -0.309921092756352
7184000 -0.309506266561502
7185000 -0.308486207401621
7186000 -0.311679873432797
7187000 -0.310993476794693
7188000 -0.31424064181538
7189000 -0.312699811436458
7190000 -0.312443399103673
7191000 -0.313081924118832
7192000 -0.31253865578238
7193000 -0.314216950971209
7194000 -0.313684920862945
7195000 -0.313499988537604
7196000 -0.314722791674732
7197000 -0.312847879485184
7198000 -0.31553948778452
7199000 -0.317040931244767
7200000 -0.317476124480014
7201000 -0.31755439697991
7202000 -0.316477297018095
7203000 -0.317253964601844
7204000 -0.316738248712649
7205000 -0.316570871451346
7206000 -0.318030662295856
7207000 -0.318009822145938
7208000 -0.317462965188739
7209000 -0.318063850867984
7210000 -0.319432074901159
7211000 -0.322048522886381
7212000 -0.322632760689604
7213000 -0.320710759809728
7214000 -0.321184923270801
7215000 -0.320753144631334
7216000 -0.319567034159883
7217000 -0.320545232413758
7218000 -0.321295875261905
7219000 -0.322611559764496
7220000 -0.323148607192248
7221000 -0.322583753008369
7222000 -0.323670179828261
7223000 -0.324626946407684
7224000 -0.325071597882343
7225000 -0.324373454938038
7226000 -0.324152736305148
7227000 -0.324312461493025
7228000 -0.323765435144981
7229000 -0.324979118213714
7230000 -0.313320878257419
7231000 -0.314427067536145
7232000 -0.290129258027636
7233000 -0.30919951090349
7234000 -0.320625338316191
7235000 -0.325358058606948
7236000 -0.321072825276673
7237000 -0.319693846047017
7238000 -0.318435805362684
7239000 -0.322145053328318
7240000 -0.320691772046884
7241000 -0.322960462528714
7242000 -0.320924719024651
7243000 -0.324370401853033
7244000 -0.32290410363836
7245000 -0.322448561997715
7246000 -0.324502954297621
7247000 -0.323974448865625
7248000 -0.32518511491721
7249000 -0.323239169585771
7250000 -0.327425527322681
7251000 -0.323722133774321
7252000 -0.326656845104755
7253000 -0.325757547551026
7254000 -0.327067114872987
7255000 -0.326110384572203
7256000 -0.327176321488332
7257000 -0.328222253150345
7258000 -0.326727205926055
7259000 -0.328474477394213
7260000 -0.328672216806081
7261000 -0.328764683044949
7262000 -0.327826798045568
7263000 -0.330676195433057
7264000 -0.328443765795046
7265000 -0.33093586331138
7266000 -0.329066792845924
7267000 -0.332250637890353
7268000 -0.328990731298669
7269000 -0.332425013019818
7270000 -0.331161520284632
7271000 -0.331710185827315
7272000 -0.284939826542642
7273000 -0.298974324742679
7274000 -0.295653595222485
7275000 -0.294462384213884
7276000 -0.303451021453201
7277000 -0.300719583160785
7278000 -0.296905187338467
7279000 -0.294387256128996
7280000 -0.298560764702598
7281000 -0.296043813605111
7282000 -0.300671179534537
7283000 -0.296126599307218
7284000 -0.301113866354613
7285000 -0.296502966145654
7286000 -0.302149692663389
7287000 -0.299047783161148
7288000 -0.299081523685553
7289000 -0.30219812961817
7290000 -0.298575713584862
7291000 -0.304048253154409
7292000 -0.299578190643881
7293000 -0.303816640995582
7294000 -0.299684586945748
7295000 -0.304232056419773
7296000 -0.30054892862649
7297000 -0.30244777005448
7298000 -0.303510781611859
7299000 -0.303516797643095
7300000 -0.303918252508685
7301000 -0.305298129467536
7302000 -0.306504129652216
7303000 -0.303905280780711
7304000 -0.306218518465675
7305000 -0.305528295329871
7306000 -0.306991838833414
7307000 -0.306697805398544
7308000 -0.309936936259898
7309000 -0.307050281131401
7310000 -0.309840852213311
7311000 -0.308444135690527
7312000 -0.308422640412404
7313000 -0.30897400187149
7314000 -0.309795284957584
7315000 -0.311149835392954
7316000 -0.311585571224249
7317000 -0.3111907553374
7318000 -0.31097858616558
7319000 -0.309913775189596
7320000 -0.309645027720102
7321000 -0.311233773895851
7322000 -0.311990078104734
7323000 -0.311993116204704
7324000 -0.312989407756874
7325000 -0.31291748814939
7326000 -0.313249832031406
7327000 -0.312762843438071
7328000 -0.314107886472119
7329000 -0.314141895848743
7330000 -0.314782980226088
7331000 -0.314882210105463
7332000 -0.315155062830714
7333000 -0.316747708051182
7334000 -0.317898051778922
7335000 -0.317921119034415
7336000 -0.317465746689894
7337000 -0.317237406795889
7338000 -0.317439480665184
7339000 -0.318150669335942
7340000 -0.318983508269043
7341000 -0.31949739757391
7342000 -0.319835359758166
7343000 -0.320551743555412
7344000 -0.321890062224626
7345000 -0.323254990304187
7346000 -0.323719569499785
7347000 -0.323045921411643
7348000 -0.321947325083954
7349000 -0.321435414074543
7350000 -0.321909765981245
7351000 -0.322891211236743
7352000 -0.323686280013268
7353000 -0.324234174484349
7354000 -0.324996055131682
7355000 -0.326095003243502
7356000 -0.327046749802783
7357000 -0.327206764066173
7358000 -0.32642714836795
7359000 -0.325337364641722
7360000 -0.324823786068236
7361000 -0.325277100669076
7362000 -0.326365949375851
7363000 -0.327484639796531
