#Timestep sxy 
100000 0.0035172812376581
101000 0.0104425800229687
102000 0.000618949971596211
103000 0.00575111572862797
104000 -0.000173138283954298
105000 -0.0062450622914194
106000 0.000557368774465489
107000 0.000543499014019189
108000 -0.000846559652795287
109000 -0.0181049479199917
110000 -0.00178585024925606
111000 -0.00777409451759117
112000 -0.0105935456981118
113000 -0.0107824631522197
114000 -0.0158107966583208
115000 -0.00346346127298341
116000 -0.0182445388402883
117000 -0.0108863659327787
118000 -0.0165411806462555
119000 -0.0135086201226677
120000 -0.0122105802525528
121000 -0.0202755110365251
122000 -0.00691689531834994
123000 -0.0154469331258317
124000 -0.0112018699906936
125000 -0.0200964936632084
126000 -0.0121593541777203
127000 -0.00163945797207579
128000 -0.0222940368224478
129000 -0.0143443044825582
130000 -0.0213113965617149
131000 -0.00618492994517795
132000 -0.0115393544176166
133000 -0.0194524300866622
134000 -0.0166175387958028
135000 -0.0195464586932888
136000 -0.00928981964253191
137000 -0.0211451930425724
138000 -0.0143992787195163
139000 -0.0182758282329473
140000 -0.0201358068311092
141000 -0.0126174592310789
142000 -0.0215980209321476
143000 -0.00744420688821472
144000 -0.0264230971030381
145000 -0.0255843236351945
146000 -0.0254236768112265
147000 -0.0219696610473297
148000 -0.0188409760896443
149000 -0.0240120973642984
150000 -0.0210918391206376
151000 -0.0302010594927582
152000 -0.0191039459166564
153000 -0.0183745274593929
154000 -0.0262423373355204
155000 -0.0191145861361393
156000 -0.0232823707916675
157000 -0.0204558677817405
158000 -0.0323786979522049
159000 -0.0245368613025865
160000 -0.026881335259458
161000 -0.0346403461490071
162000 -0.0291025911137419
163000 -0.0349416077894092
164000 -0.0241535025566569
165000 -0.0406655254751794
166000 -0.0415703479185678
167000 -0.0368388274174142
168000 -0.0364278652224198
169000 -0.0330886880459363
170000 -0.0467326423335096
171000 -0.0266170075664169
172000 -0.0382914682190402
173000 -0.0421784441175124
174000 -0.023182235586999
175000 -0.0465673696075681
176000 -0.0334925511078342
177000 -0.0439788825096867
178000 -0.0420176672162173
179000 -0.0433782853920473
180000 -0.0414040966988428
181000 -0.0400216446110688
182000 -0.0553749099371403
183000 -0.0351078991385093
184000 -0.0490971778134559
185000 -0.0442529211949997
186000 -0.0445233765651733
187000 -0.0524384119034311
188000 -0.0422560977132747
189000 -0.0418461570388901
190000 -0.0496487407179995
191000 -0.0393381207490212
192000 -0.0537832352090662
193000 -0.0398583881597879
194000 -0.0587872870127086
195000 -0.0429816481988231
196000 -0.0534007767586952
197000 -0.0509992455026234
198000 -0.0503359930997799
199000 -0.0578778928355311
200000 -0.0541173505029827
201000 -0.056820684446248
202000 -0.0557133220019928
203000 -0.0536495216655071
204000 -0.0617978068844205
205000 -0.0572559607330668
206000 -0.0597471775566416
207000 -0.0564441521828932
208000 -0.0572539821275006
209000 -0.0588127892675961
210000 -0.0563371049371215
211000 -0.0708416383466922
212000 -0.0588274106357846
213000 -0.0648090026880242
214000 -0.0565745520311256
215000 -0.0615370377449899
216000 -0.0680812511403638
217000 -0.063619564998297
218000 -0.0733338041985938
219000 -0.0661523106221463
220000 -0.0697696620750217
221000 -0.063669314022035
222000 -0.0660784614644719
223000 -0.0681895939015695
224000 -0.0614145628893774
225000 -0.0635558924655333
226000 -0.070945348924437
227000 -0.06129675348353
228000 -0.0611251077548685
229000 -0.0686176796566569
230000 -0.0662222525281033
231000 -0.0673093940462273
232000 -0.0613939505408524
233000 -0.0666665555200668
234000 -0.0622653439422135
235000 -0.0681678325818738
236000 -0.0701530253469594
237000 -0.0649159335884252
238000 -0.080578562320686
239000 -0.0641489906279105
240000 -0.0784229550833078
241000 -0.0623269720381641
242000 -0.0707286405562617
243000 -0.0757513011460147
244000 -0.0665271992768037
245000 -0.0806593210132975
246000 -0.0715591828843303
247000 -0.0719787706326349
248000 -0.0782892579325291
249000 -0.0787330437371477
250000 -0.0833150255709626
251000 -0.0730742463210843
252000 -0.0823216920033254
253000 -0.0898199527515033
254000 -0.072454405665024
255000 -0.0833476201661268
256000 -0.0829214875973256
257000 -0.0823997837530871
258000 -0.0858305084960914
259000 -0.0780498939596828
260000 -0.0889364814980387
261000 -0.0841632752010693
262000 -0.0904950413006168
263000 -0.0861380844696484
264000 -0.0888475213074146
265000 -0.0890211608384626
266000 -0.0856934175658988
267000 -0.0879355071773997
268000 -0.0840544953702152
269000 -0.0877942566394894
270000 -0.0857264874701045
271000 -0.0949235286638691
272000 -0.095673958956624
273000 -0.091850486434392
274000 -0.0917327381741382
275000 -0.0955076565933234
276000 -0.0852170562981426
277000 -0.0958167460055413
278000 -0.0932711575041345
279000 -0.0895255596889751
280000 -0.0945816832660029
281000 -0.0987330691403108
282000 -0.101258037202837
283000 -0.0937330898260924
284000 -0.098975987154125
285000 -0.0999674820403347
286000 -0.0954263038066436
287000 -0.104021890089532
288000 -0.0994958724441612
289000 -0.0953943678357885
290000 -0.0986109070745354
291000 -0.100211851762633
292000 -0.101489866933739
293000 -0.101246953173809
294000 -0.100192084623101
295000 -0.105806394286421
296000 -0.101015380348115
297000 -0.106665208545735
298000 -0.0988483263392985
299000 -0.109372869522471
300000 -0.102577716098252
301000 -0.106879442441982
302000 -0.109551714134172
303000 -0.111735440297416
304000 -0.110649069758071
305000 -0.108145120864938
306000 -0.109828378171058
307000 -0.106470455846623
308000 -0.106482487558134
309000 -0.101530915926214
310000 -0.117661370222668
311000 -0.10923094067892
312000 -0.10807055521669
313000 -0.105803570224953
314000 -0.115395875503594
315000 -0.113482002462213
316000 -0.111932941702524
317000 -0.114028618783821
318000 -0.116694992025443
319000 -0.102054332386879
320000 -0.119833037394271
321000 -0.122101793697942
322000 -0.113625673401714
323000 -0.117115930362543
324000 -0.117397033729367
325000 -0.126692093696841
326000 -0.119037761721923
327000 -0.119785604199793
328000 -0.110622442233784
329000 -0.127923840478642
330000 -0.11890532322736
331000 -0.117195323221204
332000 -0.129337143897266
333000 -0.126480565453598
334000 -0.128823967491438
335000 -0.135772968077042
336000 -0.128035812693903
337000 -0.122304761773438
338000 -0.127573360435553
339000 -0.122185151626514
340000 -0.128285025003036
341000 -0.127833758068604
342000 -0.134624583646397
343000 -0.136228636223839
344000 -0.128374025988452
345000 -0.125145671246502
346000 -0.134483697485028
347000 -0.12263425168884
348000 -0.129365889640162
349000 -0.130029504923363
350000 -0.142658399801235
351000 -0.129484164498208
352000 -0.132755199300992
353000 -0.133603444149566
354000 -0.141901168919986
355000 -0.140249447461373
356000 -0.133130866356747
357000 -0.140294352944996
358000 -0.140517417840126
359000 -0.142202338156815
360000 -0.140063826706096
361000 -0.137520202047901
362000 -0.128322805296196
363000 -0.148028330275386
364000 -0.139829521472678
365000 -0.134121810380674
366000 -0.135956577455687
367000 -0.132255990885606
368000 -0.147540607142915
369000 -0.136831103603268
370000 -0.133273996704672
371000 -0.147049486650257
372000 -0.143147879809162
373000 -0.149343247073103
374000 -0.145593718123926
375000 -0.144192376316323
376000 -0.158749136251718
377000 -0.151995522184801
378000 -0.14457788079598
379000 -0.144230909196935
380000 -0.145334216021458
381000 -0.153180717850207
382000 -0.142744764010659
383000 -0.153324326164761
384000 -0.14819348969966
385000 -0.150868590230101
386000 -0.154407677605767
387000 -0.145854189437711
388000 -0.15390579945571
389000 -0.157696786745584
390000 -0.152400759334954
391000 -0.159331390174765
392000 -0.153051923190518
393000 -0.155705765975372
394000 -0.160046601062441
395000 -0.15172054655009
396000 -0.158598593135487
397000 -0.155000597866522
398000 -0.149916187106143
399000 -0.159688039224173
400000 -0.156998420156776
401000 -0.159668278366369
402000 -0.162902982279287
403000 -0.156374582777262
404000 -0.158757312128355
405000 -0.164243371219408
406000 -0.165421547282651
407000 -0.167721151123738
408000 -0.160807672094494
409000 -0.168840783644723
410000 -0.174642776269111
411000 -0.168902512885291
412000 -0.163436122302443
413000 -0.166721893642596
414000 -0.170591692095892
415000 -0.172380662764194
416000 -0.167839020151171
417000 -0.169552034806221
418000 -0.174095441451412
419000 -0.168052120200301
420000 -0.164759818393455
421000 -0.166667423471372
422000 -0.169458834183911
423000 -0.178229131733814
424000 -0.175338650522123
425000 -0.170881376696801
426000 -0.178981423502905
427000 -0.179003007813616
428000 -0.175293897328775
429000 -0.183526352277263
430000 -0.175730706005627
431000 -0.183955618222088
432000 -0.18411312948224
433000 -0.176895950528316
434000 -0.184106103699382
435000 -0.181507757340517
436000 -0.186550448328455
437000 -0.183655674136576
438000 -0.175885859337277
439000 -0.182286202131097
440000 -0.179256012067005
441000 -0.183589907220218
442000 -0.186940160435208
443000 -0.181268593198597
444000 -0.187551676800549
445000 -0.179533745436057
446000 -0.179135232928277
447000 -0.192503774010106
448000 -0.184523576520929
449000 -0.191661597798888
450000 -0.190283180626701
451000 -0.183359173777459
452000 -0.202260262207654
453000 -0.18551871258562
454000 -0.187752011601671
455000 -0.193276412226521
456000 -0.187295026928563
457000 -0.196940081852272
458000 -0.188932602270827
459000 -0.199768047726795
460000 -0.198961646554394
461000 -0.19130797530831
462000 -0.189350521918923
463000 -0.199906047714299
464000 -0.19010089137694
465000 -0.202347891550823
466000 -0.190929537462427
467000 -0.195083401702062
468000 -0.197574811775488
469000 -0.191888618415721
470000 -0.201320454405216
471000 -0.199520626845455
472000 -0.200856266934124
473000 -0.204248772587323
474000 -0.198100392904889
475000 -0.211727742989425
476000 -0.211388472105356
477000 -0.207444966498536
478000 -0.196316305125169
479000 -0.196219077421778
480000 -0.209443251691294
481000 -0.196030517512274
482000 -0.209227013019444
483000 -0.196674527747954
484000 -0.207476819837145
485000 -0.198914943891381
486000 -0.198717158697691
487000 -0.205510120537469
488000 -0.210380500875454
489000 -0.195630806159625
490000 -0.206884853828169
491000 -0.197619429822726
492000 -0.210590465846739
493000 -0.217939260919942
494000 -0.204442271405227
495000 -0.215717425497229
496000 -0.210383052903328
497000 -0.210822444706708
498000 -0.210970768196629
499000 -0.206579670531557
500000 -0.20800333169217
501000 -0.213033104302648
502000 -0.205014372284755
503000 -0.212368720394926
504000 -0.204383916448442
505000 -0.210919815738857
506000 -0.20975564448301
507000 -0.213789280667385
508000 -0.213039476007889
509000 -0.221178664601334
510000 -0.212968843053546
511000 -0.216683908416453
512000 -0.202968300333818
513000 -0.208406969718219
514000 -0.218891515681999
515000 -0.207975215616815
516000 -0.22509197809859
517000 -0.220483595525237
518000 -0.219917947244667
519000 -0.226636353411404
520000 -0.220871702272559
521000 -0.219675249426481
522000 -0.225926294140815
523000 -0.217472271025851
524000 -0.224585640649124
525000 -0.230238511396836
526000 -0.22196842583745
527000 -0.231568448110588
528000 -0.228219425136077
529000 -0.228436073835249
530000 -0.228790779748781
531000 -0.219731969339792
532000 -0.229158139272546
533000 -0.228630056795403
534000 -0.22153081343355
535000 -0.237280652929143
536000 -0.227709483286644
537000 -0.226941814650941
538000 -0.232169111618571
539000 -0.227739940304987
540000 -0.235887710520876
541000 -0.229776122393978
542000 -0.227636723805848
543000 -0.24356083535407
544000 -0.239172216358415
545000 -0.232733633653756
546000 -0.241196853077161
547000 -0.234233432730148
548000 -0.237778122967333
549000 -0.246383715889072
550000 -0.236580797476344
551000 -0.244929935955141
552000 -0.237469456236721
553000 -0.236310779819856
554000 -0.235209367484503
555000 -0.243755026604471
556000 -0.245571619348628
557000 -0.24270672195661
558000 -0.237237020453819
559000 -0.240929254314319
560000 -0.236178347550698
561000 -0.239507692925421
562000 -0.245726710233558
563000 -0.238665582694118
564000 -0.245286961998968
565000 -0.243711234349021
566000 -0.230551535817225
567000 -0.241821297052111
568000 -0.243115828997492
569000 -0.242938172741547
570000 -0.238998141744489
571000 -0.244637171724182
572000 -0.243151165887787
573000 -0.245824778631323
574000 -0.240519600232602
575000 -0.249001778104495
576000 -0.244300932761947
577000 -0.240240809932036
578000 -0.247728236052209
579000 -0.248428931150684
580000 -0.246726878576831
581000 -0.255947703171993
582000 -0.247805783860712
583000 -0.255082612959614
584000 -0.24663747109378
585000 -0.240422012355618
586000 -0.24926742887413
587000 -0.256599092985561
588000 -0.25815097390224
589000 -0.255166763495858
590000 -0.260914376355234
591000 -0.249045384533245
592000 -0.257377619106911
593000 -0.255506564287626
594000 -0.24953946982365
595000 -0.250683010836704
596000 -0.256539760124961
597000 -0.261139614033986
598000 -0.261849128915619
599000 -0.256032919755176
600000 -0.256889334783455
601000 -0.265094586708986
602000 -0.259676234220623
603000 -0.25232313140829
604000 -0.256907225582041
605000 -0.266172225362241
606000 -0.261504634380807
607000 -0.267293854925904
608000 -0.265233855346885
609000 -0.267969427328111
610000 -0.268506126793932
611000 -0.248373126734273
612000 -0.258100686084322
613000 -0.253650943478742
614000 -0.262386334169103
615000 -0.266873130819241
616000 -0.266104588309183
617000 -0.275276999642899
618000 -0.276300416115001
619000 -0.262008321029768
620000 -0.272766057333957
621000 -0.258574380088963
622000 -0.261781948812148
623000 -0.266548887403582
624000 -0.272322423027725
625000 -0.266518596530742
626000 -0.280889940814473
627000 -0.265277719819606
628000 -0.273089453883266
629000 -0.271483227655215
630000 -0.26575267494502
631000 -0.274365019467858
632000 -0.281849580843838
633000 -0.286589533523197
634000 -0.284618127095584
635000 -0.279128651545115
636000 -0.277264934255254
637000 -0.274878017412495
638000 -0.274104779865416
639000 -0.271209048506778
640000 -0.270496713402835
641000 -0.280278554863422
642000 -0.280695559652889
643000 -0.284575371297251
644000 -0.273113805300879
645000 -0.288107512602612
646000 -0.277072092375487
647000 -0.270745268848862
648000 -0.271067510768954
649000 -0.269717955086597
650000 -0.278682433905172
651000 -0.290327543088006
652000 -0.283114491416119
653000 -0.284881442352698
654000 -0.286666057916627
655000 -0.286145252647139
656000 -0.279620404772543
657000 -0.281630995631297
658000 -0.272726529562466
659000 -0.28262963066609
660000 -0.283433579783584
661000 -0.28198662367672
662000 -0.303140766872473
663000 -0.297757422743917
664000 -0.28271178130783
665000 -0.292688440409608
666000 -0.280240807203701
667000 -0.279257069642752
668000 -0.29266750648149
669000 -0.284186620183086
670000 -0.288169962613052
671000 -0.294307882935917
672000 -0.293234723806909
673000 -0.295846299366645
674000 -0.291918146077787
675000 -0.291230545413513
676000 -0.294622017658257
677000 -0.288636812794483
678000 -0.289165243762809
679000 -0.300091529598147
680000 -0.296191234525856
681000 -0.291943635860851
682000 -0.296813625091431
683000 -0.299945013821448
684000 -0.30223580968155
685000 -0.307358547060446
686000 -0.293656952678172
687000 -0.288852480075638
688000 -0.301836798370718
689000 -0.294969915419684
690000 -0.308286659506834
691000 -0.30096770102804
692000 -0.301844095166426
693000 -0.304986978107047
694000 -0.302074240627434
695000 -0.299865255403558
696000 -0.315201585192215
697000 -0.302121000672936
698000 -0.297813052584151
699000 -0.302482216794788
700000 -0.315133943384861
701000 -0.306688245943425
702000 -0.313572681719316
703000 -0.306287713873045
704000 -0.316298728189251
705000 -0.316773261994991
706000 -0.315214345245156
707000 -0.307236507764216
708000 -0.313714068947247
709000 -0.303936368984746
710000 -0.309696492276814
711000 -0.314149499096414
712000 -0.31750434071389
713000 -0.310048065481153
714000 -0.318198964992347
715000 -0.313931434770909
716000 -0.313302317327277
717000 -0.320554413361718
718000 -0.312795906528599
719000 -0.30981613385503
720000 -0.32141724928566
721000 -0.308687589610111
722000 -0.314897928810236
723000 -0.319582345050645
724000 -0.313403354367648
725000 -0.317375815072376
726000 -0.316432427020784
727000 -0.30894046105808
728000 -0.325347265527132
729000 -0.327358334933474
730000 -0.31122148063892
731000 -0.330070002103362
732000 -0.322087286349348
733000 -0.318674160972509
734000 -0.327708614322724
735000 -0.33116423257826
736000 -0.318776423642101
737000 -0.330220579484956
738000 -0.318873508698953
739000 -0.324302565020165
740000 -0.336270606410194
741000 -0.332107141988959
742000 -0.330160679323945
743000 -0.336548629529102
744000 -0.330873773857302
745000 -0.338952113505794
746000 -0.341553011831183
747000 -0.333116513548379
748000 -0.331519302350187
749000 -0.33489645246794
750000 -0.324930418967111
751000 -0.329981780638453
752000 -0.33182999114551
753000 -0.337785296783559
754000 -0.334492693307754
755000 -0.338581172055418
756000 -0.333023676093901
757000 -0.340295079325737
758000 -0.35271431878949
759000 -0.339319594514134
760000 -0.340946126374419
761000 -0.342392370906999
762000 -0.335527671363511
763000 -0.338581248069384
764000 -0.337800696496235
765000 -0.334731196511381
766000 -0.336317695838103
767000 -0.339755138530558
768000 -0.351791210647323
769000 -0.345816362016368
770000 -0.345690436202065
771000 -0.343131931593125
772000 -0.349112841480154
773000 -0.351748689081777
774000 -0.343231821031992
775000 -0.356731239558682
776000 -0.348527647278696
777000 -0.345832345715837
778000 -0.339113121731168
779000 -0.337003806454341
780000 -0.341499039542084
781000 -0.342800234294973
782000 -0.341336344880299
783000 -0.345599763166596
784000 -0.354211563289506
785000 -0.352913330001674
786000 -0.351288414321592
787000 -0.360659284344902
788000 -0.36028564638388
789000 -0.356702785049543
790000 -0.361873149874327
791000 -0.359484133939158
792000 -0.361412381984704
793000 -0.356611670364647
794000 -0.356604586754163
795000 -0.345004679545293
796000 -0.344201593459124
797000 -0.349215132840664
798000 -0.348587284616536
799000 -0.347883212577888
800000 -0.357364610081187
801000 -0.349824215761339
802000 -0.359240739765321
803000 -0.363630060738091
804000 -0.359747907334989
805000 -0.367758034209536
806000 -0.357913624795812
807000 -0.360827736242345
808000 -0.363461749619441
809000 -0.359828281679299
810000 -0.352678097562978
811000 -0.36710918402662
812000 -0.360311095530918
813000 -0.356008917477151
814000 -0.363010791736719
815000 -0.359208388686724
816000 -0.358283794976302
817000 -0.367510786250287
818000 -0.361244789850531
819000 -0.363482346612902
820000 -0.370131744256291
821000 -0.372546717246248
822000 -0.363357990471579
823000 -0.371430054410768
824000 -0.368109589868123
825000 -0.372819609887869
826000 -0.37107363704417
827000 -0.376280023576917
828000 -0.376248921110079
829000 -0.371908499235006
830000 -0.357306620944087
831000 -0.371469388244607
832000 -0.366509844261193
833000 -0.35941684725774
834000 -0.372726371428257
835000 -0.359063584058005
836000 -0.370964328246878
837000 -0.365533183920066
838000 -0.376775623507823
839000 -0.369266730056555
840000 -0.371449368274446
841000 -0.379017995231352
842000 -0.383506665708612
843000 -0.385371834694032
844000 -0.384167028713546
845000 -0.383783344080755
846000 -0.38099674897649
847000 -0.385882305138856
848000 -0.382706151759381
849000 -0.37661163396995
850000 -0.372925032968573
851000 -0.380171122039747
852000 -0.363923517117221
853000 -0.37501162801849
854000 -0.362897321427619
855000 -0.382852048649617
856000 -0.37699748492586
857000 -0.387926559429404
858000 -0.384919675050332
859000 -0.392720594778193
860000 -0.390914353120428
861000 -0.395790988622836
862000 -0.392834368269972
863000 -0.39626631192185
864000 -0.38002309613074
865000 -0.384166427897803
866000 -0.384177910199384
867000 -0.378878220349795
868000 -0.374188808844153
869000 -0.372773031688905
870000 -0.375853574389726
871000 -0.373923813999199
872000 -0.380581089673419
873000 -0.38511501894914
874000 -0.390654925661644
875000 -0.395362748842642
876000 -0.397192126207678
877000 -0.40173504713908
878000 -0.397549740946406
879000 -0.399853741362781
880000 -0.407543716569049
881000 -0.406839729197191
882000 -0.403288978369752
883000 -0.401223575481178
884000 -0.407444166363293
885000 -0.384748252743411
886000 -0.394884387284293
887000 -0.38729969636043
888000 -0.387837287024435
889000 -0.386394377077083
890000 -0.386745251140312
891000 -0.387990427572609
892000 -0.389198376708228
893000 -0.392399204412795
894000 -0.397335680242591
895000 -0.408098713653629
896000 -0.401446772655457
897000 -0.408132956020671
898000 -0.408056142731646
899000 -0.412175317245954
900000 -0.404617943838059
901000 -0.405319750252921
902000 -0.414017920915164
903000 -0.408335166882247
904000 -0.405195078553911
905000 -0.408900787619131
906000 -0.392358458627171
907000 -0.388225596320096
908000 -0.386209372349917
909000 -0.387345442266904
910000 -0.385336406510819
911000 -0.388271541253261
912000 -0.403973292804855
913000 -0.409089399768692
914000 -0.425064832982758
915000 -0.421034474176717
916000 -0.43141118012323
917000 -0.433214600565474
918000 -0.427926871364746
919000 -0.432866347235843
920000 -0.422337349970047
921000 -0.412146522499938
922000 -0.415860341505081
923000 -0.411403057488619
924000 -0.394083611898288
925000 -0.389797999000286
926000 -0.375674922479048
927000 -0.389033858994455
928000 -0.397034151451955
929000 -0.413445781902032
930000 -0.435831434732645
931000 -0.432320769014297
932000 -0.435402573937361
933000 -0.437203777456363
934000 -0.445223652814164
935000 -0.446504376158103
936000 -0.438470040979534
937000 -0.43796101925629
938000 -0.444465312467808
939000 -0.441076263852336
940000 -0.43734206210096
941000 -0.434069744650646
942000 -0.426890080504671
943000 -0.411083405525915
944000 -0.397541338300725
945000 -0.396286104279184
946000 -0.392527883377961
947000 -0.405535297044579
948000 -0.419010700247965
949000 -0.431416365355074
950000 -0.432192097313752
951000 -0.435882462021679
952000 -0.441874713574373
953000 -0.442446966796023
954000 -0.43874381589925
955000 -0.433506073685673
956000 -0.422832203377998
957000 -0.413268843029225
958000 -0.399066141713486
959000 -0.396187494435813
960000 -0.401406660209491
961000 -0.415603697107306
962000 -0.438773916633418
963000 -0.441998843885731
964000 -0.446300964836776
965000 -0.45317287116236
966000 -0.458872746458433
967000 -0.453713217793347
968000 -0.458534489099537
969000 -0.450081331042179
970000 -0.454392614233477
971000 -0.446928564756255
972000 -0.448827571220482
973000 -0.433083381100179
974000 -0.418156927945548
975000 -0.394632660844575
976000 -0.396349889416184
977000 -0.409842656262711
978000 -0.421799341006845
979000 -0.438521804592994
980000 -0.440917111521596
981000 -0.446504739578506
982000 -0.45218040735964
983000 -0.453273486658293
984000 -0.45439160075494
985000 -0.450280683353576
986000 -0.452792853849905
987000 -0.432249337631284
988000 -0.438621656152168
989000 -0.41541063739126
990000 -0.418993997010251
991000 -0.417045989044008
992000 -0.436100293063281
993000 -0.446065294881753
994000 -0.454860332553676
995000 -0.453409338021285
996000 -0.451519459209878
997000 -0.458671520574061
998000 -0.463437351986585
999000 -0.457353979959208
1000000 -0.449141479501618
1001000 -0.435981781959509
1002000 -0.42150850850966
1003000 -0.405207724763595
1004000 -0.414203844374352
1005000 -0.429217624214564
1006000 -0.448246075516856
1007000 -0.455386694815837
1008000 -0.464729720486519
1009000 -0.469409406162288
1010000 -0.466305525785576
1011000 -0.470694167358277
1012000 -0.471390202209782
1013000 -0.463360323766828
1014000 -0.453320009706424
1015000 -0.430569795449052
1016000 -0.41867825642935
1017000 -0.410107167487339
1018000 -0.425523312174392
1019000 -0.44730135276664
1020000 -0.465513482300692
1021000 -0.475904815064163
1022000 -0.491202054302504
1023000 -0.478978177096923
1024000 -0.481067691362915
1025000 -0.473335444222442
1026000 -0.467690256950236
1027000 -0.445024958967514
1028000 -0.43182185897495
1029000 -0.419731570790858
1030000 -0.419253694771827
1031000 -0.440372617441337
1032000 -0.458898777774003
1033000 -0.472518189145657
1034000 -0.478157596515758
1035000 -0.473263089544276
1036000 -0.483568206071384
1037000 -0.47240560677852
1038000 -0.477656164346799
1039000 -0.461226082451745
1040000 -0.452197238855106
1041000 -0.423033850169638
1042000 -0.415826572603622
1043000 -0.438344677422106
1044000 -0.454895005985954
1045000 -0.479641055235633
1046000 -0.488943037189851
1047000 -0.488555830046851
1048000 -0.479777327391499
1049000 -0.476056092049317
1050000 -0.472041068635644
1051000 -0.464112008135797
1052000 -0.45013727986706
1053000 -0.423598084056848
1054000 -0.421253296281178
1055000 -0.431450552035776
1056000 -0.453650203143848
1057000 -0.481671773379158
1058000 -0.497848527500425
1059000 -0.503076790799504
1060000 -0.508415943506725
1061000 -0.503614432111386
1062000 -0.496506741347639
1063000 -0.486852180890644
1064000 -0.471388763634965
1065000 -0.453886537870401
1066000 -0.430982072086234
1067000 -0.429401021878819
1068000 -0.447644443853789
1069000 -0.457020461904463
1070000 -0.47373818707244
1071000 -0.492492388297593
1072000 -0.507672964313321
1073000 -0.506644851171816
1074000 -0.514083174336609
1075000 -0.514201394004457
1076000 -0.51542947133067
1077000 -0.501529447506587
1078000 -0.500705692685222
1079000 -0.485302948545832
1080000 -0.47061090973759
1081000 -0.451881049573316
1082000 -0.427151555490958
1083000 -0.426513993962755
1084000 -0.452177792542524
1085000 -0.47681323439581
1086000 -0.498220039528817
1087000 -0.509037955073044
1088000 -0.517542141689832
1089000 -0.518175280429625
1090000 -0.517202691944379
1091000 -0.521134828872662
1092000 -0.499538773398368
1093000 -0.492651464853677
1094000 -0.463198494231273
1095000 -0.441770101407491
1096000 -0.429945445319629
1097000 -0.433208902283739
1098000 -0.455478559869113
1099000 -0.48580166784764
1100000 -0.502532975745919
1101000 -0.515935344241487
1102000 -0.522795863969552
1103000 -0.51263938786955
1104000 -0.506889168795047
1105000 -0.491952845273539
1106000 -0.469106642670231
1107000 -0.430921593688902
1108000 -0.419040437803504
1109000 -0.453662413352332
1110000 -0.494250345357777
1111000 -0.510851353563255
1112000 -0.516211028995868
1113000 -0.51977489099978
1114000 -0.519981444811108
1115000 -0.517186387001351
1116000 -0.492640402838319
1117000 -0.470823952400069
1118000 -0.447202328351423
1119000 -0.43478007474356
1120000 -0.444377369940033
1121000 -0.48565636919438
1122000 -0.501107034771781
1123000 -0.511111098690331
1124000 -0.525136442357607
1125000 -0.524294553525635
1126000 -0.519149087289082
1127000 -0.502274374449884
1128000 -0.482880307776489
1129000 -0.432747048436302
1130000 -0.438318431837458
1131000 -0.454902882128893
1132000 -0.483767472139835
1133000 -0.502644549707828
1134000 -0.52118642910311
1135000 -0.509129278756883
1136000 -0.509740582340761
1137000 -0.509930185766728
1138000 -0.485057092010745
1139000 -0.463537090164271
1140000 -0.447514570927003
1141000 -0.457719177456127
1142000 -0.484614098827443
1143000 -0.492138737524618
1144000 -0.517250638466658
1145000 -0.517363708274444
1146000 -0.510287776743946
1147000 -0.492735177007713
1148000 -0.486059968006717
1149000 -0.46239140518665
1150000 -0.443953279065664
1151000 -0.477078072526151
1152000 -0.492566791661435
1153000 -0.509323720377151
1154000 -0.521144649804609
1155000 -0.518646757639222
1156000 -0.506371344045182
1157000 -0.501752012465584
1158000 -0.485916212792478
1159000 -0.467236775711653
1160000 -0.459566288977535
1161000 -0.474851242354144
1162000 -0.482869393503313
1163000 -0.519088882607629
1164000 -0.525746743846184
1165000 -0.520530850146426
1166000 -0.52725498726172
1167000 -0.514969160534533
1168000 -0.487038258083125
1169000 -0.46084104286752
1170000 -0.452396269585934
1171000 -0.478357168223182
1172000 -0.508789107171868
1173000 -0.526437924241248
1174000 -0.538018939475116
1175000 -0.540089809897123
1176000 -0.528592322905762
1177000 -0.506217050309883
1178000 -0.483933024430402
1179000 -0.459916846869085
1180000 -0.469917785052097
1181000 -0.493085116899416
1182000 -0.523133747869561
1183000 -0.530043065405137
1184000 -0.539606223612117
1185000 -0.534763119504009
1186000 -0.521438415141819
1187000 -0.519167762446441
1188000 -0.483561209998064
1189000 -0.46359176563125
1190000 -0.486772073095532
1191000 -0.501540976811352
1192000 -0.520877449309781
1193000 -0.534788693777387
1194000 -0.540603620515693
1195000 -0.531709998195696
1196000 -0.526662044566264
1197000 -0.492836106265871
1198000 -0.459198244941759
1199000 -0.470928878000683
1200000 -0.500658238480022
1201000 -0.532641988584634
1202000 -0.537740396670671
1203000 -0.531558933935036
1204000 -0.533110077467956
1205000 -0.517044178992037
1206000 -0.494132885962997
1207000 -0.490831932011124
1208000 -0.488731671579996
1209000 -0.505179196617196
1210000 -0.524242873473417
1211000 -0.549342281926688
1212000 -0.542178312539288
1213000 -0.536175003022212
1214000 -0.542889601999653
1215000 -0.511441452719498
1216000 -0.495902523904209
1217000 -0.460976352438093
1218000 -0.485957181444867
1219000 -0.518164283680012
1220000 -0.548465789507629
1221000 -0.56006586353522
1222000 -0.544129357038898
1223000 -0.538023864173432
1224000 -0.50483816626425
1225000 -0.480137747959383
1226000 -0.479062214097648
1227000 -0.517354154929661
1228000 -0.546766473155145
1229000 -0.562471701463549
1230000 -0.551901271606257
1231000 -0.548305269655841
1232000 -0.538962189217553
1233000 -0.496430059302245
1234000 -0.489189750072903
1235000 -0.501384980388914
1236000 -0.510000620508087
1237000 -0.542311663384527
1238000 -0.555419598784998
1239000 -0.565481211299402
1240000 -0.568704559223846
1241000 -0.559905282413349
1242000 -0.526214003446442
1243000 -0.496318929190382
1244000 -0.477154414006034
1245000 -0.497861553095179
1246000 -0.542123773903806
1247000 -0.566001824737734
1248000 -0.579365436621614
1249000 -0.571473915797814
1250000 -0.57733503308987
1251000 -0.546621499535807
1252000 -0.510104230545059
1253000 -0.47519290765666
1254000 -0.504779838225794
1255000 -0.543516538173915
1256000 -0.567955184971818
1257000 -0.578449858474334
1258000 -0.587237115522088
1259000 -0.572909849621748
1260000 -0.544527689784466
1261000 -0.526045187185598
1262000 -0.498849742803154
1263000 -0.486104548435003
1264000 -0.528630100721002
1265000 -0.558382865734439
1266000 -0.578096992912696
1267000 -0.588236619978071
1268000 -0.584271909364041
1269000 -0.565163320509637
1270000 -0.53726930297549
1271000 -0.496793901261748
1272000 -0.485190190166291
1273000 -0.520698313837822
1274000 -0.557274486200987
1275000 -0.585177985219608
1276000 -0.584441009261038
1277000 -0.577749715091891
1278000 -0.547582786544559
1279000 -0.51341355012466
1280000 -0.494175358575001
1281000 -0.519668988816919
1282000 -0.549455626747888
1283000 -0.573590692023014
1284000 -0.57766349601072
1285000 -0.571600146992402
1286000 -0.556011313459468
1287000 -0.542976663466294
1288000 -0.520862908805579
1289000 -0.515683683615379
1290000 -0.530693519864047
1291000 -0.551471317722008
1292000 -0.571221481015983
1293000 -0.585273982711765
1294000 -0.577894225385413
1295000 -0.559146786307298
1296000 -0.518344009789083
1297000 -0.510128666297135
1298000 -0.522544451480819
1299000 -0.55334261619239
1300000 -0.577644471354041
1301000 -0.581285059090994
1302000 -0.569285901079456
1303000 -0.543961278923057
1304000 -0.509194634938328
1305000 -0.516119726253633
1306000 -0.54573090497639
1307000 -0.580698486081817
1308000 -0.589885252096689
1309000 -0.58611072405176
1310000 -0.573926090997235
1311000 -0.541866183784832
1312000 -0.518204344605034
1313000 -0.525151230460229
1314000 -0.538194871629486
1315000 -0.573369278827946
1316000 -0.583837441238772
1317000 -0.600865961259754
1318000 -0.589980053523351
1319000 -0.560702817478327
1320000 -0.538666375631396
1321000 -0.522187936374491
1322000 -0.537495062810936
1323000 -0.559790964794361
1324000 -0.591525808965464
1325000 -0.594777769818445
1326000 -0.598937448786541
1327000 -0.568106609250233
1328000 -0.525522119790854
1329000 -0.50283384027296
1330000 -0.534910879080258
1331000 -0.579691949307063
1332000 -0.594743396918636
1333000 -0.609449267438559
1334000 -0.589985783919212
1335000 -0.559278865379006
1336000 -0.523488357543082
1337000 -0.515636373599998
1338000 -0.542531244668172
1339000 -0.587927676041387
1340000 -0.608694767603256
1341000 -0.592714169138439
1342000 -0.580920036424407
1343000 -0.564702206722152
1344000 -0.539939453254027
1345000 -0.538526817339221
1346000 -0.541603122265226
1347000 -0.583941954842854
1348000 -0.594888561406005
1349000 -0.609049339956824
1350000 -0.597255966167944
1351000 -0.581472127244103
1352000 -0.54099143506727
1353000 -0.535863579983136
1354000 -0.554358023296219
1355000 -0.592402710652098
1356000 -0.609190883794634
1357000 -0.614854421940605
1358000 -0.609252431306408
1359000 -0.580171474273776
1360000 -0.541860556072156
1361000 -0.515631595192994
1362000 -0.54566175734193
1363000 -0.592841610003062
1364000 -0.617190809142273
1365000 -0.633894577228586
1366000 -0.622919554966158
1367000 -0.593779598133323
1368000 -0.546980360114804
1369000 -0.514396761360921
1370000 -0.533802844338368
1371000 -0.59663439125806
1372000 -0.622031455301741
1373000 -0.61929773054966
1374000 -0.633217176485516
1375000 -0.598609177327782
1376000 -0.573150682966788
1377000 -0.538330376594369
1378000 -0.538913936089571
1379000 -0.574640079300206
1380000 -0.61400352911495
1381000 -0.636406505600659
1382000 -0.641676223920598
1383000 -0.633536307986775
1384000 -0.60857026890439
1385000 -0.557362957890545
1386000 -0.517392645712027
1387000 -0.552893836158842
1388000 -0.602078538214845
1389000 -0.635048600126525
1390000 -0.644609547172169
1391000 -0.643047180440021
1392000 -0.612531784164615
1393000 -0.572229423822922
1394000 -0.528541280959951
1395000 -0.548805835664492
1396000 -0.587334119813252
1397000 -0.626981336040514
1398000 -0.647682335017508
1399000 -0.636424318369841
1400000 -0.616255155271541
1401000 -0.573610885348246
1402000 -0.545505705463777
1403000 -0.549797513569521
1404000 -0.594742811576876
1405000 -0.623231492013967
1406000 -0.636536889623524
1407000 -0.636076255797851
1408000 -0.623784239974702
1409000 -0.580849731912053
1410000 -0.554906910092219
1411000 -0.547664363136023
1412000 -0.577707477627638
1413000 -0.620901080521331
1414000 -0.642487820874622
1415000 -0.655521644614036
1416000 -0.639323186350672
1417000 -0.588881538090739
1418000 -0.551224861873877
1419000 -0.543245092807724
1420000 -0.582478793162676
1421000 -0.635369596801651
1422000 -0.660639540510118
1423000 -0.652139733849054
1424000 -0.632888961840222
1425000 -0.597740088811768
1426000 -0.555097707723004
1427000 -0.562464017570102
1428000 -0.607952646906489
1429000 -0.633820856216461
1430000 -0.64385859670334
1431000 -0.639610293188855
1432000 -0.62090221224306
1433000 -0.579658382571086
1434000 -0.56105478691784
1435000 -0.572433748956629
1436000 -0.603297163733924
1437000 -0.634471271673237
1438000 -0.649870547198082
1439000 -0.638068025842449
1440000 -0.608218230157267
1441000 -0.564223226778391
1442000 -0.561076018298078
1443000 -0.580926947145955
1444000 -0.625198222102326
1445000 -0.656247164167296
1446000 -0.65912714318366
1447000 -0.639685655348975
1448000 -0.600911095265873
1449000 -0.553480133834861
1450000 -0.550206746192969
1451000 -0.620602549939182
1452000 -0.646333063889068
1453000 -0.669951337909833
1454000 -0.659797166996086
1455000 -0.630965582776357
1456000 -0.568215803553395
1457000 -0.553508221220976
1458000 -0.586999311843753
1459000 -0.633810269712059
1460000 -0.669479934363997
1461000 -0.681888223896133
1462000 -0.664514038795381
1463000 -0.616719260928715
1464000 -0.569271276905828
1465000 -0.557069713542512
1466000 -0.594743962659787
1467000 -0.640821446031291
1468000 -0.664431942762876
1469000 -0.674331969747438
1470000 -0.665209510307721
1471000 -0.606372008548572
1472000 -0.567259860757089
1473000 -0.561204368051417
1474000 -0.609113609846022
1475000 -0.668026256035706
1476000 -0.678371476711145
1477000 -0.675497854847379
1478000 -0.662265379479728
1479000 -0.608108467767481
1480000 -0.554499498314641
1481000 -0.574155148904374
1482000 -0.625994419388271
1483000 -0.668311548455479
1484000 -0.689308298093506
1485000 -0.693858096854928
1486000 -0.645588379944552
1487000 -0.590822721344524
1488000 -0.54530811623392
1489000 -0.579897688652707
1490000 -0.653619319986475
1491000 -0.688246467455352
1492000 -0.67582311281902
1493000 -0.678216812862711
1494000 -0.62978294381258
1495000 -0.573870518611524
1496000 -0.563946071125348
1497000 -0.606996315165354
1498000 -0.652028026359
1499000 -0.675366101827744
1500000 -0.678193281875366
1501000 -0.650202821090021
1502000 -0.604691002109414
1503000 -0.569245194788789
1504000 -0.589543823753578
1505000 -0.631394738129218
1506000 -0.667233807370892
1507000 -0.670053264531541
1508000 -0.667017403240873
1509000 -0.626296211540837
1510000 -0.577136543918118
1511000 -0.573119027737494
1512000 -0.619976666252012
1513000 -0.66131680018381
1514000 -0.678165732273702
1515000 -0.688812224651073
1516000 -0.662821998681581
1517000 -0.605875341519643
1518000 -0.558045198552993
1519000 -0.603015130766204
1520000 -0.652266271853043
1521000 -0.690181593277892
1522000 -0.690098309260649
1523000 -0.68572176662215
1524000 -0.62268478720749
1525000 -0.559779661985923
1526000 -0.578864198795738
1527000 -0.65211773603556
1528000 -0.68377922398187
1529000 -0.700565110358204
1530000 -0.682957686184461
1531000 -0.635063043548005
1532000 -0.578148519775228
1533000 -0.581266740284659
1534000 -0.649831355640083
1535000 -0.681982135287695
1536000 -0.709208778029177
1537000 -0.694542382974721
1538000 -0.654608030061423
1539000 -0.589880866545706
1540000 -0.585826593182517
1541000 -0.618991590349174
1542000 -0.683532392844084
1543000 -0.69159201730858
1544000 -0.694759238119512
1545000 -0.663481058534897
1546000 -0.625145700916009
1547000 -0.570518359484168
1548000 -0.60303337290544
1549000 -0.664808443897388
1550000 -0.695978946812842
1551000 -0.697374261358519
1552000 -0.681286506278729
1553000 -0.644144947150126
1554000 -0.580363387728377
1555000 -0.591191067068635
1556000 -0.654389418841917
1557000 -0.698205822648384
1558000 -0.708095441692501
1559000 -0.715990502448338
1560000 -0.657740427116639
1561000 -0.592204202294122
1562000 -0.580133860010431
1563000 -0.641580272581429
1564000 -0.697011212579258
1565000 -0.709302038639731
1566000 -0.705096120685291
1567000 -0.653874294302172
1568000 -0.599056394101622
1569000 -0.587185568852819
1570000 -0.63715888316053
1571000 -0.689370647320899
1572000 -0.724636010792833
1573000 -0.71658882563812
1574000 -0.676075677194333
1575000 -0.628363835436179
1576000 -0.592553364778179
1577000 -0.625883524629466
1578000 -0.693010483956723
1579000 -0.709902550858513
1580000 -0.696734747697073
1581000 -0.684392258075729
1582000 -0.638908248923616
1583000 -0.585194216275684
1584000 -0.627871623984107
1585000 -0.673263135335327
1586000 -0.713389197632244
1587000 -0.728663159991487
1588000 -0.695061293316104
1589000 -0.638876572256184
1590000 -0.584666305596011
1591000 -0.606840609844002
1592000 -0.684077298112743
1593000 -0.716057941378599
1594000 -0.7204409683755
1595000 -0.700204215487347
1596000 -0.645662044646887
1597000 -0.580864864651846
1598000 -0.615665648968151
1599000 -0.679667566482706
1600000 -0.729970721058131
1601000 -0.727308800009213
1602000 -0.710169724563191
1603000 -0.645848418252107
1604000 -0.594902035028323
1605000 -0.600282090533724
1606000 -0.67134552165917
1607000 -0.717159273312423
1608000 -0.725492345780583
1609000 -0.698496289846005
1610000 -0.635887939238876
1611000 -0.601487025107351
1612000 -0.637307443953476
1613000 -0.703733810941408
1614000 -0.719741251520056
1615000 -0.720026404444472
1616000 -0.684094974994618
1617000 -0.637320639058095
1618000 -0.60820604263519
1619000 -0.645749325325633
1620000 -0.690270824943066
1621000 -0.714168115183331
1622000 -0.706248304451832
1623000 -0.670881653060916
1624000 -0.639823834001338
1625000 -0.619594853741093
1626000 -0.664149523302813
1627000 -0.707159980554674
1628000 -0.716944334356997
1629000 -0.714909404705716
1630000 -0.680089916619128
1631000 -0.62439453488656
1632000 -0.617223341867064
1633000 -0.672595097024684
1634000 -0.711056213535177
1635000 -0.728042400669506
1636000 -0.713791878743131
1637000 -0.672590353352034
1638000 -0.611350399988569
1639000 -0.627534599769629
1640000 -0.685305326361907
1641000 -0.725927018257879
1642000 -0.733106440635663
1643000 -0.702307225198215
1644000 -0.634981386177813
1645000 -0.614879117016986
1646000 -0.661918969494544
1647000 -0.708587573788141
1648000 -0.739579184674946
1649000 -0.723508778760088
1650000 -0.672730849005862
1651000 -0.623570507014009
1652000 -0.632735828903897
1653000 -0.692947214412855
1654000 -0.721921023518892
1655000 -0.723706147865959
1656000 -0.70077318625852
1657000 -0.647501611323591
1658000 -0.615785375496371
1659000 -0.652915536749733
1660000 -0.701531839332813
1661000 -0.715266118038825
1662000 -0.709726384486033
1663000 -0.699896671320739
1664000 -0.64885340787543
1665000 -0.639448967679173
1666000 -0.664235894843144
1667000 -0.7133760912015
1668000 -0.728195454655458
1669000 -0.722496628965856
1670000 -0.680108313619541
1671000 -0.637394740531427
1672000 -0.645575458511437
1673000 -0.703284751494529
1674000 -0.743451948074
1675000 -0.740199159995818
1676000 -0.707092042560662
1677000 -0.639440471172602
1678000 -0.636902709422229
1679000 -0.678226401009226
1680000 -0.737556273143049
1681000 -0.745879418582127
1682000 -0.716249593350506
1683000 -0.64569572404093
1684000 -0.629811971285745
1685000 -0.682977640446979
1686000 -0.729640793443716
1687000 -0.76040569057103
1688000 -0.731866300497555
1689000 -0.668221647555626
1690000 -0.630927672874033
1691000 -0.666848482586083
1692000 -0.726361736085993
1693000 -0.753277682151201
1694000 -0.74324017161345
1695000 -0.686401739214725
1696000 -0.644169157501444
1697000 -0.66178046134134
1698000 -0.708249900211853
1699000 -0.734570891041059
1700000 -0.735707981655944
1701000 -0.697975619010456
1702000 -0.673166265809571
1703000 -0.667403214615257
1704000 -0.704207099336163
1705000 -0.719170486283026
1706000 -0.728880557840721
1707000 -0.702218494565442
1708000 -0.671449792128172
1709000 -0.673427627600113
1710000 -0.69320288549471
1711000 -0.720349291878984
1712000 -0.722591839795922
1713000 -0.722191619477537
1714000 -0.689032144584259
1715000 -0.674655520711375
1716000 -0.683334166758143
1717000 -0.7114965803227
1718000 -0.743819687805544
1719000 -0.737130214853883
1720000 -0.701438146937458
1721000 -0.662964851416297
1722000 -0.675059039938385
1723000 -0.719546351720646
1724000 -0.751472297252106
1725000 -0.754853696667648
1726000 -0.71425220787825
1727000 -0.654016353103227
1728000 -0.658062746898045
1729000 -0.719294958409579
1730000 -0.753793184656104
1731000 -0.752101648836389
1732000 -0.712149936253772
1733000 -0.664432121558582
1734000 -0.662551730350419
1735000 -0.721847233886451
1736000 -0.764566634780893
1737000 -0.752049742935802
1738000 -0.705990480928025
1739000 -0.657645808453601
1740000 -0.670940229602419
1741000 -0.728600870779393
1742000 -0.765197263045668
1743000 -0.751786846748792
1744000 -0.720926087431389
1745000 -0.660431081567786
1746000 -0.677393279771265
1747000 -0.730711543077202
1748000 -0.761436816716749
1749000 -0.760474193369387
1750000 -0.732653743582708
1751000 -0.678564979318262
1752000 -0.678430729064587
1753000 -0.715756229042149
1754000 -0.747814203657797
1755000 -0.758839358790115
1756000 -0.728687411579027
1757000 -0.700671185470148
1758000 -0.691316866421823
1759000 -0.709745260537239
1760000 -0.746172456943155
1761000 -0.752232025554329
1762000 -0.741221856520387
1763000 -0.704767271600082
1764000 -0.693413112849302
1765000 -0.702193531495805
1766000 -0.742908897680693
1767000 -0.753425508271273
1768000 -0.742284514192877
1769000 -0.711269257187707
1770000 -0.677630635086824
1771000 -0.706853259289642
1772000 -0.749186753343798
1773000 -0.778037512349964
1774000 -0.766301501526033
1775000 -0.719368289440042
1776000 -0.673062825514455
1777000 -0.691558938490062
1778000 -0.749296704178705
1779000 -0.780146742497188
1780000 -0.768276661525024
1781000 -0.72083836202042
1782000 -0.677108281046161
1783000 -0.687242365442913
1784000 -0.757544993259925
1785000 -0.780818836694551
1786000 -0.765792503582394
1787000 -0.7200425941878
1788000 -0.675314286674852
1789000 -0.705563288819536
1790000 -0.768961745202809
1791000 -0.786764819806686
1792000 -0.755218592704992
1793000 -0.706994804098361
1794000 -0.678890485744324
1795000 -0.724516828785824
1796000 -0.768873057649665
1797000 -0.780342462525405
1798000 -0.754126152426448
1799000 -0.719783137095406
1800000 -0.697871377555586
1801000 -0.723907234348255
1802000 -0.755902949905158
1803000 -0.769133514539258
1804000 -0.762561922452721
1805000 -0.728725011324031
1806000 -0.710443807176991
1807000 -0.722739152973658
1808000 -0.730280045652551
1809000 -0.772077751085093
1810000 -0.75661069491152
1811000 -0.74397009946426
1812000 -0.710926471281756
1813000 -0.716160763273794
1814000 -0.738402566982289
1815000 -0.774249336902514
1816000 -0.777575417167679
1817000 -0.737110093440916
1818000 -0.696870686798181
1819000 -0.7122384338468
1820000 -0.774842156202553
1821000 -0.788752806334961
1822000 -0.776087711084426
1823000 -0.735284859780553
1824000 -0.680658666178653
1825000 -0.720577949241976
1826000 -0.775687321743863
1827000 -0.797877969853754
1828000 -0.788525791875694
1829000 -0.7234650926641
1830000 -0.68877168588766
1831000 -0.74028470683351
1832000 -0.787054153575277
1833000 -0.799552513991833
1834000 -0.764271721820663
1835000 -0.706177120936481
1836000 -0.707800407262756
1837000 -0.758824315476084
1838000 -0.794158904194757
1839000 -0.783197062798475
1840000 -0.736606297574488
1841000 -0.696301156407155
1842000 -0.72604303045522
1843000 -0.76538608961775
1844000 -0.794867408430733
1845000 -0.777440024838478
1846000 -0.72418626311932
1847000 -0.712062839843143
1848000 -0.733714091551893
1849000 -0.777417492661217
1850000 -0.791814361972457
1851000 -0.759329802854755
1852000 -0.728404014762812
1853000 -0.733871126679009
1854000 -0.749889044912618
1855000 -0.77102946152273
1856000 -0.780803881776357
1857000 -0.762706948188693
1858000 -0.730653420009137
1859000 -0.723441645124794
1860000 -0.765629200232237
1861000 -0.778537750120769
1862000 -0.785267885980415
1863000 -0.771792788260974
1864000 -0.746758386989427
1865000 -0.735356662562509
1866000 -0.753327208725757
1867000 -0.780001406341692
1868000 -0.802783157598013
1869000 -0.786939876558213
1870000 -0.731069569233573
1871000 -0.724659652648041
1872000 -0.760375408620717
1873000 -0.801765422151646
1874000 -0.8039318301014
1875000 -0.762457058252481
1876000 -0.718795088428356
1877000 -0.737240021811252
1878000 -0.788934089829665
1879000 -0.81891831085082
1880000 -0.806776479260754
1881000 -0.741834206244334
1882000 -0.716269810850883
1883000 -0.752753862724594
1884000 -0.809305752048389
1885000 -0.814765528773159
1886000 -0.777657434496734
1887000 -0.735930101503241
1888000 -0.723161610355901
1889000 -0.765133954057543
1890000 -0.809717261548744
1891000 -0.802205413983161
1892000 -0.762748305532786
1893000 -0.733333836231246
1894000 -0.750054187808024
1895000 -0.79375722907702
1896000 -0.801166278513334
1897000 -0.788689118419693
1898000 -0.747839700988726
1899000 -0.732616065373709
1900000 -0.772124872887064
1901000 -0.8059227458394
1902000 -0.801675394120495
1903000 -0.77634388311478
1904000 -0.746928888717486
1905000 -0.754338138166956
1906000 -0.784353037120896
1907000 -0.796937911957728
1908000 -0.810543980340066
1909000 -0.793253898346907
1910000 -0.751827514881491
1911000 -0.757961182416701
1912000 -0.784285470908612
1913000 -0.803561238683324
1914000 -0.801929213433481
1915000 -0.77823144557298
1916000 -0.75617385581398
1917000 -0.772200121873729
1918000 -0.80166450214808
1919000 -0.811889280998729
1920000 -0.797869924690892
1921000 -0.777419288151398
1922000 -0.754286914609699
1923000 -0.767797024530237
1924000 -0.813861005073447
1925000 -0.826735554983651
1926000 -0.803801036261781
1927000 -0.759924934078103
1928000 -0.744568568386004
1929000 -0.788067390025748
1930000 -0.823705436182534
1931000 -0.839467072404368
1932000 -0.797844729878887
1933000 -0.74451993138449
1934000 -0.758824071770496
1935000 -0.807464632804132
1936000 -0.829641815211331
1937000 -0.805620458951754
1938000 -0.774394072323173
1939000 -0.751813578791405
1940000 -0.797917446950559
1941000 -0.830135444798585
1942000 -0.827856676375623
1943000 -0.787297439903976
1944000 -0.754263984205324
1945000 -0.777075381790532
1946000 -0.814833789954114
1947000 -0.851038516629266
1948000 -0.82272341805727
1949000 -0.769237861733881
1950000 -0.766129280430838
1951000 -0.801207055772882
1952000 -0.823294739968945
1953000 -0.829740630654237
1954000 -0.804204689956614
1955000 -0.775592380303848
1956000 -0.790273129114511
1957000 -0.817339146133006
1958000 -0.830306592035653
1959000 -0.810684389407836
1960000 -0.78995990539515
1961000 -0.792945383606539
1962000 -0.803270137564462
1963000 -0.824196575552155
1964000 -0.828008440377058
1965000 -0.809670496207061
1966000 -0.7811504887457
1967000 -0.786668500101621
1968000 -0.811523828519782
1969000 -0.841624436488247
1970000 -0.832208103774618
1971000 -0.806890581804695
1972000 -0.78396098350489
1973000 -0.779813853531507
1974000 -0.817396778736443
1975000 -0.833883358186256
1976000 -0.830516080124058
1977000 -0.795517650463391
1978000 -0.772575422666256
1979000 -0.802543026604604
1980000 -0.841025790423608
1981000 -0.852759333757754
1982000 -0.807828292310933
1983000 -0.775120508909446
1984000 -0.783980926655253
1985000 -0.830503267759675
1986000 -0.850824561086241
1987000 -0.83502837625033
1988000 -0.76641501893242
1989000 -0.763092003519225
1990000 -0.810366683303849
1991000 -0.865267421136576
1992000 -0.853213199160691
1993000 -0.794843378939326
1994000 -0.766824862942828
1995000 -0.791904593775314
1996000 -0.848508768839579
1997000 -0.849050162104429
1998000 -0.810653413136122
1999000 -0.772310641752893
2000000 -0.790015645293923
2001000 -0.832739942157691
2002000 -0.855596583414071
2003000 -0.835407709096685
2004000 -0.781613586583014
2005000 -0.77961163123846
2006000 -0.824159595990621
2007000 -0.855445575138528
2008000 -0.844520457776706
2009000 -0.804001432273183
2010000 -0.784415347735224
2011000 -0.8047470517948
2012000 -0.83705729767655
2013000 -0.838077280532086
2014000 -0.819666564999946
2015000 -0.813944996111614
2016000 -0.80786290837413
2017000 -0.824717193409924
2018000 -0.828831030348546
2019000 -0.846153247173771
2020000 -0.833573351488647
2021000 -0.806589092557774
2022000 -0.816771499298336
2023000 -0.839469448776978
2024000 -0.862924587701839
2025000 -0.842759657399706
2026000 -0.82107661362207
2027000 -0.79504410022336
2028000 -0.813601238542805
2029000 -0.856113650922408
2030000 -0.888176257489432
2031000 -0.84594853034144
2032000 -0.783666969245045
2033000 -0.781563357751073
2034000 -0.853711827635484
2035000 -0.885854063205111
2036000 -0.860713956437341
2037000 -0.795665271731887
2038000 -0.777438296464453
2039000 -0.83486723999596
2040000 -0.889925282538887
2041000 -0.87937811871757
2042000 -0.812309867829284
2043000 -0.774766043460021
2044000 -0.822201859301004
2045000 -0.883602406889969
2046000 -0.896406137458092
2047000 -0.838896728393849
2048000 -0.781148070051739
2049000 -0.806814115227837
2050000 -0.868310022843143
2051000 -0.894298888782491
2052000 -0.850258415800779
2053000 -0.799526301772527
2054000 -0.806596339155057
2055000 -0.863101906846337
2056000 -0.888913706171726
2057000 -0.849309610516144
2058000 -0.798631418414056
2059000 -0.800716222560385
2060000 -0.853486849341982
2061000 -0.875772413114291
2062000 -0.846371400225606
2063000 -0.816768563686034
2064000 -0.815242029697102
2065000 -0.842721526036964
2066000 -0.859324589688257
2067000 -0.853113083055468
2068000 -0.835206303319768
2069000 -0.823611796793132
2070000 -0.840327679536931
2071000 -0.853318303094822
2072000 -0.85215174069879
2073000 -0.853470299791068
2074000 -0.846658596570041
2075000 -0.829969946073563
2076000 -0.839804755099938
2077000 -0.855867542371705
2078000 -0.868969427731567
2079000 -0.870671447402491
2080000 -0.835091984090222
2081000 -0.815094811594773
2082000 -0.834105335366619
2083000 -0.885679809259714
2084000 -0.883256062156693
2085000 -0.837575679787433
2086000 -0.813653179294456
2087000 -0.833668113993041
2088000 -0.880648670881211
2089000 -0.882708160333158
2090000 -0.837710569397012
2091000 -0.819987023136019
2092000 -0.829872083600485
2093000 -0.888709522372932
2094000 -0.903713565468013
2095000 -0.850507414113414
2096000 -0.813804432853582
2097000 -0.816381642806405
2098000 -0.876980601436111
2099000 -0.897835101005511
2100000 -0.860009053295517
2101000 -0.814899345881636
2102000 -0.82486374811082
2103000 -0.872945978200024
2104000 -0.899039425935982
2105000 -0.856468603844043
2106000 -0.826861249701499
2107000 -0.827189348583485
2108000 -0.875043634433692
2109000 -0.891091730790145
2110000 -0.869490919689313
2111000 -0.851034619398176
2112000 -0.837562804863631
2113000 -0.867863072832742
2114000 -0.87582892439838
2115000 -0.858496549726604
2116000 -0.864181172862645
2117000 -0.857085842641129
2118000 -0.861939985340379
2119000 -0.86491098514258
2120000 -0.860691307105345
2121000 -0.874892250942055
2122000 -0.858957101115895
2123000 -0.870268720331004
2124000 -0.846921283533986
2125000 -0.862591710054312
2126000 -0.880270212151094
2127000 -0.878711525852755
2128000 -0.851012518063104
2129000 -0.838733254958898
2130000 -0.858047375233522
2131000 -0.895303676428954
2132000 -0.892215497588577
2133000 -0.860386576956317
2134000 -0.842600552732459
2135000 -0.859778259616948
2136000 -0.890603974487991
2137000 -0.883466842666766
2138000 -0.860344863896001
2139000 -0.833970405963382
2140000 -0.856219910043778
2141000 -0.905670123963334
2142000 -0.896331619251181
2143000 -0.863089588479515
2144000 -0.833940428197387
2145000 -0.861413249965277
2146000 -0.912176684146846
2147000 -0.900183158835641
2148000 -0.859479708264745
2149000 -0.846267906363252
2150000 -0.861659161846887
2151000 -0.901714807472992
2152000 -0.897985730882923
2153000 -0.843237075085323
2154000 -0.84742578112842
2155000 -0.871474988957414
2156000 -0.903931224260891
2157000 -0.894259580004965
2158000 -0.849747806178236
2159000 -0.858546317265933
2160000 -0.880863117782703
2161000 -0.89611025204119
2162000 -0.889280299549886
2163000 -0.852014262632508
2164000 -0.871826314724136
2165000 -0.881359063315843
2166000 -0.898526477615284
2167000 -0.897793211068007
2168000 -0.854991157625746
2169000 -0.863489967517058
2170000 -0.87319896587516
2171000 -0.894074798828124
2172000 -0.885342082334735
2173000 -0.859066099306315
2174000 -0.881614690008571
2175000 -0.889410553772718
2176000 -0.884047858043885
2177000 -0.888257049071739
2178000 -0.893816325299502
2179000 -0.904343735946963
2180000 -0.878335127568636
2181000 -0.882942496052113
2182000 -0.887248146125188
2183000 -0.888310508939779
2184000 -0.89404252582002
2185000 -0.871635629807326
2186000 -0.866562645529801
2187000 -0.891442019181586
2188000 -0.909829174330054
2189000 -0.920005886213205
2190000 -0.87358227956544
2191000 -0.8490860903007
2192000 -0.879380062633153
2193000 -0.920046039359702
2194000 -0.924442491956961
2195000 -0.870958143945184
2196000 -0.851134683039629
2197000 -0.90076411454291
2198000 -0.914952861047819
2199000 -0.923941752622276
2200000 -0.880946720409737
2201000 -0.838440687140514
2202000 -0.881622067250652
2203000 -0.93124140277325
2204000 -0.923142095066569
2205000 -0.879952450389344
2206000 -0.857110633464625
2207000 -0.892708840391171
2208000 -0.929393640110581
2209000 -0.908742058355645
2210000 -0.871425556311836
2211000 -0.850211035409055
2212000 -0.895138916116652
2213000 -0.936172781624125
2214000 -0.9198776151183
2215000 -0.882764304515624
2216000 -0.866223439854557
2217000 -0.908988726794618
2218000 -0.919263893960568
2219000 -0.914723716854376
2220000 -0.888166235713714
2221000 -0.873404533854072
2222000 -0.903144345569264
2223000 -0.916631396350522
2224000 -0.905370447003797
2225000 -0.889389988643643
2226000 -0.884498242559189
2227000 -0.898770500951974
2228000 -0.901380960928254
2229000 -0.918504844334618
2230000 -0.920206507970099
2231000 -0.903322952896042
2232000 -0.893249143078083
2233000 -0.9019218242404
2234000 -0.913255118134687
2235000 -0.917108939632105
2236000 -0.913522421594246
2237000 -0.901995302855203
2238000 -0.89122862891466
2239000 -0.916326325806899
2240000 -0.92635661830395
2241000 -0.905587329993733
2242000 -0.870508690784193
2243000 -0.897666038621821
2244000 -0.934064076009848
2245000 -0.931356550846437
2246000 -0.915844454441383
2247000 -0.885724860359415
2248000 -0.89345282935217
2249000 -0.928791904196316
2250000 -0.95006580467078
2251000 -0.895205638076704
2252000 -0.870093004784845
2253000 -0.912329152191858
2254000 -0.954215462712579
2255000 -0.940081438283038
2256000 -0.890806100328043
2257000 -0.877872874997988
2258000 -0.908370841675785
2259000 -0.95741974282223
2260000 -0.927805130815403
2261000 -0.887502547436192
2262000 -0.895087513918924
2263000 -0.928106723904586
2264000 -0.948993017940904
2265000 -0.921462050562893
2266000 -0.888235018792497
2267000 -0.900839138496949
2268000 -0.944534809894312
2269000 -0.947135056959145
2270000 -0.920669527797175
2271000 -0.902447790711135
2272000 -0.907299406756144
2273000 -0.953662747897191
2274000 -0.950921779450518
2275000 -0.914947555538484
2276000 -0.909542364255748
2277000 -0.932705466497784
2278000 -0.945740573674861
2279000 -0.955456149928493
2280000 -0.913313890069639
2281000 -0.899032201031061
2282000 -0.928165761374032
2283000 -0.951433704574186
2284000 -0.939409822205447
2285000 -0.913672052287709
2286000 -0.908466985436046
2287000 -0.930420986722303
2288000 -0.950632942372144
2289000 -0.940699903999
2290000 -0.918285175727551
2291000 -0.925222522269828
2292000 -0.929614009920569
2293000 -0.940610303480212
2294000 -0.93480221904982
2295000 -0.922526420849718
2296000 -0.940853717847192
2297000 -0.921174801874031
2298000 -0.924901946163578
2299000 -0.947030162737383
2300000 -0.951615720992499
2301000 -0.940788650507825
2302000 -0.913964034407919
2303000 -0.940592200929582
2304000 -0.945860155560709
2305000 -0.96415926989619
2306000 -0.927440718467527
2307000 -0.917710188851745
2308000 -0.932344478289352
2309000 -0.951507900850826
2310000 -0.961832593371718
2311000 -0.935524089582113
2312000 -0.905914048027202
2313000 -0.940034501205917
2314000 -0.962854380039498
2315000 -0.960579214120695
2316000 -0.907138920837315
2317000 -0.909625463493393
2318000 -0.964363133396824
2319000 -0.991665101195105
2320000 -0.952968043077101
2321000 -0.90845219249865
2322000 -0.922801105673685
2323000 -0.975285188010526
2324000 -0.977027694569826
2325000 -0.95396721109945
2326000 -0.893360763106922
2327000 -0.929985967816667
2328000 -0.985985601537101
2329000 -0.980155545322463
2330000 -0.93283562494116
2331000 -0.909076463902282
2332000 -0.940895394559323
2333000 -0.987972961216829
2334000 -0.971466691947206
2335000 -0.917667800034473
2336000 -0.90962675851062
2337000 -0.958314961543694
2338000 -0.980601205447447
2339000 -0.946324263191712
2340000 -0.932736363185447
2341000 -0.929767729964986
2342000 -0.973656987484948
2343000 -0.976560997307769
2344000 -0.941137185116857
2345000 -0.91103530879878
2346000 -0.952547630415203
2347000 -0.980903467162874
2348000 -0.96278095288245
2349000 -0.931345342853841
2350000 -0.935119703143169
2351000 -0.960195550697477
2352000 -0.971825551363174
2353000 -0.945199590823395
2354000 -0.933415847605904
2355000 -0.931489658823574
2356000 -0.958990985973593
2357000 -0.971530553311289
2358000 -0.953231265306668
2359000 -0.938399657299215
2360000 -0.958731260461432
2361000 -0.976439268075587
2362000 -0.954934292877852
2363000 -0.947099505803931
2364000 -0.974482736286984
2365000 -0.966249710608685
2366000 -0.95089250021738
2367000 -0.958976731768401
2368000 -0.974510830442612
2369000 -0.968310643110373
2370000 -0.939769703903366
2371000 -0.946626837622316
2372000 -0.95999963436028
2373000 -0.975693054263614
2374000 -0.969179369187254
2375000 -0.933952947515987
2376000 -0.952664256501007
2377000 -0.978920669318143
2378000 -0.9906708632632
2379000 -0.947517984537957
2380000 -0.932080834797719
2381000 -0.963672628703435
2382000 -0.992317412145256
2383000 -0.969004530928394
2384000 -0.941907477529924
2385000 -0.937695549387883
2386000 -0.981814165833453
2387000 -0.993670944467453
2388000 -0.959982204398701
2389000 -0.92020313274778
2390000 -0.962710235028803
2391000 -1.00935411967151
2392000 -1.00047163633841
2393000 -0.94319836703237
2394000 -0.927044972985016
2395000 -0.985811231976672
2396000 -1.01787683700692
2397000 -0.977501610071989
2398000 -0.919912337957564
2399000 -0.94338866692653
2400000 -1.01678549607746
2401000 -1.00276797520173
2402000 -0.941457412549422
2403000 -0.922516310911572
2404000 -0.978164477999615
2405000 -1.00853497880402
2406000 -1.00494518618077
2407000 -0.934255331887831
2408000 -0.927433448249931
2409000 -0.996611414364239
2410000 -1.0154741565162
2411000 -0.969205035999381
2412000 -0.927475197146345
2413000 -0.96262362223421
2414000 -1.01938947950653
2415000 -1.00519118550303
2416000 -0.943711109610084
2417000 -0.928692598866591
2418000 -1.00119788289749
2419000 -1.02106173460346
2420000 -0.990800188785139
2421000 -0.934229401286604
2422000 -0.960769379212119
2423000 -1.0094672503349
2424000 -1.01039775616348
2425000 -0.967813433679233
2426000 -0.956258576135852
2427000 -0.985569934001115
2428000 -1.01673671294867
2429000 -0.995220450538318
2430000 -0.958990556038527
2431000 -0.95844510828518
2432000 -0.994726110523431
2433000 -1.01493188372389
2434000 -0.980386530162099
2435000 -0.964394178546452
2436000 -0.972877584307857
2437000 -0.99407647396962
2438000 -1.00910959324701
2439000 -0.983176832949534
2440000 -0.95858348741453
2441000 -0.978642576240606
2442000 -0.990672049668508
2443000 -0.998545570364111
2444000 -0.986817032105162
2445000 -0.979367859226977
2446000 -0.975162862143576
2447000 -0.979597206163358
2448000 -1.00584187383656
2449000 -1.00198737546923
2450000 -0.973038986844656
2451000 -0.973957871811727
2452000 -0.996585894959973
2453000 -1.01999882458243
2454000 -1.00167177907283
2455000 -0.980442848991558
2456000 -0.980895127913431
2457000 -1.0038134432914
2458000 -1.02558497312307
2459000 -0.986441333202205
2460000 -0.950906228361412
2461000 -0.99187116302499
2462000 -1.0196474723619
2463000 -1.0175770335521
2464000 -0.962761014460302
2465000 -0.955770612848115
2466000 -1.00388835935222
2467000 -1.04600192416663
2468000 -1.01113346557207
2469000 -0.946101844177416
2470000 -0.972271260821394
2471000 -1.03859112116655
2472000 -1.04912218914716
2473000 -0.968150378545614
2474000 -0.938318980939202
2475000 -1.00630587293211
2476000 -1.05604737207492
2477000 -1.02387729582647
2478000 -0.953492251990508
2479000 -0.954522191814808
2480000 -1.03506293129415
2481000 -1.05792681325674
2482000 -1.00591614273279
2483000 -0.949300042571009
2484000 -0.997299088078548
2485000 -1.06646393260678
2486000 -1.03575131554346
2487000 -0.955472427128365
2488000 -0.952739615723386
2489000 -1.03031988515499
2490000 -1.05705605281621
2491000 -1.00200850744748
2492000 -0.951486456125063
2493000 -0.993671217080393
2494000 -1.05603660015604
2495000 -1.04576080559225
2496000 -0.976336158572535
2497000 -0.960829582172132
2498000 -1.02443429997903
2499000 -1.0692223817133
2500000 -1.01743279739585
2501000 -0.965397932136856
2502000 -0.983612070586548
2503000 -1.04082307152295
2504000 -1.04911010715487
2505000 -0.992523997384591
2506000 -0.97244110351818
2507000 -1.00861460419849
2508000 -1.04220944025653
2509000 -1.01797965431904
2510000 -0.986971952201848
2511000 -0.997741259624418
2512000 -1.03141632573991
2513000 -1.04084767016693
2514000 -0.99461410204159
2515000 -0.986284279385744
2516000 -1.00821542731179
2517000 -1.04266840743419
2518000 -1.03145963321766
2519000 -0.986918104080937
2520000 -1.00241379345001
2521000 -1.0348921597794
2522000 -1.02746127457358
2523000 -1.00795920947427
2524000 -1.00442161825648
2525000 -1.02011547864553
2526000 -1.03048503584233
2527000 -1.02081188961282
2528000 -1.0044341605752
2529000 -1.0149645805819
2530000 -1.0129986987332
2531000 -1.02090527321848
2532000 -1.02316869534152
2533000 -1.02380029580237
2534000 -1.03118421059999
2535000 -1.02339671349251
2536000 -1.01543468591189
2537000 -1.0269371204714
2538000 -1.03009056432012
2539000 -1.0151029949361
2540000 -1.00908833783307
2541000 -1.0369925088899
2542000 -1.03669400061468
2543000 -1.01572184099433
2544000 -0.989248186434785
2545000 -1.01845752069501
2546000 -1.06218873409061
2547000 -1.03705984045862
2548000 -0.993127414937795
2549000 -1.0155490583945
2550000 -1.04821643793921
2551000 -1.05183664251957
2552000 -0.998947081185087
2553000 -0.996422998157956
2554000 -1.05441063169931
2555000 -1.07471508278134
2556000 -1.05007304050882
2557000 -0.983940090222644
2558000 -1.00215672006498
2559000 -1.06339756590546
2560000 -1.06573268275594
2561000 -1.00833662830098
2562000 -0.981979953003639
2563000 -1.04821809248859
2564000 -1.06969444723485
2565000 -1.03306224266506
2566000 -0.985808390481138
2567000 -1.02618101765529
2568000 -1.08010059243759
2569000 -1.05199748933233
2570000 -1.00382123721004
2571000 -1.00824479093088
2572000 -1.06117164417944
2573000 -1.06668381934813
2574000 -1.02912378374952
2575000 -0.995736212524347
2576000 -1.04214398561374
2577000 -1.07428832811051
2578000 -1.05122207215785
2579000 -0.993476737392293
2580000 -1.00744604991323
2581000 -1.07134741330784
2582000 -1.06796933218607
2583000 -1.0168462615244
2584000 -1.0148061088596
2585000 -1.05293795698295
2586000 -1.06988256230861
2587000 -1.03314808150045
2588000 -1.0028345677832
2589000 -1.0309466902443
2590000 -1.05745614829432
2591000 -1.06282977934668
2592000 -1.02161305953668
2593000 -1.0324091053614
2594000 -1.04679150106148
2595000 -1.06532431813096
2596000 -1.04282838534417
2597000 -1.01637956219566
2598000 -1.04126266192331
2599000 -1.0700244708301
2600000 -1.04355383232491
2601000 -1.03251986495176
2602000 -1.04092160910573
2603000 -1.05891710591195
2604000 -1.04711929909927
2605000 -1.04099299238443
2606000 -1.03425592870827
2607000 -1.0487058403717
2608000 -1.04513030163678
2609000 -1.04358321582893
2610000 -1.04331527112575
2611000 -1.04782316624081
2612000 -1.0588439226714
2613000 -1.05461213104994
2614000 -1.05448875896961
2615000 -1.04766386229969
2616000 -1.05015857077627
2617000 -1.05266159338821
2618000 -1.05182409907926
2619000 -1.06627720041855
2620000 -1.05808350978839
2621000 -1.03644655508453
2622000 -1.04808844241938
2623000 -1.07581804545672
2624000 -1.05959761297163
2625000 -1.03692780893862
2626000 -1.03677041306808
2627000 -1.07174104468601
2628000 -1.0679731859697
2629000 -1.05616021876816
2630000 -1.03664493782211
2631000 -1.04969250708207
2632000 -1.08367720484015
2633000 -1.07287406330572
2634000 -1.03357872574298
2635000 -1.03529004772093
2636000 -1.0890154980655
2637000 -1.10168120435001
2638000 -1.03072059012403
2639000 -1.02728289113627
2640000 -1.08165163525389
2641000 -1.09424763466437
2642000 -1.04390930740921
2643000 -1.02105171879247
2644000 -1.06665793180075
2645000 -1.08870828264412
2646000 -1.07207525832077
2647000 -1.01516898382224
2648000 -1.03908895005977
2649000 -1.10008174614011
2650000 -1.08864001187257
2651000 -1.03362307293507
2652000 -1.03159769358147
2653000 -1.07789286372274
2654000 -1.10401548434862
2655000 -1.06633190915222
2656000 -1.01008093328482
2657000 -1.07119377446546
2658000 -1.12380194046794
2659000 -1.09300691290541
2660000 -1.02092971800737
2661000 -1.05408381535298
2662000 -1.11269322923439
2663000 -1.0881042692371
2664000 -1.03967702038404
2665000 -1.05502405336547
2666000 -1.08949272054421
2667000 -1.09559253087786
2668000 -1.06641700420748
2669000 -1.04032389814481
2670000 -1.06834549976191
2671000 -1.11772574011597
2672000 -1.09894949592696
2673000 -1.03194874865323
2674000 -1.05139513856612
2675000 -1.11226500663307
2676000 -1.10619806879737
2677000 -1.03760865741963
2678000 -1.04325820298738
2679000 -1.10771898360612
2680000 -1.09395272799516
2681000 -1.06211068850063
2682000 -1.05129263407691
2683000 -1.08841912143615
2684000 -1.10386712406928
2685000 -1.08602410125154
2686000 -1.04734118739042
2687000 -1.06923105221827
2688000 -1.10506649382074
2689000 -1.08967382412823
2690000 -1.05976461986447
2691000 -1.0626893994232
2692000 -1.0987230592925
2693000 -1.10708525265588
2694000 -1.06967884904944
2695000 -1.07975744225619
2696000 -1.09016886554637
2697000 -1.08760664846215
2698000 -1.07228761313036
2699000 -1.09129009954939
2700000 -1.08415162905436
2701000 -1.06523618120399
2702000 -1.07504592763736
2703000 -1.10129728526833
2704000 -1.10443001759654
2705000 -1.06554637961269
2706000 -1.07703200309833
2707000 -1.08967463116714
2708000 -1.10320520181189
2709000 -1.08847064077547
2710000 -1.05773899103949
2711000 -1.08678712473296
2712000 -1.10953927270565
2713000 -1.09549296644953
2714000 -1.05388646661738
2715000 -1.08404554369236
2716000 -1.10723013816363
2717000 -1.11904802053799
2718000 -1.06626188993065
2719000 -1.0508677182848
2720000 -1.11652915406074
2721000 -1.13968504052084
2722000 -1.07667770698104
2723000 -1.03848531108531
2724000 -1.10512956210217
2725000 -1.1325187615712
2726000 -1.08513522752756
2727000 -1.03741567723564
2728000 -1.08544313186634
2729000 -1.13888129339847
2730000 -1.12061733163512
2731000 -1.05061235942571
2732000 -1.07194675976931
2733000 -1.12771756641383
2734000 -1.12463080381807
2735000 -1.07896619985434
2736000 -1.03431323977804
2737000 -1.11524626198529
2738000 -1.16150494783133
2739000 -1.0928955861335
2740000 -1.03366492544187
2741000 -1.10302931532879
2742000 -1.15601369804522
2743000 -1.11554851999361
2744000 -1.02805855211885
2745000 -1.08071032425605
2746000 -1.15179898919506
2747000 -1.12687851425192
2748000 -1.04739809897672
2749000 -1.08585044748832
2750000 -1.12421168463632
2751000 -1.12175025947813
2752000 -1.07958717505518
2753000 -1.05548253944204
2754000 -1.10777827422156
2755000 -1.15265505311126
2756000 -1.10616358924375
2757000 -1.05962142598109
2758000 -1.09728918043953
2759000 -1.14563602981983
2760000 -1.11534130099972
2761000 -1.06403886631454
2762000 -1.06885306781976
2763000 -1.13973550213199
2764000 -1.12568450899876
2765000 -1.08029629017855
2766000 -1.085982056219
2767000 -1.11166560485828
2768000 -1.12660885591335
2769000 -1.10138004982475
2770000 -1.09783112752351
2771000 -1.1100269494592
2772000 -1.12305661170318
2773000 -1.10720271961739
2774000 -1.11251927162051
2775000 -1.09037640368179
2776000 -1.10605341025395
2777000 -1.12195484124189
2778000 -1.11048530908147
2779000 -1.11497626160476
2780000 -1.09653037237966
2781000 -1.11157076381745
2782000 -1.12452131706918
2783000 -1.1332334769272
2784000 -1.09114176059887
2785000 -1.11051192377616
2786000 -1.14216752903524
2787000 -1.13586235583227
2788000 -1.10703391573063
2789000 -1.09439068711009
2790000 -1.1340199085398
2791000 -1.13938185762847
2792000 -1.11643956920678
2793000 -1.0874947323587
2794000 -1.12026127214386
2795000 -1.15599441191094
2796000 -1.12013905609884
2797000 -1.07560608880272
2798000 -1.10143506016606
2799000 -1.16731981353503
2800000 -1.13360084411386
2801000 -1.07339044474103
2802000 -1.09577062834627
2803000 -1.16317901119806
2804000 -1.14844768334491
2805000 -1.08703296749395
2806000 -1.10027300639763
2807000 -1.14852173304658
2808000 -1.17356380672877
2809000 -1.09639331154793
2810000 -1.07427481544703
2811000 -1.15149580710217
2812000 -1.17511982537106
2813000 -1.10423553350669
2814000 -1.06779345337039
2815000 -1.13585070362139
2816000 -1.17949128673081
2817000 -1.14206242931199
2818000 -1.07286063216077
2819000 -1.12762746366787
2820000 -1.17636091504949
2821000 -1.14850271812261
2822000 -1.07480981712451
2823000 -1.10679780496334
2824000 -1.18529238673519
2825000 -1.15003090325525
2826000 -1.08488512526989
2827000 -1.10548908245113
2828000 -1.16511480416878
2829000 -1.16516463004303
2830000 -1.11864421293976
2831000 -1.0876417137179
2832000 -1.14459592571112
2833000 -1.16492080228453
2834000 -1.13228448006408
2835000 -1.10357755909715
2836000 -1.1207532595868
2837000 -1.1626035554122
2838000 -1.14019957776872
2839000 -1.09231977322807
2840000 -1.11579680873948
2841000 -1.16125181731294
2842000 -1.14647552889529
2843000 -1.11245078045002
2844000 -1.12054849627419
2845000 -1.16334061838812
2846000 -1.15229114612806
2847000 -1.1055215790185
2848000 -1.11648552464432
2849000 -1.14769580170846
2850000 -1.13898102699182
2851000 -1.12807933308324
2852000 -1.12088273427381
2853000 -1.12408693843218
2854000 -1.14141744019015
2855000 -1.13148090287623
2856000 -1.12863071017769
2857000 -1.1195680735403
2858000 -1.14436207932303
2859000 -1.15130282217742
2860000 -1.14443689160896
2861000 -1.13178825316771
2862000 -1.13323979351287
2863000 -1.14767090532112
2864000 -1.14048363194135
2865000 -1.14191537334771
2866000 -1.11206946954141
2867000 -1.15598023324392
2868000 -1.1517630663939
2869000 -1.15814892959886
2870000 -1.11222183822502
2871000 -1.13278170643587
2872000 -1.17968055179766
2873000 -1.15439490202283
2874000 -1.1180492048212
2875000 -1.14024549488572
2876000 -1.17928580046991
2877000 -1.15147747411454
2878000 -1.11646482986451
2879000 -1.13756439382228
2880000 -1.17556800075862
2881000 -1.15909205757008
2882000 -1.11174275783985
2883000 -1.12513605923623
2884000 -1.17722388233103
2885000 -1.18168684870117
2886000 -1.11448986765337
2887000 -1.12662173719238
2888000 -1.18615041254068
2889000 -1.18323391460816
2890000 -1.11890690796755
2891000 -1.12493842747414
2892000 -1.19036160179548
2893000 -1.17517886409598
2894000 -1.12689976221075
2895000 -1.134261921005
2896000 -1.18712389208119
2897000 -1.18474090895842
2898000 -1.13043803068552
2899000 -1.12414056683721
2900000 -1.18511094951364
2901000 -1.18930963112893
2902000 -1.1320015766247
2903000 -1.1222624813874
2904000 -1.17871527977227
2905000 -1.19078311651403
2906000 -1.14386462708739
2907000 -1.1279469944157
2908000 -1.17554756011915
2909000 -1.18849758184021
2910000 -1.13560267992788
2911000 -1.128180998155
2912000 -1.18061548570134
2913000 -1.19036222038152
2914000 -1.14762508981035
2915000 -1.13430647999645
2916000 -1.17704000113897
2917000 -1.17471716953488
2918000 -1.14698565611555
2919000 -1.14731086400222
2920000 -1.17211786136767
2921000 -1.1849616197637
2922000 -1.15025135026761
2923000 -1.15322503024956
2924000 -1.16214077363723
2925000 -1.17950529660721
2926000 -1.16075883343429
2927000 -1.1592843338506
2928000 -1.16717368637565
2929000 -1.17189467048644
2930000 -1.16074948603741
2931000 -1.16166655741395
2932000 -1.17572335775448
2933000 -1.17101064243796
2934000 -1.1681275393175
2935000 -1.16694245782736
2936000 -1.17283350932505
2937000 -1.16480712506116
2938000 -1.16081183164656
2939000 -1.17925865735556
2940000 -1.17803701239888
2941000 -1.15755739050919
2942000 -1.15965774252661
2943000 -1.1914873584213
2944000 -1.18143377757713
2945000 -1.14931786735472
2946000 -1.16537090426424
2947000 -1.19812404711399
2948000 -1.18486927397984
2949000 -1.13930005268152
2950000 -1.16133423574819
2951000 -1.1985555856588
2952000 -1.17712327618098
2953000 -1.13941839241363
2954000 -1.16875279421887
2955000 -1.20676845061918
2956000 -1.19405026854626
2957000 -1.15291612438195
2958000 -1.16477864074991
2959000 -1.19259210970017
2960000 -1.19704495522862
2961000 -1.15192256814734
2962000 -1.15521821033713
2963000 -1.21149746541858
2964000 -1.19432215003088
2965000 -1.14622024883656
2966000 -1.16589108759663
2967000 -1.21551026691722
2968000 -1.1946811660198
2969000 -1.15648648083401
2970000 -1.15916133008335
2971000 -1.20811716969325
2972000 -1.19653005704981
2973000 -1.15657255410275
2974000 -1.16702833047392
2975000 -1.20450479697025
2976000 -1.19360750330015
2977000 -1.15648467053906
2978000 -1.1719458506082
2979000 -1.20135558821495
2980000 -1.20358728575079
2981000 -1.16740616036411
2982000 -1.16676768190897
2983000 -1.20498673358072
2984000 -1.20994195671659
2985000 -1.171591500364
2986000 -1.16577908913759
2987000 -1.21111227248926
2988000 -1.2030900618788
2989000 -1.16746246370624
2990000 -1.1791935580624
2991000 -1.20345635207608
2992000 -1.19997573187218
2993000 -1.18959480747082
2994000 -1.17366085148738
2995000 -1.19495231013582
2996000 -1.20543397055222
2997000 -1.19140455411956
2998000 -1.17602073065935
2999000 -1.19849635513278
3000000 -1.20259297705683
3001000 -1.19195442259574
3002000 -1.17924461772815
3003000 -1.19813030254802
3004000 -1.20618294701435
3005000 -1.2015799152332
3006000 -1.1890114804312
3007000 -1.19335336120396
3008000 -1.19790235406065
3009000 -1.20530397761303
3010000 -1.20286793898382
3011000 -1.19636777442057
3012000 -1.20245683045059
3013000 -1.20786044963086
3014000 -1.1933261659109
3015000 -1.18753428545089
3016000 -1.19281612839566
3017000 -1.21652571490147
3018000 -1.20080123001466
3019000 -1.18189265267397
3020000 -1.18407973524468
3021000 -1.21517829520413
3022000 -1.20907302403855
3023000 -1.19161383523877
3024000 -1.19541851875012
3025000 -1.22125029872752
3026000 -1.21092619396411
3027000 -1.191384172283
3028000 -1.19644142799372
3029000 -1.22564075377294
3030000 -1.22050919477457
3031000 -1.18149603909463
3032000 -1.19769258028762
3033000 -1.21976840875772
3034000 -1.21546018259825
3035000 -1.18757646946252
3036000 -1.19692041139934
3037000 -1.22464230225262
3038000 -1.22647468525204
3039000 -1.18617368996532
3040000 -1.1952410299184
3041000 -1.23022937413925
3042000 -1.20913552271914
3043000 -1.1969423473687
3044000 -1.19098468142882
3045000 -1.23023253687712
3046000 -1.22266875458361
3047000 -1.19224229597042
3048000 -1.19150647271685
3049000 -1.23199233934122
3050000 -1.23568699974705
3051000 -1.19282951029568
3052000 -1.20957496265513
3053000 -1.22847371989054
3054000 -1.220295935412
3055000 -1.18725212872337
3056000 -1.20438372763917
3057000 -1.25032435540328
3058000 -1.22497624928917
3059000 -1.19913657034653
3060000 -1.20469910704223
3061000 -1.24129933489413
3062000 -1.21856755121759
3063000 -1.19791787163059
3064000 -1.21020670791466
3065000 -1.24817759925414
3066000 -1.21243146784669
3067000 -1.18637264959159
3068000 -1.22735845342127
3069000 -1.23483456669597
3070000 -1.22427859779326
3071000 -1.20599619167634
3072000 -1.22383492748975
3073000 -1.23427245784515
3074000 -1.22470441381467
3075000 -1.21006146345301
3076000 -1.21562055689752
3077000 -1.22617151818317
3078000 -1.20983040720107
3079000 -1.21789169026742
3080000 -1.21884511299581
3081000 -1.231693896533
3082000 -1.21952778383049
3083000 -1.21754290970342
3084000 -1.23061319639343
3085000 -1.22188265483127
3086000 -1.22887420503498
3087000 -1.23043491468311
3088000 -1.23802168414086
3089000 -1.21248264123091
3090000 -1.22048406735374
3091000 -1.23454064231622
3092000 -1.23098131272022
3093000 -1.21830810642205
3094000 -1.22958129088334
3095000 -1.24246169877844
3096000 -1.21751573274323
3097000 -1.22208579991752
3098000 -1.22602092720473
3099000 -1.24593370976111
3100000 -1.22683956190004
3101000 -1.22292623365886
3102000 -1.23155839920769
3103000 -1.24269318763399
3104000 -1.22378642235422
3105000 -1.19998978223487
3106000 -1.23674651550133
3107000 -1.2502831175268
3108000 -1.22761768139796
3109000 -1.20549406974645
3110000 -1.25788762779155
3111000 -1.25447274798492
3112000 -1.21583350230992
3113000 -1.20907130336174
3114000 -1.26906084767156
3115000 -1.25713371751416
3116000 -1.20815941694016
3117000 -1.22079188274314
3118000 -1.25903724350944
3119000 -1.266250242278
3120000 -1.22306360528392
3121000 -1.22695695207647
3122000 -1.25813122202289
3123000 -1.26345096639593
3124000 -1.21410941941445
3125000 -1.21529915600462
3126000 -1.27361694184295
3127000 -1.25949157223064
3128000 -1.20492035555499
3129000 -1.22121311275729
3130000 -1.28647756888377
3131000 -1.25963940424924
3132000 -1.20213416851767
3133000 -1.21138870041735
3134000 -1.29282783976852
3135000 -1.24562789382671
3136000 -1.20275117577455
3137000 -1.25869077955526
3138000 -1.29157211412522
3139000 -1.2446071942893
3140000 -1.19958803586448
3141000 -1.26951810862592
3142000 -1.28216023057496
3143000 -1.23639566878535
3144000 -1.20655514220691
3145000 -1.25639582057243
3146000 -1.27707793490322
3147000 -1.22513307151301
3148000 -1.22491643331859
3149000 -1.27289634030342
3150000 -1.27368500377403
3151000 -1.21959348378988
3152000 -1.24206009087447
3153000 -1.27199018080419
3154000 -1.26676559296803
3155000 -1.2290655619532
3156000 -1.24211791644627
3157000 -1.27815654074559
3158000 -1.24303181009648
3159000 -1.22774384559093
3160000 -1.25461669770428
3161000 -1.27219142175738
3162000 -1.24033373214051
3163000 -1.24407016422693
3164000 -1.27072820946962
3165000 -1.26059576861456
3166000 -1.23785254125548
3167000 -1.23985410580251
3168000 -1.27777321369681
3169000 -1.26124644618432
3170000 -1.24764985710438
3171000 -1.26227737390365
3172000 -1.27137302928123
3173000 -1.23888871993586
3174000 -1.24091837747554
3175000 -1.28783196127328
3176000 -1.27619969506655
3177000 -1.23733028056799
3178000 -1.25690853748523
3179000 -1.28779155002267
3180000 -1.25635432785764
3181000 -1.23208034061589
3182000 -1.27833057055202
3183000 -1.29345080106894
3184000 -1.24987507126041
3185000 -1.2396366956829
3186000 -1.28076928493479
3187000 -1.27515637464346
3188000 -1.26700406842288
3189000 -1.24638264597448
3190000 -1.27266089403859
3191000 -1.28938365666711
3192000 -1.25912085733376
3193000 -1.2335222479207
3194000 -1.27807566902588
3195000 -1.304565730563
3196000 -1.2522118765213
3197000 -1.23622564066223
3198000 -1.28998866843208
3199000 -1.30955937838386
3200000 -1.23430660522055
3201000 -1.25067739461558
3202000 -1.31628098919568
3203000 -1.29729814270911
3204000 -1.21960865746779
3205000 -1.25698797073463
3206000 -1.33019235653782
3207000 -1.27303517914943
3208000 -1.22976156490315
3209000 -1.28487478597798
3210000 -1.31054794202161
3211000 -1.25860474766714
3212000 -1.25176685896278
3213000 -1.28092476968192
3214000 -1.30439894548606
3215000 -1.27630674301749
3216000 -1.25588477146849
3217000 -1.27748672318695
3218000 -1.30062546604514
3219000 -1.28971858936645
3220000 -1.24566004619719
3221000 -1.29118090450966
3222000 -1.31302421702656
3223000 -1.2740954517146
3224000 -1.23815226999479
3225000 -1.29974582356558
3226000 -1.31386973066747
3227000 -1.25654073303909
3228000 -1.26099194457346
3229000 -1.30428952405179
3230000 -1.3124139692864
3231000 -1.25323973639676
3232000 -1.27962527810684
3233000 -1.29860472113978
3234000 -1.28703806119688
3235000 -1.2677270592095
3236000 -1.28299938850876
3237000 -1.30232368410296
3238000 -1.28705877746511
3239000 -1.28422506261497
3240000 -1.28823798132282
3241000 -1.31364575709544
3242000 -1.29550745763238
3243000 -1.27878519726198
3244000 -1.28421440223993
3245000 -1.3011113124088
3246000 -1.29981939722449
3247000 -1.26641778844826
3248000 -1.29522202675895
3249000 -1.31792448305339
3250000 -1.28076869807155
3251000 -1.28418644199447
3252000 -1.31222691589879
3253000 -1.30129643026305
3254000 -1.27750615876486
3255000 -1.30147811972861
3256000 -1.30506583588737
3257000 -1.27602100060142
3258000 -1.28148106400103
3259000 -1.32318028549619
3260000 -1.29875544320987
3261000 -1.27705659033919
3262000 -1.31935859208594
3263000 -1.32065442403709
3264000 -1.28319495941924
3265000 -1.27521738180356
3266000 -1.33318744941397
3267000 -1.31033798868466
3268000 -1.28312290846929
3269000 -1.28634696463689
3270000 -1.32429750320013
3271000 -1.3151247768783
3272000 -1.28462894040969
3273000 -1.29656809998825
3274000 -1.31367620953308
3275000 -1.32615003714247
3276000 -1.27641607335353
3277000 -1.27765463360626
3278000 -1.32371135157332
3279000 -1.33875398862485
3280000 -1.28444141878522
3281000 -1.27655266092893
3282000 -1.34521133243169
3283000 -1.34122210012944
3284000 -1.27048461135657
3285000 -1.29047217167102
3286000 -1.36044922263841
3287000 -1.31459571468187
3288000 -1.25456790681113
3289000 -1.30932082094739
3290000 -1.36679643406954
3291000 -1.31061271542345
3292000 -1.26171253314002
3293000 -1.32545346091355
3294000 -1.34951909196622
3295000 -1.2861183967292
3296000 -1.27165565864582
3297000 -1.33135271905036
3298000 -1.33729350393761
3299000 -1.30136907131674
3300000 -1.28616819334455
3301000 -1.33700299330801
3302000 -1.34505483586738
3303000 -1.29494177929962
3304000 -1.29319026085948
3305000 -1.33121849820803
3306000 -1.35303511224342
3307000 -1.29003128812293
3308000 -1.27836820527794
3309000 -1.35041598010348
3310000 -1.35270287108666
3311000 -1.27935751047289
3312000 -1.29683775654852
3313000 -1.37527749506891
3314000 -1.33011526486112
3315000 -1.28056640988777
3316000 -1.31850992745752
3317000 -1.36164222397423
3318000 -1.31825605432705
3319000 -1.27711050393953
3320000 -1.34522477362185
3321000 -1.34446102573553
3322000 -1.29569976751045
3323000 -1.29971604006735
3324000 -1.34451915032033
3325000 -1.34171232842008
3326000 -1.31661076251607
3327000 -1.30492616133476
3328000 -1.33362930464941
3329000 -1.34840734477557
3330000 -1.31306666755347
3331000 -1.30748312008577
3332000 -1.33761389068547
3333000 -1.35171476185817
3334000 -1.31207179124079
3335000 -1.31242622482441
3336000 -1.35723760087182
3337000 -1.33927291309708
3338000 -1.31252957400062
3339000 -1.32262301863935
3340000 -1.3579882007893
3341000 -1.31378577756318
3342000 -1.30808001479913
3343000 -1.34705509891848
3344000 -1.3421402022754
3345000 -1.31139865102326
3346000 -1.33371377829936
3347000 -1.35735841049455
3348000 -1.32123632441591
3349000 -1.33493590477819
3350000 -1.35380995744793
3351000 -1.34737246464149
3352000 -1.31570814400684
3353000 -1.35954410659026
3354000 -1.3530641872242
3355000 -1.32421543831701
3356000 -1.32748442015142
3357000 -1.3439298482637
3358000 -1.3541697132942
3359000 -1.32090977330483
3360000 -1.33021186594638
3361000 -1.35508348381645
3362000 -1.3641036768347
3363000 -1.32389291581355
3364000 -1.31781741802322
3365000 -1.37127855610399
3366000 -1.34825691210057
3367000 -1.31460433313225
3368000 -1.33468700901246
3369000 -1.36585597028507
3370000 -1.34507245504004
3371000 -1.31319220409448
3372000 -1.35465619991972
3373000 -1.37343313464818
3374000 -1.342132798274
3375000 -1.31604868049847
3376000 -1.36292029316718
3377000 -1.3631239846703
3378000 -1.34470999796981
3379000 -1.33163201905382
3380000 -1.36122743247825
3381000 -1.3738472315677
3382000 -1.32948528898016
3383000 -1.32865623236463
3384000 -1.370595069159
3385000 -1.38850168968888
3386000 -1.32064858528287
3387000 -1.33330116209704
3388000 -1.37874924190765
3389000 -1.36300980087473
3390000 -1.32846660813601
3391000 -1.3368245166872
3392000 -1.38700026188738
3393000 -1.36140198663651
3394000 -1.32285254265219
3395000 -1.35184565836624
3396000 -1.38719819219216
3397000 -1.36360656267283
3398000 -1.31984243779094
3399000 -1.3654727747256
3400000 -1.38031193011117
3401000 -1.3487448444989
3402000 -1.31885125654453
3403000 -1.38147245190489
3404000 -1.38794747554639
3405000 -1.34438637919597
3406000 -1.34506683294201
3407000 -1.38177228425236
3408000 -1.37797961482885
3409000 -1.32764728984394
3410000 -1.34862025716892
3411000 -1.36799601572539
3412000 -1.38511199349079
3413000 -1.3326682617473
3414000 -1.33850972292626
3415000 -1.39127509892807
3416000 -1.39266020696394
3417000 -1.34422400372546
3418000 -1.34867462181704
3419000 -1.39673526681164
3420000 -1.3651301078997
3421000 -1.32418714068533
3422000 -1.35437831266459
3423000 -1.41410674010441
3424000 -1.36628227314222
3425000 -1.33365877287017
3426000 -1.37844680286321
3427000 -1.39199844912912
3428000 -1.35564547386784
3429000 -1.34961420316951
3430000 -1.39184959631986
3431000 -1.37858912447412
3432000 -1.35012027251266
3433000 -1.36229939647608
3434000 -1.39138784954434
3435000 -1.37602453261172
3436000 -1.35961011890738
3437000 -1.38389558024162
3438000 -1.37384741465444
3439000 -1.37853202358192
3440000 -1.36106602864539
3441000 -1.38278906158642
3442000 -1.38618320759875
3443000 -1.36520029105412
3444000 -1.36677200355312
3445000 -1.3648356404792
3446000 -1.38441372913054
3447000 -1.36150762766406
3448000 -1.37398940903105
3449000 -1.37816304983853
3450000 -1.37846364475839
3451000 -1.37469038951712
3452000 -1.36688967966165
3453000 -1.38691241788603
3454000 -1.36779143254211
3455000 -1.38085045677343
3456000 -1.39125131287038
3457000 -1.37700230431618
3458000 -1.3603862941255
3459000 -1.38632010325784
3460000 -1.39990480948309
3461000 -1.35843879480836
3462000 -1.38389151313787
3463000 -1.39485253701351
3464000 -1.39576665440272
3465000 -1.33977002384895
3466000 -1.37822161378332
3467000 -1.42107365666853
3468000 -1.3674601902223
3469000 -1.35197689559893
3470000 -1.40930954873775
3471000 -1.42709077275032
3472000 -1.34603154304024
3473000 -1.36241187005595
3474000 -1.42060241552498
3475000 -1.41733446544647
3476000 -1.34304063780862
3477000 -1.36489448363315
3478000 -1.42875289870218
3479000 -1.4218237178354
3480000 -1.3418984976492
3481000 -1.37081703775904
3482000 -1.44290469301696
3483000 -1.39532318817631
3484000 -1.34507755174591
3485000 -1.38592548510081
3486000 -1.43602448925356
3487000 -1.40529427490468
3488000 -1.33159617930538
3489000 -1.40234531897109
3490000 -1.44926726148171
3491000 -1.39923338228002
3492000 -1.33427726564398
3493000 -1.40541226066461
3494000 -1.45301430330264
3495000 -1.37671795931167
3496000 -1.33474227248299
3497000 -1.43591073093428
3498000 -1.45826008101626
3499000 -1.34104981548628
3500000 -1.3580854149502
3501000 -1.46220890724121
3502000 -1.44349092470024
3503000 -1.31274619853157
3504000 -1.37704076245921
3505000 -1.48491396906574
3506000 -1.39927802975286
3507000 -1.28875714240295
3508000 -1.41850737613735
3509000 -1.473679199945
3510000 -1.36973225854156
3511000 -1.3375596394233
3512000 -1.45489509884876
3513000 -1.44580151209529
3514000 -1.35654171098979
3515000 -1.35700310575639
3516000 -1.46424103909073
3517000 -1.44482223017471
3518000 -1.33476711188612
3519000 -1.38616502559122
3520000 -1.44886304706464
3521000 -1.42691609448379
3522000 -1.34096336333648
3523000 -1.40216235409938
3524000 -1.46959895970844
3525000 -1.41598815720409
3526000 -1.3473598941647
3527000 -1.42169006105016
3528000 -1.46232320681767
3529000 -1.39413984928184
3530000 -1.35198852780211
3531000 -1.42206618820839
3532000 -1.45760098430419
3533000 -1.3723356914561
3534000 -1.37638456480442
3535000 -1.46023489795717
3536000 -1.42460612812758
3537000 -1.37854136993926
3538000 -1.39269473711676
3539000 -1.44388785569142
3540000 -1.4233765968556
3541000 -1.36698062171869
3542000 -1.41498579846636
3543000 -1.44909628319165
3544000 -1.39657276587495
3545000 -1.38713002707513
3546000 -1.44148063319236
3547000 -1.42578300932903
3548000 -1.38504294796984
3549000 -1.38492551968528
3550000 -1.44354422305928
3551000 -1.40869672503219
3552000 -1.4007321348589
3553000 -1.43876582200975
3554000 -1.43701299623445
3555000 -1.39568561605307
3556000 -1.41235981698825
3557000 -1.44271300450285
3558000 -1.41733588215927
3559000 -1.4040225590142
3560000 -1.42797295831102
3561000 -1.43563904949689
3562000 -1.40358321707246
3563000 -1.41089482908942
3564000 -1.45617084630013
3565000 -1.42278753150978
3566000 -1.39796580908796
3567000 -1.42996222651062
3568000 -1.45908825571284
3569000 -1.39182389240505
3570000 -1.39766486573647
3571000 -1.46395554055039
3572000 -1.43949872560251
3573000 -1.38186029063853
3574000 -1.4403788707941
3575000 -1.47449804402486
3576000 -1.39929472657348
3577000 -1.39550181925386
3578000 -1.47164552141257
3579000 -1.44892311471554
3580000 -1.37958770164707
3581000 -1.42356017260815
3582000 -1.46917460003258
3583000 -1.43487125844945
3584000 -1.37916761186683
3585000 -1.42685284048373
3586000 -1.46199876821035
3587000 -1.42509634494157
3588000 -1.38643964431873
3589000 -1.44762874205348
3590000 -1.45111675123781
3591000 -1.43371595194067
3592000 -1.37910137663455
3593000 -1.44324247885309
3594000 -1.48518584443831
3595000 -1.41612104851738
3596000 -1.38924418377086
3597000 -1.46322071307395
3598000 -1.47627442013642
3599000 -1.38670560182417
3600000 -1.39347396754362
3601000 -1.48691240057496
3602000 -1.46996664375244
3603000 -1.36551825941313
3604000 -1.4266346797747
3605000 -1.49957375749459
3606000 -1.42236976518683
3607000 -1.37875977600284
3608000 -1.47308267980218
3609000 -1.48090504287564
3610000 -1.39597164256529
3611000 -1.40568662305032
3612000 -1.48267262473715
3613000 -1.44831026807285
3614000 -1.40004418406873
3615000 -1.45121093199734
3616000 -1.47418160121113
3617000 -1.41061993088407
3618000 -1.42634250561131
3619000 -1.4527289604675
3620000 -1.45395347440955
3621000 -1.43858688787441
3622000 -1.43045363942192
3623000 -1.44533498723088
3624000 -1.44664565136511
3625000 -1.44706068899227
3626000 -1.42875984921398
3627000 -1.43588588981081
3628000 -1.45019988038209
3629000 -1.44616916413857
3630000 -1.43454998569438
3631000 -1.455579207472
3632000 -1.4517833710474
3633000 -1.44510526547876
3634000 -1.45237315184749
3635000 -1.44415686563928
3636000 -1.44534777885181
3637000 -1.44641793726778
3638000 -1.4604211571106
3639000 -1.43316853649357
3640000 -1.44632873015922
3641000 -1.46701224603938
3642000 -1.44972440817021
3643000 -1.45083608937866
3644000 -1.45294633889487
3645000 -1.46202705958059
3646000 -1.43043392846201
3647000 -1.45195877633331
3648000 -1.47334448856244
3649000 -1.44213477478059
3650000 -1.42972339279518
3651000 -1.47253588064818
3652000 -1.47435311424647
3653000 -1.43390332768821
3654000 -1.45897306534465
3655000 -1.48598555407294
3656000 -1.44851693542816
3657000 -1.4116302034898
3658000 -1.47493289922597
3659000 -1.4801263035571
3660000 -1.43111466387173
3661000 -1.44583291622264
3662000 -1.49714763768551
3663000 -1.45649075310622
3664000 -1.42877330213988
3665000 -1.47941970475831
3666000 -1.48279379586609
3667000 -1.44301523821221
3668000 -1.44694053064104
3669000 -1.47598024509138
3670000 -1.46911471547082
3671000 -1.45543924548981
3672000 -1.45365692020734
3673000 -1.47324001881282
3674000 -1.4794884822477
3675000 -1.45151439238561
3676000 -1.45516515720964
3677000 -1.48228734044175
3678000 -1.47955050328046
3679000 -1.42919966155364
3680000 -1.45933554265282
3681000 -1.51091005162388
3682000 -1.4534875696413
3683000 -1.4157705642638
3684000 -1.49055565912441
3685000 -1.48602088006879
3686000 -1.43902936217498
3687000 -1.46017108112179
3688000 -1.51094607424354
3689000 -1.45200481468621
3690000 -1.41903686879296
3691000 -1.4962280881503
3692000 -1.49988300869218
3693000 -1.42445651174272
3694000 -1.45454483789506
3695000 -1.51112369829095
3696000 -1.47434964679938
3697000 -1.43055994011092
3698000 -1.47721204941016
3699000 -1.49363714380316
3700000 -1.47139101824056
3701000 -1.43982763828986
3702000 -1.48444473203363
3703000 -1.4965887550159
3704000 -1.46308406007941
3705000 -1.44638806378978
3706000 -1.5013820033763
3707000 -1.48364727870369
3708000 -1.43700525934338
3709000 -1.47251479824969
3710000 -1.50433490002008
3711000 -1.48699940137447
3712000 -1.43613235388364
3713000 -1.48604447293335
3714000 -1.49135875842195
3715000 -1.46266115580497
3716000 -1.46299487477512
3717000 -1.49139538344034
3718000 -1.49253788254408
3719000 -1.46161716113412
3720000 -1.47982936882867
3721000 -1.48825518472489
3722000 -1.47870321918999
3723000 -1.45935415793978
3724000 -1.48057291539807
3725000 -1.48829596571962
3726000 -1.47149833445118
3727000 -1.47951104740737
3728000 -1.48352261363426
3729000 -1.49135294223254
3730000 -1.46599232300269
3731000 -1.48033595492235
3732000 -1.48343448250765
3733000 -1.4874897613932
3734000 -1.4776687883353
3735000 -1.4867362893084
3736000 -1.48619469158625
3737000 -1.47489655306068
3738000 -1.48729992286739
3739000 -1.48065678936766
3740000 -1.48159898411241
3741000 -1.4957972779365
3742000 -1.48916163268025
3743000 -1.46431619227718
3744000 -1.4959097089658
3745000 -1.51052263837452
3746000 -1.46402143548472
3747000 -1.46980767492544
3748000 -1.52857613090987
3749000 -1.4897595153583
3750000 -1.44133257796082
3751000 -1.50822717045053
3752000 -1.52926180802642
3753000 -1.4396226788255
3754000 -1.47300463035427
3755000 -1.51912081058158
3756000 -1.50510879554546
3757000 -1.43733951043903
3758000 -1.51577295102866
3759000 -1.53425525154564
3760000 -1.45740503716051
3761000 -1.47345709683378
3762000 -1.52595980919524
3763000 -1.51137226192111
3764000 -1.47184362079793
3765000 -1.47812669839122
3766000 -1.51112874494961
3767000 -1.51067931833268
3768000 -1.45774823690589
3769000 -1.48989754540944
3770000 -1.51574320130299
3771000 -1.50151753750497
3772000 -1.46116291530025
3773000 -1.49897276588897
3774000 -1.5344713893016
3775000 -1.47903744339438
3776000 -1.45718494153532
3777000 -1.54522502751973
3778000 -1.52135276856385
3779000 -1.45029819249453
3780000 -1.50874903111648
3781000 -1.55541157095998
3782000 -1.49064295973309
3783000 -1.45388294961998
3784000 -1.5526594766759
3785000 -1.5484320996709
3786000 -1.44767619980002
3787000 -1.50044429647174
3788000 -1.56452539512842
3789000 -1.487022914981
3790000 -1.45622305776326
3791000 -1.55675989773977
3792000 -1.53886142848621
3793000 -1.44356783552447
3794000 -1.51931336005229
3795000 -1.55600853326607
3796000 -1.48257286920179
3797000 -1.47262847075008
3798000 -1.54513484274922
3799000 -1.51050468371534
3800000 -1.47713522647277
3801000 -1.51719087071568
3802000 -1.52830019156565
3803000 -1.49511074562055
3804000 -1.51924686981719
3805000 -1.52259339485902
3806000 -1.49658625710018
3807000 -1.50724189502335
3808000 -1.50563498962727
3809000 -1.51024175648858
3810000 -1.512407808664
3811000 -1.52882205256632
3812000 -1.51100080390573
3813000 -1.50920946946669
3814000 -1.53211718451313
3815000 -1.51311833102796
3816000 -1.50659856054352
3817000 -1.52054307931711
3818000 -1.5147586837864
3819000 -1.50884403464488
3820000 -1.5146675044553
3821000 -1.52262444362632
3822000 -1.508532805132
3823000 -1.52557125186607
3824000 -1.51953373165145
3825000 -1.50040425237789
3826000 -1.51945600570186
3827000 -1.52716683512022
3828000 -1.49443231038352
3829000 -1.52047580694884
3830000 -1.53591032102564
3831000 -1.51120933857845
3832000 -1.50082620563979
3833000 -1.54359843819419
3834000 -1.52238227661941
3835000 -1.48120729878117
3836000 -1.54970994682927
3837000 -1.53896389847783
3838000 -1.48752924498941
3839000 -1.51930006555754
3840000 -1.56506805928624
3841000 -1.49621153356963
3842000 -1.47971289806697
3843000 -1.56634100503319
3844000 -1.54075487096748
3845000 -1.47515620204452
3846000 -1.53564642247662
3847000 -1.56918574484717
3848000 -1.48601139643199
3849000 -1.50577369244042
3850000 -1.5637845672377
3851000 -1.52644332717075
3852000 -1.4780196081203
3853000 -1.55874459696842
3854000 -1.56156572003021
3855000 -1.49550583489168
3856000 -1.53716772904855
3857000 -1.5682976612126
3858000 -1.50951935893917
3859000 -1.50848364174109
3860000 -1.56453097817794
3861000 -1.52897062927499
3862000 -1.50343399841371
3863000 -1.55004214715035
3864000 -1.54206292978644
3865000 -1.50901127404624
3866000 -1.53870744174866
3867000 -1.5540183953237
3868000 -1.50091073997591
3869000 -1.52690775185728
3870000 -1.56069379294801
3871000 -1.52617389063453
3872000 -1.51311869259032
3873000 -1.55353905500467
3874000 -1.54175939590894
3875000 -1.50965063766334
3876000 -1.549273753589
3877000 -1.55820054023656
3878000 -1.52609001089007
3879000 -1.51993992987207
3880000 -1.56675712768371
3881000 -1.53719432517243
3882000 -1.51811546743411
3883000 -1.56039869809388
3884000 -1.5528468922545
3885000 -1.51056962188621
3886000 -1.54426644858368
3887000 -1.55368890996895
3888000 -1.53921024148541
3889000 -1.52447555453246
3890000 -1.54969294555914
3891000 -1.55148579347278
3892000 -1.52559566366158
3893000 -1.52751373220997
3894000 -1.55573406854946
3895000 -1.55255128465263
3896000 -1.5284712027195
3897000 -1.5357816871787
3898000 -1.56533540665527
3899000 -1.52952769858111
3900000 -1.53557116265189
3901000 -1.5602450538131
3902000 -1.54759424013524
3903000 -1.52617016445042
3904000 -1.54536147499696
3905000 -1.58042934888016
3906000 -1.53524283793304
3907000 -1.52614727122599
3908000 -1.57897581903482
3909000 -1.55845086052171
3910000 -1.52155370440419
3911000 -1.56718064792095
3912000 -1.57530593850486
3913000 -1.54240965567675
3914000 -1.55161737068106
3915000 -1.57941486109927
3916000 -1.53898833671376
3917000 -1.53273935204607
3918000 -1.57608494109334
3919000 -1.55114724977793
3920000 -1.54203172588127
3921000 -1.56594144238801
3922000 -1.55661124408855
3923000 -1.54888255223125
3924000 -1.57292197426773
3925000 -1.56097279105435
3926000 -1.52952895927109
3927000 -1.57064806340576
3928000 -1.57448978926138
3929000 -1.5377634326393
3930000 -1.57439666553589
3931000 -1.58680608005567
3932000 -1.54264215683059
3933000 -1.55156509037574
3934000 -1.59700988491505
3935000 -1.54231911838857
3936000 -1.53430829729731
3937000 -1.59335245215079
3938000 -1.5717945592401
3939000 -1.52160359600272
3940000 -1.58239497648249
3941000 -1.59650678217602
3942000 -1.53090823380378
3943000 -1.55270562951235
3944000 -1.5937999979516
3945000 -1.55510978870857
3946000 -1.53363741710925
3947000 -1.5870854339429
3948000 -1.57674344473495
3949000 -1.54870217321833
3950000 -1.57834531445021
3951000 -1.58102733138262
3952000 -1.54538814847281
3953000 -1.56882435136216
3954000 -1.58098551582589
3955000 -1.55164822362122
3956000 -1.56351176218082
3957000 -1.57497392727814
3958000 -1.55595422249347
3959000 -1.57156526644656
3960000 -1.58637183340578
3961000 -1.54138573714311
3962000 -1.56985981571065
3963000 -1.59732154828474
3964000 -1.55661353327672
3965000 -1.55210642488203
3966000 -1.61765799590588
3967000 -1.55900911224088
3968000 -1.54372458473485
3969000 -1.59290187440841
3970000 -1.583968490794
3971000 -1.53528716092945
3972000 -1.58414647538593
3973000 -1.59671838696216
3974000 -1.54376187900862
3975000 -1.56420144123893
3976000 -1.60578875890797
3977000 -1.56302231159872
3978000 -1.55182901310691
3979000 -1.60783143923152
3980000 -1.55869942334375
3981000 -1.54928908434091
3982000 -1.59314527230019
3983000 -1.58246652386645
3984000 -1.56178111162518
3985000 -1.59303025964994
3986000 -1.58436245596435
3987000 -1.56308424700396
3988000 -1.59433320014704
3989000 -1.5945952179588
3990000 -1.55677769221292
3991000 -1.60725823285113
3992000 -1.61001964110434
3993000 -1.56190523224394
3994000 -1.56911885717766
3995000 -1.62078458872794
3996000 -1.56879647699846
3997000 -1.54627068613737
3998000 -1.62965992328255
3999000 -1.60024634062423
4000000 -1.54821231627344
4001000 -1.60805652755288
4002000 -1.61916350734274
4003000 -1.5494742035238
4004000 -1.58270131670866
4005000 -1.62386565587094
4006000 -1.57500850533913
4007000 -1.56070244594957
4008000 -1.61336360910923
4009000 -1.61074281344142
4010000 -1.55888418866662
4011000 -1.59825753736966
4012000 -1.60278138560409
4013000 -1.58552084214129
4014000 -1.57721734239972
4015000 -1.59826781936718
4016000 -1.59599106927179
4017000 -1.60044174672926
4018000 -1.59728665629196
4019000 -1.59031893387754
4020000 -1.6109958563254
4021000 -1.60169574027476
4022000 -1.58917861775832
4023000 -1.61151885296261
4024000 -1.60589498490728
4025000 -1.57640536234085
4026000 -1.61144300637195
4027000 -1.62035842391472
4028000 -1.58456570481795
4029000 -1.57870195339003
4030000 -1.63345906460554
4031000 -1.58797621142643
4032000 -1.56158151807797
4033000 -1.6269223709758
4034000 -1.61791150671107
4035000 -1.57355625844737
4036000 -1.60095043529859
4037000 -1.63078867360792
4038000 -1.5747272162366
4039000 -1.59257169420822
4040000 -1.62895160050507
4041000 -1.59069009271847
4042000 -1.58510399650372
4043000 -1.63044210643334
4044000 -1.60845266778798
4045000 -1.58534517332369
4046000 -1.62469531147083
4047000 -1.60545785131295
4048000 -1.57922645682184
4049000 -1.6213344956345
4050000 -1.62544972883917
4051000 -1.57368987123838
4052000 -1.61141491885207
4053000 -1.62672775758926
4054000 -1.57772077141496
4055000 -1.59898836610053
4056000 -1.63828735167939
4057000 -1.59290957747438
4058000 -1.59983350375148
4059000 -1.66093412353964
4060000 -1.60219881836035
4061000 -1.5836753142393
4062000 -1.64409227424799
4063000 -1.62541912633529
4064000 -1.56680768050674
4065000 -1.62649146435383
4066000 -1.64874711028568
4067000 -1.58260985768198
4068000 -1.60794101924946
4069000 -1.66277970628888
4070000 -1.60136632034961
4071000 -1.59941243461927
4072000 -1.65587562072369
4073000 -1.62207015376
4074000 -1.59013953684359
4075000 -1.63803436518268
4076000 -1.64638056611257
4077000 -1.59430147108274
4078000 -1.62373126256307
4079000 -1.64186298393823
4080000 -1.60976570477121
4081000 -1.613074398384
4082000 -1.62963601693876
4083000 -1.61230015792457
4084000 -1.61308991719327
4085000 -1.63345984049984
4086000 -1.60648334223855
4087000 -1.61722823111462
4088000 -1.63637407772853
4089000 -1.607746282759
4090000 -1.63122089015497
4091000 -1.65592813147753
4092000 -1.61218024795969
4093000 -1.61747135364849
4094000 -1.64452805496364
4095000 -1.62908037592567
4096000 -1.61140710553165
4097000 -1.65344223751544
4098000 -1.64245380851802
4099000 -1.6005516314924
4100000 -1.64322255286336
4101000 -1.64773928778069
4102000 -1.6026579149761
4103000 -1.62232526465025
4104000 -1.66350765659891
4105000 -1.62108124649133
4106000 -1.61277745901163
4107000 -1.64591273760692
4108000 -1.6225716004144
4109000 -1.61663409231162
4110000 -1.64749480377859
4111000 -1.62686059259551
4112000 -1.62459818857128
4113000 -1.64546820123142
4114000 -1.63288160963418
4115000 -1.61332382063752
4116000 -1.64349189857919
4117000 -1.641780039561
4118000 -1.61261707601667
4119000 -1.64264606537388
4120000 -1.65153818500467
4121000 -1.60954744344861
4122000 -1.63864129898496
4123000 -1.66217761773484
4124000 -1.62111524830204
4125000 -1.63215612045226
4126000 -1.66401621930287
4127000 -1.62098833900366
4128000 -1.61955015136077
4129000 -1.67178557537005
4130000 -1.63769606382338
4131000 -1.61649539611545
4132000 -1.67820070281144
4133000 -1.644846764052
4134000 -1.60366365222408
4135000 -1.65313326459289
4136000 -1.66267850495308
4137000 -1.61839862583966
4138000 -1.63998527551745
4139000 -1.66750661741636
4140000 -1.62896813786916
4141000 -1.63255457975337
4142000 -1.67044367659529
4143000 -1.64202701194038
4144000 -1.62482056080319
4145000 -1.6504105329025
4146000 -1.66405412513057
4147000 -1.63060697198235
4148000 -1.6475637703807
4149000 -1.653616639778
4150000 -1.6400040671657
4151000 -1.64109427984203
4152000 -1.65131386699001
4153000 -1.65001705966523
4154000 -1.64899480098579
4155000 -1.64994948126259
4156000 -1.64324450110252
4157000 -1.63614809899077
4158000 -1.65997142162629
4159000 -1.64309797428493
4160000 -1.64552772347141
4161000 -1.65671140711493
4162000 -1.64666871338632
4163000 -1.65479576923571
4164000 -1.65921571753995
4165000 -1.63636847610693
4166000 -1.64212884409459
4167000 -1.67154386276685
4168000 -1.65969735731303
4169000 -1.64950621572633
4170000 -1.66577699397335
4171000 -1.66272657474594
4172000 -1.63215222483877
4173000 -1.65986977123189
4174000 -1.66776689582085
4175000 -1.65557912335486
4176000 -1.66643727858421
4177000 -1.67136678162085
4178000 -1.64906644319602
4179000 -1.65645131961331
4180000 -1.66583164824573
4181000 -1.643365438817
4182000 -1.66466030369448
4183000 -1.67084976133122
4184000 -1.66266527019018
4185000 -1.66186792620838
4186000 -1.66826825905318
4187000 -1.65480543948961
4188000 -1.65438585476407
4189000 -1.67743696564147
4190000 -1.66261887003056
4191000 -1.65078370951294
4192000 -1.67714694900364
4193000 -1.65648926707693
4194000 -1.63857481164957
4195000 -1.67306627505143
4196000 -1.68222563592889
4197000 -1.64579548228917
4198000 -1.67058797831856
4199000 -1.6927181365485
4200000 -1.64159751450382
4201000 -1.65186134144324
4202000 -1.68046455052351
4203000 -1.65711983542152
4204000 -1.65030534675831
4205000 -1.69051262941199
4206000 -1.6757829522378
4207000 -1.65174218345107
4208000 -1.68282966109015
4209000 -1.66998021569266
4210000 -1.65582264583779
4211000 -1.6627968361346
4212000 -1.67813079657457
4213000 -1.67187333331799
4214000 -1.66885735206833
4215000 -1.68174400113768
4216000 -1.673520998784
4217000 -1.67128426041629
4218000 -1.67213460583099
4219000 -1.6781457319989
4220000 -1.6707904415367
4221000 -1.66356126265059
4222000 -1.67132863749691
4223000 -1.68358730058073
4224000 -1.66408028832595
4225000 -1.67181629430452
4226000 -1.68756362954403
4227000 -1.68078387981793
4228000 -1.65307946300983
4229000 -1.68042363813425
4230000 -1.70766835667838
4231000 -1.6607513237208
4232000 -1.67172921729366
4233000 -1.69663365795484
4234000 -1.65995538460847
4235000 -1.65955133143122
4236000 -1.70587901854666
4237000 -1.6820265558983
4238000 -1.66069777888483
4239000 -1.69380634760949
4240000 -1.69989495759058
4241000 -1.65634825196491
4242000 -1.68019685152192
4243000 -1.70442169591563
4244000 -1.67255475205848
4245000 -1.6690773615725
4246000 -1.70576194587579
4247000 -1.68348872187135
4248000 -1.66697943666479
4249000 -1.70728312318665
4250000 -1.68754635696646
4251000 -1.67173892449704
4252000 -1.71262769365952
4253000 -1.68803234919026
4254000 -1.65501940940992
4255000 -1.70181732408198
4256000 -1.69418766866407
4257000 -1.65898960071438
4258000 -1.70156371006364
4259000 -1.70494760875237
4260000 -1.66475080831983
4261000 -1.70362405232102
4262000 -1.71047474647444
4263000 -1.68822040480039
4264000 -1.68964005131073
4265000 -1.69858520114426
4266000 -1.67341783241098
4267000 -1.68585596732387
4268000 -1.7131446234505
4269000 -1.68205158549543
4270000 -1.68468365704447
4271000 -1.70187692769558
4272000 -1.68391300850368
4273000 -1.69316855764931
4274000 -1.71078733270585
4275000 -1.69252491505052
4276000 -1.68801794710315
4277000 -1.70283499932076
4278000 -1.69915043976981
4279000 -1.68910099024217
4280000 -1.70102391086403
4281000 -1.69528851172793
4282000 -1.69330573328602
4283000 -1.70265799148192
4284000 -1.69772568953008
4285000 -1.69063620663214
4286000 -1.70379386731442
4287000 -1.69837397667471
4288000 -1.68091752026089
4289000 -1.7152507479828
4290000 -1.69781085644657
4291000 -1.69072000106664
4292000 -1.71718333218796
4293000 -1.69779233797117
4294000 -1.68505860609786
4295000 -1.71304038681704
4296000 -1.71941214510053
4297000 -1.68733075396268
4298000 -1.71553623885346
4299000 -1.72099511976751
4300000 -1.68178050044442
4301000 -1.69269195192981
4302000 -1.74138679607339
4303000 -1.69793333085985
4304000 -1.6978683750792
4305000 -1.72011898577614
4306000 -1.71830809751203
4307000 -1.68696884659743
4308000 -1.71163863757356
4309000 -1.71748216343756
4310000 -1.70739499456971
4311000 -1.71325487489744
4312000 -1.71986319034099
4313000 -1.71412700503281
4314000 -1.70600101883723
4315000 -1.724821062372
4316000 -1.71395057484719
4317000 -1.70702035599073
4318000 -1.71344844970919
4319000 -1.71183074224377
4320000 -1.72336306195305
4321000 -1.71509163449146
4322000 -1.71707641149252
4323000 -1.71870541268486
4324000 -1.71519906664318
4325000 -1.71138612915351
4326000 -1.72753828239476
4327000 -1.72158242305312
4328000 -1.70232583837118
4329000 -1.72213782340671
4330000 -1.72919949847663
4331000 -1.70439155688614
4332000 -1.72161160201858
4333000 -1.7324916306575
4334000 -1.70255878144251
4335000 -1.70991429359908
4336000 -1.73331034274432
4337000 -1.72049964406296
4338000 -1.71127687178095
4339000 -1.73294688380758
4340000 -1.72846433003032
4341000 -1.70251674034053
4342000 -1.73755293619533
4343000 -1.73029594748061
4344000 -1.70890622277527
4345000 -1.72470116025058
4346000 -1.743052278602
4347000 -1.71431120236793
4348000 -1.72516604821473
4349000 -1.74698582118622
4350000 -1.71689130465315
4351000 -1.71727877858452
4352000 -1.74538042093925
4353000 -1.72894563117113
4354000 -1.72185384526317
4355000 -1.73835912125291
4356000 -1.72698708708707
4357000 -1.72797879141307
4358000 -1.74469485218744
4359000 -1.72560453405395
4360000 -1.72650346673114
4361000 -1.74294590976494
4362000 -1.72896207953815
4363000 -1.71972648907598
4364000 -1.73955110691982
4365000 -1.73270542136738
4366000 -1.72392915570053
4367000 -1.75198734351258
4368000 -1.73245334633881
4369000 -1.72391990314209
4370000 -1.74717975199543
4371000 -1.72269924493334
4372000 -1.72256523884088
4373000 -1.7468293462594
4374000 -1.73019922816986
4375000 -1.73480586750646
4376000 -1.74207609151801
4377000 -1.73090983581218
4378000 -1.72146827985835
4379000 -1.73461537088935
4380000 -1.73795397839974
4381000 -1.72497242058923
4382000 -1.73487052587017
4383000 -1.74850538480756
4384000 -1.74835744122492
4385000 -1.73070137165692
4386000 -1.74874914852938
4387000 -1.73817785334191
4388000 -1.73388405103195
4389000 -1.74430343882222
4390000 -1.74813327114903
4391000 -1.74569977866783
4392000 -1.73962330415648
4393000 -1.74385221012046
4394000 -1.73657126431667
4395000 -1.74955870282026
4396000 -1.74604466792349
4397000 -1.73770480311918
4398000 -1.74854241975177
4399000 -1.74557856591924
4400000 -1.72744795198569
4401000 -1.75615372910184
4402000 -1.75722490058104
4403000 -1.74039581209295
4404000 -1.75020530460216
4405000 -1.7530415253796
4406000 -1.73839851434748
4407000 -1.73980473309901
4408000 -1.75351536104547
4409000 -1.73874310198089
4410000 -1.75832830630408
4411000 -1.75435575710605
4412000 -1.74668051045847
4413000 -1.76538691778504
4414000 -1.74016883583279
4415000 -1.75417628475092
4416000 -1.7745025433291
4417000 -1.73992027746342
4418000 -1.74712254665417
4419000 -1.77813014618745
4420000 -1.74758343575006
4421000 -1.73325367973905
4422000 -1.7749136217249
4423000 -1.75395282211478
4424000 -1.73185814518917
4425000 -1.7706798371167
4426000 -1.77200470116068
4427000 -1.73779961161871
4428000 -1.76794982530391
4429000 -1.77353138760087
4430000 -1.73737606324198
4431000 -1.76928942062927
4432000 -1.78451484832967
4433000 -1.73692841212357
4434000 -1.75830675652963
4435000 -1.78454908398416
4436000 -1.74776005215719
4437000 -1.75025715178386
4438000 -1.77432266570543
4439000 -1.75627750298511
4440000 -1.76542937431583
4441000 -1.7812520766318
4442000 -1.74754977964066
4443000 -1.76466715897545
4444000 -1.76502957165024
4445000 -1.75783927628677
4446000 -1.77196975571347
4447000 -1.76665751016233
4448000 -1.75544125235908
4449000 -1.76559037708908
4450000 -1.76011063019156
4451000 -1.75344908745774
4452000 -1.76976247029799
4453000 -1.77380009039379
4454000 -1.75659383846724
4455000 -1.76450988973002
4456000 -1.77668108548525
4457000 -1.75034536715029
4458000 -1.77916379763998
4459000 -1.79183780483903
4460000 -1.74388842637239
4461000 -1.75626575463959
4462000 -1.79151249822047
4463000 -1.75096587146374
4464000 -1.76149197180994
4465000 -1.80203544574458
4466000 -1.75788494734786
4467000 -1.75238829964381
4468000 -1.7971281949446
4469000 -1.77740738658754
4470000 -1.73668132552949
4471000 -1.79093918787367
4472000 -1.79678446134311
4473000 -1.74629537166668
4474000 -1.7879202809053
4475000 -1.79485269822219
4476000 -1.75629642170603
4477000 -1.77993624616148
4478000 -1.80070966694315
4479000 -1.76208702963963
4480000 -1.77641087164195
4481000 -1.79856372065997
4482000 -1.76700817172142
4483000 -1.77708311295327
4484000 -1.78322613758516
4485000 -1.76970359086658
4486000 -1.79279821125568
4487000 -1.78734131357674
4488000 -1.76884162508806
4489000 -1.78666045874222
4490000 -1.79685043784001
4491000 -1.76150901810872
4492000 -1.78489521126453
4493000 -1.7999716515669
4494000 -1.7660030479458
4495000 -1.79265064802709
4496000 -1.80040059046481
4497000 -1.75760609150005
4498000 -1.79209260473845
4499000 -1.79867702925523
4500000 -1.76433143743246
4501000 -1.78929939891069
4502000 -1.81482702604746
4503000 -1.7759419230698
4504000 -1.77510713426934
4505000 -1.80006580804059
4506000 -1.77228048159259
4507000 -1.77900249534836
4508000 -1.80636477800145
4509000 -1.78111869473134
4510000 -1.77685390248598
4511000 -1.81717074447383
4512000 -1.78792577908397
4513000 -1.77695444664612
4514000 -1.82143944904097
4515000 -1.78440318370097
4516000 -1.78488648398283
4517000 -1.80956213942147
4518000 -1.77849114879197
4519000 -1.77579391206769
4520000 -1.81491066748605
4521000 -1.79236815716164
4522000 -1.76933777730702
4523000 -1.82173329649363
4524000 -1.80070648285529
4525000 -1.75637269017198
4526000 -1.81612102720667
4527000 -1.80083231835295
4528000 -1.76375323457463
4529000 -1.81962343656338
4530000 -1.80000426551634
4531000 -1.7558989440575
4532000 -1.81627614713292
4533000 -1.81837630718872
4534000 -1.76112102614949
4535000 -1.81832965269107
4536000 -1.82834578956325
4537000 -1.76618378221895
4538000 -1.81078934373945
4539000 -1.82266586485796
4540000 -1.76550165603229
4541000 -1.79577946549944
4542000 -1.8253350178523
4543000 -1.78313172264612
4544000 -1.81961190864371
4545000 -1.81379491122546
4546000 -1.77989143055056
4547000 -1.80823561368728
4548000 -1.80871659059006
4549000 -1.771064851977
4550000 -1.81794412447758
4551000 -1.81119009829274
4552000 -1.78401038234898
4553000 -1.82190364107182
4554000 -1.82799798588019
4555000 -1.77383626219174
4556000 -1.82529896033937
4557000 -1.82741901249952
4558000 -1.77649323186029
4559000 -1.80943337094309
4560000 -1.83771669823626
4561000 -1.77480944576601
4562000 -1.80951922227162
4563000 -1.82577579014827
4564000 -1.77084953697303
4565000 -1.80899054312783
4566000 -1.83020552257044
4567000 -1.7854361675785
4568000 -1.80242387055
4569000 -1.82868315614427
4570000 -1.78908904176656
4571000 -1.80211713646118
4572000 -1.84079550149323
4573000 -1.7914783052209
4574000 -1.80267156821233
4575000 -1.83245778808856
4576000 -1.80718755234388
4577000 -1.80359473743948
4578000 -1.82796033179551
4579000 -1.80028097212999
4580000 -1.82804952749751
4581000 -1.83518889974742
4582000 -1.78959464837396
4583000 -1.82658719974855
4584000 -1.83538333369364
4585000 -1.78573295543107
4586000 -1.83699763666209
4587000 -1.83637487478068
4588000 -1.78791316885432
4589000 -1.83206071422263
4590000 -1.84393576077262
4591000 -1.78324620461102
4592000 -1.82822726347179
4593000 -1.84891755281133
4594000 -1.79775862700955
4595000 -1.81946995303075
4596000 -1.8566383621351
4597000 -1.79945375776986
4598000 -1.82245145151243
4599000 -1.86199906993144
4600000 -1.78995509317202
4601000 -1.81977889797317
4602000 -1.8450921444805
4603000 -1.79940333588726
4604000 -1.83074579359921
4605000 -1.85299204761649
4606000 -1.79842530462917
4607000 -1.82189446919744
4608000 -1.85991560149193
4609000 -1.80667852160328
4610000 -1.8164190068002
4611000 -1.84898246261518
4612000 -1.81655665075429
4613000 -1.82295032917418
4614000 -1.84679306229145
4615000 -1.81541364609506
4616000 -1.82516498616667
4617000 -1.85160771897504
4618000 -1.80916005056005
4619000 -1.81779162527477
4620000 -1.85976693628619
4621000 -1.81366529786562
4622000 -1.83202260197503
4623000 -1.85987271521606
4624000 -1.82283931285157
4625000 -1.82697010087245
4626000 -1.86075509688402
4627000 -1.81561655521285
4628000 -1.82261249958864
4629000 -1.86312917115127
4630000 -1.81956728966928
4631000 -1.83105383015596
4632000 -1.86423468871418
4633000 -1.82344502863077
4634000 -1.8196546797459
4635000 -1.85045289201265
4636000 -1.8294967811454
4637000 -1.83731211640246
4638000 -1.86615255513349
4639000 -1.8264957271911
4640000 -1.84215107857392
4641000 -1.85318771693723
4642000 -1.82578142762743
4643000 -1.83725891705808
4644000 -1.85977465789813
4645000 -1.8199934646847
4646000 -1.83890247618724
4647000 -1.86821443363329
4648000 -1.81829019380424
4649000 -1.84408202698315
4650000 -1.87311674647235
4651000 -1.81427455068761
4652000 -1.8311604401542
4653000 -1.8819875664661
4654000 -1.81881112459715
4655000 -1.83201613333866
4656000 -1.88705384941981
4657000 -1.81534454979128
4658000 -1.83189119531059
4659000 -1.88554557797554
4660000 -1.82754519040735
4661000 -1.83304912456565
4662000 -1.86271235961635
4663000 -1.8306208860379
4664000 -1.83686193051056
4665000 -1.87079926288625
4666000 -1.83458967979803
4667000 -1.84568026401015
4668000 -1.86494144226232
4669000 -1.83269734321091
4670000 -1.85732829149698
4671000 -1.86869784532338
4672000 -1.83254403237607
4673000 -1.87624587177772
4674000 -1.86769309201148
4675000 -1.81835952193474
4676000 -1.86548637218207
4677000 -1.85955329015499
4678000 -1.81806900588902
4679000 -1.86965712948458
4680000 -1.87486236526471
4681000 -1.81871893368972
4682000 -1.86759373837561
4683000 -1.8772803549964
4684000 -1.82394306711365
4685000 -1.86006101640192
4686000 -1.87740845147213
4687000 -1.83425758833721
4688000 -1.8649808987153
4689000 -1.86994180675632
4690000 -1.82435649093731
4691000 -1.87774539195284
4692000 -1.87838009363384
4693000 -1.84783442564596
4694000 -1.85319378418431
4695000 -1.88303884305187
4696000 -1.84976627102594
4697000 -1.8702218944253
4698000 -1.88825635274321
4699000 -1.84377201438086
4700000 -1.86953152404861
4701000 -1.88284122032436
4702000 -1.84183899024984
4703000 -1.86484848518085
4704000 -1.88551449930408
4705000 -1.84651980091184
4706000 -1.87316785025191
4707000 -1.86746923405624
4708000 -1.83773165948647
4709000 -1.88890205238839
4710000 -1.8682184077206
4711000 -1.8453255855719
4712000 -1.88002400051601
4713000 -1.86279489386592
4714000 -1.85364259333349
4715000 -1.89017397507664
4716000 -1.87672805572855
4717000 -1.85705652184532
4718000 -1.88544370984161
4719000 -1.87431232533085
4720000 -1.85723163449367
4721000 -1.8898571228993
4722000 -1.86844419567652
4723000 -1.85632882244449
4724000 -1.89683961739016
4725000 -1.87463756149716
4726000 -1.86440058871033
4727000 -1.88287757283003
4728000 -1.86146557932127
4729000 -1.85567640693427
4730000 -1.90101664355028
4731000 -1.87046526521263
4732000 -1.87226032627397
4733000 -1.90058916132771
4734000 -1.87128740170027
4735000 -1.87523512818932
4736000 -1.90550235601007
4737000 -1.85831968186537
4738000 -1.86934042250489
4739000 -1.91736498247572
4740000 -1.86676874762553
4741000 -1.8738352965078
4742000 -1.91010823491385
4743000 -1.876516221502
4744000 -1.86437685559118
4745000 -1.9132988770699
4746000 -1.88061622642818
4747000 -1.86491254054472
4748000 -1.90290426149949
4749000 -1.89413595215073
4750000 -1.86771195197876
4751000 -1.88937161405421
4752000 -1.89040643087189
4753000 -1.87145732224605
4754000 -1.88498276320454
4755000 -1.89475929659608
4756000 -1.88122887460447
4757000 -1.88948322882953
4758000 -1.88637586860993
4759000 -1.89089237769834
4760000 -1.87576307079024
4761000 -1.89143636181848
4762000 -1.89362220211722
4763000 -1.89294428937528
4764000 -1.88157269628538
4765000 -1.89288143315638
4766000 -1.89696941625951
4767000 -1.87567742499678
4768000 -1.89871143683269
4769000 -1.89048873982701
4770000 -1.88635023333523
4771000 -1.88995080128499
4772000 -1.90759819451312
4773000 -1.88765228232306
4774000 -1.89228464867363
4775000 -1.90384987057312
4776000 -1.88752787439161
4777000 -1.89595807216691
4778000 -1.90262059378191
4779000 -1.90061782928614
4780000 -1.89318560189417
4781000 -1.89826430956354
4782000 -1.8946181508297
4783000 -1.88861692447824
4784000 -1.88926808303833
4785000 -1.92343527360978
4786000 -1.9045210314695
4787000 -1.89193443061937
4788000 -1.91030743830675
4789000 -1.8926806566897
4790000 -1.89107949210831
4791000 -1.8968901523566
4792000 -1.90635534685525
4793000 -1.88909139077868
4794000 -1.89413848909297
4795000 -1.91020178395695
4796000 -1.88617369446566
4797000 -1.89739080471276
4798000 -1.90372025887776
4799000 -1.89807643447734
4800000 -1.8928756729918
4801000 -1.91220695117367
4802000 -1.9126501813705
4803000 -1.88181601154662
4804000 -1.92112162025115
4805000 -1.90608503842444
4806000 -1.89603957686037
4807000 -1.9038314204724
4808000 -1.92266851567769
4809000 -1.89783229631359
4810000 -1.90712531252456
4811000 -1.91024186998536
4812000 -1.89897069563596
4813000 -1.9056324268919
4814000 -1.92506496638523
4815000 -1.90311863392742
4816000 -1.91371708712226
4817000 -1.91247938046666
4818000 -1.9048971077451
4819000 -1.91229806481508
4820000 -1.89899669956164
4821000 -1.92302121703819
4822000 -1.91513789034651
4823000 -1.90788597546916
4824000 -1.9069623060245
4825000 -1.90880234983177
4826000 -1.90624509927449
4827000 -1.91114733088307
4828000 -1.92972967694287
4829000 -1.91138939747515
4830000 -1.9141120551288
4831000 -1.92405080040243
4832000 -1.90977219179315
4833000 -1.91224438127012
4834000 -1.92590472681887
4835000 -1.92003282214032
4836000 -1.91337804651185
4837000 -1.92333597011697
4838000 -1.90829780171686
4839000 -1.92028757189964
4840000 -1.92785626127956
4841000 -1.91999239173706
4842000 -1.93285322034534
4843000 -1.93073852396478
4844000 -1.91496889469481
4845000 -1.92513585862774
4846000 -1.90863055674378
4847000 -1.92365673097456
4848000 -1.92017698661421
4849000 -1.93908981903519
4850000 -1.93232121327153
4851000 -1.90818688100466
4852000 -1.92183955520113
4853000 -1.93160751553157
4854000 -1.92144167892875
4855000 -1.92801780325578
4856000 -1.92810325940704
4857000 -1.92176624860481
4858000 -1.92017407029337
4859000 -1.9311209346648
4860000 -1.93413242519726
4861000 -1.93962954619395
4862000 -1.921524703726
4863000 -1.9293741786105
4864000 -1.93606921477604
4865000 -1.91553876777802
4866000 -1.93958775316281
4867000 -1.94427173131728
4868000 -1.91231837970123
4869000 -1.93787960321125
4870000 -1.94433044432174
4871000 -1.924791115458
4872000 -1.92798326763852
4873000 -1.96440364056769
4874000 -1.90970181600787
4875000 -1.94386613634521
4876000 -1.95331040892736
4877000 -1.90667728121718
4878000 -1.93151496255186
4879000 -1.9576599874509
4880000 -1.93217444407211
4881000 -1.93565469916635
4882000 -1.95912547158967
4883000 -1.91764417220174
4884000 -1.93752136667402
4885000 -1.95111922125315
4886000 -1.91951793307617
4887000 -1.95147829005013
4888000 -1.95189184927675
4889000 -1.91292007168596
4890000 -1.95402579007305
4891000 -1.9450232371531
4892000 -1.91214801584912
4893000 -1.97114241976319
4894000 -1.94693889195851
4895000 -1.89759585136334
4896000 -1.98209402581056
4897000 -1.94295840939109
4898000 -1.92106551040579
4899000 -1.96779576275263
4900000 -1.94837178436877
4901000 -1.92366300240275
4902000 -1.96988693422003
4903000 -1.94249728295517
4904000 -1.92613088663174
4905000 -1.98827221063614
4906000 -1.93800301425159
4907000 -1.93529980908019
4908000 -1.97677074296725
4909000 -1.92887434401859
4910000 -1.93369432242168
4911000 -1.97955688024296
4912000 -1.93536398436425
4913000 -1.94742535539615
4914000 -1.98607568310732
4915000 -1.91936676855901
4916000 -1.95449239468708
4917000 -1.97097629993896
4918000 -1.93114532247387
4919000 -1.96322794160119
4920000 -1.9574686844978
4921000 -1.93851163367979
4922000 -1.95423126252066
4923000 -1.95463453580142
4924000 -1.94971505121294
4925000 -1.97510635409109
4926000 -1.96681851342994
4927000 -1.94370284285163
4928000 -1.96953501905758
4929000 -1.9396883984253
4930000 -1.94150460615086
4931000 -1.97672546722376
4932000 -1.95693509562065
4933000 -1.9535505617384
4934000 -1.98459834180526
4935000 -1.94182971714365
4936000 -1.9509221120267
4937000 -1.98072430704894
4938000 -1.93531861797649
4939000 -1.9603293293454
4940000 -1.98374109466679
4941000 -1.92136452203629
4942000 -1.97736926712438
4943000 -1.97584421572715
4944000 -1.93546992646561
4945000 -1.96844839480246
4946000 -1.98033271593373
4947000 -1.93013352260264
4948000 -1.98599216826306
4949000 -1.99383438499665
4950000 -1.92879856745786
4951000 -1.9892341457222
4952000 -1.99407709847292
4953000 -1.9421407506489
4954000 -1.98029921497893
4955000 -1.98151240292532
4956000 -1.93729167216392
4957000 -1.98140995139442
4958000 -1.98488173098329
4959000 -1.94860868557653
4960000 -1.98073732153741
4961000 -1.97775287344488
4962000 -1.95625882176734
4963000 -1.98230361118302
4964000 -1.95923034149353
4965000 -1.9654694350837
4966000 -1.9961339137124
4967000 -1.94848841932961
4968000 -1.98237331568262
4969000 -1.97886413156892
4970000 -1.95046011823099
4971000 -1.97878085345513
4972000 -1.99895708828418
4973000 -1.94238623556196
4974000 -1.9922399401631
4975000 -1.99068607720773
4976000 -1.94598716505363
4977000 -2.00044725022922
4978000 -1.98199650730193
4979000 -1.95833429117265
4980000 -1.99750166480808
4981000 -1.97563964144977
4982000 -1.95183863234562
4983000 -2.00584061649888
4984000 -1.97350108793584
4985000 -1.96112162182134
4986000 -2.00245675082689
4987000 -1.9638298928798
4988000 -1.9581377091147
4989000 -1.99080076306532
4990000 -1.95435805214913
4991000 -1.97839386878883
4992000 -2.01710305968949
4993000 -1.95694070648218
4994000 -1.98252245609245
4995000 -2.00046349967285
4996000 -1.94740508394603
4997000 -1.99601325706967
4998000 -2.00530825017142
4999000 -1.95851922689933
5000000 -2.01359202173892
5001000 -1.99468000592882
5002000 -1.96538819510646
5003000 -2.00500462305948
5004000 -1.99094286935455
5005000 -1.9781898974552
5006000 -2.01101977505496
5007000 -1.98920381794966
5008000 -1.97853270637192
5009000 -2.02044309706627
5010000 -1.95815740842134
5011000 -2.00302652404509
5012000 -2.01468320469904
5013000 -1.95707952410159
5014000 -1.99157172872727
5015000 -2.01750132287856
5016000 -1.95745755950916
5017000 -2.00222506990873
5018000 -2.02966477225593
5019000 -1.9452374440398
5020000 -2.00137296874008
5021000 -2.01362375867676
5022000 -1.94289074865993
5023000 -2.01365478075672
5024000 -2.01594521294216
5025000 -1.97127209810608
5026000 -2.00361407011486
5027000 -2.01006583933439
5028000 -1.97587152183588
5029000 -2.01078734583793
5030000 -1.99377257965029
5031000 -1.98285028364065
5032000 -2.0231164105622
5033000 -1.9880350869066
5034000 -1.98814132129807
5035000 -2.02409578397426
5036000 -1.97336617724936
5037000 -1.98383905682269
5038000 -2.03142412063299
5039000 -1.97811299441846
5040000 -1.98932004364625
5041000 -2.03081009472046
5042000 -1.97121758150834
5043000 -2.0005279787356
5044000 -2.02573286015948
5045000 -1.95604431413225
5046000 -2.00142276985107
5047000 -2.01970438860524
5048000 -1.98135639790502
5049000 -2.01208899167623
5050000 -2.01027481937401
5051000 -1.9841269147646
5052000 -2.01981680298775
5053000 -2.0144100680027
5054000 -1.97943003864808
5055000 -2.01854632861633
5056000 -2.00762549229992
5057000 -2.00271021293829
5058000 -2.0248914306108
5059000 -1.98845695054745
5060000 -2.00990932924033
5061000 -2.01472138205081
5062000 -1.98791956903046
5063000 -2.02146328108599
5064000 -2.02184520363527
5065000 -1.97350195064264
5066000 -2.03396796415959
5067000 -2.01454177782927
5068000 -1.97909456445818
5069000 -2.03348478417363
5070000 -2.01132075845779
5071000 -1.97722852171436
5072000 -2.04177370673121
5073000 -2.0165890303754
5074000 -1.98805454663676
5075000 -2.0471547454223
5076000 -2.00259037060497
5077000 -2.00338308234388
5078000 -2.03884072300088
5079000 -1.99850798447941
5080000 -2.00397203160597
5081000 -2.03157141814126
5082000 -1.98921434208948
5083000 -2.01678157454966
5084000 -2.02942150683793
5085000 -1.99921166832835
5086000 -2.03847215778525
5087000 -2.01782669102693
5088000 -1.99666269372948
5089000 -2.0389906774951
5090000 -2.02141518602552
5091000 -1.99171600763518
5092000 -2.04307734487306
5093000 -2.01217873944626
5094000 -2.00293119048489
5095000 -2.05751328859108
5096000 -1.98558764740236
5097000 -2.01856352472257
5098000 -2.03985390270304
5099000 -1.99993393031117
5100000 -2.0195766104746
5101000 -2.04469628158707
5102000 -1.99970634789598
5103000 -2.02423256898474
5104000 -2.05276969494476
5105000 -1.98232648829034
5106000 -2.05547371672789
5107000 -2.01328170263195
5108000 -2.00588510308193
5109000 -2.06403214389293
5110000 -2.01196180046208
5111000 -1.99627231180358
5112000 -2.06658522639753
5113000 -2.0128438161862
5114000 -2.00203577944941
5115000 -2.06470676162402
5116000 -2.00181227891482
5117000 -2.02245690377745
5118000 -2.06558781476856
5119000 -1.99622952773195
5120000 -2.03599857673667
5121000 -2.04547338645171
5122000 -1.99307314182304
5123000 -2.05099557683118
5124000 -2.05017899569125
5125000 -2.01087553683721
5126000 -2.05581164198488
5127000 -2.03317012393992
5128000 -2.00653670960221
5129000 -2.07649742759495
5130000 -2.02267489934999
5131000 -2.02482763679192
5132000 -2.06932087265081
5133000 -2.00324395026251
5134000 -2.0337243881486
5135000 -2.0718101128595
5136000 -1.99219978116743
5137000 -2.02484114668933
5138000 -2.09116655525429
5139000 -1.9956474584131
5140000 -2.05494414761017
5141000 -2.06197432075768
5142000 -2.00432504225231
5143000 -2.05023312360979
5144000 -2.05555129772499
5145000 -2.01447878364263
5146000 -2.05450314991262
5147000 -2.03941196507066
5148000 -2.00845193308654
5149000 -2.07421628156997
5150000 -2.01377965179503
5151000 -2.0337136326339
5152000 -2.07967518779578
5153000 -2.00848403681939
5154000 -2.04109334284493
5155000 -2.08030642562688
5156000 -1.99847173329809
5157000 -2.04877506001407
5158000 -2.06907188486572
5159000 -2.00494845518569
5160000 -2.0741781719693
5161000 -2.05758870276707
5162000 -2.00897367433271
5163000 -2.08009510256589
5164000 -2.04693024776261
5165000 -2.01426874039411
5166000 -2.07994339361333
5167000 -2.03202141852605
5168000 -2.03247149527264
5169000 -2.07507855316956
5170000 -2.02936163807696
5171000 -2.04526404117792
5172000 -2.07400383285303
5173000 -2.02372817431217
5174000 -2.05936605076207
5175000 -2.06793275125442
5176000 -2.01411500363426
5177000 -2.08229383286979
5178000 -2.04783740613364
5179000 -2.02609055528316
5180000 -2.08468704142466
5181000 -2.04969172191641
5182000 -2.02358350325344
5183000 -2.08174788511306
5184000 -2.04041715617229
5185000 -2.03393689462325
5186000 -2.10825033400421
5187000 -2.03516424618571
5188000 -2.04484243940937
5189000 -2.10059792220367
5190000 -2.02585453357703
5191000 -2.05640088534412
5192000 -2.08245080498734
5193000 -2.03320038851868
5194000 -2.06970085237114
5195000 -2.07979278885212
5196000 -2.02701157465908
5197000 -2.07481924236701
5198000 -2.05813747568169
5199000 -2.03763637663758
5200000 -2.09293860404322
5201000 -2.05538523462723
5202000 -2.03759762412729
5203000 -2.09727298663043
5204000 -2.03090881156386
5205000 -2.06425538138399
5206000 -2.0986440792545
5207000 -2.02287791069113
5208000 -2.0800807692596
5209000 -2.09138246309554
5210000 -2.02357369097427
5211000 -2.09429984549101
5212000 -2.07909996231621
5213000 -2.04758742287891
5214000 -2.08814756932565
5215000 -2.05393445498299
5216000 -2.04195798286088
5217000 -2.10828225433201
5218000 -2.0593883936685
5219000 -2.03873077499665
5220000 -2.11137055592142
5221000 -2.03120540095947
5222000 -2.06746790135788
5223000 -2.11255928777915
5224000 -2.0449199621761
5225000 -2.08419053103481
5226000 -2.09537866393923
5227000 -2.04789276035852
5228000 -2.09226818790608
5229000 -2.09200393494784
5230000 -2.02710679639012
5231000 -2.12491653203248
5232000 -2.08239888490137
5233000 -2.03554429733994
5234000 -2.11489654602033
5235000 -2.04764501605875
5236000 -2.05889091320097
5237000 -2.11384864087032
5238000 -2.05376082369898
5239000 -2.07184433097171
5240000 -2.11438120738506
5241000 -2.03696558441267
5242000 -2.09170812555617
5243000 -2.1038682128679
5244000 -2.03900339077235
5245000 -2.11431647179175
5246000 -2.09372338659826
5247000 -2.04607222401279
5248000 -2.11856356892757
5249000 -2.07815851636953
5250000 -2.04584458420979
5251000 -2.11836246359702
5252000 -2.0656155122716
5253000 -2.07759812239461
5254000 -2.10870862705325
5255000 -2.07366451256574
5256000 -2.08926406610506
5257000 -2.10694923518524
5258000 -2.06449895698247
5259000 -2.10227560914038
5260000 -2.07715887068358
5261000 -2.06172732271211
5262000 -2.12889328958292
5263000 -2.07888927328038
5264000 -2.06012962726933
5265000 -2.13531722950798
5266000 -2.05829243862802
5267000 -2.08684987347183
5268000 -2.13267041544667
5269000 -2.05585946610104
5270000 -2.09374372484986
5271000 -2.11826138869375
5272000 -2.06295733377867
5273000 -2.08810526397138
5274000 -2.12946449880043
5275000 -2.03266599171489
5276000 -2.11631328150866
5277000 -2.10728971186728
5278000 -2.05365263118362
5279000 -2.1331719108807
5280000 -2.08835249684378
5281000 -2.06999117433535
5282000 -2.12497579376049
5283000 -2.0846487954905
5284000 -2.07106850318623
5285000 -2.13969438289718
5286000 -2.06013813564651
5287000 -2.10822925848232
5288000 -2.11908696934107
5289000 -2.06359476820165
5290000 -2.10987325690598
5291000 -2.12458874923982
5292000 -2.05922866972388
5293000 -2.12869047282906
5294000 -2.11221597210563
5295000 -2.06335544863465
5296000 -2.15200076010735
5297000 -2.07650765792996
5298000 -2.09150661520945
5299000 -2.12775696889312
5300000 -2.07125763055023
5301000 -2.10626680224261
5302000 -2.13828870514207
5303000 -2.07321199841461
5304000 -2.11556427909308
5305000 -2.11553642515627
5306000 -2.07072638077466
5307000 -2.12842882337798
5308000 -2.1162246904993
5309000 -2.08302989404146
5310000 -2.13618868706676
5311000 -2.09600982530467
5312000 -2.08757337405939
5313000 -2.13426513624847
5314000 -2.09143698332748
5315000 -2.10295610568786
5316000 -2.12950123677736
5317000 -2.08390606833594
5318000 -2.10592323380338
5319000 -2.13476095705137
5320000 -2.08034779724035
5321000 -2.12490538798142
5322000 -2.12579273592594
5323000 -2.08225075441045
5324000 -2.13923810625654
5325000 -2.1090117041989
5326000 -2.079102727913
5327000 -2.15288186699478
5328000 -2.09823904266404
5329000 -2.09480871779423
5330000 -2.15348089601696
5331000 -2.09197740558389
5332000 -2.10232725328117
5333000 -2.1406708953827
5334000 -2.08038585387496
5335000 -2.1207695386613
5336000 -2.15070617676848
5337000 -2.09187440089227
5338000 -2.13141294739065
5339000 -2.11847219729275
5340000 -2.0903534682898
5341000 -2.1670790918421
5342000 -2.10250148383386
5343000 -2.11120905882578
5344000 -2.1654650554671
5345000 -2.09708652066397
5346000 -2.10102339241518
5347000 -2.15042769739616
5348000 -2.09688077323792
5349000 -2.11628046843439
5350000 -2.1550475873848
5351000 -2.07183531229691
5352000 -2.14238589016687
5353000 -2.14612652424658
5354000 -2.09883934910183
5355000 -2.15012629599903
5356000 -2.12402325031261
5357000 -2.08732400900403
5358000 -2.15337813882415
5359000 -2.11134680195452
5360000 -2.10845208801296
5361000 -2.15190705496354
5362000 -2.09980779679148
5363000 -2.14370736365828
5364000 -2.14124183167882
5365000 -2.10025114802838
5366000 -2.14030088847357
5367000 -2.13882813091901
5368000 -2.1057834833735
5369000 -2.16700018859538
5370000 -2.10307261611466
5371000 -2.12229012252794
5372000 -2.16611106174881
5373000 -2.10248460549744
5374000 -2.13212101675117
5375000 -2.16506240006752
5376000 -2.08449508592732
5377000 -2.14315989746386
5378000 -2.16069093657161
5379000 -2.08421462049832
5380000 -2.15694930857329
5381000 -2.1350755000896
5382000 -2.08767557440719
5383000 -2.16608611163167
5384000 -2.14129044616221
5385000 -2.11299184304362
5386000 -2.15703561744029
5387000 -2.13905495887819
5388000 -2.12805946143687
5389000 -2.16092329864517
5390000 -2.10995321884034
5391000 -2.14492646631063
5392000 -2.15659518462796
5393000 -2.12535487776822
5394000 -2.14985399549712
5395000 -2.1463985313449
5396000 -2.10192170762248
5397000 -2.17517711217693
5398000 -2.12240806757271
5399000 -2.13252380962448
5400000 -2.17512053386629
5401000 -2.11037752716225
5402000 -2.1488833656823
5403000 -2.15974992134852
5404000 -2.11615196500067
5405000 -2.14520675856641
5406000 -2.17285069011685
5407000 -2.10019822127246
5408000 -2.17644387330205
5409000 -2.15127187019873
5410000 -2.10862522237879
5411000 -2.17437016424744
5412000 -2.15211140583162
5413000 -2.10928660177117
5414000 -2.18158813377266
5415000 -2.13354756726187
5416000 -2.12538992865745
5417000 -2.17675352026241
5418000 -2.11392347539563
5419000 -2.15008615280592
5420000 -2.15856846998573
5421000 -2.12249189348727
5422000 -2.16850033613396
5423000 -2.15635353076636
5424000 -2.1233737069958
5425000 -2.18831264598613
5426000 -2.12204703813409
5427000 -2.12979576227721
5428000 -2.20159266569434
5429000 -2.11354766101152
5430000 -2.15914568633866
5431000 -2.17933031712491
5432000 -2.11090049079915
5433000 -2.16397724862499
5434000 -2.1744432262534
5435000 -2.11598400626603
5436000 -2.19852085071055
5437000 -2.14888714303958
5438000 -2.14511699110366
5439000 -2.19184404686004
5440000 -2.13339033467267
5441000 -2.16755530080963
5442000 -2.18338085747828
5443000 -2.13318539280031
5444000 -2.17016092931139
5445000 -2.17436035845039
5446000 -2.11598843972394
5447000 -2.1933438701687
5448000 -2.15133728525839
5449000 -2.13664011437098
5450000 -2.18848165395725
5451000 -2.13777393465525
5452000 -2.15476716582576
5453000 -2.1802262757479
5454000 -2.13966618570913
5455000 -2.17729527374247
5456000 -2.18595873009495
5457000 -2.12292557661924
5458000 -2.21646826953744
5459000 -2.14435417303098
5460000 -2.15380579633227
5461000 -2.21032973790691
5462000 -2.13780225392086
5463000 -2.15538930201161
5464000 -2.20109742841141
5465000 -2.13648066327033
5466000 -2.18037065554477
5467000 -2.18516513929402
5468000 -2.13316101807205
5469000 -2.18901067271609
5470000 -2.16015959710609
5471000 -2.15691833675663
5472000 -2.19851466271364
5473000 -2.16169452916205
5474000 -2.17005135614623
5475000 -2.19689312653402
5476000 -2.12570383614475
5477000 -2.18659482091645
5478000 -2.1942970194405
5479000 -2.12953362274815
5480000 -2.19925498585121
5481000 -2.161280043994
5482000 -2.15022630937371
5483000 -2.21539633976252
5484000 -2.15226598003243
5485000 -2.1571926397188
5486000 -2.22262537303931
5487000 -2.13718838828586
5488000 -2.18160699341861
5489000 -2.21222443153071
5490000 -2.13520242457938
5491000 -2.2083689202799
5492000 -2.18775066217777
5493000 -2.13887671304273
5494000 -2.23707242755776
5495000 -2.1512135174021
5496000 -2.17919651459587
5497000 -2.21373130876403
5498000 -2.12846156854498
5499000 -2.20379598645311
5500000 -2.207597486263
5501000 -2.13783058412756
5502000 -2.21682054859176
5503000 -2.18704228956187
5504000 -2.15194316869786
5505000 -2.23720460768423
5506000 -2.16056444644462
5507000 -2.18508085334695
5508000 -2.22061287833462
5509000 -2.14713585802838
5510000 -2.20437662093598
5511000 -2.20429106762636
5512000 -2.14670481561677
5513000 -2.22347595606151
5514000 -2.19483044916317
5515000 -2.1547304392853
5516000 -2.22733502965324
5517000 -2.17932255547146
5518000 -2.18854996741034
5519000 -2.21934802133582
5520000 -2.16471561123373
5521000 -2.2047939420148
5522000 -2.20320842957385
5523000 -2.16654317335098
5524000 -2.21924853303592
5525000 -2.18743755807824
5526000 -2.17414308735776
5527000 -2.22731887318317
5528000 -2.16296997963111
5529000 -2.19881283816229
5530000 -2.22363502229746
5531000 -2.15821861421497
5532000 -2.20541122860115
5533000 -2.21244729416619
5534000 -2.15356878363563
5535000 -2.23384173068323
5536000 -2.19605445588292
5537000 -2.17986389172744
5538000 -2.22812269746833
5539000 -2.17817216524844
5540000 -2.19402832320021
5541000 -2.21967612695033
5542000 -2.1823399885633
5543000 -2.21548638304348
5544000 -2.21118805921085
5545000 -2.1748590398465
5546000 -2.2121754925615
5547000 -2.19201878018571
5548000 -2.199241918069
5549000 -2.22174695988877
5550000 -2.19347184522496
5551000 -2.19734372431142
5552000 -2.21482230737178
5553000 -2.17156105829285
5554000 -2.21455236357379
5555000 -2.20567750888028
5556000 -2.18524911295834
5557000 -2.22640711593352
5558000 -2.19991129477518
5559000 -2.1989230703819
5560000 -2.22866751604643
5561000 -2.18926226483477
5562000 -2.21024756376777
5563000 -2.21959700763113
5564000 -2.18630318952897
5565000 -2.23452547950615
5566000 -2.2013958245622
5567000 -2.21207653085181
5568000 -2.23166867799423
5569000 -2.19872012671008
5570000 -2.21106498801289
5571000 -2.21833120840273
5572000 -2.18651025383398
5573000 -2.22296335765591
5574000 -2.22842850782322
5575000 -2.18534872592129
5576000 -2.23743663721015
5577000 -2.21016123608188
5578000 -2.20851273813204
5579000 -2.22980868021449
5580000 -2.20352719509806
5581000 -2.21160607238771
5582000 -2.23266474473053
5583000 -2.18675260807114
5584000 -2.23175874561155
5585000 -2.22252517468913
5586000 -2.18742292733666
5587000 -2.23124675385988
5588000 -2.22885126703773
5589000 -2.19455119632856
5590000 -2.23267195721481
5591000 -2.20729702312719
5592000 -2.21212474983728
5593000 -2.24154112179365
5594000 -2.21565478342866
5595000 -2.23124582158677
5596000 -2.22351238946846
5597000 -2.19836233896379
5598000 -2.23336359457755
5599000 -2.21659026585531
5600000 -2.2116557046435
5601000 -2.22447037418792
5602000 -2.21386635973862
5603000 -2.22852413763906
5604000 -2.233016670749
5605000 -2.21243204588528
5606000 -2.24503580191213
5607000 -2.22755312315648
5608000 -2.20958621284596
5609000 -2.2409108823065
5610000 -2.21183872072978
5611000 -2.20256838920238
5612000 -2.26272229046931
5613000 -2.21227845831554
5614000 -2.21921055859794
5615000 -2.24566761545372
5616000 -2.20053723155921
5617000 -2.23656429456645
5618000 -2.2360523306794
5619000 -2.20882065873973
5620000 -2.24596233232516
5621000 -2.22689035781477
5622000 -2.2223171061242
5623000 -2.22936040295558
5624000 -2.21131802413732
5625000 -2.25284865952951
5626000 -2.24167732829328
5627000 -2.21659503789291
5628000 -2.25086573990673
5629000 -2.2121602531326
5630000 -2.2335957238055
5631000 -2.25449530800487
5632000 -2.20949263659137
5633000 -2.24221169458686
5634000 -2.24884297070653
5635000 -2.21268453060071
5636000 -2.26220086040008
5637000 -2.22977468895851
5638000 -2.20971609273335
5639000 -2.25411865135891
5640000 -2.21514037314208
5641000 -2.24376343590525
5642000 -2.26186888058175
5643000 -2.21861747176892
5644000 -2.25674361095512
5645000 -2.23168702004573
5646000 -2.23659816293401
5647000 -2.25219090963597
5648000 -2.23710229072115
5649000 -2.24832685857627
5650000 -2.239258827142
5651000 -2.21674251035962
5652000 -2.26168663949284
5653000 -2.25029768483102
5654000 -2.21865558938496
5655000 -2.27397651988489
5656000 -2.21357361983213
5657000 -2.26084926242044
5658000 -2.26625820744608
5659000 -2.22312387132557
5660000 -2.25487300813753
5661000 -2.24364869023746
5662000 -2.23301259975421
5663000 -2.26811180482805
5664000 -2.23728104513706
5665000 -2.23943040936142
5666000 -2.27267115901736
5667000 -2.21595039321862
5668000 -2.27031544867553
5669000 -2.25171266250387
5670000 -2.23450433486268
5671000 -2.27085597294494
5672000 -2.2337220579773
5673000 -2.25176206872155
5674000 -2.2663210383221
5675000 -2.22191504663898
5676000 -2.26658757543836
5677000 -2.25768867059137
5678000 -2.23004529747653
5679000 -2.28054105510639
5680000 -2.23976876171172
5681000 -2.25403937974599
5682000 -2.27240824387103
5683000 -2.22264110192375
5684000 -2.27419947442424
5685000 -2.26453058617562
5686000 -2.23937525185647
5687000 -2.28376076947479
5688000 -2.24156815421184
5689000 -2.25523944127
5690000 -2.28216423327628
5691000 -2.21981359040895
5692000 -2.28087637119493
5693000 -2.26581341343834
5694000 -2.24423205195999
5695000 -2.27777318449106
5696000 -2.22873845223827
5697000 -2.2600795962707
5698000 -2.28427147203973
5699000 -2.21885752246106
5700000 -2.27552709130217
5701000 -2.26791229270822
5702000 -2.23346041668413
5703000 -2.29313003043253
5704000 -2.23927247719191
5705000 -2.25583401451581
5706000 -2.28197645854172
5707000 -2.24337639562198
5708000 -2.26930370652962
5709000 -2.26766810211069
5710000 -2.23588324796798
5711000 -2.2877105907493
5712000 -2.24751838677156
5713000 -2.25491611191989
5714000 -2.28566109177393
5715000 -2.25152393432342
5716000 -2.26880625115847
5717000 -2.27439472868232
5718000 -2.22633123438425
5719000 -2.28627849903979
5720000 -2.2626342245928
5721000 -2.25804007604223
5722000 -2.29499038841349
5723000 -2.23375640259956
5724000 -2.27221922588586
5725000 -2.28617499244148
5726000 -2.24486745913691
5727000 -2.29703881684578
5728000 -2.27636324775884
5729000 -2.23902597204951
5730000 -2.29039559325541
5731000 -2.26489752753192
5732000 -2.26243027716323
5733000 -2.29355157479951
5734000 -2.23578418796674
5735000 -2.29836633579143
5736000 -2.27260408870362
5737000 -2.25575339139548
5738000 -2.29736485241568
5739000 -2.26013304296637
5740000 -2.27736971771227
5741000 -2.29398723088117
5742000 -2.24113599623114
5743000 -2.29981895080063
5744000 -2.2784200000563
5745000 -2.2608979159669
5746000 -2.30117865757247
5747000 -2.24724526533974
5748000 -2.28101524688509
5749000 -2.30948524189462
5750000 -2.24594659037322
5751000 -2.30325515286753
5752000 -2.27514900027925
5753000 -2.26720730942291
5754000 -2.30533690147277
5755000 -2.27065869865962
5756000 -2.2774055723428
5757000 -2.29968461238016
5758000 -2.25737726133053
5759000 -2.30970079693653
5760000 -2.27254719651768
5761000 -2.27298792715713
5762000 -2.29846720899079
5763000 -2.28147418657561
5764000 -2.27462381561164
5765000 -2.30580397297384
5766000 -2.26066665283203
5767000 -2.31120880002033
5768000 -2.2952890362075
5769000 -2.2633530982501
5770000 -2.31105453002886
5771000 -2.27843630279929
5772000 -2.27957098722984
5773000 -2.32234655234244
5774000 -2.26600244900844
5775000 -2.29921850198738
5776000 -2.30988295094195
5777000 -2.26281741576326
5778000 -2.31557007549975
5779000 -2.28133139772378
5780000 -2.28840195172255
5781000 -2.31644092898014
5782000 -2.27799559353404
5783000 -2.30141289664422
5784000 -2.31251065897904
5785000 -2.2706582018857
5786000 -2.32142241401124
5787000 -2.29317362390873
5788000 -2.29243080557892
5789000 -2.31224649381063
5790000 -2.26961721068998
5791000 -2.32218720545866
5792000 -2.29796808976437
5793000 -2.28478143706814
5794000 -2.32568972104753
5795000 -2.28649124630484
5796000 -2.29775861388597
5797000 -2.32267486155911
5798000 -2.27647675249053
5799000 -2.31093845957233
5800000 -2.29419882702941
5801000 -2.27826053781848
5802000 -2.30413821272343
5803000 -2.28332645422058
5804000 -2.30705790434685
5805000 -2.31698626519243
5806000 -2.26648996712848
5807000 -2.30836130461765
5808000 -2.31608643050335
5809000 -2.28497638660931
5810000 -2.32332709697671
5811000 -2.28524592775398
5812000 -2.30249801787336
5813000 -2.3203955009391
5814000 -2.29798862239708
5815000 -2.31073379027824
5816000 -2.3117872343378
5817000 -2.28772327013355
5818000 -2.34152808783395
5819000 -2.29766726919008
5820000 -2.30253260580154
5821000 -2.31244287264904
5822000 -2.28483893556467
5823000 -2.3156727532497
5824000 -2.31848597614828
5825000 -2.29937291868061
5826000 -2.32175293207624
5827000 -2.30812672509424
5828000 -2.312071670191
5829000 -2.33443166768686
5830000 -2.29239044201503
5831000 -2.32385672321711
5832000 -2.31225227192447
5833000 -2.30289434731501
5834000 -2.33710519602252
5835000 -2.30995524135483
5836000 -2.32416533762224
5837000 -2.31494753102923
5838000 -2.3059442417602
5839000 -2.33157988484012
5840000 -2.31621421565962
5841000 -2.30099899701738
5842000 -2.34158368907245
5843000 -2.29825413667283
5844000 -2.31848890544632
5845000 -2.34097063071242
5846000 -2.3008713334025
5847000 -2.3392389273521
5848000 -2.32315508903984
5849000 -2.31121290103717
5850000 -2.32117617171299
5851000 -2.31469122778237
5852000 -2.33151026110469
5853000 -2.32214206610568
5854000 -2.31468311015519
5855000 -2.34067816128256
5856000 -2.29906784904379
5857000 -2.34236527115291
5858000 -2.34045804770885
5859000 -2.30069763425946
5860000 -2.35183665943219
5861000 -2.31241683583843
5862000 -2.31314052032393
5863000 -2.34290067599332
5864000 -2.320457238335
5865000 -2.32508235551702
5866000 -2.33957174323593
5867000 -2.31747953858834
5868000 -2.33077952224536
5869000 -2.32981270382387
5870000 -2.33352549186321
5871000 -2.32723377921542
5872000 -2.30810431488787
5873000 -2.34407169998517
5874000 -2.31860032275053
5875000 -2.32590036100992
5876000 -2.35023827141073
5877000 -2.32058945290585
5878000 -2.33295350709566
5879000 -2.3306078982524
5880000 -2.31937552716316
5881000 -2.35283330920796
5882000 -2.32970463008119
5883000 -2.32825251531035
5884000 -2.35075012506525
5885000 -2.31732320268091
5886000 -2.34146987042613
5887000 -2.3504713866197
5888000 -2.30684194599742
5889000 -2.35687746828213
5890000 -2.33332565561697
5891000 -2.32179617760882
5892000 -2.34902180807844
5893000 -2.32931254395306
5894000 -2.34398056543211
5895000 -2.32857862424376
5896000 -2.33213005445626
5897000 -2.35002222091248
5898000 -2.33020771165559
5899000 -2.33519811647873
5900000 -2.35095087357457
5901000 -2.32152812980985
5902000 -2.34699751717482
5903000 -2.35086801938054
5904000 -2.32601920250985
5905000 -2.36119317702735
5906000 -2.32120177093874
5907000 -2.35434869718956
5908000 -2.34312214434343
5909000 -2.33707620833017
5910000 -2.36220721243714
5911000 -2.34363986947715
5912000 -2.33354808992761
5913000 -2.3622655245132
5914000 -2.34764011811089
5915000 -2.35426333947265
5916000 -2.35550773377987
5917000 -2.33963726380734
5918000 -2.36958229786636
5919000 -2.34965644672981
5920000 -2.34312432261565
5921000 -2.37480071897812
5922000 -2.32238618602677
5923000 -2.36432070218071
5924000 -2.36336337332135
5925000 -2.33308093314003
5926000 -2.3823116669846
5927000 -2.3417698398878
5928000 -2.34657830271755
5929000 -2.36918364811279
5930000 -2.34339614205898
5931000 -2.37003405631629
5932000 -2.35588777029227
5933000 -2.33615489479187
5934000 -2.37883777182899
5935000 -2.34897973665059
5936000 -2.35592096102551
5937000 -2.36871502034818
5938000 -2.35700387245069
5939000 -2.36789329510882
5940000 -2.34639303465471
5941000 -2.3574260259422
5942000 -2.37872868825571
5943000 -2.33162874439908
5944000 -2.38201892502862
5945000 -2.37455669196576
5946000 -2.33039750354469
5947000 -2.38395624852879
5948000 -2.36106732629694
5949000 -2.3422735591224
5950000 -2.39115812182066
5951000 -2.33973955095879
5952000 -2.38373630754922
5953000 -2.37608790702473
5954000 -2.34272414880596
5955000 -2.39847385188143
5956000 -2.3412724253862
5957000 -2.36437840239463
5958000 -2.3766477584891
5959000 -2.33894687614885
5960000 -2.39000719938256
5961000 -2.36402475732342
5962000 -2.35435496915276
5963000 -2.39603876258304
5964000 -2.34247485969455
5965000 -2.3834476977163
5966000 -2.38359765326434
5967000 -2.34290425739804
5968000 -2.39788697776876
5969000 -2.34854865116461
5970000 -2.36021804905796
5971000 -2.39483854124619
5972000 -2.34737050174843
5973000 -2.39882964737524
5974000 -2.36572987439916
5975000 -2.35475925534068
5976000 -2.39179037229175
5977000 -2.36386882530288
5978000 -2.38252890904186
5979000 -2.39461774113276
5980000 -2.34055072551086
5981000 -2.40000240623785
5982000 -2.37206660217202
5983000 -2.36228964477245
5984000 -2.41223388317431
5985000 -2.35420953259554
5986000 -2.3768272757626
5987000 -2.39829636384843
5988000 -2.35202763053058
5989000 -2.41325536069266
5990000 -2.37167737086302
5991000 -2.37900590999706
5992000 -2.40141713888685
5993000 -2.350927901075
5994000 -2.3907911702889
5995000 -2.37821292280966
5996000 -2.36483246395356
5997000 -2.40308989360626
5998000 -2.36665277657693
5999000 -2.39279227386517
6000000 -2.3975454722049
6001000 -2.34533974076349
6002000 -2.40718820470855
6003000 -2.38690868649451
6004000 -2.37640294338431
6005000 -2.39941992841694
6006000 -2.35719090706735
6007000 -2.39469836746639
6008000 -2.38856663375171
6009000 -2.37872812042418
6010000 -2.41372098591148
6011000 -2.36509419968698
6012000 -2.38725934631525
6013000 -2.41226258585468
6014000 -2.35210008515279
6015000 -2.41852213618353
6016000 -2.38076997499789
6017000 -2.36637879000171
6018000 -2.41906124714116
6019000 -2.37042967632381
6020000 -2.39538067001079
6021000 -2.40615253258766
6022000 -2.37165083788023
6023000 -2.40888183547019
6024000 -2.37922204056257
6025000 -2.38758644721915
6026000 -2.41886647933387
6027000 -2.35937560333529
6028000 -2.41643399681708
6029000 -2.4076045304269
6030000 -2.37407498976051
6031000 -2.41955559348427
6032000 -2.379986141924
6033000 -2.39887963285144
6034000 -2.41656501675297
6035000 -2.37096474440208
6036000 -2.42226007339257
6037000 -2.39507961933142
6038000 -2.38396199857732
6039000 -2.42683637948027
6040000 -2.36856002417075
6041000 -2.40469634851341
6042000 -2.40757600866582
6043000 -2.37734493336403
6044000 -2.41440422531247
6045000 -2.38053077718399
6046000 -2.39121316841647
6047000 -2.42397347662191
6048000 -2.38177157714249
6049000 -2.42003994605028
6050000 -2.39766597271741
6051000 -2.39302301288287
6052000 -2.42956250307692
6053000 -2.37555592974934
6054000 -2.40732499371583
6055000 -2.41288484660511
6056000 -2.38447549946643
6057000 -2.41580188625349
6058000 -2.40484684543647
6059000 -2.39884504956291
6060000 -2.42453955660108
6061000 -2.38021887191532
6062000 -2.41854177918579
6063000 -2.40006458201715
6064000 -2.39173955141324
6065000 -2.43483310609687
6066000 -2.38233069520228
6067000 -2.43202464573027
6068000 -2.41518343862259
6069000 -2.38335354819319
6070000 -2.44194932544621
6071000 -2.39318716425355
6072000 -2.40640844477523
6073000 -2.42813460778358
6074000 -2.3832166945113
6075000 -2.42364911727438
6076000 -2.41100252437095
6077000 -2.40128055814368
6078000 -2.43653366615781
6079000 -2.39019991336247
6080000 -2.42536626641112
6081000 -2.42096326090841
6082000 -2.38599783328827
6083000 -2.43636586760129
6084000 -2.41219033188482
6085000 -2.40667739499393
6086000 -2.42992197918045
6087000 -2.39650185116775
6088000 -2.43617171583442
6089000 -2.4165432031176
6090000 -2.41179681048444
6091000 -2.43828969701963
6092000 -2.38709155357458
6093000 -2.44241543431188
6094000 -2.41123543915448
6095000 -2.40266579264374
6096000 -2.43941415648856
6097000 -2.39596546776264
6098000 -2.42850702606905
6099000 -2.42705290148029
6100000 -2.38271888743922
6101000 -2.4360542918176
6102000 -2.39977705575457
6103000 -2.420680746306
6104000 -2.43655545811696
6105000 -2.38706710770367
6106000 -2.4404274093114
6107000 -2.41028638987043
6108000 -2.41791431314778
6109000 -2.44193652898498
6110000 -2.39486793473016
6111000 -2.43011913240263
6112000 -2.42815438650689
6113000 -2.40164139650815
6114000 -2.45776337210495
6115000 -2.399053292965
6116000 -2.44099133560784
6117000 -2.42545493528278
6118000 -2.40857797433426
6119000 -2.44582486983979
6120000 -2.40969044743087
6121000 -2.42340911939529
6122000 -2.45424359298622
6123000 -2.39943787069372
6124000 -2.43751499054301
6125000 -2.42910760239426
6126000 -2.41463938151598
6127000 -2.45921358259914
6128000 -2.41408820369553
6129000 -2.44599626811662
6130000 -2.43441505447066
6131000 -2.42145969668734
6132000 -2.45920634031908
6133000 -2.42443941352672
6134000 -2.42148708012293
6135000 -2.44824849716948
6136000 -2.41361569296846
6137000 -2.45552729703369
6138000 -2.43229205580471
6139000 -2.42144823591439
6140000 -2.45287397500528
6141000 -2.40293512141103
6142000 -2.46080993406724
6143000 -2.42989876775766
6144000 -2.43009718844475
6145000 -2.46554598473454
6146000 -2.41622749715559
6147000 -2.45702788017972
6148000 -2.44317458518456
6149000 -2.4148704051607
6150000 -2.47370922299334
6151000 -2.41958126558144
6152000 -2.42701612165385
6153000 -2.45787458163821
6154000 -2.4147037317907
6155000 -2.47058774520151
6156000 -2.43193911070827
6157000 -2.44038487103325
6158000 -2.46533270931952
6159000 -2.41931955215046
6160000 -2.46458501157184
6161000 -2.44113734514707
6162000 -2.42444750451183
6163000 -2.45804492027408
6164000 -2.42175291762679
6165000 -2.46734162794174
6166000 -2.45000875055728
6167000 -2.42476017724261
6168000 -2.47965464332064
6169000 -2.42634539410367
6170000 -2.45116070520868
6171000 -2.46281120403364
6172000 -2.43119295757692
6173000 -2.46099702729198
6174000 -2.43769788125422
6175000 -2.45558418049686
6176000 -2.45260415505906
6177000 -2.42182451444287
6178000 -2.48339872825827
6179000 -2.44766371308833
6180000 -2.43923550779158
6181000 -2.46326880101521
6182000 -2.42767972627828
6183000 -2.47074269664205
6184000 -2.44702553906787
6185000 -2.43925116815514
6186000 -2.47303584734018
6187000 -2.43085736866263
6188000 -2.45571332089406
6189000 -2.47924639586964
6190000 -2.43264472552186
6191000 -2.46765429933657
6192000 -2.44052553742109
6193000 -2.46325795845586
6194000 -2.4727301984541
6195000 -2.43738065575624
6196000 -2.47503605949976
6197000 -2.45579675257697
6198000 -2.45025797158174
6199000 -2.46610005128478
6200000 -2.43544518170018
6201000 -2.49110408407342
6202000 -2.46034258731703
6203000 -2.4494084813224
6204000 -2.49277315734768
6205000 -2.42434390313638
6206000 -2.47024195320749
6207000 -2.47009173632889
6208000 -2.4385242986217
6209000 -2.48966358553451
6210000 -2.44671307592137
6211000 -2.46126172761349
6212000 -2.46665308275478
6213000 -2.4462085741627
6214000 -2.4847694094904
6215000 -2.4528451493108
6216000 -2.46266486643085
6217000 -2.47662560824805
6218000 -2.44718969307075
6219000 -2.48233818064378
6220000 -2.46896648142278
6221000 -2.46682136432953
6222000 -2.47495478099655
6223000 -2.44338259226965
6224000 -2.48688956444886
6225000 -2.47104523719262
6226000 -2.4569834406904
6227000 -2.50366585894081
6228000 -2.44758073120935
6229000 -2.47455305408952
6230000 -2.47850297657152
6231000 -2.45205935279948
6232000 -2.48599918847958
6233000 -2.4686183395966
6234000 -2.47664334652614
6235000 -2.48953916680796
6236000 -2.44738163861588
6237000 -2.49498930615136
6238000 -2.45229783446905
6239000 -2.47967687382857
6240000 -2.48174565002347
6241000 -2.46628297633561
6242000 -2.4985460278057
6243000 -2.4699473203617
6244000 -2.48748626883832
6245000 -2.49856139109227
6246000 -2.45627617101136
6247000 -2.48735349018704
6248000 -2.48292019996064
6249000 -2.47442776503214
6250000 -2.49493285226397
6251000 -2.45580478905697
6252000 -2.49024734250742
6253000 -2.48726314035847
6254000 -2.47870122231256
6255000 -2.50026962606257
6256000 -2.45969899215608
6257000 -2.50158939181803
6258000 -2.47579178550497
6259000 -2.46533495896953
6260000 -2.49511329489405
6261000 -2.46752040306333
6262000 -2.5014090762523
6263000 -2.49466744197913
6264000 -2.47088395097061
6265000 -2.5046215211297
6266000 -2.47302042758577
6267000 -2.49512755289395
6268000 -2.50756382401806
6269000 -2.46585296819577
6270000 -2.5048000700118
6271000 -2.47331997448973
6272000 -2.49475778141587
6273000 -2.50337902193445
6274000 -2.47613477990537
6275000 -2.49819446733975
6276000 -2.48735790417695
6277000 -2.47737550974115
6278000 -2.50812208762471
6279000 -2.46963054220144
6280000 -2.49929571766603
6281000 -2.4819106323949
6282000 -2.48933390291755
6283000 -2.50857610519455
6284000 -2.47052582940382
6285000 -2.50306455153578
6286000 -2.48981529737196
6287000 -2.48683940842489
6288000 -2.50649712114871
6289000 -2.4843648341582
6290000 -2.49691865734433
6291000 -2.4917818867356
6292000 -2.48043288244684
6293000 -2.51517496201557
6294000 -2.48422985465273
6295000 -2.50833971992839
6296000 -2.49203382991142
6297000 -2.47768746622019
6298000 -2.51231326331592
6299000 -2.48047993492236
6300000 -2.51055364585201
6301000 -2.50687266851304
6302000 -2.48372522096252
6303000 -2.52303215610235
6304000 -2.49671241674139
6305000 -2.49898266393546
6306000 -2.51406658491524
6307000 -2.48184904169723
6308000 -2.52342708409988
6309000 -2.48092918900643
6310000 -2.49608903081147
6311000 -2.51260541589706
6312000 -2.48925157781425
6313000 -2.53301109224949
6314000 -2.49793552799703
6315000 -2.49957195440453
6316000 -2.5243894288776
6317000 -2.49057862820834
6318000 -2.49945141641426
6319000 -2.51443180473537
6320000 -2.50332735688684
6321000 -2.52700964600502
6322000 -2.47782923182079
6323000 -2.52343429584654
6324000 -2.50290515328155
6325000 -2.50404398782007
6326000 -2.53471126715531
6327000 -2.4879280053773
6328000 -2.5178360168125
6329000 -2.51400679220072
6330000 -2.48328519650045
6331000 -2.52658605179004
6332000 -2.49758722757571
6333000 -2.51984092164252
6334000 -2.50670174600712
6335000 -2.49468909455377
6336000 -2.52414614442236
6337000 -2.49291679259427
6338000 -2.51933361933039
6339000 -2.51439969580776
6340000 -2.50003876022474
6341000 -2.54085304370599
6342000 -2.49316742110429
6343000 -2.51881044496867
6344000 -2.52652813524592
6345000 -2.49624160025131
6346000 -2.54563547094073
6347000 -2.50319827943496
6348000 -2.51542411789622
6349000 -2.53515971046373
6350000 -2.50099399021313
6351000 -2.54729972289317
6352000 -2.51698793913067
6353000 -2.51637120947226
6354000 -2.52451439434286
6355000 -2.50776795754879
6356000 -2.53896833383843
6357000 -2.51912172541317
6358000 -2.52549548477604
6359000 -2.53764259656332
6360000 -2.47914688220199
6361000 -2.54978963695513
6362000 -2.52033930947952
6363000 -2.52401231294474
6364000 -2.53456197352639
6365000 -2.51898695415249
6366000 -2.5358150782946
6367000 -2.5292893643224
6368000 -2.52737164249099
6369000 -2.55055463175159
6370000 -2.50913241621706
6371000 -2.54794786546768
6372000 -2.53514281396763
6373000 -2.51437997984477
6374000 -2.547667082873
6375000 -2.49898753513604
6376000 -2.54196440522386
6377000 -2.54420658921417
6378000 -2.52189662402556
6379000 -2.5405714128447
6380000 -2.50839172141814
6381000 -2.55048463800079
6382000 -2.5438914068505
6383000 -2.51663639607681
6384000 -2.55458918750831
6385000 -2.50396970064967
6386000 -2.55114804943026
6387000 -2.54330966010903
6388000 -2.52038511720278
6389000 -2.56164028445364
6390000 -2.51774930557381
6391000 -2.54979866376103
6392000 -2.54890645090959
6393000 -2.52866548749089
6394000 -2.56084115562581
6395000 -2.51148054760195
6396000 -2.54647147295757
6397000 -2.55580813717097
6398000 -2.51599889926612
6399000 -2.55560192182731
6400000 -2.52611971669558
6401000 -2.55557497688736
6402000 -2.54822893858283
6403000 -2.51044723092862
6404000 -2.58044381123256
6405000 -2.5239997650545
6406000 -2.5385653270609
6407000 -2.57102597642421
6408000 -2.50831469124826
6409000 -2.56578887567477
6410000 -2.54623333567405
6411000 -2.53421156853508
6412000 -2.55232203005595
6413000 -2.53667418784538
6414000 -2.56583998432303
6415000 -2.53890256475871
6416000 -2.54767046717748
6417000 -2.57034068564318
6418000 -2.51518812480839
6419000 -2.56722410225986
6420000 -2.54161739830205
6421000 -2.54040005925928
6422000 -2.56780683285117
6423000 -2.50903532445559
6424000 -2.58097431411098
6425000 -2.53563677444816
6426000 -2.53933182050017
6427000 -2.57780212085452
6428000 -2.52408153915453
6429000 -2.57695964462068
6430000 -2.55917682953694
6431000 -2.52916139755048
6432000 -2.57777775831226
6433000 -2.52348151718457
6434000 -2.57440137346052
6435000 -2.55483366694479
6436000 -2.5287312761707
6437000 -2.58371768644809
6438000 -2.52379584466031
6439000 -2.58259510774288
6440000 -2.54942125867352
6441000 -2.54510450366757
6442000 -2.56640918618193
6443000 -2.50927111466226
6444000 -2.58311515317725
6445000 -2.55660943927635
6446000 -2.53729112846484
6447000 -2.58926768190678
6448000 -2.52941459540793
6449000 -2.57680590992782
6450000 -2.57070471758228
6451000 -2.53534859284162
6452000 -2.58430163146849
6453000 -2.53841759296829
6454000 -2.58909240628815
6455000 -2.56221964787748
6456000 -2.55769541887194
6457000 -2.57394176877224
6458000 -2.53747859760565
6459000 -2.58361895609935
6460000 -2.56236323460836
6461000 -2.54009512416444
6462000 -2.59703279753972
6463000 -2.54570459654653
6464000 -2.57337190037988
6465000 -2.56718309595918
6466000 -2.55098085867824
6467000 -2.59646710311078
6468000 -2.53306320764458
6469000 -2.57993139657924
6470000 -2.5656217897349
6471000 -2.55346246160986
6472000 -2.59878365917981
6473000 -2.53631674191988
6474000 -2.58128536895517
6475000 -2.57647124137113
6476000 -2.54190930314824
6477000 -2.59050421203614
6478000 -2.55613823919878
6479000 -2.57799256696782
6480000 -2.56216768385389
6481000 -2.56157800059092
6482000 -2.59977983073405
6483000 -2.54464616806561
6484000 -2.58172143487299
6485000 -2.57118232264145
6486000 -2.5485256439738
6487000 -2.59292704378962
6488000 -2.55621043998235
6489000 -2.58034182787876
6490000 -2.58850346546749
6491000 -2.55176118377774
6492000 -2.59883080385842
6493000 -2.56170354088872
6494000 -2.57743399871303
6495000 -2.57755600778079
6496000 -2.56839297081135
6497000 -2.59514569208879
6498000 -2.55728244334817
6499000 -2.58848420892631
6500000 -2.57110305999948
6501000 -2.56265437095366
6502000 -2.5856972588404
6503000 -2.54782208626842
6504000 -2.59942915176757
6505000 -2.57995432850681
6506000 -2.56218018125205
6507000 -2.60989999397523
6508000 -2.55038036197417
6509000 -2.58642027063659
6510000 -2.58932286572458
6511000 -2.55484592422341
6512000 -2.60787162322398
6513000 -2.56817499698697
6514000 -2.59204422269093
6515000 -2.58649477000539
6516000 -2.58593500855866
6517000 -2.59701116922604
6518000 -2.5738200873956
6519000 -2.60515536172474
6520000 -2.58668317155896
6521000 -2.57207773751965
6522000 -2.61639204008146
6523000 -2.570247010768
6524000 -2.59888591521401
6525000 -2.59549332129789
6526000 -2.58484505822025
6527000 -2.60757311610408
6528000 -2.57219563659026
6529000 -2.6015169438201
6530000 -2.58750365487005
6531000 -2.58716276249831
6532000 -2.61066334140354
6533000 -2.56938109232725
6534000 -2.6004132752755
6535000 -2.58129116152419
6536000 -2.57749576807468
6537000 -2.59861565781331
6538000 -2.57746510207854
6539000 -2.59859700876027
6540000 -2.59419180945754
6541000 -2.58107487268232
6542000 -2.61355140071242
6543000 -2.5808271783398
6544000 -2.61005385037846
6545000 -2.58762679601363
6546000 -2.59037821125802
6547000 -2.62570879626419
6548000 -2.57584643990625
6549000 -2.61802650102561
6550000 -2.59536116407602
6551000 -2.58860329784707
6552000 -2.62365239069779
6553000 -2.58064667893496
6554000 -2.60553248411861
6555000 -2.60411741252902
6556000 -2.60098656553197
6557000 -2.6169615797764
6558000 -2.58915178175703
6559000 -2.60507380084955
6560000 -2.60684684111592
6561000 -2.59582894286101
6562000 -2.61927443423628
6563000 -2.57404747118528
6564000 -2.63036196881171
6565000 -2.61141190866029
6566000 -2.59597299665394
6567000 -2.63116823385786
6568000 -2.58542068973009
6569000 -2.6145251940896
6570000 -2.60700608872247
6571000 -2.61049744036019
6572000 -2.6216661035535
6573000 -2.57633540402594
6574000 -2.62564758310125
6575000 -2.59829807590993
6576000 -2.61364717770517
6577000 -2.6428103910947
6578000 -2.5827477084822
6579000 -2.62459990411622
6580000 -2.60650850878092
6581000 -2.61428001202353
6582000 -2.62418001932241
6583000 -2.59032764028392
6584000 -2.62565723987737
6585000 -2.61187896154016
6586000 -2.59532174101195
6587000 -2.64680313902515
6588000 -2.59151697710668
6589000 -2.61138317321395
6590000 -2.6204406753108
6591000 -2.60746321400836
6592000 -2.62681571105108
6593000 -2.58649554930216
6594000 -2.63921813186525
6595000 -2.6055737762875
6596000 -2.61898192430705
6597000 -2.63275699833677
6598000 -2.59699449506259
6599000 -2.63505112803121
6600000 -2.60942474780289
6601000 -2.60813286505268
6602000 -2.63324499932999
6603000 -2.58477887690944
6604000 -2.6430103590805
6605000 -2.61004149153563
6606000 -2.61309203713481
6607000 -2.63455952916966
6608000 -2.59766560536712
6609000 -2.64537804390509
6610000 -2.61095780046857
6611000 -2.61736214332255
6612000 -2.64656976205422
6613000 -2.59558153538682
6614000 -2.6392759697714
6615000 -2.6213392059797
6616000 -2.63055122465212
6617000 -2.64682633074607
6618000 -2.60526007716289
6619000 -2.66045192800683
6620000 -2.61194540593144
6621000 -2.63705100653294
6622000 -2.64718352208054
6623000 -2.60359240029332
6624000 -2.64710180949513
6625000 -2.62187565809512
6626000 -2.63000960314726
6627000 -2.64567784301086
6628000 -2.61282614231887
6629000 -2.67358512031427
6630000 -2.60201013532456
6631000 -2.64007599078661
6632000 -2.6508439525714
6633000 -2.6093921124556
6634000 -2.6472723173191
6635000 -2.61557520944989
6636000 -2.65100322100182
6637000 -2.61843221230692
6638000 -2.6326694283182
6639000 -2.65967494053055
6640000 -2.595526995967
6641000 -2.66095560157594
6642000 -2.65288269936732
6643000 -2.59885054509528
6644000 -2.65986640447633
6645000 -2.62377847969481
6646000 -2.64749518158077
6647000 -2.6395145316266
6648000 -2.62865615692971
6649000 -2.6403362844085
6650000 -2.63409984114284
6651000 -2.65636215239049
6652000 -2.62609238103812
6653000 -2.64417623465239
6654000 -2.65147095206347
6655000 -2.63061005604365
6656000 -2.65844198059192
6657000 -2.62865558525021
6658000 -2.64720575774102
6659000 -2.64942169695845
6660000 -2.62925352341409
6661000 -2.67398445472235
6662000 -2.61969402920081
6663000 -2.65307081700453
6664000 -2.6599468673934
6665000 -2.61988339625354
6666000 -2.67157757274475
6667000 -2.62818613227836
6668000 -2.64923983884893
6669000 -2.65923217287785
6670000 -2.63470507106072
6671000 -2.65738013887907
6672000 -2.62891593311145
6673000 -2.66392352731042
6674000 -2.64664731758879
6675000 -2.6379308262512
6676000 -2.67374236914005
6677000 -2.62206371423008
6678000 -2.66532977852324
6679000 -2.65220379163661
6680000 -2.64563667691956
6681000 -2.66961868505434
6682000 -2.63755643418297
6683000 -2.67876012992746
6684000 -2.65205925195337
6685000 -2.65058511290112
6686000 -2.67630354976139
6687000 -2.63056154743979
6688000 -2.67648188419962
6689000 -2.65504399677466
6690000 -2.65470847051712
6691000 -2.66806940526291
6692000 -2.6390376666305
6693000 -2.68365913879383
6694000 -2.64207846576457
6695000 -2.65164281975438
6696000 -2.67034094295563
6697000 -2.65288096835737
6698000 -2.66809300367614
6699000 -2.63378243199877
6700000 -2.663186772352
6701000 -2.67037322797115
6702000 -2.64203867009706
6703000 -2.68311768904585
6704000 -2.62946366914289
6705000 -2.67619089279709
6706000 -2.66625317734421
6707000 -2.64326308112123
6708000 -2.67995474740817
6709000 -2.64267397607692
6710000 -2.67460041152235
6711000 -2.65745422084994
6712000 -2.66681496160306
6713000 -2.67302161602286
6714000 -2.63361386693108
6715000 -2.6917867256191
6716000 -2.64631497936847
6717000 -2.65321129357914
6718000 -2.68754555403623
6719000 -2.64267669815562
6720000 -2.68835357801934
6721000 -2.65457834616589
6722000 -2.67913609925411
6723000 -2.66926483905752
6724000 -2.6511162234813
6725000 -2.6868515360845
6726000 -2.6515096081314
6727000 -2.68699708941171
6728000 -2.67550379188297
6729000 -2.64672606407335
6730000 -2.70189202890964
6731000 -2.649719122379
6732000 -2.68909045935315
6733000 -2.66349193935256
6734000 -2.66569225679254
6735000 -2.69308994403424
6736000 -2.63949691711959
6737000 -2.70159142568843
6738000 -2.66631728723342
6739000 -2.6637129959018
6740000 -2.69858495650497
6741000 -2.64839535662037
6742000 -2.69516703752742
6743000 -2.66381685651306
6744000 -2.6858552540654
6745000 -2.68854202570164
6746000 -2.64844522314267
6747000 -2.7147640559567
6748000 -2.65192393038021
6749000 -2.70617068624918
6750000 -2.66770765027243
6751000 -2.65289510698029
6752000 -2.7182436468113
6753000 -2.64501598440481
6754000 -2.71174227569033
6755000 -2.67556338297885
6756000 -2.6614225188316
6757000 -2.71297288507767
6758000 -2.6533611304822
6759000 -2.70645111719075
6760000 -2.65959432136907
6761000 -2.67681452239048
6762000 -2.70950750531157
6763000 -2.6476919678085
6764000 -2.70787050066181
6765000 -2.66652359251712
6766000 -2.68597482184537
6767000 -2.69475035825281
6768000 -2.6646612392473
6769000 -2.7176092990023
6770000 -2.6610677888702
6771000 -2.70784567865511
6772000 -2.68705221835278
6773000 -2.6756360538312
6774000 -2.71011865650069
6775000 -2.65546472128403
6776000 -2.71609496253411
6777000 -2.67200907699528
6778000 -2.67243801165476
6779000 -2.72690702101217
6780000 -2.6653171134204
6781000 -2.70161628753418
6782000 -2.65631287147357
6783000 -2.69764791409603
6784000 -2.70333385356884
6785000 -2.66644044693574
6786000 -2.72544005626727
6787000 -2.66792633093243
6788000 -2.69330218965052
6789000 -2.71118103269763
6790000 -2.66862221548921
6791000 -2.7170531944775
6792000 -2.67142706302331
6793000 -2.70821538733636
6794000 -2.71411703976
6795000 -2.68398440635805
6796000 -2.7210044559485
6797000 -2.66845177037229
6798000 -2.71739851299516
6799000 -2.69215300814971
6800000 -2.69421362873034
6801000 -2.70940663824183
6802000 -2.68399053683808
6803000 -2.73014952891645
6804000 -2.68092017901528
6805000 -2.70996666213851
6806000 -2.71130435594072
6807000 -2.66812923643556
6808000 -2.75154030115417
6809000 -2.66733252818294
6810000 -2.71258264477039
6811000 -2.71594100273607
6812000 -2.67482127609917
6813000 -2.71800217249339
6814000 -2.67004478575935
6815000 -2.71980361706754
6816000 -2.69848554787445
6817000 -2.70324854519044
6818000 -2.73674216535311
6819000 -2.67881641965787
6820000 -2.73105950794112
6821000 -2.69646480009832
6822000 -2.71355280360206
6823000 -2.73380626380914
6824000 -2.67389489690125
6825000 -2.73218818977353
6826000 -2.6841327050118
6827000 -2.72495256779716
6828000 -2.70727799611253
6829000 -2.68499042576196
6830000 -2.74307691968099
6831000 -2.67782757200122
6832000 -2.73141249444455
6833000 -2.70906165654208
6834000 -2.69277331205032
6835000 -2.73959512732402
6836000 -2.68128838557578
6837000 -2.72012638366841
6838000 -2.70003151091384
6839000 -2.71370374813109
6840000 -2.72605816221515
6841000 -2.69905744016113
6842000 -2.73846958114108
6843000 -2.68624241526457
6844000 -2.72650090467012
6845000 -2.72097346516425
6846000 -2.70472723535784
6847000 -2.74317954450414
6848000 -2.68621595865964
6849000 -2.72931095569296
6850000 -2.72311364339761
6851000 -2.70878034117518
6852000 -2.74889587567145
6853000 -2.69121795798104
6854000 -2.75835689524076
6855000 -2.70042312647113
6856000 -2.72502723482747
6857000 -2.7363954125775
6858000 -2.69436676679318
6859000 -2.74639582393164
6860000 -2.70714493936863
6861000 -2.72922605220944
6862000 -2.72166449164107
6863000 -2.72089843876271
6864000 -2.74175780923589
6865000 -2.70644797742302
6866000 -2.74966347124715
6867000 -2.70841372420439
6868000 -2.72157151924416
6869000 -2.75121917125903
6870000 -2.70651218884268
6871000 -2.73854359450508
6872000 -2.71430325714446
6873000 -2.75182604350347
6874000 -2.73111836575397
6875000 -2.71772431031408
6876000 -2.76448594183252
6877000 -2.70956053311307
6878000 -2.7498897316816
6879000 -2.72752389027199
6880000 -2.72303285064771
6881000 -2.74549935759506
6882000 -2.71109909458797
6883000 -2.76179771132238
6884000 -2.71122446813379
6885000 -2.74518454477403
6886000 -2.75817244057051
6887000 -2.71079012885182
6888000 -2.76251789468685
6889000 -2.70337676857604
6890000 -2.74370000154019
6891000 -2.7439097950867
6892000 -2.73695611430403
6893000 -2.75008978357706
6894000 -2.71867911621828
6895000 -2.76094418186342
6896000 -2.72716625092796
6897000 -2.73061382453619
6898000 -2.7510487274526
6899000 -2.71060930187857
6900000 -2.77954211117722
6901000 -2.71788647628933
6902000 -2.74418285200256
6903000 -2.74359237653268
6904000 -2.71164714859519
6905000 -2.77091743353864
6906000 -2.72041741556815
6907000 -2.7720444361867
6908000 -2.73442827756878
6909000 -2.73889344196589
6910000 -2.76025121230018
6911000 -2.72281347945672
6912000 -2.77581254304155
6913000 -2.72532083200856
6914000 -2.74177320032973
6915000 -2.77735918912113
6916000 -2.70543564337199
6917000 -2.7581785559002
6918000 -2.73578111357437
6919000 -2.77153704621157
6920000 -2.73348043354794
6921000 -2.74231565788996
6922000 -2.77319237603682
6923000 -2.73290569911552
6924000 -2.75913733315325
6925000 -2.74675404928407
6926000 -2.73235270898195
6927000 -2.77126744587166
6928000 -2.73472532747832
6929000 -2.77054750602076
6930000 -2.73764193957991
6931000 -2.75242343857728
6932000 -2.75857833201172
6933000 -2.72799883284858
6934000 -2.78982338571324
6935000 -2.71800646389692
6936000 -2.77806004966365
6937000 -2.75710811105734
6938000 -2.74163274412527
6939000 -2.76786520523204
6940000 -2.74399066576774
6941000 -2.76185481121471
6942000 -2.7466823828144
6943000 -2.75842275163791
6944000 -2.75615195058682
6945000 -2.74401687917098
6946000 -2.79088898255149
6947000 -2.73057188474647
6948000 -2.76348903096654
6949000 -2.7681518423983
6950000 -2.74262527823813
6951000 -2.78769138710164
6952000 -2.73589213404345
6953000 -2.76575627839311
6954000 -2.77597713391274
6955000 -2.75955113180423
6956000 -2.76089115984264
6957000 -2.75124258154041
6958000 -2.78021161717518
6959000 -2.74554413178113
6960000 -2.77888603153057
6961000 -2.76140877634084
6962000 -2.74742953012208
6963000 -2.7865786654856
6964000 -2.75450479520177
6965000 -2.76610427100922
6966000 -2.77145574783817
6967000 -2.74700938718876
6968000 -2.77556337141821
6969000 -2.77360769187847
6970000 -2.78229153156334
6971000 -2.75099382495315
6972000 -2.77692795629163
6973000 -2.77040761732126
6974000 -2.757430511641
6975000 -2.77623704388318
6976000 -2.75130214224334
6977000 -2.77190366304172
6978000 -2.7630566768868
6979000 -2.78220193274326
6980000 -2.78398120820549
6981000 -2.75363388703187
6982000 -2.79563069762666
6983000 -2.75584425257215
6984000 -2.77987568239232
6985000 -2.75780827482761
6986000 -2.7666127855995
6987000 -2.79433274406045
6988000 -2.75894286631036
6989000 -2.79303404647194
6990000 -2.7674928615101
6991000 -2.76367127454893
6992000 -2.7907651841967
6993000 -2.77267422237795
6994000 -2.78778097013364
6995000 -2.75737479035814
6996000 -2.79380579383495
6997000 -2.77909638925846
6998000 -2.76566284000028
6999000 -2.78872601380317
7000000 -2.75169060578785
7001000 -2.79258385708548
7002000 -2.77807626199073
7003000 -2.78581083404981
7004000 -2.78174766884231
7005000 -2.76104076978301
7006000 -2.80895462093779
7007000 -2.76364564548817
7008000 -2.79276011805239
7009000 -2.78256712269849
7010000 -2.76663869387471
7011000 -2.79173887838384
7012000 -2.7686060452535
7013000 -2.79585284734594
7014000 -2.78035160981044
7015000 -2.79743864051336
7016000 -2.79377660564938
7017000 -2.77867466673675
7018000 -2.81812294688747
7019000 -2.76631497678241
7020000 -2.79575006072359
7021000 -2.80034989733639
7022000 -2.7851902992877
7023000 -2.80735136736377
7024000 -2.75846715891401
7025000 -2.80306514841824
7026000 -2.79093416861577
7027000 -2.78428217493488
7028000 -2.79886963569632
7029000 -2.77950441513004
7030000 -2.82017078720525
7031000 -2.77727896024595
7032000 -2.79632986877187
7033000 -2.79365627781571
7034000 -2.77493208004798
7035000 -2.82756263818237
7036000 -2.78233984616985
7037000 -2.79840701654762
7038000 -2.78917047321965
7039000 -2.77813744838173
7040000 -2.81666877686075
7041000 -2.78451113352876
7042000 -2.80642956038917
7043000 -2.78898639675112
7044000 -2.81549591910051
7045000 -2.7957813688177
7046000 -2.78125809470679
7047000 -2.82467510355717
7048000 -2.78323705599663
7049000 -2.80216268920982
7050000 -2.79806554291871
7051000 -2.80142128660691
7052000 -2.81984452409896
7053000 -2.78195263608104
7054000 -2.81708369865772
7055000 -2.80191192326995
7056000 -2.80698422995823
7057000 -2.82172089524528
7058000 -2.77703491997933
7059000 -2.83162762473322
7060000 -2.79242588151087
7061000 -2.80522222778747
7062000 -2.80956016223355
7063000 -2.79505364785241
7064000 -2.80984570827
7065000 -2.78939909588383
7066000 -2.82083999838226
7067000 -2.79806008875168
7068000 -2.798808002935
7069000 -2.82344688667705
7070000 -2.78636801282049
7071000 -2.82538011310368
7072000 -2.80592526353443
7073000 -2.80913549965672
7074000 -2.81296947312892
7075000 -2.80070895200586
7076000 -2.82579033666819
7077000 -2.79068936215217
7078000 -2.82797554910214
7079000 -2.81375127903501
7080000 -2.78765150514854
7081000 -2.82870448059944
7082000 -2.81251885017425
7083000 -2.82536404164484
7084000 -2.80993680065016
7085000 -2.81539172351055
7086000 -2.82471468636301
7087000 -2.80450894980588
7088000 -2.82861220696947
7089000 -2.79677611116092
7090000 -2.82590084481614
7091000 -2.82373573700051
7092000 -2.81626698817806
7093000 -2.83400855430471
7094000 -2.79438159196431
7095000 -2.82691197276585
7096000 -2.81495647136818
7097000 -2.81141670232666
7098000 -2.82600713690469
7099000 -2.81598964569511
7100000 -2.82673876629174
7101000 -2.79596193152601
7102000 -2.81940465145373
7103000 -2.83009558233183
7104000 -2.80895941065448
7105000 -2.8385123799686
7106000 -2.81731572144787
7107000 -2.82232400080004
7108000 -2.81434177549851
7109000 -2.82807909612318
7110000 -2.83411991122346
7111000 -2.82411163063146
7112000 -2.83655697192981
7113000 -2.80396421385686
7114000 -2.83016924140297
7115000 -2.83970195968229
7116000 -2.82183395962637
7117000 -2.84129822865039
7118000 -2.82515877736799
7119000 -2.83632170540276
7120000 -2.82974094641091
7121000 -2.81537162820982
7122000 -2.84906303506921
7123000 -2.8239444532402
7124000 -2.82791110007489
7125000 -2.81349708592435
7126000 -2.82742495498634
7127000 -2.84747772350085
7128000 -2.80617413766681
7129000 -2.84313767462567
7130000 -2.83256746043445
7131000 -2.83420946142281
7132000 -2.83741077911412
7133000 -2.83941171074756
7134000 -2.8430234470071
7135000 -2.82235788589654
7136000 -2.8487212063236
7137000 -2.83010539614953
7138000 -2.83533403205565
7139000 -2.85413608584187
7140000 -2.83308573076879
7141000 -2.83143846309648
7142000 -2.82393295462773
7143000 -2.86466848592655
7144000 -2.83418082045455
7145000 -2.81178362173154
7146000 -2.85535317820927
7147000 -2.82471433791144
7148000 -2.85364166662204
7149000 -2.8329816900875
7150000 -2.82622735326632
7151000 -2.84612159940878
7152000 -2.84252591528018
7153000 -2.84689327790744
7154000 -2.82707838778743
7155000 -2.8487370950971
7156000 -2.83183894674178
7157000 -2.83790442212544
7158000 -2.86026717745113
7159000 -2.82413419307197
7160000 -2.86575911425189
7161000 -2.82667136770133
7162000 -2.85662076326548
7163000 -2.84719723714691
7164000 -2.82849810125383
7165000 -2.8634713587279
7166000 -2.8277822943975
7167000 -2.86411870298402
7168000 -2.83595768782827
7169000 -2.83558291335597
7170000 -2.86631169228992
7171000 -2.8329290574938
7172000 -2.87048723492049
7173000 -2.82017859221941
7174000 -2.85660212836597
7175000 -2.84268598189824
7176000 -2.8344461223468
7177000 -2.86778684563242
7178000 -2.82588404778652
7179000 -2.87611722097266
7180000 -2.8347566403315
7181000 -2.85481664292638
7182000 -2.85690716723793
7183000 -2.83855356430023
7184000 -2.87750574414018
7185000 -2.81891465266668
7186000 -2.86864267397881
7187000 -2.85645858668487
7188000 -2.84887866626058
7189000 -2.86343021126788
7190000 -2.82922706379427
7191000 -2.8777850995324
7192000 -2.83434496995138
7193000 -2.87134597371974
7194000 -2.85169152170429
7195000 -2.84570067639788
7196000 -2.86822682259272
7197000 -2.83909870429953
7198000 -2.88522147454451
7199000 -2.82205713845606
7200000 -2.87113019134877
7201000 -2.865976195455
7202000 -2.83989495839148
7203000 -2.88832551120942
7204000 -2.82694202162189
7205000 -2.87020831590195
7206000 -2.87852569349765
7207000 -2.84666638832302
7208000 -2.87193030297855
7209000 -2.83245692448012
7210000 -2.89953036398213
7211000 -2.82820028963629
7212000 -2.88439200682296
7213000 -2.86972573779797
7214000 -2.84136502736945
7215000 -2.89212077844586
7216000 -2.83901078029941
7217000 -2.89767423568962
7218000 -2.85607333077455
7219000 -2.87186211008001
7220000 -2.87616463751222
7221000 -2.8589835585057
7222000 -2.88992114947327
7223000 -2.8490035209931
7224000 -2.87737471646546
7225000 -2.87023158836541
7226000 -2.86433324544805
7227000 -2.89435068701378
7228000 -2.84748239559058
7229000 -2.88906208836868
7230000 -2.85801444075312
7231000 -2.87310223350851
7232000 -2.87421651604087
7233000 -2.85554275410587
7234000 -2.910185470495
7235000 -2.84208640150474
7236000 -2.91430303347412
7237000 -2.85026573836043
7238000 -2.88343364119846
7239000 -2.88973148238705
7240000 -2.84761769462802
7241000 -2.90958010571824
7242000 -2.8476897617805
7243000 -2.88994491832212
7244000 -2.88806056983677
7245000 -2.85208872371543
7246000 -2.90504169267438
7247000 -2.86731798122378
7248000 -2.90193406773881
7249000 -2.86269672358537
7250000 -2.88902327527838
7251000 -2.90461846397998
7252000 -2.84950334893031
7253000 -2.90269459896436
7254000 -2.86124195287005
7255000 -2.90075770248532
7256000 -2.88318521077943
7257000 -2.84946624247137
7258000 -2.89946643091529
7259000 -2.85699944313423
7260000 -2.92080214297016
7261000 -2.85889416382318
7262000 -2.87951322849422
7263000 -2.89188219306372
7264000 -2.88234470748494
7265000 -2.90222938555301
7266000 -2.86161049287113
7267000 -2.8997690493989
7268000 -2.8899978816015
7269000 -2.88079627004148
7270000 -2.90870174223252
7271000 -2.85939262314034
7272000 -2.91605947251715
7273000 -2.87316041855471
7274000 -2.89108010702789
7275000 -2.89265234847095
7276000 -2.86122587413124
7277000 -2.92369415912651
7278000 -2.8603146007968
7279000 -2.9019406375364
7280000 -2.87647347802601
7281000 -2.89393094950984
7282000 -2.9036860313022
7283000 -2.87393811889775
7284000 -2.91390046702993
7285000 -2.8848382252611
7286000 -2.88588437421322
7287000 -2.89045813095131
7288000 -2.88143537775415
7289000 -2.90962682295188
7290000 -2.87931166761224
7291000 -2.91220101458893
7292000 -2.89014781767565
7293000 -2.88862558249488
7294000 -2.90992227310417
7295000 -2.86219452509152
7296000 -2.92757815989074
7297000 -2.88258394191992
7298000 -2.90173288937635
7299000 -2.8975337824272
7300000 -2.87246029025211
7301000 -2.92647267372964
7302000 -2.87734120812374
7303000 -2.92455696248824
7304000 -2.87923491284616
7305000 -2.91050167839718
7306000 -2.89409713449937
7307000 -2.89224678669364
7308000 -2.91586540118154
7309000 -2.89229993786486
7310000 -2.91578438408887
7311000 -2.9088210639789
7312000 -2.88407130580379
7313000 -2.92584271467829
7314000 -2.88890858658992
7315000 -2.91830892252278
7316000 -2.90113821085707
7317000 -2.91726083954469
7318000 -2.90572368121602
7319000 -2.90548808170823
7320000 -2.93293847474531
7321000 -2.87900125013548
7322000 -2.93724039076782
7323000 -2.89363430165888
7324000 -2.90522936746478
7325000 -2.91749938979658
7326000 -2.88966773037005
7327000 -2.9278492681014
7328000 -2.88704926152912
7329000 -2.9409474829182
7330000 -2.88952583088916
7331000 -2.91250852219213
7332000 -2.90934018482518
7333000 -2.90603850254416
7334000 -2.92604951038446
7335000 -2.88897785354472
7336000 -2.91990193911565
7337000 -2.92652397857701
7338000 -2.89383571623372
7339000 -2.93118115698518
7340000 -2.90345286807508
7341000 -2.92861805639731
7342000 -2.90806833732842
7343000 -2.92933676019574
7344000 -2.92019636047193
7345000 -2.89689082990617
7346000 -2.93901736666356
7347000 -2.90367806284283
7348000 -2.94132154292676
7349000 -2.89587382561657
7350000 -2.93263525431596
7351000 -2.92477415386831
7352000 -2.92106578541465
7353000 -2.93452106891507
7354000 -2.89662665625385
7355000 -2.9416357466586
7356000 -2.92492757323447
7357000 -2.9217208986759
7358000 -2.91100594499302
7359000 -2.91883759525733
7360000 -2.93274651427779
7361000 -2.91399799512307
7362000 -2.93475957887848
7363000 -2.9291000819623
7364000 -2.92306263210328
7365000 -2.94747266388321
7366000 -2.92040697909328
7367000 -2.94651707803144
7368000 -2.91646627279698
7369000 -2.92329743292065
7370000 -2.94651740420903
7371000 -2.90521079857185
7372000 -2.96413483430166
7373000 -2.89668495940771
7374000 -2.95053468439846
7375000 -2.91071114278895
7376000 -2.9537867282684
7377000 -2.92346863409851
7378000 -2.9325691704333
7379000 -2.95012876147872
7380000 -2.90341272134883
7381000 -2.94659050531359
7382000 -2.93712204634314
7383000 -2.93500868918672
7384000 -2.93710790542136
7385000 -2.93172323262581
7386000 -2.94379708258992
7387000 -2.92029382180902
7388000 -2.95212159367107
7389000 -2.94112138768091
7390000 -2.92008742145976
7391000 -2.95185163377167
7392000 -2.91632240627113
7393000 -2.95470814597835
7394000 -2.92281629873021
7395000 -2.94469472485115
7396000 -2.93559714919745
7397000 -2.9331517234071
7398000 -2.96256798453994
7399000 -2.90880101722355
7400000 -2.9594822746148
7401000 -2.92765308572206
7402000 -2.94173751422379
7403000 -2.94851775756981
7404000 -2.927567735129
7405000 -2.95561341950974
7406000 -2.92676520046132
7407000 -2.94241433822075
7408000 -2.93360563401817
7409000 -2.95266608203529
7410000 -2.9442134317434
7411000 -2.94791121486068
7412000 -2.95839536988985
7413000 -2.94679073628735
7414000 -2.94311330185325
7415000 -2.95869523452499
7416000 -2.92654843714824
7417000 -2.97500922084282
7418000 -2.9281076254927
7419000 -2.97216638424107
7420000 -2.93566736512591
7421000 -2.95546647003678
7422000 -2.96301462003547
7423000 -2.94184857743212
7424000 -2.96534065298291
7425000 -2.92577165097442
7426000 -2.97376253476443
7427000 -2.94673867683289
7428000 -2.9590481482932
7429000 -2.96583014042283
7430000 -2.93112755394521
7431000 -2.96674083724489
7432000 -2.95225792788388
7433000 -2.97121957627768
7434000 -2.94228707087184
7435000 -2.96633980723527
7436000 -2.96890940221541
7437000 -2.94482742933636
7438000 -2.94745402391599
7439000 -2.95649408664519
7440000 -2.94551738709527
7441000 -2.97299634024894
7442000 -2.93503234166413
7443000 -2.98141485438202
7444000 -2.93260645958433
7445000 -2.98121430578813
7446000 -2.94441900565773
7447000 -2.96664141722189
7448000 -2.98226231969935
7449000 -2.93453327999095
7450000 -2.99822549467256
7451000 -2.94220564840619
7452000 -2.98076272912333
7453000 -2.94844641888518
7454000 -2.95249236396682
7455000 -2.9724607915381
7456000 -2.95024883952941
7457000 -2.97669591571178
7458000 -2.94693755578615
7459000 -2.97412424628433
7460000 -2.96282974612435
7461000 -2.96236110188348
7462000 -2.98378804448816
7463000 -2.95197544063114
7464000 -2.98403439216279
7465000 -2.95474530266798
7466000 -2.95688689029851
7467000 -2.98682972654797
7468000 -2.95929105518862
7469000 -2.99140600336382
7470000 -2.94169361001424
7471000 -3.00255473403524
7472000 -2.94824930992638
7473000 -2.9545169936064
7474000 -2.9846475594627
7475000 -2.95788022596372
7476000 -2.97153007594784
7477000 -2.94899307928846
7478000 -3.00483732453056
7479000 -2.95414312189092
7480000 -2.96269919939733
7481000 -2.98439276951092
7482000 -2.97487694567766
7483000 -2.97942375479688
7484000 -2.97657488337073
7485000 -2.97409076632906
7486000 -2.98446333892325
7487000 -2.97518386107643
7488000 -2.99341205688383
7489000 -2.95938617816308
7490000 -2.9863137684598
7491000 -2.97930261810478
7492000 -2.96821497634147
7493000 -2.99334218945201
7494000 -2.97406748318123
7495000 -2.98830865679393
7496000 -2.9612928271868
7497000 -3.00032136284211
7498000 -2.96387510140638
7499000 -2.98420578371468
7500000 -2.991192568828
7501000 -2.96602791035882
7502000 -2.99947996400511
7503000 -2.97288864323606
7504000 -2.99336421973925
7505000 -2.96565906436589
7506000 -2.98211424883509
7507000 -2.98604743808937
7508000 -2.97559051770167
7509000 -2.98349327029836
7510000 -2.98900819438896
7511000 -2.97987866907629
7512000 -2.99362754961897
7513000 -2.98603198092992
7514000 -2.99927125895225
7515000 -2.96833305609341
7516000 -3.00567766444504
7517000 -2.98346484962842
7518000 -2.96737455558716
7519000 -3.0030253951124
7520000 -2.96496610249856
7521000 -3.0210310163017
7522000 -2.97113190615759
7523000 -2.98849075058982
7524000 -2.99997286458988
7525000 -2.991370508712
7526000 -2.98413875017892
7527000 -2.98057805383819
7528000 -3.00697545490496
7529000 -2.97721430554925
7530000 -3.01212693395503
7531000 -2.96419820150771
7532000 -2.99405885567857
7533000 -2.9922348763987
7534000 -2.99130864280607
7535000 -3.00157169455287
7536000 -2.98299827098022
7537000 -2.99982133910965
7538000 -2.97798833540422
7539000 -3.00083610165838
7540000 -2.99088964037145
7541000 -2.99289251684823
7542000 -3.00509416817925
7543000 -2.98386134683138
7544000 -2.99550673307385
7545000 -3.0007596486726
7546000 -2.98954149309798
7547000 -3.01097895643706
7548000 -2.97713705835647
7549000 -3.00719239418694
7550000 -2.97920207668559
7551000 -3.001538601494
7552000 -3.01850946693883
7553000 -2.99322148071396
7554000 -3.01324175739323
7555000 -2.98468892368014
7556000 -3.01855754054587
7557000 -2.98973762964625
7558000 -3.0176884851104
7559000 -2.99777475903432
7560000 -2.99760656226482
7561000 -3.01694848625235
7562000 -2.99928280352902
7563000 -3.00729923634848
7564000 -3.00097530705916
7565000 -3.01098382678336
7566000 -3.01563734939866
7567000 -3.00662973907752
7568000 -3.00891635430151
7569000 -3.00659431442518
7570000 -3.02591543130591
7571000 -3.00594818265759
7572000 -3.00771030523919
7573000 -3.00944080631304
7574000 -3.01148600120768
7575000 -3.00991970790291
7576000 -2.99916736446919
7577000 -3.03891487724984
7578000 -2.99427529715167
7579000 -3.01211562895162
7580000 -3.00888519245647
7581000 -3.00968730637203
7582000 -3.03438413905172
7583000 -3.00383411054665
7584000 -3.02627306992533
7585000 -3.00509250320289
7586000 -3.03927635172006
7587000 -2.99253635333482
7588000 -3.02726690037008
7589000 -3.03049475778612
7590000 -3.0045533781821
7591000 -3.0340513973796
7592000 -2.99738592883408
7593000 -3.03747451285831
7594000 -3.01611956200368
7595000 -3.01578095316405
7596000 -3.02804655338844
7597000 -3.00450132935276
7598000 -3.02987549579962
7599000 -3.0117757257618
7600000 -3.02903328642349
7601000 -3.0189473399878
7602000 -3.0247943992955
7603000 -3.03470683443422
7604000 -3.01165345499648
7605000 -3.0302884772375
7606000 -3.01420571568351
7607000 -3.04462603679104
7608000 -2.99723854929538
7609000 -3.0395940946042
7610000 -3.02844000094848
7611000 -3.00701656175792
7612000 -3.04764437892807
7613000 -2.99866250374631
7614000 -3.05263890329746
7615000 -3.00952301098981
7616000 -3.03680614353791
7617000 -3.03382981095617
7618000 -3.01901089285931
7619000 -3.03951828307852
7620000 -3.02486716854037
7621000 -3.03892886479396
7622000 -3.01388065146166
7623000 -3.05719391576837
7624000 -3.01860029192319
7625000 -3.02010750845603
7626000 -3.06629853678995
7627000 -3.00810589978512
7628000 -3.0520921268654
7629000 -3.04102889044988
7630000 -3.04049523035643
7631000 -3.03048006710317
7632000 -3.03610663209205
7633000 -3.04583347705366
7634000 -3.01796072962541
7635000 -3.06204355530372
7636000 -3.03063209550476
7637000 -3.04416350529053
7638000 -3.03553175445818
7639000 -3.0438535727602
7640000 -3.0597890526655
7641000 -3.02175941244611
7642000 -3.06548301402844
7643000 -3.03203279152452
7644000 -3.05131215138337
7645000 -3.03637812104895
7646000 -3.04810593356616
7647000 -3.05889437429136
7648000 -3.02762838925955
7649000 -3.06952545494916
7650000 -3.0330019139281
7651000 -3.04529749013998
7652000 -3.0372681964652
7653000 -3.04533651880766
7654000 -3.05427237426912
7655000 -3.03251132197847
7656000 -3.0756346074796
7657000 -3.01820886368508
7658000 -3.06096513327213
7659000 -3.02877421655056
7660000 -3.03747868465177
7661000 -3.06156439856018
7662000 -3.0359178919373
7663000 -3.06593027326913
7664000 -3.0225172377961
7665000 -3.07475393646207
7666000 -3.03451237741305
7667000 -3.05248216703091
7668000 -3.06174248497956
7669000 -3.03813604745377
7670000 -3.06362077580133
7671000 -3.04001128825602
7672000 -3.07755835720948
7673000 -3.03268318587693
7674000 -3.0592942860936
7675000 -3.05722010587479
7676000 -3.04540326176097
7677000 -3.08115888474196
7678000 -3.03161079426543
7679000 -3.06315146388117
7680000 -3.05418180709275
7681000 -3.06602238309199
7682000 -3.05187148740237
7683000 -3.04104632364817
7684000 -3.09499416958582
7685000 -3.04325335224711
7686000 -3.07149216160885
7687000 -3.03799763232959
7688000 -3.07538216488145
7689000 -3.06367986544987
7690000 -3.04373792783593
7691000 -3.06796106613251
7692000 -3.05108019320761
7693000 -3.07656034733402
7694000 -3.03002333064007
7695000 -3.07731036204015
7696000 -3.06489867201138
7697000 -3.04581069369667
7698000 -3.07778829315818
7699000 -3.04593438889809
7700000 -3.07058243994323
7701000 -3.05259509630081
7702000 -3.07624741965616
7703000 -3.04706901442561
7704000 -3.05958276529068
7705000 -3.07920396975282
7706000 -3.05186312043487
7707000 -3.07122183529721
7708000 -3.06061005368422
7709000 -3.07898638306941
7710000 -3.06290854245056
7711000 -3.06266774123524
7712000 -3.07729420724946
7713000 -3.04767968262746
7714000 -3.08792958028558
7715000 -3.05153823973794
7716000 -3.07348992883127
7717000 -3.06484624019474
7718000 -3.07360212421383
7719000 -3.07025349218987
7720000 -3.05358693231802
7721000 -3.08998485832544
7722000 -3.06124566965073
7723000 -3.08619054688405
7724000 -3.05202423257299
7725000 -3.0847472198373
7726000 -3.06837163819909
7727000 -3.06391364563685
7728000 -3.09194140808301
7729000 -3.04452025175683
7730000 -3.09789511912846
7731000 -3.05890451247049
7732000 -3.08254006273087
7733000 -3.06231341451676
7734000 -3.06870587728743
7735000 -3.09635471058149
7736000 -3.04420453482706
7737000 -3.08229201902575
7738000 -3.05820069454779
7739000 -3.08385600263485
7740000 -3.06391605324945
7741000 -3.07831230260104
7742000 -3.07503970108703
7743000 -3.06575602209296
7744000 -3.09096581794544
7745000 -3.05275917713282
7746000 -3.09881266526376
7747000 -3.06143616137934
7748000 -3.06394462389443
7749000 -3.09141417802584
7750000 -3.07088638592455
7751000 -3.09666855164586
7752000 -3.06734559426305
7753000 -3.10707753694187
7754000 -3.06036416568482
7755000 -3.08302085700411
7756000 -3.08338998875967
7757000 -3.08609465827669
7758000 -3.08401237252526
7759000 -3.08449161248553
7760000 -3.08202446666681
7761000 -3.05736319923959
7762000 -3.09719008001669
7763000 -3.06896910108855
7764000 -3.09541558105879
7765000 -3.08827345494563
7766000 -3.06633574251829
7767000 -3.09615994997105
7768000 -3.06105792286929
7769000 -3.11406230211609
7770000 -3.04850208899978
7771000 -3.12467127121642
7772000 -3.06681142930562
7773000 -3.08428890562204
7774000 -3.09691010777821
7775000 -3.08157379145482
7776000 -3.10412251889207
7777000 -3.06645909185241
7778000 -3.11721995509178
7779000 -3.07064699539229
7780000 -3.09911592820937
7781000 -3.09575184573622
7782000 -3.07255253464133
7783000 -3.11269295067544
7784000 -3.07091917058667
7785000 -3.12572406225997
7786000 -3.06255368078879
7787000 -3.11710307089327
7788000 -3.07873477633124
7789000 -3.09399542125678
7790000 -3.10745026891583
7791000 -3.07089714518846
7792000 -3.11975375744806
7793000 -3.07859108386046
7794000 -3.10830976322258
7795000 -3.08671948604092
7796000 -3.10545925760964
7797000 -3.09049128325279
7798000 -3.07980973596161
7799000 -3.13358208754259
7800000 -3.07230931890513
7801000 -3.13396441282932
7802000 -3.06576913301846
7803000 -3.11385148194037
7804000 -3.08628284461827
7805000 -3.09886956162777
7806000 -3.11525786436169
7807000 -3.09316609345207
7808000 -3.12662113959934
7809000 -3.0841930964121
7810000 -3.1310204385666
7811000 -3.08947598149397
7812000 -3.11661895823862
7813000 -3.09397268977497
7814000 -3.09575368985101
7815000 -3.12266713465654
7816000 -3.08875335436084
7817000 -3.14105059384856
7818000 -3.07524480554939
7819000 -3.13023625555092
7820000 -3.10805426734368
7821000 -3.11213986901398
7822000 -3.1010283974947
7823000 -3.09171120406022
7824000 -3.14576002217212
7825000 -3.08060225246207
7826000 -3.12792022699497
7827000 -3.09877899664272
7828000 -3.12209816421287
7829000 -3.12037948233574
7830000 -3.09930300263569
7831000 -3.12666700272468
7832000 -3.08188369050805
7833000 -3.13048416696917
7834000 -3.10304950340611
7835000 -3.12941193939707
7836000 -3.10522719478019
7837000 -3.11829070969833
7838000 -3.13253409365768
7839000 -3.10239590641617
7840000 -3.1331930619407
7841000 -3.09342444423795
7842000 -3.14557058742696
7843000 -3.0964719395947
7844000 -3.12055228820164
7845000 -3.12885408052307
7846000 -3.09657548879054
7847000 -3.14167402524351
7848000 -3.1012884004782
7849000 -3.14607168215113
7850000 -3.10288878202502
7851000 -3.13672498452421
7852000 -3.11469366836184
7853000 -3.12730279825871
7854000 -3.14352500139993
7855000 -3.09444405493811
7856000 -3.15419756116035
7857000 -3.09530242562179
7858000 -3.14455504017653
7859000 -3.11473484300938
7860000 -3.13244508499298
7861000 -3.13188192814515
7862000 -3.10963408351163
7863000 -3.14800052884893
7864000 -3.11054568675564
7865000 -3.15431975965192
7866000 -3.0962895909629
7867000 -3.14456203726578
7868000 -3.11802081369619
7869000 -3.14479952617325
7870000 -3.12532635275282
7871000 -3.11332943917098
7872000 -3.15920252191213
7873000 -3.10672090502276
7874000 -3.1420594760628
7875000 -3.13919003703008
7876000 -3.12841793531262
7877000 -3.13843737917338
7878000 -3.12309396164339
7879000 -3.14855810685597
7880000 -3.11101669770327
7881000 -3.15484789156355
7882000 -3.11159094145273
7883000 -3.16835173198556
7884000 -3.12015058333191
7885000 -3.13076944891441
7886000 -3.14615347082837
7887000 -3.1238777262737
7888000 -3.15773953889768
7889000 -3.11728376219327
7890000 -3.14757327236028
7891000 -3.11778221146746
7892000 -3.14896822476549
7893000 -3.13802016006566
7894000 -3.13876902764721
7895000 -3.14337369088441
7896000 -3.11097938063748
7897000 -3.1651707351657
7898000 -3.12591505094425
7899000 -3.14474267672117
7900000 -3.1428001626198
7901000 -3.1438210087791
7902000 -3.15221142922801
7903000 -3.13565024004196
7904000 -3.15872257096716
7905000 -3.11822566757341
7906000 -3.16262542540206
7907000 -3.13347319486131
7908000 -3.15692943795656
7909000 -3.13727941947601
7910000 -3.15883926299506
7911000 -3.1620108718166
7912000 -3.13360687828131
7913000 -3.15777668587848
7914000 -3.13365824998714
7915000 -3.15844873778191
7916000 -3.13956215375241
7917000 -3.14567174072122
7918000 -3.15875457089584
7919000 -3.14157282071656
7920000 -3.16565348371008
7921000 -3.1262139915322
7922000 -3.16195579227304
7923000 -3.14773690606707
7924000 -3.14839814710858
7925000 -3.13897075610556
7926000 -3.14837494369316
7927000 -3.15866118742924
7928000 -3.14365685764823
7929000 -3.16990947626321
7930000 -3.14795069211476
7931000 -3.16545769825017
7932000 -3.15453420304428
7933000 -3.15558249571658
7934000 -3.17137149951854
7935000 -3.12495676671823
7936000 -3.16909177645337
7937000 -3.16012124831485
7938000 -3.1774996504781
7939000 -3.14140587948872
7940000 -3.17905081399141
7941000 -3.16238188595243
7942000 -3.14149922895607
7943000 -3.17030923709913
7944000 -3.15375103257135
7945000 -3.17873339886135
7946000 -3.12867462417476
7947000 -3.17727230689575
7948000 -3.16158660758554
7949000 -3.17485054800008
7950000 -3.15219940014525
7951000 -3.17290309521329
7952000 -3.1701408060472
7953000 -3.15413497965031
7954000 -3.18651659395872
7955000 -3.14777437730709
7956000 -3.18398415179501
7957000 -3.15351648835519
7958000 -3.1698838583896
7959000 -3.17972789256986
7960000 -3.1623294967062
7961000 -3.17493521714557
7962000 -3.15811937013504
7963000 -3.17943625926958
7964000 -3.14024332498738
7965000 -3.19141509319287
7966000 -3.1625094028014
7967000 -3.1681038968023
7968000 -3.18985598679748
7969000 -3.16906911141996
7970000 -3.17102875886868
7971000 -3.16818320285255
7972000 -3.18752778738343
7973000 -3.16599780186362
7974000 -3.18135512942857
7975000 -3.16703144448402
7976000 -3.18259532456607
7977000 -3.17133563990916
7978000 -3.1773836207646
7979000 -3.1872555675996
7980000 -3.14829173262058
7981000 -3.18393458390464
7982000 -3.15453344899237
7983000 -3.19799805254453
7984000 -3.16854906764996
7985000 -3.17006063740608
7986000 -3.18627256148243
7987000 -3.18151341861951
7988000 -3.19828025043583
7989000 -3.15528660121967
7990000 -3.18125628800405
7991000 -3.16796624367316
7992000 -3.19670242698502
7993000 -3.16956332214937
7994000 -3.16059577136206
7995000 -3.19643013785938
7996000 -3.17153202394399
7997000 -3.19365110244693
7998000 -3.17140544580853
7999000 -3.20513523018478
8000000 -3.16987357820196
8001000 -3.19513227991813
8002000 -3.18380769881912
8003000 -3.16489843412874
8004000 -3.20051801771534
8005000 -3.17724539430125
8006000 -3.18445885448654
8007000 -3.17335535914106
8008000 -3.20037895129419
8009000 -3.16699910680929
8010000 -3.19051552831727
8011000 -3.19289486130294
8012000 -3.17679802465327
8013000 -3.20056980742946
8014000 -3.16463519874213
8015000 -3.21576870029477
8016000 -3.15583485476242
8017000 -3.20654807610256
8018000 -3.19173976296155
8019000 -3.17505617020903
8020000 -3.19424992139839
8021000 -3.18266086913276
8022000 -3.18689786998329
8023000 -3.15828729930278
8024000 -3.22157566741175
8025000 -3.18293247699377
8026000 -3.18789826170104
8027000 -3.1987642624788
8028000 -3.18319876551441
8029000 -3.20476410997654
8030000 -3.16846478189934
8031000 -3.21824998838712
8032000 -3.1882596104958
8033000 -3.20535128214302
8034000 -3.18214316395494
8035000 -3.20940764399236
8036000 -3.18862319794618
8037000 -3.1980907204378
8038000 -3.20243595373558
8039000 -3.17746839819681
8040000 -3.22809881808771
8041000 -3.18361024443354
8042000 -3.20822406579539
8043000 -3.18528042746062
8044000 -3.21210475092751
8045000 -3.20011833973372
8046000 -3.19514379379477
8047000 -3.22533119938294
8048000 -3.18647247037317
8049000 -3.21789798362108
8050000 -3.20143888653725
8051000 -3.21645381561477
8052000 -3.20595214812117
8053000 -3.20520663312923
8054000 -3.20549375973545
8055000 -3.20900703199267
8056000 -3.21051160108748
8057000 -3.19016937604795
8058000 -3.22050028159173
8059000 -3.19712852638556
8060000 -3.22663760136807
8061000 -3.18620195041863
8062000 -3.22194271137065
8063000 -3.2117982567364
8064000 -3.19405069229342
8065000 -3.21232034865538
8066000 -3.19883817935212
8067000 -3.21987101530102
8068000 -3.20610276548266
8069000 -3.21257562949837
8070000 -3.20641998405382
8071000 -3.21106279372265
8072000 -3.20483034314883
8073000 -3.21614011042606
8074000 -3.22752679668553
8075000 -3.19665900333484
8076000 -3.22264176337196
8077000 -3.20349360268444
8078000 -3.22023993301255
8079000 -3.20581743641873
8080000 -3.22112359630652
8081000 -3.22294143512283
8082000 -3.19736900151226
8083000 -3.23306552154402
8084000 -3.20307189212245
8085000 -3.21138543238971
8086000 -3.22132511013549
8087000 -3.22752536794526
8088000 -3.2066251812574
8089000 -3.22007885343669
8090000 -3.21678914947312
8091000 -3.2145721077597
8092000 -3.24146268372894
8093000 -3.19281967657711
8094000 -3.24349232773232
8095000 -3.21160205630031
8096000 -3.22346118098299
8097000 -3.22605288460798
8098000 -3.22070713946004
8099000 -3.21705473343764
8100000 -3.2218240147234
8101000 -3.22937896185306
8102000 -3.20304278327391
8103000 -3.24061314513276
8104000 -3.22431372322197
8105000 -3.22595896017356
8106000 -3.23605300658229
8107000 -3.22083531483032
8108000 -3.21074121143047
8109000 -3.24376986483312
8110000 -3.22281031094371
8111000 -3.21285841058828
8112000 -3.23977816990128
8113000 -3.21605378881575
8114000 -3.23152615218969
8115000 -3.23235680859331
8116000 -3.22385743682258
8117000 -3.23017520640305
8118000 -3.22739638661905
8119000 -3.24594289526536
8120000 -3.21949391300736
8121000 -3.23551776364162
8122000 -3.22325038544673
8123000 -3.23351448430207
8124000 -3.23410774814634
8125000 -3.22176696023404
8126000 -3.23290896429547
8127000 -3.21857131744311
8128000 -3.2274082143327
8129000 -3.22961848073331
8130000 -3.23757016572809
8131000 -3.22431925942138
8132000 -3.22958080613797
8133000 -3.23935115542376
8134000 -3.21963944768636
8135000 -3.23851750184867
8136000 -3.23976749000596
8137000 -3.23561979478897
8138000 -3.22846610023582
8139000 -3.24922809396667
8140000 -3.21967290955228
8141000 -3.24925863869611
8142000 -3.24533689063875
8143000 -3.22667801193712
8144000 -3.25607257949946
8145000 -3.23875600953651
8146000 -3.24722105801347
8147000 -3.22655121544932
8148000 -3.25803248083638
8149000 -3.24966234678626
8150000 -3.2320579871635
8151000 -3.24018640920536
8152000 -3.24012590271035
8153000 -3.24437642065281
8154000 -3.24813048700456
8155000 -3.24384070785255
8156000 -3.23547284057324
8157000 -3.24318641363285
8158000 -3.24850640279335
8159000 -3.25310304990008
8160000 -3.25317387206969
8161000 -3.22836336717523
8162000 -3.25578460585445
8163000 -3.24812423943331
8164000 -3.25785905351899
8165000 -3.22118707670153
8166000 -3.26892210096657
8167000 -3.25301582608797
8168000 -3.23247220729992
8169000 -3.24876876768185
8170000 -3.26399273211897
8171000 -3.24151336022214
8172000 -3.2595458843729
8173000 -3.2520477802625
8174000 -3.24661099264433
8175000 -3.26645850870829
8176000 -3.24600555139037
8177000 -3.26125396050717
8178000 -3.25010769269379
8179000 -3.25300501826218
8180000 -3.24531107625075
8181000 -3.26370949281088
8182000 -3.25915213616603
8183000 -3.24861627638076
8184000 -3.25872586641262
8185000 -3.25780342368805
8186000 -3.25410876530786
8187000 -3.24338304386226
8188000 -3.26783353802692
8189000 -3.26149862438439
8190000 -3.25060328761536
8191000 -3.27644041822587
8192000 -3.2436518309421
8193000 -3.27383445637351
8194000 -3.25001464695185
8195000 -3.25746069946888
8196000 -3.25998331751536
8197000 -3.26736696989079
8198000 -3.26403735071657
8199000 -3.25009988474173
8200000 -3.27590447207187
8201000 -3.26377087415659
8202000 -3.27578967327927
8203000 -3.25618825401817
8204000 -3.26696699010806
8205000 -3.2499373089062
8206000 -3.26901191984167
8207000 -3.27355020857277
8208000 -3.23734573386748
8209000 -3.28711770876142
8210000 -3.25596024661921
8211000 -3.28104261407978
8212000 -3.25103881366858
8213000 -3.2932330233614
8214000 -3.25053051058223
8215000 -3.27288069887974
8216000 -3.26506598814017
8217000 -3.28110150734587
8218000 -3.27799927151322
8219000 -3.2537811353044
8220000 -3.28997791407158
8221000 -3.25034941301584
8222000 -3.31038243024036
8223000 -3.25013420828415
8224000 -3.29136495061749
8225000 -3.26583037711687
8226000 -3.27763434288351
8227000 -3.27633707079064
8228000 -3.27564095706132
8229000 -3.28596497076037
8230000 -3.25422887488537
8231000 -3.30568421232685
8232000 -3.25128153077834
8233000 -3.29765438560645
8234000 -3.25537758918768
8235000 -3.28246048052516
8236000 -3.28254032504307
8237000 -3.259910878257
8238000 -3.29621692396102
8239000 -3.25401729945181
8240000 -3.30347290645691
8241000 -3.26416795633648
8242000 -3.30338732002633
8243000 -3.25389241484412
8244000 -3.30322579041189
8245000 -3.28088382798625
8246000 -3.28962240134548
8247000 -3.29063031243078
8248000 -3.26461491882906
8249000 -3.29612836857554
8250000 -3.25478757663272
8251000 -3.3145368401436
8252000 -3.25321064923573
8253000 -3.31440887669476
8254000 -3.25791314259305
8255000 -3.30117175666012
8256000 -3.2857670288319
8257000 -3.26180269517989
8258000 -3.30497958845028
8259000 -3.26010916823609
8260000 -3.29994410706958
8261000 -3.26404110691429
8262000 -3.31686234732619
8263000 -3.26364843114362
8264000 -3.30820241889558
8265000 -3.28377043413901
8266000 -3.29307340498994
8267000 -3.30298287639293
8268000 -3.26047535068484
8269000 -3.31547953353491
8270000 -3.26135085875901
8271000 -3.3076893299455
8272000 -3.27168824500385
8273000 -3.31444101398706
8274000 -3.28571625865616
8275000 -3.29160654944497
8276000 -3.29894476453612
8277000 -3.28738026965778
8278000 -3.31375111062539
8279000 -3.25559445180907
8280000 -3.32057605667309
8281000 -3.26338316690569
8282000 -3.31126726567658
8283000 -3.30170688008682
8284000 -3.29467224248047
8285000 -3.29183647623612
8286000 -3.28386024138137
8287000 -3.31947368252534
8288000 -3.26900104584715
8289000 -3.341510943274
8290000 -3.25819905028668
8291000 -3.32359690163659
8292000 -3.28284025823816
8293000 -3.32183000148874
8294000 -3.29682759541211
8295000 -3.30645481017858
8296000 -3.30730071833892
8297000 -3.28253907793937
8298000 -3.33673913355191
8299000 -3.26946224450844
8300000 -3.33243157119922
8301000 -3.28074253333211
8302000 -3.32002389844724
8303000 -3.29193376240562
8304000 -3.31427249244655
8305000 -3.3120674965341
8306000 -3.2960544918798
8307000 -3.32464424997842
8308000 -3.29032728632282
8309000 -3.31438122897979
8310000 -3.28427943479866
8311000 -3.33096791931083
8312000 -3.2889477980938
8313000 -3.32292850818932
8314000 -3.30524004810737
8315000 -3.29396979443
8316000 -3.32680473511419
8317000 -3.29307728977551
8318000 -3.33621003448368
8319000 -3.29124093624581
8320000 -3.33270456080432
8321000 -3.29386235734888
8322000 -3.32907097393046
8323000 -3.30841930268607
8324000 -3.30251633180024
8325000 -3.34914064906187
8326000 -3.27453130075489
8327000 -3.33099933214679
8328000 -3.27795140421993
8329000 -3.34689886647129
8330000 -3.29625335182277
8331000 -3.33885797790615
8332000 -3.31201929123008
8333000 -3.32463241469926
8334000 -3.31265229489206
8335000 -3.30961074627129
8336000 -3.33920055072391
8337000 -3.29696728286927
8338000 -3.3207225076631
8339000 -3.30362128491909
8340000 -3.34733007971218
8341000 -3.29362967222538
8342000 -3.33972063499168
8343000 -3.31652348247918
8344000 -3.30994760377855
8345000 -3.34146543876987
8346000 -3.29845218192345
8347000 -3.34845151883155
8348000 -3.29619554026182
8349000 -3.34536729181216
8350000 -3.30490646930613
8351000 -3.35266437568046
8352000 -3.31915141726631
8353000 -3.30854499753115
8354000 -3.33878659834963
8355000 -3.32189647815497
8356000 -3.34076238181084
8357000 -3.2902619226557
8358000 -3.36276871171196
8359000 -3.30437790221909
8360000 -3.34233630779127
8361000 -3.3050697343826
8362000 -3.32236360766421
8363000 -3.34699419764173
8364000 -3.324575280952
8365000 -3.32197583234626
8366000 -3.31717583920834
8367000 -3.35279139111547
8368000 -3.30429966196283
8369000 -3.35088773288425
8370000 -3.30778838511974
8371000 -3.34898291444904
8372000 -3.32968936570349
8373000 -3.32621195682689
8374000 -3.34137166809828
8375000 -3.31351220565607
8376000 -3.34820479816283
8377000 -3.3032880046563
8378000 -3.35980372869805
8379000 -3.30383648697356
8380000 -3.36440977691156
8381000 -3.32194895375917
8382000 -3.35402723963462
8383000 -3.32609913440991
8384000 -3.33016061451948
8385000 -3.34825344214197
8386000 -3.31618222847821
8387000 -3.34469331306425
8388000 -3.30599197148473
8389000 -3.37588144387481
8390000 -3.30587044865209
8391000 -3.3620018675743
8392000 -3.31276365645199
8393000 -3.36295066242174
8394000 -3.33656499047683
8395000 -3.32899309334487
8396000 -3.34820777802117
8397000 -3.34174854631005
8398000 -3.36036515166507
8399000 -3.33028638388093
8400000 -3.35904747527772
8401000 -3.319111290137
8402000 -3.36096427534991
8403000 -3.32571643348425
8404000 -3.35280604867292
8405000 -3.34396574946858
8406000 -3.3441523451777
8407000 -3.35591857154001
8408000 -3.34403316820697
8409000 -3.36418931587633
8410000 -3.33082298106089
8411000 -3.36114428093744
8412000 -3.33498790575086
8413000 -3.35976620373249
8414000 -3.33121075747478
8415000 -3.36493663352258
8416000 -3.33418835521193
8417000 -3.35295145672179
8418000 -3.35107603342261
8419000 -3.33648530933867
8420000 -3.36385561358573
8421000 -3.34749556231057
8422000 -3.36687962888595
8423000 -3.33610772671343
8424000 -3.35732601540753
8425000 -3.35059110435195
8426000 -3.35690352845219
8427000 -3.33981579061747
8428000 -3.35982516446149
8429000 -3.37212948713966
8430000 -3.33213450105545
8431000 -3.36627765029096
8432000 -3.34277062381001
8433000 -3.36011298476121
8434000 -3.34078483179429
8435000 -3.36253388417255
8436000 -3.35080821072444
8437000 -3.37305713407382
8438000 -3.34717418802869
8439000 -3.36119514754738
8440000 -3.36485592731298
8441000 -3.35860736452771
8442000 -3.36482603680206
8443000 -3.36506527533762
8444000 -3.37551467172873
8445000 -3.34959117679134
8446000 -3.38050542852087
8447000 -3.34178615550752
8448000 -3.36298256224881
8449000 -3.37239458463543
8450000 -3.35545205220575
8451000 -3.38303836017859
8452000 -3.36055232980931
8453000 -3.36673993887802
8454000 -3.35480706149676
8455000 -3.38345722262326
8456000 -3.35523500107455
8457000 -3.37140225896794
8458000 -3.36793076925068
8459000 -3.36747747673893
8460000 -3.37399879634122
8461000 -3.35274141334069
8462000 -3.38495760960504
8463000 -3.34841284046304
8464000 -3.3855533977787
8465000 -3.35416765857212
8466000 -3.38638594109214
8467000 -3.36208931250425
8468000 -3.36782883371955
8469000 -3.36701472552017
8470000 -3.36786084962456
8471000 -3.38971402447186
8472000 -3.35142551292325
8473000 -3.3888007673632
8474000 -3.34353838123162
8475000 -3.39634147379362
8476000 -3.35798638572593
8477000 -3.39460904862974
8478000 -3.34165367349758
8479000 -3.38359857035396
8480000 -3.37946920936967
8481000 -3.36869634688054
8482000 -3.38553975997922
8483000 -3.36135842240684
8484000 -3.40175375808494
8485000 -3.35377971994093
8486000 -3.39956080146365
8487000 -3.36360204314989
8488000 -3.39308045890369
8489000 -3.35541275389335
8490000 -3.39102766307827
8491000 -3.39223466806109
8492000 -3.38477495640758
8493000 -3.38550850613003
8494000 -3.3828486621848
8495000 -3.38938529713129
8496000 -3.35895482583287
8497000 -3.39813618484954
8498000 -3.35981569678978
8499000 -3.39944612036218
8500000 -3.37724293208521
8501000 -3.38914960759359
8502000 -3.37592841953443
8503000 -3.40576213595997
8504000 -3.37965497850313
8505000 -3.37131739770239
8506000 -3.4121630261471
8507000 -3.36505545443736
8508000 -3.40072362606795
8509000 -3.3783814172529
8510000 -3.40296630850227
8511000 -3.37665659747039
8512000 -3.38333583253609
8513000 -3.3942033704934
8514000 -3.39312179415158
8515000 -3.40028689766959
8516000 -3.36947771729651
8517000 -3.40307423040629
8518000 -3.37245877930676
8519000 -3.40135517967891
8520000 -3.36815325683428
8521000 -3.40831641508921
8522000 -3.3677078725581
8523000 -3.39789242009386
8524000 -3.3896098458845
8525000 -3.40314641276452
8526000 -3.39647624546686
8527000 -3.38916777040746
8528000 -3.40883872586803
8529000 -3.37944826924458
8530000 -3.41119111493365
8531000 -3.37118300809647
8532000 -3.42161368602687
8533000 -3.36833030200189
8534000 -3.41995082521419
8535000 -3.39822153146871
8536000 -3.39640291587446
8537000 -3.39586639377575
8538000 -3.40631730959875
8539000 -3.39228686118119
8540000 -3.38971435046951
8541000 -3.41733814417169
8542000 -3.3889497502014
8543000 -3.40108188064147
8544000 -3.39588020763568
8545000 -3.4256395959955
8546000 -3.37742649652369
8547000 -3.41572802398975
8548000 -3.39725525185506
8549000 -3.40385825330492
8550000 -3.39646291195547
8551000 -3.41112949476997
8552000 -3.41714350019278
8553000 -3.38741826718936
8554000 -3.42247931768172
8555000 -3.39250810039351
8556000 -3.41250859058424
8557000 -3.40215275686358
8558000 -3.41266939897967
8559000 -3.41315358758514
8560000 -3.4000788903171
8561000 -3.42223218735516
8562000 -3.40781393856977
8563000 -3.41056361983302
8564000 -3.41574439209644
8565000 -3.41934795080443
8566000 -3.39599756305346
8567000 -3.42887416756521
8568000 -3.40040296711325
8569000 -3.42443805422449
8570000 -3.40663944898626
8571000 -3.42018288199492
8572000 -3.41259399788261
8573000 -3.42868654737764
8574000 -3.41420446857449
8575000 -3.41636786694893
8576000 -3.41897027520868
8577000 -3.38802549353154
8578000 -3.43888953446894
8579000 -3.39078289185534
8580000 -3.42813935626209
8581000 -3.41864672283249
8582000 -3.42039261552808
8583000 -3.40098807037635
8584000 -3.4069150345799
8585000 -3.40621356569831
8586000 -3.40093842081249
8587000 -3.42460091771769
8588000 -3.40583656465029
8589000 -3.41663364006135
8590000 -3.40700351787409
8591000 -3.44663214755587
8592000 -3.38884136196053
8593000 -3.43484875284817
8594000 -3.41149817269048
8595000 -3.42570148649748
8596000 -3.3938078314585
8597000 -3.43414587357221
8598000 -3.43800255576457
8599000 -3.41840992298591
8600000 -3.42564690383341
8601000 -3.42098819905122
8602000 -3.43341632247548
8603000 -3.40435319129391
8604000 -3.43971435018379
8605000 -3.42812478088999
8606000 -3.4168524149781
8607000 -3.42812837461654
8608000 -3.45652808327024
8609000 -3.4184092930666
8610000 -3.41906890679668
8611000 -3.44424822963186
8612000 -3.40456612936058
8613000 -3.46117693406951
8614000 -3.39799078582645
8615000 -3.43406988873682
8616000 -3.42078061483003
8617000 -3.44500773629562
8618000 -3.4160971293583
8619000 -3.44120955764964
8620000 -3.41915050437329
8621000 -3.42285453616064
8622000 -3.4270339369224
8623000 -3.43696952521871
8624000 -3.42414148145227
8625000 -3.43306247279483
8626000 -3.45161631177949
8627000 -3.41082325887075
8628000 -3.44747840932806
8629000 -3.42051892025411
8630000 -3.45993162469305
8631000 -3.42758255549981
8632000 -3.42783508870012
8633000 -3.43979491671286
8634000 -3.4550426006925
8635000 -3.42027297538604
8636000 -3.44053519555007
8637000 -3.46092298299817
8638000 -3.42223332623133
8639000 -3.44241151479674
8640000 -3.42633478459505
8641000 -3.45278756870395
8642000 -3.41944383153329
8643000 -3.45438818782488
8644000 -3.43498085208711
8645000 -3.44246905263229
8646000 -3.44609675211899
8647000 -3.43716723928124
8648000 -3.44724757564739
8649000 -3.4548788735845
8650000 -3.42842129755798
8651000 -3.43807016986857
8652000 -3.46219446417412
8653000 -3.42857890443398
8654000 -3.45954603236792
8655000 -3.44293309979805
8656000 -3.44343409168962
8657000 -3.43456539924846
8658000 -3.45402445212387
8659000 -3.45032402502567
8660000 -3.43899608510035
8661000 -3.44588219021852
8662000 -3.45202351567097
8663000 -3.4491780929202
8664000 -3.45437865767895
8665000 -3.44018390012941
8666000 -3.45697114320036
8667000 -3.45396001753923
8668000 -3.45895480899017
8669000 -3.44401697126128
8670000 -3.47191276672916
8671000 -3.44335180052269
8672000 -3.45910984111263
8673000 -3.45511597402314
8674000 -3.45435127606291
8675000 -3.45705063861282
8676000 -3.4652399277149
8677000 -3.44973193908413
8678000 -3.45967665582179
8679000 -3.45885244877932
8680000 -3.47482839540286
8681000 -3.4449256893682
8682000 -3.47625679551981
8683000 -3.45840448171752
8684000 -3.45115874308944
8685000 -3.45925180410404
8686000 -3.47669212037204
8687000 -3.44991757118662
8688000 -3.46663794344012
8689000 -3.46492496832644
8690000 -3.46301363464267
8691000 -3.45957309263724
8692000 -3.47153015324326
8693000 -3.45025517356379
8694000 -3.44688462254775
8695000 -3.46676396996969
8696000 -3.46958155550722
8697000 -3.45629624194765
8698000 -3.45960400071263
8699000 -3.48051772162504
8700000 -3.45000718932544
8701000 -3.44926695442771
8702000 -3.48370262735852
8703000 -3.46862705124516
8704000 -3.47242517707906
8705000 -3.46846711372006
8706000 -3.47047891243509
8707000 -3.479351935899
8708000 -3.46953855683024
8709000 -3.45602961116869
8710000 -3.48366036501148
8711000 -3.46814789899781
8712000 -3.46637430946172
8713000 -3.47149103135784
8714000 -3.47278615395991
8715000 -3.46417903932968
8716000 -3.46529767755756
8717000 -3.48103543197132
8718000 -3.46625443956285
8719000 -3.48487709072667
8720000 -3.47079395567172
8721000 -3.48778706452121
8722000 -3.46424194985274
8723000 -3.48583735070853
8724000 -3.46301417595136
8725000 -3.48129190208632
8726000 -3.47177818708293
8727000 -3.47282491834129
8728000 -3.47315100331094
8729000 -3.48296342933362
8730000 -3.47286271329579
8731000 -3.48733906940863
8732000 -3.47834205184123
8733000 -3.4686484704814
8734000 -3.48214341113913
8735000 -3.47964197494641
8736000 -3.47762417142801
8737000 -3.49120091315078
8738000 -3.48558565679548
8739000 -3.47794043180409
8740000 -3.48901102254898
8741000 -3.48562946317869
8742000 -3.48066405448321
8743000 -3.4872329101757
8744000 -3.47157584916788
8745000 -3.48664368429036
8746000 -3.48927169956034
8747000 -3.49397172922702
8748000 -3.47833813496977
8749000 -3.49705188487607
8750000 -3.47953862579206
8751000 -3.49197684432192
8752000 -3.48647389551256
8753000 -3.49257109378719
8754000 -3.4938929243141
8755000 -3.48174094695094
8756000 -3.49526727814974
8757000 -3.47311402899177
8758000 -3.50045574804719
8759000 -3.48141927417668
8760000 -3.49438823120128
8761000 -3.47595582867281
8762000 -3.50011056249898
8763000 -3.47844250632796
8764000 -3.50132796744808
8765000 -3.48747350540568
8766000 -3.49789805467615
8767000 -3.48114273761471
8768000 -3.49452934684215
8769000 -3.47829733273765
8770000 -3.49609941686648
8771000 -3.49885731932918
8772000 -3.49454084966137
8773000 -3.48320364943402
8774000 -3.50939546534539
8775000 -3.49868563246804
8776000 -3.50338474561916
8777000 -3.49649021026905
8778000 -3.50025090432015
8779000 -3.49415856742161
8780000 -3.49941511467689
8781000 -3.48101945887323
8782000 -3.51431349258764
8783000 -3.48411350190646
8784000 -3.49379201196301
8785000 -3.50453149012633
8786000 -3.49905045052683
8787000 -3.50146332939914
8788000 -3.48223066740709
8789000 -3.51815342089224
8790000 -3.49484094694539
8791000 -3.50170465487
8792000 -3.49857044219422
8793000 -3.50455977795474
8794000 -3.50669158028348
8795000 -3.4921347402992
8796000 -3.49988695587116
8797000 -3.51698232387573
8798000 -3.48803718468789
8799000 -3.49040905163779
8800000 -3.51731081520295
8801000 -3.48680597975463
8802000 -3.50739885418969
8803000 -3.50587943480847
8804000 -3.51525289816092
8805000 -3.51018765378669
8806000 -3.51062829380123
8807000 -3.50785041872225
8808000 -3.50717009476967
8809000 -3.50637303228629
8810000 -3.5044966898554
8811000 -3.52043764602476
8812000 -3.49590921167635
8813000 -3.51794192507279
8814000 -3.50341885037677
8815000 -3.52841568060772
8816000 -3.50003162842322
8817000 -3.54134701285447
8818000 -3.47827458529692
8819000 -3.5440220322093
8820000 -3.50968184951769
8821000 -3.5216824248887
8822000 -3.51341014557125
8823000 -3.51756289653014
8824000 -3.50879016720238
8825000 -3.51041895240879
8826000 -3.53478775712705
8827000 -3.50822998951969
8828000 -3.52631540742101
8829000 -3.50207434548969
8830000 -3.52249987674847
8831000 -3.51189388775885
8832000 -3.51960620175662
8833000 -3.52806526948996
8834000 -3.51076868614082
8835000 -3.52784811236456
8836000 -3.50217067805387
8837000 -3.53162616937187
8838000 -3.50347519662261
8839000 -3.55292176301328
8840000 -3.49865963275349
8841000 -3.54214980648455
8842000 -3.50641381747626
8843000 -3.54007036474655
8844000 -3.48655242536985
8845000 -3.53092455635307
8846000 -3.52944810216259
8847000 -3.51142230826749
8848000 -3.52128828062901
8849000 -3.52111356594442
8850000 -3.52997235175675
8851000 -3.50361094448605
8852000 -3.55069915200705
8853000 -3.50202548359945
8854000 -3.5431600915331
8855000 -3.49906190541928
8856000 -3.54810184487703
8857000 -3.51428535037377
8858000 -3.54038989201593
8859000 -3.51546560870051
8860000 -3.52189000553759
8861000 -3.53326708474794
8862000 -3.51562640766161
8863000 -3.54307180317967
8864000 -3.51766850186181
8865000 -3.54771256621457
8866000 -3.52164243959697
8867000 -3.55450091369589
8868000 -3.50418208808706
8869000 -3.5456134318261
8870000 -3.54386980664986
8871000 -3.54271547065364
8872000 -3.52416525484473
8873000 -3.55044464600674
8874000 -3.53158029846185
8875000 -3.53614365814862
8876000 -3.57074150575397
8877000 -3.51587960525807
8878000 -3.55979227863224
8879000 -3.52430989404573
8880000 -3.55638588266809
8881000 -3.51734328145706
8882000 -3.56582570348117
8883000 -3.49775186581255
8884000 -3.57273722684108
8885000 -3.52020992308244
8886000 -3.55267065512137
8887000 -3.53690520884861
8888000 -3.54267313619278
8889000 -3.53208340796035
8890000 -3.53851191243543
8891000 -3.55891696755657
8892000 -3.52194431318112
8893000 -3.56227580400973
8894000 -3.53352236205645
8895000 -3.57286287206422
8896000 -3.50446940244377
8897000 -3.57426066089446
8898000 -3.52473877606101
8899000 -3.56797893571114
8900000 -3.52098298965337
8901000 -3.56141405478582
8902000 -3.53736128452625
8903000 -3.55452069645224
8904000 -3.53670639877103
8905000 -3.54251616342997
8906000 -3.55687863610885
8907000 -3.54256718164081
8908000 -3.55210260982153
8909000 -3.52645062493046
8910000 -3.55434565927688
8911000 -3.544542245877
8912000 -3.54870431602535
8913000 -3.55217992130067
8914000 -3.55274839032268
8915000 -3.54810910784574
8916000 -3.55198381162817
8917000 -3.56640895388528
8918000 -3.53599864835749
8919000 -3.56701498303639
8920000 -3.5333992218577
8921000 -3.57364489951975
8922000 -3.52962543180125
8923000 -3.55775259306334
8924000 -3.54898839688211
8925000 -3.56785457218813
8926000 -3.54632099565173
8927000 -3.57829226277604
8928000 -3.53836323003157
8929000 -3.56609850345716
8930000 -3.5532137156611
8931000 -3.55712854790975
8932000 -3.56049633304261
8933000 -3.5587385945115
8934000 -3.5603730356624
8935000 -3.56425192125204
8936000 -3.56521112853755
8937000 -3.57104043760888
8938000 -3.56887722793062
8939000 -3.54805515358274
8940000 -3.56006530798654
8941000 -3.56957597048658
8942000 -3.5562477894349
8943000 -3.5675192956984
8944000 -3.55565986692712
8945000 -3.56517253100875
8946000 -3.56280761295765
8947000 -3.58556130803394
8948000 -3.54031376888495
8949000 -3.56858743933438
8950000 -3.56206400913627
8951000 -3.54258748913598
8952000 -3.58598724446118
8953000 -3.56671027391872
8954000 -3.55023477063249
8955000 -3.57365257471911
8956000 -3.58376638830312
8957000 -3.56962366721884
8958000 -3.57921168428069
8959000 -3.54516987231239
8960000 -3.5984733386278
8961000 -3.53273509036985
8962000 -3.58962153340389
8963000 -3.55557088254623
8964000 -3.59166674312574
8965000 -3.54636040434435
8966000 -3.60016534042632
8967000 -3.56869223913904
8968000 -3.57832753425668
8969000 -3.55407840700527
8970000 -3.58961666179913
8971000 -3.57550748485035
8972000 -3.57619466423515
8973000 -3.57080702154838
8974000 -3.57880314763573
8975000 -3.58565404564346
8976000 -3.57485824291762
8977000 -3.59084958605402
8978000 -3.56184598794834
8979000 -3.57934487718639
8980000 -3.56839917094644
8981000 -3.59660219178708
8982000 -3.56460095227829
8983000 -3.59555194800111
8984000 -3.56554139013155
8985000 -3.58919281553665
8986000 -3.58997299614384
8987000 -3.5628527091743
8988000 -3.5923992356763
8989000 -3.56793496087622
8990000 -3.57189542829921
8991000 -3.58390642578622
8992000 -3.58276746993334
8993000 -3.56744484310482
8994000 -3.60900665323888
8995000 -3.56965745201397
8996000 -3.59816814396264
8997000 -3.57125794318952
8998000 -3.58633882787194
8999000 -3.58562409570826
9000000 -3.59710594186902
9001000 -3.58779125367656
9002000 -3.5940911783793
9003000 -3.58024521238441
9004000 -3.57326616211749
9005000 -3.59437182305269
9006000 -3.57649122691724
9007000 -3.59970104804
9008000 -3.55566056325463
9009000 -3.619903119976
9010000 -3.56773931523617
9011000 -3.60777789486891
9012000 -3.57647390094763
9013000 -3.62038233900719
9014000 -3.55938191701451
9015000 -3.6149601104815
9016000 -3.56804926794458
9017000 -3.60399649233595
9018000 -3.57980786666801
9019000 -3.60063936973256
9020000 -3.58543742416369
9021000 -3.58976325370233
9022000 -3.61036240331103
9023000 -3.57552306970712
9024000 -3.60818741324522
9025000 -3.56377336385409
9026000 -3.63212709967397
9027000 -3.56811164034438
9028000 -3.60672115263496
9029000 -3.57997620578342
9030000 -3.62234586310564
9031000 -3.57166475003736
9032000 -3.61388959116194
9033000 -3.58208702390073
9034000 -3.62322110016363
9035000 -3.58258528630188
9036000 -3.60560512048238
9037000 -3.59800957939107
9038000 -3.59462553704311
9039000 -3.60318384947169
9040000 -3.59201555326261
9041000 -3.59936478720701
9042000 -3.59023991188845
9043000 -3.62062631518069
9044000 -3.58783249385032
9045000 -3.62053525410537
9046000 -3.58680430158541
9047000 -3.62986709613227
9048000 -3.58981561773788
9049000 -3.60657185671927
9050000 -3.59773897900213
9051000 -3.6111562160144
9052000 -3.59406650685815
9053000 -3.61693466935941
9054000 -3.6116413418555
9055000 -3.59906769695305
9056000 -3.62076290897993
9057000 -3.58927409215375
9058000 -3.63676332709994
9059000 -3.58355292351977
9060000 -3.6202524961957
9061000 -3.6000749312995
9062000 -3.63566815150346
9063000 -3.5869308637243
9064000 -3.61390865793572
9065000 -3.61139983918148
9066000 -3.6127725855726
9067000 -3.60987184588165
9068000 -3.60334833455777
9069000 -3.62496939251056
9070000 -3.59173940638817
9071000 -3.62710960408994
9072000 -3.59557808921367
9073000 -3.62931564175402
9074000 -3.58989488489211
9075000 -3.63380893969892
9076000 -3.59683565090317
9077000 -3.63352506191124
9078000 -3.60259614242214
9079000 -3.62858227548161
9080000 -3.612244253662
9081000 -3.62339034541335
9082000 -3.61272989817365
9083000 -3.62132667073372
9084000 -3.62208791433404
9085000 -3.6064488128828
9086000 -3.64244710433255
9087000 -3.60002528491872
9088000 -3.64282760451474
9089000 -3.59538998593899
9090000 -3.64562477360962
9091000 -3.60914673829827
9092000 -3.62621153011383
9093000 -3.62353376492658
9094000 -3.62163456487721
9095000 -3.62854548577994
9096000 -3.61757531763652
9097000 -3.61684070413095
9098000 -3.62921463761136
9099000 -3.6554457719133
9100000 -3.59805663317799
9101000 -3.65733546864438
9102000 -3.60972914184879
9103000 -3.63561730269578
9104000 -3.61475602477328
9105000 -3.65019812763228
9106000 -3.6163155125623
9107000 -3.6412765488346
9108000 -3.61313177016471
9109000 -3.63494189805213
9110000 -3.64672933703045
9111000 -3.60263293455942
9112000 -3.67200350672389
9113000 -3.59995644225849
9114000 -3.63586381809692
9115000 -3.61077134591749
9116000 -3.64930438459912
9117000 -3.60053646428229
9118000 -3.67619082990924
9119000 -3.58391130736855
9120000 -3.6624248864401
9121000 -3.62740783549554
9122000 -3.64710789125718
9123000 -3.61625304518141
9124000 -3.6539075731397
9125000 -3.63271803440851
9126000 -3.63379478076206
9127000 -3.64536392743772
9128000 -3.62541694971245
9129000 -3.63812470694739
9130000 -3.64055283008399
9131000 -3.64354694171305
9132000 -3.61124605472702
9133000 -3.6667383691051
9134000 -3.62984428008389
9135000 -3.6575151072023
9136000 -3.61339992964625
9137000 -3.67307853414343
9138000 -3.63581674675097
9139000 -3.65455495149201
9140000 -3.64841972930695
9141000 -3.64157801539872
9142000 -3.63930360061604
9143000 -3.65363037063224
9144000 -3.64522064138515
9145000 -3.64034632035375
9146000 -3.67246106695077
9147000 -3.61855223815482
9148000 -3.67447335215572
9149000 -3.63751518741606
9150000 -3.66390597480758
9151000 -3.62195077042853
9152000 -3.68765089845894
9153000 -3.61676241011453
9154000 -3.66186600884008
9155000 -3.64529414834355
9156000 -3.64289139755102
9157000 -3.66004770319547
9158000 -3.65909256258233
9159000 -3.64883973967074
9160000 -3.63884743247495
9161000 -3.68147964434648
9162000 -3.60832444404471
9163000 -3.6830247880899
9164000 -3.62654141234001
9165000 -3.66416731975815
9166000 -3.63388906491445
9167000 -3.67082249709713
9168000 -3.6490590051625
9169000 -3.6479204395336
9170000 -3.65673661087794
9171000 -3.6592237575392
9172000 -3.66123936058611
9173000 -3.61857243373193
9174000 -3.70747160040497
9175000 -3.6186612180657
9176000 -3.6895041294648
9177000 -3.64058768907316
9178000 -3.68748578969444
9179000 -3.61456263329714
9180000 -3.69727958667674
9181000 -3.65127380470262
9182000 -3.67100914020291
9183000 -3.66566452206479
9184000 -3.67000045798041
9185000 -3.66138756329214
9186000 -3.63349197075633
9187000 -3.7046273267004
9188000 -3.62528788243401
9189000 -3.67669367590129
9190000 -3.64510702990373
9191000 -3.70471554696015
9192000 -3.60822210660006
9193000 -3.70262749491351
9194000 -3.64829344528995
9195000 -3.67030219260956
9196000 -3.6699954209928
9197000 -3.6406253595756
9198000 -3.69898416718388
9199000 -3.62856131290587
9200000 -3.70041941864299
9201000 -3.62545298022681
9202000 -3.72795807191293
9203000 -3.60714113311246
9204000 -3.7191789369667
9205000 -3.61031310985415
9206000 -3.71493311437453
9207000 -3.63862065366589
9208000 -3.69747149059537
9209000 -3.64853904547885
9210000 -3.69649946580927
9211000 -3.67812573077291
9212000 -3.65739385982709
9213000 -3.70362950022033
9214000 -3.64761531321169
9215000 -3.70240220970251
9216000 -3.63552374610028
9217000 -3.71126953458849
9218000 -3.64616258593234
9219000 -3.71120371336577
9220000 -3.66994856241104
9221000 -3.69169311442545
9222000 -3.66374577101885
9223000 -3.66441273206326
9224000 -3.69854346457656
9225000 -3.67262399353415
9226000 -3.69112459399888
9227000 -3.65679722053221
9228000 -3.70312471541231
9229000 -3.64086970782459
9230000 -3.7075644645516
9231000 -3.66322749132452
9232000 -3.68307494721827
9233000 -3.65154209365812
9234000 -3.71078616788933
9235000 -3.6706986626332
9236000 -3.68816625113137
9237000 -3.66768875780317
9238000 -3.67750682921236
9239000 -3.68988320989993
9240000 -3.66497844880313
9241000 -3.69812008178957
9242000 -3.67067296256521
9243000 -3.69767080440486
9244000 -3.67288275611088
9245000 -3.69856744734615
9246000 -3.67248728504713
9247000 -3.68678411752242
9248000 -3.67261958596755
9249000 -3.68993571927501
9250000 -3.69193825519358
9251000 -3.67087402267424
9252000 -3.70794505022738
9253000 -3.67458425538774
9254000 -3.69633479142044
9255000 -3.68968920738767
9256000 -3.69096627938152
9257000 -3.66684919014796
9258000 -3.71413438031434
9259000 -3.67128547090832
9260000 -3.69082024680019
9261000 -3.69524413110143
9262000 -3.69730740346668
9263000 -3.69254366980804
9264000 -3.68109455749159
9265000 -3.72345583941078
9266000 -3.65914221716405
9267000 -3.72084157631924
9268000 -3.66868314827553
9269000 -3.72090990630183
9270000 -3.66124861841516
9271000 -3.72326701996703
9272000 -3.66863123861587
9273000 -3.72284555374594
9274000 -3.67268447094546
9275000 -3.71695542668871
9276000 -3.67240118072638
9277000 -3.71833434933259
9278000 -3.68736279352333
9279000 -3.70719311549032
9280000 -3.70645153725743
9281000 -3.68177893308596
9282000 -3.71706299364472
9283000 -3.68191069856852
9284000 -3.72155321655917
9285000 -3.67636497720221
9286000 -3.71538498008702
9287000 -3.67531107907226
9288000 -3.73358583491942
9289000 -3.67455384481074
9290000 -3.73127933557641
9291000 -3.65983852427982
9292000 -3.70658926853414
9293000 -3.68258349608542
9294000 -3.71028655781848
9295000 -3.70653410369716
9296000 -3.69621241816508
9297000 -3.73458759134112
9298000 -3.67362357998485
9299000 -3.73672139000373
9300000 -3.66860044909052
9301000 -3.72748116459633
9302000 -3.67577141583032
9303000 -3.71704189299927
9304000 -3.69026496029387
9305000 -3.71870543555383
9306000 -3.72526979343129
9307000 -3.66974686423859
9308000 -3.73743347404612
9309000 -3.68069667198324
9310000 -3.75092574194086
9311000 -3.66693550353056
9312000 -3.76234026155646
9313000 -3.66218653855545
9314000 -3.75779528197214
9315000 -3.68436368168635
9316000 -3.73507568248709
9317000 -3.70637334850753
9318000 -3.72213627035902
9319000 -3.69974694102465
9320000 -3.7277933962694
9321000 -3.72540468031837
9322000 -3.69567970369724
9323000 -3.75176203054908
9324000 -3.69582017961612
9325000 -3.75320521989881
9326000 -3.69921147543738
9327000 -3.74420600437971
9328000 -3.71040258239992
9329000 -3.74080940309812
9330000 -3.68402694757525
9331000 -3.76263487788938
9332000 -3.70230295532649
9333000 -3.73590685909796
9334000 -3.72575086254965
9335000 -3.73083121097657
9336000 -3.70805100754035
9337000 -3.74170488475608
9338000 -3.715562257783
9339000 -3.72769758916648
9340000 -3.70981651589093
9341000 -3.7383244826926
9342000 -3.72616568919
9343000 -3.70754400821445
9344000 -3.75085226783537
9345000 -3.69595789560015
9346000 -3.72901425633893
9347000 -3.73186660488747
9348000 -3.74336673448182
9349000 -3.69314893336991
9350000 -3.75254722041722
9351000 -3.69548411023344
9352000 -3.72777898410163
9353000 -3.73473025741841
9354000 -3.73215213802617
9355000 -3.71431268743138
9356000 -3.72801894207212
9357000 -3.73903262253654
9358000 -3.71077991392356
9359000 -3.75333866390207
9360000 -3.71262828635958
9361000 -3.74585041078637
9362000 -3.71633629234473
9363000 -3.74512106844342
9364000 -3.7174149464106
9365000 -3.74997066321585
9366000 -3.71257670679329
9367000 -3.73527693011584
9368000 -3.74060542768411
9369000 -3.72401510081536
9370000 -3.74323564540842
9371000 -3.72565944365298
9372000 -3.7446889620429
9373000 -3.71725829151013
9374000 -3.75657774268037
9375000 -3.71034624131984
9376000 -3.74639414656079
9377000 -3.73244259946276
9378000 -3.74256607739925
9379000 -3.72504406439069
9380000 -3.74124206929447
9381000 -3.73929322358946
9382000 -3.7281372078591
9383000 -3.74935794829235
9384000 -3.73467915712147
9385000 -3.74904771703841
9386000 -3.72860821094348
9387000 -3.75965969732186
9388000 -3.72056570553093
9389000 -3.76185683356321
9390000 -3.71304673895711
9391000 -3.7640813447688
9392000 -3.70851776054773
9393000 -3.77014441029648
9394000 -3.72174067840954
9395000 -3.76377641494297
9396000 -3.72246267218764
9397000 -3.77157387927397
9398000 -3.72204326155812
9399000 -3.75548668801376
9400000 -3.73092474223577
9401000 -3.74756944683145
9402000 -3.75792174258117
9403000 -3.73269090454631
9404000 -3.76999772650073
9405000 -3.71576872726674
9406000 -3.77143176417669
9407000 -3.72522931052579
9408000 -3.78776205633151
9409000 -3.69674534287939
9410000 -3.80697449935181
9411000 -3.7035509757508
9412000 -3.77763308728741
9413000 -3.73304422510081
9414000 -3.7658606916616
9415000 -3.7364670420916
9416000 -3.76763799370131
9417000 -3.75616972607016
9418000 -3.73565589383121
9419000 -3.77204346426923
9420000 -3.72951473879702
9421000 -3.78542009097134
9422000 -3.71471863350158
9423000 -3.80768155829844
9424000 -3.7154065398364
9425000 -3.79791614219883
9426000 -3.72424222752963
9427000 -3.79354105550172
9428000 -3.73189850893279
9429000 -3.79398794703978
9430000 -3.71981950102485
9431000 -3.77701026621208
9432000 -3.74646439630588
9433000 -3.75297076636823
9434000 -3.77300517415845
9435000 -3.74213122565335
9436000 -3.77897989800983
9437000 -3.73045230165579
9438000 -3.79661409029464
9439000 -3.72005579526514
9440000 -3.79304780546728
9441000 -3.74344768696884
9442000 -3.80040521692751
9443000 -3.71818889237026
9444000 -3.79526172684731
9445000 -3.74097956154945
9446000 -3.7659701758693
9447000 -3.7606203002802
9448000 -3.77406723116146
9449000 -3.77446898008785
9450000 -3.75216582573939
9451000 -3.78802141147879
9452000 -3.74941358949551
9453000 -3.7984434465261
9454000 -3.72730639461818
9455000 -3.80548474244701
9456000 -3.73395397904089
9457000 -3.8157266124193
9458000 -3.73351651696302
9459000 -3.80625161188301
9460000 -3.75237083422185
9461000 -3.79578171120283
9462000 -3.75253056508352
9463000 -3.78608280446703
9464000 -3.77022370694968
9465000 -3.77389978439613
9466000 -3.78468015786227
9467000 -3.74921235369435
9468000 -3.79841299603249
9469000 -3.73353417735735
9470000 -3.80796731175975
9471000 -3.72141351534359
9472000 -3.82295211797448
9473000 -3.74799110110356
9474000 -3.81109230904273
9475000 -3.73185094692444
9476000 -3.81796744513853
9477000 -3.74873425212228
9478000 -3.78996936997701
9479000 -3.77752724249823
9480000 -3.76447390572082
9481000 -3.77488115636804
9482000 -3.77827580756978
9483000 -3.78241665298498
9484000 -3.74939260406159
9485000 -3.81582281367301
9486000 -3.75379612077368
9487000 -3.80599208906086
9488000 -3.76395874403181
9489000 -3.82734419846105
9490000 -3.72438960721364
9491000 -3.84086887295736
9492000 -3.74443994331594
9493000 -3.81160041776398
9494000 -3.76158446647487
9495000 -3.81509781136113
9496000 -3.75287884928489
9497000 -3.81694189548871
9498000 -3.7558754123428
9499000 -3.80791173326485
9500000 -3.77698305941882
9501000 -3.79087697706238
9502000 -3.7650396517007
9503000 -3.80441657533714
9504000 -3.78568712156753
9505000 -3.76750227269738
9506000 -3.79941628906706
9507000 -3.76892694482696
9508000 -3.79906731482951
9509000 -3.76937944835237
9510000 -3.81746414567569
9511000 -3.75774544459805
9512000 -3.84293587280846
9513000 -3.75510673399714
9514000 -3.82407028833795
9515000 -3.78196160401027
9516000 -3.81524113162351
9517000 -3.77746182398978
9518000 -3.81735239539493
9519000 -3.79046962781641
9520000 -3.79708773273349
9521000 -3.80946975718227
9522000 -3.77803405310931
9523000 -3.81305944978622
9524000 -3.77869995048455
9525000 -3.79676770016243
9526000 -3.76962659341652
9527000 -3.83563721000862
9528000 -3.75332938116387
9529000 -3.84922243367612
9530000 -3.75895830217211
9531000 -3.8273731497051
9532000 -3.78714718759532
9533000 -3.82585185124203
9534000 -3.78626785734409
9535000 -3.82685305078773
9536000 -3.78188189967582
9537000 -3.81597673592038
9538000 -3.79172108240257
9539000 -3.77871155698331
9540000 -3.829395829163
9541000 -3.77635036898596
9542000 -3.82150044006914
9543000 -3.75930620540082
9544000 -3.85621890012413
9545000 -3.75167833520542
9546000 -3.8632299156396
9547000 -3.73273088088565
9548000 -3.85887793652909
9549000 -3.75939354007756
9550000 -3.84005803110132
9551000 -3.77994825884763
9552000 -3.82352375094467
9553000 -3.7949434479401
9554000 -3.81194274931408
9555000 -3.80317657005969
9556000 -3.81227471845382
9557000 -3.84206862216324
9558000 -3.77491152500068
9559000 -3.85431576863619
9560000 -3.77529411519983
9561000 -3.86099854211463
9562000 -3.75743123791051
9563000 -3.87461168049284
9564000 -3.76184611740192
9565000 -3.86499093937775
9566000 -3.77719657049555
9567000 -3.87014385492372
9568000 -3.7592270981264
9569000 -3.87104988815922
9570000 -3.7516351239788
9571000 -3.8506479403086
9572000 -3.79233402348861
9573000 -3.83389618936088
9574000 -3.80658320179739
9575000 -3.81789616510566
9576000 -3.82251487197804
9577000 -3.79611867097067
9578000 -3.84830274296789
9579000 -3.79350282768646
9580000 -3.86501401982112
9581000 -3.76783969025516
9582000 -3.8741614862603
9583000 -3.7584460127372
9584000 -3.86411639269156
9585000 -3.78753493849637
9586000 -3.83726226916342
9587000 -3.80335351115724
9588000 -3.8709340031231
9589000 -3.7861369021369
9590000 -3.83807410998085
9591000 -3.81853904999552
9592000 -3.80818766683237
9593000 -3.83100422192174
9594000 -3.81760425270948
9595000 -3.83704033898517
9596000 -3.79384330727477
9597000 -3.850535606322
9598000 -3.8098770802756
9599000 -3.86065472544371
9600000 -3.77463030573242
9601000 -3.87194501444929
9602000 -3.80557468448951
9603000 -3.83551661559608
9604000 -3.81297757749551
9605000 -3.84680225464595
9606000 -3.80143458115504
9607000 -3.84574788387101
9608000 -3.83123449107754
9609000 -3.82998483257539
9610000 -3.83136706104749
9611000 -3.82881855767802
9612000 -3.85388110894167
9613000 -3.79534962043227
9614000 -3.86193993644551
9615000 -3.81072551425264
9616000 -3.86290094758586
9617000 -3.78544763068282
9618000 -3.86957397386122
9619000 -3.79507583243655
9620000 -3.87004022992461
9621000 -3.79450725051061
9622000 -3.86687254053933
9623000 -3.7976097008948
9624000 -3.87208928692956
9625000 -3.81022938058913
9626000 -3.86234451763408
9627000 -3.82578311073912
9628000 -3.82647584230314
9629000 -3.86860385904954
9630000 -3.82007255705912
9631000 -3.84310573832378
9632000 -3.84230922605074
9633000 -3.85260169604793
9634000 -3.78936403421363
9635000 -3.90233269265042
9636000 -3.79298673128805
9637000 -3.86923242804228
9638000 -3.81617329753075
9639000 -3.87062308511283
9640000 -3.80875144303227
9641000 -3.90401332585992
9642000 -3.8096648188089
9643000 -3.86819392007967
9644000 -3.8151684947286
9645000 -3.86960645017149
9646000 -3.82494003294362
9647000 -3.87953505198172
9648000 -3.83184769553042
9649000 -3.85864049585772
9650000 -3.8288847561
9651000 -3.85878072559689
9652000 -3.85155983349965
9653000 -3.84148849989941
9654000 -3.86133109730452
9655000 -3.83228067149667
9656000 -3.87898869861926
9657000 -3.84430908263901
9658000 -3.8662330507311
9659000 -3.84964237036324
9660000 -3.87928534162538
9661000 -3.80861378930906
9662000 -3.89933566968747
9663000 -3.81702126480049
9664000 -3.87799727206966
9665000 -3.82531812829893
9666000 -3.8835727933571
9667000 -3.81721363304804
9668000 -3.87822173098516
9669000 -3.82330118427182
9670000 -3.88792934165644
9671000 -3.823258404226
9672000 -3.8640529989936
9673000 -3.85872113812416
9674000 -3.84398038378159
9675000 -3.86942927397422
9676000 -3.83587145623978
9677000 -3.87633401272344
9678000 -3.82972141031114
9679000 -3.8809141291279
9680000 -3.81245660654395
9681000 -3.89992438621824
9682000 -3.81530891544963
9683000 -3.90264015400717
9684000 -3.82801618371256
9685000 -3.88278284601816
9686000 -3.83243053369612
9687000 -3.89368997939556
9688000 -3.82486440644035
9689000 -3.88336124598488
9690000 -3.86219973438526
9691000 -3.84703949673432
9692000 -3.88176367697895
9693000 -3.84214694782371
9694000 -3.88731390788767
9695000 -3.84335800365225
9696000 -3.88731542763195
9697000 -3.82846495178291
9698000 -3.89379497531402
9699000 -3.82681909321612
9700000 -3.90616233906368
9701000 -3.81607829314566
9702000 -3.90071676471857
9703000 -3.83554713235054
9704000 -3.90373598816855
9705000 -3.8352949848001
9706000 -3.8894705661689
9707000 -3.84608702393002
9708000 -3.87609967285394
9709000 -3.86667985433763
9710000 -3.86852296184449
9711000 -3.87438517311529
9712000 -3.85877470487989
9713000 -3.89580917634233
9714000 -3.86046174094588
9715000 -3.88910975956386
9716000 -3.86165042407954
9717000 -3.89666114006588
9718000 -3.83267842224686
9719000 -3.91771371657704
9720000 -3.84378249367516
9721000 -3.91238242107706
9722000 -3.8456779475183
9723000 -3.90892846692038
9724000 -3.84804925960622
9725000 -3.89633124977184
9726000 -3.84849093182638
9727000 -3.91119700873314
9728000 -3.86157327175454
9729000 -3.89220800485202
9730000 -3.86871591249406
9731000 -3.88008802231715
9732000 -3.87719929531869
9733000 -3.8780223534504
9734000 -3.89509664138325
9735000 -3.84215979316107
9736000 -3.92688535394681
9737000 -3.84358544113885
9738000 -3.90046758974367
9739000 -3.85250461074912
9740000 -3.91405963875809
9741000 -3.85103021306641
9742000 -3.91477872809287
9743000 -3.84811959111889
9744000 -3.91264487451861
9745000 -3.85720973560131
9746000 -3.89337816500419
9747000 -3.88507815915735
9748000 -3.897323990604
9749000 -3.85725400311787
9750000 -3.90306769715067
9751000 -3.89810198499893
9752000 -3.8539745922389
9753000 -3.89947538436652
9754000 -3.88655336247465
9755000 -3.89607805851893
9756000 -3.87017111648829
9757000 -3.91235036475162
9758000 -3.85956778988023
9759000 -3.89999363569311
9760000 -3.88485359988354
9761000 -3.89984396095171
9762000 -3.86685745161278
9763000 -3.92316768855054
9764000 -3.88107183071922
9765000 -3.87892649149316
9766000 -3.91164319265738
9767000 -3.89134362337615
9768000 -3.90509329538528
9769000 -3.88519967841221
9770000 -3.91316635897678
9771000 -3.87904791045591
9772000 -3.91161896873322
9773000 -3.87306752558856
9774000 -3.91251498052506
9775000 -3.88638828587157
9776000 -3.9208786992769
9777000 -3.86632078164083
9778000 -3.92945115471944
9779000 -3.88335133373411
9780000 -3.90966250593358
9781000 -3.88156263455001
9782000 -3.91745333431685
9783000 -3.88735345007182
9784000 -3.89486264687982
9785000 -3.91978403049336
9786000 -3.87426148991191
9787000 -3.91939552103799
9788000 -3.88338684955482
9789000 -3.92522475478006
9790000 -3.84831141582412
9791000 -3.96970830098132
9792000 -3.84868785241575
9793000 -3.93077182490006
9794000 -3.86300269766303
9795000 -3.94392565425179
9796000 -3.84765108571106
9797000 -3.95999212837043
9798000 -3.86214539528952
9799000 -3.93152545988183
9800000 -3.89421687882853
9801000 -3.91140974563733
9802000 -3.89070087023679
9803000 -3.92215803812392
9804000 -3.89941786042823
9805000 -3.89333626411171
9806000 -3.92108936095758
9807000 -3.89316493546817
9808000 -3.91614773090613
9809000 -3.890499651439
9810000 -3.9594271778353
9811000 -3.86115778471237
9812000 -3.95439930617116
9813000 -3.88703291967719
9814000 -3.92319030653929
9815000 -3.89086569957892
9816000 -3.94774106232743
9817000 -3.86032131863087
9818000 -3.93674905131336
9819000 -3.89062498291177
9820000 -3.91633249902979
9821000 -3.91668517705339
9822000 -3.90261858464775
9823000 -3.91371338502216
9824000 -3.89786997535251
9825000 -3.93044829142628
9826000 -3.90798908709531
9827000 -3.93291126935428
9828000 -3.91382390767395
9829000 -3.9365971408141
9830000 -3.88693404609913
9831000 -3.94108230971312
9832000 -3.91155568291692
9833000 -3.92590712666475
9834000 -3.91206571257706
9835000 -3.96115386883713
9836000 -3.87540115025931
9837000 -3.94395751297097
9838000 -3.91656622415635
9839000 -3.92900568383348
9840000 -3.90707435763081
9841000 -3.95381198272375
9842000 -3.90367083394567
9843000 -3.94472133673363
9844000 -3.90626152935836
9845000 -3.92902878764299
9846000 -3.91376009057107
9847000 -3.93696170983227
9848000 -3.9215959499722
9849000 -3.92338435496966
9850000 -3.94387688713447
9851000 -3.92074802418466
9852000 -3.92823232198635
9853000 -3.92029593123915
9854000 -3.94172243155574
9855000 -3.91329200690314
9856000 -3.95242192802365
9857000 -3.91027127450201
9858000 -3.95477537422919
9859000 -3.91311843416714
9860000 -3.95907616624312
9861000 -3.90447287861905
9862000 -3.955138337104
9863000 -3.89924658223249
9864000 -3.95333028502653
9865000 -3.89930975851446
9866000 -3.96952270593294
9867000 -3.9057100395502
9868000 -3.96199414791799
9869000 -3.90912907518922
9870000 -3.95893366154858
9871000 -3.9000506482118
9872000 -3.97356797068636
9873000 -3.91939725086463
9874000 -3.95153764891031
9875000 -3.9112163448638
9876000 -3.94522055545715
9877000 -3.93063496229052
9878000 -3.94789311937597
9879000 -3.94031620174926
9880000 -3.92125164047017
9881000 -3.93948764099129
9882000 -3.94038616173844
9883000 -3.95279987663741
9884000 -3.92456697051561
9885000 -3.96324339250782
9886000 -3.94463546108806
9887000 -3.94685649426561
9888000 -3.9390808874859
9889000 -3.95832914388436
9890000 -3.94230301927857
9891000 -3.95284147470464
9892000 -3.94238046967148
9893000 -3.9661856755835
9894000 -3.91568241145899
9895000 -3.96694807104799
9896000 -3.93403424967827
9897000 -3.93209865399758
9898000 -3.94695188380231
9899000 -3.95305388778095
9900000 -3.92707841858681
9901000 -3.94749418975293
9902000 -3.94464471136464
9903000 -3.93864739847641
9904000 -3.950309306872
9905000 -3.94028436724439
9906000 -3.96121363137435
9907000 -3.92775049000721
9908000 -3.96339484515614
9909000 -3.9385432754038
9910000 -3.96029289222136
9911000 -3.92697116846857
9912000 -3.97320214891319
9913000 -3.92443651049671
9914000 -3.95943614602115
9915000 -3.93566414042809
9916000 -3.95570468523269
9917000 -3.96735433696106
9918000 -3.95635740619293
9919000 -3.95258595598425
9920000 -3.97295802050948
9921000 -3.94263583772837
9922000 -3.95706795612639
9923000 -3.98264975497973
9924000 -3.94538806028123
9925000 -3.96118902918811
9926000 -3.954773258592
9927000 -3.96811421333924
9928000 -3.9279715696892
9929000 -3.98033083932413
9930000 -3.93159470079378
9931000 -3.95310704662523
9932000 -3.95898504949955
9933000 -3.96808811312215
9934000 -3.92098599798717
9935000 -3.97844212791257
9936000 -3.94633125049936
9937000 -3.95886790305418
9938000 -3.96630747323406
9939000 -3.95935202370631
9940000 -3.9672137398218
9941000 -3.94680610864462
9942000 -3.98071175374467
9943000 -3.95526853069185
9944000 -3.96992302151261
9945000 -3.97207057028468
9946000 -3.97996215954618
9947000 -3.9410441955424
9948000 -4.00833416592354
9949000 -3.94491106552027
9950000 -3.98360549634289
9951000 -3.98302332288086
9952000 -3.97366360281694
9953000 -3.94252820885918
9954000 -3.99270637578512
9955000 -3.96880249118246
9956000 -3.98326060626195
9957000 -3.95222415043478
9958000 -3.9806867536099
9959000 -3.96220588821512
9960000 -3.97631891053895
9961000 -3.96096821899028
9962000 -3.97433473932354
9963000 -3.96310740996172
9964000 -3.9799900050655
9965000 -3.97496551369198
9966000 -3.95199869003074
9967000 -3.98680728215541
9968000 -3.96791840794421
9969000 -3.96862319908052
9970000 -3.97197925530453
9971000 -3.98176898465247
9972000 -3.93390707794646
9973000 -4.02005606432136
9974000 -3.95967495495326
9975000 -3.99124161772571
9976000 -3.96233650762144
9977000 -4.00455297004063
9978000 -3.94683497937621
9979000 -4.00076969325913
9980000 -3.96117551704899
9981000 -4.00302150023371
9982000 -3.97274250450905
9983000 -4.00341506096974
9984000 -3.96794215967946
9985000 -3.99117654516504
9986000 -3.97930874277253
9987000 -3.97264329208569
9988000 -3.99607589950528
9989000 -3.96797765306288
9990000 -4.00167922893932
9991000 -3.97325845365838
9992000 -3.99665923012427
9993000 -3.97622693255435
9994000 -4.01407186068006
9995000 -3.96733812045356
9996000 -3.99193749640168
9997000 -3.9714899458924
9998000 -4.01366801419421
9999000 -3.97520023194122
10000000 -4.00517484885248
10001000 -3.97183552867252
10002000 -4.00582418829754
10003000 -3.97499257260681
10004000 -3.99154330546782
10005000 -3.98851200581045
10006000 -3.98197875894273
10007000 -3.99762740916741
10008000 -3.97188025102797
10009000 -3.99410066214705
10010000 -3.99184549016121
10011000 -3.98666975944935
10012000 -3.97768840890565
10013000 -4.01477553634369
10014000 -3.97027404417393
10015000 -4.00734872822105
10016000 -3.98181204059556
10017000 -3.98183640915872
10018000 -3.97176621658458
10019000 -4.01959444317752
10020000 -3.9744278507137
10021000 -4.00312694776958
10022000 -3.98709034075995
10023000 -4.0047725217638
10024000 -3.98300030292016
10025000 -4.00913620727176
10026000 -3.97674095880654
10027000 -4.01907164233315
10028000 -3.98378361274109
10029000 -3.99705638386735
10030000 -3.99622936104583
10031000 -4.00652746245349
10032000 -3.98444804711589
10033000 -4.00911453262267
10034000 -4.00863059043986
10035000 -3.98232586522301
10036000 -4.02559530972729
10037000 -3.98727866824789
10038000 -4.03029870065995
10039000 -3.98059266085682
10040000 -4.03518386529199
10041000 -3.96944344411362
10042000 -4.0323647837253
10043000 -3.99105336354864
10044000 -4.02515017668663
10045000 -3.97448059199114
10046000 -4.04339726820848
10047000 -3.9607169308436
10048000 -4.0417765242642
10049000 -3.98691882633663
10050000 -4.01547111843487
10051000 -4.00142684931765
10052000 -3.99853485098558
10053000 -3.9908812447663
10054000 -4.01493966759218
10055000 -4.01227054839615
10056000 -3.98380987366458
10057000 -4.04285231000323
10058000 -3.967876327123
10059000 -4.03785911149549
10060000 -3.98983444634669
10061000 -4.03523409549023
10062000 -3.97474985597002
10063000 -4.04779757637375
10064000 -3.98819611691542
10065000 -4.04065795150818
10066000 -3.99595327425588
10067000 -4.03634303488131
10068000 -3.98095231396814
10069000 -4.02710223373673
10070000 -4.01158703259821
10071000 -4.0098887408457
10072000 -4.01152145752487
10073000 -4.00833917203719
10074000 -4.02977258933901
10075000 -3.99158420861059
10076000 -4.02444696871063
10077000 -4.01502187015621
10078000 -4.01580652297865
10079000 -3.99336858324278
10080000 -4.04824853349866
10081000 -3.98065652657051
10082000 -4.05481596889699
10083000 -3.99647744065934
10084000 -4.03589369824344
10085000 -4.00746111496168
10086000 -4.04096345284645
10087000 -3.98390772722116
10088000 -4.04674733176345
10089000 -3.98987227915601
10090000 -4.03738551427216
10091000 -3.99841643245373
10092000 -4.02715778580435
10093000 -4.00699692450826
10094000 -4.03612429915068
10095000 -4.01100808075445
10096000 -4.02496649775389
10097000 -4.02745539116496
10098000 -4.0141000646794
10099000 -4.04101525812031
10100000 -4.01961977949445
10101000 -4.03467605042546
10102000 -4.02709755891032
10103000 -4.02541691299259
10104000 -4.0226519007436
10105000 -4.04354297279079
10106000 -4.01711525979993
10107000 -4.04625160888852
10108000 -4.01040716630689
10109000 -4.03182514262892
10110000 -4.00873586588808
10111000 -4.0586196063264
10112000 -3.99558403324875
10113000 -4.05661306808398
10114000 -4.0174272372319
10115000 -4.03257416906371
10116000 -4.01679575042722
10117000 -4.04637751162414
10118000 -4.01491815396363
10119000 -4.04320137020286
10120000 -4.02077877442424
10121000 -4.02823814655632
10122000 -4.0387731611249
10123000 -4.03959193148936
10124000 -4.01614396400233
10125000 -4.03915310952757
10126000 -4.03867504512933
10127000 -4.02211712845293
10128000 -4.07066096131612
10129000 -4.00937737816067
10130000 -4.04475498566269
10131000 -4.03624440059456
10132000 -4.04111844479606
10133000 -4.02475694906555
10134000 -4.06451255785559
10135000 -4.00703025263896
10136000 -4.06076247035892
10137000 -4.01565568798131
10138000 -4.0607170743792
10139000 -4.02393347755227
10140000 -4.0625367480171
10141000 -4.01691983825583
10142000 -4.06497254531839
10143000 -4.01234464260391
10144000 -4.06547091084773
10145000 -4.02054553925642
10146000 -4.07702161950947
10147000 -4.02516081762143
10148000 -4.0598018224399
10149000 -4.00487788083943
10150000 -4.08261259266543
10151000 -4.03753857086885
10152000 -4.04868215439297
10153000 -4.04911170961442
10154000 -4.05087209982311
10155000 -4.01333940326037
10156000 -4.06460192737804
10157000 -4.03999926610483
10158000 -4.04204060598826
10159000 -4.05731531630718
10160000 -4.05618937250506
10161000 -4.06190631293784
10162000 -4.04848717060794
10163000 -4.06572453423889
10164000 -4.04419801940536
10165000 -4.07018726214146
10166000 -4.0347896245511
10167000 -4.07112566336199
10168000 -4.04524139083845
10169000 -4.07301348430348
10170000 -4.0241518840892
10171000 -4.07912689850188
10172000 -4.02829751261921
10173000 -4.08256977440159
10174000 -4.02387977455941
10175000 -4.08749143935839
10176000 -4.04249384917777
10177000 -4.07183167224742
10178000 -4.03522131345779
10179000 -4.0899691181132
10180000 -4.02823731964058
10181000 -4.08955593446579
10182000 -4.0425651869186
10183000 -4.07240724518299
10184000 -4.04093716255535
10185000 -4.07227883364302
10186000 -4.05753942940724
10187000 -4.06480344022152
10188000 -4.05570973871186
10189000 -4.07216529000826
10190000 -4.06168823803138
10191000 -4.03768294322255
10192000 -4.08810233316964
10193000 -4.02776970265902
10194000 -4.08933043261555
10195000 -4.05767888401793
10196000 -4.08895994318435
10197000 -4.03362917131899
10198000 -4.1029144577125
10199000 -4.0226491055714
10200000 -4.10680708253237
10201000 -4.03458989632603
10202000 -4.08482058996074
10203000 -4.04046164167
10204000 -4.11182034968277
10205000 -4.03305875432113
10206000 -4.10278457932757
10207000 -4.06211549630389
10208000 -4.07629715891729
10209000 -4.05909410313656
10210000 -4.0897810420677
10211000 -4.04739511466451
10212000 -4.08105780504318
10213000 -4.08552466324784
10214000 -4.05059271645809
10215000 -4.07392594802076
10216000 -4.09686376006702
10217000 -4.04263019341641
10218000 -4.07934246150192
10219000 -4.09978331596202
10220000 -4.05253212620469
10221000 -4.09721999513988
10222000 -4.07819990675149
10223000 -4.072581860866
10224000 -4.0736735427881
10225000 -4.09579678044261
10226000 -4.06192780755895
10227000 -4.11049227498684
10228000 -4.06483250130124
10229000 -4.08670227481137
10230000 -4.06446831154157
10231000 -4.10233611791048
10232000 -4.05441993420801
10233000 -4.09489785025329
10234000 -4.06852921710027
10235000 -4.0874767103181
10236000 -4.076780645447
10237000 -4.08848643452001
10238000 -4.06352046378689
10239000 -4.10149039936592
10240000 -4.06273823289179
10241000 -4.10191481682369
10242000 -4.08091607171599
10243000 -4.09725235785808
10244000 -4.09361554055952
10245000 -4.10096436863727
10246000 -4.05633954589439
10247000 -4.11554768136555
10248000 -4.07681956138787
10249000 -4.08069959347709
10250000 -4.083491793482
10251000 -4.0875837529898
10252000 -4.07883069709479
10253000 -4.09124770283826
10254000 -4.08865289606612
10255000 -4.05954860977616
10256000 -4.11310636704454
10257000 -4.08146530406654
10258000 -4.08544175964152
10259000 -4.07659591770121
10260000 -4.10663424213587
10261000 -4.04898674509572
10262000 -4.13028777021002
10263000 -4.06059056970178
10264000 -4.1186126061797
10265000 -4.08325778719495
10266000 -4.10405789705332
10267000 -4.05485187728918
10268000 -4.1276198958995
10269000 -4.06130252165511
10270000 -4.11819604129311
10271000 -4.09262035028279
10272000 -4.10479463185758
10273000 -4.09182175566585
10274000 -4.10933369814643
10275000 -4.09289522340034
10276000 -4.09971710757063
10277000 -4.10651166316253
10278000 -4.08350204285829
10279000 -4.12099214164644
10280000 -4.07218239073823
10281000 -4.12029666085537
10282000 -4.05960755394115
10283000 -4.14219312599116
10284000 -4.06859906075721
10285000 -4.13836317590725
10286000 -4.06246711452313
10287000 -4.13411794813262
10288000 -4.06990129167696
10289000 -4.12021649327435
10290000 -4.07484974744738
10291000 -4.14071965668225
10292000 -4.0614728868814
10293000 -4.14576909900463
10294000 -4.06055277702539
10295000 -4.14564165557198
10296000 -4.06424900129599
10297000 -4.14124898892536
10298000 -4.07098473566531
10299000 -4.14254316629656
10300000 -4.08503616860536
10301000 -4.12312534523376
10302000 -4.09044303557182
10303000 -4.12446938997033
10304000 -4.08556526427802
10305000 -4.11670742330216
10306000 -4.11432222109408
10307000 -4.08512648482773
10308000 -4.12322094853526
10309000 -4.10268878811844
10310000 -4.1161585071045
10311000 -4.09959168047831
10312000 -4.13923801318614
10313000 -4.08048792048494
10314000 -4.15108448936355
10315000 -4.08383826107145
10316000 -4.13389147232584
10317000 -4.09011915235633
10318000 -4.13277590804692
10319000 -4.07226048248299
10320000 -4.15566591152952
10321000 -4.0724348426603
10322000 -4.14149744738341
10323000 -4.0758689587094
10324000 -4.14747914797094
10325000 -4.08743426067835
10326000 -4.15081119324326
10327000 -4.08523773333557
10328000 -4.17129184588684
10329000 -4.08258554727661
10330000 -4.14577456829875
10331000 -4.09736535799366
10332000 -4.13818112504179
10333000 -4.0926123193934
10334000 -4.13699560524236
10335000 -4.10529855311253
10336000 -4.13753940900285
10337000 -4.11221405668091
10338000 -4.14094368056003
10339000 -4.12194817985751
10340000 -4.11065354058788
10341000 -4.13886210317061
10342000 -4.11580479255798
10343000 -4.13583189780855
10344000 -4.12441038179483
10345000 -4.13666155740054
10346000 -4.11064614774483
10347000 -4.14348057627672
10348000 -4.10242371541627
10349000 -4.12743208705886
10350000 -4.10555767951825
10351000 -4.15477938025061
10352000 -4.09503859367182
10353000 -4.15646689359137
10354000 -4.11372778164382
10355000 -4.14142173828761
10356000 -4.11698595566022
10357000 -4.13788234099845
10358000 -4.12138897062952
10359000 -4.13468012896229
10360000 -4.11656946924147
10361000 -4.13510797581841
10362000 -4.13149820232902
10363000 -4.13492864658231
10364000 -4.1316673393652
10365000 -4.13513216071456
10366000 -4.12730464888423
10367000 -4.12306045321113
10368000 -4.14644894926516
10369000 -4.13378679977546
10370000 -4.13348891413252
10371000 -4.15119140082858
10372000 -4.10385041553318
10373000 -4.16598204073743
10374000 -4.13085578793946
10375000 -4.14311371090715
10376000 -4.13422286972049
10377000 -4.15091146497166
10378000 -4.11633219648025
10379000 -4.15533267946497
10380000 -4.12719650142646
10381000 -4.15054482812303
10382000 -4.14679203400025
10383000 -4.14039749703951
10384000 -4.1541457621295
10385000 -4.14491706436354
10386000 -4.14385658840145
10387000 -4.12818851731918
10388000 -4.15553005600207
10389000 -4.12001179102621
10390000 -4.17646984115186
10391000 -4.1267046702681
10392000 -4.16083293935808
10393000 -4.13703818346741
10394000 -4.15963837546863
10395000 -4.13426835839114
10396000 -4.16204121396307
10397000 -4.12653802237622
10398000 -4.17633146984887
10399000 -4.12840284925428
10400000 -4.16983500239855
10401000 -4.14207376396507
10402000 -4.15899601494307
10403000 -4.1409422755659
10404000 -4.15785871758511
10405000 -4.13874652504369
10406000 -4.15598915280834
10407000 -4.14480959681448
10408000 -4.15254572123778
10409000 -4.15829350836182
10410000 -4.13696249546191
10411000 -4.16553092295212
10412000 -4.14303076669146
10413000 -4.17902390857762
10414000 -4.12516734459475
10415000 -4.18038137225751
10416000 -4.1328033470762
10417000 -4.17435170053433
10418000 -4.13709282096495
10419000 -4.18747373807892
10420000 -4.11275742882399
10421000 -4.18844420793463
10422000 -4.13899289620759
10423000 -4.16733931606349
10424000 -4.15708842464885
10425000 -4.18393766997808
10426000 -4.14399607471768
10427000 -4.18678542156742
10428000 -4.14530539071697
10429000 -4.1807383655091
10430000 -4.16421704163624
10431000 -4.17518624927008
10432000 -4.14998363377201
10433000 -4.17673824048116
10434000 -4.12841678475955
10435000 -4.17581960930813
10436000 -4.16743244032829
10437000 -4.16618378872073
10438000 -4.14477548665452
10439000 -4.19225958892352
10440000 -4.16091743553894
10441000 -4.17139682192019
10442000 -4.16246172793118
10443000 -4.17457984398675
10444000 -4.13871564793928
10445000 -4.19354589009766
10446000 -4.14918758332752
10447000 -4.17898788051361
10448000 -4.16589918579282
10449000 -4.16062195278994
10450000 -4.16640954454633
10451000 -4.15983844374454
10452000 -4.16572662097135
10453000 -4.18083435827264
10454000 -4.1598069470777
10455000 -4.17026165181787
10456000 -4.16755294013777
10457000 -4.15601060043799
10458000 -4.1811292885907
10459000 -4.16601038721327
10460000 -4.18372863423611
10461000 -4.15028108816086
10462000 -4.18906073805535
10463000 -4.16617193892418
10464000 -4.18748889129192
10465000 -4.15130804593913
10466000 -4.22369728381937
10467000 -4.12310300309818
10468000 -4.23080575499283
10469000 -4.14578510245303
10470000 -4.2007995137843
10471000 -4.16898385523196
10472000 -4.18361365950513
10473000 -4.16290129921825
10474000 -4.20666540531724
10475000 -4.15369703422758
10476000 -4.19647416019776
10477000 -4.17226788852233
10478000 -4.17686727937063
10479000 -4.19136613808769
10480000 -4.16632699459827
10481000 -4.20184948724295
10482000 -4.1572196454917
10483000 -4.22053722814156
10484000 -4.14419875011991
10485000 -4.21468331763475
10486000 -4.15075586235722
10487000 -4.2124094751214
10488000 -4.16068552521558
10489000 -4.20721231794203
10490000 -4.16107233808589
10491000 -4.2163182628739
10492000 -4.15458927457394
10493000 -4.21365465768631
10494000 -4.17063121587485
10495000 -4.2086094957212
10496000 -4.16633695312821
10497000 -4.21714495516079
10498000 -4.17113228432984
10499000 -4.18004176465517
10500000 -4.20759682141111
10501000 -4.16902325019421
10502000 -4.20837047689532
10503000 -4.19021281832523
10504000 -4.19528499877912
10505000 -4.18879439398128
10506000 -4.19860104942509
10507000 -4.18683266122661
10508000 -4.1772028326445
10509000 -4.19319011274422
10510000 -4.17889367949963
10511000 -4.21838431489015
10512000 -4.15903006130906
10513000 -4.22396159705082
10514000 -4.17055743574471
10515000 -4.19591976865634
10516000 -4.17596310122957
10517000 -4.23186788151455
10518000 -4.16250812226992
10519000 -4.23013783395132
10520000 -4.17532740917472
10521000 -4.21547008708165
10522000 -4.17441876313915
10523000 -4.23284808218109
10524000 -4.17063755024641
10525000 -4.22140262163717
10526000 -4.18610078500426
10527000 -4.21813861813955
10528000 -4.18187084211897
10529000 -4.23470011260961
10530000 -4.19083719147899
10531000 -4.22220866468989
10532000 -4.20164315926185
10533000 -4.20957897514283
10534000 -4.20000857342171
10535000 -4.20961618707809
10536000 -4.20533167336607
10537000 -4.20953207650484
10538000 -4.21326379546133
10539000 -4.18992111745671
10540000 -4.22705813634733
10541000 -4.18614509365672
10542000 -4.21804491912393
10543000 -4.19186477709319
10544000 -4.22663785529418
10545000 -4.18213509452394
10546000 -4.24299730892934
10547000 -4.17156389297952
10548000 -4.23992002227406
10549000 -4.18886699049625
10550000 -4.22825767196713
10551000 -4.17642772962475
10552000 -4.24010529873214
10553000 -4.18252350530697
10554000 -4.23045096928631
10555000 -4.19691995114585
10556000 -4.22325598910368
10557000 -4.20428821845772
10558000 -4.21931880203238
10559000 -4.21181408098592
10560000 -4.20544360853145
10561000 -4.20495043028338
10562000 -4.21425682417772
10563000 -4.20041176563129
10564000 -4.21744064114501
10565000 -4.21918494496565
10566000 -4.20407895826093
10567000 -4.21793887989903
10568000 -4.21996097795079
10569000 -4.21575129985018
10570000 -4.21376594654392
10571000 -4.22529752526662
10572000 -4.21973948827217
10573000 -4.2183822287482
10574000 -4.21740378158463
10575000 -4.22012558518365
10576000 -4.21017943000769
10577000 -4.22507402992617
10578000 -4.211256758233
10579000 -4.22672721213436
10580000 -4.2153530698491
10581000 -4.2213664976622
10582000 -4.19977109754349
10583000 -4.24238225209265
10584000 -4.2026692782185
10585000 -4.21733038587288
10586000 -4.21672164488027
10587000 -4.22440572860748
10588000 -4.20922270882687
10589000 -4.22081935562596
10590000 -4.22581005785627
10591000 -4.23327601160776
10592000 -4.1959629803039
10593000 -4.24776073747976
10594000 -4.22053712988106
10595000 -4.20675895280572
10596000 -4.23166254168166
10597000 -4.22633743789026
10598000 -4.21494895258993
10599000 -4.23954911814393
10600000 -4.22767767116813
10601000 -4.21943248167047
10602000 -4.238029583627
10603000 -4.23317781261871
10604000 -4.23846226470133
10605000 -4.236262729801
10606000 -4.2195503939866
10607000 -4.24446531896325
10608000 -4.20652058292507
10609000 -4.25437104502132
10610000 -4.20035449926811
10611000 -4.26296372267472
10612000 -4.20528144220231
10613000 -4.25432328538054
10614000 -4.21329565981896
10615000 -4.24818515511468
10616000 -4.20844204194512
10617000 -4.26859577480777
10618000 -4.18534563194563
10619000 -4.27374637596863
10620000 -4.21386935196011
10621000 -4.25664192102887
10622000 -4.21883094365974
10623000 -4.26982069245816
10624000 -4.2157087650215
10625000 -4.25039071158448
10626000 -4.21667939136527
10627000 -4.253797716551
10628000 -4.23876831744329
10629000 -4.25084598278542
10630000 -4.23946254872208
10631000 -4.2541851119315
10632000 -4.23512793238877
10633000 -4.23522203368884
10634000 -4.24978567380492
10635000 -4.24287605179187
10636000 -4.25883326108476
10637000 -4.23228290322418
10638000 -4.25538140102642
10639000 -4.23730561367067
10640000 -4.25900556085289
10641000 -4.22876692693695
10642000 -4.26689731807322
10643000 -4.23332886832361
10644000 -4.28576787320318
10645000 -4.22189280444678
10646000 -4.27310237473246
10647000 -4.23439997599173
10648000 -4.26631908292991
10649000 -4.22641195567343
10650000 -4.27151035749269
10651000 -4.23275973256037
10652000 -4.26756446331
10653000 -4.22908096981378
10654000 -4.27135269320362
10655000 -4.24447289475611
10656000 -4.25306313301074
10657000 -4.25297937362952
10658000 -4.26382362565795
10659000 -4.24732154911482
10660000 -4.25871626324831
10661000 -4.24651572774818
10662000 -4.22936856877492
10663000 -4.27268577698918
10664000 -4.24254700595951
10665000 -4.25539232858546
10666000 -4.25332694997883
10667000 -4.25761708683705
10668000 -4.24703177284498
10669000 -4.25519212766475
10670000 -4.23985444804237
10671000 -4.26474662318252
10672000 -4.26175425028697
10673000 -4.25976308787464
10674000 -4.27473826521062
10675000 -4.24292167797335
10676000 -4.26215966162278
10677000 -4.2576384703756
10678000 -4.27223849779201
10679000 -4.24800355312352
10680000 -4.28307653938819
10681000 -4.23679839972729
10682000 -4.27750113584908
10683000 -4.24548270947643
10684000 -4.28777075666108
10685000 -4.23864840919298
10686000 -4.28796275593751
10687000 -4.2491349686749
10688000 -4.29213882596399
10689000 -4.24854158046147
10690000 -4.29131766808488
10691000 -4.23332508183726
10692000 -4.30356961381789
10693000 -4.22867078808288
10694000 -4.29909427720274
10695000 -4.24323507806877
10696000 -4.29779372282621
10697000 -4.24580696708357
10698000 -4.29149813988886
10699000 -4.24012548968051
10700000 -4.286263034698
10701000 -4.26211481050794
10702000 -4.28766860509294
10703000 -4.25846036767176
10704000 -4.28328879567073
10705000 -4.25365124368919
10706000 -4.27657582973858
10707000 -4.27230148114763
10708000 -4.25301890925525
10709000 -4.2631592533259
10710000 -4.25404095120203
10711000 -4.28159913499202
10712000 -4.24378583633422
10713000 -4.2746482493794
10714000 -4.28540965379524
10715000 -4.26836634060932
10716000 -4.27061782709715
10717000 -4.27478051302635
10718000 -4.26563791491074
10719000 -4.28812887117173
10720000 -4.26956793589189
10721000 -4.25941084908309
10722000 -4.31365901804149
10723000 -4.24809452561892
10724000 -4.29384705187774
10725000 -4.28916811053816
10726000 -4.27103992907746
10727000 -4.2625520031218
10728000 -4.29236534335546
10729000 -4.2688802678205
10730000 -4.29479881303568
10731000 -4.27037138602044
10732000 -4.28247482955238
10733000 -4.28345874556168
10734000 -4.29044290481199
10735000 -4.26003025921343
10736000 -4.29524396315069
10737000 -4.25876555581319
10738000 -4.30041682355106
10739000 -4.26844644202466
10740000 -4.29218296183899
10741000 -4.27794973774337
10742000 -4.28423927494006
10743000 -4.27898333221847
10744000 -4.31190903263302
10745000 -4.25889935018957
10746000 -4.30011603619104
10747000 -4.27297596011284
10748000 -4.29859748988032
10749000 -4.28030878516187
10750000 -4.29561608817901
10751000 -4.28608916091552
10752000 -4.32236021002062
10753000 -4.25109730864113
10754000 -4.32830465720638
10755000 -4.27940464837982
10756000 -4.28633918859021
10757000 -4.28830638346966
10758000 -4.30244970995644
10759000 -4.27164840973038
10760000 -4.31284025870158
10761000 -4.2868632753118
10762000 -4.30375564438059
10763000 -4.27067416255821
10764000 -4.30226687831366
10765000 -4.28931606436512
10766000 -4.29673510364907
10767000 -4.29319027662471
10768000 -4.30594539699926
10769000 -4.27520962013381
10770000 -4.30852396099737
10771000 -4.28875710872107
10772000 -4.29621937733718
10773000 -4.2863356059163
10774000 -4.31135795895754
10775000 -4.29357836720016
10776000 -4.30072000206173
10777000 -4.29124484692614
10778000 -4.30909531924287
10779000 -4.28058798276861
10780000 -4.31712877821555
10781000 -4.29258458151707
10782000 -4.3006952869313
10783000 -4.29440913853296
10784000 -4.32494827266969
10785000 -4.27830126498607
10786000 -4.31124195370815
10787000 -4.30261710739283
10788000 -4.30633882357055
10789000 -4.29386471094652
10790000 -4.3012799318723
10791000 -4.2991430086417
10792000 -4.31239829298268
10793000 -4.30159679629373
10794000 -4.31200530122739
10795000 -4.30869472898093
10796000 -4.31354986108596
10797000 -4.31110380491699
10798000 -4.31613831807403
10799000 -4.29547301943205
10800000 -4.32468391829251
10801000 -4.30719765145954
10802000 -4.31271005747914
10803000 -4.3059879987977
10804000 -4.31062408456981
10805000 -4.30646233633018
10806000 -4.32387541644965
10807000 -4.2784740816799
10808000 -4.34496151689169
10809000 -4.28245512766109
10810000 -4.33216924259498
10811000 -4.28775728029831
10812000 -4.33908138967452
10813000 -4.27116767671674
10814000 -4.35196786074179
10815000 -4.28432552463297
10816000 -4.33178276316472
10817000 -4.27660733983388
10818000 -4.35446001218046
10819000 -4.28192732795263
10820000 -4.35207454036864
10821000 -4.28042653836031
10822000 -4.33895411358502
10823000 -4.28198124002896
10824000 -4.33629672220128
10825000 -4.29360003670342
10826000 -4.33811135999035
10827000 -4.31463409188941
10828000 -4.30729854284636
10829000 -4.33998692495245
10830000 -4.30826622586829
10831000 -4.31082308314185
10832000 -4.31359061288043
10833000 -4.32179468894745
10834000 -4.30959023608871
10835000 -4.34862395576545
10836000 -4.30418390019537
10837000 -4.34939334738468
10838000 -4.30878145069226
10839000 -4.31828690858462
10840000 -4.32654229899687
10841000 -4.31582834786182
10842000 -4.32848723104018
10843000 -4.31964639588502
10844000 -4.34309465911326
10845000 -4.30252760525534
10846000 -4.349862923612
10847000 -4.28985856368568
10848000 -4.37663749913932
10849000 -4.28615252210393
10850000 -4.36776453078581
10851000 -4.29088972072787
10852000 -4.37487430581842
10853000 -4.28045775290761
10854000 -4.38125674437277
10855000 -4.28868248786073
10856000 -4.38771733477941
10857000 -4.27683439867034
10858000 -4.37575535184806
10859000 -4.28519095728972
10860000 -4.37736522172145
10861000 -4.29589295501717
10862000 -4.35555769975465
10863000 -4.33116456645778
10864000 -4.33941568642706
10865000 -4.32274237888587
10866000 -4.34767352618708
10867000 -4.33497010330061
10868000 -4.33618594364827
10869000 -4.3549441363775
10870000 -4.31695557242385
10871000 -4.35039471333158
10872000 -4.3345039551007
10873000 -4.34532751971544
10874000 -4.34643721579576
10875000 -4.3256511495624
10876000 -4.35984949531269
10877000 -4.32920188578491
10878000 -4.35697591865555
10879000 -4.32178849635682
10880000 -4.36411048051749
10881000 -4.31414626765275
10882000 -4.37006187633389
10883000 -4.31068598587128
10884000 -4.38604385531377
10885000 -4.29595666960088
10886000 -4.3974148090862
10887000 -4.31731307361606
10888000 -4.35777039964744
10889000 -4.33991791421789
10890000 -4.34080098453014
10891000 -4.35005829338599
10892000 -4.34917476370442
10893000 -4.34037661570974
10894000 -4.34500147279156
10895000 -4.36721909224534
10896000 -4.32518877120344
10897000 -4.38652576159353
10898000 -4.32230704321427
10899000 -4.37232530162576
10900000 -4.33223147899741
10901000 -4.3596317380283
10902000 -4.34040959822846
10903000 -4.37136791688454
10904000 -4.34612315356093
10905000 -4.36432831124995
10906000 -4.35039165318
10907000 -4.34591050819037
10908000 -4.35108745068745
10909000 -4.34458801401267
10910000 -4.35781682915289
10911000 -4.36905766879115
10912000 -4.31946059142822
10913000 -4.37342822846218
10914000 -4.32939894148721
10915000 -4.36871826558892
10916000 -4.32837214039201
10917000 -4.38521955485429
10918000 -4.31838716380367
10919000 -4.40197906852327
10920000 -4.30471577078287
10921000 -4.39778417903047
10922000 -4.32724468035653
10923000 -4.3788970814277
10924000 -4.33561042915937
10925000 -4.40967304877339
10926000 -4.3172667936194
10927000 -4.38243841266548
10928000 -4.35545949677838
10929000 -4.37919430123406
10930000 -4.34766621696632
10931000 -4.36418478577928
10932000 -4.36234346629181
10933000 -4.36602603289378
10934000 -4.3646960005862
10935000 -4.362383364075
10936000 -4.36377631739822
10937000 -4.36680712199865
10938000 -4.36167109010065
10939000 -4.39374019804914
10940000 -4.33043503164345
10941000 -4.39474489799131
10942000 -4.32707237320407
10943000 -4.39905533627557
10944000 -4.33676879551608
10945000 -4.41556046996367
10946000 -4.31513040208525
10947000 -4.42689740476944
10948000 -4.31489499630947
10949000 -4.40503564966073
10950000 -4.33022389661782
10951000 -4.41606787094025
10952000 -4.32775625994443
10953000 -4.41175330345121
10954000 -4.31649293800673
10955000 -4.41123876695423
10956000 -4.33460709347312
10957000 -4.40005572157371
10958000 -4.33282628940253
10959000 -4.41460540693334
10960000 -4.33711201740578
10961000 -4.39352043292562
10962000 -4.35173544159637
10963000 -4.39115767498439
10964000 -4.3769571905643
10965000 -4.36362625291418
10966000 -4.38453878421862
10967000 -4.36970807491803
10968000 -4.37372380740499
10969000 -4.38780675785368
10970000 -4.3687204717231
10971000 -4.38646207632744
10972000 -4.37513586357515
10973000 -4.39844102361459
10974000 -4.3765206583876
10975000 -4.38964452080528
10976000 -4.35598933902474
10977000 -4.41428577030138
10978000 -4.34595513860737
10979000 -4.42791711639262
10980000 -4.32767493767913
10981000 -4.430708419752
10982000 -4.33232240066013
10983000 -4.43115313719085
10984000 -4.3368364010978
10985000 -4.42545274505522
10986000 -4.34710343593914
10987000 -4.43125984097504
10988000 -4.33576346825793
10989000 -4.43672558506429
10990000 -4.34368715233151
10991000 -4.42845490688805
10992000 -4.35310981295554
10993000 -4.42147385742279
10994000 -4.35333338105409
10995000 -4.40428428591734
10996000 -4.37076781355218
10997000 -4.4073220008362
10998000 -4.36477995797395
10999000 -4.38769302884554
11000000 -4.39968321330243
11001000 -4.38773618489128
11002000 -4.39766697613507
11003000 -4.39647792609074
11004000 -4.37300612251444
11005000 -4.39560369072752
11006000 -4.38658948169674
11007000 -4.39729056152074
11008000 -4.37937463225804
11009000 -4.41086686356455
11010000 -4.37510448332307
11011000 -4.41040343444613
11012000 -4.37319458324299
11013000 -4.43091416557396
11014000 -4.35640681640975
11015000 -4.42098446316385
11016000 -4.38443938717643
11017000 -4.41653551803716
11018000 -4.36596538681192
11019000 -4.43967364873964
11020000 -4.36714286313928
11021000 -4.42546025534069
11022000 -4.36545471751233
11023000 -4.43318129511592
11024000 -4.37964698042401
11025000 -4.42285910720623
11026000 -4.37400218109898
11027000 -4.43417279607115
11028000 -4.38074115941359
11029000 -4.4093278029786
11030000 -4.3859692650481
11031000 -4.40638159140033
11032000 -4.40028208766759
11033000 -4.41684683012612
11034000 -4.38732885284098
11035000 -4.40955724021793
11036000 -4.40594937563573
11037000 -4.42513104945144
11038000 -4.40335795005582
11039000 -4.42075462234597
11040000 -4.39977137093212
11041000 -4.41405266827626
11042000 -4.3852405630725
11043000 -4.41962858478674
11044000 -4.38442565829637
11045000 -4.42318361713512
11046000 -4.40310329256416
11047000 -4.4150541677986
11048000 -4.40094928035479
11049000 -4.42411595694331
11050000 -4.38258469814263
11051000 -4.43470541711607
11052000 -4.39849593002079
11053000 -4.4075600684915
11054000 -4.42041404671165
11055000 -4.39704258866094
11056000 -4.4156833601499
11057000 -4.42926978602781
11058000 -4.40189957582543
11059000 -4.43707851853435
11060000 -4.40162587379692
11061000 -4.41872385023321
11062000 -4.41183858386608
11063000 -4.42112820153358
11064000 -4.42400327559748
11065000 -4.43288355798479
11066000 -4.37379888971612
11067000 -4.44292311769427
11068000 -4.39234304502769
11069000 -4.43863691998828
11070000 -4.39854218577333
11071000 -4.44788035172956
11072000 -4.39196592475369
11073000 -4.43808180948503
11074000 -4.41711774711141
11075000 -4.42961581614829
11076000 -4.40859055165728
11077000 -4.44565311555662
11078000 -4.39491453782355
11079000 -4.43181435049423
11080000 -4.40730274455891
11081000 -4.414778609962
11082000 -4.44090402913933
11083000 -4.42048749941504
11084000 -4.43677572781558
11085000 -4.41673681148856
11086000 -4.43172348127016
11087000 -4.4243188333743
11088000 -4.44074136459358
11089000 -4.41673024144595
11090000 -4.4480904151834
11091000 -4.41094798761242
11092000 -4.43674842569233
11093000 -4.43721393008838
11094000 -4.40521185125308
11095000 -4.45995674536046
11096000 -4.40566494324186
11097000 -4.44219458289759
11098000 -4.41100863986063
11099000 -4.44967337217077
11100000 -4.39045144785796
11101000 -4.4803368328268
11102000 -4.38876566114549
11103000 -4.46048058291543
11104000 -4.41568539578283
11105000 -4.45574621358058
11106000 -4.39911566736149
11107000 -4.44940355131542
11108000 -4.40985041484948
11109000 -4.4549533299422
11110000 -4.43029622247863
11111000 -4.45512255042047
11112000 -4.42596120843915
11113000 -4.43951379290274
11114000 -4.44635386149457
11115000 -4.41076772791626
11116000 -4.44568340000529
11117000 -4.4476913579429
11118000 -4.42824782307748
11119000 -4.44609546738784
11120000 -4.439248639471
11121000 -4.44237617981653
11122000 -4.43548835848644
11123000 -4.45232877626862
11124000 -4.43438775858572
11125000 -4.45236616815702
11126000 -4.41853253377737
11127000 -4.46999621474551
11128000 -4.42293799139128
11129000 -4.46481637735144
11130000 -4.4032868780142
11131000 -4.49571904014835
11132000 -4.38457171770282
11133000 -4.49000091083658
11134000 -4.40163954361342
11135000 -4.48641895445356
11136000 -4.41559733093437
11137000 -4.47229135228618
11138000 -4.4228059350069
11139000 -4.47392784327661
11140000 -4.42201305941911
11141000 -4.46521261898704
11142000 -4.42586370026214
11143000 -4.46407058426934
11144000 -4.44838347950127
11145000 -4.44651125547927
11146000 -4.44210473052255
11147000 -4.46266822644244
11148000 -4.44485655781983
11149000 -4.4592659985047
11150000 -4.44023947133548
11151000 -4.45628057754054
11152000 -4.44253507136996
11153000 -4.45563878147375
11154000 -4.43431688379103
11155000 -4.47120980439918
11156000 -4.43324142759037
11157000 -4.47260337196549
11158000 -4.42348433913995
11159000 -4.48318050135376
11160000 -4.41550919408555
11161000 -4.48154259953147
11162000 -4.43902634201249
11163000 -4.47602895920534
11164000 -4.42155206809956
11165000 -4.50065275579225
11166000 -4.41110123684127
11167000 -4.50145234389113
11168000 -4.42140144582504
11169000 -4.48178247676421
11170000 -4.44511430140616
11171000 -4.47324977680859
11172000 -4.4260190934371
11173000 -4.47691027661981
11174000 -4.45717405652999
11175000 -4.4773256300164
11176000 -4.45115964935334
11177000 -4.47029302700335
11178000 -4.47017371855367
11179000 -4.46649095615807
11180000 -4.46031308688215
11181000 -4.47619306932962
11182000 -4.45637908713039
11183000 -4.46998036372177
11184000 -4.46174653056502
11185000 -4.45939716285281
11186000 -4.46578029730785
11187000 -4.47351795105474
11188000 -4.44882511729683
11189000 -4.49343022936384
11190000 -4.42844512985384
11191000 -4.50256074466636
11192000 -4.42437772413439
11193000 -4.48690985113119
11194000 -4.43747864782294
11195000 -4.50845111454967
11196000 -4.4299119902645
11197000 -4.51762715724337
11198000 -4.43080901377967
11199000 -4.50793664442105
11200000 -4.42896452362067
11201000 -4.51009481022114
11202000 -4.45202322804273
11203000 -4.49116431187935
11204000 -4.46705642017008
11205000 -4.48380931276246
11206000 -4.47722527799502
11207000 -4.46029010505466
11208000 -4.49771086448307
11209000 -4.46760059408133
11210000 -4.48504605089754
11211000 -4.47779676807792
11212000 -4.47883225559739
11213000 -4.46385049781793
11214000 -4.48674802898069
11215000 -4.48057565124148
11216000 -4.46204533047637
11217000 -4.49490572393967
11218000 -4.45563839900021
11219000 -4.51824126089074
11220000 -4.4370633393183
11221000 -4.53201114622995
11222000 -4.42674237600656
11223000 -4.52817832892272
11224000 -4.43252596246692
11225000 -4.51953090171977
11226000 -4.45932126477432
11227000 -4.49455639161344
11228000 -4.47478675121853
11229000 -4.48431756910768
11230000 -4.49090203762993
11231000 -4.46248743736937
11232000 -4.49712674567689
11233000 -4.46360212365149
11234000 -4.50111980282578
11235000 -4.46741309700073
11236000 -4.51335143520807
11237000 -4.45951100866773
11238000 -4.50074171364665
11239000 -4.47497960879435
11240000 -4.4879448839098
11241000 -4.49550305083679
11242000 -4.46319104156339
11243000 -4.50886626644446
11244000 -4.45364510853772
11245000 -4.51514527791807
11246000 -4.46639408098723
11247000 -4.52078962211259
11248000 -4.47350873231991
11249000 -4.49762486529051
11250000 -4.46772828867563
11251000 -4.51725463288022
11252000 -4.47681898007469
11253000 -4.48903022374281
11254000 -4.50970228422891
11255000 -4.46340429888083
11256000 -4.52568948304808
11257000 -4.44398832131229
11258000 -4.5243229927112
11259000 -4.46505603940302
11260000 -4.51738398733222
11261000 -4.45932082687037
11262000 -4.52207647542269
11263000 -4.47889771790142
11264000 -4.50123738559139
11265000 -4.49408453936024
11266000 -4.5013982337597
11267000 -4.48954396536082
11268000 -4.48130069606609
11269000 -4.50087790103486
11270000 -4.48427606248606
11271000 -4.50971158570124
11272000 -4.47694281137768
11273000 -4.5070211830067
11274000 -4.49818302424107
11275000 -4.48607035035875
11276000 -4.51219375539998
11277000 -4.49758728932902
11278000 -4.52303537152871
11279000 -4.47346742623361
11280000 -4.54355658709101
11281000 -4.4580136137598
11282000 -4.54474119455995
11283000 -4.4649504227742
11284000 -4.52180794252068
11285000 -4.48022436438815
11286000 -4.53700167470861
11287000 -4.45257063763037
11288000 -4.55147747680063
11289000 -4.48165354715797
11290000 -4.52230418089998
11291000 -4.50446581397539
11292000 -4.49422260093809
11293000 -4.52780530144619
11294000 -4.47664923241463
11295000 -4.51135047132542
11296000 -4.5037180792276
11297000 -4.51897717914955
11298000 -4.48542093982483
11299000 -4.53429094643456
11300000 -4.48656577595042
11301000 -4.51762833744757
11302000 -4.50368738775425
11303000 -4.5127743169345
11304000 -4.52545235444727
11305000 -4.48324778358019
11306000 -4.54565456450623
11307000 -4.48403346821485
11308000 -4.54469846456321
11309000 -4.48733522624862
11310000 -4.54101744836029
11311000 -4.49810559418256
11312000 -4.53209102509293
11313000 -4.49767472425312
11314000 -4.52427311458081
11315000 -4.51258814637537
11316000 -4.51771764684722
11317000 -4.51529519817112
11318000 -4.51380479305685
11319000 -4.51657903606576
11320000 -4.51759096541956
11321000 -4.51159594597708
11322000 -4.5179652461923
11323000 -4.52678272888681
11324000 -4.49680309386621
11325000 -4.53737981758108
11326000 -4.51815047949957
11327000 -4.50564076558901
11328000 -4.53482091502887
11329000 -4.48389858344212
11330000 -4.56591745172655
11331000 -4.49180430892136
11332000 -4.55685574676052
11333000 -4.49371219658615
11334000 -4.56429450762176
11335000 -4.48996586814983
11336000 -4.55061525315115
11337000 -4.50724676244345
11338000 -4.54479368988706
11339000 -4.50915438791411
11340000 -4.52872976623197
11341000 -4.52633081576954
11342000 -4.52557971730782
11343000 -4.52879891599111
11344000 -4.52742389831165
11345000 -4.54602802182121
11346000 -4.50296937321105
11347000 -4.54989477815372
11348000 -4.52853185609362
11349000 -4.5305079345531
11350000 -4.52785971711993
11351000 -4.51831057647343
11352000 -4.53762436092407
11353000 -4.52924523056703
11354000 -4.54673420322868
11355000 -4.50354893114376
11356000 -4.55239850263144
11357000 -4.50791306218817
11358000 -4.5673286714277
11359000 -4.49894411745185
11360000 -4.56554481014352
11361000 -4.50943543116061
11362000 -4.54724292368152
11363000 -4.5279328850505
11364000 -4.55973638132547
11365000 -4.52354424264323
11366000 -4.55082215278584
11367000 -4.53508634309722
11368000 -4.53551084293086
11369000 -4.53247213075284
11370000 -4.5311082673272
11371000 -4.55954237536816
11372000 -4.5292945145134
11373000 -4.55112622637997
11374000 -4.52280799324893
11375000 -4.54176627016593
11376000 -4.52639894412645
11377000 -4.5446985714899
11378000 -4.54004836588546
11379000 -4.5018355933553
11380000 -4.56542401663391
11381000 -4.50224285128227
11382000 -4.57220234045949
11383000 -4.51459879841245
11384000 -4.567217929299
11385000 -4.51778680807289
11386000 -4.56881695783941
11387000 -4.52039390192308
11388000 -4.56782982341824
11389000 -4.53160068293849
11390000 -4.56905760872499
11391000 -4.53020358291594
11392000 -4.55731667086323
11393000 -4.54854060236229
11394000 -4.53642826463498
11395000 -4.56377431431518
11396000 -4.53245903692582
11397000 -4.56007317767642
11398000 -4.54550416473778
11399000 -4.55801581619642
11400000 -4.53175123554627
11401000 -4.57251036421288
11402000 -4.53859136598082
11403000 -4.56159281648375
11404000 -4.55698581840741
11405000 -4.53949197128444
11406000 -4.57046334064888
11407000 -4.5334094669687
11408000 -4.56515655751093
11409000 -4.53909196400839
11410000 -4.58531337836749
11411000 -4.53521602110953
11412000 -4.5866028551909
11413000 -4.52412770115985
11414000 -4.59240892593161
11415000 -4.53966907750746
11416000 -4.57157673620399
11417000 -4.54837154784765
11418000 -4.54836599621106
11419000 -4.57487227819747
11420000 -4.53630202508024
11421000 -4.57633155064437
11422000 -4.54522984775927
11423000 -4.57343999928952
11424000 -4.55162882605092
11425000 -4.56172267502143
11426000 -4.55763286332043
11427000 -4.55356276309497
11428000 -4.55796192194957
11429000 -4.5746734609008
11430000 -4.553580444843
11431000 -4.55080376029923
11432000 -4.58563582247716
11433000 -4.54526121760793
11434000 -4.56369558100983
11435000 -4.57147581720386
11436000 -4.58801354475693
11437000 -4.54466567090308
11438000 -4.59640198037618
11439000 -4.55765148959215
11440000 -4.56794987727415
11441000 -4.56855744489148
11442000 -4.5629988133842
11443000 -4.58103086524102
11444000 -4.5616697866076
11445000 -4.57682858603635
11446000 -4.55419245891456
11447000 -4.58915633029506
11448000 -4.55965164020724
11449000 -4.58920610141353
11450000 -4.5652165945861
11451000 -4.57033208022031
11452000 -4.56629340656734
11453000 -4.57275579775209
11454000 -4.57951727747827
11455000 -4.54940534652211
11456000 -4.58036004147749
11457000 -4.55529331747679
11458000 -4.59104778069819
11459000 -4.56113550569788
11460000 -4.59294922081789
11461000 -4.54572165251481
11462000 -4.59814146265966
11463000 -4.55692999786199
11464000 -4.59627068985338
11465000 -4.54738905081963
11466000 -4.59924798446821
11467000 -4.56593637305762
11468000 -4.58194362021882
11469000 -4.58327328808997
11470000 -4.56703542809841
11471000 -4.58362650600797
11472000 -4.57105542334772
11473000 -4.57741607904789
11474000 -4.56791803936408
11475000 -4.59639535477622
11476000 -4.57235376830233
11477000 -4.58061965837626
11478000 -4.59426160153002
11479000 -4.56434714524685
11480000 -4.60115236892135
11481000 -4.55737562091688
11482000 -4.60511295689865
11483000 -4.55695245338502
11484000 -4.60639297080392
11485000 -4.5663082674135
11486000 -4.59602718820555
11487000 -4.57303191926476
11488000 -4.60232774714722
11489000 -4.57799623022354
11490000 -4.60655174808858
11491000 -4.57808690868879
11492000 -4.5836904832074
11493000 -4.59382546455913
11494000 -4.58199562780897
11495000 -4.59740110872303
11496000 -4.57206291006196
11497000 -4.61268328854601
11498000 -4.56149797395025
11499000 -4.62094364254725
11500000 -4.58041664389873
11501000 -4.61168491238036
11502000 -4.58440524550108
11503000 -4.58758017285433
11504000 -4.59981995312761
11505000 -4.59307052312851
11506000 -4.60126263371032
11507000 -4.58401882674045
11508000 -4.6161820407597
11509000 -4.57010003032369
11510000 -4.61154603098579
11511000 -4.58883733809853
11512000 -4.60191995635472
11513000 -4.58928621414199
11514000 -4.60340215816832
11515000 -4.60067490314329
11516000 -4.58535251628305
11517000 -4.60899347971134
11518000 -4.57257716062031
11519000 -4.60640638224185
11520000 -4.57876281234015
11521000 -4.62413547891977
11522000 -4.57901964403838
11523000 -4.59295186057553
11524000 -4.58885964120574
11525000 -4.60385250152318
11526000 -4.59026355595286
11527000 -4.62197488122815
11528000 -4.59886921632087
11529000 -4.5904490211468
11530000 -4.60637901588768
11531000 -4.58974122480199
11532000 -4.62398508744845
11533000 -4.58279354416532
11534000 -4.61037261159724
11535000 -4.61021435585478
11536000 -4.60185809741462
11537000 -4.61359075610313
11538000 -4.58530618254111
11539000 -4.61554233083189
11540000 -4.58517023265701
11541000 -4.63719244769415
11542000 -4.5831056906666
11543000 -4.64025038133441
11544000 -4.58324276067648
11545000 -4.62340223844687
11546000 -4.60850951482002
11547000 -4.61112221069321
11548000 -4.61967719633431
11549000 -4.60691806002243
11550000 -4.61250059834787
11551000 -4.6051034418425
11552000 -4.62364771470584
11553000 -4.60393784698995
11554000 -4.62116632163287
11555000 -4.58562410751878
11556000 -4.62288992889693
11557000 -4.59136357919336
11558000 -4.6387911844939
11559000 -4.58893070608176
11560000 -4.61761572339523
11561000 -4.61758187087687
11562000 -4.6205278892456
11563000 -4.62193797807786
11564000 -4.60324777048327
11565000 -4.65029351317196
11566000 -4.59677891249987
11567000 -4.63692377906506
11568000 -4.6022420547679
11569000 -4.63080003922657
11570000 -4.61587764146674
11571000 -4.63550845839725
11572000 -4.6204289410448
11573000 -4.61710250397755
11574000 -4.64143267662308
11575000 -4.60249738597707
11576000 -4.6223297678183
11577000 -4.6079934676074
11578000 -4.64665633368975
11579000 -4.60061158187448
11580000 -4.64275363483509
11581000 -4.6095832563882
11582000 -4.64123245668112
11583000 -4.59682118619022
11584000 -4.64536201805237
11585000 -4.59875532338102
11586000 -4.63976032029737
11587000 -4.61736658120605
11588000 -4.61874956947026
11589000 -4.63601242722043
11590000 -4.61352117033565
11591000 -4.64877411323852
11592000 -4.61466658984074
11593000 -4.63525409330295
11594000 -4.61951353496509
11595000 -4.63277546460046
11596000 -4.61734328384141
11597000 -4.616024833446
11598000 -4.63928515136567
11599000 -4.61951504115407
11600000 -4.63004780338083
11601000 -4.60600728703628
11602000 -4.65789577578967
11603000 -4.60262959508527
11604000 -4.65443749896817
11605000 -4.61460396677333
11606000 -4.64901488872779
11607000 -4.61299332806083
11608000 -4.64425013788634
11609000 -4.61439111998194
11610000 -4.67085492999186
11611000 -4.6064119132025
11612000 -4.65036816473936
11613000 -4.63064453871665
11614000 -4.63905092836557
11615000 -4.62920258615916
11616000 -4.65288549658778
11617000 -4.63989631532743
11618000 -4.63491459423946
11619000 -4.64322592174482
11620000 -4.64577058998205
11621000 -4.63336330124255
11622000 -4.65253945468814
11623000 -4.64695064903921
11624000 -4.6394724427981
11625000 -4.65764901035265
11626000 -4.63734837701156
11627000 -4.64764628634006
11628000 -4.63743556644546
11629000 -4.63758324650982
11630000 -4.64399976141553
11631000 -4.63592093313751
11632000 -4.65969305055463
11633000 -4.61452556970949
11634000 -4.66203709413893
11635000 -4.62392426102917
11636000 -4.67932596191484
11637000 -4.62067052625949
11638000 -4.65875067511661
11639000 -4.62849317975653
11640000 -4.66885937781365
11641000 -4.63789970260546
11642000 -4.66427099989461
11643000 -4.64160449292418
11644000 -4.65288241172254
11645000 -4.64464929617573
11646000 -4.65407660194102
11647000 -4.64544567268162
11648000 -4.65432266607287
11649000 -4.64676459604085
11650000 -4.65096907828592
11651000 -4.65821171921233
11652000 -4.65093560756958
11653000 -4.6495290179838
11654000 -4.65243209344612
11655000 -4.66062931336231
11656000 -4.64996760806156
11657000 -4.64747939337243
11658000 -4.66791583790345
11659000 -4.63360031374135
11660000 -4.69417737003836
11661000 -4.61445489440491
11662000 -4.69051130964698
11663000 -4.6342359069645
11664000 -4.66357639098476
11665000 -4.6220756715988
11666000 -4.67721151428827
11667000 -4.62248513073966
11668000 -4.68026640704801
11669000 -4.6345552319236
11670000 -4.67425203937003
11671000 -4.64296092920228
11672000 -4.66910055644972
11673000 -4.64632028885405
11674000 -4.66942834228969
11675000 -4.65953854856196
11676000 -4.65987293465425
11677000 -4.66570624794134
11678000 -4.68385521472191
11679000 -4.65498874992111
11680000 -4.65653389025034
11681000 -4.66961565855899
11682000 -4.6469070963512
11683000 -4.66750777969163
11684000 -4.66903398634604
11685000 -4.63581319902253
11686000 -4.69258846840368
11687000 -4.63994851383728
11688000 -4.69122578838026
11689000 -4.64477344855145
11690000 -4.6763706163999
11691000 -4.64409992697103
11692000 -4.68176529818194
11693000 -4.64486212660889
11694000 -4.67717239514839
11695000 -4.65238212048495
11696000 -4.69120135355637
11697000 -4.66236676431397
11698000 -4.66733154036314
11699000 -4.68528577177897
11700000 -4.65954558388495
11701000 -4.65869571325637
11702000 -4.68403447636587
11703000 -4.65340901517785
11704000 -4.68678820627232
11705000 -4.67382861516464
11706000 -4.65220144824422
11707000 -4.68660972326825
11708000 -4.65439336040806
11709000 -4.6777240374064
11710000 -4.68257514855478
11711000 -4.66312162027852
11712000 -4.69175298138203
11713000 -4.64779453536346
11714000 -4.70654702583736
11715000 -4.65794601383044
11716000 -4.6810920858531
11717000 -4.66847538188211
11718000 -4.70111397239435
11719000 -4.65466220084368
11720000 -4.70312433849054
11721000 -4.66216958609583
11722000 -4.68020109422302
11723000 -4.67985321660876
11724000 -4.68637957731942
11725000 -4.67059287093732
11726000 -4.68121604975608
11727000 -4.68114978651949
11728000 -4.69333865810502
11729000 -4.67767530043851
11730000 -4.67261875213055
11731000 -4.69697521200756
11732000 -4.65862926823612
11733000 -4.69876908913794
11734000 -4.67934674266622
11735000 -4.68395798605213
11736000 -4.68547462188465
11737000 -4.68144975579132
11738000 -4.69258243837589
11739000 -4.67822482390318
11740000 -4.69836002799396
11741000 -4.68914629340435
11742000 -4.69590698389882
11743000 -4.67066414684997
11744000 -4.70246178220025
11745000 -4.70106408391793
11746000 -4.68085092163949
11747000 -4.69210197220517
11748000 -4.69382554499303
11749000 -4.67584433987404
11750000 -4.70125347309272
11751000 -4.67591166391189
11752000 -4.70021117918661
11753000 -4.69102671851798
11754000 -4.70020603454005
11755000 -4.67446587237374
11756000 -4.69789607158167
11757000 -4.68907171332616
11758000 -4.67585649754216
11759000 -4.71306823555918
11760000 -4.68496998351961
11761000 -4.67151261723835
11762000 -4.7042512679227
11763000 -4.68973791980728
11764000 -4.70804711101287
11765000 -4.7047424009124
11766000 -4.69515688377646
11767000 -4.7041032839851
11768000 -4.70545508557604
11769000 -4.70297490006538
11770000 -4.69659691153442
11771000 -4.6926417711927
11772000 -4.70745863744958
11773000 -4.70170660033125
11774000 -4.68994467330475
11775000 -4.6961503678419
11776000 -4.69187658247736
11777000 -4.70499759567405
11778000 -4.70278759226604
11779000 -4.69433049848956
11780000 -4.70031144840546
11781000 -4.69229129536999
11782000 -4.70290466649055
11783000 -4.69627640683595
11784000 -4.68902606586579
11785000 -4.72585300561611
11786000 -4.68504339215604
11787000 -4.71861794228301
11788000 -4.692276623679
11789000 -4.71133485858428
11790000 -4.71844985594873
11791000 -4.70763152630683
11792000 -4.70021622207577
11793000 -4.70992173286783
11794000 -4.71337677768653
11795000 -4.69919165972547
11796000 -4.70821189100705
11797000 -4.70478177950328
11798000 -4.72186190743598
11799000 -4.71409229135385
11800000 -4.6932202614498
11801000 -4.71949639924059
11802000 -4.70384923833346
11803000 -4.72079761551987
11804000 -4.72262891530178
11805000 -4.7066823754004
11806000 -4.72511252416049
11807000 -4.7000249830451
11808000 -4.71249170094944
11809000 -4.72367254108867
11810000 -4.69211876489609
11811000 -4.72632723767499
11812000 -4.71237008909306
11813000 -4.72084519380419
11814000 -4.72424229018541
11815000 -4.69893070962655
11816000 -4.725967832353
11817000 -4.71564698676979
11818000 -4.72642510673747
11819000 -4.72653930448995
11820000 -4.71687608565096
11821000 -4.7144966332759
11822000 -4.72682372954148
11823000 -4.71149488248627
11824000 -4.72845109707486
11825000 -4.72332473871475
11826000 -4.72119095951511
11827000 -4.71272856024417
11828000 -4.70459514339116
11829000 -4.72728988036072
11830000 -4.72210500906764
11831000 -4.72125853856244
11832000 -4.72529475497871
11833000 -4.72531864713689
11834000 -4.70852790940372
11835000 -4.73985941928693
11836000 -4.70071969653864
11837000 -4.7325942154241
11838000 -4.73147047005218
11839000 -4.71517054025149
11840000 -4.7316214194145
11841000 -4.72066267939971
11842000 -4.73079797502074
11843000 -4.7438708208921
11844000 -4.70606704161521
11845000 -4.73938266675155
11846000 -4.72841584551702
11847000 -4.70606070133029
11848000 -4.76273038373298
11849000 -4.70607204518328
11850000 -4.75036953447041
11851000 -4.7262090905055
11852000 -4.71726793750164
11853000 -4.73128232691844
11854000 -4.73162133978849
11855000 -4.72205201436574
11856000 -4.71807031487492
11857000 -4.75311271657547
11858000 -4.7144310274907
11859000 -4.74197622671277
11860000 -4.70323760617065
11861000 -4.75300075554401
11862000 -4.72062127024926
11863000 -4.74660787756345
11864000 -4.74782627558916
11865000 -4.73458793688712
11866000 -4.73733868586606
11867000 -4.74285214359128
11868000 -4.73590363726651
11869000 -4.74497581436148
11870000 -4.74126694135397
11871000 -4.73525814873998
11872000 -4.75579320777579
11873000 -4.72842431518798
11874000 -4.7524752382757
11875000 -4.7240277066913
11876000 -4.76002722007421
11877000 -4.74627723294072
11878000 -4.72673461603429
11879000 -4.73995944965552
11880000 -4.74569698470863
11881000 -4.73139075383528
11882000 -4.75110461170725
11883000 -4.74512989662782
11884000 -4.72572687321003
11885000 -4.77841349369759
11886000 -4.71733516252279
11887000 -4.77671646401593
11888000 -4.69746048360136
11889000 -4.78266896951975
11890000 -4.73038005686509
11891000 -4.74624279466275
11892000 -4.74647315430618
11893000 -4.75674900414147
11894000 -4.72959220880714
11895000 -4.75982993588798
11896000 -4.74117509069645
11897000 -4.74280237313986
11898000 -4.7787257057156
11899000 -4.71543380429376
11900000 -4.78666564968191
11901000 -4.71293122507492
11902000 -4.76582752989222
11903000 -4.75445519283995
11904000 -4.74952113698129
11905000 -4.74804378150803
11906000 -4.76624291679038
11907000 -4.73775058708734
11908000 -4.75308588689904
11909000 -4.76428826583468
11910000 -4.74513489949043
11911000 -4.77136842693316
11912000 -4.74266965072268
11913000 -4.78061702944794
11914000 -4.71767737264234
11915000 -4.79601091581337
11916000 -4.71835261688078
11917000 -4.76602492296828
11918000 -4.74495417394764
11919000 -4.75438490862067
11920000 -4.75900733850005
11921000 -4.74840852243711
11922000 -4.76305521611005
11923000 -4.73644386097745
11924000 -4.78831828265073
11925000 -4.7416510892332
11926000 -4.77353411893045
11927000 -4.73996859897651
11928000 -4.77298872387379
11929000 -4.7571185919781
11930000 -4.78331555650468
11931000 -4.75526031535132
11932000 -4.76407101744235
11933000 -4.75403455268217
11934000 -4.77210141840608
11935000 -4.76169642945473
11936000 -4.75646832145656
11937000 -4.77867888425824
11938000 -4.75670544713772
11939000 -4.76859724441665
11940000 -4.75276049620656
11941000 -4.77481364308446
11942000 -4.75147993618632
11943000 -4.78098941474269
11944000 -4.7611662327647
11945000 -4.76064639641726
11946000 -4.76288280761784
11947000 -4.77423522045934
11948000 -4.76561894621309
11949000 -4.76563814727978
11950000 -4.7711093965991
11951000 -4.76213549669632
11952000 -4.7892079954962
11953000 -4.73816324745957
11954000 -4.80472969190309
11955000 -4.72918971799572
11956000 -4.79821326983707
11957000 -4.74650899657119
11958000 -4.78201027491262
11959000 -4.77068982384587
11960000 -4.77304989030364
11961000 -4.78021475938331
11962000 -4.77042703533352
11963000 -4.77482290129709
11964000 -4.78512575122075
11965000 -4.78609772217758
11966000 -4.77438555544218
11967000 -4.7850543601962
11968000 -4.77363973419886
11969000 -4.78456470153158
11970000 -4.77367455167315
11971000 -4.7654194838426
11972000 -4.78341281174062
11973000 -4.77384795645194
11974000 -4.80487323198744
11975000 -4.76954244223625
11976000 -4.79130290535386
11977000 -4.76460618052959
11978000 -4.80519737513217
11979000 -4.77046131821811
11980000 -4.78801978157605
11981000 -4.78678509898186
11982000 -4.79103374330287
11983000 -4.7758816990889
11984000 -4.78342114105449
11985000 -4.77951314154286
11986000 -4.77601875395094
11987000 -4.8058437860794
11988000 -4.77527908663473
11989000 -4.79296952595332
11990000 -4.79445191034386
11991000 -4.78830874038727
11992000 -4.77972516073357
11993000 -4.79364422131729
11994000 -4.78950444068688
11995000 -4.78024668239978
11996000 -4.81413672228307
11997000 -4.77072799144506
11998000 -4.81022936498046
11999000 -4.77010523965042
12000000 -4.8062148094183
12001000 -4.78171699405206
12002000 -4.80262397902478
12003000 -4.79083211352747
12004000 -4.78676026703541
12005000 -4.81901780604506
12006000 -4.77007522006813
12007000 -4.80468369209988
12008000 -4.78868718592363
12009000 -4.80556558213568
12010000 -4.78995539571379
12011000 -4.79101002006803
12012000 -4.80000900190227
12013000 -4.79303390929981
12014000 -4.80512979192717
12015000 -4.79667171807719
12016000 -4.80867108644878
12017000 -4.76848721758346
12018000 -4.82149461358464
12019000 -4.76392628859422
12020000 -4.84446943006162
12021000 -4.76318452564282
12022000 -4.82614837332672
12023000 -4.79170094517707
12024000 -4.80895651287496
12025000 -4.78334184208953
12026000 -4.80950492446319
12027000 -4.79830394683657
12028000 -4.79633755617203
12029000 -4.82837362912765
12030000 -4.77225776492376
12031000 -4.83678057114185
12032000 -4.78238629414234
12033000 -4.79985896664182
12034000 -4.82480303035259
12035000 -4.81143157710916
12036000 -4.82020857407232
12037000 -4.78818285328567
12038000 -4.83375113533674
12039000 -4.76256616630223
12040000 -4.85735344829131
12041000 -4.77657872312248
12042000 -4.82879265402026
12043000 -4.79243139871681
12044000 -4.80803220441146
12045000 -4.79737072653586
12046000 -4.81631433293994
12047000 -4.80881622237283
12048000 -4.8064006156233
12049000 -4.81297407830588
12050000 -4.81176008216514
12051000 -4.80495862226131
12052000 -4.79953592306427
12053000 -4.80966127327733
12054000 -4.8145127013999
12055000 -4.81828211407921
12056000 -4.80285989581255
12057000 -4.8155679211164
12058000 -4.81260040473539
12059000 -4.82291038638022
12060000 -4.82366525129587
12061000 -4.80746208774005
12062000 -4.82930497824467
12063000 -4.79811484426429
12064000 -4.82612489181873
12065000 -4.80495942026317
12066000 -4.81275747016228
12067000 -4.80840831069467
12068000 -4.82847436822212
12069000 -4.79115770940921
12070000 -4.83994959917401
12071000 -4.79433075323282
12072000 -4.82355288610096
12073000 -4.80916010488742
12074000 -4.81440943468413
12075000 -4.81658744916561
12076000 -4.83028462619632
12077000 -4.82427475248847
12078000 -4.8116762877236
12079000 -4.83464785127828
12080000 -4.83378617418234
12081000 -4.79009602393633
12082000 -4.85578261383538
12083000 -4.81206070960296
12084000 -4.83669267676352
12085000 -4.80854271821905
12086000 -4.83926019616634
12087000 -4.80011747595799
12088000 -4.846719844445
12089000 -4.80839044414198
12090000 -4.82009799827774
12091000 -4.83708768724909
12092000 -4.81354582811787
12093000 -4.83545193562582
12094000 -4.84294539119624
12095000 -4.8328322563733
12096000 -4.82646431947998
12097000 -4.83168146320198
12098000 -4.83331434012689
12099000 -4.81307448271218
12100000 -4.84395374922751
12101000 -4.81759826724519
12102000 -4.84118207077333
12103000 -4.80698205816064
12104000 -4.84230436055115
12105000 -4.81318053814614
12106000 -4.85277952938326
12107000 -4.80768752883342
12108000 -4.86731309623893
12109000 -4.81295746659516
12110000 -4.854473188043
12111000 -4.83201765507573
12112000 -4.8466060327415
12113000 -4.83096308896275
12114000 -4.82752205014179
12115000 -4.86361398662062
12116000 -4.81002051965197
12117000 -4.86882895168142
12118000 -4.80819556463158
12119000 -4.85529244970447
12120000 -4.8317675588798
12121000 -4.84804258107362
12122000 -4.82575348608914
12123000 -4.85090030730075
12124000 -4.84227009014543
12125000 -4.81728891869347
12126000 -4.87181918762695
12127000 -4.81122486674971
12128000 -4.87652806303729
12129000 -4.81049096272183
12130000 -4.88483602563554
12131000 -4.81120285823648
12132000 -4.86018055814968
12133000 -4.82569706757999
12134000 -4.86901274476572
12135000 -4.8284888227319
12136000 -4.85216795815877
12137000 -4.85969360490014
12138000 -4.81363163549727
12139000 -4.87065772695597
12140000 -4.82742271952861
12141000 -4.85118409382968
12142000 -4.85302440630725
12143000 -4.86378603379953
12144000 -4.83275296394227
12145000 -4.83997115652343
12146000 -4.8556130193812
12147000 -4.81959779855548
12148000 -4.86626721388312
12149000 -4.8427444312236
12150000 -4.86915565470731
12151000 -4.81759815692874
12152000 -4.88379256930753
12153000 -4.82026702933546
12154000 -4.87906048562946
12155000 -4.83950183933632
12156000 -4.86199063496505
12157000 -4.84878624382295
12158000 -4.86587621984011
12159000 -4.85153139266894
12160000 -4.84503299455487
12161000 -4.85868172497387
12162000 -4.83868057826101
12163000 -4.86838256931418
12164000 -4.85315985805904
12165000 -4.85757959749578
12166000 -4.86080987061696
12167000 -4.85592245010335
12168000 -4.85069202575883
12169000 -4.85140924329106
12170000 -4.86579033875074
12171000 -4.84836295135773
12172000 -4.87547522161475
12173000 -4.83870181697533
12174000 -4.88494892738718
12175000 -4.83148383288573
12176000 -4.86359075803884
12177000 -4.8578502822887
12178000 -4.86544685648565
12179000 -4.85379189605371
12180000 -4.87052027763219
12181000 -4.87292959967389
12182000 -4.863192378417
12183000 -4.8708204325943
12184000 -4.84880750776433
12185000 -4.88901504953111
12186000 -4.82203125383086
12187000 -4.88169487092063
12188000 -4.85560822753343
12189000 -4.85602581338004
12190000 -4.88782250091742
12191000 -4.84903241833844
12192000 -4.8841278501728
12193000 -4.82588803422015
12194000 -4.91831041519446
12195000 -4.83087977138121
12196000 -4.88855422130086
12197000 -4.86726801495312
12198000 -4.87929484604756
12199000 -4.85085646299353
12200000 -4.88811813210813
12201000 -4.85975128412633
12202000 -4.8778113365421
12203000 -4.88580172986482
12204000 -4.85706476616842
12205000 -4.88882552401031
12206000 -4.85709545438829
12207000 -4.89509270025153
12208000 -4.85230315069098
12209000 -4.89480313713013
12210000 -4.84897157621607
12211000 -4.88373182518389
12212000 -4.88253343259802
12213000 -4.86409201474652
12214000 -4.88614738827
12215000 -4.87821350195362
12216000 -4.87952295484334
12217000 -4.86696309143531
12218000 -4.90145291124281
12219000 -4.85579264374474
12220000 -4.90366400562102
12221000 -4.874412934097
12222000 -4.88587083944619
12223000 -4.87722424229093
12224000 -4.86600275808325
12225000 -4.88185075879998
12226000 -4.87285290839316
12227000 -4.89298324344886
12228000 -4.85755297416866
12229000 -4.90850222737035
12230000 -4.84823093096148
12231000 -4.90225943749284
12232000 -4.86634958199615
12233000 -4.88485504766581
12234000 -4.88203284045995
12235000 -4.88024622599296
12236000 -4.8856067931551
12237000 -4.88334165214286
12238000 -4.89082551707424
12239000 -4.86572733939869
12240000 -4.90192962793099
12241000 -4.88146707371238
12242000 -4.90488691020031
12243000 -4.87745856056288
12244000 -4.89595303033972
12245000 -4.88939075438297
12246000 -4.87656115318225
12247000 -4.91881901114411
12248000 -4.85895596201673
12249000 -4.92566035063821
12250000 -4.85978297162702
12251000 -4.93749502403939
12252000 -4.84561224445722
12253000 -4.93925920600849
12254000 -4.85997448624217
12255000 -4.92855195434886
12256000 -4.8636977373615
12257000 -4.89695535814611
12258000 -4.89083915069897
12259000 -4.8881101197663
12260000 -4.88487928045033
12261000 -4.89487484343952
12262000 -4.91168711812968
12263000 -4.85964752763203
12264000 -4.92351720845257
12265000 -4.8638439346081
12266000 -4.92767843793544
12267000 -4.89922131111185
12268000 -4.89889368857339
12269000 -4.91286568592551
12270000 -4.8907747032203
12271000 -4.91710646685085
12272000 -4.88230441759331
12273000 -4.93518896335623
12274000 -4.87288582419679
12275000 -4.92043215979378
12276000 -4.87544030024103
12277000 -4.91902263345712
12278000 -4.87227279934295
12279000 -4.93802915314952
12280000 -4.864014296886
12281000 -4.91721460305136
12282000 -4.89475296423747
12283000 -4.91192469728278
12284000 -4.89686509400314
12285000 -4.90262506351367
12286000 -4.89156203059845
12287000 -4.9123697129093
12288000 -4.91587677134074
12289000 -4.87752955496646
12290000 -4.92824893747957
12291000 -4.88579125661862
12292000 -4.92795843207565
12293000 -4.90113876686514
12294000 -4.92317300512171
12295000 -4.89041902436466
12296000 -4.91578532089629
12297000 -4.894174289314
12298000 -4.93037799067962
12299000 -4.91187157471654
12300000 -4.91148881711134
12301000 -4.92499907003176
12302000 -4.89455258756603
12303000 -4.9328136666946
12304000 -4.89274763141941
12305000 -4.93316575855484
12306000 -4.8893914434824
12307000 -4.93509827943033
12308000 -4.89657949564175
12309000 -4.91300003269815
12310000 -4.90422423655664
12311000 -4.93005040611362
12312000 -4.90708017085595
12313000 -4.91562481247438
12314000 -4.9310492782498
12315000 -4.90326645787959
12316000 -4.94880276526577
12317000 -4.87883534720092
12318000 -4.96369811311875
12319000 -4.87709849401592
12320000 -4.95013371158177
12321000 -4.87991918022617
12322000 -4.93497196230625
12323000 -4.9221843659057
12324000 -4.90426251171911
12325000 -4.94603448386176
12326000 -4.8973081692547
12327000 -4.94030933875788
12328000 -4.90539577161572
12329000 -4.94456408435814
12330000 -4.90559108935562
12331000 -4.9308249736015
12332000 -4.92141877863835
12333000 -4.93444599441276
12334000 -4.89840319224183
12335000 -4.94625871599034
12336000 -4.91666909609891
12337000 -4.93474750451319
12338000 -4.94423548590427
12339000 -4.90545545744777
12340000 -4.95692602306234
12341000 -4.88824248959377
12342000 -4.95854961568532
12343000 -4.91018438122623
12344000 -4.94856306319874
12345000 -4.9106399337046
12346000 -4.92914480795014
12347000 -4.92178237024812
12348000 -4.92871825911797
12349000 -4.92787137103542
12350000 -4.93812913737545
12351000 -4.94055712401859
12352000 -4.9152081600612
12353000 -4.95072519518906
12354000 -4.9151773559938
12355000 -4.94385888096923
12356000 -4.91422587679296
12357000 -4.96394990781657
12358000 -4.91315286119554
12359000 -4.95638296742536
12360000 -4.92513999565112
12361000 -4.92235009403308
12362000 -4.96088900876958
12363000 -4.91411247575313
12364000 -4.96069669627613
12365000 -4.92362612040351
12366000 -4.94420095774148
12367000 -4.92577463160227
12368000 -4.95148726863235
12369000 -4.92472748340352
12370000 -4.9603955901337
12371000 -4.92414373961553
12372000 -4.96361500188553
12373000 -4.9124831399443
12374000 -4.95473004566136
12375000 -4.91846188837
12376000 -4.94115838303129
12377000 -4.94878019606292
12378000 -4.91014726468297
12379000 -4.96446247774753
12380000 -4.93473204313909
12381000 -4.96168777176112
12382000 -4.93157743796225
12383000 -4.9567145345272
12384000 -4.9437537964396
12385000 -4.92873751741458
12386000 -4.96528093347506
12387000 -4.94006913524614
12388000 -4.94240416286612
12389000 -4.9856648775662
12390000 -4.9161910673894
12391000 -4.97051361420264
12392000 -4.94027283690412
12393000 -4.96450503308867
12394000 -4.94067291826659
12395000 -4.93548227030667
12396000 -4.95517743994456
12397000 -4.93809214791882
12398000 -4.95493235289149
12399000 -4.95207121792372
12400000 -4.9277566981492
12401000 -4.97972238205782
12402000 -4.93048315460264
12403000 -4.94679506854767
12404000 -4.98742865266546
12405000 -4.9041861148854
12406000 -4.99666658006157
12407000 -4.92679361879592
12408000 -4.96293854287831
12409000 -4.94376638227527
12410000 -4.97764769942308
12411000 -4.94241478431459
12412000 -4.95566723822819
12413000 -4.96028053478426
12414000 -4.9469994635131
12415000 -4.96214342752744
12416000 -4.96625920195902
12417000 -4.93345520550858
12418000 -4.9776742434807
12419000 -4.95009943624294
12420000 -4.954454464733
12421000 -4.95630669991692
12422000 -4.94528344761661
12423000 -4.9733900846224
12424000 -4.95113594028027
12425000 -4.96705794421318
12426000 -4.97472739515904
12427000 -4.94420074030834
12428000 -4.9716065244074
12429000 -4.94394501722227
12430000 -4.97904351837478
12431000 -4.9414586242546
12432000 -4.96401358861968
12433000 -4.95681926372716
12434000 -4.97097019410594
12435000 -4.95333403136371
12436000 -4.97108793416388
12437000 -4.93378228667509
12438000 -4.99476722661275
12439000 -4.93746098533542
12440000 -4.98248219420124
12441000 -4.95488551685392
12442000 -4.96311818023271
12443000 -4.96591437678415
12444000 -4.95502234129252
12445000 -4.99582105507498
12446000 -4.93588827192429
12447000 -4.98947322321905
12448000 -4.97741084307675
12449000 -4.93893688345501
12450000 -4.98349067010709
12451000 -4.9615274092171
12452000 -4.97372670420888
12453000 -4.9882973316509
12454000 -4.96685315476128
12455000 -4.9737273803367
12456000 -4.9735981960266
12457000 -4.9614550061585
12458000 -4.99998255670413
12459000 -4.94812409437032
12460000 -4.99437605309405
12461000 -4.95249760180939
12462000 -5.00458491793233
12463000 -4.95257499529617
12464000 -4.98852461431575
12465000 -4.95165805917749
12466000 -4.98117896242697
12467000 -4.97750189629004
12468000 -4.95157930577764
12469000 -5.01042859886921
12470000 -4.95775217457058
12471000 -4.9794780580376
12472000 -4.99438507806355
12473000 -4.98214858921412
12474000 -4.97149516504667
12475000 -4.99417869275344
12476000 -4.96399337600163
12477000 -4.98575093241968
12478000 -4.97717066801587
12479000 -4.97595135178623
12480000 -4.9824379891065
12481000 -4.97802603996937
12482000 -5.00102962530716
12483000 -4.96409853847563
12484000 -4.99482100035544
12485000 -4.97838646768958
12486000 -4.98793746179628
12487000 -4.98468999987676
12488000 -4.96946487505668
12489000 -4.99553638536637
12490000 -4.98965143836797
12491000 -5.01238087430173
12492000 -4.94764690598666
12493000 -5.01239421217775
12494000 -4.97387604319949
12495000 -4.99043947100415
12496000 -4.99058950078671
12497000 -4.99885875334385
12498000 -4.98403943960372
12499000 -4.99825085526785
12500000 -4.9780438790081
12501000 -4.99385488269688
12502000 -4.99889393904655
12503000 -4.97318823655542
12504000 -5.00073687193607
12505000 -4.97496832772639
12506000 -5.01121854824039
12507000 -4.98448657277744
12508000 -4.9983536091832
12509000 -4.9782925674055
12510000 -5.01350773388975
12511000 -5.00347858402436
12512000 -4.97112340789928
12513000 -5.00443175181678
12514000 -4.98536869348542
12515000 -5.02719062802334
12516000 -4.96414980991168
12517000 -5.01433621051109
12518000 -4.97520956994224
12519000 -5.0007371201846
12520000 -4.99068063708085
12521000 -5.00109409185952
12522000 -4.9966243138917
12523000 -4.9994863872846
12524000 -5.00132994520883
12525000 -4.98489796489882
12526000 -5.01172806962467
12527000 -4.99771088079877
12528000 -5.01033308870022
12529000 -4.98925724511344
12530000 -5.02609656683315
12531000 -4.98575498852469
12532000 -5.02112624914098
12533000 -4.99822740482159
12534000 -4.99615754408368
12535000 -5.00544523675463
12536000 -5.00764062778321
12537000 -5.01005116207386
12538000 -4.98436492337512
12539000 -5.03936549550237
12540000 -4.98781172614458
12541000 -5.00941011975022
12542000 -5.01549144505177
12543000 -5.0171698561002
12544000 -4.99333364903398
12545000 -5.02057289280071
12546000 -4.97630088611345
12547000 -5.04144757152882
12548000 -4.98280465427095
12549000 -5.03017313584924
12550000 -5.0059163638126
12551000 -5.01770679861104
12552000 -5.00561164259419
12553000 -5.03013935388751
12554000 -5.01240390876994
12555000 -5.00777628087039
12556000 -5.0252138326079
12557000 -4.99554606419533
12558000 -5.01062735444662
12559000 -5.01930312914145
12560000 -5.00619471856066
12561000 -5.02385720534079
12562000 -5.00929453298755
12563000 -5.02249985476383
12564000 -4.99786345517678
12565000 -5.03232456995663
12566000 -5.01059847799765
12567000 -5.0255012041703
12568000 -5.00810099721761
12569000 -5.01249904730421
12570000 -5.03622710695035
12571000 -5.01317524656976
12572000 -5.00853440700838
12573000 -5.03055624544224
12574000 -5.01971068761167
12575000 -5.01939544331809
12576000 -5.03162359184959
12577000 -5.01420848478872
12578000 -5.02465609908059
12579000 -5.0211363188408
12580000 -5.02428725544606
12581000 -5.01301523310856
12582000 -5.03570571737392
12583000 -5.00682421974383
12584000 -5.02051747614034
12585000 -5.01133013957134
12586000 -5.03372656689544
12587000 -5.03286316970694
12588000 -5.01889619347584
12589000 -5.05207476044682
12590000 -4.99071260314783
12591000 -5.07182452645781
12592000 -4.99442168536493
12593000 -5.05262844391527
12594000 -5.01424498034143
12595000 -5.02972299726933
12596000 -5.0497652984375
12597000 -5.00488538225767
12598000 -5.04671606769812
12599000 -5.01134660701311
12600000 -5.03503039339057
12601000 -5.03456034378763
12602000 -5.02492721807691
12603000 -5.02177107794709
12604000 -5.03998701892749
12605000 -5.0185638711549
12606000 -5.04402792561329
12607000 -5.01517708329813
12608000 -5.04138691155907
12609000 -5.02600914889148
12610000 -5.0253583080174
12611000 -5.03453863744102
12612000 -5.01209902101098
12613000 -5.06060837637653
12614000 -5.00862289995716
12615000 -5.06577484177751
12616000 -5.02119440619687
12617000 -5.02535115813633
12618000 -5.04052250682679
12619000 -5.02980869319759
12620000 -5.04258922375289
12621000 -5.0376308084127
12622000 -5.01871003065959
12623000 -5.05639559698534
12624000 -5.01245115747868
12625000 -5.05443998831879
12626000 -5.04799292799597
12627000 -5.04162395568582
12628000 -5.05322259373027
12629000 -5.03310071646757
12630000 -5.04364224033278
12631000 -5.04200424582135
12632000 -5.03694428805054
12633000 -5.05600028950194
12634000 -5.03383347101125
12635000 -5.04984838223778
12636000 -5.04159408448435
12637000 -5.04927750456053
12638000 -5.05634009972488
12639000 -5.04207724322117
12640000 -5.05307261874621
12641000 -5.05227947566228
12642000 -5.03224993901856
12643000 -5.05650707356873
12644000 -5.03007524737892
12645000 -5.0638376390296
12646000 -5.05633319578291
12647000 -5.02725913919094
12648000 -5.08087711270108
12649000 -5.0310672200438
12650000 -5.06760355651791
12651000 -5.03283676995734
12652000 -5.05662775337017
12653000 -5.05939830531473
12654000 -5.04497723203824
12655000 -5.06922513733487
12656000 -5.05153819563109
12657000 -5.03027557379986
12658000 -5.07731570762554
12659000 -5.03503563481623
12660000 -5.07311792270328
12661000 -5.0438635214911
12662000 -5.06461341870397
12663000 -5.06765295384843
12664000 -5.02944038446306
12665000 -5.07439672112929
12666000 -5.03832595588052
12667000 -5.05385862350247
12668000 -5.07412642710424
12669000 -5.05107056116794
12670000 -5.06549383600805
12671000 -5.07696519989094
12672000 -5.04115749756515
12673000 -5.08457002724209
12674000 -5.04964302921409
12675000 -5.07928454829453
12676000 -5.05835729069768
12677000 -5.06104960253494
12678000 -5.06697879543946
12679000 -5.04603841370859
12680000 -5.07905223832343
12681000 -5.05788427033466
12682000 -5.05355861033881
12683000 -5.08823849122775
12684000 -5.02706997033343
12685000 -5.07892284085995
12686000 -5.06739480160718
12687000 -5.04624509339967
12688000 -5.08601460202833
12689000 -5.05976386645215
12690000 -5.06805581754451
12691000 -5.06868199574962
12692000 -5.06931620344588
12693000 -5.06583397607699
12694000 -5.05996756266154
12695000 -5.07983450925886
12696000 -5.0832889025148
12697000 -5.05431296861271
12698000 -5.1085071578708
12699000 -5.039874746818
12700000 -5.08638091779463
12701000 -5.06883749810275
12702000 -5.04925425437441
12703000 -5.09943600544451
12704000 -5.05747270582325
12705000 -5.07475106874979
12706000 -5.08099790287199
12707000 -5.04299713805561
12708000 -5.09665819627241
12709000 -5.07686510361399
12710000 -5.06224594989334
12711000 -5.08041984034853
12712000 -5.06323774943114
12713000 -5.09805722477435
12714000 -5.05647681173792
12715000 -5.05992483289493
12716000 -5.10661065799631
12717000 -5.04994678373342
12718000 -5.11059105515391
12719000 -5.06010567189307
12720000 -5.07485874073023
12721000 -5.08070619601429
12722000 -5.05794198711425
12723000 -5.10875934500504
12724000 -5.05131125078137
12725000 -5.0770954137385
12726000 -5.11195070712118
12727000 -5.04034676477829
12728000 -5.10856068978313
12729000 -5.09558641859062
12730000 -5.06050073174356
12731000 -5.0956590775867
12732000 -5.04914847976781
12733000 -5.11302794207443
12734000 -5.07641969720881
12735000 -5.07256625376856
12736000 -5.12061753404659
12737000 -5.04550511689313
12738000 -5.09626452316934
12739000 -5.09403417398694
12740000 -5.0615389303653
12741000 -5.12458090581447
12742000 -5.06238989456525
12743000 -5.09488511066763
12744000 -5.09893676353101
12745000 -5.07760893650605
12746000 -5.11411421379726
12747000 -5.08086977594969
12748000 -5.08788308216994
12749000 -5.1198834925083
12750000 -5.04546896266157
12751000 -5.13624756002001
12752000 -5.05525330048484
12753000 -5.09772805854628
12754000 -5.09499837686053
12755000 -5.06957639153927
12756000 -5.10272415780914
12757000 -5.0902241350127
12758000 -5.07474925586582
12759000 -5.11982833045207
12760000 -5.06688235705927
12761000 -5.11152354380521
12762000 -5.07535580183319
12763000 -5.09586825261557
12764000 -5.11246968583741
12765000 -5.05832321930177
12766000 -5.14261009362024
12767000 -5.07643701522824
12768000 -5.08531294616282
12769000 -5.14202882452396
12770000 -5.05539290613721
12771000 -5.10653517948091
12772000 -5.12462415903807
12773000 -5.06171230080756
12774000 -5.12915722895653
12775000 -5.09825597991325
12776000 -5.09327889103321
12777000 -5.11448008464629
12778000 -5.07001116001059
12779000 -5.13747722662511
12780000 -5.06300225943679
12781000 -5.12317803522352
12782000 -5.10529650573312
12783000 -5.08047598235461
12784000 -5.15137198791242
12785000 -5.06509141828549
12786000 -5.09968705348664
12787000 -5.14073848237227
12788000 -5.07261533059924
12789000 -5.15173394999461
12790000 -5.10888339580137
12791000 -5.07788155258155
12792000 -5.15315651370445
12793000 -5.07218585568912
12794000 -5.14938557704611
12795000 -5.0892113105083
12796000 -5.10399341873279
12797000 -5.13378923403107
12798000 -5.07741016099621
12799000 -5.10837829590694
12800000 -5.14350422453564
12801000 -5.07507240811352
12802000 -5.14632024164406
12803000 -5.09333387286778
12804000 -5.10755383732085
12805000 -5.14133671509873
12806000 -5.08136392923148
12807000 -5.14466526576633
12808000 -5.10050082111626
12809000 -5.10036392152223
12810000 -5.13595547482612
12811000 -5.10215097413495
12812000 -5.13451382370473
12813000 -5.1098513201863
12814000 -5.09622110854082
12815000 -5.1368947273691
12816000 -5.11648868102478
12817000 -5.11924133965287
12818000 -5.12499183431627
12819000 -5.11078461845327
12820000 -5.15335527897779
12821000 -5.09291336047005
12822000 -5.13619927713877
12823000 -5.12553143102466
12824000 -5.09355380983141
12825000 -5.1495256154167
12826000 -5.083038165936
12827000 -5.14372207363421
12828000 -5.1333685296803
12829000 -5.09236887051477
12830000 -5.15713216731246
12831000 -5.10191921330741
12832000 -5.1237569185655
12833000 -5.15203933844589
12834000 -5.09324101182656
12835000 -5.14302341838081
12836000 -5.13289720700856
12837000 -5.10947420418115
12838000 -5.14308380818948
12839000 -5.09511214986828
12840000 -5.15634640090202
12841000 -5.10847177413543
12842000 -5.12604642956929
12843000 -5.14768032607622
12844000 -5.08779795485349
12845000 -5.14651269134945
12846000 -5.12091618765664
12847000 -5.12088487596803
12848000 -5.15397162388335
12849000 -5.0958457435298
12850000 -5.16293182927817
12851000 -5.11710745963085
12852000 -5.13932862518369
12853000 -5.13148917022051
12854000 -5.12326125509735
12855000 -5.15404120923682
12856000 -5.11775776337489
12857000 -5.13154708717305
12858000 -5.15720953741109
12859000 -5.11077806162026
12860000 -5.15243122143748
12861000 -5.13432505178778
12862000 -5.12165113812321
12863000 -5.14997504153861
12864000 -5.11194289905904
12865000 -5.1629857438414
12866000 -5.10645287840906
12867000 -5.15877283597379
12868000 -5.13390991529782
12869000 -5.12822314908675
12870000 -5.15080378387182
12871000 -5.12173898928396
12872000 -5.1615610102056
12873000 -5.12051442582556
12874000 -5.16168004958314
12875000 -5.13761437226028
12876000 -5.14142767230714
12877000 -5.14174841764301
12878000 -5.15433542697303
12879000 -5.12118695670744
12880000 -5.15523898810126
12881000 -5.12618185431398
12882000 -5.15874752957396
12883000 -5.12573269171714
12884000 -5.14202372114905
12885000 -5.16942443557401
12886000 -5.11224905948054
12887000 -5.18905516475883
12888000 -5.11069654941967
12889000 -5.17527350452876
12890000 -5.12390142133736
12891000 -5.15330076161688
12892000 -5.13866387221423
12893000 -5.15391359577935
12894000 -5.13882917698157
12895000 -5.17374651537514
12896000 -5.11540493410964
12897000 -5.18466331956689
12898000 -5.14580738689506
12899000 -5.13642711311334
12900000 -5.16712451420315
12901000 -5.12797987668848
12902000 -5.17593500349917
12903000 -5.13017601218633
12904000 -5.16601703992448
12905000 -5.1313476178712
12906000 -5.17266021545318
12907000 -5.12057059050898
12908000 -5.17601692496611
12909000 -5.13860324294021
12910000 -5.17797553833976
12911000 -5.13542731488025
12912000 -5.18457560092189
12913000 -5.14790783796573
12914000 -5.15817032060893
12915000 -5.15477131197029
12916000 -5.14986111146117
12917000 -5.15827172761359
12918000 -5.15621384778609
12919000 -5.17769777893934
12920000 -5.13617390782886
12921000 -5.1924027584704
12922000 -5.13525708256442
12923000 -5.16426374969049
12924000 -5.16926597548498
12925000 -5.14101541625512
12926000 -5.16926216126372
12927000 -5.1537072722501
12928000 -5.17993838649805
12929000 -5.14228198773358
12930000 -5.17236381101714
12931000 -5.15354505924653
12932000 -5.16554659133133
12933000 -5.16504879679524
12934000 -5.18220151013632
12935000 -5.16717406053967
12936000 -5.16360292542053
12937000 -5.1524276680022
12938000 -5.16530212876907
12939000 -5.17379360170107
12940000 -5.15936059846903
12941000 -5.18821321714657
12942000 -5.14856551679302
12943000 -5.19561486551656
12944000 -5.13805591485991
12945000 -5.20748979723722
12946000 -5.14633422735881
12947000 -5.19791859393527
12948000 -5.17084012059005
12949000 -5.15992229815392
12950000 -5.18980267095608
12951000 -5.15792326642931
12952000 -5.16901277495455
12953000 -5.16573823527426
12954000 -5.18880017464283
12955000 -5.17736803904162
12956000 -5.17690082867961
12957000 -5.16092798492543
12958000 -5.18822680315956
12959000 -5.16410963767875
12960000 -5.18313551545764
12961000 -5.16775105998407
12962000 -5.17814010416487
12963000 -5.19086788940514
12964000 -5.16540629114059
12965000 -5.20122655324126
12966000 -5.14465145102574
12967000 -5.1983049256597
12968000 -5.15521474804297
12969000 -5.18859845150155
12970000 -5.18762822717376
12971000 -5.1814125921164
12972000 -5.17621862364916
12973000 -5.18171918955612
12974000 -5.16838584314429
12975000 -5.17472305414649
12976000 -5.19134340263916
12977000 -5.1668111181149
12978000 -5.21155834412413
12979000 -5.14811003480583
12980000 -5.21453353249995
12981000 -5.1576291331211
12982000 -5.19830134690651
12983000 -5.18428554068009
12984000 -5.18112619390863
12985000 -5.18351041508786
12986000 -5.18693059408461
12987000 -5.18347394937379
12988000 -5.18218081639319
12989000 -5.17627667321147
12990000 -5.18528184811048
12991000 -5.19571685651561
12992000 -5.16230309749232
12993000 -5.2400282086142
12994000 -5.13493703559247
12995000 -5.23161070722664
12996000 -5.16192312838794
12997000 -5.20284391037036
12998000 -5.20346316164638
12999000 -5.17409604735462
13000000 -5.20170143754741
13001000 -5.21535000716428
13002000 -5.15335354788864
13003000 -5.23073019580916
13004000 -5.16506179677326
13005000 -5.18799594314691
13006000 -5.23272540171507
13007000 -5.15322369586089
13008000 -5.23285712970109
13009000 -5.15309347612873
13010000 -5.22315893435538
13011000 -5.20031378619084
13012000 -5.17161660181918
13013000 -5.21267961669976
13014000 -5.17049762078632
13015000 -5.19898987014405
13016000 -5.18735671724624
13017000 -5.19368927635134
13018000 -5.20590279733177
13019000 -5.18777095571512
13020000 -5.19110440962237
13021000 -5.22239119867915
13022000 -5.16027310283309
13023000 -5.25006884603542
13024000 -5.17471800910362
13025000 -5.18301040805013
13026000 -5.21955315231918
13027000 -5.18112192451662
13028000 -5.21794900873264
13029000 -5.18411860956347
13030000 -5.20628587644436
13031000 -5.18949659845534
13032000 -5.19102076483788
13033000 -5.21026756391097
13034000 -5.21043115190697
13035000 -5.18564058405264
13036000 -5.23553914564457
13037000 -5.16416792275598
13038000 -5.23696487558519
13039000 -5.18314417821675
13040000 -5.21124179282532
13041000 -5.20686614921044
13042000 -5.2108087392438
13043000 -5.19783861500274
13044000 -5.20453360866055
13045000 -5.19590526528945
13046000 -5.1999745545701
13047000 -5.19638008548315
13048000 -5.20832171930123
13049000 -5.1990795351526
13050000 -5.20954389381825
13051000 -5.22640395415309
13052000 -5.16406985034818
13053000 -5.25812102101208
13054000 -5.17462419358419
13055000 -5.22158177204546
13056000 -5.21988796759657
13057000 -5.20642782559488
13058000 -5.2050079183939
13059000 -5.21584032077035
13060000 -5.19927320651518
13061000 -5.2289244706222
13062000 -5.21004725168967
13063000 -5.20383110597028
13064000 -5.23560902724824
13065000 -5.18805277844958
13066000 -5.24844993738371
13067000 -5.1746233412875
13068000 -5.24981225720226
13069000 -5.19251929307489
13070000 -5.22779246261735
13071000 -5.21816065299256
13072000 -5.21384059024104
13073000 -5.20111913946268
13074000 -5.22194039132191
13075000 -5.18673664410377
13076000 -5.24400596216483
13077000 -5.20716591344991
13078000 -5.23283637682973
13079000 -5.23747457743376
13080000 -5.19534692796727
13081000 -5.26099052273514
13082000 -5.19394317045206
13083000 -5.24137477375322
13084000 -5.20806261720033
13085000 -5.22544898702417
13086000 -5.22256035574244
13087000 -5.21460604875353
13088000 -5.21293241088563
13089000 -5.23442971524837
13090000 -5.20335938643449
13091000 -5.23705465598703
13092000 -5.22013415818251
13093000 -5.22516299043139
13094000 -5.2658125676162
13095000 -5.19836997723044
13096000 -5.25447171246629
13097000 -5.18331232719718
13098000 -5.26776928839352
13099000 -5.22300194456297
13100000 -5.22904294226122
13101000 -5.22725412743615
13102000 -5.22748822443274
13103000 -5.21661670898115
13104000 -5.26832254466631
13105000 -5.18316978718191
13106000 -5.28337362336601
13107000 -5.19768688257445
13108000 -5.2379765899009
13109000 -5.25252991079736
13110000 -5.21311424657583
13111000 -5.24896380547208
13112000 -5.2288040946772
13113000 -5.240717787655
13114000 -5.23605810609769
13115000 -5.23860426174691
13116000 -5.24175417227143
13117000 -5.25282109141869
13118000 -5.22515696922077
13119000 -5.25662891522883
13120000 -5.20987722388595
13121000 -5.26496852363452
13122000 -5.21661389170123
13123000 -5.26178005994455
13124000 -5.22831005012705
13125000 -5.24980417222868
13126000 -5.24464044941321
13127000 -5.23751797239292
13128000 -5.24884417349486
13129000 -5.23807772901331
13130000 -5.24309883091571
13131000 -5.24768063673786
13132000 -5.23996224261713
13133000 -5.23813126768869
13134000 -5.27245030597546
13135000 -5.21033015232452
13136000 -5.27153807633393
13137000 -5.22079062841007
13138000 -5.26966496711938
13139000 -5.24134990821142
13140000 -5.24011925373995
13141000 -5.23875763343597
13142000 -5.25032092987865
13143000 -5.23308324652695
13144000 -5.27830646287117
13145000 -5.22676355330217
13146000 -5.26139672731163
13147000 -5.25855313268623
13148000 -5.22552231558831
13149000 -5.28552262005853
13150000 -5.2079157084032
13151000 -5.28820834481518
13152000 -5.22998567840851
13153000 -5.26914142148388
13154000 -5.24033547777867
13155000 -5.24628381081273
13156000 -5.28246390480073
13157000 -5.21272623030839
13158000 -5.28739476440873
13159000 -5.23771647879434
13160000 -5.24303447210456
13161000 -5.27112746889114
13162000 -5.22858138862249
13163000 -5.2473173264896
13164000 -5.26204178680295
13165000 -5.24655683704158
13166000 -5.28639683698124
13167000 -5.2148547914286
13168000 -5.30827517225029
13169000 -5.20686945181213
13170000 -5.29002068666149
13171000 -5.24876125221286
13172000 -5.26667443232996
13173000 -5.24979765111244
13174000 -5.25332804936552
13175000 -5.25370425263863
13176000 -5.26378149373498
13177000 -5.24355928140147
13178000 -5.26578101757322
13179000 -5.24175749327559
13180000 -5.29338231136058
13181000 -5.2490170014544
13182000 -5.28141194934777
13183000 -5.26542112009245
13184000 -5.24171388956339
13185000 -5.29486234131035
13186000 -5.24157154579205
13187000 -5.27738162140513
13188000 -5.25340748387062
13189000 -5.26603167502344
13190000 -5.28153496616059
13191000 -5.24329902061846
13192000 -5.31679995390249
13193000 -5.19909373584787
13194000 -5.31448980346965
13195000 -5.24369510186947
13196000 -5.27298570557382
13197000 -5.2758013584806
13198000 -5.27948825993603
13199000 -5.24141581900827
13200000 -5.2943943935121
13201000 -5.25318103480719
13202000 -5.28234506435703
13203000 -5.23060571294425
13204000 -5.30713453946353
13205000 -5.25600278718026
13206000 -5.2792889284304
13207000 -5.27175949200404
13208000 -5.25195828233353
13209000 -5.29858543414503
13210000 -5.23844500715449
13211000 -5.31091681792438
13212000 -5.24330638217912
13213000 -5.27817215559487
13214000 -5.28689278624926
13215000 -5.2771672437146
13216000 -5.26678231842276
13217000 -5.30163547178248
13218000 -5.24722478400241
13219000 -5.31509661759583
13220000 -5.25339164893129
13221000 -5.29667694000785
13222000 -5.2606142546238
13223000 -5.28393692709235
13224000 -5.30204252011758
13225000 -5.25329740961451
13226000 -5.3145143818321
13227000 -5.23906530289575
13228000 -5.3235579550349
13229000 -5.24826002202688
13230000 -5.30525308029174
13231000 -5.26872953192277
13232000 -5.30166261075747
13233000 -5.25861131094704
13234000 -5.30748301775531
13235000 -5.24459903737666
13236000 -5.31936829790643
13237000 -5.23509482204176
13238000 -5.31761486200547
13239000 -5.25505579856377
13240000 -5.30784639986824
13241000 -5.27810281242314
13242000 -5.27872461416517
13243000 -5.30337962438873
13244000 -5.27655607573029
13245000 -5.28801913749714
13246000 -5.297867043884
13247000 -5.27249029897529
13248000 -5.29987072597234
13249000 -5.30889473762422
13250000 -5.2661586697419
13251000 -5.322887440336
13252000 -5.27095028491004
13253000 -5.33037174288872
13254000 -5.26357302959106
13255000 -5.33614968405019
13256000 -5.27382281011212
13257000 -5.29649270626625
13258000 -5.27723647465713
13259000 -5.30085848346029
13260000 -5.28437287056943
13261000 -5.28825611801024
13262000 -5.29815134880446
13263000 -5.27862023118589
13264000 -5.29267541757954
13265000 -5.29272799013486
13266000 -5.28970454459468
13267000 -5.30650839135579
13268000 -5.31707016606858
13269000 -5.28951491580225
13270000 -5.32313212489953
13271000 -5.25473067321347
13272000 -5.3302695283411
13273000 -5.27323468195418
13274000 -5.32289867938673
13275000 -5.29072619259677
13276000 -5.29587361286311
13277000 -5.32667047708766
13278000 -5.26376160587468
13279000 -5.32716054179325
13280000 -5.2618578642497
13281000 -5.34067287504654
13282000 -5.28155094907472
13283000 -5.31823143869069
13284000 -5.3093450942215
13285000 -5.28393700290782
13286000 -5.33169841337314
13287000 -5.28680968078588
13288000 -5.31863206619321
13289000 -5.30605946696057
13290000 -5.28956420166167
13291000 -5.32427339449283
13292000 -5.28251087387394
13293000 -5.31151258619533
13294000 -5.3249345966942
13295000 -5.28428718361142
13296000 -5.32857604144487
13297000 -5.27989967718728
13298000 -5.33425898762956
13299000 -5.3088975300275
13300000 -5.30213023047726
13301000 -5.32793737679714
13302000 -5.28877066481315
13303000 -5.3357949843655
13304000 -5.27805490635326
13305000 -5.35070815779004
13306000 -5.28709784969504
13307000 -5.32066271709511
13308000 -5.31232051966761
13309000 -5.29474679219015
13310000 -5.31785010160868
13311000 -5.30233991729152
13312000 -5.31529294499105
13313000 -5.31987030275507
13314000 -5.31667318447869
13315000 -5.32282875465931
13316000 -5.33843757096993
13317000 -5.28190212745369
13318000 -5.34042717514842
13319000 -5.3005693531871
13320000 -5.33269987752547
13321000 -5.30261063863972
13322000 -5.32520667054988
13323000 -5.29756153107225
13324000 -5.33043484756825
13325000 -5.32905279399929
13326000 -5.28310357918433
13327000 -5.35058144577442
13328000 -5.30078538677234
13329000 -5.33027951709164
13330000 -5.3160431937995
13331000 -5.32115294136645
13332000 -5.32045149471047
13333000 -5.32925794119302
13334000 -5.30593756121915
13335000 -5.3244264558265
13336000 -5.31797567970604
13337000 -5.32485124198753
13338000 -5.32301945437358
13339000 -5.30855296996694
13340000 -5.35543061076824
13341000 -5.29468452951132
13342000 -5.35414750545719
13343000 -5.31239113594996
13344000 -5.34518057870278
13345000 -5.32031008697063
13346000 -5.30634352186537
13347000 -5.34187053657971
13348000 -5.31920036262583
13349000 -5.33688719055699
13350000 -5.30099335323013
13351000 -5.34272984639271
13352000 -5.3151332797253
13353000 -5.35067672127175
13354000 -5.31199397838676
13355000 -5.36458127817174
13356000 -5.30998147858052
13357000 -5.34337693138352
13358000 -5.31877003001919
13359000 -5.34150887359719
13360000 -5.31436163206561
13361000 -5.3466613646742
13362000 -5.31280210030955
13363000 -5.3529200828146
13364000 -5.33022376000577
13365000 -5.3120847459632
13366000 -5.35736996023233
13367000 -5.29747882044474
13368000 -5.35952461749789
13369000 -5.32565723106979
13370000 -5.34994602861367
13371000 -5.31638302489552
13372000 -5.35339193527429
13373000 -5.33301186265922
13374000 -5.35065695118311
13375000 -5.32058877774562
13376000 -5.34500521349068
13377000 -5.33688143689369
13378000 -5.35085502455273
13379000 -5.34086051609176
13380000 -5.35252932490257
13381000 -5.33688147918744
13382000 -5.34251464367737
13383000 -5.345848048957
13384000 -5.34671274607767
13385000 -5.34490553894466
13386000 -5.34125715618046
13387000 -5.35212157591466
13388000 -5.3397895857689
13389000 -5.35639826368534
13390000 -5.34504678183423
13391000 -5.34432758015229
13392000 -5.35875708054043
13393000 -5.34885801054838
13394000 -5.34951279344253
13395000 -5.35487963855338
13396000 -5.32141019435555
13397000 -5.35485581713873
13398000 -5.34428046040125
13399000 -5.35163041006305
13400000 -5.34998305139664
13401000 -5.34496301384681
13402000 -5.35044420071212
13403000 -5.36534544972042
13404000 -5.34665115918375
13405000 -5.35118709805213
13406000 -5.33513717728534
13407000 -5.35833598410885
13408000 -5.34447772426487
13409000 -5.36479572248046
13410000 -5.37026988993094
13411000 -5.35350065804697
13412000 -5.3542070159783
13413000 -5.38491934283322
13414000 -5.36167947391938
13415000 -5.35230061971035
13416000 -5.35827611424533
13417000 -5.35898643404616
13418000 -5.3603294422071
13419000 -5.35663282408856
13420000 -5.34376445787748
13421000 -5.38999581083971
13422000 -5.33988678033271
13423000 -5.36847467434884
13424000 -5.36818397643611
13425000 -5.35492468646035
13426000 -5.35178202272012
13427000 -5.36084425783439
13428000 -5.34567947241814
13429000 -5.39066382132205
13430000 -5.34199374550395
13431000 -5.37184889165719
13432000 -5.35169860994977
13433000 -5.38800457698472
13434000 -5.34102776118704
13435000 -5.38441871275922
13436000 -5.35468373895683
13437000 -5.38616015124539
13438000 -5.34185272542741
13439000 -5.37894595862543
13440000 -5.34663693523644
13441000 -5.36806055859878
13442000 -5.35620621865906
13443000 -5.37915208523539
13444000 -5.35557466225498
13445000 -5.38287639117556
13446000 -5.3473489523746
13447000 -5.39604593226453
13448000 -5.36742161510436
13449000 -5.36982566674982
13450000 -5.37532327225382
13451000 -5.37241886513686
13452000 -5.35358990632553
13453000 -5.39032717561764
13454000 -5.36930449503977
13455000 -5.36572557958441
13456000 -5.36645035505215
13457000 -5.37428212357222
13458000 -5.38035136139287
13459000 -5.37145428334125
13460000 -5.3760933211096
13461000 -5.38108436874206
13462000 -5.37587616115787
13463000 -5.37700448596995
13464000 -5.36340954495764
13465000 -5.38892596972708
13466000 -5.36402130130607
13467000 -5.36815495130928
13468000 -5.38339076428353
13469000 -5.37498972030457
13470000 -5.38145350376576
13471000 -5.35315922486284
13472000 -5.40665246748125
13473000 -5.35607866750084
13474000 -5.39826601103434
13475000 -5.36614418191859
13476000 -5.37950836573921
13477000 -5.37456183357992
13478000 -5.38685610218184
13479000 -5.3646023471941
13480000 -5.4057640480915
13481000 -5.36579922222542
13482000 -5.3794010361729
13483000 -5.39028801923449
13484000 -5.38703573595715
13485000 -5.39006484648884
13486000 -5.37488024700061
13487000 -5.39097781131937
13488000 -5.39247238932507
13489000 -5.38503453743533
13490000 -5.38849477009128
13491000 -5.39006074864235
13492000 -5.36851682261816
13493000 -5.40729627232919
13494000 -5.36850227272132
13495000 -5.40744161586638
13496000 -5.35903322194909
13497000 -5.40706082739907
13498000 -5.37564901764565
13499000 -5.38732614441162
13500000 -5.40138446911302
13501000 -5.37711046095183
13502000 -5.38676626801415
13503000 -5.37533383376963
13504000 -5.39931422227182
13505000 -5.39647152022413
13506000 -5.38077031648943
13507000 -5.39618228062772
13508000 -5.40148428854073
13509000 -5.39541484686185
13510000 -5.39292578658848
13511000 -5.38166344789956
13512000 -5.38762293720845
13513000 -5.39595214435509
13514000 -5.40281490584778
13515000 -5.38695741859089
13516000 -5.40319633567824
13517000 -5.39288754548224
13518000 -5.40341263867777
13519000 -5.39425623346115
13520000 -5.39745525861416
13521000 -5.38397386408475
13522000 -5.40730287557456
13523000 -5.40118004462456
13524000 -5.41290259658718
13525000 -5.38024166644287
13526000 -5.41107808328041
13527000 -5.38768389670375
13528000 -5.40098021703144
13529000 -5.39833617743638
13530000 -5.40666594794511
13531000 -5.39008061738141
13532000 -5.41192492216915
13533000 -5.39524555195074
13534000 -5.40434499269806
13535000 -5.40776213044368
13536000 -5.39443509058072
13537000 -5.4004972988194
13538000 -5.41561078345922
13539000 -5.40815451101835
13540000 -5.38907420029695
13541000 -5.41816536387826
13542000 -5.39260490131412
13543000 -5.40436606058849
13544000 -5.40795762790534
13545000 -5.38540092406718
13546000 -5.41362236152863
13547000 -5.40619154714271
13548000 -5.41025737211947
13549000 -5.41043699067819
13550000 -5.40078449196921
13551000 -5.42678110415517
13552000 -5.39319963502777
13553000 -5.43515982121851
13554000 -5.40049901586292
13555000 -5.41603438839533
13556000 -5.42216249246239
13557000 -5.39944310203551
13558000 -5.43155318281857
13559000 -5.39497475735793
13560000 -5.41612261604259
13561000 -5.40394028149724
13562000 -5.40547327705959
13563000 -5.44566613755631
13564000 -5.3746048744356
13565000 -5.42001066697848
13566000 -5.41880977495462
13567000 -5.40863233989131
13568000 -5.43215152090186
13569000 -5.40412208240286
13570000 -5.43377247986548
13571000 -5.40531703589179
13572000 -5.44817695668916
13573000 -5.39989571623845
13574000 -5.41094932971782
13575000 -5.42538852213575
13576000 -5.41861649347747
13577000 -5.42461034506389
13578000 -5.40417184855746
13579000 -5.4335823970959
13580000 -5.43428605076985
13581000 -5.40225377775089
13582000 -5.43202885759862
13583000 -5.41911273021627
13584000 -5.42081038672466
13585000 -5.41294385000642
13586000 -5.40733649729256
13587000 -5.43784156771813
13588000 -5.41248738241771
13589000 -5.42930944803588
13590000 -5.40712712900756
13591000 -5.4360967040874
13592000 -5.42823006720363
13593000 -5.42352557419574
13594000 -5.4244611774865
13595000 -5.40396163691626
13596000 -5.45869288584739
13597000 -5.4127981029819
13598000 -5.41209027792741
13599000 -5.45102410377044
13600000 -5.39314614625657
13601000 -5.45747250401344
13602000 -5.4069225896676
13603000 -5.43505794811761
13604000 -5.41791043422261
13605000 -5.4515286600219
13606000 -5.43154895016194
13607000 -5.40616406034954
13608000 -5.45908239301567
13609000 -5.42221963929796
13610000 -5.42807284735841
13611000 -5.44206361780179
13612000 -5.41525271992322
13613000 -5.44866557998493
13614000 -5.41829597233532
13615000 -5.45595609300365
13616000 -5.41172988775543
13617000 -5.44623668866393
13618000 -5.44872902534197
13619000 -5.42378950785732
13620000 -5.45912440614008
13621000 -5.43308157423669
13622000 -5.45424606474881
13623000 -5.42691356064025
13624000 -5.44610526097812
13625000 -5.44034948493449
13626000 -5.41617440066946
13627000 -5.45879852443962
13628000 -5.41845126229847
13629000 -5.45275453438974
13630000 -5.45546970177454
13631000 -5.41492775436194
13632000 -5.4637304112853
13633000 -5.4178740980802
13634000 -5.4702765453772
13635000 -5.42222859984639
13636000 -5.44900361086901
13637000 -5.4607198243925
13638000 -5.45624593014661
13639000 -5.42477723946918
13640000 -5.44631802389397
13641000 -5.44489316648439
13642000 -5.44045002750076
13643000 -5.4502149972319
13644000 -5.44716093802992
13645000 -5.43481711513092
13646000 -5.45863138724607
13647000 -5.42639703365666
13648000 -5.45044669463685
13649000 -5.45461305955765
13650000 -5.43074442880277
13651000 -5.46980960641323
13652000 -5.41892645384892
13653000 -5.46025800740318
13654000 -5.45042695364467
13655000 -5.44762825994527
13656000 -5.46590157681278
13657000 -5.43543053484788
13658000 -5.46560137329037
13659000 -5.44540290812127
13660000 -5.46235466873099
13661000 -5.45675312992997
13662000 -5.45812251686202
13663000 -5.46391059276136
13664000 -5.45156488637912
13665000 -5.451625173761
13666000 -5.46031134740638
13667000 -5.43980139943054
13668000 -5.45239358424873
13669000 -5.45677313730347
13670000 -5.44746765492649
13671000 -5.4498397051435
13672000 -5.47151900211336
13673000 -5.45170244591004
13674000 -5.45628166222017
13675000 -5.47275779315236
13676000 -5.44925328630582
13677000 -5.467597579585
13678000 -5.47213647499481
13679000 -5.44667564240094
13680000 -5.46304701407273
13681000 -5.45492787844491
13682000 -5.4753698208282
13683000 -5.4292352521166
13684000 -5.4915646435275
13685000 -5.44321576968654
13686000 -5.47841147504103
13687000 -5.43676519666948
13688000 -5.47228975475578
13689000 -5.44612442090698
13690000 -5.47662993710504
13691000 -5.45155119141165
13692000 -5.47057683708411
13693000 -5.46376842733695
13694000 -5.44830615774113
13695000 -5.49925334196905
13696000 -5.45441806750041
13697000 -5.45440947079777
13698000 -5.4678117748633
13699000 -5.46405276860033
13700000 -5.47253222887333
13701000 -5.45560439990392
13702000 -5.47406701281163
13703000 -5.47975449325992
13704000 -5.45239659954118
13705000 -5.47751654467595
13706000 -5.45941754709185
13707000 -5.4881059588742
13708000 -5.46499254606122
13709000 -5.4604712300642
13710000 -5.49673758998944
13711000 -5.46079137007794
13712000 -5.47387044469185
13713000 -5.47730295406384
13714000 -5.46844807497205
13715000 -5.4665005468755
13716000 -5.49256705934735
13717000 -5.45726733007044
13718000 -5.49335017874343
13719000 -5.45094209997433
13720000 -5.49499503957747
13721000 -5.46648603629057
13722000 -5.47812220616863
13723000 -5.4647821991488
13724000 -5.47961522282662
13725000 -5.50492904510698
13726000 -5.44167520694044
13727000 -5.49557206357184
13728000 -5.47380268798789
13729000 -5.47327504566961
13730000 -5.48146676655344
13731000 -5.48620661206861
13732000 -5.46952146454416
13733000 -5.50046102331191
13734000 -5.47097631442961
13735000 -5.489829333135
13736000 -5.4703991397073
13737000 -5.50593579153115
13738000 -5.45263230840298
13739000 -5.50916962053475
13740000 -5.46191103644593
13741000 -5.50028747245499
13742000 -5.49829786334282
13743000 -5.46819937896464
13744000 -5.48449300157316
13745000 -5.49442069220873
13746000 -5.48409417508467
13747000 -5.49024576099419
13748000 -5.48248536602019
13749000 -5.50237273901935
13750000 -5.48149153383362
13751000 -5.50037807019817
13752000 -5.48669427660717
13753000 -5.49707225978111
13754000 -5.5099321402638
13755000 -5.48210676741286
13756000 -5.50651447544187
13757000 -5.47461617413829
13758000 -5.49382554593093
13759000 -5.4967143015836
13760000 -5.47691364667093
13761000 -5.509975081408
13762000 -5.47463888760401
13763000 -5.49998052001144
13764000 -5.4999610902077
13765000 -5.4947838222426
13766000 -5.4885760271309
13767000 -5.4822501100192
13768000 -5.49359865140784
13769000 -5.50350703199418
13770000 -5.49692874495452
13771000 -5.51241656807889
13772000 -5.48149148327283
13773000 -5.5256591999001
13774000 -5.47569487909387
13775000 -5.51605666000682
13776000 -5.50015221248462
13777000 -5.49723806309398
13778000 -5.49947423368802
13779000 -5.52633089836966
13780000 -5.48634436607523
13781000 -5.50189126961076
13782000 -5.48796679853011
13783000 -5.52678540254306
13784000 -5.48993448646301
13785000 -5.50621087400215
13786000 -5.50482240816334
13787000 -5.5140437382403
13788000 -5.50562186250332
13789000 -5.50824705996453
13790000 -5.51739743614992
13791000 -5.51284994967956
13792000 -5.49088907192761
13793000 -5.52474456636485
13794000 -5.48033920663138
13795000 -5.5320899298556
13796000 -5.48527065863947
13797000 -5.52156594206835
13798000 -5.48270531233399
13799000 -5.50539339565473
13800000 -5.50887402732921
13801000 -5.49184499784095
13802000 -5.51179915114644
13803000 -5.4958166946137
13804000 -5.51713744273131
13805000 -5.51432145469573
13806000 -5.49136388154243
13807000 -5.53519538582063
13808000 -5.50265122135272
13809000 -5.51946794774618
13810000 -5.51664036759095
13811000 -5.50732684486242
13812000 -5.52382253825579
13813000 -5.49465388493924
13814000 -5.53461768113265
13815000 -5.48182862056595
13816000 -5.51911550892893
13817000 -5.5177253063118
13818000 -5.49979231015079
13819000 -5.52968754987688
13820000 -5.52080698534587
13821000 -5.51770194879476
13822000 -5.51607649695854
13823000 -5.53141036661581
13824000 -5.50882729029686
13825000 -5.51068908041253
13826000 -5.55485197471723
13827000 -5.49450532013612
13828000 -5.55638818367478
13829000 -5.50247437905204
13830000 -5.51739940689095
13831000 -5.5385199116342
13832000 -5.51365509286116
13833000 -5.53655006679202
13834000 -5.50884160596356
13835000 -5.54110797416123
13836000 -5.51835420862464
13837000 -5.51508404854167
13838000 -5.53881103999983
13839000 -5.5121573337522
13840000 -5.55206133747621
13841000 -5.52548832637656
13842000 -5.52914524538568
13843000 -5.52743440277049
13844000 -5.52046883338434
13845000 -5.54700319717079
13846000 -5.49414103244683
13847000 -5.55566256765994
13848000 -5.50676977675224
13849000 -5.51429299294659
13850000 -5.55585677440578
13851000 -5.51183425575301
13852000 -5.55046132944356
13853000 -5.52571592718248
13854000 -5.52245205392183
13855000 -5.54151970281723
13856000 -5.52372626845617
13857000 -5.55126862440794
13858000 -5.53579559437603
13859000 -5.53626749956896
13860000 -5.53713313669361
13861000 -5.53791688185799
13862000 -5.5302634239243
13863000 -5.51243954381478
13864000 -5.53759239142864
13865000 -5.53137814726344
13866000 -5.54047600994872
13867000 -5.54134480348263
13868000 -5.50446578148786
13869000 -5.56818741444715
13870000 -5.51391561288798
13871000 -5.54912563988553
13872000 -5.53969811422374
13873000 -5.54138559438909
13874000 -5.54445146433356
13875000 -5.52911119591096
13876000 -5.55999257118064
13877000 -5.52068160271927
13878000 -5.52071073149859
13879000 -5.53478929500709
13880000 -5.53708571322652
13881000 -5.55414619065161
13882000 -5.51549886172323
13883000 -5.5714903393385
13884000 -5.5303488119665
13885000 -5.54557571707003
13886000 -5.57545485564806
13887000 -5.50449954665358
13888000 -5.58458648995256
13889000 -5.51596063406081
13890000 -5.55717602591826
13891000 -5.53667792370635
13892000 -5.52542670599456
13893000 -5.57671049467522
13894000 -5.51392374821115
13895000 -5.56225041989505
13896000 -5.52744888524495
13897000 -5.56138091677087
13898000 -5.55055198271422
13899000 -5.55011651402119
13900000 -5.57523313591022
13901000 -5.5139345464387
13902000 -5.57799122391782
13903000 -5.53967320450243
13904000 -5.53692008274491
13905000 -5.57967949214093
13906000 -5.5144231744951
13907000 -5.57857179551729
13908000 -5.53055867077851
13909000 -5.5656905348034
13910000 -5.55824401462181
13911000 -5.52246380304572
13912000 -5.58891282286242
13913000 -5.51970639859202
13914000 -5.58024744845078
13915000 -5.55571512152899
13916000 -5.53887238002073
13917000 -5.57813609876737
13918000 -5.53343994032096
13919000 -5.57722934378437
13920000 -5.52688301676477
13921000 -5.58407482587697
13922000 -5.54696382986623
13923000 -5.54545102177932
13924000 -5.56912957294776
13925000 -5.54357969659923
13926000 -5.57487965306965
13927000 -5.54444566913197
13928000 -5.57790111955297
13929000 -5.54122487953615
13930000 -5.55802411887939
13931000 -5.56818034797228
13932000 -5.55002414373868
13933000 -5.56831822023826
13934000 -5.56917995734207
13935000 -5.55240138268569
13936000 -5.56546067964422
13937000 -5.55770534817072
13938000 -5.5903134076059
13939000 -5.52427973116437
13940000 -5.59249056164873
13941000 -5.56236017574088
13942000 -5.54518050333926
13943000 -5.59544585683432
13944000 -5.54304419105271
13945000 -5.58977933851776
13946000 -5.56453123938018
13947000 -5.55456831731051
13948000 -5.58405008500591
13949000 -5.55120496467075
13950000 -5.57320173682077
13951000 -5.54684545650274
13952000 -5.5990405677006
13953000 -5.55058723399394
13954000 -5.5627711298035
13955000 -5.60085162008961
13956000 -5.52950489649047
13957000 -5.60926827007621
13958000 -5.54894459842077
13959000 -5.57491040653711
13960000 -5.5815804831762
13961000 -5.5564782676974
13962000 -5.56544144268103
13963000 -5.58464897530128
13964000 -5.58208752409915
13965000 -5.57695891688385
13966000 -5.56879518682292
13967000 -5.56934834563316
13968000 -5.5714800772657
13969000 -5.55725022683758
13970000 -5.59427737517134
13971000 -5.55114829971353
13972000 -5.59134512283277
13973000 -5.57306538516322
13974000 -5.59437638720127
13975000 -5.56596049333562
13976000 -5.6043312197847
13977000 -5.58098395318153
13978000 -5.56054073613265
13979000 -5.59108295263939
13980000 -5.56669987458519
13981000 -5.58188592265597
13982000 -5.58574479090727
13983000 -5.57330103318602
13984000 -5.59200699094435
13985000 -5.56162948331721
13986000 -5.61801971884567
13987000 -5.56592294740185
13988000 -5.58622463289508
13989000 -5.59753948560889
13990000 -5.58656620718091
13991000 -5.58970830834204
13992000 -5.57228227890576
13993000 -5.5912336455975
13994000 -5.59326279962498
13995000 -5.55785624881676
13996000 -5.61125100200597
13997000 -5.56076441432547
13998000 -5.60459662487321
13999000 -5.5752965452433
14000000 -5.58994499505359
14001000 -5.591734111268
14002000 -5.56661970466921
14003000 -5.61434314181893
14004000 -5.5632641483422
14005000 -5.59499115283828
14006000 -5.58266596868331
14007000 -5.59389905643134
14008000 -5.59905459593112
14009000 -5.5582111899255
14010000 -5.63012824147231
14011000 -5.55236934815986
14012000 -5.61292915989483
14013000 -5.59598423177128
14014000 -5.5789545394265
14015000 -5.62824684030087
14016000 -5.54718679675129
14017000 -5.62049913467803
14018000 -5.58921776252522
14019000 -5.5946316319904
14020000 -5.60115030973367
14021000 -5.58931436365491
14022000 -5.6300045532149
14023000 -5.56775873813504
14024000 -5.63638135930953
14025000 -5.57576609885841
14026000 -5.59717791418398
14027000 -5.63302945491956
14028000 -5.55405645126307
14029000 -5.62762994474445
14030000 -5.59331077048213
14031000 -5.59564161610368
14032000 -5.61741138072788
14033000 -5.57936014527405
14034000 -5.62807113479892
14035000 -5.57341608064733
14036000 -5.62523513771878
14037000 -5.59620790484342
14038000 -5.59470400156424
14039000 -5.63024841053332
14040000 -5.57615450599957
14041000 -5.64821810378727
14042000 -5.56826155709371
14043000 -5.61505507795493
14044000 -5.61755712870135
14045000 -5.58120925264617
14046000 -5.64136649139261
14047000 -5.57355258504974
14048000 -5.62579479462495
14049000 -5.59150528006378
14050000 -5.61821833935967
14051000 -5.62681218172516
14052000 -5.57579103969352
14053000 -5.66050117605578
14054000 -5.56598866215435
14055000 -5.62694244156179
14056000 -5.62191949804949
14057000 -5.57074345073066
14058000 -5.64434111204089
14059000 -5.58287007572874
14060000 -5.63390530146347
14061000 -5.58665562497481
14062000 -5.64242428491586
14063000 -5.60435897025129
14064000 -5.58093430407755
14065000 -5.65474275923398
14066000 -5.57460517602281
14067000 -5.64868499198446
14068000 -5.61820258879781
14069000 -5.60595819522235
14070000 -5.62898378275806
14071000 -5.5908042855164
14072000 -5.64938871827881
14073000 -5.5912055627756
14074000 -5.62139289858184
14075000 -5.62770414585862
14076000 -5.58614429442235
14077000 -5.66757997223305
14078000 -5.57075831177568
14079000 -5.65333778577747
14080000 -5.61939429686813
14081000 -5.61377413966195
14082000 -5.6480000761414
14083000 -5.57991908961009
14084000 -5.65752520075734
14085000 -5.62082005922496
14086000 -5.63173836027093
14087000 -5.632790748053
14088000 -5.599654011726
14089000 -5.66498813414392
14090000 -5.57534512923119
14091000 -5.65014728091919
14092000 -5.62064165062586
14093000 -5.61094818026416
14094000 -5.64829986486233
14095000 -5.57043514644438
14096000 -5.67019454261921
14097000 -5.5904457133701
14098000 -5.64584279719485
14099000 -5.62703605207639
14100000 -5.62313760565936
14101000 -5.6695797606005
14102000 -5.57814705714126
14103000 -5.66103820142488
14104000 -5.61272589737506
14105000 -5.61828028207507
14106000 -5.64712483634507
14107000 -5.59008042870095
14108000 -5.66828610222863
14109000 -5.62200058895785
14110000 -5.64080807515998
14111000 -5.64753834134372
14112000 -5.6167492226565
14113000 -5.65853745342395
14114000 -5.59629311348341
14115000 -5.67968709841466
14116000 -5.60681576294022
14117000 -5.62080343110664
14118000 -5.65938464542965
14119000 -5.59077744971792
14120000 -5.68694504308679
14121000 -5.60790879281417
14122000 -5.66004293708439
14123000 -5.64859426113212
14124000 -5.61062840851496
14125000 -5.6769594029258
14126000 -5.5790799774644
14127000 -5.6842267229363
14128000 -5.61438392924337
14129000 -5.62509731728098
14130000 -5.66682583324653
14131000 -5.61822230185333
14132000 -5.6736385737317
14133000 -5.60945711762244
14134000 -5.65696015637377
14135000 -5.6283770169726
14136000 -5.64039973907357
14137000 -5.65482768688677
14138000 -5.61264667080173
14139000 -5.67342210940044
14140000 -5.61797389120876
14141000 -5.6554630172837
14142000 -5.64039476407473
14143000 -5.63663495851016
14144000 -5.67578307839714
14145000 -5.59623032973284
14146000 -5.66648378601451
14147000 -5.64586927814716
14148000 -5.64197634739162
14149000 -5.67022206861854
14150000 -5.62169696766887
14151000 -5.67989376890041
14152000 -5.61167531469764
14153000 -5.65459802135389
14154000 -5.64336380268232
14155000 -5.61973369545645
14156000 -5.67340640295913
14157000 -5.62295455137448
14158000 -5.6786703054454
14159000 -5.65459841477036
14160000 -5.64200416947385
14161000 -5.67843098572622
14162000 -5.61991223832807
14163000 -5.68758125479873
14164000 -5.63446539271647
14165000 -5.67205759967063
14166000 -5.65795476638205
14167000 -5.63005247071553
14168000 -5.67883345655379
14169000 -5.60894815959964
14170000 -5.69726464512765
14171000 -5.63182988356953
14172000 -5.64748558280514
14173000 -5.68007487953881
14174000 -5.63852269423633
14175000 -5.68199018462699
14176000 -5.6352432991853
14177000 -5.65905032380471
14178000 -5.68965315598491
14179000 -5.61233113193596
14180000 -5.6975824170022
14181000 -5.62073770786602
14182000 -5.68771591685478
14183000 -5.64943712488411
14184000 -5.64315553622268
14185000 -5.69074856665417
14186000 -5.63541949569799
14187000 -5.68377798088789
14188000 -5.64625220437148
14189000 -5.65123338602087
14190000 -5.6944822909013
14191000 -5.63419052772674
14192000 -5.70118679956662
14193000 -5.65418352096499
14194000 -5.65996901722469
14195000 -5.68489487198502
14196000 -5.64540095027573
14197000 -5.67936698942278
14198000 -5.66052296478874
14199000 -5.67012437335984
14200000 -5.69109391006078
14201000 -5.6308038037223
14202000 -5.70824688461816
14203000 -5.62540079396971
14204000 -5.68009689879824
14205000 -5.69509736175767
14206000 -5.64874672783147
14207000 -5.69191797680228
14208000 -5.65232981045277
14209000 -5.68289847822313
14210000 -5.67758663051168
14211000 -5.67838607504439
14212000 -5.67490536335788
14213000 -5.66181489523013
14214000 -5.68345195713201
14215000 -5.6720314699889
14216000 -5.65608431243208
14217000 -5.69889912561714
14218000 -5.62631281835531
14219000 -5.70122445950532
14220000 -5.64506202479627
14221000 -5.66876668546309
14222000 -5.69297229727671
14223000 -5.66401969639903
14224000 -5.68257395376822
14225000 -5.6600554521286
14226000 -5.6978631706496
14227000 -5.66511917049722
14228000 -5.65278976208068
14229000 -5.70148748711612
14230000 -5.68107306139979
14231000 -5.66592771612469
14232000 -5.70120399498109
14233000 -5.64591847994665
14234000 -5.71087961611929
14235000 -5.64969205407036
14236000 -5.70223335830327
14237000 -5.68338696914741
14238000 -5.66260320440709
14239000 -5.6973562895229
14240000 -5.67694757132938
14241000 -5.68570894045318
14242000 -5.70623810361608
14243000 -5.66184947685699
14244000 -5.72947134451922
14245000 -5.6326875247787
14246000 -5.72614508140417
14247000 -5.65328650669249
14248000 -5.67462134622266
14249000 -5.69505297211618
14250000 -5.6702545767112
14251000 -5.69984480843349
14252000 -5.68610675659834
14253000 -5.68736366183309
14254000 -5.70124471327705
14255000 -5.66368112096647
14256000 -5.71685011014836
14257000 -5.67715527636496
14258000 -5.69515602896867
14259000 -5.70941618115621
14260000 -5.66870183719015
14261000 -5.74255346260698
14262000 -5.64505039553163
14263000 -5.70269829949975
14264000 -5.6817312370222
14265000 -5.68398196108466
14266000 -5.72338400194562
14267000 -5.67862687259567
14268000 -5.7120369411292
14269000 -5.68916190335229
14270000 -5.6861922413278
14271000 -5.71544157341367
14272000 -5.65775909776029
14273000 -5.71605506546536
14274000 -5.67547071568493
14275000 -5.69132820652642
14276000 -5.72222977606496
14277000 -5.65396466163795
14278000 -5.72354484682101
14279000 -5.68808728395843
14280000 -5.70019586332967
14281000 -5.72893409215179
14282000 -5.67253858307711
14283000 -5.730162128681
14284000 -5.68468427870403
14285000 -5.71128692965148
14286000 -5.69425773558563
14287000 -5.68787802957965
14288000 -5.73289151554713
14289000 -5.65818113478415
14290000 -5.71048692062823
14291000 -5.72461650101967
14292000 -5.67595813261322
14293000 -5.7265588373222
14294000 -5.69714495459181
14295000 -5.70908937788756
14296000 -5.69602419760519
14297000 -5.69839476680752
14298000 -5.72282146334631
14299000 -5.69659520998646
14300000 -5.71927112048307
14301000 -5.69351287511446
14302000 -5.7066043439242
14303000 -5.72986639513234
14304000 -5.67879149801256
14305000 -5.7484935084476
14306000 -5.68411911534059
14307000 -5.7110773115795
14308000 -5.7206593419671
14309000 -5.69132008096678
14310000 -5.72537622602682
14311000 -5.69329246301006
14312000 -5.70130841208234
14313000 -5.73250861956033
14314000 -5.67642151154717
14315000 -5.74966699880432
14316000 -5.6845514656625
14317000 -5.72962098263252
14318000 -5.7040924726239
14319000 -5.70037944088743
14320000 -5.72032533387347
14321000 -5.71359460365065
14322000 -5.71668623336486
14323000 -5.71261480437842
14324000 -5.69635222167337
14325000 -5.74792111346857
14326000 -5.68552218635199
14327000 -5.71739995544194
14328000 -5.73465858576189
14329000 -5.70080378489048
14330000 -5.71805491490084
14331000 -5.70954128654763
14332000 -5.74149114957026
14333000 -5.72107067402223
14334000 -5.7047459352938
14335000 -5.73842065526773
14336000 -5.68832605197182
14337000 -5.7499112428895
14338000 -5.70607814397803
14339000 -5.72270328974273
14340000 -5.75712272425708
14341000 -5.68833817830338
14342000 -5.74357153109165
14343000 -5.69775271216271
14344000 -5.7186325837554
14345000 -5.75031408690449
14346000 -5.70050397408569
14347000 -5.72898392915365
14348000 -5.74271471287797
14349000 -5.70235023593433
14350000 -5.77233067113737
14351000 -5.67477324008502
14352000 -5.74408311100016
14353000 -5.73371862693649
14354000 -5.7289650255225
14355000 -5.74873915659114
14356000 -5.69654440430452
14357000 -5.74605612299927
14358000 -5.749855297497
14359000 -5.68079624779447
14360000 -5.77931371694789
14361000 -5.68031531200356
14362000 -5.74938946060816
14363000 -5.73826722495139
14364000 -5.70044715798629
14365000 -5.73639061173593
14366000 -5.73984116386419
14367000 -5.72245461659092
14368000 -5.74037998768972
14369000 -5.72738454304918
14370000 -5.76185920348528
14371000 -5.71764402468208
14372000 -5.71114348927422
14373000 -5.78300482625606
14374000 -5.68891650854963
14375000 -5.78247172222109
14376000 -5.71876171773312
14377000 -5.71696223730751
14378000 -5.76471332802673
14379000 -5.71664594112921
14380000 -5.7531967551396
14381000 -5.7492503614474
14382000 -5.72280195539104
14383000 -5.77514403463169
14384000 -5.70116804863716
14385000 -5.74749345378006
14386000 -5.73196384601155
14387000 -5.73678448509282
14388000 -5.76626238401574
14389000 -5.72324161098247
14390000 -5.76937562273937
14391000 -5.7400390508396
14392000 -5.73924716203062
14393000 -5.75998472605696
14394000 -5.7166687663154
14395000 -5.75137158519736
14396000 -5.76128002838142
14397000 -5.7051683698156
14398000 -5.80712636651247
14399000 -5.70859143319373
14400000 -5.75442597412662
14401000 -5.7560473717906
14402000 -5.7291844252465
14403000 -5.77770215423511
14404000 -5.73171602239061
14405000 -5.74804117156346
14406000 -5.77060800465176
14407000 -5.72688224863503
14408000 -5.77851658562616
14409000 -5.71185578295337
14410000 -5.79353413241711
14411000 -5.74230077524083
14412000 -5.73588868559902
14413000 -5.75970717564564
14414000 -5.74551205737157
14415000 -5.73917453303297
14416000 -5.7673327692044
14417000 -5.72697193850213
14418000 -5.78800435426804
14419000 -5.72360538299072
14420000 -5.75929123781157
14421000 -5.75290039613299
14422000 -5.75161824099602
14423000 -5.76557968735681
14424000 -5.73483953675204
14425000 -5.77585809341138
14426000 -5.75684679767691
14427000 -5.75180792425973
14428000 -5.7532667259246
14429000 -5.73700256759394
14430000 -5.76588459487918
14431000 -5.76002890439812
14432000 -5.7488406495762
14433000 -5.77324097692492
14434000 -5.74002616269841
14435000 -5.7933908137933
14436000 -5.73163353432101
14437000 -5.76099514533274
14438000 -5.78485619663888
14439000 -5.74346144670946
14440000 -5.77288893557054
14441000 -5.75231342841272
14442000 -5.7465886171525
14443000 -5.7807698334548
14444000 -5.7342163431825
14445000 -5.77615370554821
14446000 -5.76131737813197
14447000 -5.76275002519356
14448000 -5.78662920715778
14449000 -5.72720060877031
14450000 -5.81162411806531
14451000 -5.72872262260577
14452000 -5.77247605596115
14453000 -5.78879813673221
14454000 -5.75365199384784
14455000 -5.77606393206916
14456000 -5.7592445359755
14457000 -5.74976891104434
14458000 -5.8082764745182
14459000 -5.73032452114638
14460000 -5.8145965439268
14461000 -5.7487154461511
14462000 -5.76583954861816
14463000 -5.80252052787765
14464000 -5.76298700731719
14465000 -5.76473387203343
14466000 -5.7498730570051
14467000 -5.77201578579302
14468000 -5.77983523782638
14469000 -5.74275511937941
14470000 -5.79146034134943
14471000 -5.75734958810428
14472000 -5.78676367119271
14473000 -5.75157730047253
14474000 -5.77218760568265
14475000 -5.79351923595987
14476000 -5.74834207060038
14477000 -5.7903736223284
14478000 -5.76369503186692
14479000 -5.75771137538626
14480000 -5.79834848271504
14481000 -5.75009716820115
14482000 -5.79607062043365
14483000 -5.769218391357
14484000 -5.8002933458441
14485000 -5.77089628811443
14486000 -5.76143100110251
14487000 -5.80987297094486
14488000 -5.75027644740612
14489000 -5.81682717811681
14490000 -5.76809980450876
14491000 -5.76840218455734
14492000 -5.80251409953696
14493000 -5.77720795880642
14494000 -5.79818832281418
14495000 -5.75919838934791
14496000 -5.79040221005748
14497000 -5.78710820013509
14498000 -5.76554793759122
14499000 -5.80735697073172
14500000 -5.77152424714358
14501000 -5.79396578435017
14502000 -5.80249622629942
14503000 -5.77579909889612
14504000 -5.79747787531903
14505000 -5.77329141064808
14506000 -5.79357969065888
14507000 -5.79726194904193
14508000 -5.77161907639711
14509000 -5.79064752504199
14510000 -5.77393545066881
14511000 -5.79610552197203
14512000 -5.80859355173226
14513000 -5.76568333831398
14514000 -5.81993020555178
14515000 -5.76839063474337
14516000 -5.80657159359699
14517000 -5.79487289189451
14518000 -5.77911347489769
14519000 -5.80092193882913
14520000 -5.77177688344774
14521000 -5.81304962952916
14522000 -5.76877726009799
14523000 -5.80028514070431
14524000 -5.80533347430723
14525000 -5.77037668536309
14526000 -5.82425588663898
14527000 -5.787075899694
14528000 -5.7995395370253
14529000 -5.80287105320841
14530000 -5.7869551557688
14531000 -5.8075887398648
14532000 -5.78611246280985
14533000 -5.8110178090066
14534000 -5.80410956198144
14535000 -5.78106756543035
14536000 -5.82703712362319
14537000 -5.76343379131223
14538000 -5.82121068115495
14539000 -5.79078060808222
14540000 -5.79056741149048
14541000 -5.83746586934507
14542000 -5.76888323243045
14543000 -5.82938916465158
14544000 -5.79706789356053
14545000 -5.78886414395346
14546000 -5.833346923873
14547000 -5.77311371948265
14548000 -5.81806488531838
14549000 -5.81535119165434
14550000 -5.78851923972104
14551000 -5.82305679255777
14552000 -5.7892278618805
14553000 -5.83334571857489
14554000 -5.79960775482928
14555000 -5.80944651398953
14556000 -5.81267363151611
14557000 -5.79487417483368
14558000 -5.82021630152921
14559000 -5.79430851079948
14560000 -5.80930924016005
14561000 -5.81454152490729
14562000 -5.80169056067082
14563000 -5.80397818152236
14564000 -5.81969753594816
14565000 -5.80816057724731
14566000 -5.81454387244464
14567000 -5.81011558631688
14568000 -5.82395176013024
14569000 -5.80947269642795
14570000 -5.81430356366019
14571000 -5.80647820950252
14572000 -5.80361743233056
14573000 -5.81809582220376
14574000 -5.81793449986402
14575000 -5.83445532644406
14576000 -5.79435429740102
14577000 -5.83378712228472
14578000 -5.81528290912415
14579000 -5.81733260232899
14580000 -5.80884923476668
14581000 -5.7971546242939
14582000 -5.84061584093599
14583000 -5.79682512734719
14584000 -5.82629306267516
14585000 -5.8415545240441
14586000 -5.78933324884135
14587000 -5.83872007960306
14588000 -5.82851035745644
14589000 -5.79707862918536
14590000 -5.81703285065391
14591000 -5.83404601424055
14592000 -5.81757770284608
14593000 -5.81083161891381
14594000 -5.83065565537751
14595000 -5.83305204415523
14596000 -5.79497602576171
14597000 -5.83954404014501
14598000 -5.82861344947008
14599000 -5.83015640785596
14600000 -5.80448436459439
14601000 -5.8282725543303
14602000 -5.84707357060801
14603000 -5.79864258367553
14604000 -5.83519271555756
14605000 -5.82547395796334
14606000 -5.81986184711197
14607000 -5.83378393673277
14608000 -5.80958655292066
14609000 -5.86662519129349
14610000 -5.83424490781572
14611000 -5.81079524617606
14612000 -5.86028299936081
14613000 -5.79931530342569
14614000 -5.84985318519057
14615000 -5.80683556252978
14616000 -5.83293499608665
14617000 -5.84494809593162
14618000 -5.81180043721003
14619000 -5.8479790384847
14620000 -5.82405837893444
14621000 -5.82554788025118
14622000 -5.85835200088612
14623000 -5.81062332615592
14624000 -5.84994502247272
14625000 -5.83847726177955
14626000 -5.81748158075933
14627000 -5.80586276858638
14628000 -5.83482459065085
14629000 -5.85280586991078
14630000 -5.80345911554041
14631000 -5.84025457092871
14632000 -5.85148450554206
14633000 -5.80547279955832
14634000 -5.87431145448556
14635000 -5.8220631753141
14636000 -5.82739828315277
14637000 -5.84418470754135
14638000 -5.84625208358575
14639000 -5.84920127346708
14640000 -5.80806564887165
14641000 -5.85666244832286
14642000 -5.828783065495
14643000 -5.83580643858568
14644000 -5.85764210927508
14645000 -5.81822238144189
14646000 -5.87177376256693
14647000 -5.81607678065025
14648000 -5.85578483919678
14649000 -5.85896351557643
14650000 -5.81900524038586
14651000 -5.87128741905812
14652000 -5.82429642591552
14653000 -5.84968638074888
14654000 -5.85714151731136
14655000 -5.83800858593892
14656000 -5.8699270425572
14657000 -5.82859974350452
14658000 -5.87207472137167
14659000 -5.85220908452104
14660000 -5.83288862104605
14661000 -5.84544018748366
14662000 -5.85065185541018
14663000 -5.85389760574459
14664000 -5.82185254096764
14665000 -5.84346583711889
14666000 -5.87225192999497
14667000 -5.832951551587
14668000 -5.85392897184925
14669000 -5.86135184924001
14670000 -5.84681740666212
14671000 -5.86287454789671
14672000 -5.84188581924453
14673000 -5.84687270885847
14674000 -5.85852466931074
14675000 -5.84756186606717
14676000 -5.85336089105852
14677000 -5.8461844379253
14678000 -5.86772439661055
14679000 -5.847248479651
14680000 -5.85235998606609
14681000 -5.8590669009233
14682000 -5.86308359842346
14683000 -5.86409582109469
14684000 -5.84604427611025
14685000 -5.87362816416409
14686000 -5.86611836456414
14687000 -5.84655149044594
14688000 -5.870561763174
14689000 -5.85470167602536
14690000 -5.85866167054579
14691000 -5.84379201285848
14692000 -5.86660399894628
14693000 -5.84895727504816
14694000 -5.85165211909371
14695000 -5.88385823805437
14696000 -5.85265336546302
14697000 -5.87193692654717
14698000 -5.87286138131322
14699000 -5.85117315487973
14700000 -5.8736394858837
14701000 -5.84349054835022
14702000 -5.86696830566431
14703000 -5.87134895611845
14704000 -5.86062211818892
14705000 -5.86682553047329
14706000 -5.86887169836845
14707000 -5.87200479395797
14708000 -5.83277789352004
14709000 -5.88055922856828
14710000 -5.86364826829135
14711000 -5.85080618215952
14712000 -5.89436588926823
14713000 -5.84318272755788
14714000 -5.87309493752439
14715000 -5.85737305808542
14716000 -5.86026304972767
14717000 -5.88498251336252
14718000 -5.85598062784985
14719000 -5.89958802745682
14720000 -5.84944416967759
14721000 -5.86818433294482
14722000 -5.90015814048399
14723000 -5.85636545620427
14724000 -5.87660304349104
14725000 -5.8797585349924
14726000 -5.86957570723189
14727000 -5.86802914219471
14728000 -5.86521218902913
14729000 -5.88748712056629
14730000 -5.8685508889543
14731000 -5.88747274024223
14732000 -5.85495635202119
14733000 -5.88658845319338
14734000 -5.90345762886901
14735000 -5.85736358105111
14736000 -5.90288332998214
14737000 -5.85851408224112
14738000 -5.89066505854182
14739000 -5.88649019970846
14740000 -5.86205083818391
14741000 -5.87342996694511
14742000 -5.85526811879916
14743000 -5.91680680626433
14744000 -5.84933246929422
14745000 -5.90091170933658
14746000 -5.90663063354685
14747000 -5.85158786025319
14748000 -5.908931861608
14749000 -5.87034899087691
14750000 -5.89150176501147
14751000 -5.87394522014084
14752000 -5.89972248494312
14753000 -5.87294065771373
14754000 -5.86248805576085
14755000 -5.89954683384038
14756000 -5.87743568302853
14757000 -5.8927968797397
14758000 -5.89318929557
14759000 -5.88125301613927
14760000 -5.90214691895477
14761000 -5.86991746409132
14762000 -5.89564618931791
14763000 -5.88395756820585
14764000 -5.87629285755515
14765000 -5.87493188806314
14766000 -5.89577788761737
14767000 -5.91028545626635
14768000 -5.871118254068
14769000 -5.88948166611469
14770000 -5.91206738557907
14771000 -5.89647730951663
14772000 -5.8906305800855
14773000 -5.88825425425485
14774000 -5.88805115244374
14775000 -5.89186407455444
14776000 -5.88769567743314
14777000 -5.90707394460549
14778000 -5.88181344785709
14779000 -5.91128563042691
14780000 -5.89729780971922
14781000 -5.89891376367581
14782000 -5.89505176164823
14783000 -5.8987589110774
14784000 -5.92093990021589
14785000 -5.8815622612777
14786000 -5.90224257515475
14787000 -5.89773127549654
14788000 -5.880126196191
14789000 -5.92513063784894
14790000 -5.89192221807511
14791000 -5.89981726211812
14792000 -5.91372260493402
14793000 -5.88318564616959
14794000 -5.91617574174693
14795000 -5.8823064165962
14796000 -5.90594366242024
14797000 -5.90923084970392
14798000 -5.88044353006713
14799000 -5.90760972170756
14800000 -5.90377577857783
14801000 -5.89793389467587
14802000 -5.90048369430243
14803000 -5.89734962054959
14804000 -5.91933245725563
14805000 -5.9112572682818
14806000 -5.9025589406124
14807000 -5.90252143204205
14808000 -5.89379158666028
14809000 -5.9139121152527
14810000 -5.90381493434586
14811000 -5.92685666375398
14812000 -5.90605767560598
14813000 -5.93816494199586
14814000 -5.9126830636441
14815000 -5.89811814961024
14816000 -5.93117080388641
14817000 -5.89519625367658
14818000 -5.93231130323843
14819000 -5.91536079709943
14820000 -5.89681385187489
14821000 -5.91979921904162
14822000 -5.91236812472937
14823000 -5.92065040266612
14824000 -5.90426300425522
14825000 -5.92538709739534
14826000 -5.91021498999949
14827000 -5.898557613643
14828000 -5.9343928127625
14829000 -5.89609642338691
14830000 -5.92767149024331
14831000 -5.91026620480295
14832000 -5.90852759730482
14833000 -5.93219605580824
14834000 -5.91563019533167
14835000 -5.92385067623071
14836000 -5.90412505991346
14837000 -5.9301970097196
14838000 -5.92910444779404
14839000 -5.91799003974507
14840000 -5.92407633064292
14841000 -5.91325813591643
14842000 -5.91170764438123
14843000 -5.92242695615074
14844000 -5.91953361313204
14845000 -5.94058502739992
14846000 -5.92201550454351
14847000 -5.91409731244621
14848000 -5.93054451450408
14849000 -5.91052887563323
14850000 -5.92190796020211
14851000 -5.91090928703368
14852000 -5.93489968412609
14853000 -5.92886215798786
14854000 -5.91049255648933
14855000 -5.93348194047019
14856000 -5.90953755333466
14857000 -5.93771091632919
14858000 -5.92647839688053
14859000 -5.90554370935669
14860000 -5.96262701175566
14861000 -5.91429329449759
14862000 -5.93206882013707
14863000 -5.93507741022355
14864000 -5.92423532864165
14865000 -5.93115605886176
14866000 -5.93436886692138
14867000 -5.92331105977435
14868000 -5.95021982636076
14869000 -5.91561117935686
14870000 -5.94454307800772
14871000 -5.92910306194924
14872000 -5.94435229962682
14873000 -5.91791689280506
14874000 -5.92247171381041
14875000 -5.94324940048858
14876000 -5.92321636683589
14877000 -5.93713677339607
14878000 -5.94820558108905
14879000 -5.94296070764465
14880000 -5.93868001257562
14881000 -5.9478137266056
14882000 -5.94048272579069
14883000 -5.94111895767813
14884000 -5.93508649942419
14885000 -5.94109028085965
14886000 -5.93644896661921
14887000 -5.93510216874603
14888000 -5.95639857068645
14889000 -5.94226890556555
14890000 -5.93346590289658
14891000 -5.94395751264097
14892000 -5.95044585067659
14893000 -5.92843509712436
14894000 -5.9459447138617
14895000 -5.92005559078551
14896000 -5.93753391244531
14897000 -5.94135091785853
14898000 -5.93790194484245
14899000 -5.95897825340432
14900000 -5.9407779463766
14901000 -5.94896201345426
14902000 -5.94336804114706
14903000 -5.94355283714409
14904000 -5.95218256699828
14905000 -5.93331605019645
14906000 -5.95058199276264
14907000 -5.9411289519195
14908000 -5.95076711901733
14909000 -5.94332006955577
14910000 -5.94095509106964
14911000 -5.95241443364495
14912000 -5.93915199558293
14913000 -5.96148746673114
14914000 -5.92630548874821
14915000 -5.96139762849821
14916000 -5.95370624905513
14917000 -5.93261312977007
14918000 -5.95866201916203
14919000 -5.95995203561717
14920000 -5.95121924845488
14921000 -5.96043080653757
14922000 -5.93945175165379
14923000 -5.94446843848655
14924000 -5.96737484423234
14925000 -5.94068358791168
14926000 -5.94819711939951
14927000 -5.95112205822368
14928000 -5.96845120899837
14929000 -5.94611206402306
14930000 -5.95181034722175
14931000 -5.95270340434245
14932000 -5.95397343251592
14933000 -5.95763397991812
14934000 -5.95453555386139
14935000 -5.95000205563788
14936000 -5.95874494656422
14937000 -5.94155898151877
14938000 -5.96950378056581
14939000 -5.95550878628099
14940000 -5.96729592798334
14941000 -5.96691245532957
14942000 -5.93513318522537
14943000 -5.97043757827037
14944000 -5.96323056595115
14945000 -5.94886384344778
14946000 -5.97669569823142
14947000 -5.9468799693293
14948000 -5.97892241961278
14949000 -5.94849029655129
14950000 -5.97945203448985
14951000 -5.94922482206509
14952000 -5.9696311665368
14953000 -5.96565698332311
14954000 -5.95345317730059
14955000 -5.95141576268159
14956000 -5.99809629447383
14957000 -5.94381375528271
14958000 -5.97261452925601
14959000 -5.96992098572129
14960000 -5.9310033043708
14961000 -5.97883270952909
14962000 -5.96130721915638
14963000 -5.95087650650094
14964000 -5.9931146787344
14965000 -5.94770019438178
14966000 -5.97244014255058
14967000 -5.98128203857007
14968000 -5.96086138188151
14969000 -5.97718498526697
14970000 -5.9641394621714
14971000 -5.97218377657673
14972000 -5.96206670359218
14973000 -5.95681002477698
14974000 -5.9810618598292
14975000 -5.99409115344675
14976000 -5.96358633892033
14977000 -5.96866262247024
14978000 -5.98246341464171
14979000 -5.96718275919144
14980000 -5.97480267815308
14981000 -5.96847077404626
14982000 -5.97619714396478
14983000 -5.99087076781286
14984000 -5.95612585683949
14985000 -5.97266827990675
14986000 -5.99264619544782
14987000 -5.9687170817016
14988000 -5.99976381024197
14989000 -5.992909436225
14990000 -5.97007755020654
14991000 -5.98678963954381
14992000 -5.97191091183753
14993000 -5.9699332529958
14994000 -5.99865845347429
14995000 -5.98245579158257
14996000 -5.97797178877912
14997000 -5.98345532408215
14998000 -5.97339809252481
14999000 -5.99338600069996
15000000 -5.97108125646579
15001000 -5.97109595837941
15002000 -5.98041386411912
15003000 -5.98397655083718
15004000 -5.96448575698595
15005000 -6.01019963130892
15006000 -5.96972293043242
15007000 -5.9867176386248
15008000 -6.00123481065619
15009000 -5.97641447310231
15010000 -5.9804927203503
15011000 -5.97015007001181
15012000 -5.97841647892242
15013000 -5.97800280318244
15014000 -5.97216258008537
15015000 -5.99414633905334
15016000 -5.99368500475093
15017000 -5.99703826661313
15018000 -5.99949682492894
15019000 -5.97771923484586
15020000 -5.98531281716182
15021000 -6.00403196633751
15022000 -5.99086648160969
15023000 -6.00107532110799
15024000 -5.97551239736711
15025000 -5.98900793656853
15026000 -6.00491608821257
15027000 -5.99455704026023
15028000 -5.97286966066266
15029000 -6.00333133400363
15030000 -5.99663183695526
15031000 -5.9859488142264
15032000 -5.99021658095409
15033000 -6.00775099596136
15034000 -5.97606174851558
15035000 -5.99455159875576
15036000 -6.0068070497972
15037000 -5.99643100281
15038000 -5.9850435225378
15039000 -6.00104977033404
15040000 -6.0116623104584
15041000 -5.9780410272206
15042000 -6.0051130599335
15043000 -5.99271151907406
15044000 -5.99213004209606
15045000 -6.01207748622194
15046000 -6.01587955390856
15047000 -5.98506314447924
15048000 -6.01288972789536
15049000 -6.00651060133565
15050000 -5.9912316834234
15051000 -5.98734586082206
15052000 -6.01516816324009
15053000 -6.00496915476293
15054000 -6.00560182465014
15055000 -6.00369986667904
15056000 -6.00247639732875
15057000 -6.01751368157032
15058000 -5.99481409293313
15059000 -6.00277487501154
15060000 -6.00762638676505
15061000 -6.00491916197048
15062000 -6.00445487445847
15063000 -6.00771675149497
15064000 -6.02675828441687
15065000 -6.0037726256741
15066000 -6.01934147684183
15067000 -6.01474731801825
15068000 -6.00161303627082
15069000 -5.99834548632851
15070000 -6.02396891620356
15071000 -6.0257813106664
15072000 -5.98954960769053
15073000 -6.02524061831119
15074000 -6.0209003542383
15075000 -5.99486905298973
15076000 -6.02860886479659
15077000 -6.02316473322661
15078000 -6.00307678963257
15079000 -6.02120699902054
15080000 -6.00453687786143
15081000 -6.02853106184848
15082000 -6.01355422446414
15083000 -5.99428434613746
15084000 -6.03760153644323
15085000 -6.01855616202591
15086000 -6.02114873060962
15087000 -6.01451622309201
15088000 -6.00929224268368
15089000 -6.0453711444337
15090000 -5.98677279569339
15091000 -6.03203818514924
15092000 -6.01626614499521
15093000 -5.9995560499552
15094000 -6.03236444475189
15095000 -6.00580929278249
15096000 -6.05025028275416
15097000 -6.02301331199491
15098000 -6.01779623882669
15099000 -6.03448265858104
15100000 -6.00461304275263
15101000 -6.02078773449595
15102000 -6.01668022932757
15103000 -6.02522648486133
15104000 -6.03025585576868
15105000 -6.01355279818287
15106000 -6.0423871821542
15107000 -6.00906508604381
15108000 -6.03578779417559
15109000 -6.02133417855193
15110000 -6.01367575161421
15111000 -6.04835340135032
15112000 -6.00585308698849
15113000 -6.02132845169365
15114000 -6.05009088848663
15115000 -6.0107676757038
15116000 -6.04451501515503
15117000 -6.02009703715365
15118000 -6.02545057065785
15119000 -6.0443569218184
15120000 -5.99844973527212
15121000 -6.05930704812175
15122000 -6.0121224704524
15123000 -6.02874487873521
15124000 -6.03801258405706
15125000 -6.04811911647106
15126000 -6.04217620936693
15127000 -6.02997234218398
15128000 -6.02173054693176
15129000 -6.0597140068882
15130000 -6.00852740288502
15131000 -6.0301766899041
15132000 -6.01861982332052
15133000 -6.05391807915425
15134000 -6.045917281967
15135000 -6.03259957336265
15136000 -6.04728290040116
15137000 -6.04562529199198
15138000 -6.03068887382784
15139000 -6.02333741012029
15140000 -6.04250812918365
15141000 -6.03095206451344
15142000 -6.04098965263011
15143000 -6.04052008028614
15144000 -6.0520703910795
15145000 -6.03441327413363
15146000 -6.0579962416928
15147000 -6.02930099577753
15148000 -6.03314413711024
15149000 -6.04494999367088
15150000 -6.02910527279015
15151000 -6.03114759829808
15152000 -6.04395689768851
15153000 -6.05366095586
15154000 -6.03106513255535
15155000 -6.06394446900361
15156000 -6.03301790698899
15157000 -6.05084583397698
15158000 -6.04557933827953
15159000 -6.02276516596182
15160000 -6.06067403863854
15161000 -6.04451991911795
15162000 -6.02079819139349
15163000 -6.03683071844396
15164000 -6.057708051841
15165000 -6.0515410308125
15166000 -6.0410840329557
15167000 -6.04443361921399
15168000 -6.05287066302633
15169000 -6.0389048393073
15170000 -6.04852281965499
15171000 -6.04851098952601
15172000 -6.04109103403298
15173000 -6.03984266343524
15174000 -6.05577133942233
15175000 -6.06841235128829
15176000 -6.04658183102901
15177000 -6.0553720539785
15178000 -6.04790282472536
15179000 -6.04570972492281
15180000 -6.06319128953342
15181000 -6.05074409649647
15182000 -6.04773211504788
15183000 -6.06070425611775
15184000 -6.04611472010914
15185000 -6.07408900448057
15186000 -6.04353321860617
15187000 -6.05456600462815
15188000 -6.07556601335145
15189000 -6.04880441261617
15190000 -6.06797791934204
15191000 -6.0573897677366
15192000 -6.04630806166504
15193000 -6.06686899347586
15194000 -6.03959691276519
15195000 -6.07342237786873
15196000 -6.06119049337101
15197000 -6.06663842192236
15198000 -6.0744645688197
15199000 -6.03759831480618
15200000 -6.08134357737642
15201000 -6.0620153634533
15202000 -6.05673153011605
15203000 -6.08832931144052
15204000 -6.04653993260335
15205000 -6.06811985987983
15206000 -6.06717391835787
15207000 -6.06092996580695
15208000 -6.07871258582889
15209000 -6.06457985945023
15210000 -6.07508343235434
15211000 -6.04742984865553
15212000 -6.06709535751754
15213000 -6.07913034138507
15214000 -6.04181945682304
15215000 -6.08567557409658
15216000 -6.06153003538141
15217000 -6.04420375975305
15218000 -6.10106362716859
15219000 -6.05093112471108
15220000 -6.06779791702774
15221000 -6.07854378718657
15222000 -6.05393666811285
15223000 -6.08628543750283
15224000 -6.0598717955045
15225000 -6.07113679899804
15226000 -6.07314057548155
15227000 -6.05756702952423
15228000 -6.09330464897455
15229000 -6.05551791632217
15230000 -6.09716937905327
15231000 -6.07061234754471
15232000 -6.04621449466079
15233000 -6.11186750323483
15234000 -6.05796132760846
15235000 -6.06543792307369
15236000 -6.10166898927179
15237000 -6.07557295293925
15238000 -6.09046195705875
15239000 -6.09166842691853
15240000 -6.06603073921919
15241000 -6.1087757835586
15242000 -6.04803206926603
15243000 -6.07678136033543
15244000 -6.09798983358153
15245000 -6.03630111164406
15246000 -6.10298646260148
15247000 -6.07433152216653
15248000 -6.08926218483093
15249000 -6.0986642283399
15250000 -6.05499622931886
15251000 -6.11750755216163
15252000 -6.04793905988034
15253000 -6.07409695521265
15254000 -6.10101585620156
15255000 -6.04920718347101
15256000 -6.11475782994137
15257000 -6.05461773472841
15258000 -6.10259213656252
15259000 -6.08303884825546
15260000 -6.05871925342474
15261000 -6.1195503455972
15262000 -6.05063746217602
15263000 -6.08139253975057
15264000 -6.10011784645635
15265000 -6.06925007888222
15266000 -6.1161191351689
15267000 -6.06761081581291
15268000 -6.11210416555229
15269000 -6.08150152142107
15270000 -6.06316111315983
15271000 -6.12794602227877
15272000 -6.06427425064237
15273000 -6.09697633957498
15274000 -6.10894295136611
15275000 -6.06126973149594
15276000 -6.1111652004453
15277000 -6.09115149355993
15278000 -6.08329664020164
15279000 -6.09594173473305
15280000 -6.08191657626985
15281000 -6.12076717202441
15282000 -6.07366831580977
15283000 -6.09397673676154
15284000 -6.11482965716914
15285000 -6.08572960529748
15286000 -6.1252745935953
15287000 -6.08107135994281
15288000 -6.07391853532042
15289000 -6.11826977113708
15290000 -6.07750636907299
15291000 -6.10406604649005
15292000 -6.10149761114075
15293000 -6.07742381609355
15294000 -6.1015202576739
15295000 -6.09175564109759
15296000 -6.08119852005746
15297000 -6.1225233940582
15298000 -6.07032859740205
15299000 -6.10483161369895
15300000 -6.12198294773054
15301000 -6.07402017337569
15302000 -6.12418389836423
15303000 -6.0796941096243
15304000 -6.10843493770715
15305000 -6.10979382724747
15306000 -6.09107761566826
15307000 -6.11465631727693
15308000 -6.08653363736727
15309000 -6.103154714564
15310000 -6.109697004239
15311000 -6.07153924099558
15312000 -6.12527238064716
15313000 -6.11480177873576
15314000 -6.09736853167715
15315000 -6.11581695006369
15316000 -6.09480733058255
15317000 -6.12071275064708
15318000 -6.0822538952579
15319000 -6.10121069453109
15320000 -6.13461209627698
15321000 -6.07579009360193
15322000 -6.11584544341167
15323000 -6.13131303631516
15324000 -6.08961326203966
15325000 -6.11721138536416
15326000 -6.10095961481911
15327000 -6.10451547731679
15328000 -6.12494222827186
15329000 -6.08918525066548
15330000 -6.12808922593289
15331000 -6.11062216133542
15332000 -6.10226822532305
15333000 -6.12755274636862
15334000 -6.07854303721465
15335000 -6.14196975491103
15336000 -6.09452301284306
15337000 -6.11263442981545
15338000 -6.139529077225
15339000 -6.0982384114315
15340000 -6.1310077808462
15341000 -6.11790913122399
15342000 -6.10558027957638
15343000 -6.147476724623
15344000 -6.09571779928958
15345000 -6.10468176465944
15346000 -6.1448942289491
15347000 -6.10684847642518
15348000 -6.12542622564246
15349000 -6.11023633496241
15350000 -6.12549875278177
15351000 -6.14288619823954
15352000 -6.06089504630593
15353000 -6.15161297176661
15354000 -6.09593907457592
15355000 -6.13909304476294
15356000 -6.13759821439668
15357000 -6.09668727444844
15358000 -6.13306469659865
15359000 -6.1215784859285
15360000 -6.13160720378233
15361000 -6.13737353098363
15362000 -6.10989750490279
15363000 -6.12138247724026
15364000 -6.14340009975262
15365000 -6.10639337876212
15366000 -6.14735924568191
15367000 -6.11524587003978
15368000 -6.10221686171235
15369000 -6.16168825271747
15370000 -6.09964036810659
15371000 -6.16444539671161
15372000 -6.11322435589937
15373000 -6.09199512593455
15374000 -6.15073352518278
15375000 -6.11576245703774
15376000 -6.13362817526143
15377000 -6.15438083773944
15378000 -6.10752282808398
15379000 -6.14599581948668
15380000 -6.13687018067279
15381000 -6.11172304977445
15382000 -6.16806565756089
15383000 -6.09539807058542
15384000 -6.14648704194972
15385000 -6.1302588311808
15386000 -6.11945274023853
15387000 -6.16038428962382
15388000 -6.11876495019267
15389000 -6.13205902200204
15390000 -6.14938834072819
15391000 -6.11997190923336
15392000 -6.1453902055985
15393000 -6.1467204823427
15394000 -6.11846967611508
15395000 -6.16779350748209
15396000 -6.11936248640938
15397000 -6.14738759235756
15398000 -6.14548661643062
15399000 -6.11273340484793
15400000 -6.15601173848983
15401000 -6.12624140289642
15402000 -6.15303226426299
15403000 -6.12427085488199
15404000 -6.11953898428012
15405000 -6.17325364333565
15406000 -6.13728627644953
15407000 -6.12923327578172
15408000 -6.15630151531029
15409000 -6.13569542851287
15410000 -6.14747748932345
15411000 -6.13295964150636
15412000 -6.13178589877015
15413000 -6.16381598212482
15414000 -6.12986119412922
15415000 -6.1504155505181
15416000 -6.16683185772615
15417000 -6.11338872520877
15418000 -6.17346709407146
15419000 -6.14888921064915
15420000 -6.13248497653295
15421000 -6.17782277908046
15422000 -6.13279264982821
15423000 -6.1667116250383
15424000 -6.14300968942944
15425000 -6.12935674334721
15426000 -6.19017159322027
15427000 -6.09628754318966
15428000 -6.15317496558967
15429000 -6.19026881659006
15430000 -6.09279082014575
15431000 -6.19842150629134
15432000 -6.13321316645084
15433000 -6.15151920488815
15434000 -6.18530092389776
15435000 -6.10219291977108
15436000 -6.17911467511487
15437000 -6.1335538829655
15438000 -6.15032004746197
15439000 -6.16676198499926
15440000 -6.11532664024317
15441000 -6.17534633412862
15442000 -6.16418998276484
15443000 -6.12048474576715
15444000 -6.19051034886631
15445000 -6.11570470313347
15446000 -6.16486548412893
15447000 -6.16399064635907
15448000 -6.11423040362082
15449000 -6.21023440048829
15450000 -6.13143989101276
15451000 -6.17304162322485
15452000 -6.16713414074444
15453000 -6.14663535402296
15454000 -6.19083028725554
15455000 -6.13556041782794
15456000 -6.1587398140017
15457000 -6.19592874734452
15458000 -6.10962154487377
15459000 -6.1890948842261
15460000 -6.17463238361743
15461000 -6.13097770535627
15462000 -6.19650657293408
15463000 -6.1254241320755
15464000 -6.17603588340272
15465000 -6.17635853909829
15466000 -6.12230105904978
15467000 -6.19376304046254
15468000 -6.14304549514386
15469000 -6.1696823302139
15470000 -6.17735926234261
15471000 -6.14056233449476
15472000 -6.18309704245875
15473000 -6.16032388289317
15474000 -6.12449860410665
15475000 -6.20899802307634
15476000 -6.14319384737476
15477000 -6.17697536612356
15478000 -6.19182035274984
15479000 -6.15163603737462
15480000 -6.20689487671156
15481000 -6.13980535346154
15482000 -6.17540559116822
15483000 -6.1957262254721
15484000 -6.13619509778186
15485000 -6.18394647319042
15486000 -6.16888695259849
15487000 -6.15717145539559
15488000 -6.18164359802366
15489000 -6.15563618759323
15490000 -6.1839349998319
15491000 -6.19809047164271
15492000 -6.13553375973255
15493000 -6.21868273833513
15494000 -6.15301090447428
15495000 -6.16557738806394
15496000 -6.21178253539184
15497000 -6.13277642963777
15498000 -6.19761236142311
15499000 -6.17266406297989
15500000 -6.16419666179905
15501000 -6.20433754062236
15502000 -6.12904428385358
15503000 -6.18259980437159
15504000 -6.16933321799034
15505000 -6.15665037537661
15506000 -6.20191551121654
15507000 -6.14777678857947
15508000 -6.22120287092393
15509000 -6.16834591667948
15510000 -6.16352332594685
15511000 -6.21202538321208
15512000 -6.14032156020641
15513000 -6.18834698968747
15514000 -6.19331014160753
15515000 -6.13160098407957
15516000 -6.22114856639578
15517000 -6.15423471444009
15518000 -6.20026640265663
15519000 -6.18164809432323
15520000 -6.15756883230404
15521000 -6.1987486217284
15522000 -6.16691188576907
15523000 -6.18553736602455
15524000 -6.19314884882686
15525000 -6.17841257755884
15526000 -6.21826201529008
15527000 -6.15763750059945
15528000 -6.21046670929562
15529000 -6.18957988524167
15530000 -6.1684531730049
15531000 -6.22966101617791
15532000 -6.15791301639962
15533000 -6.20698550166707
15534000 -6.2077568394139
15535000 -6.14034958902457
15536000 -6.2258133999002
15537000 -6.19869335124287
15538000 -6.17888044891736
15539000 -6.16885741178781
15540000 -6.19021216313859
15541000 -6.21044575619609
15542000 -6.17844833226987
15543000 -6.20523401693484
15544000 -6.20012086692587
15545000 -6.18835794595291
15546000 -6.20148468123828
15547000 -6.180653024388
15548000 -6.19548175227961
15549000 -6.19663002506815
15550000 -6.19717946711146
15551000 -6.2076640430777
15552000 -6.16768084566484
15553000 -6.23547802652071
15554000 -6.19449084949903
15555000 -6.18806242885899
15556000 -6.24524361620444
15557000 -6.17726676895429
15558000 -6.21007462304862
15559000 -6.20387201149937
15560000 -6.16507885698574
15561000 -6.24431093830224
15562000 -6.18858344614169
15563000 -6.20332655730364
15564000 -6.22276381706588
15565000 -6.18214442833995
15566000 -6.23311826399156
15567000 -6.18987430719265
15568000 -6.19855269422135
15569000 -6.22106193037471
15570000 -6.19356299037481
15571000 -6.22874251955978
15572000 -6.18905271696771
15573000 -6.20841652305601
15574000 -6.22859469098858
15575000 -6.18710799742183
15576000 -6.21427724456292
15577000 -6.21121838729743
15578000 -6.20297518159667
15579000 -6.20942581775646
15580000 -6.20280649095986
15581000 -6.21657053920714
15582000 -6.20160750698074
15583000 -6.21048677768147
15584000 -6.23084666963835
15585000 -6.20056339490209
15586000 -6.21926750623543
15587000 -6.21323762009351
15588000 -6.21832266426027
15589000 -6.21954750710001
15590000 -6.18036665718032
15591000 -6.23015312852122
15592000 -6.19806243356244
15593000 -6.20528153608558
15594000 -6.23651056276775
15595000 -6.18733686470556
15596000 -6.23061960466411
15597000 -6.21349525718149
15598000 -6.20614604808314
15599000 -6.23874830509671
15600000 -6.19537860939343
15601000 -6.20109317560484
15602000 -6.21035710885061
15603000 -6.20656872926168
15604000 -6.23036807077695
15605000 -6.21741230924495
15606000 -6.23284145704817
15607000 -6.22537160894979
15608000 -6.20011994389037
15609000 -6.22452413417726
15610000 -6.19992804287715
15611000 -6.23992235116459
15612000 -6.22033768873667
15613000 -6.19701937433609
15614000 -6.2534606968516
15615000 -6.21621018098734
15616000 -6.2231157687704
15617000 -6.2342976882153
15618000 -6.19725606513627
15619000 -6.2408633800865
15620000 -6.23359362708352
15621000 -6.21060112193989
15622000 -6.24430560225612
15623000 -6.20931504620745
15624000 -6.21041919981476
15625000 -6.24050625273007
15626000 -6.19582850309699
15627000 -6.23356265253116
15628000 -6.23085268593837
15629000 -6.22769265191731
15630000 -6.22063567104215
15631000 -6.23699726864159
15632000 -6.2243133070227
15633000 -6.23841506926435
15634000 -6.22001713775818
15635000 -6.23146329679181
15636000 -6.22114068917217
15637000 -6.23676981846502
15638000 -6.22528390834042
15639000 -6.22612464190368
15640000 -6.24822543607337
15641000 -6.23926633092191
15642000 -6.23061790106924
15643000 -6.23886415435337
15644000 -6.22316592443571
15645000 -6.24785157362709
15646000 -6.21367496927391
15647000 -6.24481628822945
15648000 -6.23870656364992
15649000 -6.22947791893359
15650000 -6.24736347970171
15651000 -6.2213244230384
15652000 -6.24029791853775
15653000 -6.23119583462152
15654000 -6.24802303249573
15655000 -6.23029481939108
15656000 -6.22881884647992
15657000 -6.254579657997
15658000 -6.23037570479716
15659000 -6.23199430439813
15660000 -6.25046264986452
15661000 -6.23068862379838
15662000 -6.23654626687264
15663000 -6.21907371338172
15664000 -6.23393949028713
15665000 -6.23520453735387
15666000 -6.22953031683909
15667000 -6.24245759797274
15668000 -6.25398195188366
15669000 -6.22843007405798
15670000 -6.23536942769147
15671000 -6.23854309532326
15672000 -6.26063305647215
15673000 -6.2202181435333
15674000 -6.24128652097471
15675000 -6.2586738761502
15676000 -6.22458822787634
15677000 -6.26814103296713
15678000 -6.23377670394286
15679000 -6.24105515459002
15680000 -6.27108312819187
15681000 -6.21201882004136
15682000 -6.26133364365958
15683000 -6.23942353233863
15684000 -6.26089814568551
15685000 -6.26492428911102
15686000 -6.22311957416529
15687000 -6.29113976019461
15688000 -6.245570217209
15689000 -6.23411159645456
15690000 -6.26702979750214
15691000 -6.21230143279739
15692000 -6.294354904249
15693000 -6.25948445414475
15694000 -6.25755653850281
15695000 -6.25893167173769
15696000 -6.21975173774336
15697000 -6.30429139305149
15698000 -6.22829914133259
15699000 -6.25528113709946
15700000 -6.28729685540879
15701000 -6.22186838638914
15702000 -6.2973318835543
15703000 -6.25624294670003
15704000 -6.24070762567177
15705000 -6.28737812640324
15706000 -6.24328997799534
15707000 -6.28160153499452
15708000 -6.23301510985008
15709000 -6.25237052574326
15710000 -6.29045971936702
15711000 -6.21799055953584
15712000 -6.28711029652459
15713000 -6.26129502283748
15714000 -6.24690179996223
15715000 -6.28729861482201
15716000 -6.24140138531393
15717000 -6.27907301231578
15718000 -6.26447312508971
15719000 -6.27006512739473
15720000 -6.2740720131717
15721000 -6.24973067001116
15722000 -6.28701344410239
15723000 -6.23628320789249
15724000 -6.25907540112545
15725000 -6.29031070143544
15726000 -6.22285060358847
15727000 -6.30256913484906
15728000 -6.24978459202229
15729000 -6.27602831911051
15730000 -6.28285846428532
15731000 -6.23712501013393
15732000 -6.29693665671085
15733000 -6.24405600918385
15734000 -6.26967053140992
15735000 -6.26271762153889
15736000 -6.2662269128348
15737000 -6.28781380851972
15738000 -6.24352716670808
15739000 -6.28730483826241
15740000 -6.26485679037921
15741000 -6.25650608481621
15742000 -6.28652879283556
15743000 -6.25839101525994
15744000 -6.30029201821425
15745000 -6.27530675813512
15746000 -6.24443820601029
15747000 -6.30391570627057
15748000 -6.25987593015746
15749000 -6.28500151462769
15750000 -6.29516938880015
15751000 -6.25338785493668
15752000 -6.30389716433605
15753000 -6.26758669488789
15754000 -6.30915043672628
15755000 -6.25655547154773
15756000 -6.27018693573443
15757000 -6.29142315876555
15758000 -6.24210918749974
15759000 -6.30566677268038
15760000 -6.28658829452375
15761000 -6.26709705348256
15762000 -6.29533430778638
15763000 -6.25395986206637
15764000 -6.3009855533483
15765000 -6.27338029696478
15766000 -6.25652548764401
15767000 -6.32711006709348
15768000 -6.25395108931551
15769000 -6.3062377312994
15770000 -6.29390771622959
15771000 -6.24715233204457
15772000 -6.30569269909875
15773000 -6.25355053469486
15774000 -6.28553962058011
15775000 -6.2786829206258
15776000 -6.28108732940116
15777000 -6.31511686525829
15778000 -6.25718730452052
15779000 -6.29010927367361
15780000 -6.30547619575643
15781000 -6.26145626126252
15782000 -6.30890359711015
15783000 -6.27762678020369
15784000 -6.28007459255993
15785000 -6.31779772295166
15786000 -6.26081102491259
15787000 -6.31227082330387
15788000 -6.29780121937528
15789000 -6.28447837922535
15790000 -6.29475545740849
15791000 -6.27852862170939
15792000 -6.32961979232714
15793000 -6.26227432761528
15794000 -6.29720747382621
15795000 -6.31221434215895
15796000 -6.25174244240044
15797000 -6.31952907782464
15798000 -6.2913298091062
15799000 -6.2717258832508
15800000 -6.33131188126765
15801000 -6.27928836803527
15802000 -6.30838580053914
15803000 -6.30468192817963
15804000 -6.26682351583949
15805000 -6.32944055318453
15806000 -6.27768089706511
15807000 -6.30228804026976
15808000 -6.30914679277052
15809000 -6.26548786293866
15810000 -6.35258917471255
15811000 -6.26737474662431
15812000 -6.30036449610201
15813000 -6.33233577193218
15814000 -6.26313449408666
15815000 -6.33732569266752
15816000 -6.29371795823916
15817000 -6.29114320833768
15818000 -6.32476842067076
15819000 -6.27257138253766
15820000 -6.34557249166901
15821000 -6.29603329236491
15822000 -6.30107662260123
15823000 -6.34274015348433
15824000 -6.25818394852968
15825000 -6.33305906342932
15826000 -6.29631609409369
15827000 -6.28479133126168
15828000 -6.34296391613868
15829000 -6.26586647058726
15830000 -6.32310229815308
15831000 -6.31430163694251
15832000 -6.30965497820514
15833000 -6.33031381681786
15834000 -6.29428098445528
15835000 -6.33151331965416
15836000 -6.29642949086198
15837000 -6.29372024569293
15838000 -6.33054311418851
15839000 -6.27965070297988
15840000 -6.31015324773673
15841000 -6.314678536735
15842000 -6.30784996255843
15843000 -6.311652639302
15844000 -6.29812252966636
15845000 -6.30581521008484
15846000 -6.3207513103093
15847000 -6.31632519539542
15848000 -6.33708529029406
15849000 -6.30907749879897
15850000 -6.30545584657447
15851000 -6.31390659465732
15852000 -6.32038300769961
15853000 -6.30737522200717
15854000 -6.2956135195751
15855000 -6.3276883204712
15856000 -6.33287716262271
15857000 -6.32030778720055
15858000 -6.30025686481927
15859000 -6.33160711073413
15860000 -6.34073875015673
15861000 -6.310487240453
15862000 -6.32531665929565
15863000 -6.34141097470545
15864000 -6.30186791957474
15865000 -6.33590109326501
15866000 -6.30577210287438
15867000 -6.31988339735341
15868000 -6.33699433246948
15869000 -6.32228978931897
15870000 -6.32148119835174
15871000 -6.30726808290105
15872000 -6.33064934506438
15873000 -6.33812562718509
15874000 -6.29155651270073
15875000 -6.34291445596738
15876000 -6.33454732112624
15877000 -6.31500541277266
15878000 -6.33960716999825
15879000 -6.32684761285044
15880000 -6.33355766698112
15881000 -6.31748555877949
15882000 -6.34380298733452
15883000 -6.33185271034517
15884000 -6.30852987881414
15885000 -6.36006701040963
15886000 -6.3099114623188
15887000 -6.31531249059092
15888000 -6.34208265998269
15889000 -6.30117201034661
15890000 -6.34333271511574
15891000 -6.34908083966075
15892000 -6.32061858189237
15893000 -6.34938644917304
15894000 -6.32739063829899
15895000 -6.35457210412376
15896000 -6.31921523233979
15897000 -6.32798993393678
15898000 -6.36992196663861
15899000 -6.31881509850413
15900000 -6.3336626697245
15901000 -6.35377401269288
15902000 -6.32808232816071
15903000 -6.37588413835326
15904000 -6.30580573962294
15905000 -6.35213034886157
15906000 -6.35250077136559
15907000 -6.2932389161424
15908000 -6.36339567218325
15909000 -6.33705753078951
15910000 -6.32609761280147
15911000 -6.37029301370293
15912000 -6.31438287851222
15913000 -6.33734763557021
15914000 -6.34732930834636
15915000 -6.32200003249698
15916000 -6.34993783495624
15917000 -6.34302313138527
15918000 -6.34468557247288
15919000 -6.33222775436732
15920000 -6.33748872467549
15921000 -6.34263036844949
15922000 -6.34609901882255
15923000 -6.35574484846063
15924000 -6.33817893763439
15925000 -6.33237051003047
15926000 -6.36393922237808
15927000 -6.32903960639831
15928000 -6.33967281349974
15929000 -6.3512971320783
15930000 -6.34255054461322
15931000 -6.34586995215065
15932000 -6.34549814472221
15933000 -6.35673584532007
15934000 -6.34041796408346
15935000 -6.34197201748553
15936000 -6.35802952257154
15937000 -6.3236857485628
15938000 -6.34768472404548
15939000 -6.33422334724678
15940000 -6.34786908159994
15941000 -6.35433782794784
15942000 -6.35140007877746
15943000 -6.36712143408205
15944000 -6.33419917455034
15945000 -6.35018055806333
15946000 -6.35471828013025
15947000 -6.34883118605668
15948000 -6.33738449559393
15949000 -6.36341917395332
15950000 -6.35422741099055
15951000 -6.34763375650111
15952000 -6.35026688600254
15953000 -6.35936230605776
15954000 -6.33855879929343
15955000 -6.3369785238006
15956000 -6.34933474754858
15957000 -6.35045588976955
15958000 -6.36184856860807
15959000 -6.3581781480945
15960000 -6.36898557890351
15961000 -6.35334312316788
15962000 -6.35185936036257
15963000 -6.35528411499979
15964000 -6.35714338490741
15965000 -6.36448203638486
15966000 -6.35494858127978
15967000 -6.3785817270585
15968000 -6.36314926189637
15969000 -6.36125203369097
15970000 -6.39129341770513
15971000 -6.33839755668163
15972000 -6.37879356966229
15973000 -6.36176172874884
15974000 -6.33499267581323
15975000 -6.39031463198468
15976000 -6.34777822360392
15977000 -6.34972455730205
15978000 -6.38850063730314
15979000 -6.33435473048523
15980000 -6.37602430530676
15981000 -6.35379003076452
15982000 -6.36051496724119
15983000 -6.37685247213264
15984000 -6.36652200359925
15985000 -6.38748758835965
15986000 -6.35228857219768
15987000 -6.35835182966325
15988000 -6.39532931534266
15989000 -6.33370787671979
15990000 -6.3878442027476
15991000 -6.36532399227275
15992000 -6.35712572093064
15993000 -6.39024496611869
15994000 -6.35712252878537
15995000 -6.37462022393104
15996000 -6.39875775183848
15997000 -6.34475939953264
15998000 -6.39405560253339
15999000 -6.37277044971021
16000000 -6.3664109657608
16001000 -6.37415198547017
16002000 -6.35579160398793
16003000 -6.39602002497111
16004000 -6.35532239524859
16005000 -6.35830860460685
16006000 -6.406759681561
16007000 -6.34282711365114
16008000 -6.37240503854938
16009000 -6.38583571060126
16010000 -6.36394372437686
16011000 -6.41037390464034
16012000 -6.35274311243396
16013000 -6.38350048427417
16014000 -6.39906875009436
16015000 -6.36195260912966
16016000 -6.39328545608562
16017000 -6.36582582476227
16018000 -6.37937819382196
16019000 -6.38890660834619
16020000 -6.36622960569834
16021000 -6.39650446192646
16022000 -6.37372902451887
16023000 -6.3925315146912
16024000 -6.37798561435957
16025000 -6.37348891550871
16026000 -6.37727584951728
16027000 -6.37516380948303
16028000 -6.36002866896606
16029000 -6.40772876889655
16030000 -6.37660186282995
16031000 -6.37830682482215
16032000 -6.38761380574508
16033000 -6.37456774994478
16034000 -6.39215435995939
16035000 -6.38931877795017
16036000 -6.3835960843569
16037000 -6.38775191551357
16038000 -6.37372523922878
16039000 -6.4182676827705
16040000 -6.37244773263517
16041000 -6.37663907743259
16042000 -6.42480900096294
16043000 -6.38329367175507
16044000 -6.3861484709973
16045000 -6.39134403692755
16046000 -6.38300936686674
16047000 -6.38840726223648
16048000 -6.4049620153368
16049000 -6.3870042301574
16050000 -6.4008280390367
16051000 -6.3846916010966
16052000 -6.41025651164869
16053000 -6.38778799048169
16054000 -6.4017661529275
16055000 -6.40199117507562
16056000 -6.38272547875054
16057000 -6.40914641434388
16058000 -6.41007281549258
16059000 -6.3650023454476
16060000 -6.41986930684125
16061000 -6.38341034960142
16062000 -6.40057183169521
16063000 -6.41437037562279
16064000 -6.37570295016816
16065000 -6.40545273032837
16066000 -6.41852221131765
16067000 -6.39147940153755
16068000 -6.41844215364209
16069000 -6.37883315078225
16070000 -6.43113880116304
16071000 -6.38529682717027
16072000 -6.38185111957993
16073000 -6.43166724272728
16074000 -6.36764217792915
16075000 -6.40419300685794
16076000 -6.43054384856947
16077000 -6.39210748741608
16078000 -6.40640885899945
16079000 -6.40182170691269
16080000 -6.40443921561854
16081000 -6.42506321430539
16082000 -6.36717612463836
16083000 -6.42614234312149
16084000 -6.41319013469046
16085000 -6.39305587563834
16086000 -6.40704500063372
16087000 -6.41130884221328
16088000 -6.40532582538393
16089000 -6.40152496108601
16090000 -6.40878051086083
16091000 -6.4256761770051
16092000 -6.38920967787585
16093000 -6.42610653310253
16094000 -6.41637367514131
16095000 -6.40723879204023
16096000 -6.41214007245269
16097000 -6.41760989505399
16098000 -6.41738893108524
16099000 -6.40356521627942
16100000 -6.3960746320082
16101000 -6.42834171816747
16102000 -6.4195150762641
16103000 -6.41173101767449
16104000 -6.41745147174964
16105000 -6.41574617763699
16106000 -6.4104423816208
16107000 -6.40850129922012
16108000 -6.40078319254548
16109000 -6.41883623339552
16110000 -6.4080335754826
16111000 -6.41442595197746
16112000 -6.42901091994774
16113000 -6.38469840262333
16114000 -6.41894434598087
16115000 -6.42394623609789
16116000 -6.4093142316161
16117000 -6.40931081252405
16118000 -6.4505157838633
16119000 -6.4084140399264
16120000 -6.42439437586847
16121000 -6.4324158094084
16122000 -6.40976443624024
16123000 -6.41481256513521
16124000 -6.44148704838769
16125000 -6.40494452870942
16126000 -6.42415701960051
16127000 -6.4305056415235
16128000 -6.41134139180993
16129000 -6.43383240202272
16130000 -6.42901157428485
16131000 -6.40728880636682
16132000 -6.44576617743965
16133000 -6.42992582525095
16134000 -6.42637904732285
16135000 -6.43901017655129
16136000 -6.42370692008223
16137000 -6.43827495863926
16138000 -6.41994232827346
16139000 -6.42010682743551
16140000 -6.43317438086111
16141000 -6.41849501952506
16142000 -6.42579497311434
16143000 -6.43015948190584
16144000 -6.41725058760624
16145000 -6.42380620934285
16146000 -6.41546439486984
16147000 -6.43442164730012
16148000 -6.43054278591628
16149000 -6.41246189027703
16150000 -6.44236173770632
16151000 -6.4458950557533
16152000 -6.40596828287678
16153000 -6.45122154478153
16154000 -6.43014841031313
16155000 -6.40733438855624
16156000 -6.43878253501171
16157000 -6.43718082208007
16158000 -6.44730092327925
16159000 -6.42091641482175
16160000 -6.44210416232292
16161000 -6.44475967220123
16162000 -6.42313465373626
16163000 -6.44552539372341
16164000 -6.43282001974569
16165000 -6.43463983329243
16166000 -6.46491640127184
16167000 -6.41705303566164
16168000 -6.43624736543064
16169000 -6.44744804569461
16170000 -6.43097414212638
16171000 -6.45638683246026
16172000 -6.41770534688068
16173000 -6.44987477726135
16174000 -6.43504493248313
16175000 -6.43516077245862
16176000 -6.46437510331716
16177000 -6.40719798130043
16178000 -6.43565852987129
16179000 -6.46449319727964
16180000 -6.42522204481661
16181000 -6.43834697891528
16182000 -6.45236004719287
16183000 -6.45279651754765
16184000 -6.45751374556329
16185000 -6.42126008806328
16186000 -6.47232853872537
16187000 -6.42570796957557
16188000 -6.43358762089777
16189000 -6.4583117638008
16190000 -6.41899559550835
16191000 -6.45754576271477
16192000 -6.44691006630639
16193000 -6.42638253075741
16194000 -6.4595182117775
16195000 -6.43703462344845
16196000 -6.45282722789064
16197000 -6.44249514489815
16198000 -6.44596945795891
16199000 -6.4548892027479
16200000 -6.44134414170797
16201000 -6.45855472490434
16202000 -6.46883397529532
16203000 -6.42648422989274
16204000 -6.4645728297409
16205000 -6.44366327687566
16206000 -6.44112902209344
16207000 -6.45833685281701
16208000 -6.43951250606233
16209000 -6.46171139200692
16210000 -6.45081708522904
16211000 -6.44920424527693
16212000 -6.46546687238982
16213000 -6.42038984686972
16214000 -6.46072555072094
16215000 -6.44613895854226
16216000 -6.46159986411804
16217000 -6.46029800027725
16218000 -6.45766597612555
16219000 -6.468340021765
16220000 -6.45291645337274
16221000 -6.46016167803478
16222000 -6.45794043347546
16223000 -6.43578785230067
16224000 -6.46312538877977
16225000 -6.47123047732008
16226000 -6.45985747536282
16227000 -6.44584551688008
16228000 -6.46360904096431
16229000 -6.4754724045628
16230000 -6.46456291497014
16231000 -6.44748660709677
16232000 -6.47768108831483
16233000 -6.45505581268048
16234000 -6.44781966448366
16235000 -6.46801913342298
16236000 -6.45897486743397
16237000 -6.45817178511781
16238000 -6.45490466922361
16239000 -6.47074904477705
16240000 -6.4693931881345
16241000 -6.48099641187113
16242000 -6.47162280321442
16243000 -6.45207993269996
16244000 -6.47318953769336
16245000 -6.47188167415382
16246000 -6.46782041803111
16247000 -6.47945486388073
16248000 -6.46233777185804
16249000 -6.46235118970681
16250000 -6.47639708144264
16251000 -6.47358019997929
16252000 -6.4674110940058
16253000 -6.47149388897739
16254000 -6.47427627824279
16255000 -6.47207218666651
16256000 -6.47746575420279
16257000 -6.48104201859126
16258000 -6.48449845684375
16259000 -6.47224110657302
16260000 -6.4746190435711
16261000 -6.47210466093419
16262000 -6.47595568376151
16263000 -6.45853716368535
16264000 -6.48383627062231
16265000 -6.47841297719127
16266000 -6.48864059983767
16267000 -6.49531545625537
16268000 -6.46499838094445
16269000 -6.49011346621905
16270000 -6.48122855922071
16271000 -6.4667694348035
16272000 -6.48985664235148
16273000 -6.4460750800486
16274000 -6.49791431795274
16275000 -6.47147445470078
16276000 -6.45103562103875
16277000 -6.49691808639136
16278000 -6.4761829952281
16279000 -6.47269960484232
16280000 -6.47987676545673
16281000 -6.46984103106467
16282000 -6.52309105226236
16283000 -6.46591168249316
16284000 -6.48246487222617
16285000 -6.51547346235467
16286000 -6.45056633493164
16287000 -6.50609707386133
16288000 -6.48754771296881
16289000 -6.48598283504853
16290000 -6.50725408546058
16291000 -6.46665959723733
16292000 -6.50187850276731
16293000 -6.46502953204736
16294000 -6.48386508658544
16295000 -6.50200895907014
16296000 -6.46133360533756
16297000 -6.49973535974588
16298000 -6.49934165082021
16299000 -6.48672297645002
16300000 -6.50788940199024
16301000 -6.45949329646101
16302000 -6.51718706308684
16303000 -6.51709291249436
16304000 -6.47274478096701
16305000 -6.52044345461761
16306000 -6.4777824733944
16307000 -6.48605885779414
16308000 -6.52257091428424
16309000 -6.48664009066788
16310000 -6.52758291228148
16311000 -6.47357806472808
16312000 -6.47849929100435
16313000 -6.51952661976686
16314000 -6.46496323707761
16315000 -6.4941697283727
16316000 -6.52014907611644
16317000 -6.4610524624541
16318000 -6.51588267317706
16319000 -6.50603159698311
16320000 -6.4593716751974
16321000 -6.5165837121731
16322000 -6.5069754379943
16323000 -6.47885724854285
16324000 -6.49697360520655
16325000 -6.47757310646442
16326000 -6.5173768276028
16327000 -6.49552175218158
16328000 -6.51094580895203
16329000 -6.52219829070006
16330000 -6.46229172114466
16331000 -6.52517607568629
16332000 -6.51319479905867
16333000 -6.48633667234054
16334000 -6.50759034544796
16335000 -6.48359154856158
16336000 -6.53464144118009
16337000 -6.50225378077034
16338000 -6.48682682054672
16339000 -6.52992929745718
16340000 -6.47761081219598
16341000 -6.51842930679111
16342000 -6.53194280225333
16343000 -6.4728509020702
16344000 -6.53959442529816
16345000 -6.48790999018534
16346000 -6.50693610881463
16347000 -6.51213538045132
16348000 -6.48563122149103
16349000 -6.51146856632471
16350000 -6.49554552212643
16351000 -6.49658041901832
16352000 -6.52607172702085
16353000 -6.49773961312751
16354000 -6.51954353980437
16355000 -6.51524225414722
16356000 -6.50282779724189
16357000 -6.51769941937981
16358000 -6.50186743195059
16359000 -6.51331093735723
16360000 -6.51810552163527
16361000 -6.49767005258047
16362000 -6.51997072968675
16363000 -6.51630906014047
16364000 -6.51072479733673
16365000 -6.52280641087434
16366000 -6.50424448378452
16367000 -6.52088304517304
16368000 -6.524773761938
16369000 -6.50784646232422
16370000 -6.5326253624937
16371000 -6.52861525459762
16372000 -6.50844364686412
16373000 -6.53505023819438
16374000 -6.50358511277691
16375000 -6.50317373227196
16376000 -6.52504608942512
16377000 -6.51373206179569
16378000 -6.53261053923694
16379000 -6.52286212582421
16380000 -6.5290648751607
16381000 -6.543600262253
16382000 -6.49323149243556
16383000 -6.53400608658467
16384000 -6.54924985633316
16385000 -6.49971234341391
16386000 -6.52971068128375
16387000 -6.53557190789444
16388000 -6.5155069381753
16389000 -6.52451275613465
16390000 -6.51736027840946
16391000 -6.53894108993953
16392000 -6.53511487569447
16393000 -6.49970006838098
16394000 -6.55360738710992
16395000 -6.51183508635768
16396000 -6.5105474582397
16397000 -6.54595796864294
16398000 -6.49919795708686
16399000 -6.53824064663367
16400000 -6.51170639848081
16401000 -6.52422473865473
16402000 -6.55439498735102
16403000 -6.47755922411368
16404000 -6.55171535754948
16405000 -6.53324910566783
16406000 -6.50746360915981
16407000 -6.54780010518351
16408000 -6.53138479474171
16409000 -6.5359020788113
16410000 -6.52042927783453
16411000 -6.51941544324925
16412000 -6.57021264121124
16413000 -6.49707849120718
16414000 -6.51666010051178
16415000 -6.55668104695434
16416000 -6.49843139691696
16417000 -6.54457604033604
16418000 -6.53447462879578
16419000 -6.5418956453148
16420000 -6.55189171362634
16421000 -6.52576255556479
16422000 -6.5647791003238
16423000 -6.5307058373085
16424000 -6.52144979079001
16425000 -6.55016294756193
16426000 -6.53870061107058
16427000 -6.5335505437227
16428000 -6.54010886579618
16429000 -6.53192020305578
16430000 -6.55479623220948
16431000 -6.53923881656175
16432000 -6.51809662501142
16433000 -6.55860083601382
16434000 -6.54044992415085
16435000 -6.55916699298936
16436000 -6.53944068793759
16437000 -6.54486680622442
16438000 -6.55866061407853
16439000 -6.53307837478411
16440000 -6.53266811534637
16441000 -6.56049436373274
16442000 -6.52754334705444
16443000 -6.54298933634805
16444000 -6.55533944987545
16445000 -6.52325561964953
16446000 -6.57041477420544
16447000 -6.54801787508036
16448000 -6.5050049646507
16449000 -6.55870824294448
16450000 -6.54249067913767
16451000 -6.55227211505542
16452000 -6.55766791171252
16453000 -6.52753392184493
16454000 -6.56146936724713
16455000 -6.53912325715284
16456000 -6.54960060852484
16457000 -6.56443244094856
16458000 -6.52613189787618
16459000 -6.5675631998264
16460000 -6.55633151213916
16461000 -6.52760840351249
16462000 -6.55211049023905
16463000 -6.55373965692467
16464000 -6.540944674016
16465000 -6.56667915536911
16466000 -6.54839767199248
16467000 -6.54671426622504
16468000 -6.56489542643349
16469000 -6.54694120254907
16470000 -6.54074031595397
16471000 -6.57233158837498
16472000 -6.54328828952722
16473000 -6.56720570227644
16474000 -6.55144598309262
16475000 -6.53055606454937
16476000 -6.56265897167123
16477000 -6.54672140267163
16478000 -6.55038284767258
16479000 -6.59430910089201
16480000 -6.52689661637041
16481000 -6.55251304893808
16482000 -6.55761591404696
16483000 -6.54564201160261
16484000 -6.56771616069818
16485000 -6.54846303905991
16486000 -6.57358966565698
16487000 -6.5805927152453
16488000 -6.53863591712109
16489000 -6.57010759546326
16490000 -6.55882972418037
16491000 -6.56100189035083
16492000 -6.55946064809122
16493000 -6.53818626010534
16494000 -6.57990117566634
16495000 -6.56720332783052
16496000 -6.58235929062123
16497000 -6.57117219145613
16498000 -6.5416061901914
16499000 -6.57313550796912
16500000 -6.5796788180123
16501000 -6.56865340774676
16502000 -6.57421047995327
16503000 -6.56499882960576
16504000 -6.55908285662412
16505000 -6.57706444009287
16506000 -6.57855928087888
16507000 -6.54425967234644
16508000 -6.5921416433418
16509000 -6.55935902248238
16510000 -6.561237146241
16511000 -6.60216246660915
16512000 -6.55068289636583
16513000 -6.57898831392649
16514000 -6.58175046987373
16515000 -6.54848200899565
16516000 -6.59001267644421
16517000 -6.56921856348876
16518000 -6.57832103002638
16519000 -6.58676101396235
16520000 -6.55136107619929
16521000 -6.58540494132898
16522000 -6.58734003065811
16523000 -6.55293306743473
16524000 -6.58749113117059
16525000 -6.56854293982873
16526000 -6.57546950977829
16527000 -6.59778597408547
16528000 -6.54805069340055
16529000 -6.57989690710264
16530000 -6.60417834912932
16531000 -6.57300995563449
16532000 -6.58679785577073
16533000 -6.5860224689652
16534000 -6.5630291804671
16535000 -6.58088680197062
16536000 -6.58932427109501
16537000 -6.57182915468107
16538000 -6.58109550281859
16539000 -6.57408978663707
16540000 -6.59098157784492
16541000 -6.59067631535745
16542000 -6.55516263665789
16543000 -6.59014169067639
16544000 -6.57500713380458
16545000 -6.57289941422467
16546000 -6.59106872577462
16547000 -6.56307024585294
16548000 -6.59570291083906
16549000 -6.60752638462617
16550000 -6.56168404655022
16551000 -6.58962012076227
16552000 -6.5837625868065
16553000 -6.58025185505129
16554000 -6.59615460506467
16555000 -6.56649595286479
16556000 -6.60175251619467
16557000 -6.59595040517265
16558000 -6.58787226486342
16559000 -6.60960238278342
16560000 -6.55367297940732
16561000 -6.59208914813579
16562000 -6.59849082301157
16563000 -6.55841261070573
16564000 -6.60121814894438
16565000 -6.61502755289436
16566000 -6.58074071349191
16567000 -6.5693656139682
16568000 -6.59235469968275
16569000 -6.6005181492435
16570000 -6.59242831515163
16571000 -6.57411821251874
16572000 -6.61286194401456
16573000 -6.58822211849299
16574000 -6.57036335450422
16575000 -6.60817792543883
16576000 -6.5968335866197
16577000 -6.59118778489681
16578000 -6.61369130028967
16579000 -6.57911707778453
16580000 -6.59989909107162
16581000 -6.60150445818056
16582000 -6.56769351461969
16583000 -6.61330166771185
16584000 -6.58027400488738
16585000 -6.57868470580855
16586000 -6.64008173099371
16587000 -6.57273895711845
16588000 -6.60936796338357
16589000 -6.63001002066528
16590000 -6.58267137844432
16591000 -6.62832029156426
16592000 -6.5870849949637
16593000 -6.58312976827993
16594000 -6.62048298580187
16595000 -6.59961785028297
16596000 -6.59811691657563
16597000 -6.61406284160837
16598000 -6.56716099579088
16599000 -6.62480246518108
16600000 -6.60509707782094
16601000 -6.58821219994375
16602000 -6.62326871775281
16603000 -6.60052335135346
16604000 -6.58302844841023
16605000 -6.62307337853433
16606000 -6.60661265119739
16607000 -6.60424083524829
16608000 -6.59259582090744
16609000 -6.60036284719127
16610000 -6.63401533105518
16611000 -6.59603575829616
16612000 -6.58794678554411
16613000 -6.6470140331622
16614000 -6.58275926289714
16615000 -6.59227298881621
16616000 -6.63672252391916
16617000 -6.60211340829792
16618000 -6.62708010240408
16619000 -6.6058708271982
16620000 -6.59488184180442
16621000 -6.63706664893916
16622000 -6.60475812946992
16623000 -6.63350636182013
16624000 -6.59935170594907
16625000 -6.61888264261175
16626000 -6.63977111442628
16627000 -6.59699513061892
16628000 -6.5985023696258
16629000 -6.63844238095781
16630000 -6.6090421699221
16631000 -6.6199116552446
16632000 -6.62898535243811
16633000 -6.58555841331852
16634000 -6.64031251019559
16635000 -6.59882906602561
16636000 -6.60745447207283
16637000 -6.6269702043357
16638000 -6.58484277705206
16639000 -6.62973973368915
16640000 -6.63834660840972
16641000 -6.60804544992062
16642000 -6.64476486869482
16643000 -6.60533445272337
16644000 -6.59480068663336
16645000 -6.64469450475811
16646000 -6.61462572427114
16647000 -6.635662059495
16648000 -6.62444593062593
16649000 -6.62128768280352
16650000 -6.63294599909561
16651000 -6.61162212765463
16652000 -6.63525096376988
16653000 -6.62617241083149
16654000 -6.60535608995208
16655000 -6.64732118879013
16656000 -6.62391603390796
16657000 -6.61800116045506
16658000 -6.64659498425163
16659000 -6.62943839679248
16660000 -6.60989259479542
16661000 -6.63218586234475
16662000 -6.61635969172746
16663000 -6.64797693039827
16664000 -6.62427955767209
16665000 -6.61897465031132
16666000 -6.6474818544611
16667000 -6.60796431523134
16668000 -6.63820028410863
16669000 -6.64732946469223
16670000 -6.60472219427174
16671000 -6.63487650061474
16672000 -6.62219370299126
16673000 -6.63866572693193
16674000 -6.6447824851697
16675000 -6.60887277520102
16676000 -6.6506949765874
16677000 -6.640527310792
16678000 -6.62246239040206
16679000 -6.63528473776704
16680000 -6.62546700140162
16681000 -6.66478267031159
16682000 -6.63821679120672
16683000 -6.63399665138658
16684000 -6.65323000564827
16685000 -6.62629313201363
16686000 -6.62703378643966
16687000 -6.65430117508078
16688000 -6.62636313616066
16689000 -6.63370128782845
16690000 -6.65081573651558
16691000 -6.6405823783713
16692000 -6.64060743358709
16693000 -6.62086901833634
16694000 -6.64215332102481
16695000 -6.64391856298753
16696000 -6.62235847681463
16697000 -6.66001710779128
16698000 -6.65627528896131
16699000 -6.6316583717051
16700000 -6.64270133282286
16701000 -6.65515070188148
16702000 -6.63901924189554
16703000 -6.64223340573964
16704000 -6.63381601789883
16705000 -6.67235158219434
16706000 -6.63885833888792
16707000 -6.63489064026123
16708000 -6.66506327700019
16709000 -6.63947552276626
16710000 -6.66707232575382
16711000 -6.62612291104872
16712000 -6.63428681588718
16713000 -6.67659742776845
16714000 -6.63441629096389
16715000 -6.67864452887962
16716000 -6.6363138754267
16717000 -6.61807144755832
16718000 -6.68014287517292
16719000 -6.63584929468457
16720000 -6.6451119084043
16721000 -6.66448882384428
16722000 -6.65132522078774
16723000 -6.64586865839526
16724000 -6.65092965653614
16725000 -6.65215928057282
16726000 -6.65483470407889
16727000 -6.63559243821759
16728000 -6.65994114502041
16729000 -6.64496355768533
16730000 -6.66394387009313
16731000 -6.65490678487298
16732000 -6.64496979322797
16733000 -6.68363958370428
16734000 -6.64883624379726
16735000 -6.65756696394154
16736000 -6.6516015471185
16737000 -6.63383352871994
16738000 -6.68713029981106
16739000 -6.65959309742505
16740000 -6.64204368193876
16741000 -6.68317840751734
16742000 -6.63232376008764
16743000 -6.66650046038137
16744000 -6.68598980018157
16745000 -6.64489346548701
16746000 -6.67100679115461
16747000 -6.648731476921
16748000 -6.66731402507599
16749000 -6.66434269578309
16750000 -6.65524686812365
16751000 -6.68385681550036
16752000 -6.65880169527776
16753000 -6.6731382462957
16754000 -6.6807920464863
16755000 -6.63861693796689
16756000 -6.67631928867154
16757000 -6.6780946149772
16758000 -6.64410062859973
16759000 -6.67505013015448
16760000 -6.66819046354159
16761000 -6.66235301614735
16762000 -6.66801231744482
16763000 -6.66057241987062
16764000 -6.67660201000498
16765000 -6.65939010230804
16766000 -6.67211554956342
16767000 -6.66258243742965
16768000 -6.66107395352567
16769000 -6.655075672541
16770000 -6.66771449021356
16771000 -6.66100812378798
16772000 -6.67424025188719
16773000 -6.66832012969073
16774000 -6.68230177882911
16775000 -6.68258160489311
16776000 -6.66539658427999
16777000 -6.67037013692955
16778000 -6.66244158677161
16779000 -6.68901703852209
16780000 -6.68252365492541
16781000 -6.65397079372961
16782000 -6.68416071269526
16783000 -6.67219548630628
16784000 -6.67175419318607
16785000 -6.68206521895841
16786000 -6.65968966210003
16787000 -6.67991804261116
16788000 -6.6786776083154
16789000 -6.64940784050136
16790000 -6.69882409527985
16791000 -6.67509767892875
16792000 -6.65224446478672
16793000 -6.69551332979668
16794000 -6.67781785835352
16795000 -6.68808236873713
16796000 -6.67435634444832
16797000 -6.65885758541783
16798000 -6.69513187498245
16799000 -6.66434532654473
16800000 -6.66757969791768
16801000 -6.69189222852882
16802000 -6.6710676264144
16803000 -6.67814689633893
16804000 -6.65693854836762
16805000 -6.68066533441335
16806000 -6.71105214207029
16807000 -6.65675556645847
16808000 -6.69621129802684
16809000 -6.68183151565624
16810000 -6.68736961348155
16811000 -6.69841334892586
16812000 -6.68456202170637
16813000 -6.67406627365723
16814000 -6.6752010241195
16815000 -6.68648549756167
16816000 -6.70360765573214
16817000 -6.6830284295809
16818000 -6.69437449653061
16819000 -6.69213402723027
16820000 -6.68950773413282
16821000 -6.69100556945944
16822000 -6.68449857463988
16823000 -6.7009380955116
16824000 -6.69664157517692
16825000 -6.69407672132491
16826000 -6.68706822560381
16827000 -6.68652819672939
16828000 -6.68887142379559
16829000 -6.71708629732819
16830000 -6.69636507457822
16831000 -6.68655139775194
16832000 -6.71013918999323
16833000 -6.71244194411658
16834000 -6.67177043817218
16835000 -6.69212077521144
16836000 -6.71425288896837
16837000 -6.70397231264153
16838000 -6.68917655339282
16839000 -6.70649618877114
16840000 -6.69886054390443
16841000 -6.70488817651631
16842000 -6.69756061342007
16843000 -6.67121709958239
16844000 -6.69304829370747
16845000 -6.72958516539176
16846000 -6.6937664505873
16847000 -6.67495969546413
16848000 -6.71549209672656
16849000 -6.71569404892653
16850000 -6.68745539930653
16851000 -6.69783239347106
16852000 -6.72917644534094
16853000 -6.71239484175925
16854000 -6.70134581632277
16855000 -6.71945029716481
16856000 -6.70352190103441
16857000 -6.69952572091522
16858000 -6.70269610964959
16859000 -6.711891562367
16860000 -6.70139851722306
16861000 -6.70576742102263
16862000 -6.72480527900336
16863000 -6.70909819783835
16864000 -6.70539932876126
16865000 -6.68951210527727
16866000 -6.7208889632517
16867000 -6.73185483421441
16868000 -6.70332943765841
16869000 -6.70961180610184
16870000 -6.71580246114749
16871000 -6.70595152278015
16872000 -6.71158178081638
16873000 -6.73146434522053
16874000 -6.71490280011652
16875000 -6.70442970377668
16876000 -6.70814838687387
16877000 -6.72078653572091
16878000 -6.72363827838662
16879000 -6.69599478000352
16880000 -6.73051374699251
16881000 -6.71727288869446
16882000 -6.7026017988974
16883000 -6.71459474890456
16884000 -6.72594747027633
16885000 -6.70738537902717
16886000 -6.71386937930489
16887000 -6.71806353734262
16888000 -6.72864816985351
16889000 -6.73046454724291
16890000 -6.70041816856165
16891000 -6.72153046676738
16892000 -6.73102043006119
16893000 -6.73561324541408
16894000 -6.71553822111153
16895000 -6.7411005452171
16896000 -6.73317691211361
16897000 -6.71412660936002
16898000 -6.72368097846789
16899000 -6.73145526791387
16900000 -6.72263628560954
16901000 -6.71057324751264
16902000 -6.72299822660336
16903000 -6.72758972611968
16904000 -6.72906901792431
16905000 -6.72307290316934
16906000 -6.72323047917614
16907000 -6.73087275556314
16908000 -6.74586931390685
16909000 -6.71538811632495
16910000 -6.7149386992252
16911000 -6.73275205878673
16912000 -6.71346117852244
16913000 -6.71955662079089
16914000 -6.73868510453491
16915000 -6.72614136958863
16916000 -6.72148149460889
16917000 -6.72099297164227
16918000 -6.72976042247864
16919000 -6.72423055263394
16920000 -6.71073724214795
16921000 -6.74068630213216
16922000 -6.73826510302309
16923000 -6.73202667973024
16924000 -6.74578667217582
16925000 -6.72037514073794
16926000 -6.7332607554363
16927000 -6.7421680330753
16928000 -6.72651047581787
16929000 -6.75114311944968
16930000 -6.73633378679068
16931000 -6.70365398856194
16932000 -6.73904771884837
16933000 -6.74008286937146
16934000 -6.73460681967837
16935000 -6.74616986424746
16936000 -6.72286625938011
16937000 -6.74969558262033
16938000 -6.7345753281799
16939000 -6.74469817838697
16940000 -6.74128417134705
16941000 -6.7130406786119
16942000 -6.76528061377913
16943000 -6.74635229777741
16944000 -6.70534248508592
16945000 -6.75727565645523
16946000 -6.72838200135618
16947000 -6.73749081540239
16948000 -6.74247567280961
16949000 -6.7362931109693
16950000 -6.76990623466384
16951000 -6.73750637150309
16952000 -6.7116531993826
16953000 -6.74811181909279
16954000 -6.7433431570338
16955000 -6.75794537548357
16956000 -6.7385007703819
16957000 -6.72012374851401
16958000 -6.76964149877716
16959000 -6.7172447872932
16960000 -6.7400842694189
16961000 -6.75554803829229
16962000 -6.72297473348817
16963000 -6.76075775388232
16964000 -6.7442122327976
16965000 -6.7438287047335
16966000 -6.74605120182692
16967000 -6.70951614146098
16968000 -6.77363447331805
16969000 -6.76218796702247
16970000 -6.72564666806538
16971000 -6.75683597492324
16972000 -6.73937280634424
16973000 -6.75968262339927
16974000 -6.75292267253751
16975000 -6.7357506583259
16976000 -6.76501230481353
16977000 -6.74885320917919
16978000 -6.7534814306219
16979000 -6.76341587018457
16980000 -6.73720624059071
16981000 -6.75547742075649
16982000 -6.74744985041164
16983000 -6.74101440443373
16984000 -6.77123496821204
16985000 -6.73322344757397
16986000 -6.76045104453915
16987000 -6.79253205779238
16988000 -6.73602450965592
16989000 -6.7449250434539
16990000 -6.75962510296273
16991000 -6.76618807372444
16992000 -6.76059334667886
16993000 -6.73731661676663
16994000 -6.77485473966963
16995000 -6.75947531575778
16996000 -6.73989912104382
16997000 -6.77700215604883
16998000 -6.75739076449442
16999000 -6.74230620378129
17000000 -6.7831138923833
17001000 -6.7510590857352
17002000 -6.75328640215116
17003000 -6.775951608123
17004000 -6.75617165863987
17005000 -6.7529428734111
17006000 -6.75729012750572
17007000 -6.79283889969355
17008000 -6.7778812429714
17009000 -6.74524238235568
17010000 -6.78072828061033
17011000 -6.75955540238792
17012000 -6.75967161864647
17013000 -6.79210679672942
17014000 -6.74695411591497
17015000 -6.77619703616962
17016000 -6.77374478796373
17017000 -6.76010835693002
17018000 -6.77290015185476
17019000 -6.74910388727599
17020000 -6.7798961852174
17021000 -6.78655529629635
17022000 -6.75433693084722
17023000 -6.77974060138703
17024000 -6.75789347507135
17025000 -6.75795043224907
17026000 -6.78439474619307
17027000 -6.75680265345618
17028000 -6.77364738354824
17029000 -6.77058145652639
17030000 -6.75689379921676
17031000 -6.77697837711168
17032000 -6.75434887055321
17033000 -6.78333102548237
17034000 -6.76828542914607
17035000 -6.75232120318894
17036000 -6.8043022807586
17037000 -6.7543660719331
17038000 -6.76052314137046
17039000 -6.80456389087267
17040000 -6.76054815615985
17041000 -6.7455075230322
17042000 -6.78865687810311
17043000 -6.7829952581805
17044000 -6.77695526713005
17045000 -6.74580117033481
17046000 -6.78355577826873
17047000 -6.809723894392
17048000 -6.78656609588159
17049000 -6.76579824982012
17050000 -6.79100736792325
17051000 -6.78137281318509
17052000 -6.78592824254811
17053000 -6.77116219924038
17054000 -6.77586521953589
17055000 -6.77677100767354
17056000 -6.78994598130325
17057000 -6.77918131819972
17058000 -6.79302305765471
17059000 -6.75424790851923
17060000 -6.76855880455967
17061000 -6.78709418029877
17062000 -6.78502468042241
17063000 -6.79705372841259
17064000 -6.75736044870003
17065000 -6.79625306299541
17066000 -6.81207009113945
17067000 -6.77310313283767
17068000 -6.77909058176867
17069000 -6.79810390273073
17070000 -6.78707947646797
17071000 -6.79220371754036
17072000 -6.79333212438397
17073000 -6.80083994663145
17074000 -6.7603913956843
17075000 -6.78032355288073
17076000 -6.80082686511321
17077000 -6.79919916476064
17078000 -6.78710872772298
17079000 -6.77774653752441
17080000 -6.7979035628588
17081000 -6.7982615005562
17082000 -6.76951506901541
17083000 -6.78951454677835
17084000 -6.80675747554403
17085000 -6.79091025321828
17086000 -6.79176945577957
17087000 -6.79222629389179
17088000 -6.80623191797291
17089000 -6.78540090160757
17090000 -6.77502168012482
17091000 -6.81007918754992
17092000 -6.79468795762987
17093000 -6.77341005861525
17094000 -6.80228070292627
17095000 -6.81387924053323
17096000 -6.78081256748516
17097000 -6.79358248618801
17098000 -6.79059079428026
17099000 -6.79895018494988
17100000 -6.81402635976483
17101000 -6.78905836704111
17102000 -6.80827273491098
17103000 -6.79964320540881
17104000 -6.8065622919412
17105000 -6.8210910635384
17106000 -6.76638474650561
17107000 -6.78938936538167
17108000 -6.81846424918838
17109000 -6.78421464023303
17110000 -6.82527592421329
17111000 -6.80267606925621
17112000 -6.80751027042379
17113000 -6.81965080261209
17114000 -6.77348733036549
17115000 -6.81878809502313
17116000 -6.81525918129613
17117000 -6.78360300776149
17118000 -6.80821330001677
17119000 -6.79402665765922
17120000 -6.80473639030047
17121000 -6.80374245408157
17122000 -6.7903729166969
17123000 -6.82458934567469
17124000 -6.8012464181749
17125000 -6.80031144350639
17126000 -6.82069924940494
17127000 -6.80645581954684
17128000 -6.81327128102546
17129000 -6.80665372341325
17130000 -6.81783670433964
17131000 -6.80734795003216
17132000 -6.79923207227198
17133000 -6.80174398970337
17134000 -6.82452214460883
17135000 -6.80469519640714
17136000 -6.81115163837235
17137000 -6.83730217921826
17138000 -6.80775948378262
17139000 -6.80519501468217
17140000 -6.81562266513026
17141000 -6.81245783932952
17142000 -6.82578467716977
17143000 -6.81702794819846
17144000 -6.8141512593067
17145000 -6.83297978597579
17146000 -6.7862204091588
17147000 -6.80397894572993
17148000 -6.8260565088782
17149000 -6.80940791948083
17150000 -6.81993233639514
17151000 -6.79801396163791
17152000 -6.82721852890148
17153000 -6.79836819791005
17154000 -6.81107117006276
17155000 -6.84912334172046
17156000 -6.82103469341119
17157000 -6.81001830473111
17158000 -6.81747649402858
17159000 -6.80097443919205
17160000 -6.82705548791807
17161000 -6.84001195810167
17162000 -6.78164041969312
17163000 -6.83770886116937
17164000 -6.83134306337432
17165000 -6.80453250272229
17166000 -6.82225576858398
17167000 -6.80766605101953
17168000 -6.82014371338717
17169000 -6.82727544802011
17170000 -6.79573688100869
17171000 -6.83159337206952
17172000 -6.83515010318533
17173000 -6.81367185259055
17174000 -6.82289338622525
17175000 -6.82491835368303
17176000 -6.84092483462884
17177000 -6.82274860664015
17178000 -6.81715582410065
17179000 -6.84124050869589
17180000 -6.82032197214633
17181000 -6.82257674306928
17182000 -6.82858537834369
17183000 -6.82293928542541
17184000 -6.83664563498583
17185000 -6.81902337349704
17186000 -6.82655544232573
17187000 -6.84354178195699
17188000 -6.81888827974388
17189000 -6.82464351241501
17190000 -6.843986156141
17191000 -6.82643395199778
17192000 -6.83827091039162
17193000 -6.81536610427657
17194000 -6.84193930273688
17195000 -6.85859749254034
17196000 -6.80970172693262
17197000 -6.82748528251039
17198000 -6.85585212738031
17199000 -6.79992737259802
17200000 -6.83261058911743
17201000 -6.85397504565586
17202000 -6.84771863048161
17203000 -6.83458690842403
17204000 -6.81845250901422
17205000 -6.85740364375233
17206000 -6.82721871120485
17207000 -6.82870139943773
17208000 -6.83832022707716
17209000 -6.84711959939029
17210000 -6.83381559500461
17211000 -6.82895058807823
17212000 -6.8346038699173
17213000 -6.85436334290358
17214000 -6.84427962525589
17215000 -6.83655143025105
17216000 -6.85390717674084
17217000 -6.83126971354053
17218000 -6.84630091718887
17219000 -6.84276458069114
17220000 -6.83384666764506
17221000 -6.85602018768234
17222000 -6.83505780368795
17223000 -6.84957642030747
17224000 -6.84722106518141
17225000 -6.8469313687206
17226000 -6.83567705716945
17227000 -6.85305568332597
17228000 -6.85220777075578
17229000 -6.84278128093723
17230000 -6.83477895263444
17231000 -6.84835723269337
17232000 -6.85453144661037
17233000 -6.84333702139215
17234000 -6.84399847221979
17235000 -6.85797156310724
17236000 -6.83913445759174
17237000 -6.84310945753659
17238000 -6.85844971031069
17239000 -6.85129011100221
17240000 -6.85433842822775
17241000 -6.84785368402607
17242000 -6.85789785963558
17243000 -6.86320902645317
17244000 -6.85104806453289
17245000 -6.84083731106782
17246000 -6.8560613461376
17247000 -6.84662621293832
17248000 -6.85154416491732
17249000 -6.8486906682916
17250000 -6.84866566606941
17251000 -6.87314229445513
17252000 -6.8507147285933
17253000 -6.85455197440066
17254000 -6.86134394547101
17255000 -6.86753581739659
17256000 -6.86610209167663
17257000 -6.8446209621976
17258000 -6.86640515771302
17259000 -6.88048059155235
17260000 -6.8527204722383
17261000 -6.84215465540113
17262000 -6.87389222857026
17263000 -6.86880915574341
17264000 -6.84543784296114
17265000 -6.86345369652898
17266000 -6.86792905124658
17267000 -6.87066576227741
17268000 -6.86429453389767
17269000 -6.8591004280889
17270000 -6.87686167946648
17271000 -6.84536300896826
17272000 -6.865338325383
17273000 -6.87853482965504
17274000 -6.85356903579904
17275000 -6.85549456969823
17276000 -6.86376383333622
17277000 -6.89411797914098
17278000 -6.85830663798816
17279000 -6.84897655287079
17280000 -6.87845768643724
17281000 -6.88265116148369
17282000 -6.84396801249108
17283000 -6.84958680663614
17284000 -6.8711820601249
17285000 -6.88177914601976
17286000 -6.8664055376177
17287000 -6.87778367969711
17288000 -6.87228722183131
17289000 -6.88199355580574
17290000 -6.86043281164064
17291000 -6.868906066474
17292000 -6.87351005202784
17293000 -6.88349873518371
17294000 -6.88559227065425
17295000 -6.87140716674862
17296000 -6.87309666717286
17297000 -6.85768850231434
17298000 -6.87415193946851
17299000 -6.88257964982159
17300000 -6.87017829198048
17301000 -6.87990432495638
17302000 -6.89091578519221
17303000 -6.86092694325909
17304000 -6.85282676646784
17305000 -6.89742044960824
17306000 -6.86895999012925
17307000 -6.85703188357288
17308000 -6.88470087757725
17309000 -6.87813766486239
17310000 -6.88671537149722
17311000 -6.86792147357125
17312000 -6.86907995683992
17313000 -6.88412082501091
17314000 -6.87578114118035
17315000 -6.88730228970467
17316000 -6.86864276141287
17317000 -6.90091245180389
17318000 -6.88662196958206
17319000 -6.88918728898847
17320000 -6.88680888433624
17321000 -6.8716594442956
17322000 -6.86826934179404
17323000 -6.90379570596203
17324000 -6.88231322776625
17325000 -6.87665743437497
17326000 -6.89376598619162
17327000 -6.8699905293976
17328000 -6.8738820731986
17329000 -6.89548078063239
17330000 -6.89878893604527
17331000 -6.89988621553536
17332000 -6.86589867626396
17333000 -6.87940106658854
17334000 -6.89914997439078
17335000 -6.88597887419869
17336000 -6.8813585248247
17337000 -6.89618156822798
17338000 -6.8989883103563
17339000 -6.86885188876838
17340000 -6.8696043561703
17341000 -6.90881083930479
17342000 -6.90998058277453
17343000 -6.88125219724412
17344000 -6.8957416760536
17345000 -6.88935626787605
17346000 -6.87790734066307
17347000 -6.88356383299203
17348000 -6.9097722689578
17349000 -6.89757383684948
17350000 -6.87041833784529
17351000 -6.89576159564787
17352000 -6.89960538086305
17353000 -6.88585079880423
17354000 -6.88711839299305
17355000 -6.90753683096522
17356000 -6.90456856753661
17357000 -6.88931588580214
17358000 -6.906483007157
17359000 -6.89208294135436
17360000 -6.89834981616205
17361000 -6.9203226906845
17362000 -6.88289809317858
17363000 -6.89554132920453
17364000 -6.88361921784279
17365000 -6.90076453057488
17366000 -6.92273696241316
17367000 -6.8890452555238
17368000 -6.88716927697108
17369000 -6.90797330203407
17370000 -6.89083700246701
17371000 -6.92308636380425
17372000 -6.90237611150855
17373000 -6.88754775583929
17374000 -6.92797033325894
17375000 -6.89027925965805
17376000 -6.87566727015982
17377000 -6.92761278581427
17378000 -6.90259246403307
17379000 -6.89939493263835
17380000 -6.89432088914363
17381000 -6.91393819258547
17382000 -6.91492428375031
17383000 -6.89497154644883
17384000 -6.89423006896402
17385000 -6.90782977571327
17386000 -6.89646299865816
17387000 -6.91183218100399
17388000 -6.9177156130684
17389000 -6.89178992303109
17390000 -6.92793042930979
17391000 -6.92103881868381
17392000 -6.90394547112865
17393000 -6.93238014337445
17394000 -6.90867707886082
17395000 -6.90302655436463
17396000 -6.90789977030039
17397000 -6.90078044614214
17398000 -6.91839283389737
17399000 -6.90352094404199
17400000 -6.88885444165217
17401000 -6.92559292904741
17402000 -6.90065848924602
17403000 -6.90877536804817
17404000 -6.91247823907747
17405000 -6.89878719465632
17406000 -6.92746856780753
17407000 -6.92579585179185
17408000 -6.90826714251314
17409000 -6.93892945901484
17410000 -6.92110794897351
17411000 -6.88931520050081
17412000 -6.92416628548974
17413000 -6.92535015647297
17414000 -6.91533355782175
17415000 -6.91124121479299
17416000 -6.91613894442414
17417000 -6.9268162983907
17418000 -6.92891931405108
17419000 -6.90871438469088
17420000 -6.9184876714297
17421000 -6.9004554899753
17422000 -6.91661130492174
17423000 -6.93161701621331
17424000 -6.909342371368
17425000 -6.93073696145748
17426000 -6.93968495261935
17427000 -6.88995473007149
17428000 -6.94035062256119
17429000 -6.94479389229783
17430000 -6.92413588121237
17431000 -6.93329700612178
17432000 -6.91336392329605
17433000 -6.9126664869533
17434000 -6.93749258666757
17435000 -6.90096023470294
17436000 -6.94341218449053
17437000 -6.92305658994808
17438000 -6.91679801753237
17439000 -6.936284162863
17440000 -6.92475119162398
17441000 -6.928269699759
17442000 -6.94060509053788
17443000 -6.90026479414073
17444000 -6.94542334006758
17445000 -6.96330575557189
17446000 -6.92497286574756
17447000 -6.91463791111365
17448000 -6.93425850579508
17449000 -6.93227979457426
17450000 -6.93695694633995
17451000 -6.91174330155694
17452000 -6.91475544777673
17453000 -6.93655172361435
17454000 -6.91891350019074
17455000 -6.92570638913501
17456000 -6.95148441954916
17457000 -6.92560194357119
17458000 -6.93225085046936
17459000 -6.92972234966395
17460000 -6.95162681376745
17461000 -6.93405849236385
17462000 -6.93169326301137
17463000 -6.9519043975398
17464000 -6.94253429352776
17465000 -6.9322446579544
17466000 -6.93385999302241
17467000 -6.93486727009068
17468000 -6.94024077600593
17469000 -6.94624812682439
17470000 -6.92761231860559
17471000 -6.94962725203714
17472000 -6.95093419590464
17473000 -6.93306447892767
17474000 -6.96904642782188
17475000 -6.96243476985798
17476000 -6.92911155331679
17477000 -6.93580512286856
17478000 -6.96228129797132
17479000 -6.95805280204607
17480000 -6.95482325341278
17481000 -6.92294565373518
17482000 -6.94767043745047
17483000 -6.9528723785588
17484000 -6.93783244702112
17485000 -6.96129720927934
17486000 -6.94458617523798
17487000 -6.92574802669035
17488000 -6.94304966392445
17489000 -6.93533191458164
17490000 -6.94926593427176
17491000 -6.95151669779864
17492000 -6.94067432127836
17493000 -6.95131058333892
17494000 -6.92853732723263
17495000 -6.93289694454323
17496000 -6.97155190517387
17497000 -6.94624507421544
17498000 -6.95108731099758
17499000 -6.95563730646012
17500000 -6.92806929784145
17501000 -6.96026954088785
17502000 -6.9411293411976
17503000 -6.93007200429295
17504000 -6.95889707986134
17505000 -6.95393884154846
17506000 -6.95816713212847
17507000 -6.9470836012912
17508000 -6.95170785590018
17509000 -6.94995760806498
17510000 -6.96895005523844
17511000 -6.94768900362794
17512000 -6.95352217920419
17513000 -6.94997975980041
17514000 -6.96696373235172
17515000 -6.97845494097859
17516000 -6.9419340032783
17517000 -6.96258268316113
17518000 -6.97640616042042
17519000 -6.93266882789883
17520000 -6.95418694996351
17521000 -6.96132432223921
17522000 -6.95331291214507
17523000 -6.96622175488275
17524000 -6.9496242831804
17525000 -6.94878477194233
17526000 -6.96214253771959
17527000 -6.95767726797862
17528000 -6.96709814586491
17529000 -6.97146569581121
17530000 -6.93769467272879
17531000 -6.95815554778943
17532000 -6.97593580641426
17533000 -6.95574854509161
17534000 -6.97621486892382
17535000 -6.94530846668921
17536000 -6.96326854618434
17537000 -6.99500752724129
17538000 -6.96166140672506
17539000 -6.96577238321549
17540000 -6.96374324494169
17541000 -6.96698379126887
17542000 -6.98562486805015
17543000 -6.97872480592028
17544000 -6.9488111168263
17545000 -6.96937193801666
17546000 -6.97274545910728
17547000 -6.97563268990593
17548000 -6.97763191677636
17549000 -6.95409172030073
17550000 -6.96033905500233
17551000 -6.97184283569295
17552000 -6.97322197713258
17553000 -6.98212224576205
17554000 -6.968431656079
17555000 -6.97551998662458
17556000 -6.95743949209072
17557000 -6.94699172784146
17558000 -6.97574687387629
17559000 -6.98051665478371
17560000 -6.97436097598546
17561000 -6.96208174844561
17562000 -6.95393276912566
17563000 -6.95452502678568
17564000 -6.99204878317617
17565000 -6.97319015954682
17566000 -6.9672111266269
17567000 -6.98059056710268
17568000 -6.99111285613576
17569000 -6.96618357213014
17570000 -6.98836846295944
17571000 -7.00062121045741
17572000 -6.97025022021256
17573000 -6.9641299270668
17574000 -6.95889601292147
17575000 -7.00700393567514
17576000 -6.97634384005954
17577000 -6.967205123672
17578000 -6.97932898219039
17579000 -6.98992298503689
17580000 -6.99232673123452
17581000 -6.96560961557819
17582000 -6.97778138274035
17583000 -6.99855995753945
17584000 -6.97447736409687
17585000 -7.00473047848712
17586000 -6.99197868293599
17587000 -6.97454505871393
17588000 -6.9968978531777
17589000 -6.97600093768313
17590000 -6.99697245482153
17591000 -6.99810550510893
17592000 -6.99269090350673
17593000 -6.98095331790634
17594000 -6.98358393912414
17595000 -6.98330038350842
17596000 -6.97107224418524
17597000 -6.97459894844196
17598000 -6.98867745851478
17599000 -6.98170282598938
17600000 -6.99093586381332
17601000 -7.00245979747585
17602000 -6.98081203322465
17603000 -6.98665494972882
17604000 -7.00122181270414
17605000 -7.0034292738721
17606000 -6.99949171229449
17607000 -6.99228814160832
17608000 -6.97755691910783
17609000 -6.98584736399184
17610000 -7.00131125694144
17611000 -6.99955161641496
17612000 -6.98404179164711
17613000 -7.00862565381534
17614000 -6.99425505230842
17615000 -6.97162797607184
17616000 -6.99248930343632
17617000 -6.97275265402605
17618000 -7.00265522246088
17619000 -7.00613794344942
17620000 -6.98493202029992
17621000 -6.99571320258604
17622000 -7.00865080394449
17623000 -6.98899895972565
17624000 -6.9999310751741
17625000 -6.99382526336411
17626000 -7.00615610807254
17627000 -6.99206535590409
17628000 -6.9816384219723
17629000 -7.0139271620972
17630000 -7.02532141456319
17631000 -7.00105995050675
17632000 -6.9908846485788
17633000 -6.9754770988026
17634000 -7.00973095172965
17635000 -7.01784016800561
17636000 -7.00340529319818
17637000 -6.98498313432348
17638000 -6.99800834541677
17639000 -7.01461010697753
17640000 -7.0001157955114
17641000 -6.99818817390744
17642000 -6.99624338837084
17643000 -7.00144842788704
17644000 -7.01220686915471
17645000 -6.99907225505102
17646000 -7.00395425836945
17647000 -6.98808435482401
17648000 -7.02810654114255
17649000 -7.02173029259684
17650000 -7.00047528111616
17651000 -6.99229690361221
17652000 -7.01404577934038
17653000 -7.00020481183844
17654000 -7.02223598785132
17655000 -6.99220204261748
17656000 -7.00408449808571
17657000 -7.01891270721916
17658000 -6.99320464502457
17659000 -7.01763924809431
17660000 -7.00806724609206
17661000 -6.99276072914084
17662000 -7.0203667353044
17663000 -7.01544333742893
17664000 -7.02898731839143
17665000 -7.0029112836701
17666000 -7.00460493305547
17667000 -7.02267626500631
17668000 -7.01190435988068
17669000 -6.9954990477487
17670000 -7.02392601794857
17671000 -7.01493527748839
17672000 -7.02173298608506
17673000 -7.01722673934122
17674000 -7.02167995922387
17675000 -7.04217437910478
17676000 -7.0043607546784
17677000 -7.00794701417666
17678000 -7.0364876166643
17679000 -7.01111483331707
17680000 -7.00397573105105
17681000 -7.03387629090507
17682000 -7.0286654334543
17683000 -7.0048894934603
17684000 -7.01543632467188
17685000 -7.02368018644452
17686000 -7.03867502981741
17687000 -7.01504009693776
17688000 -7.02571565197063
17689000 -7.02405797501548
17690000 -7.00009219858425
17691000 -7.04329489407083
17692000 -7.03097311421707
17693000 -7.02027036593903
17694000 -7.02134011209244
17695000 -7.01755105718145
17696000 -7.03752585794579
17697000 -7.02342171266148
17698000 -7.03894552784883
17699000 -7.03509314852533
17700000 -7.02555033407427
17701000 -7.01736442134034
17702000 -7.03037909929998
17703000 -7.05242880649917
17704000 -7.03641796009706
17705000 -7.00760240646678
17706000 -7.01259977255661
17707000 -7.03204587061318
17708000 -7.04084209583694
17709000 -7.04052980742437
17710000 -7.02320005464432
17711000 -7.03090258126246
17712000 -7.04772144242914
17713000 -7.03290983528854
17714000 -7.01133494039011
17715000 -7.04779788452275
17716000 -7.02111328661365
17717000 -7.02554768283146
17718000 -7.04495576929639
17719000 -7.05053741487356
17720000 -7.04236261949587
17721000 -7.03159967631541
17722000 -7.02993020951471
17723000 -7.07281062607627
17724000 -7.03785099034985
17725000 -7.02391059505826
17726000 -7.04324946342148
17727000 -7.02921263300676
17728000 -7.04624064560956
17729000 -7.04127932028748
17730000 -7.03625917587276
17731000 -7.04541149876727
17732000 -7.03799478092022
17733000 -7.05089237629567
17734000 -7.0478208281089
17735000 -7.01968546683114
17736000 -7.03874039933717
17737000 -7.0466159860704
17738000 -7.03258779203887
17739000 -7.03520388019203
17740000 -7.04099405328789
17741000 -7.04012194560397
17742000 -7.04959767450427
17743000 -7.02063686413355
17744000 -7.05672975482353
17745000 -7.03796577594706
17746000 -7.04104096486168
17747000 -7.04368686430599
17748000 -7.03459838590411
17749000 -7.0452331022712
17750000 -7.04434968967644
17751000 -7.03875232276966
17752000 -7.05232228678522
17753000 -7.04932620038849
17754000 -7.03850644442397
17755000 -7.05985545460856
17756000 -7.04822023814731
17757000 -7.02187417576873
17758000 -7.06658243377534
17759000 -7.04038310591463
17760000 -7.06309216027799
17761000 -7.06531927106477
17762000 -7.03709292120787
17763000 -7.06723519482426
17764000 -7.04076894620264
17765000 -7.05734350726447
17766000 -7.05815142221284
17767000 -7.03216753245559
17768000 -7.07626515664496
17769000 -7.07488851116739
17770000 -7.03670285591699
17771000 -7.06205115900349
17772000 -7.04846587631194
17773000 -7.05324576611015
17774000 -7.0624170377115
17775000 -7.05220397946198
17776000 -7.07844916790163
17777000 -7.05944961898981
17778000 -7.03160375969689
17779000 -7.07607932697561
17780000 -7.06853020403232
17781000 -7.05526149849773
17782000 -7.0610610574859
17783000 -7.06283550305711
17784000 -7.06365260092216
17785000 -7.04145062234952
17786000 -7.07023691446579
17787000 -7.06468634408956
17788000 -7.06178828034776
17789000 -7.07398044354152
17790000 -7.07202291958282
17791000 -7.047816352447
17792000 -7.08582009279751
17793000 -7.0573547622538
17794000 -7.05827382799542
17795000 -7.0975548574939
17796000 -7.07004260912643
17797000 -7.04448233835399
17798000 -7.07627141755993
17799000 -7.06319159270694
17800000 -7.07952042477423
17801000 -7.07325547694439
17802000 -7.04060593376889
17803000 -7.08182812679532
17804000 -7.06420082448486
17805000 -7.06831008670777
17806000 -7.06766325399009
17807000 -7.05914339873092
17808000 -7.062642367379
17809000 -7.09418840506356
17810000 -7.04862840507596
17811000 -7.08242529600272
17812000 -7.08021437459208
17813000 -7.04979667909861
17814000 -7.08556902520122
17815000 -7.06527374856147
17816000 -7.0594804350702
17817000 -7.09498566628707
17818000 -7.07556256207159
17819000 -7.07500643629025
17820000 -7.06298905458101
17821000 -7.0495029406705
17822000 -7.09819992295798
17823000 -7.10185538525571
17824000 -7.06406733197667
17825000 -7.06623042211473
17826000 -7.07203378318839
17827000 -7.08048974385113
17828000 -7.08467388598569
17829000 -7.04759646779449
17830000 -7.07921896529322
17831000 -7.07799904376302
17832000 -7.07358538303343
17833000 -7.08086699481321
17834000 -7.05928552417004
17835000 -7.10131169355366
17836000 -7.09499062175974
17837000 -7.06201741747974
17838000 -7.09432193881767
17839000 -7.0867616109009
17840000 -7.05853691928693
17841000 -7.07581657180202
17842000 -7.06804930843195
17843000 -7.10229797914495
17844000 -7.09260713026324
17845000 -7.05296681083075
17846000 -7.0794570583929
17847000 -7.0964018368907
17848000 -7.08108695905901
17849000 -7.09996281126008
17850000 -7.06428746573472
17851000 -7.08006053547949
17852000 -7.08566432562371
17853000 -7.05965291583286
17854000 -7.08822309669614
17855000 -7.09284416538219
17856000 -7.09254398621176
17857000 -7.09505432886601
17858000 -7.06659489374799
17859000 -7.08929047611003
17860000 -7.10977114574235
17861000 -7.06954883582225
17862000 -7.10487317381655
17863000 -7.07894935364484
17864000 -7.06688101738312
17865000 -7.12672233698548
17866000 -7.08406085583
17867000 -7.07082724767129
17868000 -7.10025227449778
17869000 -7.07651245694275
17870000 -7.10322377038639
17871000 -7.07570169562617
17872000 -7.08368446274141
17873000 -7.10688470005878
17874000 -7.09933609249528
17875000 -7.10669656112831
17876000 -7.10361195731183
17877000 -7.07352138686379
17878000 -7.10581171803929
17879000 -7.12082249102878
17880000 -7.08697736564701
17881000 -7.09226879581227
17882000 -7.09279262947967
17883000 -7.10499149283133
17884000 -7.08410375475802
17885000 -7.0922823999748
17886000 -7.0966309047759
17887000 -7.1082761411678
17888000 -7.07667988300061
17889000 -7.09419270024482
17890000 -7.09931430898244
17891000 -7.08372940842023
17892000 -7.12424918739823
17893000 -7.09671907399726
17894000 -7.07564233699759
17895000 -7.10836537221245
17896000 -7.11130027165158
17897000 -7.10648716069676
17898000 -7.10562770298246
17899000 -7.09720065695801
17900000 -7.13441663792255
17901000 -7.11802430548842
17902000 -7.07426084871134
17903000 -7.12332017969175
17904000 -7.11107505449324
17905000 -7.08814980712598
17906000 -7.13566097586149
17907000 -7.09953873388729
17908000 -7.07790478309745
17909000 -7.11596910491554
17910000 -7.0999032907355
17911000 -7.1098674852543
17912000 -7.10347459235708
17913000 -7.07406625322502
17914000 -7.13694822697489
17915000 -7.11089949404299
17916000 -7.10611159477987
17917000 -7.11818672672979
17918000 -7.09302973422452
17919000 -7.11395161370799
17920000 -7.10053887336258
17921000 -7.08621409510571
17922000 -7.14061143612378
17923000 -7.10587235808242
17924000 -7.10507816237426
17925000 -7.13399707788275
17926000 -7.09993277780661
17927000 -7.11067406383787
17928000 -7.12314116185381
17929000 -7.10918436299753
17930000 -7.1173606985208
17931000 -7.11631542253009
17932000 -7.07834026161241
17933000 -7.11892475153041
17934000 -7.12808859091807
17935000 -7.10276923779627
17936000 -7.11673036604139
17937000 -7.12008933486189
17938000 -7.13265761154156
17939000 -7.13353441300943
17940000 -7.10160371704779
17941000 -7.13057403476386
17942000 -7.12388362036446
17943000 -7.11200072125803
17944000 -7.14384323820476
17945000 -7.11544133775336
17946000 -7.10708268653232
17947000 -7.10152569133662
17948000 -7.12423110536977
17949000 -7.14795023541695
17950000 -7.10165008356878
17951000 -7.09951928425518
17952000 -7.13670096765748
17953000 -7.14351758384941
17954000 -7.11571394462842
17955000 -7.11782571598767
17956000 -7.11183156923846
17957000 -7.15500199176646
17958000 -7.12857582159896
17959000 -7.07786052849875
17960000 -7.13312617001875
17961000 -7.14451101516553
17962000 -7.10719678905498
17963000 -7.12293804928088
17964000 -7.12646451570747
17965000 -7.12616023647354
17966000 -7.12593508699892
17967000 -7.10675679500528
17968000 -7.12693898555814
17969000 -7.14109257151545
17970000 -7.10332519122245
17971000 -7.13729046697818
17972000 -7.13598182486191
17973000 -7.10792861670919
17974000 -7.13935830507956
17975000 -7.12898920249849
17976000 -7.12268561634508
17977000 -7.14445358900611
17978000 -7.13356038169999
17979000 -7.13808946087642
17980000 -7.16499263228618
17981000 -7.11080790310502
17982000 -7.11940184406232
17983000 -7.14093995342361
17984000 -7.1208187637472
17985000 -7.12838168902507
17986000 -7.12968848145705
17987000 -7.106344781548
17988000 -7.15243387415806
17989000 -7.14310424494388
17990000 -7.12440974339602
17991000 -7.1563731236691
17992000 -7.13141454757154
17993000 -7.12159701056992
17994000 -7.16305411998534
17995000 -7.14036656668618
17996000 -7.13971976465963
17997000 -7.14063956910146
17998000 -7.11970863070087
17999000 -7.1652716277797
18000000 -7.12408462047756
18001000 -7.14064813044193
18002000 -7.14588850630553
18003000 -7.13875721274035
18004000 -7.12320784046401
18005000 -7.18907221847469
18006000 -7.14850794869057
18007000 -7.11186672093086
18008000 -7.14882536465989
18009000 -7.13260313949493
18010000 -7.15277902812896
18011000 -7.14493172160481
18012000 -7.12093739742114
18013000 -7.14927067939026
18014000 -7.14935873290986
18015000 -7.13522184162202
18016000 -7.16470483034542
18017000 -7.12689384222043
18018000 -7.10884259746208
18019000 -7.16999173388778
18020000 -7.12751878009435
18021000 -7.13947577837357
18022000 -7.15763621930823
18023000 -7.15076171508966
18024000 -7.14740337828841
18025000 -7.1540237955154
18026000 -7.14085426875775
18027000 -7.147212900066
18028000 -7.16718902492374
18029000 -7.15171063002382
18030000 -7.1662951841588
18031000 -7.14915007896568
18032000 -7.11872482129328
18033000 -7.17268895990284
18034000 -7.15548669043869
18035000 -7.13467357452061
18036000 -7.15389543917904
18037000 -7.13002093235479
18038000 -7.16366437208016
18039000 -7.15195587472927
18040000 -7.14632885336424
18041000 -7.16326808872435
18042000 -7.16688656796896
18043000 -7.1293540644148
18044000 -7.16545013113202
18045000 -7.16837336338592
18046000 -7.13419412043632
18047000 -7.17206115265077
18048000 -7.15414376839803
18049000 -7.14248835228741
18050000 -7.17909264465575
18051000 -7.15336543659453
18052000 -7.15896216366162
18053000 -7.17686773543999
18054000 -7.16208719707475
18055000 -7.16473924293004
18056000 -7.16582162822156
18057000 -7.16237979905784
18058000 -7.16442965479856
18059000 -7.15769273646241
18060000 -7.18197939214986
18061000 -7.16732191375099
18062000 -7.15472383500363
18063000 -7.15876452271765
18064000 -7.1677405059299
18065000 -7.14175983663576
18066000 -7.17078455949177
18067000 -7.18255306114778
18068000 -7.13457694401012
18069000 -7.15352350817417
18070000 -7.1827593824695
18071000 -7.16283210177907
18072000 -7.16888220879689
18073000 -7.151359602584
18074000 -7.17326068507343
18075000 -7.19744575198839
18076000 -7.16186776619717
18077000 -7.16607789317907
18078000 -7.16847586516485
18079000 -7.15237718394862
18080000 -7.17224909306438
18081000 -7.19289335908696
18082000 -7.17711784116022
18083000 -7.15104874953549
18084000 -7.15886187710645
18085000 -7.17162192280427
18086000 -7.17396399363487
18087000 -7.16028453371972
18088000 -7.16241318971747
18089000 -7.17603697812697
18090000 -7.17252157174039
18091000 -7.20466562510245
18092000 -7.17296708964517
18093000 -7.16103934642364
18094000 -7.17251488868497
18095000 -7.17617705956296
18096000 -7.18989973871328
18097000 -7.18277631824254
18098000 -7.16411126463385
18099000 -7.16466492308178
18100000 -7.18078206675949
18101000 -7.18369028333761
18102000 -7.17243113308232
18103000 -7.17049312417689
18104000 -7.17202567435988
18105000 -7.18070973829083
18106000 -7.19735781510848
18107000 -7.16895734030825
18108000 -7.17164993313571
18109000 -7.17879388584018
18110000 -7.1622181865815
18111000 -7.18814968174785
18112000 -7.18074970018572
18113000 -7.17423595192399
18114000 -7.17982098020785
18115000 -7.17874705798953
18116000 -7.18285775879382
18117000 -7.18077340516693
18118000 -7.19024192698292
18119000 -7.19028780147769
18120000 -7.15939627769149
18121000 -7.20062266197225
18122000 -7.21270820690106
18123000 -7.1773958154512
18124000 -7.16673210432609
18125000 -7.17653128870716
18126000 -7.18421249618016
18127000 -7.20514264718903
18128000 -7.19554902933513
18129000 -7.18491908251562
18130000 -7.20460157873319
18131000 -7.17990973955394
18132000 -7.18713778764253
18133000 -7.20668435975394
18134000 -7.16975509988964
18135000 -7.18102673307709
18136000 -7.17997709684866
18137000 -7.19113434152779
18138000 -7.19387949561884
18139000 -7.17449499499372
18140000 -7.17677389026032
18141000 -7.19973328570674
18142000 -7.18744520547198
18143000 -7.18219807954079
18144000 -7.20250259762759
18145000 -7.20241380763649
18146000 -7.19473306598153
18147000 -7.19938569315413
18148000 -7.17636370480501
18149000 -7.18629845749967
18150000 -7.21141020893582
18151000 -7.20125877227185
18152000 -7.20584137415606
18153000 -7.176232812647
18154000 -7.21035958219846
18155000 -7.20167448745252
18156000 -7.19871799082602
18157000 -7.19444850941096
18158000 -7.20323126032802
18159000 -7.19432237181711
18160000 -7.20977452693143
18161000 -7.20743338579284
18162000 -7.2127969368219
18163000 -7.19604658721787
18164000 -7.19342122383954
18165000 -7.1934967538533
18166000 -7.21477207719661
18167000 -7.19521500160445
18168000 -7.19678406359529
18169000 -7.22368850823648
18170000 -7.202493028162
18171000 -7.17909942687475
18172000 -7.20091028345948
18173000 -7.22648950600958
18174000 -7.21726968554848
18175000 -7.18668824910873
18176000 -7.21225634748661
18177000 -7.20509925995806
18178000 -7.18922859265919
18179000 -7.19320603860658
18180000 -7.20077937205578
18181000 -7.20054313337484
18182000 -7.2043428823215
18183000 -7.19000256625315
18184000 -7.1993822074819
18185000 -7.23491767547325
18186000 -7.18222474614091
18187000 -7.21493396364623
18188000 -7.22304458953697
18189000 -7.21705172951242
18190000 -7.20344314823488
18191000 -7.18127555425571
18192000 -7.20699225535736
18193000 -7.22303502235671
18194000 -7.2102932648012
18195000 -7.22146989789942
18196000 -7.22686432923674
18197000 -7.21041039514664
18198000 -7.22229930520702
18199000 -7.21560822893328
18200000 -7.20447576689573
18201000 -7.2005813792467
18202000 -7.20940391425462
18203000 -7.22008830159486
18204000 -7.22233257477101
18205000 -7.19115762034476
18206000 -7.19520793501906
18207000 -7.23193723915808
18208000 -7.20971404422199
18209000 -7.20625277713862
18210000 -7.21546976271672
18211000 -7.19744240084965
18212000 -7.21482745800743
18213000 -7.24073247980069
18214000 -7.2292424214345
18215000 -7.22757060422501
18216000 -7.19095054693256
18217000 -7.23056999187786
18218000 -7.22600689469501
18219000 -7.23856093234448
18220000 -7.21115379715698
18221000 -7.23762486665753
18222000 -7.24112280821076
18223000 -7.21875433279231
18224000 -7.21913346409357
18225000 -7.21259917417751
18226000 -7.21739308596713
18227000 -7.24623729995294
18228000 -7.21691921325916
18229000 -7.21143499640751
18230000 -7.23699307889297
18231000 -7.22569350561586
18232000 -7.20951118811324
18233000 -7.23737136667384
18234000 -7.23413740820572
18235000 -7.21804235793836
18236000 -7.22988349325029
18237000 -7.23500030089546
18238000 -7.23129628644075
18239000 -7.24614790904762
18240000 -7.22468980967797
18241000 -7.22183991450648
18242000 -7.24257024974918
18243000 -7.21482485393889
18244000 -7.2320965344048
18245000 -7.25079940692435
18246000 -7.24318784028839
18247000 -7.22127469808324
18248000 -7.23454397777211
18249000 -7.23765348389918
18250000 -7.23234598667565
18251000 -7.20689317664474
18252000 -7.24453756532879
18253000 -7.24467878589566
18254000 -7.2264951562915
18255000 -7.24486174286562
18256000 -7.23944616904401
18257000 -7.23066415932744
18258000 -7.24312505851307
18259000 -7.24168643040463
18260000 -7.20895736169224
18261000 -7.23433237261406
18262000 -7.25376757026849
18263000 -7.24185015491487
18264000 -7.23914560628704
18265000 -7.21769220756719
18266000 -7.24862447458024
18267000 -7.25351265047659
18268000 -7.24380366570599
18269000 -7.25520090359863
18270000 -7.20606442704308
18271000 -7.24252048561672
18272000 -7.27923546748737
18273000 -7.24003309630754
18274000 -7.22612446889075
18275000 -7.24893189769634
18276000 -7.24384153871861
18277000 -7.2532016099324
18278000 -7.25074154813573
18279000 -7.24244024607715
18280000 -7.25327909796125
18281000 -7.24101549097798
18282000 -7.25154542530874
18283000 -7.26772896620332
18284000 -7.25576967113237
18285000 -7.24057144385048
18286000 -7.25616567064173
18287000 -7.22736268035726
18288000 -7.25389897329041
18289000 -7.26456432468808
18290000 -7.23267692252504
18291000 -7.24417900710157
18292000 -7.25880377583814
18293000 -7.23357009154876
18294000 -7.23973088653773
18295000 -7.24438411886271
18296000 -7.22847279289727
18297000 -7.26685569888492
18298000 -7.26318607355792
18299000 -7.24716212867617
18300000 -7.24038500817673
18301000 -7.24212239471516
18302000 -7.24949979408174
18303000 -7.28396278108816
18304000 -7.24398540879716
18305000 -7.24440140046081
18306000 -7.24033924638716
18307000 -7.24199706674403
18308000 -7.27400844186515
18309000 -7.28857195615163
18310000 -7.24601113350908
18311000 -7.23780061027977
18312000 -7.24822485373435
18313000 -7.25624248713386
18314000 -7.27451904379737
18315000 -7.25140799366878
18316000 -7.25793142035166
18317000 -7.25179963642769
18318000 -7.25710591773087
18319000 -7.25861412989764
18320000 -7.26800464160421
18321000 -7.26208328930502
18322000 -7.22753811886149
18323000 -7.25819401986748
18324000 -7.26227219497757
18325000 -7.26489932111853
18326000 -7.24471398803733
18327000 -7.24569403863989
18328000 -7.26349339616131
18329000 -7.27157465280261
18330000 -7.25196053715562
18331000 -7.26082616716465
18332000 -7.28007567255775
18333000 -7.25196639328863
18334000 -7.26078308518413
18335000 -7.25035746382829
18336000 -7.24641319565611
18337000 -7.28005853563132
18338000 -7.26642356848799
18339000 -7.24851320181335
18340000 -7.27358166706267
18341000 -7.26371538159326
18342000 -7.26623301560412
18343000 -7.28990679838753
18344000 -7.26907631793804
18345000 -7.25760088516658
18346000 -7.27862167179811
18347000 -7.25624135900864
18348000 -7.2830171141233
18349000 -7.28506190735642
18350000 -7.25533800901679
18351000 -7.25830681569092
18352000 -7.27348275977677
18353000 -7.26742453528331
18354000 -7.28413370290779
18355000 -7.26535633414517
18356000 -7.24265061555674
18357000 -7.28816622179529
18358000 -7.27602210327976
18359000 -7.28447761698574
18360000 -7.28590230677324
18361000 -7.26154119637672
18362000 -7.28734875859097
18363000 -7.27950925772741
18364000 -7.2594086185071
18365000 -7.27086021510537
18366000 -7.25906996948245
18367000 -7.26202577166427
18368000 -7.29363318357749
18369000 -7.2639380880702
18370000 -7.27753012840475
18371000 -7.28634991490506
18372000 -7.2593539737389
18373000 -7.2886537223482
18374000 -7.30056145911863
18375000 -7.26514850236035
18376000 -7.27972712024955
18377000 -7.27595894142906
18378000 -7.27318929370574
18379000 -7.28384950916164
18380000 -7.27618771470952
18381000 -7.24998248593348
18382000 -7.29821955043217
18383000 -7.28697042223374
18384000 -7.26852225370995
18385000 -7.29634704356488
18386000 -7.27831763434519
18387000 -7.29507614176538
18388000 -7.30400506291679
18389000 -7.24973458780474
18390000 -7.29945764557944
18391000 -7.2842526251688
18392000 -7.27345476716958
18393000 -7.30558136581043
18394000 -7.29330754115268
18395000 -7.28513993181715
18396000 -7.31617298916509
18397000 -7.26618996123436
18398000 -7.30943056088545
18399000 -7.30107000295248
18400000 -7.28430430956883
18401000 -7.28762450462121
18402000 -7.29486573337094
18403000 -7.27693405905167
18404000 -7.31124342097549
18405000 -7.28139373916212
18406000 -7.2640802431913
18407000 -7.31488760873964
18408000 -7.28986782597537
18409000 -7.29850546864571
18410000 -7.32061118791793
18411000 -7.25444056503801
18412000 -7.28672574969054
18413000 -7.31203779360014
18414000 -7.30109728463451
18415000 -7.29877314137241
18416000 -7.2892720141225
18417000 -7.27090165005772
18418000 -7.33048057881033
18419000 -7.28998631320242
18420000 -7.28770236559655
18421000 -7.31258848701936
18422000 -7.28342142165469
18423000 -7.31560030191605
18424000 -7.31748820676104
18425000 -7.28384055901729
18426000 -7.27534130295239
18427000 -7.30278597218367
18428000 -7.30981918753556
18429000 -7.33138215726829
18430000 -7.28859896037174
18431000 -7.2918579301714
18432000 -7.29911191711811
18433000 -7.30307324193104
18434000 -7.31889459897522
18435000 -7.31128758262515
18436000 -7.27108871262624
18437000 -7.31033353854884
18438000 -7.3054456245163
18439000 -7.32660726500659
18440000 -7.33710654014753
18441000 -7.30477550238857
18442000 -7.29742331430339
18443000 -7.29662227774961
18444000 -7.28784317637385
18445000 -7.3185443179347
18446000 -7.30047568888671
18447000 -7.29668080975115
18448000 -7.29618426627245
18449000 -7.31099300971274
18450000 -7.31111919630693
18451000 -7.33419809915586
18452000 -7.28164114892733
18453000 -7.28374302054858
18454000 -7.33971137312528
18455000 -7.31951168382869
18456000 -7.29790520974248
18457000 -7.30989562453072
18458000 -7.30585879809668
18459000 -7.3446714500626
18460000 -7.30928938335026
18461000 -7.2958292692378
18462000 -7.31438325821963
18463000 -7.28595398958135
18464000 -7.31310164359047
18465000 -7.33001344404315
18466000 -7.31295185999092
18467000 -7.32099447045197
18468000 -7.31636207533005
18469000 -7.31690849139158
18470000 -7.34030520477109
18471000 -7.32184574607088
18472000 -7.31186696024981
18473000 -7.33998144944611
18474000 -7.33716596005778
18475000 -7.30214882895533
18476000 -7.29919281386082
18477000 -7.3076983999187
18478000 -7.3139945896432
18479000 -7.32025960810923
18480000 -7.33533136105184
18481000 -7.33365380393746
18482000 -7.32104089981449
18483000 -7.30239590957658
18484000 -7.32931470052335
18485000 -7.34118908460162
18486000 -7.31249680772807
18487000 -7.32600759475645
18488000 -7.32343833444659
18489000 -7.31044482149561
18490000 -7.35842864463112
18491000 -7.32017382460324
18492000 -7.34451330427481
18493000 -7.31868916125892
18494000 -7.30874358643257
18495000 -7.32641331462678
18496000 -7.33012584030083
18497000 -7.29937107313494
18498000 -7.34042282657942
18499000 -7.33470312406791
18500000 -7.33145917696876
18501000 -7.3337432821341
18502000 -7.33991298100957
18503000 -7.3093326181914
18504000 -7.32670841251472
18505000 -7.343466057164
18506000 -7.33579061044144
18507000 -7.33178588728197
18508000 -7.31357321551093
18509000 -7.32320254632931
18510000 -7.35059073709337
18511000 -7.31238674735865
18512000 -7.32127162796362
18513000 -7.32228123378748
18514000 -7.32060374306923
18515000 -7.34688108621504
18516000 -7.33481214124056
18517000 -7.32197753777304
18518000 -7.3461125133256
18519000 -7.36079816454711
18520000 -7.31920165240077
18521000 -7.35081896356071
18522000 -7.3503353774537
18523000 -7.33065059305875
18524000 -7.3436008073054
18525000 -7.32564070463527
18526000 -7.34888972703678
18527000 -7.35159670305134
18528000 -7.31205661660571
18529000 -7.32764298978747
18530000 -7.35568226384771
18531000 -7.34068259683007
18532000 -7.34302497378001
18533000 -7.3568959774939
18534000 -7.33235605847113
18535000 -7.35374881772083
18536000 -7.32265643012588
18537000 -7.34515452627212
18538000 -7.35872840278307
18539000 -7.333540476008
18540000 -7.31961033509097
18541000 -7.377605796665
18542000 -7.31098379383652
18543000 -7.35869243698621
18544000 -7.37432766290531
18545000 -7.31130582717556
18546000 -7.36863581827987
18547000 -7.35470025547168
18548000 -7.33406152091332
18549000 -7.37079631178216
18550000 -7.34362037932437
18551000 -7.32569537993906
18552000 -7.36692509292465
18553000 -7.33196632288707
18554000 -7.33480044983744
18555000 -7.38282220862357
18556000 -7.32068334301543
18557000 -7.32284328717246
18558000 -7.35532816208539
18559000 -7.33945334043101
18560000 -7.35769267691857
18561000 -7.35198116920291
18562000 -7.32864207833393
18563000 -7.35707480692961
18564000 -7.37655329315936
18565000 -7.31932316193238
18566000 -7.36038611805369
18567000 -7.3538184805854
18568000 -7.33638446637703
18569000 -7.39434940574459
18570000 -7.36051812512063
18571000 -7.33253493843165
18572000 -7.35901217943674
18573000 -7.34259810981531
18574000 -7.34936744141957
18575000 -7.37658516158702
18576000 -7.34166806554685
18577000 -7.3606357018533
18578000 -7.35525066010829
18579000 -7.33931230479289
18580000 -7.35799637119714
18581000 -7.38989116947906
18582000 -7.34824316624848
18583000 -7.36806634223795
18584000 -7.36210785927933
18585000 -7.35651576689878
18586000 -7.38919448996218
18587000 -7.35308564386757
18588000 -7.32900610747197
18589000 -7.38885728044041
18590000 -7.35433601428076
18591000 -7.34709042148928
18592000 -7.36313600086078
18593000 -7.34978244890055
18594000 -7.36634896249166
18595000 -7.39814413500289
18596000 -7.35908192564618
18597000 -7.37043199974713
18598000 -7.36049176736126
18599000 -7.34494334205704
18600000 -7.36973567054957
18601000 -7.34836113617947
18602000 -7.32677782713761
18603000 -7.37540793923317
18604000 -7.35539328102886
18605000 -7.35203542677121
18606000 -7.369794565934
18607000 -7.37879849440557
18608000 -7.35801835618227
18609000 -7.37375977148896
18610000 -7.35434587963696
18611000 -7.37912285002967
18612000 -7.38583488469285
18613000 -7.33422344268359
18614000 -7.34153906119283
18615000 -7.3901397176346
18616000 -7.36518809084106
18617000 -7.36049589857661
18618000 -7.36254526532791
18619000 -7.35806301758948
18620000 -7.40178024929276
18621000 -7.38918382317177
18622000 -7.34016003164525
18623000 -7.38930294354903
18624000 -7.39153838807445
18625000 -7.3555003889069
18626000 -7.36476444671306
18627000 -7.35915124485807
18628000 -7.36767614013451
18629000 -7.38122390234035
18630000 -7.35696905744452
18631000 -7.3782820790111
18632000 -7.3808004165836
18633000 -7.3388265554449
18634000 -7.40322477505224
18635000 -7.3979113075319
18636000 -7.3476783880907
18637000 -7.41303725963865
18638000 -7.37031181613796
18639000 -7.3714787154216
18640000 -7.38023190042695
18641000 -7.37072920194664
18642000 -7.36506661998629
18643000 -7.42055481714401
18644000 -7.37018319073884
18645000 -7.38066792741878
18646000 -7.3973658952649
18647000 -7.36709722991288
18648000 -7.39597857981312
18649000 -7.41873999262138
18650000 -7.34404169707797
18651000 -7.40946113569146
18652000 -7.39793881982677
18653000 -7.37700602033309
18654000 -7.40103008055692
18655000 -7.38652556414491
18656000 -7.38549615880306
18657000 -7.42366714238784
18658000 -7.37661343034054
18659000 -7.3868602903013
18660000 -7.39280532396926
18661000 -7.37627185785253
18662000 -7.37217604593876
18663000 -7.39108192472654
18664000 -7.38342361213404
18665000 -7.40495869294866
18666000 -7.39255483120031
18667000 -7.37065153042353
18668000 -7.40718255645837
18669000 -7.39144438549965
18670000 -7.35828708298557
18671000 -7.4129596080842
18672000 -7.38327729647492
18673000 -7.38600873823123
18674000 -7.41128433306969
18675000 -7.3899208194595
18676000 -7.39578668028536
18677000 -7.4093464313566
18678000 -7.37355842552589
18679000 -7.37194490836217
18680000 -7.39325557254544
18681000 -7.4099874022208
18682000 -7.37320106091399
18683000 -7.39913135743813
18684000 -7.40353222560031
18685000 -7.40893973238219
18686000 -7.40203261860711
18687000 -7.39153344865685
18688000 -7.4021352544883
18689000 -7.397548152107
18690000 -7.38573394667736
18691000 -7.39013646803749
18692000 -7.4064981160003
18693000 -7.3791255837524
18694000 -7.40151685600873
18695000 -7.41344292736941
18696000 -7.38381505771565
18697000 -7.40946432071771
18698000 -7.3926589426827
18699000 -7.39248107645275
18700000 -7.42435018408084
18701000 -7.38257534640649
18702000 -7.38631927648961
18703000 -7.43120249677819
18704000 -7.4078933561143
18705000 -7.38426066172698
18706000 -7.3953481089974
18707000 -7.39697521618183
18708000 -7.40851342411461
18709000 -7.4048339479572
18710000 -7.41020865922568
18711000 -7.42199963479357
18712000 -7.41979883372754
18713000 -7.35613966566111
18714000 -7.41408958834168
18715000 -7.42427227056338
18716000 -7.38265807008638
18717000 -7.41839688257257
18718000 -7.43774018583435
18719000 -7.38826400608785
18720000 -7.40983554850102
18721000 -7.39790595663185
18722000 -7.43214373258303
18723000 -7.42349123149014
18724000 -7.40832466670006
18725000 -7.39034509250731
18726000 -7.41734994236214
18727000 -7.39637464417056
18728000 -7.40615831722975
18729000 -7.4296442372014
18730000 -7.41401099339918
18731000 -7.41683771941429
18732000 -7.43049872669062
18733000 -7.41016033851566
18734000 -7.4069125512688
18735000 -7.41152488519366
18736000 -7.42412520210426
18737000 -7.4228277527578
18738000 -7.43236101821388
18739000 -7.42079123749235
18740000 -7.4077612857909
18741000 -7.41813840017056
18742000 -7.41505025425569
18743000 -7.4266434618197
18744000 -7.41901206924284
18745000 -7.40455659575097
18746000 -7.42532600873842
18747000 -7.42763685380506
18748000 -7.43192695810424
18749000 -7.4317513898125
18750000 -7.43734227732515
18751000 -7.41302559088523
18752000 -7.4053639704172
18753000 -7.44734642126261
18754000 -7.4487119499587
18755000 -7.43689948317637
18756000 -7.41126088704531
18757000 -7.42877259100614
18758000 -7.43524896676077
18759000 -7.41245795003049
18760000 -7.40478617598669
18761000 -7.45320689658475
18762000 -7.42945571690979
18763000 -7.41114656462277
18764000 -7.4472567510449
18765000 -7.42429409390575
18766000 -7.42013178021211
18767000 -7.43923100104158
18768000 -7.40552387681337
18769000 -7.42653669573129
18770000 -7.41632774223499
18771000 -7.42527945873935
18772000 -7.43667079635668
18773000 -7.43236403868216
18774000 -7.44772226202519
18775000 -7.4479450177516
18776000 -7.39535594828217
18777000 -7.42341401526396
18778000 -7.44997596324364
18779000 -7.4252714957967
18780000 -7.42972026154264
18781000 -7.45524952672508
18782000 -7.43533188240181
18783000 -7.43391265969976
18784000 -7.41770124715534
18785000 -7.4194242782777
18786000 -7.4341984029571
18787000 -7.42551049209289
18788000 -7.4155442408251
18789000 -7.44291097766694
18790000 -7.43011917202388
18791000 -7.41853918260589
18792000 -7.43153576505993
18793000 -7.41634868554244
18794000 -7.42983563619627
18795000 -7.46990833522951
18796000 -7.41744588829184
18797000 -7.44149572242982
18798000 -7.44050494262095
18799000 -7.42913287489154
18800000 -7.45318545672264
18801000 -7.42970062300695
18802000 -7.42065018456129
18803000 -7.45128196014846
18804000 -7.45683651953851
18805000 -7.45063681300314
18806000 -7.44143823925116
18807000 -7.44923614510437
18808000 -7.451163759563
18809000 -7.44740746879528
18810000 -7.43088476278279
18811000 -7.42378167783214
18812000 -7.44858290906595
18813000 -7.43900185925843
18814000 -7.440614471185
18815000 -7.47039868361521
18816000 -7.43282167875375
18817000 -7.45321141096272
18818000 -7.4707364821212
18819000 -7.43260596871399
18820000 -7.41760690347793
18821000 -7.45201916488168
18822000 -7.44673359475488
18823000 -7.44907629498203
18824000 -7.43432088041218
18825000 -7.43035145409515
18826000 -7.45264446333215
18827000 -7.44633626386561
18828000 -7.4562831375372
18829000 -7.46919724628002
18830000 -7.45062650705069
18831000 -7.43952437568317
18832000 -7.47065499490422
18833000 -7.44447535405378
18834000 -7.44456251572174
18835000 -7.46001397875921
18836000 -7.4531032958322
18837000 -7.49110274368508
18838000 -7.47924143825082
18839000 -7.44511342778845
18840000 -7.44576788049488
18841000 -7.46246197613364
18842000 -7.44952227123694
18843000 -7.44827499368315
18844000 -7.4404905471847
18845000 -7.43184726489766
18846000 -7.46523123994268
18847000 -7.46966466606149
18848000 -7.44886928499975
18849000 -7.47079055603354
18850000 -7.45032595844055
18851000 -7.43216873636182
18852000 -7.47925544107288
18853000 -7.45502082123627
18854000 -7.42637953774249
18855000 -7.47796712106267
18856000 -7.45583430693371
18857000 -7.46025579037739
18858000 -7.46969572461485
18859000 -7.4498186520274
18860000 -7.45356702560065
18861000 -7.48436857202953
18862000 -7.47800645071224
18863000 -7.46119605213829
18864000 -7.45221452109619
18865000 -7.42657136371784
18866000 -7.47896761516478
18867000 -7.51586078435524
18868000 -7.46359216336804
18869000 -7.45288115831689
18870000 -7.46532394309805
18871000 -7.45817805495765
18872000 -7.4824067100396
18873000 -7.45438377252223
18874000 -7.46478116245779
18875000 -7.51861471989023
18876000 -7.44867468173592
18877000 -7.46311560114711
18878000 -7.49239955748694
18879000 -7.42338796877004
18880000 -7.47045099705876
18881000 -7.48232122508498
18882000 -7.44598090861632
18883000 -7.47263920001872
18884000 -7.46999490141624
18885000 -7.43990432844724
18886000 -7.49381125725622
18887000 -7.47263002774871
18888000 -7.44123653337486
18889000 -7.48583152244186
18890000 -7.4890335253114
18891000 -7.46178833398328
18892000 -7.51566269803688
18893000 -7.48066378901509
18894000 -7.45011632487295
18895000 -7.47362680432512
18896000 -7.47459022233539
18897000 -7.47040466175647
18898000 -7.50115562119244
18899000 -7.47117272000669
18900000 -7.46457719742509
18901000 -7.48425341210945
18902000 -7.45972193981497
18903000 -7.46964046293175
18904000 -7.49584937378048
18905000 -7.46707958724526
18906000 -7.50189391593674
18907000 -7.47718044725943
18908000 -7.44591192446748
18909000 -7.51175504794918
18910000 -7.49671263512119
18911000 -7.44900380435872
18912000 -7.50865381930022
18913000 -7.46691317745417
18914000 -7.4608907746476
18915000 -7.54047191704973
18916000 -7.4772529280283
18917000 -7.46237493625164
18918000 -7.50910656786769
18919000 -7.44822175254185
18920000 -7.48092189018948
18921000 -7.52912590679406
18922000 -7.4596766958163
18923000 -7.49632441657277
18924000 -7.51519972078412
18925000 -7.42569413973097
18926000 -7.50956404012024
18927000 -7.51894584943747
18928000 -7.45716043534393
18929000 -7.49221259587789
18930000 -7.48616642744869
18931000 -7.46065277262319
18932000 -7.50254687850049
18933000 -7.46658118992608
18934000 -7.48579900939594
18935000 -7.54018250261142
18936000 -7.47219080039731
18937000 -7.48568895093366
18938000 -7.50341681736206
18939000 -7.453303495181
18940000 -7.50627163086658
18941000 -7.51764298217395
18942000 -7.45376884508179
18943000 -7.48920616912497
18944000 -7.51056070348856
18945000 -7.46336557952101
18946000 -7.50821869129593
18947000 -7.48172627976093
18948000 -7.47374459356509
18949000 -7.53078122229944
18950000 -7.48544980339721
18951000 -7.48734481185399
18952000 -7.51833616388096
18953000 -7.46266320512022
18954000 -7.48604156465173
18955000 -7.54558728330103
18956000 -7.47813799888218
18957000 -7.47341526574669
18958000 -7.51964232268212
18959000 -7.48397236659035
18960000 -7.5331864074675
18961000 -7.51348228250593
18962000 -7.44410870741784
18963000 -7.50250832297269
18964000 -7.50863034535123
18965000 -7.51298160903715
18966000 -7.5203008644356
18967000 -7.48934887245648
18968000 -7.47919519515096
18969000 -7.53911466316118
18970000 -7.48368150774224
18971000 -7.49998671187309
18972000 -7.51243936935839
18973000 -7.4678640732399
18974000 -7.52183878154171
18975000 -7.55475082741978
18976000 -7.46373465250105
18977000 -7.4937847380713
18978000 -7.51772035180486
18979000 -7.48733756493828
18980000 -7.5293719110816
18981000 -7.5229271894108
18982000 -7.49681478781564
18983000 -7.51971932163155
18984000 -7.5063300082006
18985000 -7.47836090965176
18986000 -7.50547498308802
18987000 -7.52255495016741
18988000 -7.51409035222056
18989000 -7.52644600000488
18990000 -7.52312425646689
18991000 -7.52297807887461
18992000 -7.51235956735106
18993000 -7.47450268250195
18994000 -7.51827777993248
18995000 -7.53357313107885
18996000 -7.51377749981482
18997000 -7.51388096418032
18998000 -7.49382245936881
18999000 -7.48404072497853
19000000 -7.54324651453714
19001000 -7.54731000185737
19002000 -7.48092715321588
19003000 -7.52685807179355
19004000 -7.5246883585226
19005000 -7.48855019369432
19006000 -7.53352991415383
19007000 -7.51933837045361
19008000 -7.50816508978699
19009000 -7.54767966005603
19010000 -7.50841667981045
19011000 -7.4953372292977
19012000 -7.51956538338771
19013000 -7.50082948199377
19014000 -7.52657021627245
19015000 -7.52625951068515
19016000 -7.4988364489855
19017000 -7.5205473803384
19018000 -7.50383684542513
19019000 -7.49805712977532
19020000 -7.53132114435658
19021000 -7.54751730086407
19022000 -7.5218739210217
19023000 -7.515414064326
19024000 -7.50689508082022
19025000 -7.49778840873889
19026000 -7.53817322201872
19027000 -7.54100623435576
19028000 -7.53042078832182
19029000 -7.5298450079611
19030000 -7.51195702684913
19031000 -7.53028719929647
19032000 -7.54316994655248
19033000 -7.51622694908162
19034000 -7.51618071981595
19035000 -7.54277499711049
19036000 -7.51998411191157
19037000 -7.52723447639845
19038000 -7.53114241135961
19039000 -7.52213066616774
19040000 -7.53889690793402
19041000 -7.51511268182232
19042000 -7.49869574815973
19043000 -7.54009185618795
19044000 -7.53492383440547
19045000 -7.51057010333361
19046000 -7.53914298597664
19047000 -7.53256599498939
19048000 -7.52407950262957
19049000 -7.52485054365784
19050000 -7.51447822685165
19051000 -7.52405204349678
19052000 -7.54141355300017
19053000 -7.52371693845904
19054000 -7.52038032111657
19055000 -7.54061079413526
19056000 -7.52750214775998
19057000 -7.52885561319582
19058000 -7.55583892185892
19059000 -7.5393140829134
19060000 -7.53581400968692
19061000 -7.51168298751801
19062000 -7.52036283222113
19063000 -7.54780533648069
19064000 -7.56904290860653
19065000 -7.54763900554999
19066000 -7.55995596414198
19067000 -7.53596452656214
19068000 -7.51359566480375
19069000 -7.56408033197185
19070000 -7.56422538616304
19071000 -7.51902456005746
19072000 -7.54981303235748
19073000 -7.53658210624621
19074000 -7.53047364656071
19075000 -7.56003520024996
19076000 -7.53014393200009
19077000 -7.56287126195393
19078000 -7.57757717736479
19079000 -7.52130753356192
19080000 -7.53747382664059
19081000 -7.56088979890559
19082000 -7.5225699867979
19083000 -7.55464695761722
19084000 -7.54529995460016
19085000 -7.52618645839997
19086000 -7.54923110630898
19087000 -7.54863530552775
19088000 -7.53976090611869
19089000 -7.56984303858609
19090000 -7.54955247149048
19091000 -7.56664588911139
19092000 -7.55392819782112
19093000 -7.53368331774041
19094000 -7.5343605684765
19095000 -7.54751244477902
19096000 -7.52275440050119
19097000 -7.55561804822544
19098000 -7.58372696268513
19099000 -7.55479203973703
19100000 -7.55798949067469
19101000 -7.56408605479476
19102000 -7.54301372986458
19103000 -7.56477068080508
19104000 -7.51922958306982
19105000 -7.54778064318867
19106000 -7.57796210478617
19107000 -7.5406875121056
19108000 -7.54498345529053
19109000 -7.59278959385446
19110000 -7.53280594423363
19111000 -7.53565448838301
19112000 -7.5765057012185
19113000 -7.53007388048967
19114000 -7.57074285841705
19115000 -7.56903425868215
19116000 -7.53559105749532
19117000 -7.5688231347265
19118000 -7.56295988730887
19119000 -7.52946576415826
19120000 -7.58275241246541
19121000 -7.56153409686191
19122000 -7.53212466754242
19123000 -7.56434464831291
19124000 -7.54664064806033
19125000 -7.53079226024901
19126000 -7.57574398190546
19127000 -7.55619251283457
19128000 -7.58308698547043
19129000 -7.57045992034941
19130000 -7.55525722321719
19131000 -7.56757408300341
19132000 -7.5711661155116
19133000 -7.52856635541137
19134000 -7.57202891699035
19135000 -7.57318193375925
19136000 -7.56882794516059
19137000 -7.58786949084158
19138000 -7.556726481354
19139000 -7.5786480441621
19140000 -7.53829007267572
19141000 -7.56405293282814
19142000 -7.58271370854943
19143000 -7.58046507121984
19144000 -7.5794262663923
19145000 -7.58259653840865
19146000 -7.57214584226569
19147000 -7.56718329151662
19148000 -7.57217657193536
19149000 -7.56860466086212
19150000 -7.54845080422038
19151000 -7.57398868379107
19152000 -7.58724334195822
19153000 -7.57663716764217
19154000 -7.57551919890857
19155000 -7.57043262013455
19156000 -7.56781657168858
19157000 -7.59317461328049
19158000 -7.56277044014701
19159000 -7.55588930609931
19160000 -7.58553816126361
19161000 -7.59706442102425
19162000 -7.55581468477718
19163000 -7.5965947717644
19164000 -7.57571296740133
19165000 -7.55806194118556
19166000 -7.58570179712228
19167000 -7.57380785842408
19168000 -7.55708327850978
19169000 -7.59600850846069
19170000 -7.57302504683541
19171000 -7.56196125384116
19172000 -7.57543493577659
19173000 -7.57688066152858
19174000 -7.57922754319605
19175000 -7.57700418287448
19176000 -7.56142726970033
19177000 -7.58532551712432
19178000 -7.58552533661697
19179000 -7.57429496372803
19180000 -7.57962006908721
19181000 -7.58495430048936
19182000 -7.5858034621283
19183000 -7.58077378829811
19184000 -7.5794895188963
19185000 -7.57743280489409
19186000 -7.57401122256733
19187000 -7.55451745840124
19188000 -7.56891709664774
19189000 -7.59038640206993
19190000 -7.54867204586012
19191000 -7.58380379590245
19192000 -7.6101354794966
19193000 -7.57096205702427
19194000 -7.59925733807286
19195000 -7.59270259621805
19196000 -7.55698749520123
19197000 -7.59735425141176
19198000 -7.59249964104607
19199000 -7.58933473088688
19200000 -7.61810561939469
19201000 -7.60188731438555
19202000 -7.57739041344496
19203000 -7.58037100684533
19204000 -7.55071172320887
19205000 -7.58908872663124
19206000 -7.60691378390629
19207000 -7.58184630068268
19208000 -7.58004423155505
19209000 -7.6031256271454
19210000 -7.60803719838602
19211000 -7.61957882779467
19212000 -7.57227968471672
19213000 -7.54603716051828
19214000 -7.61916820862308
19215000 -7.61117822041045
19216000 -7.58465811468943
19217000 -7.60395110405197
19218000 -7.60373263436021
19219000 -7.61015786077652
19220000 -7.60125130659689
19221000 -7.5527128154863
19222000 -7.59619842502022
19223000 -7.62021114329252
19224000 -7.58033065560519
19225000 -7.61715381571297
19226000 -7.62590633596414
19227000 -7.56566503168396
19228000 -7.60389761712865
19229000 -7.57896913152974
19230000 -7.58310251210637
19231000 -7.63483812616286
19232000 -7.61065185896253
19233000 -7.58594449656895
19234000 -7.62767337108465
19235000 -7.58626324442648
19236000 -7.58276882548657
19237000 -7.62881847011964
19238000 -7.58495682641123
19239000 -7.60223186448288
19240000 -7.62649583938903
19241000 -7.56562879808852
19242000 -7.6114279897466
19243000 -7.62428537311289
19244000 -7.57980615911004
19245000 -7.61416874063015
19246000 -7.62312067851098
19247000 -7.57478220743683
19248000 -7.62090045847996
19249000 -7.62058947013583
19250000 -7.57098504447664
19251000 -7.6172318549569
19252000 -7.60768018209167
19253000 -7.58290377854714
19254000 -7.64003729644485
19255000 -7.61706744131702
19256000 -7.57588462905417
19257000 -7.64515075421232
19258000 -7.59462324445965
19259000 -7.59006791265788
19260000 -7.62550492907096
19261000 -7.60481455150966
19262000 -7.61457558994533
19263000 -7.62280437337539
19264000 -7.57590247336948
19265000 -7.61375949431689
19266000 -7.62915924563573
19267000 -7.58625461677415
19268000 -7.63922398014546
19269000 -7.63559199896043
19270000 -7.58718394131895
19271000 -7.62052470366149
19272000 -7.6316794040329
19273000 -7.61775146096724
19274000 -7.63755687884867
19275000 -7.61720052541316
19276000 -7.60587414009805
19277000 -7.63649200110662
19278000 -7.5848775313447
19279000 -7.60474422359377
19280000 -7.64232677918455
19281000 -7.6020915177998
19282000 -7.62507960431957
19283000 -7.63918894541318
19284000 -7.60377006561172
19285000 -7.64375504204419
19286000 -7.63105488390723
19287000 -7.59892149916543
19288000 -7.64419183114125
19289000 -7.62633200784463
19290000 -7.61341527786785
19291000 -7.63008153853138
19292000 -7.60906120141023
19293000 -7.60208508140573
19294000 -7.65516207895615
19295000 -7.61529237343264
19296000 -7.63141614542438
19297000 -7.64842523782113
19298000 -7.61054150437252
19299000 -7.62737214587767
19300000 -7.66734235609132
19301000 -7.60470556381605
19302000 -7.59583638413815
19303000 -7.61169830748364
19304000 -7.60888455297011
19305000 -7.65625836035547
19306000 -7.65428278675243
19307000 -7.60192639332004
19308000 -7.62986540105524
19309000 -7.63644054337635
19310000 -7.61750971198109
19311000 -7.64013706901284
19312000 -7.64243822175199
19313000 -7.62147796737364
19314000 -7.67266818976607
19315000 -7.6393572749351
19316000 -7.61341473391662
19317000 -7.63812831689088
19318000 -7.60979435343901
19319000 -7.63630323633649
19320000 -7.65837279731432
19321000 -7.61183635920513
19322000 -7.63483484353719
19323000 -7.63095153828754
19324000 -7.60213517013006
19325000 -7.64108659507769
19326000 -7.64864341049625
19327000 -7.62661826996146
19328000 -7.64646313508149
19329000 -7.62185352009779
19330000 -7.62528086522872
19331000 -7.65215549985067
19332000 -7.62221172836427
19333000 -7.61654089281074
19334000 -7.64427836315101
19335000 -7.64273580485598
19336000 -7.6376231621601
19337000 -7.66400701163075
19338000 -7.64669698926656
19339000 -7.6389238148731
19340000 -7.65212144084842
19341000 -7.62386988052604
19342000 -7.63795404156136
19343000 -7.66256653126989
19344000 -7.6390354209948
19345000 -7.65002292124857
19346000 -7.6484821635202
19347000 -7.60191982806733
19348000 -7.6409895722391
19349000 -7.66536882605535
19350000 -7.63731859674894
19351000 -7.64830871652998
19352000 -7.63624941414655
19353000 -7.60943922671152
19354000 -7.66017094976402
19355000 -7.6470925410114
19356000 -7.62206854764839
19357000 -7.66986159643578
19358000 -7.66446269757366
19359000 -7.61611556492789
19360000 -7.64862791003059
19361000 -7.64177927038394
19362000 -7.62582400219442
19363000 -7.65050385405094
19364000 -7.62402626847237
19365000 -7.63896488051535
19366000 -7.67496680543918
19367000 -7.62642144126897
19368000 -7.64738717950529
19369000 -7.69484268275397
19370000 -7.651078162574
19371000 -7.64495750474446
19372000 -7.67290021381686
19373000 -7.63176347754404
19374000 -7.64184396763498
19375000 -7.64638277122816
19376000 -7.62946993532921
19377000 -7.69017919099279
19378000 -7.67432476666555
19379000 -7.62448249921931
19380000 -7.67745720727199
19381000 -7.64367242310199
19382000 -7.6403032812617
19383000 -7.67248631544828
19384000 -7.63714275458091
19385000 -7.64954197400136
19386000 -7.68983078561657
19387000 -7.67298940425998
19388000 -7.68124768486845
19389000 -7.6730441271538
19390000 -7.62691336372797
19391000 -7.69787875140827
19392000 -7.67069343463932
19393000 -7.62864396209164
19394000 -7.68563389733086
19395000 -7.67157809715522
19396000 -7.65044158250161
19397000 -7.6794993754895
19398000 -7.6527846155653
19399000 -7.64711209565834
19400000 -7.67735377138572
19401000 -7.63753274879902
19402000 -7.68706033377797
19403000 -7.69173006821937
19404000 -7.65172761640149
19405000 -7.69846168145955
19406000 -7.66592766259165
19407000 -7.62516650294337
19408000 -7.68320131850631
19409000 -7.66345868896773
19410000 -7.6595115930516
19411000 -7.70023960226817
19412000 -7.67390019116258
19413000 -7.65736658834652
19414000 -7.66511227147362
19415000 -7.65297599420618
19416000 -7.6716162588031
19417000 -7.67614765667836
19418000 -7.64053945184389
19419000 -7.67946302381938
19420000 -7.6867521450678
19421000 -7.6418207531121
19422000 -7.68338847551
19423000 -7.69643360637959
19424000 -7.6635776505802
19425000 -7.69679769281125
19426000 -7.66627511027111
19427000 -7.64841960977484
19428000 -7.70627679016191
19429000 -7.67972844190441
19430000 -7.65530370380627
19431000 -7.71190072253536
19432000 -7.69475033599753
19433000 -7.68356247538846
19434000 -7.6856792898879
19435000 -7.68195412416982
19436000 -7.66814685992298
19437000 -7.67929195747537
19438000 -7.65305049321313
19439000 -7.67738028245418
19440000 -7.67666652748056
19441000 -7.6863057542124
19442000 -7.67608384590324
19443000 -7.66837888701824
19444000 -7.7061508778349
19445000 -7.69510892651089
19446000 -7.66995982244746
19447000 -7.67953567504941
19448000 -7.66460822912524
19449000 -7.66934664104248
19450000 -7.70488804260819
19451000 -7.67447278669666
19452000 -7.69553364451381
19453000 -7.69908033565364
19454000 -7.67392800435962
19455000 -7.68584744186573
19456000 -7.68381039461685
19457000 -7.65673233731318
19458000 -7.69529953529127
19459000 -7.69581929395505
19460000 -7.67793590384411
19461000 -7.69491560391555
19462000 -7.67608637024996
19463000 -7.6620687975885
19464000 -7.6906649353596
19465000 -7.69437650998021
19466000 -7.70426823757847
19467000 -7.68669014152679
19468000 -7.65600779784116
19469000 -7.69909161872956
19470000 -7.68763613361902
19471000 -7.68833911206168
19472000 -7.68266595291924
19473000 -7.69672446726443
19474000 -7.71281126165429
19475000 -7.70224237143277
19476000 -7.69743142042322
19477000 -7.67957884102779
19478000 -7.67073773613383
19479000 -7.68243412954153
19480000 -7.70083134770031
19481000 -7.68877041741367
19482000 -7.70789548536417
19483000 -7.72007751129761
19484000 -7.6668615624677
19485000 -7.68708574884882
19486000 -7.7132019378525
19487000 -7.66608418930704
19488000 -7.68561478951058
19489000 -7.70805939893955
19490000 -7.69751113383896
19491000 -7.68642082637846
19492000 -7.71485439225793
19493000 -7.67283779622721
19494000 -7.69557896687899
19495000 -7.70868246456329
19496000 -7.6797991288463
19497000 -7.69117454262862
19498000 -7.67206559524377
19499000 -7.70501292257683
19500000 -7.70214964210571
19501000 -7.69752758412072
19502000 -7.72772002128407
19503000 -7.72098697751479
19504000 -7.68447383063344
19505000 -7.71129740225984
19506000 -7.69291753480863
19507000 -7.6816905729371
19508000 -7.7024460005991
19509000 -7.70521371425897
19510000 -7.68284181435629
19511000 -7.69839291888494
19512000 -7.71092469231664
19513000 -7.69136326884275
19514000 -7.70474012166406
19515000 -7.70618466659758
19516000 -7.69726454770888
19517000 -7.69921468965085
19518000 -7.70815448566235
19519000 -7.70954793852634
19520000 -7.70575311141398
19521000 -7.69589805028379
19522000 -7.71013115697663
19523000 -7.71487002664137
19524000 -7.69736677007476
19525000 -7.73060352005511
19526000 -7.7190684458695
19527000 -7.70821603128721
19528000 -7.72547185736193
19529000 -7.70967463106095
19530000 -7.68354107299922
19531000 -7.71731142071639
19532000 -7.72235701723647
19533000 -7.69621217289384
19534000 -7.73666009496971
19535000 -7.71316275972647
19536000 -7.6962384839851
19537000 -7.71833116020101
19538000 -7.72350571646636
19539000 -7.70924148210305
19540000 -7.71806617281389
19541000 -7.71363760301182
19542000 -7.70920939514467
19543000 -7.71198300727324
19544000 -7.73997117303982
19545000 -7.71896060554536
19546000 -7.71481153953529
19547000 -7.72393728396072
19548000 -7.70767722309853
19549000 -7.70513231560199
19550000 -7.73129491841215
19551000 -7.72865906099541
19552000 -7.71095310088349
19553000 -7.74870033600188
19554000 -7.72002019416654
19555000 -7.70341260592113
19556000 -7.73911229549216
19557000 -7.71406550948614
19558000 -7.70904894459614
19559000 -7.73040097802593
19560000 -7.71529086329925
19561000 -7.73206953504324
19562000 -7.72878034265972
19563000 -7.68849691073082
19564000 -7.71409841848547
19565000 -7.73835890626773
19566000 -7.71709477528048
19567000 -7.71848140492665
19568000 -7.70394731239011
19569000 -7.72969082954317
19570000 -7.75175407529623
19571000 -7.73568165863988
19572000 -7.72147022063383
19573000 -7.71771285071462
19574000 -7.69701712808856
19575000 -7.73378917263939
19576000 -7.749621063414
19577000 -7.74986742539259
19578000 -7.71657341579154
19579000 -7.72383350259235
19580000 -7.71473415893402
19581000 -7.73836709363396
19582000 -7.75258723198323
19583000 -7.73209075447991
19584000 -7.70115094111303
19585000 -7.71652567289904
19586000 -7.74754307187066
19587000 -7.73760265657543
19588000 -7.73697191972417
19589000 -7.7380591115325
19590000 -7.73368212446906
19591000 -7.72440634636232
19592000 -7.73655994828511
19593000 -7.72682874305506
19594000 -7.73154036458542
19595000 -7.72996862094399
19596000 -7.72939508496315
19597000 -7.72972273285872
19598000 -7.74158934574636
19599000 -7.73512448046623
19600000 -7.72313107521902
19601000 -7.7320703865988
19602000 -7.73448368153801
19603000 -7.73408732941428
19604000 -7.7345302932091
19605000 -7.7201127984463
19606000 -7.75571656646535
19607000 -7.75927546211191
19608000 -7.71840238118535
19609000 -7.7461321715006
19610000 -7.73902788516714
19611000 -7.75015957061736
19612000 -7.75018197150751
19613000 -7.737774431403
19614000 -7.73430738416348
19615000 -7.74852143389352
19616000 -7.73247698775042
19617000 -7.71231821530578
19618000 -7.751683749905
19619000 -7.74918620292402
19620000 -7.74896147296541
19621000 -7.74008337132037
19622000 -7.75326765892706
19623000 -7.76052132678078
19624000 -7.73372873234333
19625000 -7.73884532220535
19626000 -7.7735821998238
19627000 -7.75164047378913
19628000 -7.76472002863902
19629000 -7.75962307221003
19630000 -7.72589662714607
19631000 -7.7620495130871
19632000 -7.7612647559517
19633000 -7.72140970519265
19634000 -7.7430237315409
19635000 -7.72754501249995
19636000 -7.72845868867927
19637000 -7.76399573933998
19638000 -7.76426644331758
19639000 -7.74360733107782
19640000 -7.77903375758668
19641000 -7.76579150535758
19642000 -7.76263121429325
19643000 -7.78366643108903
19644000 -7.72881956568216
19645000 -7.74759837617007
19646000 -7.78579698337033
19647000 -7.73270251837905
19648000 -7.73155517354355
19649000 -7.76604100718786
19650000 -7.7532628775611
19651000 -7.77363544285978
19652000 -7.77293308461804
19653000 -7.75377364281999
19654000 -7.76888049351586
19655000 -7.77441897595539
19656000 -7.74329496611211
19657000 -7.73080937014175
19658000 -7.74227240483135
19659000 -7.76508431847751
19660000 -7.76645088632068
19661000 -7.76949273904497
19662000 -7.77500767777412
19663000 -7.78136697440187
19664000 -7.74642464810548
19665000 -7.77622786812491
19666000 -7.76269220512074
19667000 -7.75447721458255
19668000 -7.76265309528681
19669000 -7.73180118926963
19670000 -7.75972378472562
19671000 -7.78419189088152
19672000 -7.76310113497823
19673000 -7.77260301285277
19674000 -7.76781958445267
19675000 -7.74085815254743
19676000 -7.75424726062593
19677000 -7.77528297430241
19678000 -7.75695215106615
19679000 -7.76763421527029
19680000 -7.75645955257826
19681000 -7.73905016854972
19682000 -7.75824776668732
19683000 -7.7647426527994
19684000 -7.75497650970942
19685000 -7.78212887152787
19686000 -7.77461084040346
19687000 -7.76014993745386
19688000 -7.76189570989783
19689000 -7.76281057880241
19690000 -7.7745139037158
19691000 -7.76787222376028
19692000 -7.75963220291766
19693000 -7.77776504543557
19694000 -7.78220806817257
19695000 -7.76741992244914
19696000 -7.78611220341726
19697000 -7.7836108019293
19698000 -7.75483038461996
19699000 -7.77848399252405
19700000 -7.77424743471566
19701000 -7.76709887208513
19702000 -7.79950382389097
19703000 -7.77670207593485
19704000 -7.7615793766998
19705000 -7.78784561752804
19706000 -7.77359393027456
19707000 -7.76840623892292
19708000 -7.79294224227255
19709000 -7.77866979355204
19710000 -7.76134861709751
19711000 -7.78841290818385
19712000 -7.77437646780309
19713000 -7.79337508828072
19714000 -7.78212219838944
19715000 -7.7698423127887
19716000 -7.78605141107042
19717000 -7.79736297830317
19718000 -7.79025289266268
19719000 -7.77598625999376
19720000 -7.78332649807698
19721000 -7.78413589322945
19722000 -7.77035440113185
19723000 -7.78778116647879
19724000 -7.78611561816164
19725000 -7.78597167745787
19726000 -7.76711593292647
19727000 -7.78267809353798
19728000 -7.78543187490747
19729000 -7.81055980694853
19730000 -7.79149906403353
19731000 -7.76035966771223
19732000 -7.77301944410303
19733000 -7.79804658419473
19734000 -7.79502075484714
19735000 -7.76974223369372
19736000 -7.77546449710466
19737000 -7.77491597339322
19738000 -7.7897169423672
19739000 -7.80614586540982
19740000 -7.78145103800116
19741000 -7.78488159940726
19742000 -7.79272272660643
19743000 -7.79131090669293
19744000 -7.79352980316552
19745000 -7.79561785498513
19746000 -7.7994513872907
19747000 -7.79653022722421
19748000 -7.79896063104884
19749000 -7.77709314362961
19750000 -7.76039236605147
19751000 -7.78122645200795
19752000 -7.78556246765901
19753000 -7.79959703583232
19754000 -7.78897395234137
19755000 -7.788181604663
19756000 -7.78801359034493
19757000 -7.79183173153213
19758000 -7.81508076996589
19759000 -7.80949974620691
19760000 -7.77166482118473
19761000 -7.81494331453706
19762000 -7.81801976834568
19763000 -7.7886876758298
19764000 -7.77177210597007
19765000 -7.78832455332985
19766000 -7.78419488376405
19767000 -7.80502099807526
19768000 -7.81247807173263
19769000 -7.78143995504218
19770000 -7.79490692569214
19771000 -7.80154848169543
19772000 -7.79555699348195
19773000 -7.79616851371774
19774000 -7.80974402300061
19775000 -7.81267803840635
19776000 -7.80114810805571
19777000 -7.80825984717344
19778000 -7.80916657471147
19779000 -7.81399635570232
19780000 -7.80510637184643
19781000 -7.78741089668092
19782000 -7.81830285648563
19783000 -7.83094949014769
19784000 -7.78919460011439
19785000 -7.8014325908075
19786000 -7.77919157582724
19787000 -7.77142621905946
19788000 -7.79853548852527
19789000 -7.82455754585324
19790000 -7.81348203456453
19791000 -7.8090427405305
19792000 -7.82007521589046
19793000 -7.79876892270109
19794000 -7.81566831525081
19795000 -7.82754792518567
19796000 -7.82496569497259
19797000 -7.80771734288588
19798000 -7.80790118161909
19799000 -7.78415547017446
19800000 -7.80199576510284
19801000 -7.81665983937055
19802000 -7.80743588114368
19803000 -7.79528339739599
19804000 -7.82567834610804
19805000 -7.79737597149593
19806000 -7.81591351497379
19807000 -7.83619365676832
19808000 -7.79665695209511
19809000 -7.81888598535837
19810000 -7.8372382478508
19811000 -7.78756048770758
19812000 -7.80021756046376
19813000 -7.81945751091095
19814000 -7.80962360616525
19815000 -7.7839476144196
19816000 -7.81784466523393
19817000 -7.8186587575858
19818000 -7.8193319054349
19819000 -7.82856184306864
19820000 -7.82588686848373
19821000 -7.81206610984883
19822000 -7.83389321547671
19823000 -7.81334390062304
19824000 -7.80838926601131
19825000 -7.81118264223911
19826000 -7.81775519282499
19827000 -7.80679636535062
19828000 -7.80874023550513
19829000 -7.82605990215892
19830000 -7.81675787909763
19831000 -7.83089786649791
19832000 -7.84418229024459
19833000 -7.80686779001529
19834000 -7.8382207424467
19835000 -7.83595765559821
19836000 -7.8107455259948
19837000 -7.8150691034576
19838000 -7.81954800929724
19839000 -7.81600898869221
19840000 -7.82588440991742
19841000 -7.8284185581365
19842000 -7.79853358448247
19843000 -7.81354247400561
19844000 -7.8358362841709
19845000 -7.81686295763011
19846000 -7.80641264814329
19847000 -7.8150443513658
19848000 -7.8208548717465
19849000 -7.82302169557267
19850000 -7.8543664069611
19851000 -7.83628426648394
19852000 -7.81084294385128
19853000 -7.83305687671164
19854000 -7.81671038669171
19855000 -7.80921351652878
19856000 -7.8438789637014
19857000 -7.80914110283263
19858000 -7.81082725079082
19859000 -7.84727250855854
19860000 -7.83684954864953
19861000 -7.84560800784992
19862000 -7.86647616897993
19863000 -7.83507769546897
19864000 -7.82455469094584
19865000 -7.84022371276791
19866000 -7.82381107201969
19867000 -7.82207489848134
19868000 -7.83280819499589
19869000 -7.81985938606562
19870000 -7.82168947084103
19871000 -7.84842764751033
19872000 -7.81235641452241
19873000 -7.82321877001493
19874000 -7.85438056136771
19875000 -7.84546468708266
19876000 -7.83287618259535
19877000 -7.85038616833299
19878000 -7.8268399301064
19879000 -7.83423428590623
19880000 -7.84521092224711
19881000 -7.84622882184066
19882000 -7.83802645925105
19883000 -7.84930840570126
19884000 -7.83744927545945
19885000 -7.84461285935843
19886000 -7.87843629065298
19887000 -7.87897453388647
19888000 -7.82600271821404
19889000 -7.84956431999791
19890000 -7.86942328813621
19891000 -7.83651106362012
19892000 -7.84329533876882
19893000 -7.83995809285121
19894000 -7.84740002431492
19895000 -7.84171692893424
19896000 -7.84317445370197
19897000 -7.84507195533764
19898000 -7.85151500934168
19899000 -7.83307238929063
19900000 -7.83985702534725
19901000 -7.8412589943006
19902000 -7.83760478396112
19903000 -7.83486021287174
19904000 -7.83970756472276
19905000 -7.87199651607633
19906000 -7.87303438182042
19907000 -7.85259416055688
19908000 -7.84120527812006
19909000 -7.83703092446515
19910000 -7.83069397948964
19911000 -7.82935376624501
19912000 -7.85691084365238
19913000 -7.84698250209291
19914000 -7.85535280609461
19915000 -7.84249353361906
19916000 -7.85624564625602
19917000 -7.87908693769846
19918000 -7.87873095245738
19919000 -7.85519819495575
19920000 -7.86410305438674
19921000 -7.84564746244117
19922000 -7.8649014655313
19923000 -7.86001241523027
19924000 -7.84214962809597
19925000 -7.86913549027713
19926000 -7.85469400354381
19927000 -7.85827720705775
19928000 -7.86280055363645
19929000 -7.84949000047688
19930000 -7.82910960806199
19931000 -7.85583015481522
19932000 -7.85923120969254
19933000 -7.84450641552961
19934000 -7.88226524311357
19935000 -7.88102974959836
19936000 -7.82852309486567
19937000 -7.85867042295214
19938000 -7.86913060513057
19939000 -7.86675513859371
19940000 -7.88326587123325
19941000 -7.86543808405171
19942000 -7.83004188967261
19943000 -7.86347231331598
19944000 -7.85785723432362
19945000 -7.85020630836038
19946000 -7.87215298785382
19947000 -7.86657439840664
19948000 -7.85995923714336
19949000 -7.89084937458232
19950000 -7.87741427700916
19951000 -7.8470771296086
19952000 -7.86980857639772
19953000 -7.88254840651913
19954000 -7.84745198461026
19955000 -7.88837442802506
19956000 -7.86636482978422
19957000 -7.84923130154603
19958000 -7.89880433739657
19959000 -7.86507075280702
19960000 -7.8490993814456
19961000 -7.88441660977396
19962000 -7.87445281652521
19963000 -7.86451403478494
19964000 -7.88054282853165
19965000 -7.86923396394561
19966000 -7.85174919289575
19967000 -7.87642755808091
19968000 -7.87024780450706
19969000 -7.84807858139961
19970000 -7.86522656359742
19971000 -7.86418843072325
19972000 -7.84240975299389
19973000 -7.85238045045722
19974000 -7.87644324808757
19975000 -7.85708373020882
19976000 -7.86737884538655
19977000 -7.88597909102195
19978000 -7.85647925684783
19979000 -7.89076268299694
19980000 -7.88574235201518
19981000 -7.87668935510762
19982000 -7.87426096504375
19983000 -7.8751637686284
19984000 -7.88104694662101
19985000 -7.88386616583179
19986000 -7.90392647370297
19987000 -7.88619415495409
19988000 -7.87488347465519
19989000 -7.87580691165201
19990000 -7.86802358829368
19991000 -7.86084887039322
19992000 -7.87932327755268
19993000 -7.87246441237207
19994000 -7.89024644400927
19995000 -7.86769060500856
19996000 -7.8616953924786
19997000 -7.87784042075419
19998000 -7.88584963310814
19999000 -7.86003405655832
20000000 -7.88115653735328
20001000 -7.88749876567376
20002000 -7.88348940507566
20003000 -7.87579285439808
20004000 -7.90727858578479
20005000 -7.88044465658168
20006000 -7.89142694483979
20007000 -7.90738807823219
20008000 -7.87712823423953
20009000 -7.88451778672649
20010000 -7.90174734258643
20011000 -7.88585304902561
20012000 -7.86833483347278
20013000 -7.88642345148435
20014000 -7.86625173283629
20015000 -7.88874844928775
20016000 -7.88999298603226
20017000 -7.87151945559473
20018000 -7.89021652241761
20019000 -7.91600456872093
20020000 -7.89070814673533
20021000 -7.87557958109621
20022000 -7.88909192138197
20023000 -7.89366102840599
20024000 -7.91390125761496
20025000 -7.89020087595843
20026000 -7.87392732136466
20027000 -7.88998201907132
20028000 -7.89781723537612
20029000 -7.90024969288869
20030000 -7.91509286571216
20031000 -7.9121365739606
20032000 -7.8944456029398
20033000 -7.92124062058141
20034000 -7.91656770825606
20035000 -7.87819614027071
20036000 -7.87929375672793
20037000 -7.90336669075511
20038000 -7.88258478270525
20039000 -7.89442974962871
20040000 -7.90911277450124
20041000 -7.90711319832289
20042000 -7.88856700597457
20043000 -7.8787779891916
20044000 -7.88954031891886
20045000 -7.91257305402802
20046000 -7.88496468008302
20047000 -7.89500153608832
20048000 -7.90556950693014
20049000 -7.89636857188976
20050000 -7.85680140685348
20051000 -7.89995232519794
20052000 -7.90572427727741
20053000 -7.88357959653068
20054000 -7.89501590138658
20055000 -7.90445822952447
20056000 -7.91355872311613
20057000 -7.91966851914147
20058000 -7.90923232393029
20059000 -7.90064563724669
20060000 -7.89181718169384
20061000 -7.91025869572395
20062000 -7.92237100900958
20063000 -7.90414154837281
20064000 -7.87805830367198
20065000 -7.91375487483149
20066000 -7.92201330331249
20067000 -7.88191742845364
20068000 -7.89567633561198
20069000 -7.91774103438523
20070000 -7.89594925976682
20071000 -7.90976970570383
20072000 -7.91850458383597
20073000 -7.88549091760387
20074000 -7.88562041195634
20075000 -7.90395718337289
20076000 -7.89763389509087
20077000 -7.9018282605787
20078000 -7.92038381921609
20079000 -7.9173267184623
20080000 -7.88332512043055
20081000 -7.88663591247189
20082000 -7.92435550466429
20083000 -7.91173916354381
20084000 -7.91122196489621
20085000 -7.91179025005204
20086000 -7.8994877407214
20087000 -7.88735655475503
20088000 -7.90840870791435
20089000 -7.91674892969314
20090000 -7.91265607285457
20091000 -7.88759840062215
20092000 -7.90345958548167
20093000 -7.90466489527013
20094000 -7.90488744716786
20095000 -7.9080021851488
20096000 -7.9144840285845
20097000 -7.87498440698567
20098000 -7.8882285263627
20099000 -7.91366729101317
20100000 -7.91312659511039
20101000 -7.91213541782574
20102000 -7.92176731122776
20103000 -7.92448735299125
20104000 -7.92264867400474
20105000 -7.92677053290136
20106000 -7.92240279298088
20107000 -7.89310097539326
20108000 -7.9107585378313
20109000 -7.90823385857513
20110000 -7.9039265047098
20111000 -7.91171906110811
20112000 -7.94444363174678
20113000 -7.91374383268195
20114000 -7.88633470583489
20115000 -7.93018987278061
20116000 -7.93320515361378
20117000 -7.92871052275603
20118000 -7.90106260708285
20119000 -7.90892421382244
20120000 -7.93413102017205
20121000 -7.93368479689903
20122000 -7.9305369847785
20123000 -7.93681482499364
20124000 -7.90239846782109
20125000 -7.92349535787984
20126000 -7.9214213876966
20127000 -7.91565084167121
20128000 -7.92734344159135
20129000 -7.93290932360648
20130000 -7.91767367956468
20131000 -7.91412837658488
20132000 -7.94874070316266
20133000 -7.94692305435861
20134000 -7.91064694653864
20135000 -7.92080721068405
20136000 -7.93418465537125
20137000 -7.91286430284494
20138000 -7.92091441236368
20139000 -7.91932447043883
20140000 -7.90989982984786
20141000 -7.89541337041689
20142000 -7.93452952616779
20143000 -7.92964127234118
20144000 -7.89968643031571
20145000 -7.93258459164602
20146000 -7.95557169382675
20147000 -7.93395673387281
20148000 -7.93783689455233
20149000 -7.93244070741003
20150000 -7.92055588062822
20151000 -7.91877006434103
20152000 -7.95186748741366
20153000 -7.93798436857201
20154000 -7.93454636387287
20155000 -7.94894205977189
20156000 -7.94677359317217
20157000 -7.92830427532364
20158000 -7.95533374522822
20159000 -7.95982220204543
20160000 -7.93343660507401
20161000 -7.94325181466942
20162000 -7.9268636495816
20163000 -7.92560640833502
20164000 -7.92293975135988
20165000 -7.93038037932266
20166000 -7.93598609149247
20167000 -7.91242390369799
20168000 -7.93267960649238
20169000 -7.93035330764135
20170000 -7.93628492702477
20171000 -7.95850393143135
20172000 -7.92713398889494
20173000 -7.90624251113005
20174000 -7.959041819897
20175000 -7.94891782405443
20176000 -7.91949938885696
20177000 -7.91588675026747
20178000 -7.94756408967798
20179000 -7.95422346735813
20180000 -7.95918857307361
20181000 -7.93887686213588
20182000 -7.93843175628626
20183000 -7.93587228789262
20184000 -7.95096192133192
20185000 -7.9733257773314
20186000 -7.9462221511379
20187000 -7.93007431270523
20188000 -7.96965319683636
20189000 -7.93151345894364
20190000 -7.94731784947216
20191000 -7.98021300392788
20192000 -7.94235197901382
20193000 -7.94033686329391
20194000 -7.98859505652227
20195000 -7.94234447844233
20196000 -7.94240902339801
20197000 -7.97093056061851
20198000 -7.92758549455885
20199000 -7.92485076724695
20200000 -7.97183894788965
20201000 -7.98609080808156
20202000 -7.95163648201624
20203000 -7.97203996690223
20204000 -7.95708369837869
20205000 -7.96266414598868
20206000 -7.98462237578011
20207000 -7.95608389419611
20208000 -7.9618602905073
20209000 -7.97630256594131
20210000 -7.9261359046305
20211000 -7.95368030536361
20212000 -7.95540025005489
20213000 -7.97319825378063
20214000 -7.96186605837797
20215000 -7.91597082634708
20216000 -7.94291565870395
20217000 -7.954581656799
20218000 -7.9520830691389
20219000 -7.94017461764796
20220000 -7.96917556982973
20221000 -7.961695510441
20222000 -7.95136446225187
20223000 -7.97795138313669
20224000 -7.99139745622614
20225000 -7.97620749733266
20226000 -7.97502408619472
20227000 -7.97998134181164
20228000 -7.94287326146783
20229000 -7.9762600588324
20230000 -7.9754187438222
20231000 -7.96598459690488
20232000 -7.98579077404441
20233000 -7.9809648313715
20234000 -7.97724602673093
20235000 -7.9703133788159
20236000 -7.98612866183412
20237000 -7.98893215914543
20238000 -7.97313798267757
20239000 -7.96825648311878
20240000 -7.95616560686644
20241000 -7.98058616182693
20242000 -7.97022271716818
20243000 -7.95446572106172
20244000 -7.96258721533601
20245000 -7.97126662796849
20246000 -7.98184526576456
20247000 -7.96440761744809
20248000 -7.95539370489515
20249000 -7.94774259161156
20250000 -7.94980095584468
20251000 -7.95353327091566
20252000 -7.97544502054628
20253000 -7.98775552963882
20254000 -7.99273454810827
20255000 -7.99288694491591
20256000 -7.98167698012805
20257000 -7.94513245332499
20258000 -7.97260527513516
20259000 -7.97705790169501
20260000 -7.95908823640921
20261000 -7.98057758004182
20262000 -7.98157468243736
20263000 -7.97492565983376
20264000 -7.97550017977715
20265000 -7.94497066102412
20266000 -7.95160152350538
20267000 -7.97665761965035
20268000 -7.96121596425507
20269000 -7.96261537637168
20270000 -7.98802304174033
20271000 -7.99309007272145
20272000 -7.99075646845491
20273000 -7.98336916401647
20274000 -7.96646988900151
20275000 -7.99025938277177
20276000 -7.96767294871332
20277000 -7.95424639904156
20278000 -7.98371775967702
20279000 -7.99040835104635
20280000 -7.99232576902063
20281000 -7.99348906160414
20282000 -7.97761599363154
20283000 -7.9734991098285
20284000 -7.98561231692202
20285000 -7.96751371381615
20286000 -7.96987819846722
20287000 -7.97901073686607
20288000 -7.98527279200452
20289000 -7.96220847052293
20290000 -7.97060619029055
20291000 -7.9743590426166
20292000 -7.98364942268952
20293000 -7.9875469885777
20294000 -7.97652246315002
20295000 -7.98213818919224
20296000 -7.98782416334871
20297000 -7.97461971695776
20298000 -7.98619601407259
20299000 -7.99085161425977
20300000 -7.97155384340082
20301000 -7.98112445808373
20302000 -7.97945227337804
20303000 -7.99346912525005
20304000 -7.99626969610457
20305000 -7.98698583624377
20306000 -7.97718906523679
20307000 -7.99772849278508
20308000 -8.00038748152069
20309000 -7.99257369007612
20310000 -8.01513940723694
20311000 -8.01520625387449
20312000 -7.97151720148985
20313000 -8.00653503880087
20314000 -8.00076785935653
20315000 -7.95436689571041
20316000 -7.97624386320345
20317000 -8.00815529954251
20318000 -7.97669659546214
20319000 -7.97576747395525
20320000 -8.00526009012745
20321000 -7.98747710440792
20322000 -7.97584677420259
20323000 -7.97775734984295
20324000 -7.97285252371007
20325000 -7.96817640253239
20326000 -8.00449486739731
20327000 -8.00609711530036
20328000 -7.99158097081018
20329000 -7.97950539486436
20330000 -8.00210603580051
20331000 -8.00524878867163
20332000 -8.00036023463721
20333000 -8.00120496611263
20334000 -8.02538103633193
20335000 -7.99824192624336
20336000 -7.99571050600428
20337000 -7.99303178874052
20338000 -7.99391195650831
20339000 -8.01402107690266
20340000 -8.01105997833001
20341000 -8.00218758130748
20342000 -8.01611472273912
20343000 -8.01576663094964
20344000 -7.9855616526623
20345000 -7.98930901916995
20346000 -8.02248710509771
20347000 -7.98558826295802
20348000 -7.9847868321405
20349000 -8.01660680999968
20350000 -8.01206885909102
20351000 -8.00363886715487
20352000 -8.02770321945984
20353000 -8.00484042872143
20354000 -8.000209225013
20355000 -7.99445981636772
20356000 -8.00348037036589
20357000 -7.97766032904649
20358000 -8.00541668489702
20359000 -8.01550825388286
20360000 -8.01413041231733
20361000 -8.04423330569824
20362000 -8.0424999376718
20363000 -8.00487223181043
20364000 -7.99931830252473
20365000 -7.98883270900497
20366000 -7.99284489033493
20367000 -7.99278259901358
20368000 -7.97683697467673
20369000 -7.96892580446368
20370000 -8.00150850827774
20371000 -7.99900711028956
20372000 -7.99479549065589
20373000 -7.99635437667037
20374000 -7.99362822883591
20375000 -8.03081261845359
20376000 -8.03510680301143
20377000 -8.0276092753255
20378000 -7.99385672640122
20379000 -8.00038763036903
20380000 -8.01247687057124
20381000 -8.00184155376758
20382000 -7.9908738924325
20383000 -7.99427078314381
20384000 -8.00324820539807
20385000 -7.99578165721459
20386000 -7.99744101063725
20387000 -8.00324314617464
20388000 -7.99007709939152
20389000 -7.99573682421067
20390000 -8.00938959304455
20391000 -8.01085070356617
20392000 -8.02039741661979
20393000 -8.01975484268081
20394000 -8.03477272194125
20395000 -8.03759804422915
20396000 -8.01085217272585
20397000 -8.01399402042241
20398000 -7.98992011957565
20399000 -7.996682307895
20400000 -7.99055605453343
20401000 -7.99517513729974
20402000 -8.01200597276953
20403000 -8.01402195502868
20404000 -8.02186138740215
20405000 -8.03637911956242
20406000 -8.02890522250116
20407000 -8.02482010143948
20408000 -8.03979067440059
20409000 -8.03550112451246
20410000 -8.01603934387329
20411000 -8.01944648393303
20412000 -7.99200329332984
20413000 -7.99381177596177
20414000 -8.00699026054414
20415000 -8.04754728552399
20416000 -8.01953049610425
20417000 -8.01385722100406
20418000 -8.02254333626026
20419000 -8.00999019678247
20420000 -8.02372296143498
20421000 -8.04329155666625
20422000 -8.03237844395016
20423000 -8.02611662167432
20424000 -8.02415387705311
20425000 -8.01573589538022
20426000 -8.01711486046645
20427000 -8.036568921639
20428000 -8.01772085892622
20429000 -8.0161641630115
20430000 -8.01517527222675
20431000 -8.00108030333967
20432000 -8.02720508013643
20433000 -8.01430469620824
20434000 -8.00608025317091
20435000 -8.00867063691072
20436000 -8.03518407729079
20437000 -8.01472250593171
20438000 -8.03869113479247
20439000 -8.0593283871597
20440000 -8.05689339819927
20441000 -8.03654013905544
20442000 -8.01685950736628
20443000 -8.00982232682861
20444000 -8.02516826286012
20445000 -8.03040090335558
20446000 -7.99765331902691
20447000 -7.99918463518772
20448000 -7.99043434419413
20449000 -7.97278805380336
20450000 -7.97807438960001
20451000 -7.9816449206712
20452000 -7.96739505993324
20453000 -7.95502275487316
20454000 -7.95680887891196
20455000 -7.97038424899137
20456000 -8.00331340214642
20457000 -7.99596385621564
20458000 -7.98707812716321
20459000 -7.96418442763895
20460000 -8.01693033117461
20461000 -8.01565669349714
20462000 -8.02749219443237
20463000 -7.99678402007117
20464000 -8.00114435258637
20465000 -8.03698299898097
20466000 -8.0466641128197
20467000 -8.03055498381236
20468000 -8.01893271365489
20469000 -8.06215259124964
20470000 -8.05499862474502
20471000 -8.05452627357986
20472000 -8.06071846963672
20473000 -8.05786618507093
20474000 -8.02744567010889
20475000 -8.02576155492775
20476000 -8.03771513423988
20477000 -8.03666946495831
20478000 -8.01793112111963
20479000 -8.00231924756268
20480000 -7.98714075334468
20481000 -8.00512463805507
20482000 -8.00957311781763
20483000 -8.00179273791665
20484000 -7.99066754785869
20485000 -7.97005910573459
20486000 -7.98697554323215
20487000 -8.00162208709761
20488000 -8.00040675824208
20489000 -7.97833943593638
20490000 -7.98340082417983
20491000 -7.96497596866563
20492000 -7.99084211411466
20493000 -8.00295089178497
20494000 -8.00732357821532
20495000 -8.01213482600714
20496000 -7.98558973372925
20497000 -7.99619415567264
20498000 -8.04307277213013
20499000 -8.06334032834779
20500000 -8.03550429406343
20501000 -8.01430365307926
20502000 -8.03390212396875
20503000 -8.06869933983536
20504000 -8.07581868729077
20505000 -8.09617275548429
20506000 -8.1038369640056
20507000 -8.06578758830283
20508000 -8.0372813706983
20509000 -8.0504548331045
20510000 -8.07303876471687
20511000 -8.04042213616219
20512000 -7.99447757501269
20513000 -8.01109000273035
20514000 -8.01238802266892
20515000 -7.98859512275198
20516000 -7.95620106856587
20517000 -7.93984874419591
20518000 -7.93015032871157
20519000 -7.959604209068
20520000 -7.9812576461224
20521000 -8.00095822499429
20522000 -8.03614215906226
20523000 -8.04974487205702
20524000 -8.02797986444667
20525000 -8.03491697175945
20526000 -8.05041522099468
20527000 -8.05449168056103
20528000 -8.03837547888103
20529000 -8.10324002864303
20530000 -8.09833295455858
20531000 -8.07408050020234
20532000 -8.07112465794339
20533000 -8.07856978572625
20534000 -8.06533673045334
20535000 -8.08043716961342
20536000 -8.0717107045377
20537000 -8.04395277588567
20538000 -8.03298407868064
20539000 -8.02753393136471
20540000 -8.06676421185118
20541000 -8.0413880938948
20542000 -8.01749990047611
20543000 -8.00225359420476
20544000 -8.04376474317806
20545000 -8.068510160028
20546000 -8.06956145886294
20547000 -8.02678036179928
20548000 -8.02912417724785
20549000 -8.04851088386714
20550000 -8.07307635358307
20551000 -8.03127498469522
20552000 -7.98943643758165
20553000 -7.98939948764668
20554000 -8.00629970095058
20555000 -8.01653403949923
20556000 -8.02283748313535
20557000 -8.02547770989901
20558000 -8.01349141695481
20559000 -8.00146437390775
20560000 -8.01227507033358
20561000 -8.00301152289508
20562000 -8.0407064428749
20563000 -8.04678815204692
20564000 -8.02592690234347
20565000 -8.00171865085829
20566000 -7.97501924753324
20567000 -7.99965749209742
20568000 -8.03005244172616
20569000 -8.01979998188815
20570000 -8.01315958780503
20571000 -8.0214860190436
20572000 -8.01983038215347
20573000 -8.02160873249775
20574000 -8.01365470204687
20575000 -8.02196039787137
20576000 -8.01482226971602
20577000 -8.01187409308262
20578000 -8.0099389299428
20579000 -8.01998156600899
20580000 -8.02877442175427
20581000 -8.06286409173216
20582000 -8.06413997816711
20583000 -8.02118852507166
20584000 -8.01955616385708
20585000 -8.01189432774102
20586000 -8.02564990167718
20587000 -8.04553546463191
20588000 -8.05802104223865
20589000 -8.05560066396044
20590000 -8.01161287965657
20591000 -8.01546855952449
20592000 -8.01791019598365
20593000 -8.04820665735969
20594000 -8.06217458274834
20595000 -8.04833904577232
20596000 -8.03122123196504
20597000 -8.0282516477919
20598000 -8.06709196171754
20599000 -8.07524818673089
20600000 -8.06195302833135
20601000 -8.01586844904163
20602000 -8.00225821766324
20603000 -7.97967762770525
20604000 -8.02617206391486
20605000 -8.05188724069051
20606000 -8.06399189362691
20607000 -8.03622108972718
20608000 -8.01786000624927
20609000 -8.01301369885499
20610000 -8.02543214312683
20611000 -8.03027418894587
20612000 -8.03754799760326
20613000 -8.0392131577755
20614000 -8.02430981056829
20615000 -8.01099373951141
20616000 -8.03897167473709
20617000 -8.03604001795408
20618000 -8.05134275135931
20619000 -8.02895394200792
20620000 -8.03858349078736
20621000 -8.03855318457713
20622000 -8.01162179219141
20623000 -8.03435155231568
20624000 -8.05016137482517
20625000 -8.06472838664705
20626000 -8.04765464764644
20627000 -8.01503279566056
20628000 -8.00464645738092
20629000 -8.01958401873112
20630000 -8.02122394093223
20631000 -8.03798974930292
20632000 -8.04184960991894
20633000 -8.04271863970626
20634000 -8.02751577512691
20635000 -8.00290999863656
20636000 -7.99744524267544
20637000 -7.99929271297817
20638000 -8.01749887933081
20639000 -8.05182957410606
20640000 -8.08594677272753
20641000 -8.07500489535354
20642000 -8.06113868866889
20643000 -8.05491010293819
20644000 -8.03359123740456
20645000 -8.02684162654049
20646000 -8.03998362171262
20647000 -8.03451407391513
20648000 -8.0366879508261
20649000 -8.03611771829217
20650000 -8.00828341140173
20651000 -7.99946913018301
20652000 -8.01447510143097
20653000 -8.0309362262307
20654000 -8.04516509194485
20655000 -8.05168223817677
20656000 -8.02347959257022
20657000 -8.01423586954269
20658000 -8.00706157631832
20659000 -8.01660236789983
20660000 -8.01007542877209
20661000 -8.0628623840649
20662000 -8.06611389940324
20663000 -8.06428463714162
20664000 -8.02004004434093
20665000 -8.00433912668976
20666000 -8.00196940895205
20667000 -8.02236140777686
20668000 -8.03746744322794
20669000 -8.0523771251212
20670000 -8.06122512176044
20671000 -8.03644709921379
20672000 -8.02019731359236
20673000 -8.02034841800837
20674000 -7.99821645480769
20675000 -8.02460960491047
20676000 -8.03547103965266
20677000 -8.04518440711525
20678000 -8.07742751346361
20679000 -8.03345572404107
20680000 -8.01278008061739
20681000 -8.01036604469785
20682000 -8.01672843901185
20683000 -8.02976033925876
20684000 -8.05833108870279
20685000 -8.05657209190502
20686000 -8.05028612928733
20687000 -8.0441342944534
20688000 -8.04530695479916
20689000 -8.02110160449966
20690000 -8.02160366026181
20691000 -8.04564772020967
20692000 -8.0350413857955
20693000 -8.03915056943364
20694000 -8.04354856389181
20695000 -8.04840819428929
20696000 -8.072831268354
20697000 -8.06192563328832
20698000 -8.06077338426042
20699000 -8.07033390662853
20700000 -8.0897640940858
20701000 -8.05648992880508
20702000 -8.03615053739758
20703000 -8.05190519683742
20704000 -8.03542439720142
20705000 -8.0509377192682
20706000 -8.04233158633235
20707000 -8.04148147440947
20708000 -8.05178143950305
20709000 -8.04786600156941
20710000 -8.06185488610122
20711000 -8.04039256978866
20712000 -8.04631773425016
20713000 -8.06315095074632
20714000 -8.0462723860653
20715000 -8.0564523490667
20716000 -8.05523869375568
20717000 -8.05716341074489
20718000 -8.05474911919217
20719000 -8.03926205528518
20720000 -8.03557715027119
20721000 -8.03727843188014
20722000 -8.04057186791134
20723000 -8.06948733195903
20724000 -8.03925565588167
20725000 -8.00642545533778
20726000 -8.02464804352842
20727000 -8.04803851633227
20728000 -8.0540137085299
20729000 -8.05272804151222
20730000 -8.04656800465252
20731000 -8.07183440897976
20732000 -8.04714127079011
20733000 -8.04938529555676
20734000 -8.03461923117406
20735000 -8.02826356205279
20736000 -8.02944774102875
20737000 -8.01934520296392
20738000 -8.01825359066541
20739000 -8.0302240485918
20740000 -8.06689020315939
20741000 -8.07443020701197
20742000 -8.05551562528383
20743000 -8.0611359468056
20744000 -8.03121283511131
20745000 -8.03771283465109
20746000 -8.047954757927
20747000 -8.06784150987452
20748000 -8.07945382273542
20749000 -8.0722705894508
20750000 -8.07647195012473
20751000 -8.08328041507293
20752000 -8.04282675553109
20753000 -8.02468180933592
20754000 -8.01993221642095
20755000 -8.02917717995587
20756000 -8.02857585771185
20757000 -8.0553167753657
20758000 -8.09307611195324
20759000 -8.10084941506893
20760000 -8.07351217357132
20761000 -8.06968986736632
20762000 -8.07706069844188
20763000 -8.0842708001558
20764000 -8.06703617302488
20765000 -8.07681212993825
20766000 -8.06618662561485
20767000 -8.05476391958485
20768000 -8.02292606581839
20769000 -8.02505576978298
20770000 -8.03719974600736
20771000 -8.03561970856411
20772000 -8.05003966754359
20773000 -8.06521957342523
20774000 -8.06257789342054
20775000 -8.07621794075338
20776000 -8.07696054074114
20777000 -8.09010960409664
20778000 -8.07423548479437
20779000 -8.0888833218829
20780000 -8.08134939977156
20781000 -8.09911131205493
20782000 -8.09661610699038
20783000 -8.05927988651034
20784000 -8.04535258324922
20785000 -8.04689700558821
20786000 -8.03326335248123
20787000 -8.03766981952688
20788000 -8.04841155803982
20789000 -8.0635459871461
20790000 -8.05588976681147
20791000 -8.09939206257505
20792000 -8.08185096773956
20793000 -8.09719235671478
20794000 -8.07675310132119
20795000 -8.08623131829241
20796000 -8.08307693568771
20797000 -8.08143972496334
20798000 -8.09278763187293
20799000 -8.09556534956361
20800000 -8.08316260289325
20801000 -8.08087611970992
20802000 -8.07886692974343
20803000 -8.04478429218389
20804000 -8.050546229838
20805000 -8.04877401165305
20806000 -8.01997185201761
20807000 -8.06466683539948
20808000 -8.07615121730758
20809000 -8.09626826774149
20810000 -8.10535701921228
20811000 -8.09036921212392
20812000 -8.0774420545592
20813000 -8.09273305647255
20814000 -8.06134880181768
20815000 -8.05075897242871
20816000 -8.06533882613136
20817000 -8.06095841866727
20818000 -8.0511241633284
20819000 -8.0285265201818
20820000 -8.03590824169193
20821000 -8.05236111389428
20822000 -8.05828193738928
20823000 -8.0420064422039
20824000 -8.06905785452883
20825000 -8.11371750640717
20826000 -8.1405002094404
20827000 -8.1309846349341
20828000 -8.10933729519599
20829000 -8.10549946729729
20830000 -8.10524997651696
20831000 -8.0683334557983
20832000 -8.06841051240379
20833000 -8.045509474158
20834000 -8.04006265795931
20835000 -8.0400689179051
20836000 -8.04859326608334
20837000 -8.03125321521659
20838000 -8.03555546380656
20839000 -8.05712081158219
20840000 -8.09334517527056
20841000 -8.11317493106838
20842000 -8.08179125274919
20843000 -8.1136967051454
20844000 -8.10216660016719
20845000 -8.10721763172242
20846000 -8.11955421617985
20847000 -8.12379698897435
20848000 -8.11349927843558
20849000 -8.09638576399389
20850000 -8.08235379421805
20851000 -8.06571801974013
20852000 -8.04546517267109
20853000 -8.01543412552598
20854000 -8.02782959108094
20855000 -8.03146460164028
20856000 -8.08813728687429
20857000 -8.08761776855139
20858000 -8.1143687111107
20859000 -8.11263516231451
20860000 -8.12425863795514
20861000 -8.11997078564937
20862000 -8.10920946717282
20863000 -8.10272347996031
20864000 -8.08496609277798
20865000 -8.0943411996805
20866000 -8.09693059332088
20867000 -8.0887048673819
20868000 -8.03563873899343
20869000 -8.02863157440196
20870000 -8.04894265977615
20871000 -8.05375827616683
20872000 -8.05600743454687
20873000 -8.07106260032846
20874000 -8.08878128478431
20875000 -8.10767333564281
20876000 -8.1105570654857
20877000 -8.11495478818608
20878000 -8.11174470683722
20879000 -8.14459575753284
20880000 -8.12930394269998
20881000 -8.11551838729737
20882000 -8.1056303293876
20883000 -8.07658571297357
20884000 -8.05761959813183
20885000 -8.06563410891327
20886000 -8.06390757238565
20887000 -8.0690518972104
20888000 -8.05134801438552
20889000 -8.08820276064833
20890000 -8.11015652966043
20891000 -8.11106010900739
20892000 -8.11821761258195
20893000 -8.11393496364868
20894000 -8.13712611958939
20895000 -8.13186853030507
20896000 -8.1267098536289
20897000 -8.10366841149405
20898000 -8.08481721240339
20899000 -8.08828003474542
20900000 -8.06884041634646
20901000 -8.05753719367982
20902000 -8.047017367236
20903000 -8.04582926395089
20904000 -8.04718517278665
20905000 -8.04653107168561
20906000 -8.06631907178163
20907000 -8.087737474677
20908000 -8.12402851821695
20909000 -8.12426704739971
20910000 -8.1306926070484
20911000 -8.14843212907402
20912000 -8.13060107206125
20913000 -8.11939255998203
20914000 -8.10102663941875
20915000 -8.07738576260244
20916000 -8.06321522857179
20917000 -8.06594405008842
20918000 -8.05728435135199
20919000 -8.04394477501772
20920000 -8.05522540849049
20921000 -8.0646015676745
20922000 -8.10051484966954
20923000 -8.10669477389336
20924000 -8.10772690324231
20925000 -8.09090339094269
20926000 -8.0963493194498
20927000 -8.10524273953856
20928000 -8.10808118567133
20929000 -8.11513458867779
20930000 -8.12896673310695
20931000 -8.14253162207805
20932000 -8.12027349159114
20933000 -8.11440009340033
20934000 -8.08897455407658
20935000 -8.06490429534812
20936000 -8.06928588436009
20937000 -8.04234455988702
20938000 -8.04846375939548
20939000 -8.05747741454324
20940000 -8.09705809913978
20941000 -8.13358481996558
20942000 -8.1254763533472
20943000 -8.10964409777168
20944000 -8.11021890818186
20945000 -8.12010667509675
20946000 -8.12533694723391
20947000 -8.13449321654762
20948000 -8.12947210272119
20949000 -8.1089440733966
20950000 -8.10071642874622
20951000 -8.08377929236388
20952000 -8.06549235902594
20953000 -8.06805201416173
20954000 -8.07497852230086
20955000 -8.10671265232992
20956000 -8.10292347184319
20957000 -8.12374123379609
20958000 -8.14220697274448
20959000 -8.15030720565367
20960000 -8.15305855861498
20961000 -8.13497918452592
20962000 -8.15434358980582
20963000 -8.17114263595998
20964000 -8.12413335239285
20965000 -8.09894660819241
20966000 -8.09276962664338
20967000 -8.09603298166946
20968000 -8.08103231821626
20969000 -8.06466344508214
20970000 -8.06946561439307
20971000 -8.09785732622097
20972000 -8.11758657506709
20973000 -8.12784830963887
20974000 -8.15039906411983
20975000 -8.15799170570348
20976000 -8.15357464560547
20977000 -8.14560631316153
20978000 -8.12117954432047
20979000 -8.1079232241963
20980000 -8.12195605242657
20981000 -8.12129925289796
20982000 -8.14441565819492
20983000 -8.13196927219686
20984000 -8.13212389107071
20985000 -8.07951222357054
20986000 -8.07409933610336
20987000 -8.11367217759556
20988000 -8.09629725794159
20989000 -8.12258439466349
20990000 -8.12281780950291
20991000 -8.14006098858295
20992000 -8.13886438853761
20993000 -8.16567531283203
20994000 -8.17854669777071
20995000 -8.14794502657085
20996000 -8.16052729826202
20997000 -8.1443938819879
20998000 -8.14447987095317
20999000 -8.10401347585741
21000000 -8.10078241176445
21001000 -8.11836899775943
21002000 -8.09801107245129
21003000 -8.11535313955659
21004000 -8.11189635258895
21005000 -8.07916490809615
21006000 -8.09334670252998
21007000 -8.10038776562949
21008000 -8.1112380923094
21009000 -8.1451799622394
21010000 -8.14741093904382
21011000 -8.15974802886045
21012000 -8.12230151030544
21013000 -8.11956870696093
21014000 -8.11709697317374
21015000 -8.09289067291174
21016000 -8.10533223829081
21017000 -8.10065728909913
21018000 -8.08110744450009
21019000 -8.10751943274902
21020000 -8.09075321683131
21021000 -8.08889676855231
21022000 -8.11214262852062
21023000 -8.1265450801993
21024000 -8.12945542578845
21025000 -8.11077107225085
21026000 -8.11853700345574
21027000 -8.11597602959459
21028000 -8.1289808079186
21029000 -8.15390810652445
21030000 -8.1294102737729
21031000 -8.12214522112097
21032000 -8.11852803497765
21033000 -8.12736617029106
21034000 -8.12310998692279
21035000 -8.12313848770054
21036000 -8.14016904007142
21037000 -8.1145084216083
21038000 -8.12378738588329
21039000 -8.11637196616769
21040000 -8.14902862436004
21041000 -8.13128958366519
21042000 -8.1530846098235
21043000 -8.16597411804749
21044000 -8.16502286028085
21045000 -8.17494095229562
21046000 -8.13880289333095
21047000 -8.12997810195543
21048000 -8.12583579902574
21049000 -8.12751364499194
21050000 -5.09769465326788
21051000 0.35704950571066
21052000 -0.355014545761767
21053000 0.331792727554992
21054000 -0.282739626206406
21055000 -0.0496316469077049
21056000 -0.22012243178618
21057000 -0.194490804341736
21058000 -0.110472607981053
21059000 -0.152820120098295
21060000 -0.151843874756535
21061000 -0.188191280033593
21062000 -0.197181618673271
21063000 -0.0903415917806008
21064000 -0.0776632475069633
21065000 0.0673887492158398
21066000 -0.00477914838192328
21067000 0.0590320812722886
21068000 -0.0807776875975505
21069000 -0.00405764527639279
21070000 -0.062721918255328
21071000 -0.100278218984525
21072000 -0.0854460524498732
21073000 -0.0781823232185344
21074000 -0.0556244591356275
21075000 0.0266846536397672
21076000 -0.0698641790513555
21077000 -0.00791691310375346
21078000 -0.00142966363528365
21079000 -0.0634631996609776
21080000 0.0229660873271824
21081000 -0.140659115316591
21082000 0.0315891906645273
21083000 -0.0569864536709427
21084000 0.0868924507648712
21085000 -0.0164830684372318
21086000 0.0155757522188673
21087000 -0.0226657138206573
21088000 -0.0206054386668809
21089000 0.042295479677659
21090000 0.0227916667134907
21091000 0.041868644443241
21092000 0.0607575259603281
21093000 0.0120254623396278
21094000 0.0121306985641673
21095000 0.0421461789256599
21096000 0.0995315860930809
21097000 0.00742615896948273
21098000 0.0826734656844136
21099000 0.089292441320747
21100000 0.0293718250710268
21101000 0.102239267468182
21102000 -0.0204250312106295
21103000 0.121830648234671
21104000 -0.0159874615875784
21105000 0.0618955703073746
21106000 0.0682173900427909
21107000 -0.00784874916592717
21108000 0.0576840089186264
21109000 0.00170361168537219
21110000 0.0166385809569548
21111000 0.0454763221615365
21112000 0.026347208729544
21113000 -0.0269330338930252
21114000 0.0318788894591476
21115000 0.013314495024798
21116000 0.0193726417973927
21117000 0.00608427101200727
21118000 0.0410541967501187
21119000 0.0185690837455323
21120000 0.0846836524739765
21121000 0.032195483760126
21122000 0.0392990155458193
21123000 0.0182712058659841
21124000 0.0612297763494359
21125000 -0.00842702757831628
21126000 -0.0452504155387178
21127000 0.0106319973096155
21128000 0.00169522040526545
21129000 0.055767876136872
21130000 0.013043272223234
21131000 0.0806683483119271
21132000 0.0515285063183971
21133000 0.024123288325793
21134000 -0.0128051724435297
21135000 -0.016136006968245
21136000 -0.0319021239525114
21137000 -0.00597568124847227
21138000 -0.0195457155126231
21139000 0.041347880371243
21140000 0.0245139422993049
21141000 0.00751295932558815
21142000 -0.0308827217818504
21143000 0.0498897804311544
21144000 0.0344585404605546
21145000 0.0490454539397184
21146000 0.00791794979732558
21147000 -0.00985312029904549
21148000 -0.00837620524036341
21149000 -0.0141628304994348
21150000 0.0499206079630001
21151000 -0.013232268296453
21152000 0.0496964096941151
21153000 0.014387324105896
21154000 0.0385877352241889
21155000 0.0554821975773171
21156000 0.0386014854965996
21157000 0.037552478850435
21158000 0.054643804364781
21159000 0.00881104048258812
21160000 0.0638249231389957
21161000 -0.0304711895543472
21162000 0.0694599611861323
21163000 -0.043494092855827
21164000 0.0720534199651259
21165000 0.00025927135182031
21166000 0.016162810497724
21167000 0.0755268689162919
21168000 -0.0189208177108658
21169000 0.0667458529255434
21170000 -0.0335139345139888
21171000 0.0318832183366868
21172000 0.0231006210842841
21173000 -0.00636487647318907
21174000 0.0174896129730047
21175000 -0.0248158105088068
21176000 0.0410851055067049
21177000 -0.000284662758280392
21178000 0.0527943372050297
21179000 0.0235825239084728
21180000 0.028980911176312
21181000 0.0542794930178989
21182000 -0.00553636570111889
21183000 0.0372424336461195
21184000 -0.0360369122644494
21185000 0.00130064952231337
21186000 0.00320630822136723
21187000 -0.0229397727852913
21188000 0.0265196501568316
21189000 0.00760444375300265
21190000 0.0384067630621699
21191000 0.0373138402875288
21192000 0.0128126816696276
21193000 0.0174283550100168
21194000 0.0347287250271519
21195000 0.00238600488465639
21196000 0.0282407162864
21197000 -0.0186571043670112
21198000 0.0419262987641662
21199000 0.0269750716330612
21200000 -0.00164563437510319
21201000 -0.00678029176243948
21202000 -0.0152307505585237
21203000 0.0326775871720428
21204000 -0.0537306542266682
21205000 0.0559637249171489
21206000 0.0144026282132374
21207000 -0.0021381254134234
21208000 0.00131142585316116
21209000 -0.022175087781736
21210000 0.0124959614428719
21211000 -0.0315078011718117
21212000 0.0373745496193906
21213000 -0.019114524101078
21214000 0.0800150384196693
21215000 -0.0294538863557441
21216000 0.0299116850647603
21217000 0.0227519037869111
21218000 0.0433962978869101
21219000 -0.00138226510551262
21220000 -0.0289303139005645
21221000 0.0277977115877336
21222000 0.000577053825087638
21223000 0.0109456794911259
21224000 0.00163536208443505
21225000 0.00890414180996913
21226000 -0.023989666106153
21227000 0.0682006466073003
21228000 0.0326352432102519
21229000 -0.0134912230474854
21230000 -0.0142589271639513
21231000 0.015829247002561
21232000 -0.000821177319728356
21233000 0.0228841649627572
21234000 0.00733478983680521
21235000 0.0144063265233127
21236000 0.0472991898554914
21237000 0.0208148217925447
21238000 0.0232816430113057
21239000 0.048362535570108
21240000 0.0105084521131252
21241000 0.0347622470274015
21242000 0.0195132708610798
21243000 -0.0368106863161589
21244000 0.0451323976385956
21245000 -0.0721989888178586
21246000 0.0449187216790951
21247000 -0.00523102170412154
21248000 -0.022222356884139
21249000 0.0236610275715337
21250000 -0.00666015543013797
21251000 0.0359121139852852
21252000 0.00233248054619031
21253000 0.0142912634041616
21254000 1.97249426661441e-05
21255000 -0.0268839844536082
21256000 0.0112239131166671
21257000 -0.0129885097477092
21258000 0.0554644453569012
21259000 -0.000626904735306718
21260000 -0.0217320657755857
21261000 0.0350395497378354
21262000 -0.0656464106725991
21263000 0.0327745108999882
21264000 -0.0360493880562752
21265000 0.0598524652658873
21266000 -0.0155282282448016
21267000 0.031665073358924
21268000 -0.0093928720138567
21269000 0.0315659405022412
21270000 -0.00869004609148245
21271000 0.00103691968308486
21272000 0.0303570321989198
21273000 -0.0351028938317136
21274000 0.0164409904596456
21275000 -0.0396963056778109
21276000 0.0430876784338467
21277000 -0.0038661328978557
21278000 0.0218975189806146
21279000 0.011829449753439
21280000 0.00465442548711783
21281000 0.0107765681737258
21282000 0.00683484065886976
21283000 0.00244573442081614
21284000 -0.0162665674072591
21285000 0.00654789608648248
21286000 0.0301733580464898
21287000 -0.00589893650166654
21288000 0.0215586660286213
21289000 -0.0437470490338533
21290000 0.0387766549788177
21291000 -0.0373930779900453
21292000 0.0392250695775263
21293000 -0.0471716916507717
21294000 -0.0211611546631492
21295000 0.0878353868236708
21296000 -0.0448680747105919
21297000 0.0179877955407725
21298000 -0.0322716227038193
21299000 0.00562787931185502
21300000 -0.00346903941030144
21301000 -0.00800033841674669
21302000 -0.00561202238450046
21303000 0.0251345811143547
21304000 0.0269448627880669
21305000 0.00540855319796489
21306000 -0.0323558784592529
21307000 0.0482787661069193
21308000 -0.0199840053296515
21309000 -0.0253686312990661
21310000 -0.0178753159628367
21311000 -0.00933978846535977
21312000 -0.00459397880799688
21313000 0.00140951640051684
21314000 0.0055403514545927
21315000 -0.0529494584596369
21316000 0.000391993429695351
21317000 0.0241318123506494
21318000 -0.00875849945230557
21319000 -0.00810928516109654
21320000 -0.0118547376199079
21321000 -0.00511100335222119
21322000 0.0138137984224661
21323000 0.0412932024492732
21324000 -0.0097494310988638
21325000 0.00233247957923956
21326000 -0.0145543753185925
21327000 0.0412447953459162
21328000 -0.0292969909868431
21329000 -0.03441671327747
21330000 0.0279475911104373
21331000 -0.0303055873032568
21332000 0.00197660744576536
21333000 -0.0441522844604847
21334000 -0.00899213691817755
21335000 0.00317886307685549
21336000 -0.00137894395641095
21337000 0.0419108899216328
21338000 -0.0439860554328623
21339000 0.000660929308259556
21340000 -0.0163546347664929
21341000 0.00887350926463858
21342000 -0.0307217775628144
21343000 0.0388466982276868
21344000 -0.0420681221972479
21345000 -0.0181227442046783
21346000 -0.0076124078280401
21347000 0.0123128760241998
21348000 0.00490449748201083
21349000 -0.0221413630724916
21350000 -0.0265220003684541
21351000 -0.0368661458690057
21352000 0.0395666444161847
21353000 -0.0201811828207188
21354000 -0.0091955061484856
21355000 0.027656204229349
21356000 -0.0355242118345351
21357000 -0.0379885902436536
21358000 0.0133469672896887
21359000 -0.0356092822064864
21360000 0.00529121787753911
21361000 -0.0205432091495423
21362000 0.0431624335411223
21363000 -0.0793530202880814
21364000 0.0266396755273698
21365000 -0.0108775255335888
21366000 0.00706644114507184
21367000 -0.0590043722828604
21368000 -0.014292981216558
21369000 0.00670385187403857
21370000 -0.0133903836482159
21371000 -0.0449799919302764
21372000 0.00242359000615335
21373000 -0.0455243086026062
21374000 0.019379127519669
21375000 -0.0544082855476296
21376000 0.0556374588034095
21377000 -0.0177162463611401
21378000 0.0472400248173216
21379000 0.00707749466065188
21380000 -0.0301589200156964
21381000 0.0382234442747426
21382000 -0.0423836557273792
21383000 0.0176596270400209
21384000 -0.0545896339821622
21385000 -0.0172222904639458
21386000 0.00562246551457174
21387000 -0.0124428578081937
21388000 0.00250156750892352
21389000 0.0286889334001863
21390000 -0.0669475679299319
21391000 -0.0260583457483748
21392000 0.0347853100133619
21393000 -0.0554978774668251
21394000 0.0201049069789756
21395000 0.00147478765423408
21396000 -0.0338922874184291
21397000 0.0215551986674248
21398000 -0.0169835199419098
21399000 0.00856320464529926
21400000 -0.0294240136064566
21401000 0.0308099453856495
21402000 -0.0337900142833072
21403000 -0.011213342341343
21404000 -0.00563880705252716
21405000 0.0249559525170264
21406000 0.00762149724151436
21407000 -0.0288242330197976
21408000 0.034753813442268
21409000 -0.0223554719763994
21410000 0.0283584603010688
21411000 -0.0190612723668885
21412000 0.00232809312062455
21413000 -0.0341817372237115
21414000 -0.0250376600965203
21415000 0.00511977327102061
21416000 -0.0709892379899007
21417000 -0.0114421706403011
21418000 -0.040581176534865
21419000 -0.0117812560294607
21420000 -0.0394530405075795
21421000 -0.0183880196032608
21422000 -0.00216740069811574
21423000 0.00123065841894837
21424000 0.00788115781055682
21425000 -0.020507209823001
21426000 -0.00705109775429432
21427000 -0.0104680309841667
21428000 -0.0273563884640897
21429000 -0.0511448020005532
21430000 -0.037295900412371
21431000 -0.0195499146356604
21432000 -0.0586624127021034
21433000 0.0296888899268707
21434000 0.00784421188801511
21435000 -0.0718703690074544
21436000 -0.0201859106329871
21437000 -0.0262731219092568
21438000 -0.0252302244215485
21439000 -0.0199016688798379
21440000 -0.0309316142495381
21441000 0.022511424528494
21442000 -0.0293802908902952
21443000 -0.00829182996595748
21444000 -0.0318394596959521
21445000 -0.0034691536453957
21446000 -0.0377857990946769
21447000 -0.00680021750323337
21448000 -0.0233834869730317
21449000 -0.0323501558986837
21450000 -0.0246620261443228
21451000 -0.0224209238141063
21452000 -0.0292127955875904
21453000 0.0122515374786007
21454000 -0.0214212957150601
21455000 0.00719336672718532
21456000 -0.0158539427729882
21457000 -0.0345561785465268
21458000 0.00593765051827086
21459000 -0.0143553802972286
21460000 0.0153684872074382
21461000 -0.0200367025384207
21462000 -0.0479730744639233
21463000 0.0213901328651817
21464000 -0.0166137699510765
21465000 -0.00568650975095035
21466000 -0.00465746447269772
21467000 -0.0136219178994821
21468000 -0.0100780421374424
21469000 0.0361808215782714
21470000 -0.0275859664579335
21471000 -0.020352524358748
21472000 -0.0178877095071564
21473000 -0.0265741592301943
21474000 -0.0351065006984078
21475000 -0.00329191266988411
21476000 -0.044803149414235
21477000 -0.0609455561987185
21478000 -0.02027975051059
21479000 -0.0408630973424839
21480000 -0.00684578051715017
21481000 -0.000966050093176535
21482000 -0.0184453086957626
21483000 -0.00120801549007412
21484000 -0.0617053359876878
21485000 -0.00616672559673978
21486000 -0.0112978228029881
21487000 -0.0446611506394325
21488000 -0.0436480496414213
21489000 0.036380835891964
21490000 -0.0846900566262304
21491000 -0.0221159827696685
21492000 -0.0196699293681001
21493000 -0.0110987492823412
21494000 -0.0215459539042764
21495000 -0.0618727680101392
21496000 0.018688217944284
21497000 -0.0376834036648385
21498000 -0.0296934994209749
21499000 -0.0443588912147423
21500000 -0.0231752710447638
21501000 -0.0433416279602357
21502000 0.0117312089306197
21503000 -0.0360392037764222
21504000 -0.0213274918621625
21505000 0.0214833159216722
21506000 -0.0474176449275494
21507000 -0.0183685177397371
21508000 -0.0505190948644452
21509000 -0.0463694590872274
21510000 -0.0736890143085638
21511000 -0.0357562873052156
21512000 0.00294666551543
21513000 -0.0413555335903487
21514000 0.00765412169704785
21515000 -0.0791937572320868
21516000 -7.23460010348099e-05
21517000 -0.0512755573646254
21518000 -0.0459312984639964
21519000 0.000466250676698514
21520000 -0.095459757668699
21521000 -0.0225820289820196
21522000 -0.0614639287005152
21523000 -0.0184779175826552
21524000 0.0158316823392827
21525000 -0.0703924264546525
21526000 -0.00659269849661388
21527000 -0.0790818580287784
21528000 -0.00999694668068176
21529000 -0.0505299535538473
21530000 -0.00608606146465196
21531000 -0.0529596185411354
21532000 -0.0119997278516794
21533000 -0.0164611311481846
21534000 -0.0506858272929255
21535000 -0.0658568433395631
21536000 0.00226372915629024
21537000 -0.0591908705757677
21538000 0.00167633621477469
21539000 -0.0611362638020728
21540000 0.0302619228251198
21541000 -0.0425230338540322
21542000 -0.0150538620852976
21543000 -0.0710960805579337
21544000 -0.0531938745213543
21545000 -0.0160559318756478
21546000 -0.0458754260565099
21547000 -0.0175288592456572
21548000 -0.0573102693346526
21549000 -0.0162106563070832
21550000 -0.046293394629338
21551000 -0.0478812264991894
21552000 -0.0386622835701801
21553000 -0.0606736582217327
21554000 -0.0268914051979441
21555000 -0.041633233989862
21556000 -0.0508009735742453
21557000 -0.0176318670933364
21558000 0.000230975125456596
21559000 -0.0458334242616699
21560000 -0.0584101928907982
21561000 -0.00890164179491586
21562000 -0.0619872069874023
21563000 -0.0381835322308852
21564000 -0.0221729161726573
21565000 -0.0206243805247984
21566000 -0.0479712225261649
21567000 -0.0200746600031422
21568000 -0.0655095384960506
21569000 -0.0462683944406854
21570000 -0.0270664895957896
21571000 -0.0198385008118349
21572000 -0.0578039169327411
21573000 0.021905970318445
21574000 -0.0616419703535849
21575000 -0.0563487603706278
21576000 -0.0299307533711013
21577000 -0.0486926059412424
21578000 -0.029762214808871
21579000 -0.0324005366657678
21580000 -0.0497294530656679
21581000 -0.0267640663196859
21582000 0.0122158196274975
21583000 -0.0824681609403905
21584000 -0.0266974266050466
21585000 -0.0390718109922677
21586000 -0.0465311665400838
21587000 -0.020537161932459
21588000 -0.0223214504270124
21589000 -0.0176811309814999
21590000 -0.0387521169664196
21591000 -0.0523678383997268
21592000 -0.0470331294329113
21593000 -0.0553646261153501
21594000 -0.030925514860969
21595000 -0.0314166718273062
21596000 -0.065209409442438
21597000 -0.00263742792455586
21598000 -0.0317337953328031
21599000 0.00170951336651075
21600000 -0.0510375756486321
21601000 -0.0264828667351675
21602000 -0.00454926541145464
21603000 -0.0766196696196375
21604000 -0.0339207241984544
21605000 -0.0797652147532041
21606000 -0.0198398997332419
21607000 -0.0852593061349603
21608000 -0.021807452005754
21609000 -0.0257259037940322
21610000 -0.0392805615110399
21611000 -0.0165645221725122
21612000 -0.0606092954996647
21613000 0.0150210443647185
21614000 -0.0156550296861957
21615000 -0.0666088089272291
21616000 -0.0219543432337216
21617000 -0.0143111367555689
21618000 -0.0295769733050546
21619000 -0.0365296325499449
21620000 -0.0372774974295919
21621000 -0.0258921152513867
21622000 -0.0309754764490794
21623000 -0.00775227464139957
21624000 -0.0636230320682422
21625000 -0.0287378246680853
21626000 -0.0616500490068363
21627000 -0.0528586237626045
21628000 -0.0565694099336886
21629000 -0.0138663484185659
21630000 -0.0197538950480832
21631000 -0.0445205864774209
21632000 -0.0338449459170747
21633000 -0.0852492693132588
21634000 -0.0648646273978169
21635000 -0.0417287520989559
21636000 -0.0300504840272664
21637000 -0.0609157954473152
21638000 -0.0461817243033604
21639000 -0.0365453907228028
21640000 -0.0377174212955644
21641000 -0.00814170702931927
21642000 0.0202152079744419
21643000 -0.040608264380172
21644000 -0.0379306777472561
21645000 -0.0411838868320419
21646000 -0.0227994586395213
21647000 -0.00707891365799156
21648000 -0.0233354429214676
21649000 -0.0236609555871698
21650000 -0.0975497037049785
21651000 0.0302199773388779
21652000 -0.0247233218957101
21653000 -0.00302605236229383
21654000 -0.0499282781748855
21655000 -0.0376001032124681
21656000 -0.00691160109783874
21657000 -0.0614443383615333
21658000 -0.00263406556352654
21659000 -0.0494432566317121
21660000 -0.0456217258818999
21661000 -0.0277436802597846
21662000 -0.0123620242135888
21663000 -0.00112089920927602
21664000 -0.0396858081091425
21665000 0.0205288746516541
21666000 -0.0959200365786918
21667000 -0.00493691792621005
21668000 -0.0155619393157407
21669000 -0.0417209242373428
21670000 0.00450291825705945
21671000 -0.0622425925239283
21672000 -0.0663710635806141
21673000 -0.0113365480812758
21674000 -0.0473916957434477
21675000 0.00193795483576417
21676000 -0.0635742909125329
21677000 -0.0176144745842516
21678000 -0.0812986531320533
21679000 -0.00845875693847892
21680000 -0.0585027092347243
21681000 0.0103100261199121
21682000 -0.0690342694194314
21683000 -0.00898097682522896
21684000 -0.0366495777168119
21685000 0.00557189140630047
21686000 -0.0415054234212597
21687000 -0.0329754195056659
21688000 -0.0246120411521805
21689000 -0.00507988975603057
21690000 -0.0726327827354903
21691000 -0.0279720706539892
21692000 -0.00813127101630395
21693000 -0.0618390331681502
21694000 -0.0661245063154142
21695000 0.031407961426615
21696000 -0.0128804547300934
21697000 -0.0185946688744393
21698000 -0.0712108254053516
21699000 -0.0307618961350706
21700000 -0.0588308669030841
21701000 -0.00665073020347906
21702000 -0.0308706286003304
21703000 -0.0436235351558625
21704000 -0.0191668587502954
21705000 -0.0493134968539573
21706000 -0.0205798606719054
21707000 -0.0334625973568612
21708000 -0.0849983691659191
21709000 0.00755044187771166
21710000 -0.0585126186922791
21711000 -0.000510683323911607
21712000 -0.0606090605856887
21713000 -0.0271706873121637
21714000 -0.0258011324212232
21715000 -0.059297919206049
21716000 0.0640579810273921
21717000 -0.0813071031792206
21718000 -0.000229673006975716
21719000 -0.0677110393715326
21720000 -0.0416730015944376
21721000 -0.0832153043699478
21722000 -0.0106983576431635
21723000 -0.0713874124880766
21724000 -0.0334790854089035
21725000 -0.0202289576267387
21726000 -0.0293421434484115
21727000 -0.0843684092315206
21728000 -0.0428193468847651
21729000 -0.0243645608627908
21730000 -0.0553401322784957
21731000 -0.00879566097867748
21732000 -0.0689522324718687
21733000 -0.0188072959521529
21734000 -0.0601052157354141
21735000 -0.0613948390383792
21736000 -0.0131518695738213
21737000 -0.0129303731454711
21738000 -0.0120004019046548
21739000 -0.0202717379450475
21740000 -0.0773189515127903
21741000 -0.0650059419310029
21742000 -0.0955812450432395
21743000 -0.0274735712812609
21744000 -0.0940586318869806
21745000 -0.016799526390922
21746000 -0.0811708386122812
21747000 -0.0390501921429037
21748000 -0.0544956400801334
21749000 -0.0120393285735507
21750000 -0.046498490490421
21751000 -0.0268588764446771
21752000 -0.0537666381368257
21753000 -0.0586711700358019
21754000 -0.0115534821525066
21755000 -0.0346011436336441
21756000 -0.0608676146903454
21757000 -0.0489027139203255
21758000 -0.0303752876457278
21759000 -0.0939250047598237
21760000 0.00857256014893693
21761000 -0.107331689753752
21762000 -0.0183749863582566
21763000 -0.0838155323244125
21764000 0.0131297173381352
21765000 -0.0969110995739656
21766000 -0.0598178640277796
21767000 -0.0661664473383137
21768000 -0.0186298169008549
21769000 -0.0633285771395391
21770000 -0.0410716590573401
21771000 -0.0708233531950788
21772000 -0.0564112470364778
21773000 -0.0185399094521113
21774000 -0.0596354256114446
21775000 -0.0330334423801545
21776000 -0.0506820873185215
21777000 -0.059880259691058
21778000 -0.115311830327378
21779000 -0.0424866009407475
21780000 -0.082093036155715
21781000 -0.0290427644240234
21782000 -0.0509410378706237
21783000 -0.0800282047886862
21784000 -0.0477907073089695
21785000 -0.0548294497985829
21786000 -0.0504856169279898
21787000 -0.0448256462627628
21788000 -0.0616196438225286
21789000 -0.051908905105017
21790000 -0.0658103043462684
21791000 -0.0311180428964925
21792000 -0.0279638147207157
21793000 -0.0723392336809629
21794000 -0.0747617251112106
21795000 -0.0394352647369112
21796000 -0.0773726635089757
21797000 -0.0373598991678521
21798000 -0.0298217981173796
21799000 -0.0701801313410688
21800000 -0.0324972974001536
21801000 -0.0189687483838872
21802000 -0.0922283756835906
21803000 -0.0688799833760152
21804000 -0.081243245125644
21805000 -0.0356074744685649
21806000 -0.116800579511434
21807000 -0.0196915796459074
21808000 -0.132059741196061
21809000 -0.0404452102341553
21810000 -0.0615737651585414
21811000 -0.0367354999226514
21812000 -0.0475388089407924
21813000 -0.0803215136499387
21814000 -0.0590026872484371
21815000 -0.0977427613287182
21816000 -0.0193067712461229
21817000 -0.0750605932688916
21818000 -0.0331530460468813
21819000 -0.0522149696184533
21820000 -0.0651448474844735
21821000 -0.0845670048440205
21822000 -0.0441680835738523
21823000 -0.0817800645358392
21824000 -0.0753287599304239
21825000 -0.0696740763030781
21826000 -0.0737866241292396
21827000 -0.0397819534571388
21828000 -0.0959760144687372
21829000 -0.0591654389671313
21830000 -0.0442419240026685
21831000 -0.0542738201095869
21832000 -0.041674812011815
21833000 -0.0725602303195465
21834000 -0.0713061516648226
21835000 -0.0746755004774268
21836000 -0.0697353661145732
21837000 -0.0383988093594231
21838000 -0.0568937719337247
21839000 -0.0577528192881458
21840000 -0.0182301197841811
21841000 -0.0816019431704475
21842000 -0.0538695269763433
21843000 -0.0791987933141442
21844000 -0.0301592895410788
21845000 -0.0517882375936115
21846000 -0.0474274030208665
21847000 -0.0725235447778893
21848000 -0.0636478283064406
21849000 -0.0709060207800345
21850000 -0.094172379830772
21851000 -0.09860054891828
21852000 -0.0360710595822036
21853000 -0.0711552686931304
21854000 -0.0928129151813911
21855000 -0.0576468536202277
21856000 -0.0673121766280302
21857000 -0.0425759427174455
21858000 -0.10696720611819
21859000 -0.0852134375040645
21860000 -0.0393033286444091
21861000 -0.102611414892662
21862000 -0.0272132103330901
21863000 -0.0655062027692448
21864000 -0.0665162838724645
21865000 -0.0920244521857145
21866000 -0.0622776929145245
21867000 -0.0593317371022022
21868000 -0.0685867206281139
21869000 0.000320826154909542
21870000 -0.107860999768258
21871000 -0.0700617025513414
21872000 -0.0691637096127772
21873000 -0.0692170183229682
21874000 -0.0744261678966579
21875000 -0.0733574599115275
21876000 -0.0653153733576299
21877000 -0.0693347034317219
21878000 -0.0530067538674489
21879000 -0.0766108839658763
21880000 -0.0684627506787971
21881000 -0.0703886093339595
21882000 -0.0517274544338316
21883000 -0.0895350964896769
21884000 -0.057759373141522
21885000 -0.0831014442865041
21886000 -0.0446474278539573
21887000 -0.0565026090758787
21888000 -0.050839293226426
21889000 -0.0800984837248097
21890000 -0.0749267040853793
21891000 -0.0865690387105707
21892000 -0.0701721693124435
21893000 -0.0609468368223386
21894000 -0.111151444212239
21895000 -0.0256089588482252
21896000 -0.081682667125812
21897000 -0.0534113343075871
21898000 -0.0885101263644931
21899000 -0.0747535875618108
21900000 -0.133763849574559
21901000 -0.0605158721986356
21902000 -0.0512505797552155
21903000 -0.0861425166492593
21904000 -0.0776957355895461
21905000 -0.0629627467205431
21906000 -0.0874864979888449
21907000 -0.0880047689122657
21908000 -0.0613031341623558
21909000 -0.0921603037114264
21910000 -0.0659082376174516
21911000 -0.0758687292576357
21912000 -0.106486038147842
21913000 -0.0291060361648468
21914000 -0.115816874372277
21915000 -0.0228078261032954
21916000 -0.0821308198428905
21917000 -0.0565488656214805
21918000 -0.0731068659158904
21919000 -0.0871631813067433
21920000 -0.098423558318538
21921000 -0.104317115078135
21922000 -0.0963766133801489
21923000 -0.11836045440131
21924000 -0.102065356089439
21925000 -0.121897894571987
21926000 -0.0465867772073741
21927000 -0.0628949800950553
21928000 -0.0465960780251706
21929000 -0.134064640649046
21930000 -0.0753937334789871
21931000 -0.0937633891065297
21932000 -0.029576225222131
21933000 -0.117815055615391
21934000 -0.0399450072508133
21935000 -0.110789119616867
21936000 -0.07385826359432
21937000 -0.0913178868934733
21938000 -0.0947564125030334
21939000 -0.0781767630323994
21940000 -0.122796821225708
21941000 -0.0846853479464585
21942000 -0.0743817809411777
21943000 -0.0724895234888969
21944000 -0.115068399120602
21945000 -0.0557665505394881
21946000 -0.0982917468808632
21947000 -0.0996482862750254
21948000 -0.0977041346112067
21949000 -0.083709511339805
21950000 -0.12473172458352
21951000 -0.0800316462165752
21952000 -0.120060725220409
21953000 -0.0680301016812921
21954000 -0.0708864684453783
21955000 -0.0561285776814723
21956000 -0.0889339168345087
21957000 -0.112466467083327
21958000 -0.0962074504275657
21959000 -0.0962928041096465
21960000 -0.0962139753430229
21961000 -0.10523242853923
21962000 -0.042472792155144
21963000 -0.0854762392364229
21964000 -0.123387659846586
21965000 -0.0615331392451966
21966000 -0.0902115857425615
21967000 -0.120681275697401
21968000 -0.0939464123236798
21969000 -0.0786351229423542
21970000 -0.122606990196097
21971000 -0.0423791254669315
21972000 -0.0529062600645933
21973000 -0.141116948381196
21974000 -0.109496682896843
21975000 -0.0893386189847569
21976000 -0.0981265369363896
21977000 -0.102196493833133
21978000 -0.0827882752891209
21979000 -0.102644501245784
21980000 -0.119774206101186
21981000 -0.111847642767002
21982000 -0.0659898596524993
21983000 -0.0935980870381378
21984000 -0.109883499958014
21985000 -0.142052199688248
21986000 -0.0687442504669205
21987000 -0.135979325622023
21988000 -0.111701208409353
21989000 -0.108632782085797
21990000 -0.099375959690061
21991000 -0.0555075053900259
21992000 -0.12877266011938
21993000 -0.0980993591842292
21994000 -0.137800288661082
21995000 -0.0677147629075444
21996000 -0.0912249535553627
21997000 -0.0953250624762328
21998000 -0.116837614736343
21999000 -0.0961272838684645
22000000 -0.102057293209504
22001000 -0.134162255441543
22002000 -0.136425620184923
22003000 -0.112922128864383
22004000 -0.119403361956152
22005000 -0.104280228036771
22006000 -0.105920177762468
22007000 -0.0983408158864324
22008000 -0.0693900071641602
22009000 -0.109110773581563
22010000 -0.0905742479938309
22011000 -0.0986420485630199
22012000 -0.0881608311983738
22013000 -0.0979562869241472
22014000 -0.11541699736362
22015000 -0.101999834622128
22016000 -0.0767612685641407
22017000 -0.112205251297974
22018000 -0.0767507131473049
22019000 -0.108431409625854
22020000 -0.095845790075798
22021000 -0.107913806702097
22022000 -0.0788314387001073
22023000 -0.0843413128227332
22024000 -0.125775739529293
22025000 -0.124097462940182
22026000 -0.111021220816491
22027000 -0.0992926113069075
22028000 -0.103957395335407
22029000 -0.0770345957561483
22030000 -0.0394346911100433
22031000 -0.128213985161481
22032000 -0.0927179805094795
22033000 -0.135286944704476
22034000 -0.120659504937168
22035000 -0.116221413451622
22036000 -0.0296252435398153
22037000 -0.161831531884399
22038000 -0.104111481521546
22039000 -0.12127742462224
22040000 -0.126209821681848
22041000 -0.0879992537536539
22042000 -0.154019502296174
22043000 -0.0886859070480038
22044000 -0.116376155170877
22045000 -0.10713623976209
22046000 -0.11012763728415
22047000 -0.0832892889035507
22048000 -0.170385220360134
22049000 -0.148131147486675
22050000 -0.111056103152806
22051000 -0.122431675550307
22052000 -0.153700704349418
22053000 -0.0849901786717894
22054000 -0.123575709012126
22055000 -0.112369412053184
22056000 -0.116778004919303
22057000 -0.147532647612186
22058000 -0.0907470405879495
22059000 -0.095412182625502
22060000 -0.110597238645215
22061000 -0.125269891227802
22062000 -0.112382065063629
22063000 -0.127989703121043
22064000 -0.0975817136831999
22065000 -0.161751520599353
22066000 -0.117362280679461
22067000 -0.107664945917412
22068000 -0.111075399592841
22069000 -0.115918317856678
22070000 -0.0762621866540365
22071000 -0.135615300879501
22072000 -0.0486991220839666
22073000 -0.12064494863268
22074000 -0.029829893107265
22075000 -0.132494051397498
22076000 -0.0828085589673656
22077000 -0.0939237260799356
22078000 -0.0370276690934563
22079000 -0.161507015709581
22080000 -0.12063630581027
22081000 -0.103998121763872
22082000 -0.0967195948942141
22083000 -0.122018693355259
22084000 -0.103219711710486
22085000 -0.109688312376604
22086000 -0.120229399487323
22087000 -0.113219656605889
22088000 -0.108067188249708
22089000 -0.154735394457161
22090000 -0.1128238985235
22091000 -0.088073645164689
22092000 -0.131179458618481
22093000 -0.124367841775898
22094000 -0.1536632938065
22095000 -0.072748974244795
22096000 -0.10921564704373
22097000 -0.0863673378208289
22098000 -0.122818835683685
22099000 -0.116997589662955
22100000 -0.105113414246757
22101000 -0.141038491025377
22102000 -0.0807426346346874
22103000 -0.161822512670054
22104000 -0.094523951968869
22105000 -0.136043037638411
22106000 -0.114463563496705
22107000 -0.139913776236232
22108000 -0.059237470686954
22109000 -0.158217936402007
22110000 -0.0926411168389847
22111000 -0.0993860406185548
22112000 -0.119334551271992
22113000 -0.127709121623136
22114000 -0.0735598861155879
22115000 -0.123670774552076
22116000 -0.123176679513175
22117000 -0.142505885633784
22118000 -0.110808172216092
22119000 -0.0894024914528055
22120000 -0.141127340905459
22121000 -0.0817476880618575
22122000 -0.118319869840432
22123000 -0.10454148266554
22124000 -0.0924110343828527
22125000 -0.0812151183198313
22126000 -0.0850375081907245
22127000 -0.0957810897528142
22128000 -0.0923035629982193
22129000 -0.136194070771475
22130000 -0.115038301584155
22131000 -0.105784691388154
22132000 -0.0995011361183429
22133000 -0.120693339115741
22134000 -0.141489546104731
22135000 -0.161776168743759
22136000 -0.0929904204482317
22137000 -0.0621904919914376
22138000 -0.146495901623531
22139000 -0.0925837462713467
22140000 -0.151130377209438
22141000 -0.0918084429481481
22142000 -0.179992717487905
22143000 -0.1119145704185
22144000 -0.120866429777157
22145000 -0.132735837397667
22146000 -0.135900937000667
22147000 -0.149449704385137
22148000 -0.126992149087787
22149000 -0.160187812031667
22150000 -0.119458742133624
22151000 -0.135131902521134
22152000 -0.144895348606017
22153000 -0.138265838474274
22154000 -0.113122193955319
22155000 -0.120511097402384
22156000 -0.151257752659672
22157000 -0.100244993759796
22158000 -0.119820193925119
22159000 -0.165628869578067
22160000 -0.11782539671429
22161000 -0.162489676861321
22162000 -0.0958350532077275
22163000 -0.160026589434761
22164000 -0.142339163184808
22165000 -0.118401474358779
22166000 -0.197533459028558
22167000 -0.130278432644915
22168000 -0.134963864254584
22169000 -0.109337002751976
22170000 -0.155968285916055
22171000 -0.113955156979251
22172000 -0.117163496776819
22173000 -0.111311473969692
22174000 -0.162356452692067
22175000 -0.144461773693115
22176000 -0.171405604284865
22177000 -0.127130528245827
22178000 -0.161557865818635
22179000 -0.0789744151954249
22180000 -0.150231816316999
22181000 -0.136835150529571
22182000 -0.127100871818218
22183000 -0.149203919740455
22184000 -0.141869893615946
22185000 -0.146830055335945
22186000 -0.173157346006008
22187000 -0.144096152273787
22188000 -0.151647933852937
22189000 -0.137755089872787
22190000 -0.105208601782692
22191000 -0.186879367348857
22192000 -0.117221474321748
22193000 -0.102918533222092
22194000 -0.139242473349938
22195000 -0.137416849781216
22196000 -0.157900136473413
22197000 -0.160139302194046
22198000 -0.141614279139128
22199000 -0.135135116019829
22200000 -0.141455851029977
22201000 -0.153256903026459
22202000 -0.104830114466718
22203000 -0.111754727352097
22204000 -0.168416405800798
22205000 -0.108632090949194
22206000 -0.137173211259681
22207000 -0.158138167034537
22208000 -0.114293264941721
22209000 -0.155805028372271
22210000 -0.141951204469994
22211000 -0.112878095341424
22212000 -0.14775102010722
22213000 -0.148264575944589
22214000 -0.146723345142198
22215000 -0.149515781296621
22216000 -0.17011078448468
22217000 -0.140535480089873
22218000 -0.115926218989718
22219000 -0.149600709155548
22220000 -0.163433631379316
22221000 -0.128141518410789
22222000 -0.134098161425538
22223000 -0.173821561785916
22224000 -0.178175229372208
22225000 -0.151454502570829
22226000 -0.153512558735224
22227000 -0.142080173707261
22228000 -0.13481824633569
22229000 -0.143770952914572
22230000 -0.133851971229014
22231000 -0.11886986192644
22232000 -0.119868795515209
22233000 -0.121106853286108
22234000 -0.107041933979348
22235000 -0.134640579171026
22236000 -0.158717019865275
22237000 -0.080868967602359
22238000 -0.177864808589268
22239000 -0.137456772436878
22240000 -0.139335913657367
22241000 -0.148304764936108
22242000 -0.126027475062587
22243000 -0.176899005258389
22244000 -0.155216861524797
22245000 -0.157818183325776
22246000 -0.143522559785753
22247000 -0.13577792858737
22248000 -0.160992210694556
22249000 -0.0979846052511511
22250000 -0.193169066066731
22251000 -0.100265678172583
22252000 -0.20266144303736
22253000 -0.133002510737589
22254000 -0.164131633880303
22255000 -0.169543408429365
22256000 -0.128975828043673
22257000 -0.140796107383239
22258000 -0.167358786180254
22259000 -0.18369944863121
22260000 -0.165328532897102
22261000 -0.179915891404086
22262000 -0.128889564139258
22263000 -0.176594831523383
22264000 -0.160997480875942
22265000 -0.173191049695537
22266000 -0.144283583249088
22267000 -0.150719296727809
22268000 -0.173575363551321
22269000 -0.15388204070316
22270000 -0.200755405418871
22271000 -0.149214014437411
22272000 -0.137295095066862
22273000 -0.165113789608304
22274000 -0.196975557484564
22275000 -0.149629100479327
22276000 -0.156431901716893
22277000 -0.160380943239166
22278000 -0.151712345456338
22279000 -0.141444021423815
22280000 -0.147608740752323
22281000 -0.169430417340418
22282000 -0.136207708976922
22283000 -0.166764663397716
22284000 -0.129408283720418
22285000 -0.227070352553602
22286000 -0.15431011949872
22287000 -0.139019484835768
22288000 -0.216130171423106
22289000 -0.173401010186667
22290000 -0.140955396484796
22291000 -0.178543405228125
22292000 -0.184959534215082
22293000 -0.124190136017205
22294000 -0.193997615887105
22295000 -0.14610301496874
22296000 -0.175467504856688
22297000 -0.198540710125668
22298000 -0.153833897658422
22299000 -0.198698637521056
22300000 -0.139031492396331
22301000 -0.192507671706845
22302000 -0.187197837354984
22303000 -0.145408536438279
22304000 -0.147142939719226
22305000 -0.191798506206552
22306000 -0.147513975464386
22307000 -0.16626759047351
22308000 -0.185463152335418
22309000 -0.160800918618047
22310000 -0.155365956305436
22311000 -0.165926487120098
22312000 -0.234249481496746
22313000 -0.150821526799785
22314000 -0.180857724989654
22315000 -0.154107484458316
22316000 -0.191459620593049
22317000 -0.153693376088858
22318000 -0.182732700283109
22319000 -0.137407188150395
22320000 -0.189111837398502
22321000 -0.155938024054306
22322000 -0.206514435844673
22323000 -0.197169305998374
22324000 -0.147401737507479
22325000 -0.1818618936152
22326000 -0.144686088024388
22327000 -0.180078087828402
22328000 -0.216304094555955
22329000 -0.176165322873033
22330000 -0.173098157887797
22331000 -0.159524359881305
22332000 -0.155960397961022
22333000 -0.162620645195641
22334000 -0.157157310060324
22335000 -0.213733487579298
22336000 -0.152753127540968
22337000 -0.172083962859557
22338000 -0.14313934371494
22339000 -0.180274493663053
22340000 -0.189186638411132
22341000 -0.16627047426787
22342000 -0.199465913097505
22343000 -0.123780872445622
22344000 -0.180800486801962
22345000 -0.20664161982448
22346000 -0.16369083445991
22347000 -0.166952824597106
22348000 -0.176654471763024
22349000 -0.158348680377839
22350000 -0.186581192924679
22351000 -0.203938002789499
22352000 -0.125191549985556
22353000 -0.154961344099621
22354000 -0.193396278801912
22355000 -0.155711550739542
22356000 -0.189040708128068
22357000 -0.156275051279244
22358000 -0.202115801863275
22359000 -0.199072406946634
22360000 -0.144234512452671
22361000 -0.170171108418766
22362000 -0.177878329301883
22363000 -0.170800153989791
22364000 -0.210953880762521
22365000 -0.166360184387538
22366000 -0.173201665163479
22367000 -0.197696157652245
22368000 -0.184776863677907
22369000 -0.185276139636047
22370000 -0.184837555659099
22371000 -0.213332670194897
22372000 -0.157902482729169
22373000 -0.18552955497657
22374000 -0.173533616864835
22375000 -0.169734861043035
22376000 -0.203536239349357
22377000 -0.170113579540921
22378000 -0.160241049138649
22379000 -0.149780253650508
22380000 -0.197070991278915
22381000 -0.200412634469824
22382000 -0.184304113000778
22383000 -0.176443728336259
22384000 -0.197285071753965
22385000 -0.14472565710158
22386000 -0.187255346018934
22387000 -0.197449963814456
22388000 -0.169402314213615
22389000 -0.18220197402994
22390000 -0.198247012115499
22391000 -0.173602187776395
22392000 -0.156383633217243
22393000 -0.180808443717243
22394000 -0.176429966622172
22395000 -0.195016740285718
22396000 -0.18191968600918
22397000 -0.20000320807896
22398000 -0.154421528156114
22399000 -0.227828853397139
22400000 -0.19172766119739
22401000 -0.170637188601952
22402000 -0.169661888807435
22403000 -0.176654810630822
22404000 -0.200435355034021
22405000 -0.180158807992261
22406000 -0.175054843993698
22407000 -0.14310757174055
22408000 -0.223314499575818
22409000 -0.207462610526291
22410000 -0.220458225864419
22411000 -0.157623132757662
22412000 -0.2058629322064
22413000 -0.190195477779681
22414000 -0.167630442643797
22415000 -0.212634632269577
22416000 -0.179768253967833
22417000 -0.184671338819868
22418000 -0.173957818021733
22419000 -0.18538450136099
22420000 -0.150625661237596
22421000 -0.193470943368984
22422000 -0.186442306044413
22423000 -0.201464927764138
22424000 -0.204942360376682
22425000 -0.21238647687606
22426000 -0.154618816465413
22427000 -0.227306983639631
22428000 -0.15063848486716
22429000 -0.205307049019858
22430000 -0.156621921727744
22431000 -0.197149435221177
22432000 -0.200694313093315
22433000 -0.181742455428913
22434000 -0.203411120852418
22435000 -0.15688066456869
22436000 -0.210041074245815
22437000 -0.204726969708975
22438000 -0.206003795624275
22439000 -0.217966431801763
22440000 -0.198872003857465
22441000 -0.187585336646208
22442000 -0.217123531503143
22443000 -0.159421249344166
22444000 -0.209142305537665
22445000 -0.208705148247486
22446000 -0.203133375681559
22447000 -0.182763338128154
22448000 -0.191096415973228
22449000 -0.192754309743124
22450000 -0.222659751087741
22451000 -0.21002827146775
22452000 -0.195587769455748
22453000 -0.180464341335992
22454000 -0.212012964645376
22455000 -0.230685712162825
22456000 -0.13443657258235
22457000 -0.227881255446842
22458000 -0.204070009392601
22459000 -0.212958652597447
22460000 -0.195770021765563
22461000 -0.149257994204526
22462000 -0.256644327982165
22463000 -0.160293191983381
22464000 -0.245520395312692
22465000 -0.166553807636827
22466000 -0.241381299770962
22467000 -0.168560691612762
22468000 -0.234612093312262
22469000 -0.187958209833404
22470000 -0.193785067739695
22471000 -0.205234402732718
22472000 -0.239558597208154
22473000 -0.19313862596393
22474000 -0.155775461347233
22475000 -0.212694656675864
22476000 -0.178475456915552
22477000 -0.197285420002625
22478000 -0.191185160920921
22479000 -0.183552774347914
22480000 -0.195029901298499
22481000 -0.191861440127881
22482000 -0.198711526763144
22483000 -0.220746817259019
22484000 -0.194364493782491
22485000 -0.254361330698615
22486000 -0.167947136602595
22487000 -0.193066220451821
22488000 -0.205401504672044
22489000 -0.195998814052954
22490000 -0.2014445753462
22491000 -0.198470739186982
22492000 -0.206414860195668
22493000 -0.164965195366858
22494000 -0.18876903886149
22495000 -0.237208985482054
22496000 -0.160073886809115
22497000 -0.241693829975569
22498000 -0.219449806635817
22499000 -0.196503388751312
22500000 -0.239988946637677
22501000 -0.191216072701457
22502000 -0.222525869164938
22503000 -0.205689591354177
22504000 -0.202484423352616
22505000 -0.206636069788862
22506000 -0.202302576707053
22507000 -0.208337690003701
22508000 -0.168263643816149
22509000 -0.232411715962833
22510000 -0.2235860660201
22511000 -0.255446726141357
22512000 -0.18475169088999
22513000 -0.207606539600308
22514000 -0.196879125586382
22515000 -0.238397880035625
22516000 -0.134261691559128
22517000 -0.277345993723366
22518000 -0.210882774013116
22519000 -0.213536920967578
22520000 -0.192961378245239
22521000 -0.266927668177509
22522000 -0.183298594068623
22523000 -0.234415095850534
22524000 -0.156581685889694
22525000 -0.243338559385093
22526000 -0.205320839143182
22527000 -0.196566984305778
22528000 -0.243387220990978
22529000 -0.168798157466592
22530000 -0.241946272242639
22531000 -0.189954652476434
22532000 -0.260310700548481
22533000 -0.208771849698772
22534000 -0.275599450481205
22535000 -0.212673936826917
22536000 -0.216898634027176
22537000 -0.20123242319362
22538000 -0.200536031593202
22539000 -0.214657450649915
22540000 -0.220746210660183
22541000 -0.259416169164747
22542000 -0.167586723158037
22543000 -0.229514313159438
22544000 -0.276137132449236
22545000 -0.172744750333749
22546000 -0.237626971614178
22547000 -0.216444399878299
22548000 -0.24015329140328
22549000 -0.194713047295282
22550000 -0.211817842144291
22551000 -0.227055827170205
22552000 -0.207272903820697
22553000 -0.204524624024648
22554000 -0.21289586791833
22555000 -0.16175825733062
22556000 -0.164777173867358
22557000 -0.215913917485648
22558000 -0.188483313385548
22559000 -0.211093861843953
22560000 -0.199757152810578
22561000 -0.236405028588099
22562000 -0.177576939100112
22563000 -0.205401845847933
22564000 -0.213611524014707
22565000 -0.195655793876463
22566000 -0.220562769791461
22567000 -0.222792215687227
22568000 -0.220184636328732
22569000 -0.208511794203572
22570000 -0.185975772785321
22571000 -0.212715341735934
22572000 -0.197602471141385
22573000 -0.153057683429347
22574000 -0.215284047293246
22575000 -0.16894217679402
22576000 -0.227294180716073
22577000 -0.20984912634894
22578000 -0.276515362316973
22579000 -0.171970859299869
22580000 -0.207288981429519
22581000 -0.216210313636584
22582000 -0.238545141981392
22583000 -0.209949074577308
22584000 -0.188109170572291
22585000 -0.198765674626628
22586000 -0.243467139148207
22587000 -0.174796601541995
22588000 -0.233830616667237
22589000 -0.248019331514975
22590000 -0.191216888391405
22591000 -0.249355234346361
22592000 -0.195926028271056
22593000 -0.209577791299808
22594000 -0.152061921783326
22595000 -0.210328081530584
22596000 -0.2212246268527
22597000 -0.19468681517681
22598000 -0.16538804778746
22599000 -0.182328675431542
22600000 -0.18965742611544
22601000 -0.178140121992665
22602000 -0.200360751978038
22603000 -0.195195725445633
22604000 -0.177558580571328
22605000 -0.180238882724901
22606000 -0.200812359312356
22607000 -0.172348953393508
22608000 -0.204126301075559
22609000 -0.189008243713499
22610000 -0.21019440753055
22611000 -0.146889684826745
22612000 -0.235712570137897
22613000 -0.239381842056303
22614000 -0.20202835456026
22615000 -0.283289445803844
22616000 -0.195055386248698
22617000 -0.215738865281575
22618000 -0.228028561199504
22619000 -0.210760926200317
22620000 -0.203387612642024
22621000 -0.24105009083724
22622000 -0.240476703767549
22623000 -0.193100015838892
22624000 -0.24132871502807
22625000 -0.257332530679939
22626000 -0.192775005856968
22627000 -0.238210577305506
22628000 -0.199814720270428
22629000 -0.257350035335692
22630000 -0.186698965180776
22631000 -0.201438262824799
22632000 -0.213541091822822
22633000 -0.265590629474234
22634000 -0.208737958592872
22635000 -0.204301114230056
22636000 -0.163336038109567
22637000 -0.216418850692563
22638000 -0.193281436330419
22639000 -0.212556251488598
22640000 -0.275299780840597
22641000 -0.225905418627736
22642000 -0.231025716480256
22643000 -0.168360850295382
22644000 -0.231418688518599
22645000 -0.227889977598627
22646000 -0.250945585238707
22647000 -0.203847751086498
22648000 -0.212076107005297
22649000 -0.180785354083555
22650000 -0.247824855552262
22651000 -0.230095897443409
22652000 -0.234655462615645
22653000 -0.252178358874158
22654000 -0.222732092308748
22655000 -0.264991356088604
22656000 -0.185690553058587
22657000 -0.27042382144533
22658000 -0.176851039091996
22659000 -0.186143749560743
22660000 -0.218834368093969
22661000 -0.215625220595275
22662000 -0.264916087933782
22663000 -0.24521927622485
22664000 -0.218214392811989
22665000 -0.263292621357327
22666000 -0.209976555940632
22667000 -0.205307625919467
22668000 -0.260617871302821
22669000 -0.183991380848895
22670000 -0.236233300507527
22671000 -0.218995630904688
22672000 -0.244741366429904
22673000 -0.196063273957952
22674000 -0.257793701912376
22675000 -0.233177691034723
22676000 -0.252665312296833
22677000 -0.202148649620778
22678000 -0.210302698960375
22679000 -0.224218492594993
22680000 -0.269649674549444
22681000 -0.236266895004588
22682000 -0.284714597384978
22683000 -0.222396225319738
22684000 -0.2580432386809
22685000 -0.245546913365429
22686000 -0.23748112025026
22687000 -0.209705578754548
22688000 -0.244753426711038
22689000 -0.229347127445961
22690000 -0.247226822064265
22691000 -0.239062031687909
22692000 -0.204312231369449
22693000 -0.259099872492583
22694000 -0.186468957886959
22695000 -0.245822103747432
22696000 -0.218642283911797
22697000 -0.211322201573256
22698000 -0.228622023530364
22699000 -0.241724127902567
22700000 -0.184486342050708
22701000 -0.30810300975096
22702000 -0.191560996579707
22703000 -0.229715360113811
22704000 -0.217403605930527
22705000 -0.247272862669894
22706000 -0.23816368519868
22707000 -0.23994837961084
22708000 -0.24022305119988
22709000 -0.210605500454611
22710000 -0.254373323553708
22711000 -0.233575455284896
22712000 -0.220328643367076
22713000 -0.231959808261026
22714000 -0.198838473765595
22715000 -0.252601953992163
22716000 -0.247471766502635
22717000 -0.205026429338578
22718000 -0.230310484076493
22719000 -0.236007442442096
22720000 -0.235408812602643
22721000 -0.220288050508018
22722000 -0.254540859985822
22723000 -0.224605106514787
22724000 -0.246527807683064
22725000 -0.228217849414541
22726000 -0.266697081357988
22727000 -0.229858124658128
22728000 -0.250424533262274
22729000 -0.249142949178587
22730000 -0.220100147578863
22731000 -0.227564989124408
22732000 -0.245281169970993
22733000 -0.211969127278142
22734000 -0.249693173634445
22735000 -0.23989942007976
22736000 -0.228257143943428
22737000 -0.249965075185861
22738000 -0.259438176972123
22739000 -0.272145964513698
22740000 -0.191690843652134
22741000 -0.214515750725083
22742000 -0.2224305502673
22743000 -0.239235437152458
22744000 -0.243175987945013
22745000 -0.228337955718236
22746000 -0.241847924654483
22747000 -0.255635671771644
22748000 -0.235169585890826
22749000 -0.281789789426494
22750000 -0.252818486285001
22751000 -0.220784842820372
22752000 -0.233494879619716
22753000 -0.279555605943211
22754000 -0.241380212308193
22755000 -0.296945662847503
22756000 -0.233899602662754
22757000 -0.248773421811824
22758000 -0.188138538293196
22759000 -0.255427834127778
22760000 -0.241838375698208
22761000 -0.27957208086893
22762000 -0.215174719304716
22763000 -0.259635199703948
22764000 -0.182741773663777
22765000 -0.220805735457243
22766000 -0.237964113688651
22767000 -0.245187921715792
22768000 -0.208972129867642
22769000 -0.256507111800751
22770000 -0.1949571946299
22771000 -0.313558523936115
22772000 -0.212191780663606
22773000 -0.239840207462583
22774000 -0.265611842239936
22775000 -0.284128250204215
22776000 -0.227307207446284
22777000 -0.271869856497618
22778000 -0.236386344750893
22779000 -0.261006229776345
22780000 -0.261142553310024
22781000 -0.259601295596695
22782000 -0.255749519596247
22783000 -0.28642168001696
22784000 -0.216247095494316
22785000 -0.243404409029554
22786000 -0.249358307623351
22787000 -0.249450857622145
22788000 -0.195579751661805
22789000 -0.199997665049384
22790000 -0.246349422162027
22791000 -0.222017069805593
22792000 -0.183530061636692
22793000 -0.229493056958743
22794000 -0.227827603867877
22795000 -0.23914868911842
22796000 -0.224899505843241
22797000 -0.208313644819336
22798000 -0.275585856802393
22799000 -0.182844271051503
22800000 -0.248819486186262
22801000 -0.215491320610227
22802000 -0.218295964940653
22803000 -0.260064634400995
22804000 -0.211348423907126
22805000 -0.215213592856495
22806000 -0.261954008912104
22807000 -0.257374842429496
22808000 -0.239935327588868
22809000 -0.243740110352738
22810000 -0.255457343070546
22811000 -0.216862098903222
22812000 -0.211131583541849
22813000 -0.267473249212491
22814000 -0.191527225998759
22815000 -0.231483442741165
22816000 -0.233868727539084
22817000 -0.224603645914937
22818000 -0.236424558889689
22819000 -0.220660993857136
22820000 -0.220388254581081
22821000 -0.235919556778756
22822000 -0.251502533932482
22823000 -0.22105467660335
22824000 -0.258796152300206
22825000 -0.222484172642898
22826000 -0.212237143152938
22827000 -0.238048706154453
22828000 -0.196333758400776
22829000 -0.242289832590049
22830000 -0.221379051838604
22831000 -0.213005729295718
22832000 -0.236960029586578
22833000 -0.228617048034062
22834000 -0.253541424708932
22835000 -0.224522743765193
22836000 -0.26485170758371
22837000 -0.201384655120425
22838000 -0.285750821625133
22839000 -0.218418560025556
22840000 -0.245494173073864
22841000 -0.212288827322288
22842000 -0.25942832207228
22843000 -0.226212282654859
22844000 -0.277842716624748
22845000 -0.261483531499797
22846000 -0.241779124265581
22847000 -0.245329261221417
22848000 -0.229802724977915
22849000 -0.268063075700456
22850000 -0.226608423025642
22851000 -0.227835070410321
22852000 -0.230410908917564
22853000 -0.251042336689122
22854000 -0.25994268641665
22855000 -0.250472011403102
22856000 -0.238000076488728
22857000 -0.213325116854054
22858000 -0.246098763207485
22859000 -0.249646970784248
22860000 -0.20851763214761
22861000 -0.218963258754055
22862000 -0.227571683720016
22863000 -0.198343557786845
22864000 -0.26582702624242
22865000 -0.235422352354207
22866000 -0.181715602985292
22867000 -0.274861584269744
22868000 -0.200484783313838
22869000 -0.250779719637667
22870000 -0.260564705127067
22871000 -0.26909221195443
22872000 -0.245501881335364
22873000 -0.245520349044001
22874000 -0.266825791698266
22875000 -0.317869620729785
22876000 -0.210991569290569
22877000 -0.285052090678443
22878000 -0.243190390238979
22879000 -0.253304620595439
22880000 -0.248026329673265
22881000 -0.264478219969677
22882000 -0.218952820641831
22883000 -0.254402640379233
22884000 -0.197918979514878
22885000 -0.250056551419445
22886000 -0.277843951836277
22887000 -0.191184739923681
22888000 -0.248288754569453
22889000 -0.226141431548895
22890000 -0.23740867484518
22891000 -0.212238464378134
22892000 -0.242222259351513
22893000 -0.250982398160914
22894000 -0.253326802455048
22895000 -0.289557174977585
22896000 -0.199448593016482
22897000 -0.263556684931924
22898000 -0.272930473594706
22899000 -0.257059636221657
22900000 -0.266369025038087
22901000 -0.302982303331918
22902000 -0.263192668820962
22903000 -0.268722728431407
22904000 -0.294106110136264
22905000 -0.256416214676734
22906000 -0.29332536823096
22907000 -0.268335976686898
22908000 -0.30816280957872
22909000 -0.307762322494413
22910000 -0.24976590666445
22911000 -0.292382616067035
22912000 -0.207464068145161
22913000 -0.279423053469142
22914000 -0.243811303213559
22915000 -0.234650410521953
22916000 -0.258302221280318
22917000 -0.251360044376845
22918000 -0.240081224114743
22919000 -0.273378934721541
22920000 -0.210647930936426
22921000 -0.229930518540195
22922000 -0.278809540683639
22923000 -0.232844841105203
22924000 -0.240693172579075
22925000 -0.186944185008151
22926000 -0.291647315570915
22927000 -0.233787511612276
22928000 -0.277293510627887
22929000 -0.323423538092667
22930000 -0.20687224244293
22931000 -0.231329778279036
22932000 -0.226255538983561
22933000 -0.249904490388161
22934000 -0.247562080624554
22935000 -0.241162223554357
22936000 -0.228964017561211
22937000 -0.269740903580624
22938000 -0.202046970510053
22939000 -0.273895855982455
22940000 -0.225356726832454
22941000 -0.228395151035221
22942000 -0.272489193309521
22943000 -0.2591892616221
22944000 -0.259912153619175
22945000 -0.242722926366404
22946000 -0.302111594142177
22947000 -0.270434100647267
22948000 -0.263079140249817
22949000 -0.277419085045681
22950000 -0.28523354450297
22951000 -0.243005627491685
22952000 -0.249388257747047
22953000 -0.247976868970187
22954000 -0.243647867158967
22955000 -0.294041223391812
22956000 -0.230078573386396
22957000 -0.248685547570563
22958000 -0.248899565989622
22959000 -0.225625327446777
22960000 -0.241374269654572
22961000 -0.281707716178819
22962000 -0.253070919926303
22963000 -0.314910478934046
22964000 -0.233817843041672
22965000 -0.223620472637433
22966000 -0.228525049752259
22967000 -0.244365026328331
22968000 -0.273943182158008
22969000 -0.263032456858848
22970000 -0.231688584094787
22971000 -0.260832380771666
22972000 -0.2412359613484
22973000 -0.267202320696009
22974000 -0.252175368132428
22975000 -0.238606437335651
22976000 -0.229873275096785
22977000 -0.259371565690273
22978000 -0.257684065995476
22979000 -0.253415435210242
22980000 -0.270934415296855
22981000 -0.232779801091893
22982000 -0.250378791207072
22983000 -0.295437016463919
22984000 -0.225094296252514
22985000 -0.335649785250085
22986000 -0.181902917681618
22987000 -0.260991862302528
22988000 -0.250480552565344
22989000 -0.234186738975234
22990000 -0.292287423070376
22991000 -0.218231373449545
22992000 -0.229488712046765
22993000 -0.236959088078898
22994000 -0.245462176243663
22995000 -0.258085977115351
22996000 -0.265742742952507
22997000 -0.238660417070434
22998000 -0.259687214362674
22999000 -0.24967371965389
23000000 -0.325379050921083
23001000 -0.197819075010875
23002000 -0.321583923910502
23003000 -0.229698994716346
23004000 -0.231717955820197
23005000 -0.222193692972798
23006000 -0.280667895843996
23007000 -0.20799384791648
23008000 -0.268600057044724
23009000 -0.230666559016297
23010000 -0.266380868413434
23011000 -0.261910310406006
23012000 -0.237444288232513
23013000 -0.302039951615894
23014000 -0.256285702141339
23015000 -0.268809677309989
23016000 -0.298708456756831
23017000 -0.319033042342321
23018000 -0.232645531762393
23019000 -0.279680618410284
23020000 -0.247728022517413
23021000 -0.319243136322711
23022000 -0.265514044706927
23023000 -0.292513387284889
23024000 -0.230753019687699
23025000 -0.327335268559716
23026000 -0.249594532027493
23027000 -0.271463213146384
23028000 -0.293314718637896
23029000 -0.303873869355062
23030000 -0.25103412802067
23031000 -0.280971079697729
23032000 -0.233279643965029
23033000 -0.307665149218095
23034000 -0.258639639565261
23035000 -0.255714431071118
23036000 -0.327109790652166
23037000 -0.274943643802855
23038000 -0.247476072563661
23039000 -0.28309408406961
23040000 -0.22175572770934
23041000 -0.289447466238023
23042000 -0.253539123126034
23043000 -0.217826344085464
23044000 -0.267730594836415
23045000 -0.218150930912857
23046000 -0.275250573927808
23047000 -0.29861436576026
23048000 -0.213643563805903
23049000 -0.284081112567484
23050000 -0.155629725768759
23051000 -0.26151855462608
23052000 -0.215345177903355
23053000 -0.299681910777405
23054000 -0.221121366159347
23055000 -0.260025199681206
23056000 -0.247360653464375
23057000 -0.276060932423086
23058000 -0.204348012938871
23059000 -0.235304799052219
23060000 -0.231393269388444
23061000 -0.236312901753533
23062000 -0.259214154368161
23063000 -0.274879283879567
23064000 -0.269484769676544
23065000 -0.260883413861307
23066000 -0.281670604082599
23067000 -0.184874266185128
23068000 -0.257311519451577
23069000 -0.215902087721461
23070000 -0.266526366075577
23071000 -0.22668204429315
23072000 -0.221518920837807
23073000 -0.228612142865619
23074000 -0.230438408840703
23075000 -0.241540779619663
23076000 -0.231621021845767
23077000 -0.185814479517952
23078000 -0.219304943980818
23079000 -0.228552155628648
23080000 -0.207917118010574
23081000 -0.213243523747283
23082000 -0.215376027958517
23083000 -0.276989605549448
23084000 -0.25500697824723
23085000 -0.214172777196209
23086000 -0.263495085015975
23087000 -0.204690389948146
23088000 -0.228792127616889
23089000 -0.214545332415804
23090000 -0.233678764666118
23091000 -0.259856444675935
23092000 -0.201480912391712
23093000 -0.213164779273911
23094000 -0.19680051288707
23095000 -0.27624592895732
23096000 -0.243530301852123
23097000 -0.244913900193975
23098000 -0.238755129739237
23099000 -0.282587445458147
23100000 -0.18178430048606
23101000 -0.253457452998509
23102000 -0.211083832595998
23103000 -0.217037347183209
23104000 -0.175179548891588
23105000 -0.248867875576939
23106000 -0.197876178291613
23107000 -0.244160554622636
23108000 -0.223139625226385
23109000 -0.226843229183416
23110000 -0.230054488634593
23111000 -0.25978598054267
23112000 -0.271040850136284
23113000 -0.209931564650411
23114000 -0.307498660456366
23115000 -0.204441941085656
23116000 -0.224962520865368
23117000 -0.226849837689612
23118000 -0.270629189372041
23119000 -0.250736091590493
23120000 -0.232048617399015
23121000 -0.24831943589461
23122000 -0.239145881405946
23123000 -0.173651266666675
23124000 -0.237509116947706
23125000 -0.21345723180874
23126000 -0.226917065722246
23127000 -0.201073628397317
23128000 -0.187410501830458
23129000 -0.15412514390852
23130000 -0.183150253825076
23131000 -0.15637510794804
23132000 -0.165381816963516
23133000 -0.199701170366296
23134000 -0.0999573336189726
23135000 -0.186937084298296
23136000 -0.115112511177905
23137000 -0.161443729422696
23138000 -0.136454741532324
23139000 -0.170041528300673
23140000 -0.128119846761412
23141000 -0.11979375460779
23142000 -0.129342810705828
23143000 -0.169564933152411
23144000 -0.157925899320496
23145000 -0.178993244879437
23146000 -0.178340943063984
23147000 -0.204904510029155
23148000 -0.0826001722284983
23149000 -0.166056630458903
23150000 -0.0972217441856253
23151000 -0.171848183159246
23152000 -0.130194457809388
23153000 -0.167187398293481
23154000 -0.141366693939858
23155000 -0.119848972299705
23156000 -0.147180946982643
23157000 -0.116851802716984
23158000 -0.14553188116139
23159000 -0.0885545045025136
23160000 -0.181192734535354
23161000 -0.133638230564893
23162000 -0.156725226648032
23163000 -0.151362256954911
23164000 -0.160618381510116
23165000 -0.134469836242533
23166000 -0.162699601885997
23167000 -0.135522350411673
23168000 -0.137772519684894
23169000 -0.16371341928763
23170000 -0.0881566873617337
23171000 -0.0547345975464013
23172000 -0.0992792539404296
23173000 -0.0783246180903346
23174000 -0.0880365060049121
23175000 -0.0677688218071357
23176000 -0.0725301252981878
23177000 -0.0440482685473066
23178000 -0.0660889526164394
23179000 -0.0962971337956506
23180000 -0.0556372156634993
23181000 -0.110563970492581
23182000 -0.0544378127679539
23183000 -0.0840761691671038
23184000 -0.132512866948903
23185000 -0.0413698435856027
23186000 -0.0933941825871704
23187000 -0.0686124813375472
23188000 -0.0678233291016063
23189000 -0.124135599186811
23190000 -0.0598636104110138
23191000 -0.0717684126395075
23192000 -0.0460586237033649
23193000 -0.145648484217844
23194000 -0.0697105717532507
23195000 -0.0443286859998608
23196000 -0.0381166391431063
23197000 -0.0699903714422472
23198000 -0.0773064434113254
23199000 -0.0714441043597133
23200000 -0.0945036961919747
23201000 -0.0817698542019297
23202000 -0.0653411490312868
23203000 -0.102081013199279
23204000 -0.106183818806665
23205000 -0.06555074564991
23206000 -0.0765960610957991
23207000 -0.0925667107140241
23208000 -0.0732009338255361
23209000 -0.0735702327331297
23210000 -0.129594218122273
23211000 -0.0890303800204049
23212000 -0.106856724342327
23213000 -0.0804066428083158
23214000 -0.062531379866077
23215000 -0.117101386258492
23216000 -0.0622672027067002
23217000 -0.0867926143548151
23218000 -0.0789033211330986
23219000 -0.0738408627035362
23220000 -0.100272113306569
23221000 -0.0937342965400135
23222000 -0.0877920166498607
23223000 -0.0961695789345435
23224000 -0.093333772991114
23225000 -0.100767789896298
23226000 -0.0725840747027583
23227000 -0.121135419580873
23228000 -0.0830378907250302
23229000 -0.103208901416087
23230000 -0.106187830458054
23231000 -0.121932871179446
23232000 -0.083604937201628
23233000 -0.0937490156377911
23234000 -0.111348227479694
23235000 -0.115724283577378
23236000 -0.0313127731321848
23237000 -0.12688749216506
23238000 -0.0790111705889847
23239000 -0.0800418856724177
23240000 -0.0666875443190444
23241000 -0.0920668077806471
23242000 -0.116265071839694
23243000 -0.0573241007397742
23244000 -0.102586594641307
23245000 -0.0467303404302553
23246000 -0.109203206623227
23247000 -0.124442157991775
23248000 -0.121188103910009
23249000 -0.11599067309782
23250000 -0.0624349593095799
23251000 -0.0707953716208023
23252000 -0.11657607430439
23253000 -0.126896249403717
23254000 -0.0581716170330547
23255000 -0.0771218923552181
23256000 -0.0481462251096431
23257000 -0.0714112731268004
23258000 -0.0878834945647643
23259000 -0.058805893586689
23260000 -0.111595717045337
23261000 -0.0315251907924501
23262000 -0.112921727323569
23263000 -0.0557198527053348
23264000 -0.155179065822551
23265000 -0.0271460917125632
23266000 -0.0662473042292284
23267000 -0.120228085265691
23268000 -0.0692009971323624
23269000 -0.116334970441424
23270000 -0.0533459326827354
23271000 -0.0919157592519866
23272000 -0.0767025730618085
23273000 -0.126333947253249
23274000 -0.0354507904858299
23275000 -0.0729359443949213
23276000 -0.0951205609887363
23277000 -0.105400148246734
23278000 -0.0879417007322459
23279000 -0.0659027087000125
23280000 -0.09422817528811
23281000 -0.066263412987962
23282000 -0.116190297693815
23283000 -0.0594401817786916
23284000 -0.10481128960538
23285000 -0.0502998410855756
23286000 -0.0957720973426942
23287000 -0.0796356971825109
23288000 -0.144668382320034
23289000 -0.0517717651279905
23290000 -0.112351773529545
23291000 -0.0961878040396998
23292000 -0.0823336657411875
23293000 -0.0926626220046639
23294000 -0.0476149192268191
23295000 -0.0950032112661904
23296000 -0.0811755429788843
23297000 -0.15390903178512
23298000 -0.0856795629745723
23299000 -0.102423940615424
23300000 -0.0815810201351981
23301000 -0.0632939070868624
23302000 -0.0727545238254742
23303000 -0.0862828177402387
23304000 -0.0791496245102067
23305000 -0.0715623170264267
23306000 -0.0912186155157734
23307000 -0.0602935332539103
23308000 -0.103384116247334
23309000 -0.0957990065989987
23310000 -0.0716850145935723
23311000 -0.0930114621264169
23312000 -0.112099763214746
23313000 -0.0430524376319813
23314000 -0.0768107016503527
23315000 -0.107947418343951
23316000 -0.100729558395094
23317000 -0.0671394621624871
23318000 -0.0599539423813478
23319000 -0.0493812105204384
23320000 -0.0533026865937765
23321000 -0.0863468936084198
23322000 -0.0463071612315665
23323000 -0.0971228147178505
23324000 -0.0683712435129019
23325000 -0.0811331967374737
23326000 -0.0880180964699497
23327000 -0.0453919601905833
23328000 -0.117336949909289
23329000 -0.110802111591549
23330000 -0.120372226046421
23331000 -0.043284281799111
23332000 -0.100084730856078
23333000 -0.0866473683450208
23334000 -0.0941549758626596
23335000 -0.0457733375877302
23336000 -0.111446367264243
23337000 -0.107980447134137
23338000 -0.051807856988867
23339000 -0.117954042143832
23340000 -0.0969798082627581
23341000 -0.096189488428559
23342000 -0.0645176959343529
23343000 -0.113860497664948
23344000 -0.0688312960235067
23345000 -0.0784411682957836
23346000 -0.0836175184062912
23347000 -0.109084702546847
23348000 -0.0824389322405696
23349000 -0.112811539836247
23350000 -0.0803119557783332
23351000 -0.102767316506921
23352000 -0.0878873345286087
23353000 -0.125595092517638
23354000 -0.0829052732663254
23355000 -0.125976848896306
23356000 -0.0941556899083644
23357000 -0.0522375794004243
23358000 -0.0853702760602415
23359000 -0.043572138158163
23360000 -0.0701539767719356
23361000 -0.0653398341862359
23362000 -0.115217212009625
23363000 -0.0313984025137901
23364000 -0.0900587270106539
23365000 -0.0997999162139562
23366000 -0.137113064410668
23367000 -0.10846604909094
23368000 -0.0708213166170146
23369000 -0.127393498605259
23370000 -0.0423537364596479
23371000 -0.150143103080991
23372000 -0.048023045434723
23373000 -0.119692180617009
23374000 -0.0732265545927391
23375000 -0.0572492749811481
23376000 -0.119970103864708
23377000 -0.0838262893806002
23378000 -0.0829142264161181
23379000 -0.0825643371161239
23380000 -0.0923449650337918
23381000 -0.0474282769150881
23382000 -0.123816117858633
23383000 -0.0923608899527571
23384000 -0.128283106447261
23385000 -0.0384408810122223
23386000 -0.112707440092507
23387000 -0.0877966703673545
23388000 -0.0994439858534579
23389000 -0.0287729401368401
23390000 -0.078019329464419
23391000 -0.0896449477834606
23392000 -0.0994396363761777
23393000 -0.0764113271728747
23394000 -0.0138566694977914
23395000 -0.000717855988106535
23396000 -0.0626270051188881
23397000 -0.027164205817184
23398000 -0.0358563242439595
23399000 -0.0328867296247785
23400000 -0.0654602832510708
23401000 -0.0104431881360587
23402000 -0.0204800860015172
23403000 -0.0336532217911117
23404000 -0.029836010339279
23405000 -0.0591345694307567
23406000 -0.0139720879559252
23407000 -0.0494983179157041
23408000 -0.0504478879738826
23409000 -0.051438668933137
23410000 -0.0592664201503155
23411000 -0.0206966514071483
23412000 -0.0502325834606565
23413000 -0.0572421963026455
23414000 -0.0273931113920747
23415000 -0.032205839445105
23416000 -0.0739234885241265
23417000 0.00860815248290182
23418000 -0.0729423475314166
23419000 -0.0480045732062297
23420000 -0.0448060719664688
23421000 -0.0353333327110025
23422000 -0.0408588126002595
23423000 -0.0607474788601357
23424000 -0.095905991428017
23425000 -0.0458346713555704
23426000 -0.0163711697408819
23427000 -0.0808834509746626
23428000 -0.0628847576283606
23429000 -0.0688361646654084
23430000 -0.0295504347468549
23431000 -0.0874552602512979
23432000 -0.0719100598435856
23433000 -0.045482021137276
23434000 -0.0942128159888132
23435000 -0.0456762894123599
23436000 -0.0578611454778993
23437000 -0.0549605872854838
23438000 -0.0755022337749832
23439000 -0.029311123839031
23440000 -0.102191133247101
23441000 -0.0216696266494952
23442000 -0.0603608362343563
23443000 -0.000336771843294221
23444000 -0.0576090125120697
23445000 -0.0497575238943734
23446000 -0.0596616666120456
23447000 -0.0499748583124774
23448000 -0.112422639822439
23449000 -0.037865478521827
23450000 -0.0396283320366186
23451000 -0.0461241800241571
23452000 -0.0814800146260021
23453000 -0.0658293103663081
23454000 -0.0598398726550093
23455000 -0.0966757473578788
23456000 -0.0372304745567265
23457000 -0.0761715226618387
23458000 -0.04927147997372
23459000 -0.0673253823116054
23460000 -0.0996675751645791
23461000 -0.0681830647797493
23462000 -0.114741867033763
23463000 -0.0818519600237841
23464000 -0.0188813355503987
23465000 -0.0887087118265858
23466000 -0.0433081968416039
23467000 -0.0620141895085017
23468000 -0.0399663784414609
23469000 -0.0823322641303647
23470000 -0.0552496497420641
23471000 -0.0406610640598597
23472000 -0.0922401909721331
23473000 -0.0967724776431134
23474000 -0.0956269178428791
23475000 -0.0760047475746913
23476000 -0.0723822521016827
23477000 -0.092458055806802
23478000 -0.0583057191495352
23479000 -0.0573550200035097
23480000 -0.0864464429615223
23481000 -0.0459513056960702
23482000 -0.0773659479521529
23483000 -0.043529449940168
23484000 -0.0606072628714489
23485000 -0.0872482556362208
23486000 -0.0586595528945487
23487000 -0.0233129831894739
23488000 -0.111798693288905
23489000 -0.0471017380660988
23490000 -0.0780745570059837
23491000 -0.0654539054970029
23492000 -0.0643823463939905
23493000 -0.0349206966122076
23494000 -0.0669242355717427
23495000 -0.0712846366447791
23496000 -0.12730363082412
23497000 -0.0208854615030572
23498000 -0.113937115388348
23499000 -0.0365376670338845
23500000 -0.0852809458205683
23501000 -0.0551549492976897
23502000 -0.110990090848468
23503000 -0.0739546382195134
23504000 -0.0840146932789048
23505000 -0.0604389531528041
23506000 -0.132474041543662
23507000 -0.0158195581891909
23508000 -0.0682655161728872
23509000 -0.107843499743318
23510000 -0.058600647907968
23511000 -0.106087561464927
23512000 -0.0598112337631995
23513000 -0.0656793868973947
23514000 -0.0670871836353214
23515000 -0.0768341049266899
23516000 -0.0560384963888778
23517000 -0.031283039201572
23518000 -0.107622122632376
23519000 -0.0774052947862918
23520000 -0.106743823663135
23521000 -0.0494449482686882
23522000 -0.0641503339615162
23523000 -0.0865452900450647
23524000 -0.108094737086837
23525000 -0.0645106143050382
23526000 -0.0664069393489593
23527000 -0.0716668881342649
23528000 -0.0891231628817576
23529000 -0.0307789077855763
23530000 -0.102748045915362
23531000 0.00725772034016137
23532000 -0.112762714381769
23533000 -0.0403232807059867
23534000 -0.0850344957118564
23535000 -0.0815422901985584
23536000 -0.132753248442859
23537000 -0.0749671741117318
23538000 -0.0583819220283346
23539000 -0.0735641442923354
23540000 -0.0929044512461518
23541000 -0.0920978284892077
23542000 -0.04590682161885
23543000 -0.0951107287493272
23544000 -0.0945463412772923
23545000 -0.0638551438617021
23546000 -0.0587067413764907
23547000 -0.0622860363865065
23548000 -0.12069879864653
23549000 -0.0873341169627619
23550000 -0.12223586364873
23551000 -0.0586763625307562
23552000 -0.0761535477895385
23553000 -0.0658472321648443
23554000 -0.108186196282134
23555000 -0.0629681354759689
23556000 -0.10376662144651
23557000 -0.0713098002471655
23558000 -0.104034073416604
23559000 -0.0750972989129524
23560000 -0.0919260867849557
23561000 -0.0511724630606985
23562000 -0.0778470016310764
23563000 -0.100288806522345
23564000 -0.0882997779603116
23565000 -0.0761611600519223
23566000 -0.135624032377464
23567000 -0.10001495865458
23568000 -0.0912662538566958
23569000 -0.106108250337926
23570000 -0.0679160091212254
23571000 -0.0905076395946937
23572000 -0.0414548155627233
23573000 -0.0840994929468356
23574000 -0.0844259281103979
23575000 -0.11764849708689
23576000 -0.1062613450034
23577000 -0.12874576610321
23578000 -0.0861081466109286
23579000 -0.132764467227015
23580000 -0.0911607055551853
23581000 -0.0745425063662036
23582000 -0.103393652458991
23583000 -0.0831171005258096
23584000 -0.170856383335202
23585000 -0.0890657406896168
23586000 -0.144348447282175
23587000 -0.101495978960045
23588000 -0.11067478153032
23589000 -0.091855834512999
23590000 -0.107150861280903
23591000 -0.104996998191818
23592000 -0.0778140870929942
23593000 -0.108047040824758
23594000 -0.0922650990262161
23595000 -0.11302286710582
23596000 -0.0866002652172841
23597000 -0.101869557262899
23598000 -0.102056859394662
23599000 -0.113560616268683
23600000 -0.0727008707077775
23601000 -0.111009894184283
23602000 -0.0678109539978895
23603000 -0.132120085149806
23604000 -0.0610162597013654
23605000 -0.134249463563956
23606000 -0.0733915034545585
23607000 -0.121093847459812
23608000 -0.0854985429274943
23609000 -0.132693851683246
23610000 -0.0844248271589905
23611000 -0.0863890565434792
23612000 -0.0762944704075503
23613000 -0.0346772828063812
23614000 -0.0957882485618257
23615000 -0.0971237607219235
23616000 -0.0820594065174891
23617000 -0.0978716909761904
23618000 -0.134248356892442
23619000 -0.131144516070411
23620000 -0.0365859430500771
23621000 -0.114487173476068
23622000 -0.128345844589458
23623000 -0.119698095232891
23624000 -0.10315089558333
23625000 -0.105645051887221
23626000 -0.117095876156552
23627000 -0.132943173739719
23628000 -0.114181163785203
23629000 -0.109757779750464
23630000 -0.161016674416004
23631000 -0.0663443680765554
23632000 -0.129498817619457
23633000 -0.101331772690134
23634000 -0.16714317832863
23635000 -0.131153037843671
23636000 -0.0774846343983473
23637000 -0.106420824997316
23638000 -0.122309351053989
23639000 -0.0881018662592756
23640000 -0.106461098021732
23641000 -0.108610070487431
23642000 -0.0848842283255384
23643000 -0.0937981475993314
23644000 -0.109451281110785
23645000 -0.154534673846477
23646000 -0.107371467775063
23647000 -0.0834229196543896
23648000 -0.111211518318747
23649000 -0.0810984263212872
23650000 -0.0981710549384645
23651000 -0.0616051550046472
23652000 -0.0801208504635564
23653000 -0.0940811613696979
23654000 -0.109885289078353
23655000 -0.12537345350629
23656000 -0.0904626004981307
23657000 -0.0944626450821718
23658000 -0.121718747490479
23659000 -0.0848032757677847
23660000 -0.0929516145758233
23661000 -0.0943210880406854
23662000 -0.118684005248103
23663000 -0.0928057359383085
23664000 -0.112220479629444
23665000 -0.0952369346907196
23666000 -0.128925109309354
23667000 -0.105311464320779
23668000 -0.10198720674413
23669000 -0.133294336762937
23670000 -0.132083139801477
23671000 -0.143654253801854
23672000 -0.0478331568239122
23673000 -0.120719071611321
23674000 -0.12026611978277
23675000 -0.128954369525523
23676000 -0.0685865895008877
23677000 -0.132450675373101
23678000 -0.0674843715164458
23679000 -0.0884061929642474
23680000 -0.0915311497798191
23681000 -0.0933224877245429
23682000 -0.125381972752976
23683000 -0.123833998124604
23684000 -0.116845349685746
23685000 -0.100866164378491
23686000 -0.137214061415555
23687000 -0.0868087265300279
23688000 -0.0778294552573026
23689000 -0.104555274131856
23690000 -0.0616448427060484
23691000 -0.0904101655472648
23692000 -0.0958299935570453
23693000 -0.0794854667551713
23694000 -0.141162566844196
23695000 -0.101806244318884
23696000 -0.104946564927712
23697000 -0.145249373642603
23698000 -0.100206495558775
23699000 -0.165185785420237
23700000 -0.0800891863463893
23701000 -0.129706561686521
23702000 -0.0846201846703506
23703000 -0.14147737887019
23704000 -0.140101338821982
23705000 -0.0973095925219524
23706000 -0.0938434017843428
23707000 -0.12509179051066
23708000 -0.133473679483028
23709000 -0.0887106879317966
23710000 -0.0903947904427998
23711000 -0.116372107911218
23712000 -0.147487004148503
23713000 -0.0762642845596448
23714000 -0.142203691899175
23715000 -0.125075673497558
23716000 -0.122238318264587
23717000 -0.112418662538988
23718000 -0.118493985282818
23719000 -0.0723147613660342
23720000 -0.149855690060602
23721000 -0.096320919101425
23722000 -0.104178647831716
23723000 -0.121574893275014
23724000 -0.127938602559281
23725000 -0.112959706229129
23726000 -0.0861478897705853
23727000 -0.109782300838157
23728000 -0.077443215395029
23729000 -0.110615506567962
23730000 -0.10010868199946
23731000 -0.120854386972756
23732000 -0.105577577500163
23733000 -0.0904451468733018
23734000 -0.127312585073775
23735000 -0.086785279039691
23736000 -0.147256891586975
23737000 -0.120716746347373
23738000 -0.13865062807099
23739000 -0.0843192424806757
23740000 -0.12777364621318
23741000 -0.0873087625113925
23742000 -0.108205629353328
23743000 -0.120277930558403
23744000 -0.107751920683554
23745000 -0.135449358028829
23746000 -0.105047486150758
23747000 -0.124848446223342
23748000 -0.10939424060245
23749000 -0.127945848582439
23750000 -0.101585327682833
23751000 -0.183737782850475
23752000 -0.122155375918364
23753000 -0.111801213049681
23754000 -0.0991266733365502
23755000 -0.119669882829468
23756000 -0.106936672506265
23757000 -0.109027456295166
23758000 -0.101626111748206
23759000 -0.1594136140597
23760000 -0.110650537358786
23761000 -0.134118713913907
23762000 -0.167160321068963
23763000 -0.0658843584141914
23764000 -0.147590071051148
23765000 -0.140600846609514
23766000 -0.120562863046646
23767000 -0.151203014245997
23768000 -0.114012178722181
23769000 -0.169510574281522
23770000 -0.0773171141177714
23771000 -0.110081306565008
23772000 -0.105534045382795
23773000 -0.147647176874729
23774000 -0.147716003639993
23775000 -0.154343545235902
23776000 -0.134087724420963
23777000 -0.0847861262341695
23778000 -0.10961970038673
23779000 -0.112775584546097
23780000 -0.117183555077888
23781000 -0.121799539993179
23782000 -0.146907449458314
23783000 -0.129247527831031
23784000 -0.110434791035271
23785000 -0.149705480920191
23786000 -0.123259141459899
23787000 -0.10612308742068
23788000 -0.111853478231211
23789000 -0.0986184687946426
23790000 -0.14113836717422
23791000 -0.146283037010103
23792000 -0.111944379681819
23793000 -0.128794602858898
23794000 -0.100127564693742
23795000 -0.147883243584973
23796000 -0.108972741953301
23797000 -0.122814554428673
23798000 -0.108385490688413
23799000 -0.133268968199125
23800000 -0.113255569502492
23801000 -0.130564499150763
23802000 -0.129520151727578
23803000 -0.136468907448372
23804000 -0.115265118629451
23805000 -0.148395261755232
23806000 -0.15061369247964
23807000 -0.131885816250126
23808000 -0.152824774787655
23809000 -0.139356872317395
23810000 -0.128197888509978
23811000 -0.127823427541393
23812000 -0.129534834750798
23813000 -0.116869642172963
23814000 -0.123286393599876
23815000 -0.148960400227742
23816000 -0.171323972822793
23817000 -0.118840484960523
23818000 -0.128397025534937
23819000 -0.166843587901012
23820000 -0.105195667740938
23821000 -0.142534781949442
23822000 -0.130114378907201
23823000 -0.115868022876334
23824000 -0.155193640835776
23825000 -0.138587934077831
23826000 -0.126523774454209
23827000 -0.164682213097284
23828000 -0.100616742139059
23829000 -0.110749803867967
23830000 -0.122037505559821
23831000 -0.0757306355967152
23832000 -0.148519028164564
23833000 -0.138399455111218
23834000 -0.11411727520524
23835000 -0.122403379240113
23836000 -0.144840902955697
23837000 -0.176615544269451
23838000 -0.114371949099152
23839000 -0.0842468718238309
23840000 -0.16457140562237
23841000 -0.0655601815409635
23842000 -0.156672197872803
23843000 -0.128747636343445
23844000 -0.15126247897608
23845000 -0.137819230777852
23846000 -0.124429558217541
23847000 -0.0994713859587599
23848000 -0.149359378727636
23849000 -0.102126271591442
23850000 -0.172962423949873
23851000 -0.0585109922000454
23852000 -0.148953544027748
23853000 -0.0842834805917352
23854000 -0.132204295456644
23855000 -0.0887849720299154
23856000 -0.153672756479583
23857000 -0.117836042485587
23858000 -0.162028964531427
23859000 -0.0947925587922216
23860000 -0.115017664370613
23861000 -0.156574777008946
23862000 -0.1321293358853
23863000 -0.133199291207371
23864000 -0.145918832320885
23865000 -0.133893051418317
23866000 -0.148587381189842
23867000 -0.185447176928328
23868000 -0.120757453705385
23869000 -0.119243914223845
23870000 -0.151517409030926
23871000 -0.136532714424288
23872000 -0.0984901289772231
23873000 -0.133548797559484
23874000 -0.119703303791646
23875000 -0.171480203446216
23876000 -0.133599357130213
23877000 -0.107051332808538
23878000 -0.186246242173169
23879000 -0.0727720719864683
23880000 -0.147312166268142
23881000 -0.153164982686293
23882000 -0.128681796154296
23883000 -0.143110800132028
23884000 -0.129386997740028
23885000 -0.173947301936858
23886000 -0.17743749592752
23887000 -0.137095883483362
23888000 -0.0923289034971512
23889000 -0.155010904204859
23890000 -0.127506002714619
23891000 -0.167121322202699
23892000 -0.104495914161155
23893000 -0.160672193888569
23894000 -0.114431189944298
23895000 -0.179825282924868
23896000 -0.115811426132784
23897000 -0.145488921259656
23898000 -0.130770053594661
23899000 -0.155904785336617
23900000 -0.117088401563582
23901000 -0.0952433179062233
23902000 -0.127314911464088
23903000 -0.0895116424056732
23904000 -0.159218049022765
23905000 -0.149620758509724
23906000 -0.135654559475204
23907000 -0.095440345378373
23908000 -0.179050297260596
23909000 -0.183576338888401
23910000 -0.148483550772187
23911000 -0.186882941789272
23912000 -0.149033881790178
23913000 -0.117168663991908
23914000 -0.128116507782384
23915000 -0.157013382473842
23916000 -0.169658898976083
23917000 -0.167799078450621
23918000 -0.137848101833621
23919000 -0.167198129555835
23920000 -0.13626964355513
23921000 -0.135867252915513
23922000 -0.115444302388131
23923000 -0.157357758970255
23924000 -0.122436769348462
23925000 -0.152386632225118
23926000 -0.131750150554931
23927000 -0.156373998951019
23928000 -0.14982494817366
23929000 -0.140161093098959
23930000 -0.160026841336854
23931000 -0.105322367345476
23932000 -0.205363287902691
23933000 -0.0959516243283673
23934000 -0.126654414817532
23935000 -0.131880589917382
23936000 -0.139976905150845
23937000 -0.138644765772063
23938000 -0.131958595326297
23939000 -0.120216092928723
23940000 -0.0972852013169218
23941000 -0.14529229491831
23942000 -0.194074465466133
23943000 -0.119468452824913
23944000 -0.191828996600262
23945000 -0.167789965958924
23946000 -0.124263557526575
23947000 -0.141196016365672
23948000 -0.149005671690541
23949000 -0.14542406621115
23950000 -0.153157311868592
23951000 -0.126716912903837
23952000 -0.161424337385532
23953000 -0.186471601560348
23954000 -0.175778343900393
23955000 -0.126092954495106
23956000 -0.197449423379466
23957000 -0.126850890863179
23958000 -0.166623919189323
23959000 -0.118749013539418
23960000 -0.150547795282318
23961000 -0.136828800995436
23962000 -0.126478673612472
23963000 -0.195136685174164
23964000 -0.0973805419486274
23965000 -0.16586023844423
23966000 -0.19175952316998
23967000 -0.153388807672529
23968000 -0.102676407055367
23969000 -0.171978923327699
23970000 -0.138349440312703
23971000 -0.200822527399788
23972000 -0.0829979705357691
23973000 -0.210840522662303
23974000 -0.142295480565543
23975000 -0.177526557702005
23976000 -0.157180009094235
23977000 -0.166663009244211
23978000 -0.149664014075462
23979000 -0.181976038591651
23980000 -0.163363949691294
23981000 -0.184789391757877
23982000 -0.156959032119085
23983000 -0.156136451440849
23984000 -0.192595530011479
23985000 -0.141174094354968
23986000 -0.207755422199807
23987000 -0.142753851162079
23988000 -0.174935022115447
23989000 -0.101148728864437
23990000 -0.162077650486
23991000 -0.169965487572868
23992000 -0.187388837650667
23993000 -0.153765228898236
23994000 -0.179122543743944
23995000 -0.184258365296488
23996000 -0.120288213380098
23997000 -0.153195607664248
23998000 -0.123831906640033
23999000 -0.175101763196425
24000000 -0.118645693949115
24001000 -0.181629568271564
24002000 -0.0810020969462761
24003000 -0.116674877290521
24004000 -0.12052228694296
24005000 -0.128470631127602
24006000 -0.105438525465736
24007000 -0.103037993220379
24008000 -0.134081200146058
24009000 -0.0957678697637867
24010000 -0.151722122063613
24011000 -0.127060111011816
24012000 -0.113571875198181
24013000 -0.136731657444969
24014000 -0.11098196919719
24015000 -0.123922873413977
24016000 -0.15426315476903
24017000 -0.0759274323738899
24018000 -0.177191420991887
24019000 -0.0974418040683748
24020000 -0.146652980532684
24021000 -0.0660134958601101
24022000 -0.125910276098501
24023000 -0.100872278501777
24024000 -0.111019763506052
24025000 -0.125653624117802
24026000 -0.135522416920685
24027000 -0.122008931575453
24028000 -0.132507916407985
24029000 -0.108676502069671
24030000 -0.0935674317661107
24031000 -0.16485060922894
24032000 -0.106414812178718
24033000 -0.119664937169539
24034000 -0.100354249955683
24035000 -0.119412955724477
24036000 -0.0988873564140698
24037000 -0.118050724182579
24038000 -0.0833941376845397
24039000 -0.0843446974538057
24040000 -0.174258272593722
24041000 -0.0773201219008127
24042000 -0.19938919191032
24043000 -0.0929693179078928
24044000 -0.182193992043141
24045000 -0.0698957852541333
24046000 -0.13991868048806
24047000 -0.121108886207422
24048000 -0.120375313956801
24049000 -0.14932823632466
24050000 -0.121870209933968
24051000 -0.125293660662293
24052000 -0.1306160680189
24053000 -0.12704237406727
24054000 -0.113818752766526
24055000 -0.101988722084676
24056000 -0.109907618049075
24057000 -0.0837524043025174
24058000 -0.109336007096402
24059000 -0.12715896037596
24060000 -0.119788501522896
24061000 -0.0480664105135857
24062000 -0.11576877850272
24063000 -0.146318846355793
24064000 -0.1166712266096
24065000 -0.104924532782928
24066000 -0.114081821674864
24067000 -0.129355539566183
24068000 -0.130030621693803
24069000 -0.113877166904947
24070000 -0.175009709745842
24071000 -0.123503258466311
24072000 -0.169521264017503
24073000 -0.123679402487889
24074000 -0.109306956898365
24075000 -0.141342711624432
24076000 -0.104031775135134
24077000 -0.091962474689443
24078000 -0.0864298759933131
24079000 -0.119835942531509
24080000 -0.0995582000615576
24081000 -0.0823881124845033
24082000 -0.171515940729227
24083000 -0.100658658648208
24084000 -0.139060316034919
24085000 -0.0943368914839611
24086000 -0.14328158508285
24087000 -0.0937246802408183
24088000 -0.0630579616312933
24089000 -0.0960411595359101
24090000 -0.0875138842562599
24091000 -0.120549626409584
24092000 -0.156435960361614
24093000 -0.0986948830394976
24094000 -0.106833783036285
24095000 -0.154395062190439
24096000 -0.085883000267318
24097000 -0.134526222432578
24098000 -0.0982668759185043
24099000 -0.132648365024751
24100000 -0.134958196270742
24101000 -0.126773301442135
24102000 -0.161152391162927
24103000 -0.104561282567344
24104000 -0.145565066416552
24105000 -0.117859299284244
24106000 -0.0847537749012816
24107000 -0.113728422964601
24108000 -0.140926449486999
24109000 -0.108405463029747
24110000 -0.0943912043140384
24111000 -0.069129647830787
24112000 -0.118537399277064
24113000 -0.132032083450011
24114000 -0.0651705879227364
24115000 -0.15324049524386
24116000 -0.157214932324933
24117000 -0.0878821979225611
24118000 -0.147751047395112
24119000 -0.0994432552195353
24120000 -0.137948909782205
24121000 -0.132366783006054
24122000 -0.0745707966595855
24123000 -0.0986539369793074
24124000 -0.107287250142548
24125000 -0.123743334776869
24126000 -0.113572775792481
24127000 -0.161526382080117
24128000 -0.121654653000098
24129000 -0.127306450482257
24130000 -0.183440313717617
24131000 -0.0712929483320492
24132000 -0.163469224852191
24133000 -0.0793720815017046
24134000 -0.13685174908332
24135000 -0.121143993796438
24136000 -0.150516095020173
24137000 -0.153146852520057
24138000 -0.0848061951334798
24139000 -0.128666134092215
24140000 -0.118765507946785
24141000 -0.133428009108337
24142000 -0.0805782860802722
24143000 -0.153328823093392
24144000 -0.113013632740802
24145000 -0.0390805389179912
24146000 -0.0925966774648216
24147000 -0.101296279359342
24148000 -0.115324794491227
24149000 -0.0970349734866988
24150000 -0.185641498330068
24151000 -0.0958082056091275
24152000 -0.129049834145245
24153000 -0.109218352658079
24154000 -0.0946287495711319
24155000 -0.127769825719508
24156000 -0.0573580765495709
24157000 -0.0941784745635226
24158000 -0.140177702026988
24159000 -0.127906496961096
24160000 -0.0668380644478062
24161000 -0.103984837306346
24162000 -0.0389520484448908
24163000 -0.109931953402496
24164000 -0.0930268809584546
24165000 -0.0972661090657722
24166000 -0.0970959345933459
24167000 -0.10540684890664
24168000 -0.0989318626488896
24169000 -0.103546573676401
24170000 -0.104224599336439
24171000 -0.122822478164194
24172000 -0.094335538001829
24173000 -0.0454648784600451
24174000 -0.136762868699972
24175000 -0.0999935071137812
24176000 -0.0972610862126007
24177000 -0.0714601834449755
24178000 -0.0978222755557194
24179000 -0.0943837596961872
24180000 -0.0706677482872304
24181000 -0.0395491649196823
24182000 -0.068108195084951
24183000 -0.0560938176755587
24184000 -0.0905340779596398
24185000 -0.057845722787996
24186000 -0.0565801985499585
24187000 -0.116209839594634
24188000 -0.104793650651554
24189000 -0.0600586794469872
24190000 -0.0988603775107416
24191000 -0.0835380533377708
24192000 -0.111588234335239
24193000 -0.0447243506223906
24194000 -0.0966321222309191
24195000 -0.016118467524616
24196000 -0.0407131401968605
24197000 -0.0946522659141622
24198000 -0.0446517746142169
24199000 -0.0303475000501782
24200000 -0.0501858915425535
24201000 -0.0322702129008232
24202000 -0.0606678515931912
24203000 -0.00794955175651183
24204000 -0.103908198624946
24205000 -0.00115066403964092
24206000 -0.0404654433990797
24207000 -0.0274644751055231
24208000 -0.05416966195865
24209000 -0.0303178138971085
24210000 -0.0267991469358433
24211000 -0.0497584386880731
24212000 -0.0179945714114682
24213000 -0.01099929084394
24214000 0.0787184983669819
24215000 -0.0480819276597838
24216000 -0.00350060624837598
24217000 0.00521071052021467
24218000 0.084002938291885
24219000 0.00879535511443582
24220000 -0.00244986856552668
24221000 0.0773185844757675
24222000 -0.0495356126773943
24223000 0.0581205533107227
24224000 -0.0251113238832168
24225000 0.086087082235503
24226000 0.00488004279688917
24227000 0.0730164996916917
24228000 0.0232976341186499
24229000 0.0926139416303558
24230000 0.0633541605192778
24231000 0.0470725702030462
24232000 0.00630779133835074
24233000 0.0749338697538338
24234000 -0.00192436741880537
24235000 0.0510038430518702
24236000 0.0190459933675149
24237000 -0.00144609557980897
24238000 0.0252072272712633
24239000 0.0391007129635435
24240000 0.0625684368063258
24241000 0.0320756932802312
24242000 0.0297646164946197
24243000 0.0180474288586885
24244000 0.0197408126670481
24245000 0.00216300743174203
24246000 0.0462228011886521
24247000 0.000269440871095466
24248000 -0.00133035585565693
24249000 0.00287763049619286
24250000 0.060544010519631
24251000 -0.0124767447046111
24252000 0.0517975712676058
24253000 0.0272823359802472
24254000 0.0220418683489267
24255000 0.058432802304873
24256000 0.0356880905118762
24257000 0.045336927245233
24258000 0.00835014071718421
24259000 0.0254666155264661
24260000 0.055425120210837
24261000 0.0190124497140851
24262000 0.0208411175346471
24263000 -0.0155911049495975
24264000 0.0422794400779317
24265000 -0.0351430137730814
24266000 0.0632737267434643
24267000 -0.00901834083618229
24268000 0.051214596290973
24269000 0.0185207003930885
24270000 0.0901499168539989
24271000 0.0200367783044348
24272000 0.0357763443589366
24273000 0.00638285119370637
24274000 0.0325017458795386
24275000 0.0642908176829864
24276000 0.124907561407362
24277000 0.0192769722831024
24278000 0.103317524643264
24279000 0.0477622971597999
24280000 0.0346680308111117
24281000 0.0383450660349477
24282000 0.0299694157312271
24283000 0.040409699802294
24284000 0.058489813522564
24285000 0.0150169985148413
24286000 0.0387856791753124
24287000 0.0519550540207886
24288000 0.00481131758167211
24289000 0.0416716278097451
24290000 0.0366308205830426
24291000 0.0755621609042836
24292000 0.0854359029594218
24293000 -0.00308081961147778
24294000 0.00163809864759781
24295000 0.0578684052508687
24296000 -0.0106874618890095
24297000 0.123378458867068
24298000 0.0203903914388987
24299000 0.108522528321546
24300000 0.0114572055543087
24301000 0.130181908145402
24302000 0.0716191585949244
24303000 0.0522812228834099
24304000 0.0876921933750117
24305000 0.078363107697289
24306000 0.0800787747215789
24307000 0.0782982090904976
24308000 0.0366241550035905
24309000 0.14565827750428
24310000 0.00839083121223061
24311000 0.105750604033554
24312000 0.00949549328192371
24313000 0.084314624598238
24314000 0.0467435927302091
24315000 0.0622438133711504
24316000 0.0767599206008724
24317000 0.0475962898826834
24318000 0.066004379082261
24319000 0.0438829534570999
24320000 0.0452058792695161
24321000 0.07509763104412
24322000 0.0628560155086185
24323000 0.0346402145341311
24324000 0.107623572523851
24325000 0.0240927812842684
24326000 0.0658722652841957
24327000 0.0460481702779739
24328000 0.0532448576205843
24329000 0.04661177394055
24330000 0.033211272730935
24331000 0.0816310964020923
24332000 0.135821314379504
24333000 0.0693157969122958
24334000 0.0860790069194672
24335000 0.149639187442332
24336000 0.0631723657380341
24337000 0.0465963995637135
24338000 0.0589229780662978
24339000 0.0657137805457444
24340000 0.106225350995068
24341000 0.053755275192924
24342000 0.103407868216757
24343000 0.0618704349550797
24344000 0.0960185715670699
24345000 0.118041185752332
24346000 0.0462876788753517
24347000 0.112886453063731
24348000 0.0633437262860007
24349000 0.0546491484088868
24350000 0.0531243564888047
24351000 0.105995441556576
24352000 0.0503753066977244
24353000 0.123454473728125
24354000 0.072352127308947
24355000 0.0916877896087584
24356000 0.0842701698693762
24357000 0.0891042937546378
24358000 0.0352575337289821
24359000 0.105361959955099
24360000 0.0286573069494864
24361000 0.0944144092999465
24362000 0.0514077098695953
24363000 0.0547533261002727
24364000 0.0294204887874173
24365000 0.0594955519998626
24366000 0.0950229250251171
24367000 0.0857466357025806
24368000 0.155121890339584
24369000 0.0939528982915395
24370000 0.0695008426473116
24371000 0.0508454730843451
24372000 0.0224893219325742
24373000 0.129078117761588
24374000 0.0272280244823985
24375000 0.0959060255782978
24376000 0.0536539932581269
24377000 0.0519076755420965
24378000 0.0689576767350865
24379000 0.0623128367932466
24380000 0.0245742826826897
24381000 0.0659450791947746
24382000 0.0485366793396784
24383000 0.0533587092430076
24384000 0.0520300624790196
24385000 0.0649814007591496
24386000 0.0619884613119529
24387000 0.0991562962693325
24388000 0.0455602466024462
24389000 0.0771470828099232
24390000 0.0782589877572074
24391000 0.139724083634585
24392000 0.0425397531703763
24393000 0.102945915543766
24394000 0.0778824382838181
24395000 0.0555998634365121
24396000 0.0812749511240162
24397000 0.109173822566181
24398000 0.0708635180423385
24399000 0.0723626858646767
24400000 0.0757186860545363
24401000 0.0891222011734326
24402000 0.100707923392614
24403000 0.124056412728442
24404000 0.0557060415574874
24405000 0.136402270554898
24406000 0.0745136817037216
24407000 0.101476014812701
24408000 0.132847329463819
24409000 0.137621794291524
24410000 0.0805394185817069
24411000 0.0325406637895028
24412000 0.0639843009495787
24413000 0.0855254913464631
24414000 0.0888149105714816
24415000 0.0639851610171116
24416000 0.164904516121044
24417000 0.0588152972443714
24418000 0.101946852669851
24419000 0.0801080457500993
24420000 0.0770980830821127
24421000 0.087790837162343
24422000 0.0778461855838322
24423000 0.0982205875926626
24424000 0.0574635192336674
24425000 0.0797554862618057
24426000 0.0673450522547829
24427000 0.0934761482297663
24428000 0.116613022223364
24429000 0.0667851860565365
24430000 0.0734670420345258
24431000 0.0419936319755149
24432000 0.0601953106989801
24433000 0.0880255963472865
24434000 0.101101668444662
24435000 0.0834464813954121
24436000 0.0866103545568678
24437000 0.126301415005904
24438000 0.0688505629435233
24439000 0.0687771488867795
24440000 0.0831249624401085
24441000 0.1073301143447
24442000 0.0941288396355385
24443000 0.0773690583044584
24444000 0.0840421259867715
24445000 0.0721244148369844
24446000 0.099404798530133
24447000 0.0847920799843451
24448000 0.0882186249363798
24449000 0.0721803090899603
24450000 0.115386275062415
24451000 0.112153144541524
24452000 0.0773387817952233
24453000 0.112086610633802
24454000 0.0730761780747886
24455000 0.0951916942372723
24456000 0.0506471565085489
24457000 0.0623074949366996
24458000 0.0867677084879315
24459000 0.116205580241715
24460000 0.0636668882546605
24461000 0.113796130546253
24462000 0.104510559024337
24463000 0.104684172222413
24464000 0.100239084707679
24465000 0.112343911521652
24466000 0.0893192135824851
24467000 0.0975477775227782
24468000 0.0495002352275635
24469000 0.0815444861122501
24470000 0.0694846410277158
24471000 0.0933315947279309
24472000 0.0785679945791547
24473000 0.114747900103074
24474000 0.133942414904256
24475000 0.0597364947388186
24476000 0.156026170520623
24477000 0.0514672812723543
24478000 0.122574363499704
24479000 0.125074703300023
24480000 0.0714007214261446
24481000 0.133131550008782
24482000 0.0607994280593147
24483000 0.0692215908029689
24484000 0.121515757694966
24485000 0.0837235218137119
24486000 0.120561023442359
24487000 0.0776316570085012
24488000 0.210333226458454
24489000 0.0415231251057962
24490000 0.129922190691103
24491000 0.0922389533537199
24492000 0.162428852475902
24493000 0.0601315130884065
24494000 0.072601280082548
24495000 0.0918581571436734
24496000 0.072180024418553
24497000 0.082275674000091
24498000 0.0534911363108589
24499000 0.108254408903757
24500000 0.0697604071730973
24501000 0.138662019717399
24502000 0.0806385954699433
24503000 0.118254019943248
24504000 0.107297793033544
24505000 0.0884525136402123
24506000 0.04871501354976
24507000 0.0897455561825581
24508000 0.115769710918089
24509000 0.102088792285427
24510000 0.0695341734299242
24511000 0.122057370226923
24512000 0.0905194881790425
24513000 0.116018929663147
24514000 0.1688563062077
24515000 0.0773203375002685
24516000 0.0817524557746673
24517000 0.0712399773629131
24518000 0.0850577101645158
24519000 0.061478893286513
24520000 0.0869399623901868
24521000 0.0885490848705388
24522000 0.0463550829592879
24523000 0.0700923378637229
24524000 0.0994023001937296
24525000 0.0717645440429922
24526000 0.123581598605969
24527000 0.118929321286832
24528000 0.0654790432056627
24529000 0.125469691073207
24530000 0.0904333439948966
24531000 0.125890695907608
24532000 0.0380322652216216
24533000 0.0798094149754241
24534000 0.129290511064491
24535000 0.0518069218165063
24536000 0.121265381653683
24537000 0.0680545207609058
24538000 0.0879358881219961
24539000 0.0476456462175343
24540000 0.112940268913646
24541000 0.119619976895946
24542000 0.10926220350332
24543000 0.108654866820953
24544000 0.0549084927723406
24545000 0.114133317523419
24546000 0.0878582950069832
24547000 0.112792248814238
24548000 0.105240631788559
24549000 0.0817664748197289
24550000 0.0527436262428683
24551000 0.0616964786218911
24552000 0.0907120601165111
24553000 0.0691591098010735
24554000 0.0828445859142969
24555000 0.095346060439657
24556000 0.0310235456589201
24557000 0.0982378651890381
24558000 0.0768357066776517
24559000 0.101659733747448
24560000 0.0960870444470499
24561000 0.00687944205485684
24562000 0.11485958143522
24563000 0.0415165638797623
24564000 0.105179863979498
24565000 0.0734687454920056
24566000 0.106931064574926
24567000 0.0532450067508318
24568000 0.1302974038365
24569000 0.0489161620408642
24570000 0.0911271001828375
24571000 0.0592853758098842
24572000 0.166009596001277
24573000 0.0347724463222749
24574000 0.121240948370296
24575000 0.0109960681120906
24576000 0.0904224100188295
24577000 0.0777936706245271
24578000 0.0960345664575389
24579000 0.0537879774269863
24580000 0.110931480341237
24581000 0.0850544630266684
24582000 0.110054693153095
24583000 0.0457138412613815
24584000 0.0527718007949216
24585000 0.0973045653213008
24586000 0.071124652908774
24587000 0.120129465973674
24588000 0.0851722016579453
24589000 0.12035364351184
24590000 0.086633617581107
24591000 0.0853832468974671
24592000 0.0601854594584793
24593000 0.0565815039871825
24594000 0.11093552328654
24595000 0.084171496424431
24596000 0.126913001790366
24597000 0.0918532815893525
24598000 0.112947179809307
24599000 0.0530033200396642
24600000 0.114494878562807
24601000 0.0991925333455043
24602000 0.0811829959001231
24603000 0.0799389356685757
24604000 0.0848538315634575
24605000 0.110824310600092
24606000 0.0876544389825556
24607000 0.0996075993478339
24608000 0.0525950235283097
24609000 0.0891204708953068
24610000 0.0746132215721699
24611000 0.071320053085964
24612000 0.0640351178623855
24613000 0.0804045660734954
24614000 0.132292187005469
24615000 0.0525225352302328
24616000 0.0938338361976002
24617000 0.0870374809666794
24618000 0.12727910464804
24619000 0.0827983915423243
24620000 0.0971612393156695
24621000 0.0421226880309587
24622000 0.123272506495661
24623000 0.0631647456588869
24624000 0.0664156742144143
24625000 0.098065632692858
24626000 0.014496060586468
24627000 0.0836295225172573
24628000 0.0657098579675071
24629000 0.0511284361503544
24630000 0.0584690978008144
24631000 0.0690229414512227
24632000 0.0668133514817576
24633000 0.0548632871251091
24634000 0.0672089447241034
24635000 0.0606886314628986
24636000 0.152115506238855
24637000 0.0934209393199295
24638000 0.0505556202566221
24639000 0.0703804804287125
24640000 0.0565334806126143
24641000 0.0968457705733204
24642000 0.0203449039645489
24643000 0.0789030847949832
24644000 0.030257783965886
24645000 0.0465283452257034
24646000 0.0216825219259226
24647000 0.101104835486022
24648000 0.0518454343387005
24649000 0.143523724111666
24650000 -0.0141633438950516
24651000 0.0510212172265584
24652000 0.0660017125239741
24653000 0.041969749227243
24654000 0.0624169716651667
24655000 0.0913627126586823
24656000 0.0840579214364227
24657000 0.0616084018785743
24658000 0.0687691637622287
24659000 0.0600158422042777
24660000 0.0966385610616901
24661000 0.0649312814486361
24662000 0.0880621711966147
24663000 0.0692883711032778
24664000 0.0527622538999461
24665000 0.0320312894335787
24666000 0.126169687526156
24667000 0.00843969775133191
24668000 0.0924867061402787
24669000 0.0255218922686336
24670000 0.123030477365233
24671000 0.0717131764454093
24672000 0.087017276607671
24673000 0.0618867469134034
24674000 0.07061092611038
24675000 0.0623081851132164
24676000 0.0487348497321834
24677000 0.0440016264176374
24678000 0.115800946190959
24679000 0.0823437484487168
24680000 0.0502336467813176
24681000 0.0712166200075986
24682000 0.0206253885318836
24683000 0.111029330012514
24684000 0.0874740786943098
24685000 0.0608924367007741
24686000 0.050125082202445
24687000 0.0501594543979649
24688000 0.0520559144641712
24689000 0.0720398077774347
24690000 0.0575960844161852
24691000 0.0728535461774816
24692000 0.0892086815298618
24693000 0.0780990668007692
24694000 0.04176858911562
24695000 0.0429139013267022
24696000 0.0869898573071639
24697000 0.0298152785588717
24698000 0.0852078726796541
24699000 0.0273164562911718
24700000 0.107852707246714
24701000 0.0284428735157086
24702000 0.0746134040233444
24703000 0.0781533037391743
24704000 0.0283141480120137
24705000 0.0186528938782037
24706000 0.0829200928713398
24707000 0.0887767691439147
24708000 0.0363286718867573
24709000 0.0588291002872
24710000 0.0362508081670849
24711000 0.0394153472177761
24712000 0.0280446174560591
24713000 0.0193112983508037
24714000 0.0269099223697171
24715000 0.0224346873387383
24716000 0.00718910799599632
24717000 0.0686051621530884
24718000 0.0341633709043213
24719000 0.056518479693584
24720000 0.0379902287378225
24721000 0.0867141916414215
24722000 0.0391891747525854
24723000 0.0537645469481041
24724000 0.0399840471795234
24725000 0.0503736504294381
24726000 0.0456024508590468
24727000 0.0669338096881711
24728000 0.0699086812608888
24729000 -0.00356637174864995
24730000 0.0586380032341649
24731000 0.0833439939071156
24732000 0.0751738592658626
24733000 0.0463843413592956
24734000 0.0885734591331626
24735000 0.0262154443754997
24736000 0.0775309004544372
24737000 0.034243708040027
24738000 0.115834842863505
24739000 0.0434817305139548
24740000 0.0826382823084812
24741000 0.0358370136900834
24742000 0.052502007575651
24743000 0.0507354099225283
24744000 0.0540164103332939
24745000 0.0806757135888067
24746000 0.0583218913850446
24747000 0.078303687102794
24748000 0.109672014318358
24749000 0.068832643011521
24750000 0.0641719445417947
24751000 0.040769324020213
24752000 0.0608931992034814
24753000 0.00775798523292006
24754000 0.0554202775336605
24755000 0.0859480316078949
24756000 0.032369674252272
24757000 0.0694009609800674
24758000 0.105052759381025
24759000 0.076855446605697
24760000 0.0347898829729871
24761000 0.0932113660773646
24762000 0.0498456906119405
24763000 0.0564932287181673
24764000 0.0596008533219654
24765000 0.0442258850945911
24766000 0.0175134560180376
24767000 0.0587271113487436
24768000 0.0551884292483777
24769000 0.0704773735184374
24770000 0.0262600717979419
24771000 0.0306407434192128
24772000 0.041083515968317
24773000 0.0572270107349236
24774000 0.0278891705530784
24775000 0.0202963955145927
24776000 0.0691720248861025
24777000 0.071257743014293
24778000 0.0429583128354142
24779000 -0.00359382853469603
24780000 0.0807597904616578
24781000 0.0755996326279186
24782000 0.0392185308287504
24783000 0.0481353079753755
24784000 0.029810882128803
24785000 0.0620912190616754
24786000 0.0419172274516239
24787000 0.0303138354139291
24788000 0.0636735998314075
24789000 0.0252855035065823
24790000 0.0534942812633666
24791000 0.0905931238358033
24792000 0.0261028579894315
24793000 0.056442702235518
24794000 0.0709428784814703
24795000 0.0127143694619495
24796000 0.0775673786497234
24797000 0.0436006888642385
24798000 0.0640773724139843
24799000 0.0826993760572352
24800000 0.0470808434945389
24801000 0.0345526251464076
24802000 0.0510039876769739
24803000 0.0585273478059293
24804000 0.0404753309303322
24805000 0.0990280934317933
24806000 0.0177692034126158
24807000 0.0628269010766281
24808000 0.0518451673475011
24809000 0.0276998619570783
24810000 0.0388002159520225
24811000 0.0817431952292701
24812000 0.0283479721152535
24813000 0.0452731531194663
24814000 0.0496907830133719
24815000 0.0445856295356205
24816000 0.0191996969921016
24817000 0.0918864361826883
24818000 0.0680477045358053
24819000 0.0929952660572289
24820000 0.0650858434477498
24821000 0.0642353153763848
24822000 0.0225839248480543
24823000 0.0588995414389078
24824000 0.0104233255444011
24825000 0.126025228883293
24826000 0.039995941253822
24827000 0.0887666647188902
24828000 0.0219826888192845
24829000 0.0884660563161201
24830000 0.0735649039746667
24831000 0.0781632653203853
24832000 0.0779584209148287
24833000 0.0537327376455234
24834000 0.0713668346875809
24835000 0.0937332190582341
24836000 0.0929217971211012
24837000 0.0492163119006799
24838000 0.072845527495693
24839000 0.0614484067026208
24840000 0.0850252436141287
24841000 0.0739040315938147
24842000 0.0500449315956817
24843000 0.0519818091645319
24844000 0.0406413449265097
24845000 0.0787212598492953
24846000 0.075482409852276
24847000 0.00775678509829813
24848000 0.0979367715387266
24849000 0.0698510554495175
24850000 0.0468162418694245
24851000 0.0453174488413264
24852000 0.0543905062645716
24853000 0.0846412046545451
24854000 0.0355631275830576
24855000 0.0659515052465039
24856000 0.0962968532762965
24857000 0.0222662170461234
24858000 0.0231411896376975
24859000 0.016439212158847
24860000 0.0586635865744273
24861000 0.0109279588242685
24862000 0.0546385386015357
24863000 0.0314237419958079
24864000 0.020979126684628
24865000 0.0806400199204074
24866000 0.0263939474382399
24867000 0.0524257275094438
24868000 0.0622689667082468
24869000 -0.0327105552655394
24870000 0.0399281634697393
24871000 0.043354483531625
24872000 0.0305109667280339
24873000 0.00550835655229659
24874000 0.0166379467910131
24875000 0.012564078442886
24876000 0.0500543257005255
24877000 0.0688543986574242
24878000 0.0191938982629554
24879000 0.0768833193526469
24880000 0.0527627906979125
24881000 0.0221638068141835
24882000 0.0127063086626789
24883000 0.0450125495448612
24884000 0.0421834932380141
24885000 0.0613371126260435
24886000 0.000436716297273569
24887000 0.0459103237714154
24888000 0.0130752519819391
24889000 0.013601269959017
24890000 0.0619503721985726
24891000 0.0108827697996104
24892000 0.0182908474568642
24893000 0.0886067133059491
24894000 0.0191554910868386
24895000 0.0742332141305745
24896000 0.0707250193457954
24897000 0.0502925311116267
24898000 0.0491336130250448
24899000 0.0397937724302006
24900000 0.0599096599413245
24901000 0.0171128731908116
24902000 0.053421316639945
24903000 0.0134730129835397
24904000 0.0697054435773481
24905000 -0.017459402203795
24906000 0.0331353274271141
24907000 0.0216467562115873
24908000 0.0272668197965616
24909000 0.0234290314829266
24910000 0.0515076541175533
24911000 0.0134096874132852
24912000 0.070563465332311
24913000 0.0379884646886846
24914000 0.0271831081241445
24915000 0.0239535644869435
24916000 0.0282665092381516
24917000 0.0323460885605075
24918000 0.030783308348116
24919000 0.033972193640002
24920000 0.0108772780416248
24921000 0.0161287469088315
24922000 0.00257029780474138
24923000 0.0325690721582731
24924000 0.0443608989249187
24925000 0.0362603078096801
24926000 0.0673690646778397
24927000 0.000495759588366208
24928000 0.0470395190968652
24929000 -0.0530745170842775
24930000 0.0597584937160125
24931000 -0.00312595545939899
24932000 0.0178102033379343
24933000 0.0481651079496086
24934000 0.0333822111106326
24935000 0.00684867828960117
24936000 0.0660746668620835
24937000 0.00287746745723647
24938000 0.0809911324268642
24939000 -0.00896412749888405
24940000 0.0651120148534462
24941000 0.0249967109432764
24942000 0.0385174529052058
24943000 0.0459009252678252
24944000 0.0308976788674849
24945000 0.0163354384760719
24946000 -0.00535554974434108
24947000 0.00308776618873903
24948000 0.0452508137171828
24949000 -0.00341091414340702
24950000 0.0294394329643411
24951000 -0.0130427573997287
24952000 0.066218748640139
24953000 0.0102942216119776
24954000 0.0386255211865332
24955000 -0.00540470944727403
24956000 0.105961634642483
24957000 0.0215597115224461
24958000 0.0345646325160975
24959000 0.0615356158716069
24960000 0.00424536666046156
24961000 -0.00172921258799817
24962000 0.0529499233005024
24963000 0.0184828274267347
24964000 0.0321995227336631
24965000 0.00777986322713493
24966000 0.0800452488074133
24967000 -0.000417273525069765
24968000 0.0772639740672226
24969000 0.0349059711347963
24970000 0.0310285487269804
24971000 -0.0143276905670584
24972000 0.0572775722097324
24973000 0.00743530791537979
24974000 0.0912479121815186
24975000 0.00841005747999098
24976000 0.0274149244687896
24977000 0.0478978796981887
24978000 0.0412604596403935
24979000 -0.00519781532779443
24980000 -0.0187170624687388
24981000 0.0477274451425419
24982000 0.0184503804579094
24983000 0.00554840323052409
24984000 0.0742341451431279
24985000 0.00216299249516719
24986000 -0.0011653062446745
24987000 0.0914510894638559
24988000 0.0456994638441835
24989000 -0.023736697310121
24990000 0.0523844821050558
24991000 0.0136630070582901
24992000 0.027271041669824
24993000 0.0273414088236649
24994000 0.0296474029212703
24995000 -0.00335533583911257
24996000 0.0591730918557122
24997000 0.00661763339195383
24998000 0.0377548674453468
24999000 0.00843292939417785
25000000 0.0206515563719785
25001000 0.0507734098867382
25002000 -0.00952741699037993
25003000 0.00797499547203047
25004000 0.0374075328182456
25005000 0.0245413312461506
25006000 0.062110484196895
25007000 0.124464760559347
25008000 0.0234310307428623
25009000 0.0243345986153774
25010000 0.0891777377652195
25011000 0.0206601287921282
25012000 0.0490145843686724
25013000 0.0499339136794313
25014000 0.0906269425405592
25015000 0.0375233893140195
25016000 0.0874810509718772
25017000 0.0693490690275112
25018000 0.0262803033808487
25019000 0.0310557824070517
25020000 0.0681095439916555
25021000 0.0740981895387348
25022000 0.0732599443090713
25023000 0.0715617447993184
25024000 0.0292894966089619
25025000 0.0616056820284456
25026000 0.0168911445812306
25027000 0.0280269178798917
25028000 0.0511901558371125
25029000 0.0590342849436179
25030000 0.0399255064269813
25031000 0.0911464256320839
25032000 0.0827873601456208
25033000 0.0222308020430636
25034000 0.0695594943007891
25035000 0.0330485161187961
25036000 0.0037994054669234
25037000 0.100741739291944
25038000 0.0261254599123259
25039000 -0.00991001740055263
25040000 0.0171486048525599
25041000 0.0334206500086124
25042000 0.0588045092343557
25043000 0.0972428995623661
25044000 0.0333939708432158
25045000 0.0932300600161592
25046000 0.00938488967063879
25047000 0.0182452387909996
25048000 0.0184068998977277
25049000 0.053094347888534
25050000 0.0575804823986571
25051000 0.0699537783304829
25052000 0.040554364744358
25053000 0.0512673853632685
25054000 0.0400070299649428
25055000 0.0274296165198556
25056000 0.0534936998483827
25057000 0.0453946028621342
25058000 0.0954133475808176
25059000 0.0140848344071153
25060000 0.0489468354452207
25061000 0.0625466554220588
25062000 0.0281505659183434
25063000 0.0766954949542452
25064000 0.0205224861712059
25065000 0.0528774750921951
25066000 0.0606299179853764
25067000 0.0447247336412053
25068000 0.0595908383256009
25069000 0.0334224673363965
25070000 0.0383236326626196
25071000 0.030760303696566
25072000 0.056849183452077
25073000 0.0108551119452985
25074000 0.0388597152188732
25075000 0.0137526329791301
25076000 0.0348013642517981
25077000 0.0674176879750286
25078000 0.0392511353002683
25079000 0.0356464374478204
25080000 0.045428517577853
25081000 0.053963921232678
25082000 0.0233742390416501
25083000 0.0647118433385847
25084000 0.0584699238057001
25085000 0.0253019266708987
25086000 -0.00523463512247057
25087000 0.0387875806598894
25088000 0.0421844879233384
25089000 0.0779481368309378
25090000 0.00336365559807709
25091000 0.00705817228767606
25092000 0.059045140653604
25093000 -0.0123668352683879
25094000 0.0332637876797758
25095000 -0.00686931928375176
25096000 0.0147797758209105
25097000 -0.0233172136870647
25098000 0.0101437067901177
25099000 0.00575045649080586
25100000 0.0130034237660721
25101000 0.0271329462282375
25102000 0.0127812607557296
25103000 0.0988524082646159
25104000 0.00909227546424541
25105000 0.0535511580440475
25106000 0.0162575611400936
25107000 0.0220569280566933
25108000 0.0886813175611516
25109000 0.00636076900490634
25110000 0.084716612446645
25111000 0.0617905119375671
25112000 0.0435011990896937
25113000 0.0258961516279357
25114000 0.0437811898362518
25115000 0.0299313847804493
25116000 0.00583835903059832
25117000 0.00633927951421161
25118000 0.0470795364215911
25119000 0.0677360158506808
25120000 0.0459850752835756
25121000 0.0294335239434977
25122000 0.0531094774160477
25123000 0.052152481518545
25124000 0.099143600466061
25125000 0.0150256741045442
25126000 0.0699561620233508
25127000 0.0146742102606067
25128000 0.103102229406311
25129000 -0.0289116650787935
25130000 0.126071983972714
25131000 -0.0163998997681788
25132000 0.0535941540671241
25133000 0.019636736239818
25134000 0.03377260791906
25135000 0.0462817005780192
25136000 -0.00449811740551925
25137000 0.00385156671907933
25138000 0.0484034316642075
25139000 0.0627000934728642
25140000 0.03814682821121
25141000 0.069855449318186
25142000 0.0587545160708346
25143000 0.0552134578117825
25144000 0.021451659666602
25145000 0.0248209589479006
25146000 0.0377895937183908
25147000 0.0180731485645071
25148000 0.0630824314355948
25149000 0.0027329660221695
25150000 0.0430088101312761
25151000 -0.0131374320693567
25152000 -0.00885096009589085
25153000 0.0902702732885355
25154000 0.0410970814752285
25155000 0.045306323574887
25156000 0.0047707645084754
25157000 0.0467307692787149
25158000 -0.015824187739047
25159000 0.0479879444489996
25160000 -0.00884218685796453
25161000 0.0499708268467504
25162000 -0.00659824747658719
25163000 0.0752819767355599
25164000 0.00538364306843024
25165000 0.0333737857448821
25166000 -0.018754329822909
25167000 -0.0172003749371476
25168000 -0.0356501901316547
25169000 0.0610001635800341
25170000 0.0147966745374235
25171000 0.0354623985687002
25172000 0.0216528680774596
25173000 0.00259146391856734
25174000 0.0223596937604103
25175000 0.0310909488859262
25176000 0.0247722614787876
25177000 0.0375194537298283
25178000 -0.00522026263729844
25179000 0.046595818831049
25180000 -0.0124637451883574
25181000 -0.0177679425772131
25182000 0.0418547598728702
25183000 0.0249836999526731
25184000 0.0274222751361445
25185000 -0.0361819598282103
25186000 0.00835146478626204
25187000 -0.0261771569998885
25188000 -0.00772235887793664
25189000 -0.0549396513527798
25190000 0.0662862414333683
25191000 -0.0414951203918653
25192000 -0.00443356905071645
25193000 0.012934147496582
25194000 -0.0301055287565844
25195000 0.0205965174015204
25196000 -0.0145208232506627
25197000 0.000121241332366281
25198000 0.0147748382702397
25199000 0.0722164481373388
25200000 -0.011696744273559
25201000 0.0377312500323213
25202000 -0.0217006370948538
25203000 0.0153246473713212
25204000 0.00266440003690197
25205000 -0.0147263905786395
25206000 0.0382554962786583
25207000 -0.0530947593979912
25208000 0.0367357593131647
25209000 0.0134177408143415
25210000 0.0209030330664019
25211000 0.0278423556365846
25212000 0.0558018082426917
25213000 -0.0399554589516062
25214000 0.0260978358993803
25215000 0.00522348986980084
25216000 -0.00271359379537325
25217000 -0.030177032787882
25218000 0.0136795533195722
25219000 -0.0165306742817821
25220000 0.0160489451414915
25221000 -0.017750393209359
25222000 0.0125765470321591
25223000 -0.0332998708023174
25224000 0.0202821114713557
25225000 -0.0537685435390825
25226000 0.0196355876821236
25227000 0.00338962781660122
25228000 0.0473545843835214
25229000 0.00426171315212
25230000 -0.0131700024488835
25231000 0.0410579513669625
25232000 -0.0219340602853591
25233000 0.00535313358195318
25234000 0.0259394291485417
25235000 -0.0216346776109534
25236000 0.0394818820238442
25237000 0.0141197536305236
25238000 -0.009895754179126
25239000 0.0286715386525504
25240000 0.00676792228373141
25241000 0.00240721880407603
25242000 -0.000833580527679026
25243000 0.0146471128395751
25244000 -0.011296889378969
25245000 0.0078240306773043
25246000 0.0176908836175222
25247000 -0.0033877398199854
25248000 0.00342059358869068
25249000 -0.0332500565613709
25250000 -0.0112828464078452
25251000 -0.0212025368874518
25252000 -0.0691898021019978
25253000 0.0011218218931119
25254000 -0.0233259205584771
25255000 -0.00877746271495837
25256000 0.0336186262205242
25257000 -0.0128529457500838
25258000 -0.0243371253504483
25259000 0.0326986971199388
25260000 -0.061292180495247
25261000 0.0157267134931225
25262000 0.0111339491104976
25263000 -0.04521230312267
25264000 0.0276859300827293
25265000 0.00892376606710336
25266000 0.0168876670833422
25267000 -0.0052043361194103
25268000 0.003736016180501
25269000 0.0144450562219922
25270000 -0.00942064863055882
25271000 0.00278058409442178
25272000 -0.00345130720854614
25273000 0.0559304506433104
25274000 0.000469690207755933
25275000 0.0223700218757359
25276000 0.0318031112989898
25277000 0.00547463087053808
25278000 -0.0171738346065153
25279000 0.0294597032261933
25280000 -0.0171706550533075
25281000 0.0634202194432439
25282000 -0.0658558000570225
25283000 0.0538664488335281
25284000 0.0193122387363312
25285000 -0.0450386987208791
25286000 0.0104188462479627
25287000 0.00331617840374621
25288000 0.0154264699317126
25289000 0.0326455261548518
25290000 0.0112676767124074
25291000 -0.00959966762196449
25292000 -0.00548146718077317
25293000 -0.0459238778956072
25294000 -0.0141254997621426
25295000 -0.00485231068129043
25296000 -0.0627797175964258
25297000 0.0143409167416419
25298000 -0.0392971553546882
25299000 0.0495390040477415
25300000 -0.0296609901373931
25301000 0.0023412161053565
25302000 -0.0212156615532616
25303000 0.014176142321101
25304000 -0.0135946858307356
25305000 0.0244202730142281
25306000 0.0154557918032483
25307000 -0.0113443979242586
25308000 0.0136461858393339
25309000 -0.0051777288527443
25310000 -0.0032489824379924
25311000 -0.0178237532082931
25312000 0.0432736407473713
25313000 -0.0102921415391779
25314000 -0.0188708456212355
25315000 0.00882914123250352
25316000 -0.0209343572209569
25317000 -0.0178047566728565
25318000 0.0084490457853526
25319000 -0.0237699233714728
25320000 0.0113327189538267
25321000 -0.021156871702567
25322000 -0.00667750731775086
25323000 0.0154463511010953
25324000 -0.0113093964336164
25325000 0.0333539329422225
25326000 0.00260888862639219
25327000 -0.0079692838388323
25328000 -0.0128296772477046
25329000 0.00373222313938158
25330000 0.00920482052347821
25331000 -0.0304138545445994
25332000 0.00380423264557677
25333000 -0.0119938378755122
25334000 0.0144277986129045
25335000 -0.0252617751302287
25336000 0.00211513988077032
25337000 -0.0251361715143105
25338000 0.0125242303844064
25339000 -0.0258995298294327
25340000 -0.00375531372674494
25341000 -0.0515850624285659
25342000 -0.0362903892214253
25343000 0.011181968434292
25344000 -0.000263349297954514
25345000 0.00777112789187379
25346000 -0.0519968532007851
25347000 -0.0252892305077546
25348000 -0.00203186413476227
25349000 0.0113705049551317
25350000 -3.25931114975019e-05
25351000 0.0229017657463803
25352000 -0.0565726844634376
25353000 0.00491241734702335
25354000 0.034835482631004
25355000 -0.0299514445120816
25356000 -0.00773926462456353
25357000 0.00178374081281716
25358000 0.0135153250308472
25359000 0.00628948682870893
25360000 -0.0136521681814032
25361000 0.0528898650814528
25362000 0.000822423200581426
25363000 -0.00163754308057985
25364000 -0.00752938743079866
25365000 0.00541837123874708
25366000 -0.00979529377922694
25367000 0.0142859588113715
25368000 -0.0509588157806779
25369000 -0.00291525206856985
25370000 0.0197809195658809
25371000 -0.00258732627796492
25372000 0.0180735984083381
25373000 -0.0209086592871122
25374000 0.0012312411109458
25375000 -0.0124988678431117
25376000 -0.0131745139569217
25377000 -0.0313395403590956
25378000 0.0453520420879206
25379000 -0.0712571382345248
25380000 0.0236793686606359
25381000 -0.0397843479395548
25382000 -0.0383940798079831
25383000 0.00559208842060387
25384000 -0.00927931387266895
25385000 -0.030278417186241
25386000 0.0208599960406439
25387000 -0.00549331360059618
25388000 -0.0457802398827083
25389000 -0.000883780030836879
25390000 -0.0225920017042835
25391000 -0.0162349928643714
25392000 0.0310947343609306
25393000 -0.00351698615841683
25394000 0.00236905657664408
25395000 -0.0211794270916548
25396000 -0.000214854216738332
25397000 0.00434220307700278
25398000 -0.02412015067985
25399000 -0.0459490399921605
25400000 -0.0115671476320666
25401000 -0.00258061556665297
25402000 -0.00425767764459305
25403000 -0.0112718889188298
25404000 0.00225345021770817
25405000 -0.0208204293416263
25406000 -0.015936838444275
25407000 -0.0224006212766726
25408000 0.0344105878884633
25409000 -0.0752878229747051
25410000 0.0338918674407626
25411000 -0.0543228705026278
25412000 -0.0773029185583134
25413000 -0.0171309037914783
25414000 -0.0469616904276867
25415000 0.0219203598460154
25416000 -0.0188482771833226
25417000 0.0125951763716604
25418000 -0.0916811981566465
25419000 0.0117956420811298
25420000 -0.020463396519474
25421000 -0.0345100338486578
25422000 -0.0343859955008657
25423000 -0.100454217907365
25424000 -0.0554885238953164
25425000 0.0223867305758743
25426000 -0.0242007358069659
25427000 -0.0532501227828253
25428000 -0.0143440441046859
25429000 -0.0256046287043709
25430000 0.00695309919158155
25431000 -0.0272153123423227
25432000 0.00919613622325797
25433000 -0.0185290150080305
25434000 -0.0516279008828804
25435000 -0.0279787503651779
25436000 -0.0404866667792204
25437000 -0.00965466123473783
25438000 0.0175092533978707
25439000 -0.101518455717288
25440000 0.0461780404483792
25441000 -0.0745613918647248
25442000 -0.0239874572829635
25443000 -0.0190942843579727
25444000 0.0175620301710861
25445000 -0.0479345651729407
25446000 0.0006020971498662
25447000 -0.00918429447118468
25448000 -0.0180884190833657
25449000 0.0098379394826441
25450000 -0.00415816587748074
25451000 -0.0396315234509366
25452000 -0.0205764811814494
25453000 -0.0174372257342526
25454000 0.00214217615548266
25455000 0.00974991975485174
25456000 0.0143595709796478
25457000 -0.0345574437744414
25458000 -0.0777136891112117
25459000 0.00973047001690422
25460000 -0.0416764540869443
25461000 -0.0583918746202254
25462000 0.0133460758612777
25463000 0.00120762863415751
25464000 -0.0261194228281954
25465000 0.0002123749896148
25466000 0.0133397343661582
25467000 -0.0430621112485692
25468000 -0.0196689049816662
25469000 -0.00435510153189976
25470000 0.000342452408639676
25471000 -0.00611237442903085
25472000 0.00902193169588949
25473000 -0.0314826073722871
25474000 -0.00816569618959766
25475000 -0.0338729903733405
25476000 -0.00850754713323793
25477000 -0.00793216092063624
25478000 -0.0123771657325402
25479000 -0.0319476296792942
25480000 -0.0542926874977686
25481000 0.00704156930403367
25482000 0.0210680276108302
25483000 -0.0334104806054685
25484000 0.0161181481207672
25485000 -0.100898127788736
25486000 -0.000190820585281594
25487000 -0.0199942322594816
25488000 0.0388915543268391
25489000 0.0117811160402525
25490000 0.0333523316337168
25491000 -0.0584864951324635
25492000 -0.0373036317065263
25493000 -0.0431651284834722
25494000 -0.0237751796902789
25495000 -0.0114401714450943
25496000 -0.054753858279186
25497000 0.005799081863298
25498000 -0.0599822537375884
25499000 -0.0129027542104926
25500000 0.00302892476725324
25501000 0.00245119292439941
25502000 -0.0501961406181582
25503000 -0.0123458337498574
25504000 0.00105525225076523
25505000 -0.033572468471717
25506000 0.00487109467436056
25507000 -0.0730817221729011
25508000 -0.0225336960812604
25509000 -0.0416107291390473
25510000 -0.0175491340716827
25511000 -0.0274001725130265
25512000 -0.0280521067724753
25513000 -0.0144016358411173
25514000 0.0351871311174198
25515000 -0.0208104346917547
25516000 -0.0043531604719719
25517000 -0.0659276943295367
25518000 -0.0322617364852538
25519000 0.0280691915562722
25520000 -0.0232152702148477
25521000 0.00982325429115531
25522000 -0.0105608337828543
25523000 -0.0352319738624234
25524000 -0.00555228879190678
25525000 -0.0424308315391703
25526000 -0.0481097781002106
25527000 -0.00402724170284367
25528000 -0.0134697199157805
25529000 -0.0174878811007059
25530000 -0.0173854188158907
25531000 -0.0310951022027089
25532000 -0.0414581966487181
25533000 -0.0395514878711229
25534000 0.0138471244448684
25535000 -0.041221778892467
25536000 -0.0362500264167743
25537000 -0.0086067313238164
25538000 -0.022079150177534
25539000 -0.000150161315834696
25540000 -0.0461443957338079
25541000 -0.0365841828596775
25542000 -0.0454335254359931
25543000 -0.0660282748521569
25544000 -0.0433803548039437
25545000 -0.0347896115126513
25546000 -0.0491749764525728
25547000 -0.0862429115923583
25548000 -0.0190467017384934
25549000 -0.00952127683781569
25550000 -0.0351959475377129
25551000 -0.0315545392171659
25552000 0.00273771931437093
25553000 -0.0176093334565179
25554000 -0.0469294378322247
25555000 0.0220867814952363
25556000 -0.102769697031078
25557000 -0.0445584721523834
25558000 -0.0727518194295289
25559000 -0.0350286063481725
25560000 -0.0736568175595454
25561000 -0.0301983809990914
25562000 -0.0599357576334064
25563000 0.0063482050749833
25564000 -0.106538728741561
25565000 -0.0214343417217252
25566000 -0.00808520792455656
25567000 -0.0342826458701514
25568000 -0.0919406881094155
25569000 -0.0203188822248576
25570000 -0.0774474173129822
25571000 -0.0717571645454399
25572000 -0.0196510269616562
25573000 -0.0121292788643203
25574000 -0.00120071436280424
25575000 -0.0339627083930255
25576000 -0.0811925341835255
25577000 -0.000427639237920879
25578000 -0.0678123062535679
25579000 0.00476609077170695
25580000 -0.0707647411056643
25581000 -0.0426214312356801
25582000 -0.0765437505818385
25583000 -0.0188189798372522
25584000 -0.0668703996498636
25585000 0.00208566544635349
25586000 -0.0831908817061534
25587000 -0.00375555794341851
25588000 -0.0555985566293991
25589000 0.00170193033829164
25590000 -0.0732367197300977
25591000 0.00515135015304222
25592000 0.00799028994433391
25593000 0.0160032403254675
25594000 -0.00310478215324679
25595000 -0.0101565998405695
25596000 -0.0630260310490179
25597000 0.00700589532619099
25598000 -0.0323782087022938
25599000 0.0183320361728215
25600000 -0.0833906349859943
25601000 0.00610739430343845
25602000 -0.0461654766881048
25603000 -0.0172612908695373
25604000 -0.0747877226841677
25605000 -0.0376960371378859
25606000 0.00381083467302205
25607000 -0.0591353463830098
25608000 -0.029760255210755
25609000 -0.0360425492875054
25610000 -0.0793816476738587
25611000 -0.0701770852476547
25612000 -0.0235288123039004
25613000 -0.0906736776540561
25614000 -0.0354590915689669
25615000 -0.0646114295966987
25616000 -0.0520618504988451
25617000 -0.0246693429032264
25618000 -0.00183298480334996
25619000 -0.0644842465025867
25620000 -0.0592374010621425
25621000 -0.0334573743022149
25622000 -0.0813256787398493
25623000 -0.0504730559618646
25624000 -0.0411908258991031
25625000 -0.032146226167865
25626000 -0.025255521835452
25627000 -0.08331967301484
25628000 -0.0677108683486158
25629000 -0.0490982679154114
25630000 -0.0274261955787201
25631000 -0.00540762855764015
25632000 -0.0819566990677685
25633000 0.00152326065413408
25634000 -0.0842664949299837
25635000 0.0015769977469362
25636000 -0.0821459479966483
25637000 -0.0652673541319389
25638000 -0.0232407241266744
25639000 -0.0291875970008794
25640000 -0.0561242331045322
25641000 -6.72582521193007e-05
25642000 -0.0419615480022352
25643000 -0.0923396336867867
25644000 -0.0205829188908268
25645000 -0.0780927390395716
25646000 0.00971029234265126
25647000 -0.0622031579801342
25648000 -0.0155132873608571
25649000 -0.0342510047379166
25650000 -0.0243298773614893
25651000 -0.0305706205102464
25652000 -0.038506449208757
25653000 -0.0683419153834258
25654000 -0.0837962309020471
25655000 -0.0823561613107651
25656000 -0.0784295951109408
25657000 -0.0368631671385404
25658000 -0.0716603098068311
25659000 -0.0704983906983439
25660000 -0.0267100943243451
25661000 -0.0853241037341118
25662000 -0.046754293182246
25663000 -0.0642642666900005
25664000 -0.0402546211872902
25665000 -0.0714776440626975
25666000 -0.090243171705235
25667000 -0.0568962199769441
25668000 -0.0403624713780561
25669000 -0.0319281408334436
25670000 -0.0630267103334059
25671000 -0.0418253685265399
25672000 -0.0560274769506001
25673000 -0.0757515112638828
25674000 -0.0346506411885504
25675000 -0.0378766924005396
25676000 -0.03327794556661
25677000 -0.0764170389661285
25678000 -0.0261198224262131
25679000 -0.0713873577684798
25680000 -0.0194914320858582
25681000 -0.0950548792199307
25682000 -0.0517580502496021
25683000 -0.113018589191982
25684000 -0.0481912909003634
25685000 -0.0760095177732833
25686000 -0.00391766401274477
25687000 -0.123020917562392
25688000 -0.029210331573773
25689000 0.0014386920276297
25690000 -0.0956204310540042
25691000 -0.0647677039026947
25692000 -0.0765900269268122
25693000 -0.045276373894659
25694000 -0.0628034039971637
25695000 -0.0385628382543422
25696000 -0.0648350238668563
25697000 -0.0646303556976859
25698000 -0.062134396546671
25699000 -0.0939183709066063
25700000 -0.0506469001651321
25701000 -0.104151608366549
25702000 -0.0638323055856725
25703000 -0.0469514183259475
25704000 -0.0788323038592031
25705000 -0.0971080556075111
25706000 -0.0526964520327472
25707000 -0.112908615256433
25708000 -0.0305980377556066
25709000 -0.0535182677178084
25710000 -0.0671647472648946
25711000 -0.0367383540039409
25712000 -0.104527632564798
25713000 -0.0518109146897707
25714000 -0.0607322064562892
25715000 -0.0639407470422995
25716000 -0.0740853980490033
25717000 -0.0210882016476931
25718000 -0.0453997241931863
25719000 -0.0621398076881427
25720000 -0.0853523690964306
25721000 -0.066850889354313
25722000 -0.0948132277636739
25723000 -0.0262218581034057
25724000 0.0284271259772437
25725000 -0.0124496730843763
25726000 -0.0213322125391375
25727000 -0.0281089825140014
25728000 -0.035240167296185
25729000 -0.0333067391734148
25730000 -0.00914691804131472
25731000 -0.0364559797531504
25732000 -0.0479183029338158
25733000 -0.0487470837531185
25734000 0.060091198778265
25735000 -0.0162752738683373
25736000 0.0321018963541399
25737000 -0.0306040443588411
25738000 0.000964476441591606
25739000 -0.0401297722664776
25740000 -0.0547181236465571
25741000 -0.0162666117150905
25742000 -0.0201468642035077
25743000 -0.00299173620713907
25744000 -0.0337524763172197
25745000 -0.00225367993997191
25746000 -0.000853236636942133
25747000 -0.0116225987493086
25748000 -0.023527141956087
25749000 0.0246065179173567
25750000 -0.0680952476430393
25751000 -0.0622207890144366
25752000 -0.00447932910016142
25753000 -0.0493336509390726
25754000 -0.0136160410217501
25755000 -0.00467965941523303
25756000 -0.0671203446879116
25757000 0.00933742978319285
25758000 -0.01899128431512
25759000 -0.00737712331239553
25760000 -0.0233300719152191
25761000 0.000756573388442488
25762000 -0.0587781277103631
25763000 0.04175073319741
25764000 -0.0623899178576333
25765000 -0.00208838277264844
25766000 -0.0546055896738188
25767000 0.00222433755866226
25768000 -0.0436811192188202
25769000 -0.00810875381943391
25770000 0.0394515883616026
25771000 -0.0466330907188268
25772000 0.0178338514892042
25773000 -0.0549938691967235
25774000 -0.0115080755540567
25775000 0.00516859614170231
25776000 -0.0626328934941242
25777000 -0.0072234424435219
25778000 -0.00813376034143082
25779000 -0.0550958452632687
25780000 -0.0421717840567897
25781000 -0.031266712006412
25782000 -0.0409441006512981
25783000 -0.0260471435705046
25784000 -0.00852617911102495
25785000 -0.0654754066904628
25786000 -0.016283163770242
25787000 -0.0537278732132794
25788000 -0.00502746396770719
25789000 -0.0647067479571186
25790000 -0.00448199484573727
25791000 -0.0326137646187708
25792000 0.00317751488448964
25793000 -0.0376067293444853
25794000 -0.0028324924583043
25795000 -0.0495370247076765
25796000 -0.0241717646106418
25797000 -0.0555237451933361
25798000 -0.0220557391344209
25799000 -0.0125340285217844
25800000 -0.0166903868637207
25801000 -0.0104117546164125
25802000 -0.0467468119304024
25803000 -0.0469634807198063
25804000 -0.0652297287090058
25805000 -0.0241495140904428
25806000 -0.026712993551633
25807000 -0.03308177549571
25808000 -0.0424186109821712
25809000 -0.0224163562585433
25810000 -0.0210814408636656
25811000 -0.0126817117891796
25812000 -0.0334936740730724
25813000 -0.0472262374561975
25814000 -0.0455120400417305
25815000 -0.0439059580227747
25816000 -0.000691130308407628
25817000 -0.0705446033241995
25818000 0.00127910636704934
25819000 -0.0772236555233607
25820000 -0.0672357509756293
25821000 -0.00418480912319343
25822000 -0.0405472970107421
25823000 -0.0418010592955361
25824000 -0.042332613351865
25825000 0.00362956173512907
25826000 -0.0528031977957433
25827000 -0.0289563263866965
25828000 -0.063225895587094
25829000 -0.0273965658329981
25830000 -0.0625405186730296
25831000 -0.0491309404663914
25832000 -0.0533117767589577
25833000 -0.0762003023834691
25834000 -0.0619018130429072
25835000 -0.0703262178472653
25836000 -0.02903112170367
25837000 -0.0412763809939602
25838000 -0.00144695589931206
25839000 -0.0743493072808929
25840000 -0.0299061622014718
25841000 -0.05429414838121
25842000 -0.0658089091816137
25843000 -0.00525566600653307
25844000 -0.098734550447504
25845000 -0.0292971415226792
25846000 -0.0593492434078341
25847000 -0.0478710914677956
25848000 -0.0375758981692877
25849000 -0.00903703863520656
25850000 -0.0711013328668057
25851000 -0.0105715041887621
25852000 -0.0573819096673295
25853000 -0.0574427151697807
25854000 -0.00500307697463249
25855000 -0.0841631701519422
25856000 -0.0317427596613127
25857000 -0.0487186956483445
25858000 -0.0172751915874311
25859000 -0.0283571450136459
25860000 -0.0291917691451868
25861000 -0.0212691490449792
25862000 -0.0418165504190493
25863000 -0.0441961050934519
25864000 -0.00731020100826792
25865000 -0.112066009290452
25866000 -0.030223040933135
25867000 -0.0512181182288198
25868000 -0.0715558160308439
25869000 -0.0628153681035354
25870000 0.0140061851803194
25871000 -0.0380484362911051
25872000 -0.0785019229531773
25873000 -0.0235357669490448
25874000 -0.0620761071815807
25875000 -0.0227372208233166
25876000 -0.0421134881408734
25877000 -0.0260234626397077
25878000 -0.0738681913643835
25879000 -0.0239675317755672
25880000 -0.0438168582113565
25881000 -0.0536344632642851
25882000 -0.0147356737955366
25883000 -0.0599465219457337
25884000 -0.0203716827411439
25885000 -0.0322619119328502
25886000 -0.0599803517298961
25887000 -0.0278466231461951
25888000 -0.0422778985205789
25889000 -0.0926191617769166
25890000 -0.0647187504715556
25891000 -0.010441064339676
25892000 -0.0518430667671918
25893000 0.00150223102225613
25894000 -0.0712517346018151
25895000 -0.0276982234218258
25896000 -0.07306714404053
25897000 -0.0975067587868502
25898000 -0.0146177918567124
25899000 -0.0801888774015304
25900000 -0.0408847123814158
25901000 -0.0571290361787812
25902000 -0.0424968469468249
25903000 -0.059904818175583
25904000 -0.0298484730164612
25905000 -0.0953852812009549
25906000 -0.0262780763681654
25907000 -0.0711403195112138
25908000 -0.0735338154697437
25909000 -0.059197890496465
25910000 -0.0573644762106666
25911000 -0.0283428533462005
25912000 -0.097082970012599
25913000 -0.0337734089584891
25914000 -0.0177661654918609
25915000 -0.0705648358130484
25916000 -0.00973822008589553
25917000 -0.0702486137404343
25918000 0.00507836612945501
25919000 -0.0923949827124863
25920000 0.0010292739615337
25921000 -0.0786683128658802
25922000 -0.0644187818554082
25923000 -0.0746639641990558
25924000 -0.0464035036673723
25925000 -0.0520311418617026
25926000 -0.0910149576131063
25927000 -0.0219125064422436
25928000 -0.0490457492753803
25929000 -0.0585214190006239
25930000 -0.0941839372973058
25931000 0.00198189215856618
25932000 -0.0519125817887139
25933000 -0.0439140718513293
25934000 -0.0263409232110215
25935000 -0.058297431440957
25936000 -0.0208459688569191
25937000 -0.068895061574273
25938000 -0.0443006090529675
25939000 -0.074057121301555
25940000 -0.0747678631837968
25941000 -0.0909972923385907
25942000 -0.0159376542293391
25943000 -0.0373582938096267
25944000 -0.0219025741691381
25945000 -0.0384667536453044
25946000 -0.0487261807382764
25947000 -0.0554662868383612
25948000 -0.0765979751748688
25949000 -0.0809113113981259
25950000 -0.0822286869971651
25951000 -0.0786014398013969
25952000 -0.0724193859581608
25953000 -0.0499247830762547
25954000 -0.0794963971516688
25955000 -0.0356468346521355
25956000 -0.047404226509915
25957000 -0.0422632118182872
25958000 -0.0656902077563647
25959000 -0.0385822029450498
25960000 -0.043344203202376
25961000 -0.0630548429951552
25962000 -0.0451335337433367
25963000 -0.092231249731957
25964000 -0.0383698322992927
25965000 -0.00319502391766108
25966000 -0.102999012582503
25967000 -0.0365488001663636
25968000 -0.0538620866390325
25969000 -0.113846330704051
25970000 -0.0772177325167246
25971000 -0.0642384663006987
25972000 -0.083782335626966
25973000 -0.098575502058576
25974000 -0.040857758956952
25975000 -0.0856316752652093
25976000 -0.0467902459391087
25977000 -0.0888091256781307
25978000 -0.0491724172851476
25979000 -0.043638982953674
25980000 -0.0856185599858776
25981000 -0.110224467662494
25982000 -0.0556772076139203
25983000 -0.110773687244829
25984000 -0.0612713108433851
25985000 -0.0967788464858672
25986000 -0.0574481151942074
25987000 -0.0212206889405281
25988000 -0.0648359791017872
25989000 -0.0216927487239296
25990000 -0.0793337926055467
25991000 -0.0261012566731911
25992000 -0.0486442383615577
25993000 -0.0497609550454327
25994000 -0.10080314637933
25995000 -0.0339353012301032
25996000 -0.0975970575281153
25997000 -0.0686490689914626
25998000 -0.0617954855937326
25999000 -0.0850955982800292
26000000 -0.0546273910293148
26001000 -0.0462646840723649
26002000 -0.102882663158426
26003000 -0.011096061956083
26004000 -0.0687000952291072
26005000 -0.0598395278670375
26006000 -0.073387236036675
26007000 -0.0493594058946023
26008000 -0.0428868865447512
26009000 -0.072771207945969
26010000 -0.0666409889862656
26011000 -0.0621789888915106
26012000 -0.0908571693167692
26013000 -0.0456987219745798
26014000 -0.103906160356652
26015000 -0.0984580014771376
26016000 -0.0562659835377342
26017000 -0.148470313143567
26018000 -0.0531990505012535
26019000 -0.0424681062715393
26020000 -0.124744780830893
26021000 -0.0907854007964604
26022000 -0.132531651511802
26023000 -0.0522846961109351
26024000 -0.0794050671465175
26025000 -0.0580293378600218
26026000 -0.0855146985950817
26027000 -0.105896246036773
26028000 -0.0527071839299339
26029000 -0.0387893456790876
26030000 -0.107274814603287
26031000 -0.0476603427951538
26032000 -0.0860406763527632
26033000 -0.0972280494614273
26034000 -0.0521969650839335
26035000 -0.0877946470515744
26036000 -0.0789178718140542
26037000 -0.106229286692167
26038000 -0.0678543993817838
26039000 -0.0405021853498575
26040000 -0.0424228085778305
26041000 -0.0577412815198809
26042000 -0.0747711060235194
26043000 -0.0660846029273092
26044000 -0.0492493585190751
26045000 -0.0760640624232551
26046000 -0.0805012244490751
26047000 -0.115520902547387
26048000 -0.0590272371831021
26049000 -0.0963400515579407
26050000 -0.0474381706830876
26051000 -0.0843696672704365
26052000 -0.0756674534525978
26053000 -0.0705473589047083
26054000 -0.0474321357798922
26055000 -0.0873197026956056
26056000 -0.073181516466661
26057000 -0.0588499821589403
26058000 -0.0958078111042899
26059000 -0.102220547017041
26060000 -0.0986693095632597
26061000 -0.133822566029887
26062000 -0.0947152412967345
26063000 -0.0668724883988233
26064000 -0.0847710181622081
26065000 -0.136131471551741
26066000 -0.101845103580059
26067000 -0.0902610759441953
26068000 -0.0775854679342144
26069000 -0.0784847514232835
26070000 -0.0740110320366762
26071000 -0.0662809321108664
26072000 -0.147114769138661
26073000 -0.0511956512257399
26074000 -0.100732664783639
26075000 -0.107605873546849
26076000 -0.0521020739419358
26077000 -0.0830645880816828
26078000 -0.121171180266033
26079000 -0.024708149858218
26080000 -0.0571195853087404
26081000 -0.0672037845702129
26082000 -0.108164188372602
26083000 -0.0363577447212819
26084000 -0.0711524721443609
26085000 -0.0731168606112442
26086000 -0.0833931069046608
26087000 -0.120790950534386
26088000 -0.0508084384523947
26089000 -0.0863866922449832
26090000 -0.0826906054751878
26091000 -0.0673140823204213
26092000 -0.120274534287301
26093000 -0.0778461459747333
26094000 -0.123082548925744
26095000 -0.108336709392572
26096000 -0.0724889377827228
26097000 -0.101541773717094
26098000 -0.0986184723072558
26099000 -0.0440899895448324
26100000 -0.106844012839333
26101000 -0.0904053816352636
26102000 -0.0963833060481121
26103000 -0.0726951449485791
26104000 -0.0499799488774351
26105000 -0.0928079668748644
26106000 -0.0688599754344924
26107000 -0.105188919095881
26108000 -0.110038447535647
26109000 -0.059441199493907
26110000 -0.121549767071972
26111000 -0.100550807121164
26112000 -0.102475349692148
26113000 -0.102160513618561
26114000 -0.0708428498921072
26115000 -0.0936723129632129
26116000 -0.106525152135646
26117000 -0.0697497433666339
26118000 -0.0473429669687629
26119000 -0.0756554032517259
26120000 -0.133084063047522
26121000 -0.0384322200479106
26122000 -0.146078695351385
26123000 -0.0599476377164832
26124000 -0.107806884004966
26125000 -0.0741842223852673
26126000 -0.086137860871513
26127000 -0.0822063699647166
26128000 -0.0513170369539023
26129000 -0.0681752946244889
26130000 -0.099395937123818
26131000 -0.0827120419001591
26132000 -0.0795415823856454
26133000 -0.102115076897234
26134000 -0.0948340988206814
26135000 -0.0556965317892551
26136000 -0.083428402277215
26137000 -0.0647489526632821
26138000 -0.0412667601475906
26139000 -0.0868191843585245
26140000 -0.12291827811624
26141000 -0.0696444491725365
26142000 -0.133527105876632
26143000 -0.0806610343754881
26144000 -0.0847796925285018
26145000 -0.065514861855028
26146000 -0.0903222581089894
26147000 -0.0721920256128802
26148000 -0.110228288571262
26149000 -0.0866515787868793
26150000 -0.102259617717376
26151000 -0.133305685980014
26152000 -0.0226395471984251
26153000 -0.100406054775
26154000 -0.0671746205351725
26155000 -0.121568621100251
26156000 -0.0485147628498088
26157000 -0.164303252682716
26158000 -0.0917270701044303
26159000 -0.106033028987192
26160000 -0.094307739004155
26161000 -0.11685012705593
26162000 -0.126181544033537
26163000 -0.107092414877941
26164000 -0.0649492841055769
26165000 -0.0961061549946981
26166000 -0.114386439594086
26167000 -0.0965823692726316
26168000 -0.104839074292544
26169000 -0.124796547823968
26170000 -0.108343375932046
26171000 -0.107976649691016
26172000 -0.116386293983354
26173000 -0.0659887129388804
26174000 -0.10369489862173
26175000 -0.0734512310540685
26176000 -0.118700345584699
26177000 -0.0484829897125042
26178000 -0.0646861320832288
26179000 -0.0504747465814063
26180000 -0.119334250646458
26181000 -0.0927730830447006
26182000 -0.0934377541949191
26183000 -0.112467605587993
26184000 -0.0465020774182226
26185000 -0.0566691079703671
26186000 -0.105852730799882
26187000 -0.0400342716966588
26188000 -0.116142757541118
26189000 -0.0854577352276158
26190000 -0.053480902678186
26191000 -0.0882961550725214
26192000 -0.129099667133733
26193000 -0.0261264935298473
26194000 -0.0667903459064966
26195000 -0.114639624537552
26196000 -0.0303222055489665
26197000 -0.0870985488347407
26198000 -0.063860102793126
26199000 -0.0677741936111887
26200000 -0.154204369035197
26201000 -0.0729222141516219
26202000 -0.106185409068278
26203000 -0.0409770576862694
26204000 -0.10051181260701
26205000 -0.0326418676793676
26206000 -0.0925151262978531
26207000 -0.0149045737656494
26208000 -0.0767176574552604
26209000 -0.0816380767562648
26210000 -0.0679285362077733
26211000 -0.123030022577262
26212000 -0.0769517879016528
26213000 -0.084290253710649
26214000 -0.0350207200666018
26215000 -0.101103055315108
26216000 -0.0117106669429793
26217000 -0.0992033178449562
26218000 -0.0429100248986815
26219000 -0.0349652452328489
26220000 -0.115108563486318
26221000 -0.0124030223370931
26222000 -0.0274047274709354
26223000 -0.0945192097886557
26224000 -0.0665912895781666
26225000 -0.0702539127591317
26226000 -0.150495519711386
26227000 -0.039055686583206
26228000 -0.0681175292959793
26229000 -0.0804536942925885
26230000 -0.0627178611087046
26231000 -0.096909868161882
26232000 -0.0704962171707749
26233000 -0.0732736813658575
26234000 -0.104424342154162
26235000 -0.0456733720896678
26236000 -0.061996344587501
26237000 -0.0936824170612814
26238000 -0.0258638933392029
26239000 -0.111644034856126
26240000 0.033844108700011
26241000 -0.0749463840183344
26242000 0.011633558175444
26243000 -0.0718420372954958
26244000 -0.0837595310745528
26245000 -0.0397906362830394
26246000 -0.0371442977254818
26247000 -0.0918901437378159
26248000 -0.0916269140825936
26249000 -0.103826185017691
26250000 -0.0818616261038414
26251000 -0.107992732734196
26252000 -0.06572547492385
26253000 -0.125887347272792
26254000 -0.0558065148244017
26255000 -0.0853049881179689
26256000 -0.0636667624902904
26257000 -0.0749498013167074
26258000 -0.0463888365678747
26259000 -0.106077969949666
26260000 -0.102064946833445
26261000 -0.0384654746877084
26262000 -0.0905964486330695
26263000 -0.0704923122977783
26264000 -0.0859035127097024
26265000 -0.0209703355057879
26266000 -0.124821899393202
26267000 -0.0596341136497581
26268000 -0.0963287344543112
26269000 -0.0169500233388304
26270000 -0.0718237438562794
26271000 -0.0830833704475154
26272000 -0.103923802901101
26273000 -0.0596401701825158
26274000 -0.080801155322285
26275000 -0.0531010018742954
26276000 -0.0626910330652812
26277000 -0.118270287251412
26278000 -0.0888963811304895
26279000 -0.0810399107061651
26280000 -0.138319737549081
26281000 -0.117874065669556
26282000 -0.0735284284930718
26283000 -0.105529116844606
26284000 -0.0450697259112064
26285000 -0.114993204101187
26286000 -0.0535016386675021
26287000 -0.0263028455557868
26288000 -0.0807508700231215
26289000 -0.022282250913166
26290000 -0.0759531141095238
26291000 -0.0411727782341715
26292000 -0.12287190763338
26293000 -0.0522186445327694
26294000 -0.106257167782255
26295000 -0.0697835602858357
26296000 -0.10943266717636
26297000 -0.0260175262269073
26298000 -0.106697149405469
26299000 -0.108910909135739
26300000 -0.0826889821007728
26301000 -0.0595046899843468
26302000 -0.0445052610300423
26303000 -0.0799265673243797
26304000 -0.0965606747672135
26305000 -0.0862048278450956
26306000 -0.0054353501478075
26307000 -0.0935462031037087
26308000 -0.122567636734827
26309000 -0.0958617060935029
26310000 -0.0705006602682025
26311000 -0.0880412283090827
26312000 -0.0871121887999911
26313000 -0.133960139706696
26314000 -0.0882692694017872
26315000 -0.0995198807463413
26316000 -0.027109214013669
26317000 -0.0987438348695426
26318000 -0.0888648794251168
26319000 -0.0590026160480177
26320000 -0.0918171406221776
26321000 -0.0395541962667303
26322000 -0.0499825710805011
26323000 -0.0501530029455561
26324000 -0.0459860248112576
26325000 -0.0723455209750294
26326000 -0.111672760214401
26327000 -0.071972195459163
26328000 -0.0722681381318196
26329000 -0.0613109546317889
26330000 -0.105246720365422
26331000 -0.124789850433913
26332000 -0.0792426753091097
26333000 -0.0258718325955287
26334000 -0.043249654406115
26335000 -0.0158943881130872
26336000 -0.113679378117863
26337000 -0.00233912809933753
26338000 -0.0690083285220519
26339000 -0.0979348355413528
26340000 -0.0322910783831012
26341000 -0.103376382952324
26342000 -0.0418143482299295
26343000 -0.0877717787078349
26344000 -0.0511540579781785
26345000 -0.075056233637384
26346000 -0.111530627558738
26347000 -0.112569792305869
26348000 -0.0785308987760175
26349000 -0.0492108271462864
26350000 -0.110472499974578
26351000 -0.0928242177810971
26352000 -0.0542683832846168
26353000 -0.107773535679827
26354000 -0.102366419050955
26355000 -0.0698703387859107
26356000 -0.0743042906162645
26357000 -0.0786432988212997
26358000 -0.104973874799955
26359000 -0.0678496433722698
26360000 -0.112683897100918
26361000 -0.0747152672783733
26362000 -0.12986209633167
26363000 -0.116489032740733
26364000 -0.097166783945509
26365000 -0.131970210781562
26366000 -0.0890827950845697
26367000 -0.108436812158691
26368000 -0.0953628336803206
26369000 -0.0540614170611851
26370000 -0.0773211005421492
26371000 -0.0944385725851336
26372000 -0.110826992808103
26373000 -0.0541308315484383
26374000 -0.120950429210725
26375000 -0.0186135923120824
26376000 -0.119792977677525
26377000 -0.0737290004837902
26378000 -0.105065207128685
26379000 -0.0180918223441871
26380000 -0.113600104589184
26381000 -0.0313122377437494
26382000 -0.0721166559062069
26383000 -0.0562462503791777
26384000 -0.0834688495991871
26385000 -0.0676430072072904
26386000 -0.0635752002939291
26387000 -0.0818931155309396
26388000 -0.0541273567119371
26389000 -0.129595944652719
26390000 -0.0974093609742252
26391000 -0.0866120927939597
26392000 -0.0939754164685279
26393000 -0.114466409424318
26394000 -0.117780887004962
26395000 -0.107412508084756
26396000 -0.0855193656435653
26397000 -0.10770888025479
26398000 -0.092268952762916
26399000 -0.084045006693619
26400000 -0.1354507935384
26401000 -0.0149442485931789
26402000 -0.173194262711762
26403000 -0.0965852980544132
26404000 -0.118222627684004
26405000 -0.0517932275684856
26406000 -0.120664126414472
26407000 -0.0707140400395403
26408000 -0.110395665621887
26409000 -0.0760062862717927
26410000 -0.0892514487978549
26411000 -0.109680424867479
26412000 -0.0902574592737116
26413000 -0.0993955229180073
26414000 -0.0956979684724078
26415000 -0.0974175871785617
26416000 -0.0665914779988724
26417000 -0.0995051214879464
26418000 -0.029252710509799
26419000 -0.0518684225200088
26420000 -0.0636680411294147
26421000 -0.0944351846092503
26422000 -0.0686054602045973
26423000 -0.082405899244044
26424000 -0.0861296540429863
26425000 -0.0477742135629529
26426000 -0.112701621209534
26427000 -0.0547080836351497
26428000 -0.147943488434802
26429000 -0.0168958929912407
26430000 -0.121877988477354
26431000 -0.0567255626432251
26432000 -0.120034981640262
26433000 -0.0841009446959743
26434000 -0.102639166428773
26435000 -0.0798403406978399
26436000 -0.105788140886484
26437000 -0.0534099973419594
26438000 -0.102084142712367
26439000 -0.101256032517285
26440000 -0.146515432147738
26441000 -0.119902860681502
26442000 -0.0900182034674157
26443000 -0.0869490888528371
26444000 -0.0612507147645329
26445000 -0.117241563960818
26446000 -0.075188908586209
26447000 -0.0770752325087515
26448000 -0.104351501027584
26449000 -0.07351240205149
26450000 -0.0756161425963964
26451000 -0.0969685338308892
26452000 -0.0823124979986087
26453000 -0.115675796670837
26454000 -0.0831569668927432
26455000 -0.0935316824810607
26456000 -0.153852769473217
26457000 -0.0653674448157426
26458000 -0.142040914406519
26459000 -0.0458936755583838
26460000 -0.144289552547286
26461000 -0.0793199824138384
26462000 -0.102770183857382
26463000 -0.13597338549748
26464000 -0.0890365023066744
26465000 -0.0869343073100481
26466000 -0.0804223480285664
26467000 -0.107977486752445
26468000 -0.0909476525769228
26469000 -0.112615188646957
26470000 -0.0821148729679674
26471000 -0.165158038054485
26472000 -0.0401145363051308
26473000 -0.106711958195392
26474000 -0.0608851303972585
26475000 -0.132120857200489
26476000 -0.0470546250447295
26477000 -0.0543612452432786
26478000 -0.11901026281824
26479000 -0.0758538627732306
26480000 -0.150256850288672
26481000 -0.096305955917202
26482000 -0.103499378570144
26483000 -0.0940792162773269
26484000 -0.0966491639214658
26485000 -0.114102505785762
26486000 -0.095808968443415
26487000 -0.123696895023195
26488000 -0.0917040955825199
26489000 -0.107993873054617
26490000 -0.0878836012661361
26491000 -0.0677444794404681
26492000 -0.100347893688677
26493000 -0.111185184915376
26494000 -0.0902328035538614
26495000 -0.120235988681406
26496000 -0.126534914198285
26497000 -0.0777238452293042
26498000 -0.110882992012137
26499000 -0.0767549942499533
26500000 -0.114249018401621
26501000 -0.125297822900344
26502000 -0.0821952111068608
26503000 -0.127569464222124
26504000 -0.152283486463367
26505000 -0.0875088754553733
26506000 -0.110660536227588
26507000 -0.0699122937349166
26508000 -0.177915670150421
26509000 -0.107571963809911
26510000 -0.0771914962288078
26511000 -0.13303768704296
26512000 -0.0623307240682591
26513000 -0.10134423117178
26514000 -0.0888064252242444
26515000 -0.138391676810583
26516000 -0.0965496611561115
26517000 -0.0892262892158033
26518000 -0.0770456917758509
26519000 -0.0904935539341001
26520000 -0.118901326005425
26521000 -0.116322444978542
26522000 -0.159261934550316
26523000 -0.113401823392853
26524000 -0.123657813085642
26525000 -0.0841407480669273
26526000 -0.0436177417630973
26527000 -0.150095183170972
26528000 -0.0763178183970273
26529000 -0.0841293538634436
26530000 -0.147877533484015
26531000 -0.118257576753851
26532000 -0.0992773944004884
26533000 -0.129232872134804
26534000 -0.0467357410473346
26535000 -0.0873228341205553
26536000 -0.0778316724099469
26537000 -0.135648952321351
26538000 -0.0852510120878233
26539000 -0.138875298891739
26540000 -0.0666672016575531
26541000 -0.101573394915795
26542000 -0.134077044501032
26543000 -0.0949112319236495
26544000 -0.120831345989546
26545000 -0.0963602205007114
26546000 -0.105758270638977
26547000 -0.0957303249711179
26548000 -0.116376768856713
26549000 -0.121816076072801
26550000 -0.0957523775085789
26551000 -0.0839391976408107
26552000 -0.119866108444134
26553000 -0.100916596859126
26554000 -0.141730022577631
26555000 -0.14423805659942
26556000 -0.0814352569102766
26557000 -0.095996716229736
26558000 -0.157692802051807
26559000 -0.115845412309891
26560000 -0.133732661350273
26561000 -0.117431077004696
26562000 -0.115027049673892
26563000 -0.123162684463369
26564000 -0.0854971905326615
26565000 -0.0895041884989048
26566000 -0.130514349581293
26567000 -0.084349233055308
26568000 -0.10024814696235
26569000 -0.133735908903089
26570000 -0.0921523546413328
26571000 -0.134958257413677
26572000 -0.0941802171024805
26573000 -0.0656778899867823
26574000 -0.127679400260065
26575000 -0.0149018112933631
26576000 -0.150855721622029
26577000 -0.0793778577987407
26578000 -0.107251278549686
26579000 -0.147436145613115
26580000 -0.11017005696471
26581000 -0.120523648885163
26582000 -0.127945808977779
26583000 -0.110718280923869
26584000 -0.131118201521484
26585000 -0.104025584264897
26586000 -0.0813677589383526
26587000 -0.14883452367879
26588000 -0.129765219317931
26589000 -0.147954417183801
26590000 -0.111839676223276
26591000 -0.143757348278082
26592000 -0.0972789128371884
26593000 -0.113153245392021
26594000 -0.163861883395513
26595000 -0.159700923573671
26596000 -0.1065810456157
26597000 -0.129148084388767
26598000 -0.120417921829312
26599000 -0.0579072033728812
26600000 -0.154601122001283
26601000 -0.106796139712412
26602000 -0.157320633851794
26603000 -0.0970621747802647
26604000 -0.143978513174142
26605000 -0.10945213883708
26606000 -0.127657679139484
26607000 -0.0803636937905299
26608000 -0.125165816487889
26609000 -0.12720189853878
26610000 -0.142668501475628
26611000 -0.131374250517718
26612000 -0.118750944182008
26613000 -0.127524608822129
26614000 -0.0831765049181392
26615000 -0.143500684445161
26616000 -0.123643837242649
26617000 -0.122532252515191
26618000 -0.110139870995733
26619000 -0.158245136169285
26620000 -0.137565173435624
26621000 -0.147099920060469
26622000 -0.108058042325142
26623000 -0.126339665751006
26624000 -0.110471861031385
26625000 -0.114475398514481
26626000 -0.125920256943951
26627000 -0.0927555637995497
26628000 -0.173370903345646
26629000 -0.0917777250969333
26630000 -0.138647525575275
26631000 -0.118441034211179
26632000 -0.109039677620813
26633000 -0.0904848674724838
26634000 -0.161736422784418
26635000 -0.0911777838092086
26636000 -0.0937350614554142
26637000 -0.115721034492309
26638000 -0.133112283824879
26639000 -0.0877289832636538
26640000 -0.14481358085627
26641000 -0.105738504511407
26642000 -0.103423981640489
26643000 -0.121810136962816
26644000 -0.142255648390257
26645000 -0.107945776092376
26646000 -0.0910571521997728
26647000 -0.17382418786969
26648000 -0.129719405450139
26649000 -0.11680541399718
26650000 -0.134179415111495
26651000 -0.116267878758189
26652000 -0.146026258100334
26653000 -0.0890816952683308
26654000 -0.13173421130716
26655000 -0.120198198611513
26656000 -0.101307668986204
26657000 -0.107757130304256
26658000 -0.168699416427035
26659000 -0.105671964644755
26660000 -0.113825107509763
26661000 -0.151719963798016
26662000 -0.0625598890593372
26663000 -0.0898822801445283
26664000 -0.151207228937747
26665000 -0.086418174447181
26666000 -0.136898949520936
26667000 -0.126297518269292
26668000 -0.111638456385653
26669000 -0.0892769989133503
26670000 -0.105146626557496
26671000 -0.0765938869180927
26672000 -0.0769205154235004
26673000 -0.0742763853840578
