#Timestep  sxy 
100000 -0.00296839203449468
101000 0.000132314769554883
102000 -0.0156382091282484
103000 -0.0248762894404457
104000 -0.0122980145964474
105000 -0.0297703007661592
106000 -0.0486256863775794
107000 -0.0428804312786997
108000 -0.0257240748280327
109000 -0.0714126028948593
110000 -0.0462448079226261
111000 -0.0707730242698516
112000 -0.0651233301574887
113000 -0.0722429178366724
114000 -0.093587441504842
115000 -0.0991903296285659
116000 -0.0784646957908557
117000 -0.0911367863257967
118000 -0.105211788553437
119000 -0.0976261377669255
120000 -0.108426189320714
121000 -0.107355815135682
122000 -0.108665946390824
123000 -0.119918243925602
124000 -0.132128578904631
125000 -0.120529694381455
126000 -0.118294197695408
127000 -0.156253306020381
128000 -0.151532642264164
129000 -0.15265079558159
130000 -0.155339050732299
131000 -0.16948357374355
132000 -0.170231782139808
133000 -0.167392165073219
134000 -0.191095599653417
135000 -0.184908574114022
136000 -0.185690364361649
137000 -0.192899910105491
138000 -0.18906038208266
139000 -0.216878338992951
140000 -0.209861050855031
141000 -0.190905518104741
142000 -0.190469937559599
143000 -0.16978139665261
144000 -0.202282887112367
145000 -0.226352078163437
146000 -0.252476738906921
147000 -0.244089308592732
148000 -0.250277430972337
149000 -0.258176721669622
150000 -0.249030275906407
151000 -0.238624210995501
152000 -0.240667962217283
153000 -0.269103389077801
154000 -0.283719031973398
155000 -0.291808685178847
156000 -0.282431012023626
157000 -0.298490438924319
158000 -0.267204213176271
159000 -0.279534290786934
160000 -0.291514919206908
161000 -0.296646357717056
162000 -0.31766311527307
163000 -0.301704057994905
164000 -0.340471597363211
165000 -0.322966861235624
166000 -0.319947823186551
167000 -0.316447726884287
168000 -0.326685113949303
169000 -0.346438143174463
170000 -0.325526607206017
171000 -0.337520265351568
172000 -0.368782844716476
173000 -0.375425561537527
174000 -0.371417271770681
175000 -0.370071834847013
176000 -0.336387791221691
177000 -0.337909912836424
178000 -0.323524660005603
179000 -0.366518456118391
180000 -0.384310447342111
181000 -0.394843059002501
182000 -0.435684345216048
183000 -0.442213378835118
184000 -0.414439343231592
185000 -0.439413566994883
186000 -0.43375529835681
187000 -0.398062924613524
188000 -0.359100106906777
189000 -0.352936186829368
190000 -0.436159745421287
191000 -0.46964739600661
192000 -0.461491648455376
193000 -0.485195132620981
194000 -0.503417754497224
195000 -0.448905633570869
196000 -0.410792485287803
197000 -0.441078979466973
198000 -0.450331905644576
199000 -0.44986821382095
200000 -0.447278303988027
201000 -0.477988105861252
202000 -0.525785130480252
203000 -0.525068337440993
204000 -0.516496707379722
205000 -0.524336805402657
206000 -0.512820216991437
207000 -0.454996835447174
208000 -0.42670001274847
209000 -0.469253148287045
210000 -0.526374903447019
211000 -0.543648545025809
212000 -0.547927985675156
213000 -0.570175918405514
214000 -0.582445025019326
215000 -0.561953719041803
216000 -0.552474787393371
217000 -0.552772533447975
218000 -0.529189191665844
219000 -0.549721222231804
220000 -0.532386382174687
221000 -0.532746518422801
222000 -0.567245843046777
223000 -0.566512377331668
224000 -0.613957167022578
225000 -0.614224932551943
226000 -0.590185507714722
227000 -0.553949083698475
228000 -0.559577793599306
229000 -0.571683048544093
230000 -0.590128164877406
231000 -0.60498348442219
232000 -0.553146349010901
233000 -0.515641666595363
234000 -0.567639840198753
235000 -0.633148329268404
236000 -0.653398305932303
237000 -0.643823626722938
238000 -0.66545482363867
239000 -0.695134877577236
240000 -0.714577314054314
241000 -0.697281645464436
242000 -0.650174647456953
243000 -0.650062657246731
244000 -0.665590104712622
245000 -0.654881278972159
246000 -0.572550681690177
247000 -0.550677152563994
248000 -0.566587237014904
249000 -0.598190963528283
250000 -0.601610676338849
251000 -0.595383590223691
252000 -0.605149035371348
253000 -0.640672726142717
254000 -0.661428821926712
255000 -0.637866928630246
256000 -0.66593106283323
257000 -0.696739022720555
258000 -0.72777598295238
259000 -0.715585477642048
260000 -0.680702192342651
261000 -0.642169234028528
262000 -0.651467567045088
263000 -0.682795278140477
264000 -0.65653242512812
265000 -0.600363157173741
266000 -0.572770241095342
267000 -0.6114581455332
268000 -0.631952159277187
269000 -0.604930924334446
270000 -0.588045583410232
271000 -0.635000857012823
272000 -0.69651546197772
273000 -0.6669191269645
274000 -0.675582393963626
275000 -0.670393185907528
276000 -0.677820955015392
277000 -0.67964093183509
278000 -0.687191003470994
279000 -0.726253751019317
280000 -0.697995654780752
281000 -0.662911696100174
282000 -0.677491403765375
283000 -0.691887445898588
284000 -0.713267239548123
285000 -0.659187513080452
286000 -0.628623445456822
287000 -0.687253311692348
288000 -0.740793232978859
289000 -0.698122992732715
290000 -0.665670122555509
291000 -0.724976693646934
292000 -0.778499754275286
293000 -0.725262793020977
294000 -0.665162545801671
295000 -0.705775669453779
296000 -0.769259250579146
297000 -0.725334085737198
298000 -0.674499182924049
299000 -0.702547185271517
300000 -0.764047045057509
301000 -0.766537963198655
302000 -0.712820750417443
303000 -0.734746095623293
304000 -0.773231186111136
305000 -0.75971116804931
306000 -0.731185560571932
307000 -0.727147813830795
308000 -0.757611142745176
309000 -0.783911717997391
310000 -0.76036138487729
311000 -0.728310504282455
312000 -0.790933881829953
313000 -0.825227143577574
314000 -0.777542668512785
315000 -0.721241542388573
316000 -0.774801609548389
317000 -0.826995434921653
318000 -0.777988193335528
319000 -0.762245705657148
320000 -0.821935326769459
321000 -0.853736297308945
322000 -0.788441626807929
323000 -0.769311052443381
324000 -0.837699128328905
325000 -0.819858531156609
326000 -0.801221337905938
327000 -0.845394988969932
328000 -0.851515209768858
329000 -0.839256969248889
330000 -0.807505205597423
331000 -0.834715730303879
332000 -0.827416174569535
333000 -0.867102236855507
334000 -0.841651416461072
335000 -0.847454931932161
336000 -0.881776512833321
337000 -0.877236749989763
338000 -0.824252238006076
339000 -0.84289978241093
340000 -0.912082472020299
341000 -0.896240411466032
342000 -0.813040366569461
343000 -0.877331758012691
344000 -0.93050318897924
345000 -0.871360763857849
346000 -0.836513591906897
347000 -0.908392846087477
348000 -0.934721171701702
349000 -0.846070189690989
350000 -0.873920420133155
351000 -0.961297773577422
352000 -0.94149268315051
353000 -0.868321685562826
354000 -0.927102047503093
355000 -0.946323242495007
356000 -0.889301357464335
357000 -0.89849638100358
358000 -0.971810862386723
359000 -0.949362261125299
360000 -0.922034182589183
361000 -0.929500544553707
362000 -0.937654723622974
363000 -0.926410071934567
364000 -0.945397554528667
365000 -0.971149297585834
366000 -0.977543361510953
367000 -0.969546074015231
368000 -0.92825028855695
369000 -0.957998189331087
370000 -0.989434950827933
371000 -0.974589480548042
372000 -0.938999276356991
373000 -1.03142937383912
374000 -1.01314486214389
375000 -0.937287083465654
376000 -0.974092583451853
377000 -1.04225136140198
378000 -0.974879071847107
379000 -0.979479902129508
380000 -1.08098611829813
381000 -0.993140846829846
382000 -0.952201520435264
383000 -1.0422581210567
384000 -1.06724047976772
385000 -0.962362919737611
386000 -1.03324540992579
387000 -1.08975258371339
388000 -1.00456860876796
389000 -0.980409724968315
390000 -1.08323126049335
391000 -1.09427351797589
392000 -0.984615825617786
393000 -1.04423091090706
394000 -1.10377299947352
395000 -1.01643628942197
396000 -1.02734853438904
397000 -1.12638684014341
398000 -1.0957994877716
399000 -1.01538302552159
400000 -1.06243781677765
401000 -1.11281572741165
402000 -1.05410909286743
403000 -1.05931360878736
404000 -1.13538924624638
405000 -1.12042469851628
406000 -1.007420171647
407000 -1.09782577533234
408000 -1.16477915192429
409000 -1.07017914464313
410000 -1.0631658591525
411000 -1.17423522987231
412000 -1.11584331080005
413000 -1.047593371316
414000 -1.1736790215589
415000 -1.15018847310173
416000 -1.07240579384436
417000 -1.11832586056822
418000 -1.18938414633372
419000 -1.09880657966785
420000 -1.10559998729551
421000 -1.20611826877972
422000 -1.13680746866151
423000 -1.10070869398243
424000 -1.19749576718592
425000 -1.18444238453546
426000 -1.09233797942123
427000 -1.19333081643767
428000 -1.23569673980721
429000 -1.08998867625148
430000 -1.18187377052434
431000 -1.23847514589947
432000 -1.14977678555761
433000 -1.14980839607629
434000 -1.26199814050467
435000 -1.16979401764684
436000 -1.14345855774039
437000 -1.272222028731
438000 -1.19758773046336
439000 -1.15371851047702
440000 -1.24013313866483
441000 -1.25309144090968
442000 -1.15366729029713
443000 -1.2526521007303
444000 -1.25319694707846
445000 -1.16881455815597
446000 -1.24373707393048
447000 -1.28454377224092
448000 -1.21224030646038
449000 -1.23411196073477
450000 -1.29356538104956
451000 -1.20834677207831
452000 -1.22489788916792
453000 -1.32003603689343
454000 -1.24674212878151
455000 -1.19838901938298
456000 -1.32778821851508
457000 -1.27599646019025
458000 -1.2142126813529
459000 -1.34166310829823
460000 -1.28453056475663
461000 -1.22560541760949
462000 -1.3576500136428
463000 -1.29349907454748
464000 -1.2241116470223
465000 -1.37079552142376
466000 -1.28661172806488
467000 -1.23937672339104
468000 -1.3891349209274
469000 -1.32130687654383
470000 -1.27363805043968
471000 -1.37801563596959
472000 -1.3211537582198
473000 -1.27453797563981
474000 -1.39313768121186
475000 -1.33110775335045
476000 -1.30816380691107
477000 -1.36907357975994
478000 -1.3611942547995
479000 -1.31250238134051
480000 -1.38347806203095
481000 -1.37824537524147
482000 -1.30702837130155
483000 -1.38051645788432
484000 -1.40680385924134
485000 -1.323434958393
486000 -1.38475683605606
487000 -1.4223713207261
488000 -1.32578481937999
489000 -1.39949254293739
490000 -1.42526483975507
491000 -1.33125390857906
492000 -1.42754412004659
493000 -1.41115837527064
494000 -1.35510554275971
495000 -1.4388183935399
496000 -1.43698151486165
497000 -1.37758299793991
498000 -1.4425316514046
499000 -1.43315950799712
500000 -1.409859078868
501000 -1.4323850911415
502000 -1.43126959924265
503000 -1.42958021773016
504000 -1.44134121506638
505000 -1.47826655822829
506000 -1.41902553769703
507000 -1.44535288271771
508000 -1.48988114622243
509000 -1.4129213276636
510000 -1.47492402698258
511000 -1.48700861577309
512000 -1.39972780556958
513000 -1.51604430471056
514000 -1.47528468559301
515000 -1.41577932952109
516000 -1.54908897324948
517000 -1.47022519100924
518000 -1.45142936287405
519000 -1.54242787819375
520000 -1.45492556324509
521000 -1.47752926620994
522000 -1.53980948213521
523000 -1.46081500037506
524000 -1.52771526320322
525000 -1.52467435874906
526000 -1.47779844975089
527000 -1.54566168177
528000 -1.53513300421987
529000 -1.49957775311405
530000 -1.53796650870915
531000 -1.55063142046142
532000 -1.5182901574093
533000 -1.55465240924657
534000 -1.57291418219931
535000 -1.50990479107919
536000 -1.57036620782546
537000 -1.56514793843926
538000 -1.51690814432135
539000 -1.60389193421024
540000 -1.54592399781068
541000 -1.55398410876029
542000 -1.59389276063646
543000 -1.54621098155959
544000 -1.59113879693256
545000 -1.60016907805147
546000 -1.54758905856912
547000 -1.61095053524042
548000 -1.59599173549251
549000 -1.56048033125609
550000 -1.63139054801873
551000 -1.59914010646492
552000 -1.59916932216397
553000 -1.63866010296417
554000 -1.59720039028916
555000 -1.60504268298725
556000 -1.65477256299329
557000 -1.59961680635352
558000 -1.61942536372046
559000 -1.67421158135581
560000 -1.59488497985804
561000 -1.65478877046594
562000 -1.65540863891757
563000 -1.60972720828309
564000 -1.69923439185715
565000 -1.63908285567056
566000 -1.63690155378377
567000 -1.70327312835912
568000 -1.59346558264672
569000 -1.68712474310063
570000 -1.69917045931651
571000 -1.61720829316896
572000 -1.7238743844245
573000 -1.67190306354924
574000 -1.66863715354469
575000 -1.71616997784098
576000 -1.65047851488522
577000 -1.69988677595472
578000 -1.72129173744979
579000 -1.65548149157156
580000 -1.73405826399044
581000 -1.71821859814895
582000 -1.67091715972623
583000 -1.76259121173114
584000 -1.67926376085626
585000 -1.72393531035714
586000 -1.77274142483676
587000 -1.67085184856747
588000 -1.77830440060965
589000 -1.73260024589511
590000 -1.69770379629201
591000 -1.80264753976968
592000 -1.7025358108817
593000 -1.75991268869456
594000 -1.79507300543471
595000 -1.70297801248298
596000 -1.80189035951003
597000 -1.76061128040737
598000 -1.744062394028
599000 -1.81562364756305
600000 -1.72092563589301
601000 -1.78888987326988
602000 -1.80407647855157
603000 -1.74870632612389
604000 -1.82686398315709
605000 -1.78788458908388
606000 -1.78326941693302
607000 -1.8437794676569
608000 -1.74197768285596
609000 -1.83892129430016
610000 -1.81777921271632
611000 -1.7987546255547
612000 -1.86405162997017
613000 -1.77280541652456
614000 -1.85134467270064
615000 -1.83535638561703
616000 -1.7876863145505
617000 -1.88796430360683
618000 -1.81588837403711
619000 -1.83200102201787
620000 -1.86823639061126
621000 -1.82752438817917
622000 -1.88445123777112
623000 -1.83912289479006
624000 -1.85008404848312
625000 -1.88286196881762
626000 -1.83673161525153
627000 -1.89219136982194
628000 -1.86940202624748
629000 -1.86304988201805
630000 -1.91104748677045
631000 -1.86658539117919
632000 -1.89378704241467
633000 -1.89468173600544
634000 -1.87363841896316
635000 -1.91811162970393
636000 -1.89276713121598
637000 -1.89595870814171
638000 -1.91712397716005
639000 -1.87714837075131
640000 -1.93960412553675
641000 -1.90651795441584
642000 -1.91505946598385
643000 -1.95046191984541
644000 -1.91098406301934
645000 -1.93928099723886
646000 -1.93702349238166
647000 -1.93698886465253
648000 -1.95703980853343
649000 -1.93497405680382
650000 -1.95532727568314
651000 -1.96608638439643
652000 -1.9201081878551
653000 -1.99712602960908
654000 -1.92777801453036
655000 -1.97139999606422
656000 -2.00311602403155
657000 -1.93128707412371
658000 -2.01296707889506
659000 -1.95059096767551
660000 -1.99524221803717
661000 -1.99528915996765
662000 -1.98160258314731
663000 -2.00925445967967
664000 -1.97751056118875
665000 -2.02036869990634
666000 -2.0035507463185
667000 -1.98667988424055
668000 -2.02969692775537
669000 -2.01670972009625
670000 -2.00986125421875
671000 -2.03791579590327
672000 -2.01446262055772
673000 -2.03783929087201
674000 -2.02766109877041
675000 -2.04272456774864
676000 -2.05356744167803
677000 -2.00330363804264
678000 -2.08534395352682
679000 -2.03580002551372
680000 -2.06402890876092
681000 -2.06774369158978
682000 -2.04110350809545
683000 -2.08555991913063
684000 -2.03262801027061
685000 -2.11434083540244
686000 -2.04972009527444
687000 -2.08217244115274
688000 -2.10031779803548
689000 -2.05977288976799
690000 -2.13195093152253
691000 -2.05478542157583
692000 -2.1243570892176
693000 -2.07880854681291
694000 -2.11350800593672
695000 -2.14263134483023
696000 -2.07038337510366
697000 -2.1434312043568
698000 -2.10458494200665
699000 -2.14601463919264
700000 -2.12527868648174
701000 -2.10565008038689
702000 -2.14720465266907
703000 -2.11807087468521
704000 -2.14269062703419
705000 -2.1489915281628
706000 -2.14329515260954
707000 -2.18283636596017
708000 -2.10911165010429
709000 -2.18874348760653
710000 -2.16092836303023
711000 -2.16445399822817
712000 -2.17931048356765
713000 -2.14652054433675
714000 -2.21081790605994
715000 -2.15042349362891
716000 -2.21567660985666
717000 -2.15180053505022
718000 -2.19424221330812
719000 -2.21020612241151
720000 -2.15463713811163
721000 -2.22943648831211
722000 -2.18467274237
723000 -2.206054995442
724000 -2.20014301706146
725000 -2.20944598143235
726000 -2.22780089578686
727000 -2.19015868315786
728000 -2.24609712532781
729000 -2.19643920263775
730000 -2.24951456779439
731000 -2.23190776705649
732000 -2.2123819545971
733000 -2.28979458054998
734000 -2.19587297872692
735000 -2.26709176675409
736000 -2.23665365742961
737000 -2.26940112949266
738000 -2.25344449616637
739000 -2.23780610074087
740000 -2.30059495004435
741000 -2.22558403821785
742000 -2.32533571199802
743000 -2.22079534023492
744000 -2.30472066954555
745000 -2.28559997505607
746000 -2.2778612853707
747000 -2.30704387918083
748000 -2.25654055643908
749000 -2.35407435170576
750000 -2.24881067102545
751000 -2.31243804371714
752000 -2.31965302076768
753000 -2.30024319530057
754000 -2.33679489545704
755000 -2.29336154130407
756000 -2.36764432643087
757000 -2.28288271989971
758000 -2.35464685831951
759000 -2.31524146100311
760000 -2.34056895702736
761000 -2.35191614121843
762000 -2.30917589995893
763000 -2.38153840164627
764000 -2.30406814105061
765000 -2.39543345484862
766000 -2.32758493361371
767000 -2.38008950109679
768000 -2.36119001191383
769000 -2.35129744732703
770000 -2.40540440570221
771000 -2.33333070745265
772000 -2.42181581010129
773000 -2.33891763129866
774000 -2.42497326442361
775000 -2.36779726215608
776000 -2.38665978574589
777000 -2.41347716602462
778000 -2.36285097208229
779000 -2.44211098146483
780000 -2.35717474356692
781000 -2.47506576797738
782000 -2.34410847903015
783000 -2.44781449113969
784000 -2.40579324962395
785000 -2.43008769843468
786000 -2.43624207287089
787000 -2.39362145923185
788000 -2.47144379945763
789000 -2.38906431523336
790000 -2.48546665272486
791000 -2.38864197257717
792000 -2.49512878096342
793000 -2.41990092327944
794000 -2.46815194893876
795000 -2.48338057964864
796000 -2.43081853125339
797000 -2.48402662224399
798000 -2.42990377705352
799000 -2.52772182613651
800000 -2.42751106876214
801000 -2.5291699291006
802000 -2.44100968222408
803000 -2.52012153372623
804000 -2.47027778215513
805000 -2.48514550587626
806000 -2.51745298349276
807000 -2.46009413773665
808000 -2.56112594631489
809000 -2.44752214386404
810000 -2.57410857712968
811000 -2.4419225591986
812000 -2.56935773170594
813000 -2.48094866281176
814000 -2.55436503468549
815000 -2.5113519632118
816000 -2.52700357285919
817000 -2.56295261019115
818000 -2.49971178036411
819000 -2.57144666814448
820000 -2.4844085681148
821000 -2.60148318427103
822000 -2.49254559232805
823000 -2.6146257984085
824000 -2.5059993268868
825000 -2.60120242899879
826000 -2.53514102166003
827000 -2.5917319071006
828000 -2.56834164931715
829000 -2.56828049360908
830000 -2.59905188079223
831000 -2.54967674313999
832000 -2.63290834952034
833000 -2.54288139089132
834000 -2.63512083188308
835000 -2.53892317278248
836000 -2.64382756939045
837000 -2.55956810037958
838000 -2.63474639213854
839000 -2.59554293943854
840000 -2.61361804691602
841000 -2.61010612545674
842000 -2.60317831264884
843000 -2.64678946593952
844000 -2.59133576965427
845000 -2.67900471091079
846000 -2.58841435838601
847000 -2.68564493738168
848000 -2.59681554509651
849000 -2.68459720014397
850000 -2.59599682441724
851000 -2.69778195583597
852000 -2.61395114988974
853000 -2.68652425894463
854000 -2.62768814396989
855000 -2.67622178098816
856000 -2.66840678266089
857000 -2.66024292735312
858000 -2.69190706667019
859000 -2.66137884168896
860000 -2.69978453575855
861000 -2.66868053000875
862000 -2.72412378597964
863000 -2.6498748543188
864000 -2.72779764757537
865000 -2.66279042781545
866000 -2.747536299174
867000 -2.68135196898666
868000 -2.7328583453472
869000 -2.69416320972352
870000 -2.72428586858291
871000 -2.71745424089181
872000 -2.71680138434156
873000 -2.74388784720915
874000 -2.71425926388005
875000 -2.74313838622529
876000 -2.72164469059725
877000 -2.7692773202891
878000 -2.70729419040641
879000 -2.79174376415097
880000 -2.7002841941173
881000 -2.80857804668377
882000 -2.72132043512324
883000 -2.81134044047217
884000 -2.71971911198475
885000 -2.82018917055117
886000 -2.72240604808801
887000 -2.82691062107495
888000 -2.74106178100472
889000 -2.80687308642986
890000 -2.76736727305735
891000 -2.81178972004516
892000 -2.78322791757143
893000 -2.79330947539872
894000 -2.79754438982838
895000 -2.81094716669717
896000 -2.80553397938052
897000 -2.79888710141471
898000 -2.82747020522343
899000 -2.81414324070139
900000 -2.82632686592298
901000 -2.79217655872648
902000 -2.85883796213369
903000 -2.79967768755829
904000 -2.85249180874487
905000 -2.81785526508351
906000 -2.85954678752171
907000 -2.81369081641603
908000 -2.86698689371532
909000 -2.828983776669
910000 -2.87748619413894
911000 -2.83215231007749
912000 -2.88565788377908
913000 -2.83994846676625
914000 -2.89081763021246
915000 -2.83430695579315
916000 -2.89888900660516
917000 -2.85246905766525
918000 -2.88920769623158
919000 -2.87493369984028
920000 -2.88475262931329
921000 -2.90623719517169
922000 -2.88777547960306
923000 -2.90679639471718
924000 -2.89454674801862
925000 -2.93469487597299
926000 -2.87568938938681
927000 -2.94808078167925
928000 -2.88947203140855
929000 -2.94853816049369
930000 -2.88567193810853
931000 -2.95834526672109
932000 -2.91698735771857
933000 -2.95328477215339
934000 -2.90396294457588
935000 -2.97223416246679
936000 -2.91141861033264
937000 -2.95228635618388
938000 -2.95069263049125
939000 -2.95824393997914
940000 -2.95617793258937
941000 -2.95798914953871
942000 -2.97296381002416
943000 -2.96303942192852
944000 -2.97221381361393
945000 -2.95950224568079
946000 -2.98606984642283
947000 -2.97120443026887
948000 -2.97736071129111
949000 -2.97772377416891
950000 -2.99793807523362
951000 -2.99503136237204
952000 -2.98259742291774
953000 -3.00367462815506
954000 -3.01116225892305
955000 -2.99336118937979
956000 -3.02109104068124
957000 -3.00756969671758
958000 -3.0093110208261
959000 -3.00069971693372
960000 -3.05088437757815
961000 -2.9884803865787
962000 -3.05776711817712
963000 -3.00308533747092
964000 -3.06455892134111
965000 -3.0118429946956
966000 -3.08146898747704
967000 -3.0150531269172
968000 -3.06771442685672
969000 -3.05628234516524
970000 -3.05027815166953
971000 -3.07289453655009
972000 -3.06104004421864
973000 -3.07789809702383
974000 -3.06084911572346
975000 -3.10222071513017
976000 -3.05146723059628
977000 -3.10810378749107
978000 -3.07180119247622
979000 -3.0955811565737
980000 -3.09175025431496
981000 -3.09739151295522
982000 -3.09326401577274
983000 -3.11647471498348
984000 -3.10951400585944
985000 -3.08846553362434
986000 -3.12923409088391
987000 -3.1158490063677
988000 -3.10733004302779
989000 -3.1457801755927
990000 -3.11981066779367
991000 -3.14458959368829
992000 -3.10204506977896
993000 -3.17709575716936
994000 -3.10655668415517
995000 -3.16461317443454
996000 -3.11937619688618
997000 -3.18236411684209
998000 -3.13078659146629
999000 -3.17727534239296
1000000 -3.16735652046297
1001000 -3.15332825126314
1002000 -3.17611382631702
1003000 -3.15240940695295
1004000 -3.1968189442199
1005000 -3.16276575618524
1006000 -3.1942086505205
1007000 -3.18869512828224
1008000 -3.21120900552709
1009000 -3.18296967329867
1010000 -3.19780009537689
1011000 -3.21574775082963
1012000 -3.19107616529209
1013000 -3.22307484083179
1014000 -3.20038005832638
1015000 -3.24757732583811
1016000 -3.20875804667312
1017000 -3.23558690760611
1018000 -3.22523049774515
1019000 -3.2404778061505
1020000 -3.239251539186
1021000 -3.21918268828785
1022000 -3.26716473283013
1023000 -3.22167034730663
1024000 -3.25880526426586
1025000 -3.23413301826408
1026000 -3.27725632886707
1027000 -3.24330569169877
1028000 -3.27201281341399
1029000 -3.23629603044382
1030000 -3.27742785516237
1031000 -3.28475063398314
1032000 -3.25576681305242
1033000 -3.26997819620358
1034000 -3.287929655694
1035000 -3.27592113147029
1036000 -3.27301672505827
1037000 -3.30034392786455
1038000 -3.27718432975639
1039000 -3.29783317637852
1040000 -3.30184376916817
1041000 -3.3059890140324
1042000 -3.32067827642719
1043000 -3.2868967332491
1044000 -3.34504504514645
1045000 -3.31202336256031
1046000 -3.33372647356307
1047000 -3.29094989118728
1048000 -3.35260344767685
1049000 -3.29702567920286
1050000 -3.36121114082227
1051000 -3.31741536656588
1052000 -3.3526501734091
1053000 -3.34773460174739
1054000 -3.34538326152325
1055000 -3.35893713537997
1056000 -3.34302089201624
1057000 -3.3684480599965
1058000 -3.35934402577001
1059000 -3.36810372740703
1060000 -3.37166653829036
1061000 -3.36991469654394
1062000 -3.37235954351123
1063000 -3.35871382462579
1064000 -3.40329537626565
1065000 -3.36818752963245
1066000 -3.40420583830157
1067000 -3.37550376674806
1068000 -3.40396099072089
1069000 -3.37823538664413
1070000 -3.41237263664223
1071000 -3.40780072460427
1072000 -3.40470333486289
1073000 -3.426958187316
1074000 -3.40259711861638
1075000 -3.43678457071877
1076000 -3.41991207679976
1077000 -3.43239402199559
1078000 -3.43122571698066
1079000 -3.44013473446976
1080000 -3.43069651181773
1081000 -3.43305075689371
1082000 -3.45459914169087
1083000 -3.44048097747916
1084000 -3.46711476370857
1085000 -3.44104672857289
1086000 -3.47335035057121
1087000 -3.44452686247814
1088000 -3.497623973518
1089000 -3.44262971050464
1090000 -3.48608445096875
1091000 -3.46118639698083
1092000 -3.47720728793519
1093000 -3.48879868475001
1094000 -3.47458636922724
1095000 -3.49935851757916
1096000 -3.48285211877224
1097000 -3.50858021913253
1098000 -3.47801987579618
1099000 -3.50631269561054
1100000 -3.49397667423109
1101000 -3.53005544162054
1102000 -3.51260155048522
1103000 -3.51067487209397
1104000 -3.53571713378451
1105000 -3.5157919774624
1106000 -3.54257736534376
1107000 -3.52708076804366
1108000 -3.53756977062729
1109000 -3.54225248052927
1110000 -3.54372332682103
1111000 -3.54928093588032
1112000 -3.53727390867899
1113000 -3.57534044576926
1114000 -3.5037954611149
1115000 -3.60515852643505
1116000 -3.52324319048172
1117000 -3.57258481342499
1118000 -3.55436415631284
1119000 -3.57735461346567
1120000 -3.56142726243194
1121000 -3.57065745059422
1122000 -3.58894604726528
1123000 -3.5702341745731
1124000 -3.61105844909018
1125000 -3.56017176205836
1126000 -3.61884379766703
1127000 -3.58123787695148
1128000 -3.61204552564175
1129000 -3.60608000964779
1130000 -3.59494350455551
1131000 -3.62452005839114
1132000 -3.58463212586318
1133000 -3.63108684692957
1134000 -3.61901370269528
1135000 -3.64215473787806
1136000 -3.61508690497278
1137000 -3.63084090542454
1138000 -3.63968303117434
1139000 -3.61140150831298
1140000 -3.66269379963851
1141000 -3.61507786491996
1142000 -3.69343574649536
1143000 -3.62933607925479
1144000 -3.66631930686435
1145000 -3.65548518447007
1146000 -3.64423401487214
1147000 -3.68014820073721
1148000 -3.64718828542315
1149000 -3.70481532977961
1150000 -3.63959598625092
1151000 -3.69446872829622
1152000 -3.6601590504972
1153000 -3.68639843154484
1154000 -3.67717203972334
1155000 -3.66767960614928
1156000 -3.71228679363018
1157000 -3.66049637622195
1158000 -3.72201742502084
1159000 -3.67875101343923
1160000 -3.71627665518323
1161000 -3.69907546276463
1162000 -3.70766758992329
1163000 -3.7492126034464
1164000 -3.68948762197751
1165000 -3.75921600515767
1166000 -3.69906638332973
1167000 -3.76168315536236
1168000 -3.73077648686246
1169000 -3.7422943851363
1170000 -3.77528216956473
1171000 -3.7154121052948
1172000 -3.78555855233469
1173000 -3.71406477036514
1174000 -3.78929826961655
1175000 -3.73197810107018
1176000 -3.76095383655047
1177000 -3.78008647551986
1178000 -3.74140744360769
1179000 -3.8127149808942
1180000 -3.7265832204514
1181000 -3.81311820451683
1182000 -3.75528425338161
1183000 -3.78466701315629
1184000 -3.82319726791534
1185000 -3.75964456704153
1186000 -3.86256958834716
1187000 -3.74537091855629
1188000 -3.85243594329717
1189000 -3.76592572769951
1190000 -3.81420330405145
1191000 -3.82351242302087
1192000 -3.78083754530083
1193000 -3.86382468928284
1194000 -3.79154513038895
1195000 -3.84239966001344
1196000 -3.82448485747833
1197000 -3.82002324520745
1198000 -3.87612939586905
1199000 -3.78920054712537
1200000 -3.89341631650159
1201000 -3.83156248004781
1202000 -3.8582474184653
1203000 -3.86631548965111
1204000 -3.83961757085634
1205000 -3.89188793954352
1206000 -3.83761627013432
1207000 -3.8935994600303
1208000 -3.85618144979481
1209000 -3.88421039464986
1210000 -3.88001959977456
1211000 -3.86212886981748
1212000 -3.90406703079407
1213000 -3.8564972351445
1214000 -3.91402534786972
1215000 -3.87661937541364
1216000 -3.90788481715857
1217000 -3.90521990538551
1218000 -3.89035819030233
1219000 -3.91832915980553
1220000 -3.87520729521842
1221000 -3.9420319855342
1222000 -3.895497363306
1223000 -3.93191425072802
1224000 -3.92771631063216
1225000 -3.89353940887534
1226000 -3.98211353776136
1227000 -3.89453029209187
1228000 -3.96133562218423
1229000 -3.94131685256325
1230000 -3.93687516528396
1231000 -3.97698664265465
1232000 -3.91473072990475
1233000 -3.99723762941357
1234000 -3.91549061753599
1235000 -3.99249643949209
1236000 -3.96521891358781
1237000 -3.94069725148294
1238000 -4.01444425544071
1239000 -3.92976767629178
1240000 -4.00061094373764
1241000 -3.97522244295194
1242000 -3.96738012037327
1243000 -4.01362462562789
1244000 -3.95098988276205
1245000 -4.07492596558504
1246000 -3.95940129718375
1247000 -4.02381855056708
1248000 -4.03220210685802
1249000 -3.96954965124432
1250000 -4.07339420992677
1251000 -3.95236500369902
1252000 -4.06232174384985
1253000 -4.02228017997088
1254000 -3.99509007379192
1255000 -4.0758079198796
1256000 -3.96772296478037
1257000 -4.08117166232217
1258000 -4.02505688484102
1259000 -4.02288146949364
1260000 -4.09911176892584
1261000 -3.95712910582052
1262000 -4.12810537489815
1263000 -4.01178811093137
1264000 -4.04902496877778
1265000 -4.11093258850933
1266000 -4.02217621300666
1267000 -4.09279059335905
1268000 -4.04158391326577
1269000 -4.08235515348204
1270000 -4.10120557635093
1271000 -4.03639872819413
1272000 -4.13201854242944
1273000 -4.03553414801281
1274000 -4.12657068011473
1275000 -4.10049306629056
1276000 -4.0509725035885
1277000 -4.16252375418083
1278000 -4.05544242655258
1279000 -4.13880686402659
1280000 -4.09529094173085
1281000 -4.11206616592617
1282000 -4.16307350272251
1283000 -4.08106807750977
1284000 -4.17510551075249
1285000 -4.11376816788411
1286000 -4.1173533908
1287000 -4.16983992848188
1288000 -4.10850507410849
1289000 -4.19074284098658
1290000 -4.11401052092046
1291000 -4.15983915399181
1292000 -4.16433509173704
1293000 -4.14502597375382
1294000 -4.18082023713779
1295000 -4.12613294781739
1296000 -4.21456522499094
1297000 -4.1611512884971
1298000 -4.15279557724422
1299000 -4.22501176246528
1300000 -4.13862065948248
1301000 -4.21062512484675
1302000 -4.18490563559173
1303000 -4.16622120668355
1304000 -4.25154218024682
1305000 -4.14090803838654
1306000 -4.24450134972013
1307000 -4.21006663671916
1308000 -4.19897139180309
1309000 -4.24622630585625
1310000 -4.18538542430174
1311000 -4.24843100886075
1312000 -4.20463308422701
1313000 -4.2206750551994
1314000 -4.26243826158696
1315000 -4.19328350060095
1316000 -4.26945804154031
1317000 -4.21160035352069
1318000 -4.25096020386492
1319000 -4.27872282088567
1320000 -4.20059573508471
1321000 -4.3018139293262
1322000 -4.22137220546013
1323000 -4.25393040753458
1324000 -4.28906342122056
1325000 -4.20943701248687
1326000 -4.32328704668931
1327000 -4.25671837422852
1328000 -4.25664388546708
1329000 -4.33872248618502
1330000 -4.23528549687189
1331000 -4.32925791385692
1332000 -4.28179669139985
1333000 -4.28023520037165
1334000 -4.33160788134922
1335000 -4.24663369628202
1336000 -4.33014589375388
1337000 -4.30203583491118
1338000 -4.27106749745395
1339000 -4.36980925041559
1340000 -4.26251838452364
1341000 -4.36082909277922
1342000 -4.31006713795824
1343000 -4.27698064632361
1344000 -4.39589061113442
1345000 -4.28495112348935
1346000 -4.34607647938792
1347000 -4.37227739834939
1348000 -4.27624712889902
1349000 -4.40778565173633
1350000 -4.31292293915199
1351000 -4.338841530452
1352000 -4.40437067902973
1353000 -4.30893946623609
1354000 -4.40139822145048
1355000 -4.35051853675883
1356000 -4.35285197633249
1357000 -4.4344438432205
1358000 -4.31050358208079
1359000 -4.41727506489143
1360000 -4.40081011010099
1361000 -4.34094070439353
1362000 -4.4396512857663
1363000 -4.35889886931085
1364000 -4.40137903877746
1365000 -4.4342927345111
1366000 -4.36247286130648
1367000 -4.46465895487633
1368000 -4.39301781886184
1369000 -4.38694347665427
1370000 -4.46021864091821
1371000 -4.3918937489737
1372000 -4.43402548232461
1373000 -4.43240304689251
1374000 -4.40831827495757
1375000 -4.47081455023645
1376000 -4.39792324393404
1377000 -4.44450217274233
1378000 -4.4641150949411
1379000 -4.39935139894463
1380000 -4.4757637624922
1381000 -4.45536032121096
1382000 -4.43694674912124
1383000 -4.49145965877489
1384000 -4.45300414144554
1385000 -4.47166574407633
1386000 -4.46420629860491
1387000 -4.46511264213307
1388000 -4.46856222712225
1389000 -4.49623153105387
1390000 -4.47885020658453
1391000 -4.47807917687677
1392000 -4.50481436438808
1393000 -4.49134604350942
1394000 -4.49028731158284
1395000 -4.48993959085491
1396000 -4.49457887698832
1397000 -4.51421812463199
1398000 -4.50231701897171
1399000 -4.5159347386336
1400000 -4.54480567662574
1401000 -4.50796215095557
1402000 -4.5126757726919
1403000 -4.53200736434771
1404000 -4.51626112336772
1405000 -4.53036638698894
1406000 -4.51641107477816
1407000 -4.53435277609577
1408000 -4.57069801895484
1409000 -4.51179320159894
1410000 -4.55613652244079
1411000 -4.56408774155879
1412000 -4.53188635415384
1413000 -4.58216445760524
1414000 -4.53109274799187
1415000 -4.56288512133395
1416000 -4.58802051728478
1417000 -4.53922019326182
1418000 -4.59236905264696
1419000 -4.58232932566022
1420000 -4.57875762652176
1421000 -4.59619192177374
1422000 -4.57144614487075
1423000 -4.590268125613
1424000 -4.60564516836832
1425000 -4.57290987008789
1426000 -4.62167845092053
1427000 -4.60662757218689
1428000 -4.57858165169632
1429000 -4.63536186131974
1430000 -4.59698337329555
1431000 -4.62808504401189
1432000 -4.63720834138746
1433000 -4.59663730372526
1434000 -4.63570011553033
1435000 -4.64651319054303
1436000 -4.60923364474968
1437000 -4.6525508436128
1438000 -4.64993916182758
1439000 -4.64141895003733
1440000 -4.66196793352626
1441000 -4.62806922263518
1442000 -4.65162805761441
1443000 -4.68035497977437
1444000 -4.63902115343651
1445000 -4.65512839796745
1446000 -4.67509865494252
1447000 -4.6691689487008
1448000 -4.66976055626408
1449000 -4.66313532941354
1450000 -4.68816738304417
1451000 -4.68093588494962
1452000 -4.67982332397169
1453000 -4.68129521114891
1454000 -4.70657666189751
1455000 -4.69095391004403
1456000 -4.68710404725233
1457000 -4.72227599108622
1458000 -4.69567400786973
1459000 -4.70766856222416
1460000 -4.70318521760811
1461000 -4.69167613361202
1462000 -4.72396604540852
1463000 -4.73888033523486
1464000 -4.70902632315908
1465000 -4.72402745628991
1466000 -4.73619478818426
1467000 -4.72604376402807
1468000 -4.74723519051592
1469000 -4.72994386874901
1470000 -4.75815403860296
1471000 -4.76332880774329
1472000 -4.74070684745758
1473000 -4.7610028637179
1474000 -4.75522696563479
1475000 -4.75482641754568
1476000 -4.74868638108946
1477000 -4.77566855532108
1478000 -4.77267660699335
1479000 -4.76433723881711
1480000 -4.78881451643004
1481000 -4.77436368004079
1482000 -4.78552834781849
1483000 -4.78711290738843
1484000 -4.78197768296596
1485000 -4.80123253224346
1486000 -4.80652044233818
1487000 -4.78567039459923
1488000 -4.80129809868405
1489000 -4.81221604529047
1490000 -4.81303568189554
1491000 -4.82161661438906
1492000 -4.79347218810797
1493000 -4.8118954664202
1494000 -4.84443107827115
1495000 -4.80255290420307
1496000 -4.81755966155531
1497000 -4.8634724547327
1498000 -4.81065201601857
1499000 -4.83123122119343
1500000 -4.85360595381636
1501000 -4.83435364877778
1502000 -4.86735567594468
1503000 -4.84795687779899
1504000 -4.82961637449942
1505000 -4.90034927626681
1506000 -4.87489936097065
1507000 -4.81812756072491
1508000 -4.8985033919766
1509000 -4.87992074205932
1510000 -4.83667211883264
1511000 -4.92255103888785
1512000 -4.86107532920556
1513000 -4.88650433715535
1514000 -4.91593208066396
1515000 -4.8601095024751
1516000 -4.89840675843213
1517000 -4.92708394602022
1518000 -4.86737547431681
1519000 -4.93062986157597
1520000 -4.94851138315787
1521000 -4.88439769121839
1522000 -4.93936033022359
1523000 -4.92274943266432
1524000 -4.90472138677021
1525000 -4.95984022955365
1526000 -4.92998144190733
1527000 -4.91353336381389
1528000 -4.96169337462899
1529000 -4.93596077699396
1530000 -4.93070701847563
1531000 -4.96978788011995
1532000 -4.9432773262307
1533000 -4.92846151859514
1534000 -4.98114282136387
1535000 -4.94159796718588
1536000 -4.96666884655024
1537000 -4.99058509100454
1538000 -4.93429165362651
1539000 -4.99144913515988
1540000 -4.99771625616858
1541000 -4.92927470720316
1542000 -5.00562653519228
1543000 -4.99247747320786
1544000 -4.96541132477355
1545000 -5.00184828273053
1546000 -5.00740971224667
1547000 -4.97116586381828
1548000 -5.01647772922588
1549000 -4.99143440621331
1550000 -4.97909271344599
1551000 -5.03750690234956
1552000 -4.98743244290731
1553000 -5.0026897877732
1554000 -5.04044451648442
1555000 -5.01916762570888
1556000 -5.01785217289532
1557000 -5.03323451727852
1558000 -5.03333608686357
1559000 -5.01006771875893
1560000 -5.06971457270643
1561000 -5.04185695962215
1562000 -5.02161757000439
1563000 -5.06751790708551
1564000 -5.04223936909614
1565000 -5.03420259034012
1566000 -5.0700205232886
1567000 -5.06340282293151
1568000 -5.05716286633978
1569000 -5.08651673773063
1570000 -5.05256129682255
1571000 -5.0744768303911
1572000 -5.09180123449431
1573000 -5.05208107338733
1574000 -5.06706943519182
1575000 -5.12686704637702
1576000 -5.06471185233234
1577000 -5.07827724173203
1578000 -5.13057259443222
1579000 -5.08437666681299
1580000 -5.08580319700459
1581000 -5.1251683993045
1582000 -5.09011423982698
1583000 -5.11689134823331
1584000 -5.13110182983216
1585000 -5.10770252001971
1586000 -5.11656805794371
1587000 -5.16907907111966
1588000 -5.11938463135238
1589000 -5.13054576315761
1590000 -5.17150892330683
1591000 -5.13318381459231
1592000 -5.12510430873323
1593000 -5.18383522761799
1594000 -5.14171557314495
1595000 -5.15773776710375
1596000 -5.19507943921449
1597000 -5.1330001140994
1598000 -5.15966317092091
1599000 -5.191965947153
1600000 -5.1300956593737
1601000 -5.17501226915313
1602000 -5.20795931473186
1603000 -5.1617465140265
1604000 -5.16171431565727
1605000 -5.21581819017253
1606000 -5.16558612029854
1607000 -5.18625919983796
1608000 -5.21569768057782
1609000 -5.19361813045655
1610000 -5.19798143841466
1611000 -5.25525952195351
1612000 -5.20554666841014
1613000 -5.21468652971522
1614000 -5.25630307918237
1615000 -5.21069733183565
1616000 -5.22033426409232
1617000 -5.25465842004133
1618000 -5.22847530762024
1619000 -5.21504873330862
1620000 -5.28558447773212
1621000 -5.2253634920278
1622000 -5.22300971322155
1623000 -5.27325374732773
1624000 -5.24072931763304
1625000 -5.22979647105374
1626000 -5.30298349757452
1627000 -5.24830348389974
1628000 -5.23717846704643
1629000 -5.29498011389734
1630000 -5.27829496487701
1631000 -5.25005749636664
1632000 -5.30823871734618
1633000 -5.29483898017344
1634000 -5.24349034185698
1635000 -5.31811943445361
1636000 -5.30426004794892
1637000 -5.26896881885365
1638000 -5.3032780386987
1639000 -5.33848969160674
1640000 -5.27673720800726
1641000 -5.31920791238002
1642000 -5.32697700966371
1643000 -5.29293530627058
1644000 -5.31360056532683
1645000 -5.34963878259613
1646000 -5.29906137616312
1647000 -5.32656172309991
1648000 -5.35374465415005
1649000 -5.30743670922452
1650000 -5.32338979145309
1651000 -5.38307003639452
1652000 -5.30593655230957
1653000 -5.31794058847547
1654000 -5.37544693020727
1655000 -5.3262734240196
1656000 -5.33353558328347
1657000 -5.37606815704014
1658000 -5.35360287782101
1659000 -5.33562919401207
1660000 -5.40418667629038
1661000 -5.37607414092076
1662000 -5.35024045600581
1663000 -5.39341215078018
1664000 -5.39131176271474
1665000 -5.36657661555643
1666000 -5.39977081901483
1667000 -5.39518305027739
1668000 -5.37780135715514
1669000 -5.39859255589782
1670000 -5.43409397123309
1671000 -5.39489515803719
1672000 -5.39425495083427
1673000 -5.45241390603319
1674000 -5.4037023031509
1675000 -5.39548694005831
1676000 -5.45716737277765
1677000 -5.42271749781213
1678000 -5.40952248041386
1679000 -5.44488032614333
1680000 -5.4417408203659
1681000 -5.42308695218115
1682000 -5.4406318033162
1683000 -5.46673709923852
1684000 -5.43190811348799
1685000 -5.44394467661312
1686000 -5.47953820469502
1687000 -5.43517403868054
1688000 -5.45479488020889
1689000 -5.50063739554653
1690000 -5.45429290236985
1691000 -5.45389915520714
1692000 -5.48724156352296
1693000 -5.48081473306599
1694000 -5.45650754118289
1695000 -5.51106439643221
1696000 -5.5120319172978
1697000 -5.46401117131853
1698000 -5.49656684472311
1699000 -5.52398629630597
1700000 -5.48415835257365
1701000 -5.49450563215035
1702000 -5.52966744349061
1703000 -5.50081544731978
1704000 -5.50169967603637
1705000 -5.53362650991156
1706000 -5.51522650341929
1707000 -5.51251338791146
1708000 -5.51378373536482
1709000 -5.53827899172975
1710000 -5.52043886092108
1711000 -5.52356557037186
1712000 -5.53807947577384
1713000 -5.53263564551303
1714000 -5.53811713722537
1715000 -5.54707381026187
1716000 -5.54830086353734
1717000 -5.53860154714335
1718000 -5.56091579370365
1719000 -5.55556986520765
1720000 -5.55101817183412
1721000 -5.57849149164152
1722000 -5.57380708914018
1723000 -5.56384051095307
1724000 -5.5653206839508
1725000 -5.5999769553176
1726000 -5.57625836300165
1727000 -5.56346809904143
1728000 -5.60496396983793
1729000 -5.60513747465467
1730000 -5.5813198919844
1731000 -5.60272879093577
1732000 -5.61679033310619
1733000 -5.59513419844795
1734000 -5.59208470662062
1735000 -5.6271167208234
1736000 -5.61290199937021
1737000 -5.60521400375837
1738000 -5.63451714422627
1739000 -5.62973066700533
1740000 -5.6005012057556
1741000 -5.64905468890702
1742000 -5.61933912881097
1743000 -5.61173892660389
1744000 -5.65157830489876
1745000 -5.65005301151607
1746000 -5.63527283136592
1747000 -5.63404739972608
1748000 -5.67286520693768
1749000 -5.66280479600245
1750000 -5.64555523536253
1751000 -5.67542940335729
1752000 -5.66942193109242
1753000 -5.64581471752827
1754000 -5.69194302071952
1755000 -5.68102763605329
1756000 -5.65248667748919
1757000 -5.6837796893332
1758000 -5.71698224034821
1759000 -5.66697217599469
1760000 -5.69030437980713
1761000 -5.69934784467003
1762000 -5.71065300340906
1763000 -5.69816483262284
1764000 -5.69916368422682
1765000 -5.72397761906853
1766000 -5.6916360520151
1767000 -5.71914580507298
1768000 -5.73238360858459
1769000 -5.71265341348509
1770000 -5.69738370311019
1771000 -5.75242444671493
1772000 -5.75063208934355
1773000 -5.70225273186048
1774000 -5.74030484991345
1775000 -5.7890529811924
1776000 -5.70704821381062
1777000 -5.7400457428842
1778000 -5.78595974286319
1779000 -5.75043364425581
1780000 -5.73413204635757
1781000 -5.77840902986114
1782000 -5.77054508233016
1783000 -5.74638038147023
1784000 -5.78151786469593
1785000 -5.77512241729225
1786000 -5.76909756413502
1787000 -5.77812293583721
1788000 -5.79767770832453
1789000 -5.77303607033637
1790000 -5.75595690038852
1791000 -5.80203311044719
1792000 -5.82307731613825
1793000 -5.76971138651612
1794000 -5.80420755201292
1795000 -5.83224558172527
1796000 -5.78327054835001
1797000 -5.7865358321256
1798000 -5.83702255458689
1799000 -5.82558565685186
1800000 -5.80443496545131
1801000 -5.81994833581779
1802000 -5.84971967922326
1803000 -5.8101703290992
1804000 -5.84025045167008
1805000 -5.85715407894686
1806000 -5.80876829277513
1807000 -5.83362751513263
1808000 -5.86089005133783
1809000 -5.83866463542076
1810000 -5.85411932400385
1811000 -5.83577090003717
1812000 -5.86949175154877
1813000 -5.86672028198295
1814000 -5.86459116317307
1815000 -5.8596681041857
1816000 -5.88596368901935
1817000 -5.87187903605655
1818000 -5.85961748135971
1819000 -5.88823579881804
1820000 -5.8996449178115
1821000 -5.85912853744688
1822000 -5.90180078649064
1823000 -5.92204227529114
1824000 -5.89039137894204
1825000 -5.8861218294399
1826000 -5.91010746725699
1827000 -5.92061407305355
1828000 -5.89165649314712
1829000 -5.92407267882944
1830000 -5.93740558260105
1831000 -5.92526959715534
1832000 -5.89349558016394
1833000 -5.94472260581431
1834000 -5.94216205176758
1835000 -5.91708843498736
1836000 -5.95868855269739
1837000 -5.95827275240808
1838000 -5.92429554461011
1839000 -5.92706252671606
1840000 -5.98775581511285
1841000 -5.97292445074009
1842000 -5.91466425236226
1843000 -5.95092107710813
1844000 -5.99235684899964
1845000 -5.96251707966868
1846000 -5.94028937057663
1847000 -6.0018707287986
1848000 -5.98880419441527
1849000 -5.94036721215156
1850000 -5.98195242942352
1851000 -6.0053424947572
1852000 -5.9653870275075
1853000 -5.96470921802659
1854000 -6.02330611861824
1855000 -6.01507658990298
1856000 -5.98033392868625
1857000 -6.01442772057881
1858000 -6.01936169401438
1859000 -6.00938305988648
1860000 -6.0010566586384
1861000 -6.02206238684768
1862000 -6.04976020195563
1863000 -6.03241584884435
1864000 -6.00829987143159
1865000 -6.06921893211109
1866000 -6.02486694928542
1867000 -6.01394329341309
1868000 -6.04544467926977
1869000 -6.06126869967544
1870000 -6.03718628754095
1871000 -6.04078953373493
1872000 -6.04770820208506
1873000 -6.06889239074817
1874000 -6.09435952517416
1875000 -6.04592361365759
1876000 -6.03870210625636
1877000 -6.09692934915047
1878000 -6.07682529889606
1879000 -6.05399136250155
1880000 -6.0992726317156
1881000 -6.08295158449153
1882000 -6.04677762730881
1883000 -6.08684969151963
1884000 -6.10968723348318
1885000 -6.08795633185801
1886000 -6.08694085756966
1887000 -6.10805592114935
1888000 -6.11162100405741
1889000 -6.09047860255157
1890000 -6.11297983690116
1891000 -6.12894870150034
1892000 -6.11683529710669
1893000 -6.12697071629826
1894000 -6.11615806076392
1895000 -6.12737541448304
1896000 -6.13374753668881
1897000 -6.1159000361257
1898000 -6.12921256330626
1899000 -6.14718776184793
1900000 -6.12745507167769
1901000 -6.13688426069044
1902000 -6.15849759027504
1903000 -6.14841198328437
1904000 -6.13508342942333
1905000 -6.14095683051842
1906000 -6.1748130182698
1907000 -6.15360907354081
1908000 -6.14410005891803
1909000 -6.16987986395054
1910000 -6.18676076506894
1911000 -6.17445933439622
1912000 -6.15968505504911
1913000 -6.18858173996308
1914000 -6.2029060944606
1915000 -6.17854212780305
1916000 -6.17439295387871
1917000 -6.20416645917542
1918000 -6.21188073535749
1919000 -6.18328987563972
1920000 -6.20677565350916
1921000 -6.22786430482294
1922000 -6.20288029322783
1923000 -6.18562125429404
1924000 -6.21675326773992
1925000 -6.24124458758464
1926000 -6.19981775005418
1927000 -6.2055353513401
1928000 -6.23304414175143
1929000 -6.24466289430232
1930000 -6.22867095997848
1931000 -6.22602307076746
1932000 -6.25431615946417
1933000 -6.25640903388683
1934000 -6.21805641924368
1935000 -6.23368962476963
1936000 -6.28100333726538
1937000 -6.26272380633941
1938000 -6.26018925927301
1939000 -6.26068339536926
1940000 -6.26462038609466
1941000 -6.25086233719667
1942000 -6.27594614494771
1943000 -6.28101764076088
1944000 -6.2582313426273
1945000 -6.26065620592918
1946000 -6.27752105986398
1947000 -6.30026910312395
1948000 -6.27095898116696
1949000 -6.27417431751073
1950000 -6.30630796798297
1951000 -6.31541776901584
1952000 -6.28142526911042
1953000 -6.28835289791175
1954000 -6.3212391440266
1955000 -6.32504660673348
1956000 -6.30688549741605
1957000 -6.30029973610629
1958000 -6.32952077225877
1959000 -6.3286322261408
1960000 -6.32275750926557
1961000 -6.33292155807599
1962000 -6.34722410835312
1963000 -6.3407897685941
1964000 -6.34254224284561
1965000 -6.3522158155241
1966000 -6.35913426368439
1967000 -6.34464962410734
1968000 -6.33699884993354
1969000 -6.37004198149503
1970000 -6.35435744850812
1971000 -6.36334827155001
1972000 -6.36090073558153
1973000 -6.36318895941293
1974000 -6.37620615531212
1975000 -6.38102196623903
1976000 -6.37417081381953
1977000 -6.37809947634822
1978000 -6.39975537615762
1979000 -6.38237899195611
1980000 -6.38688217381088
1981000 -6.40180141473811
1982000 -6.38785748497948
1983000 -6.37684170080219
1984000 -6.40366486992311
1985000 -6.42360070458065
1986000 -6.42733080755258
1987000 -6.41074988749788
1988000 -6.41546880389994
1989000 -6.43858734747363
1990000 -6.44356834130124
1991000 -6.40256530103734
1992000 -6.41433238341698
1993000 -6.44945731564435
1994000 -6.44214343623734
1995000 -6.42185984754967
1996000 -6.4215566120797
1997000 -6.46318567039492
1998000 -6.44570641367089
1999000 -6.43808858664294
2000000 -6.43295357140338
2001000 -6.47464353813853
2002000 -6.46744432039198
2003000 -6.4531194923023
2004000 -6.43696656743411
2005000 -6.5146579343631
2006000 -6.49053901477773
2007000 -6.43836027677599
2008000 -6.47509841779323
2009000 -6.51448076339687
2010000 -6.50183678415481
2011000 -6.45828714212539
2012000 -6.49088442638547
2013000 -6.5073399075333
2014000 -6.50102406220471
2015000 -6.47745119291359
2016000 -6.50083291144287
2017000 -6.52331229980787
2018000 -6.51171613416288
2019000 -6.4886425586989
2020000 -6.51653243264789
2021000 -6.53539949445947
2022000 -6.52518877566934
2023000 -6.510375481943
2024000 -6.51634150844931
2025000 -6.53711483414723
2026000 -6.55464417268784
2027000 -6.53225837491553
2028000 -6.5368563707756
2029000 -6.55798982768097
2030000 -6.5455406200055
2031000 -6.54724098241961
2032000 -6.54379892455681
2033000 -6.54789293166173
2034000 -6.569120795886
2035000 -6.53307303975414
2036000 -6.54895226619131
2037000 -6.56808109102436
2038000 -6.57522127139523
2039000 -6.55353421015659
2040000 -6.54594344738619
2041000 -6.59338823537531
2042000 -6.60215311103308
2043000 -6.5730215142181
2044000 -6.57358877701251
2045000 -6.59454917878722
2046000 -6.61897232274532
2047000 -6.59742239800244
2048000 -6.59803452540057
2049000 -6.59590461301211
2050000 -6.62515544221002
2051000 -6.63309612632263
2052000 -6.60624208056297
2053000 -6.59773272508709
2054000 -6.63132623453539
2055000 -6.63725923546519
2056000 -6.63549374649214
2057000 -6.63712285825105
2058000 -6.63459245370261
2059000 -6.63115182311219
2060000 -6.62583033772574
2061000 -6.62859412406077
2062000 -6.63285859215843
2063000 -6.649173231604
2064000 -6.65403484966186
2065000 -6.64940556121754
2066000 -6.68210892455791
2067000 -6.65458096038564
2068000 -6.64557770405687
2069000 -6.66874621085083
2070000 -6.68519657018324
2071000 -6.67879315310978
2072000 -6.65803994645002
2073000 -6.65839287550747
2074000 -6.70576082525811
2075000 -6.71895237876704
2076000 -6.67417244909691
2077000 -6.67378489056291
2078000 -6.69298868551634
2079000 -6.70495423077438
2080000 -6.70867446242976
2081000 -6.69254669365209
2082000 -6.7055660216331
2083000 -6.71322591534884
2084000 -6.72454516936723
2085000 -6.72343753269166
2086000 -6.71529189666187
2087000 -6.73645340552221
2088000 -6.73979659754091
2089000 -6.71161408300547
2090000 -6.72586218515424
2091000 -6.74309255350751
2092000 -6.74656832649556
2093000 -6.7313138606113
2094000 -6.74655495388837
2095000 -6.75118255860084
2096000 -6.75434401392625
2097000 -6.74540063840347
2098000 -6.76266958430226
2099000 -6.78501429293036
2100000 -6.75264809743207
2101000 -6.7735628590087
2102000 -6.77979402841499
2103000 -6.78236895687904
2104000 -6.79168341342168
2105000 -6.7654514078151
2106000 -6.76790845409267
2107000 -6.76936252455803
2108000 -6.81364151781384
2109000 -6.82436441373176
2110000 -6.77494744768356
2111000 -6.7655871062447
2112000 -6.8312419337983
2113000 -6.83527217884803
2114000 -6.78704647541958
2115000 -6.77445442843095
2116000 -6.81877494580161
2117000 -6.84602389234513
2118000 -6.82888430193617
2119000 -6.8309107992123
2120000 -6.81182984988727
2121000 -6.84494894942662
2122000 -6.83387853256212
2123000 -6.81636004927271
2124000 -6.82679976715722
2125000 -6.84293834844469
2126000 -6.86398629026606
2127000 -6.8616313807608
2128000 -6.82892742891422
2129000 -6.8183085214013
2130000 -6.84424726907752
2131000 -6.84882168287392
2132000 -6.85913611328743
2133000 -6.85983572775989
2134000 -6.87894181901443
2135000 -6.85113565509761
2136000 -6.84110625353839
2137000 -6.87182426714269
2138000 -6.89293113288597
2139000 -6.89091059701784
2140000 -6.84561195811562
2141000 -6.85145598596605
2142000 -6.91209681319108
2143000 -6.94512651903725
2144000 -6.89231676502613
2145000 -6.85876257343873
2146000 -6.90410422041568
2147000 -6.91935864650708
2148000 -6.91615751039306
2149000 -6.89168173799004
2150000 -6.89985943632819
2151000 -6.91863188057761
2152000 -6.94754701835693
2153000 -6.92008522567919
2154000 -6.89482506261697
2155000 -6.9222717069798
2156000 -6.96074928877462
2157000 -6.94615114842128
2158000 -6.91497837175942
2159000 -6.93292579427772
2160000 -6.96191184503043
2161000 -6.96951460870885
2162000 -6.94924998173053
2163000 -6.93615723328354
2164000 -6.96636438960322
2165000 -6.96378914419956
2166000 -6.94876113912111
2167000 -6.94669783388902
2168000 -6.9749319559871
2169000 -6.97554510954267
2170000 -6.94769934703354
2171000 -6.95139578990029
2172000 -6.98412443523629
2173000 -7.01985543297256
2174000 -6.99763987525596
2175000 -6.96404088429589
2176000 -6.97659596643485
2177000 -7.00788691204076
2178000 -7.02290503108461
2179000 -6.99148639134134
2180000 -6.99120392858852
2181000 -6.9948992445781
2182000 -7.03224792921396
2183000 -7.0105839688865
2184000 -7.00439470888313
2185000 -6.98843439694704
2186000 -7.01348027960264
2187000 -7.02975431534728
2188000 -7.03875371839924
2189000 -7.0409001254487
2190000 -7.03320177487901
2191000 -7.03810799930332
2192000 -7.02840451645301
2193000 -7.04053203371461
2194000 -7.05487531719281
2195000 -7.05540229157088
2196000 -7.05825387685926
2197000 -7.03444071586752
2198000 -7.05215979413597
2199000 -7.06414111248052
2200000 -7.08784816360728
2201000 -7.06590034128189
2202000 -7.05873146442892
2203000 -7.06886822843961
2204000 -7.09583319562333
2205000 -7.08666068678898
2206000 -7.06534441926901
2207000 -7.05763825312693
2208000 -7.09676830494228
2209000 -7.1138357920657
2210000 -7.0732863977851
2211000 -7.07536175011386
2212000 -7.10003944175692
2213000 -7.12639473027946
2214000 -7.11510455380835
2215000 -7.0862925426768
2216000 -7.09347960450338
2217000 -7.10678886303982
2218000 -7.13963206326031
2219000 -7.15673950378341
2220000 -7.13479742717983
2221000 -7.08383309019495
2222000 -7.12765407286615
2223000 -7.15445213456778
2224000 -7.1491831857613
2225000 -7.15453654399137
2226000 -7.1321540693477
2227000 -7.14059394610311
2228000 -7.14399917283782
2229000 -7.15869265807701
2230000 -7.16763259790781
2231000 -7.16915934560319
2232000 -7.14462511670421
2233000 -7.14727088077049
2234000 -7.18092956571502
2235000 -7.18219073227193
2236000 -7.17915951588685
2237000 -7.18025126942556
2238000 -7.17774528114399
2239000 -7.19696588957174
2240000 -7.18801112854219
2241000 -7.19010780576539
2242000 -7.18955169014958
2243000 -7.17856197407862
2244000 -7.19633789625069
2245000 -7.22172041584617
2246000 -7.22334643459857
2247000 -7.20267413366119
2248000 -7.19545456579422
2249000 -7.2098936286902
2250000 -7.26429990920222
2251000 -7.2358551406395
2252000 -7.19728615866935
2253000 -7.19802095216201
2254000 -7.22326111135798
2255000 -7.25424229942508
2256000 -7.26805916740711
2257000 -7.23446691179616
2258000 -7.20015219264987
2259000 -7.22507888015441
2260000 -7.24705056234344
2261000 -7.25020596794274
2262000 -7.24634376535543
2263000 -7.2528808586558
2264000 -7.24028254314765
2265000 -7.24478511334324
2266000 -7.260197315941
2267000 -7.27433388277911
2268000 -7.28980027126545
2269000 -7.28903944078932
2270000 -7.2628472352649
2271000 -7.26104548157567
2272000 -7.30414406871277
2273000 -7.33600749476868
2274000 -7.28163981204309
2275000 -7.27041077768679
2276000 -7.26630150219082
2277000 -7.30766641936808
2278000 -7.3358696490882
2279000 -7.30087359531249
2280000 -7.27743784283048
2281000 -7.27639933057883
2282000 -7.32491869389385
2283000 -7.33006766680202
2284000 -7.32851021028041
2285000 -7.30847171080603
2286000 -7.32031110922877
2287000 -7.32026267766163
2288000 -7.32312086418571
2289000 -7.3374626710759
2290000 -7.35519278005177
2291000 -7.34497894943913
2292000 -7.34416132187442
2293000 -7.34170690398517
2294000 -7.33136858689273
2295000 -7.35079932450557
2296000 -7.38306587685468
2297000 -7.37569393319658
2298000 -7.33483178544754
2299000 -7.33967580771971
2300000 -7.36075796710182
2301000 -7.39832076282211
2302000 -7.40409997692084
2303000 -7.37077956971355
2304000 -7.3245871238621
2305000 -7.36420675077691
2306000 -7.40362662937443
2307000 -7.41059675370313
2308000 -7.37250969885021
2309000 -7.35073653745399
2310000 -7.37972191066771
2311000 -7.39635114150201
2312000 -7.4072299909064
2313000 -7.38010602204206
2314000 -7.39063493327311
2315000 -7.41360778479671
2316000 -7.42540040152032
2317000 -7.41364415944036
2318000 -7.41140089389272
2319000 -7.4302689631401
2320000 -7.4267110121944
2321000 -7.41443772723396
2322000 -7.41906385068953
2323000 -7.42620383439802
2324000 -7.43313917063853
2325000 -7.47262031984341
2326000 -7.4619778954628
2327000 -7.4327655326096
2328000 -7.44378125396398
2329000 -7.45840432983653
2330000 -7.47798339630727
2331000 -7.47139134064094
2332000 -7.44191252483013
2333000 -7.43184519455605
2334000 -7.43601711958375
2335000 -7.4898273867409
2336000 -7.48025046927941
2337000 -7.45908559308108
2338000 -7.45705769397842
2339000 -7.45855654678762
2340000 -7.50007467448852
2341000 -7.49014981769078
2342000 -7.47687525163792
2343000 -7.45519905384209
2344000 -7.4639380263307
2345000 -7.52780676037197
2346000 -7.5029124153922
2347000 -7.49646805765804
2348000 -7.48426013144556
2349000 -7.48974710446629
2350000 -7.49624983399712
2351000 -7.52027955303462
2352000 -7.52414998606038
2353000 -7.50550201057201
2354000 -7.50280728435179
2355000 -7.52166842186876
2356000 -7.54118483024163
2357000 -7.5191935868086
2358000 -7.5171479828987
2359000 -7.54251766671284
2360000 -7.55484086167914
2361000 -7.5415547235567
2362000 -7.53161992727043
2363000 -7.53932716301542
2364000 -7.575209543203
2365000 -7.55000695406326
2366000 -7.54912065797485
2367000 -7.51686294048867
2368000 -7.55945302780486
2369000 -7.58273764970418
2370000 -7.62568212269817
2371000 -7.59419693304339
2372000 -7.5394176639142
2373000 -7.53082842467911
2374000 -7.57726639553108
2375000 -7.61691660126637
2376000 -7.59579116015666
2377000 -7.5767308586296
2378000 -7.57966291804933
2379000 -7.58802932476644
2380000 -7.59810123912213
2381000 -7.60899152604449
2382000 -7.59959196679769
2383000 -7.5890487206508
2384000 -7.58675688629822
2385000 -7.6049035676911
2386000 -7.62009578600064
2387000 -7.61363096964712
2388000 -7.62215854746065
2389000 -7.6330611411759
2390000 -7.62921672416491
2391000 -7.62174099680876
2392000 -7.61905367932538
2393000 -7.63676618815878
2394000 -7.6628080747781
2395000 -7.65595280039817
2396000 -7.63610181775361
2397000 -7.62415502339286
2398000 -7.64921386801825
2399000 -7.6539699153452
2400000 -7.66638575691741
2401000 -7.68189231713468
2402000 -7.64742052629709
2403000 -7.63673957960715
2404000 -7.6645264122417
2405000 -7.68388280683883
2406000 -7.70140327886632
2407000 -7.66962972543623
2408000 -7.64606192077551
2409000 -7.68454377280718
2410000 -7.73235897767288
2411000 -7.72193214695797
2412000 -7.67773999961508
2413000 -7.66088904748126
2414000 -7.67075702914097
2415000 -7.6940737989746
2416000 -7.72617652961423
2417000 -7.73766787766294
2418000 -7.71079631386971
2419000 -7.69075748500435
2420000 -7.70195003850196
2421000 -7.70006092639859
2422000 -7.70951651715576
2423000 -7.70996012880808
2424000 -7.70662340193696
2425000 -7.71745732514374
2426000 -7.72617109038906
2427000 -7.72668017572278
2428000 -7.74900001478218
2429000 -7.74724017994616
2430000 -7.77590655514215
2431000 -7.73283572555543
2432000 -7.73021257161712
2433000 -7.73088764838657
2434000 -7.7555630602835
2435000 -7.77554758448733
2436000 -7.7790280961466
2437000 -7.76556305776453
2438000 -7.75799272120924
2439000 -7.7553603108724
2440000 -7.78714636573573
2441000 -7.80372419979182
2442000 -7.79842120015196
2443000 -7.75226770666016
2444000 -7.74982950336484
2445000 -7.78764998642417
2446000 -7.41549120222507
2447000 -0.477621089732102
2448000 -0.193560523731928
2449000 0.02379356098674
2450000 -0.410196736291723
2451000 -0.293198828362924
2452000 -0.150326498112565
2453000 -0.23300665343692
2454000 0.0482744496415674
2455000 -0.4536981855534
2456000 -0.343301079692199
2457000 -0.289809510508672
2458000 -0.440309309228388
2459000 -0.488009419177701
2460000 -0.61619946324248
2461000 -0.466630862809431
2462000 -0.354814009186407
2463000 -0.690522474157671
2464000 -0.308124286469053
2465000 -0.56317474978034
2466000 -0.332715005231646
2467000 -0.395140120626803
2468000 -0.518639489268054
2469000 -0.418232449904072
2470000 -0.442341033789725
2471000 -0.414507113825908
2472000 -0.525525207673209
2473000 -0.333801369301085
2474000 -0.617849459165515
2475000 -0.288546341793648
2476000 -0.496519207190257
2477000 -0.481445596404511
2478000 -0.366355858504745
2479000 -0.523762482055187
2480000 -0.423854394397371
2481000 -0.361943093963079
2482000 -0.516602602334071
2483000 -0.387035212969605
2484000 -0.359824366218538
2485000 -0.34687834020316
2486000 -0.524978269829216
2487000 -0.336328451635799
2488000 -0.418104906577115
2489000 -0.467833977493493
2490000 -0.352904473424709
2491000 -0.449988449471819
2492000 -0.441057574723093
2493000 -0.427947384321365
2494000 -0.446073455657577
2495000 -0.521957632566022
2496000 -0.390952535366197
2497000 -0.513664882299232
2498000 -0.422017106470545
2499000 -0.372777936536454
2500000 -0.548321017535143
2501000 -0.323526596340167
2502000 -0.470642379055615
2503000 -0.386691490689537
2504000 -0.462050974224139
2505000 -0.39165178670832
2506000 -0.464496939810437
2507000 -0.409191532347832
2508000 -0.406380998983882
2509000 -0.409493390426543
2510000 -0.495502237090741
2511000 -0.477993081500558
2512000 -0.479499876998706
2513000 -0.378039926626227
2514000 -0.47881887157325
2515000 -0.405919104222146
2516000 -0.444253857638611
2517000 -0.457328014622051
2518000 -0.464847777337449
2519000 -0.39916654342792
2520000 -0.474341209793684
2521000 -0.45879152935676
2522000 -0.472921767521706
2523000 -0.442778266372934
2524000 -0.442774938051061
2525000 -0.428655881389723
2526000 -0.442044250006009
2527000 -0.440029600580616
2528000 -0.511992284068498
2529000 -0.434537536200428
2530000 -0.454997278938864
2531000 -0.450792163675526
2532000 -0.456763840546427
2533000 -0.427086998911923
2534000 -0.465453846347635
2535000 -0.453035530716728
2536000 -0.497922181913861
2537000 -0.457425057233951
2538000 -0.457220491039522
2539000 -0.450874739030148
2540000 -0.438373575707212
2541000 -0.454199400737442
2542000 -0.459000856932682
2543000 -0.457573782335605
2544000 -0.476619485676734
2545000 -0.514149964298619
2546000 -0.448866358214539
2547000 -0.476732829128297
2548000 -0.520583642765096
2549000 -0.478075048827003
2550000 -0.436291279757507
2551000 -0.500416345846482
2552000 -0.451022435176723
2553000 -0.447639819194667
2554000 -0.482434650701806
2555000 -0.455269352815438
2556000 -0.543303117065073
2557000 -0.491744731288082
2558000 -0.438072723185129
2559000 -0.434589315445427
2560000 -0.508582893036041
2561000 -0.488190270389041
2562000 -0.49994035534926
2563000 -0.505213253529069
2564000 -0.489535352354712
2565000 -0.473940039936615
2566000 -0.442456625758627
2567000 -0.478321628782494
2568000 -0.512461887770431
2569000 -0.515940165212191
2570000 -0.484247328941128
2571000 -0.528552624706592
2572000 -0.445412400385537
2573000 -0.497763580205759
2574000 -0.444965513874056
2575000 -0.533872052692736
2576000 -0.536202519338954
2577000 -0.520759400853382
2578000 -0.526706624033267
2579000 -0.502507468484443
2580000 -0.488389371790084
2581000 -0.495475094266319
2582000 -0.472378887553723
2583000 -0.561540464319946
2584000 -0.512363733369906
2585000 -0.495116527424809
2586000 -0.412204219287074
2587000 -0.514588000135189
2588000 -0.496090869511375
2589000 -0.58414829979237
2590000 -0.449265722912074
2591000 -0.529021699097925
2592000 -0.436846164751781
2593000 -0.501224105631923
2594000 -0.446737300506212
2595000 -0.515726108808276
2596000 -0.53244830625604
2597000 -0.511515852611578
2598000 -0.453936424596588
2599000 -0.53480624846356
2600000 -0.501574599680422
2601000 -0.517527750384606
2602000 -0.496150989336821
2603000 -0.583395977391757
2604000 -0.519086484076006
2605000 -0.522324351018345
2606000 -0.510494277143594
2607000 -0.536032749543447
2608000 -0.567458137763608
2609000 -0.522669299532711
2610000 -0.480332053060417
2611000 -0.554845805264669
2612000 -0.511683839793976
2613000 -0.527615734388473
2614000 -0.507739820550724
2615000 -0.559515025236827
2616000 -0.512919216521655
2617000 -0.509815074948125
2618000 -0.538421423835996
2619000 -0.489031996002396
2620000 -0.549857645021606
2621000 -0.516817511356668
2622000 -0.481897812155219
2623000 -0.561798833286976
2624000 -0.490454561671605
2625000 -0.519341749098493
2626000 -0.483999519933173
2627000 -0.519868354725676
2628000 -0.489406461194209
2629000 -0.519487117357051
2630000 -0.547398292795527
2631000 -0.516667492797497
2632000 -0.553713471662522
2633000 -0.457152563849984
2634000 -0.544874604613057
2635000 -0.504825218232022
2636000 -0.562673516831188
2637000 -0.520844532627794
2638000 -0.5709012439951
2639000 -0.528202252997736
2640000 -0.531596200206487
2641000 -0.553509343515126
2642000 -0.487394506962091
2643000 -0.608318879143537
2644000 -0.534299822923604
2645000 -0.561354177034357
2646000 -0.500047515704742
2647000 -0.569459130628046
2648000 -0.501116922362154
2649000 -0.553735972232609
2650000 -0.574712515405718
2651000 -0.521253632528604
2652000 -0.501869289030311
2653000 -0.534495998652293
2654000 -0.576000830387328
2655000 -0.579905420385902
2656000 -0.526383789139547
2657000 -0.560413394274878
2658000 -0.578859181406185
2659000 -0.565192310624318
2660000 -0.517517021259712
2661000 -0.552401329867712
2662000 -0.563210664062227
2663000 -0.615005113742035
2664000 -0.593730162218287
2665000 -0.458560490926245
2666000 -0.595241073809096
2667000 -0.527316077605204
2668000 -0.574255673032987
2669000 -0.530738525400881
2670000 -0.545906373725179
2671000 -0.576697012548764
2672000 -0.552308532037285
2673000 -0.598304425940637
2674000 -0.575472688299965
2675000 -0.583538888884781
2676000 -0.552703215319394
2677000 -0.575650766735962
2678000 -0.574353276847366
2679000 -0.571136042380436
2680000 -0.510921630667549
2681000 -0.55790313171748
2682000 -0.611254961881209
2683000 -0.546833059131627
2684000 -0.566207394637416
2685000 -0.569413715034853
2686000 -0.541375450131991
2687000 -0.561137470342242
2688000 -0.587685492134601
2689000 -0.557698350517943
2690000 -0.578225627771968
2691000 -0.539018013967079
2692000 -0.572374277361244
2693000 -0.564552757301016
2694000 -0.618397948220966
2695000 -0.537404435775109
2696000 -0.537550146815877
2697000 -0.613938626505394
2698000 -0.563693058613627
2699000 -0.600299013085535
2700000 -0.517096175532375
2701000 -0.62584877974632
2702000 -0.54609911680208
2703000 -0.601264522649596
2704000 -0.588581904134227
2705000 -0.617407293217362
2706000 -0.564441742078945
2707000 -0.617293290794895
2708000 -0.557194944028048
2709000 -0.5977076659895
2710000 -0.557256678220397
2711000 -0.565191631342115
2712000 -0.591920357157259
2713000 -0.628948222596338
2714000 -0.501465214098116
2715000 -0.601953180341735
2716000 -0.554461179848015
2717000 -0.612365664663046
2718000 -0.54707749407183
2719000 -0.597399490440056
2720000 -0.638794732564515
2721000 -0.616498316771185
2722000 -0.591369120196747
2723000 -0.59478681437485
2724000 -0.59567828260361
2725000 -0.603219281875685
2726000 -0.614102498277851
2727000 -0.612714906294598
2728000 -0.588002459997405
2729000 -0.659958391346618
2730000 -0.558086147116759
2731000 -0.664831178344418
2732000 -0.600430670050944
2733000 -0.616789361873797
2734000 -0.625579223351841
2735000 -0.607339391780583
2736000 -0.611350169308794
2737000 -0.603913865282136
2738000 -0.594404030245891
2739000 -0.631144770944918
2740000 -0.598862957194779
2741000 -0.58985856016126
2742000 -0.592325850494902
2743000 -0.642932343401417
2744000 -0.569781576000936
2745000 -0.666220442564177
2746000 -0.577908669729367
2747000 -0.67821353827965
2748000 -0.634141849728506
2749000 -0.615309105446854
2750000 -0.628126493747647
2751000 -0.61095828065166
2752000 -0.614028795149105
2753000 -0.578961037719562
2754000 -0.599164169820933
2755000 -0.605600156218339
2756000 -0.659129787282499
2757000 -0.623389544219838
2758000 -0.588433484995727
2759000 -0.625559707629758
2760000 -0.654327255366029
2761000 -0.627175694604923
2762000 -0.611529213094622
2763000 -0.642842593166285
2764000 -0.651726896702073
2765000 -0.586366702209927
2766000 -0.64568483205126
2767000 -0.67501757809933
2768000 -0.622392684980912
2769000 -0.638077116269205
2770000 -0.606297581161173
2771000 -0.630009891916906
2772000 -0.701186999262986
2773000 -0.583359872740121
2774000 -0.570325855286658
2775000 -0.686590884913974
2776000 -0.654157048581614
2777000 -0.709374467391563
2778000 -0.687381857551381
2779000 -0.635462977792739
2780000 -0.563530629133598
2781000 -0.700711337164132
2782000 -0.613125429034228
2783000 -0.744822424876386
2784000 -0.589265257688172
2785000 -0.660030818588521
2786000 -0.596032031153733
2787000 -0.725221781910107
2788000 -0.574782579908221
2789000 -0.636060497783832
2790000 -0.691158682898904
2791000 -0.630665277528573
2792000 -0.638605061908817
2793000 -0.609691199010354
2794000 -0.759406144961042
2795000 -0.61967248379137
2796000 -0.71172670220507
2797000 -0.671037055757063
2798000 -0.653845490356788
2799000 -0.642915726219722
2800000 -0.677211998464112
2801000 -0.616752460703909
2802000 -0.711953593611213
2803000 -0.685848465534351
2804000 -0.651611803651292
2805000 -0.672903677466296
2806000 -0.67347984340746
2807000 -0.70347439525228
2808000 -0.618867223707175
2809000 -0.679679102716721
2810000 -0.677109731092143
2811000 -0.684622591258895
2812000 -0.583344894999944
2813000 -0.604553024448798
2814000 -0.640803604887483
2815000 -0.658286269626852
2816000 -0.582346427252874
2817000 -0.685818657989726
2818000 -0.582399674630076
2819000 -0.663352039219642
2820000 -0.605630409851377
2821000 -0.674969836581705
2822000 -0.609107081948794
2823000 -0.659938587648586
2824000 -0.686632943527471
2825000 -0.617437101816334
2826000 -0.642581440621871
2827000 -0.639399824001494
2828000 -0.67952892987703
2829000 -0.668356348137981
2830000 -0.548347835323312
2831000 -0.703652002227142
2832000 -0.610498127742077
2833000 -0.657139521880377
2834000 -0.655004763316146
2835000 -0.603065315576
2836000 -0.695587082514388
2837000 -0.629285302520461
2838000 -0.619526214355019
2839000 -0.660391111294248
2840000 -0.773419041956057
2841000 -0.639856567070911
2842000 -0.624414885524076
2843000 -0.647958988413936
2844000 -0.634902932370873
2845000 -0.74339073929613
2846000 -0.618965330624808
2847000 -0.638372067289812
2848000 -0.65562327870692
2849000 -0.704791871904812
2850000 -0.615707947869413
2851000 -0.660465373904247
2852000 -0.655919855964798
2853000 -0.663433686233346
2854000 -0.588168542507174
2855000 -0.667251906325632
2856000 -0.700396550749738
2857000 -0.630082267346046
2858000 -0.70633079460141
2859000 -0.634495336002692
2860000 -0.680912864746634
2861000 -0.671394057797054
2862000 -0.720745207155655
2863000 -0.685213560021996
2864000 -0.640731697618809
2865000 -0.725020153021943
2866000 -0.692581001950487
2867000 -0.719611149574897
2868000 -0.656354213195408
2869000 -0.719948674162706
2870000 -0.714333471267396
2871000 -0.702669911622396
2872000 -0.655837093291201
2873000 -0.682463391457363
2874000 -0.693413933999555
2875000 -0.712424306882945
2876000 -0.68997879717018
2877000 -0.722984203743908
2878000 -0.702452255340972
2879000 -0.691258711767079
2880000 -0.68895463859892
2881000 -0.69374441307061
2882000 -0.69867736052262
2883000 -0.661499359946759
2884000 -0.716611835779601
2885000 -0.77910859487452
2886000 -0.709416260765752
2887000 -0.741736494844142
2888000 -0.631967034391636
2889000 -0.745065603545989
2890000 -0.667325378274139
2891000 -0.698317319974237
2892000 -0.695145856006228
2893000 -0.66261121374736
2894000 -0.766544758615531
2895000 -0.70898734752624
2896000 -0.655840254685994
2897000 -0.716740695216243
2898000 -0.770491258314084
2899000 -0.727003458884858
2900000 -0.704724274737567
2901000 -0.730538283716453
2902000 -0.787976241410476
2903000 -0.712678216427244
2904000 -0.690314043599106
2905000 -0.690090121942193
2906000 -0.724631563471902
2907000 -0.717530450182341
2908000 -0.735104262280422
2909000 -0.740684979931891
2910000 -0.758183922880868
2911000 -0.702860484992517
2912000 -0.732768881608367
2913000 -0.704177861310382
2914000 -0.763371418584702
2915000 -0.731738574917072
2916000 -0.721298067829227
2917000 -0.683401025117971
2918000 -0.749103492563232
2919000 -0.700373737324187
2920000 -0.749692877656712
2921000 -0.761149235676811
2922000 -0.686254117067454
2923000 -0.710720956126289
2924000 -0.780941923697182
2925000 -0.724185936040661
2926000 -0.737790148662858
2927000 -0.725733662059605
2928000 -0.751441744557824
2929000 -0.745767948606664
2930000 -0.737018268310381
2931000 -0.732617745467436
2932000 -0.73194993176103
2933000 -0.786992800203662
2934000 -0.811184697119401
2935000 -0.698570609343965
2936000 -0.809743045716589
2937000 -0.705217256759581
2938000 -0.744367588013947
2939000 -0.774023622167747
2940000 -0.706413515970918
2941000 -0.728254364061615
2942000 -0.706984302122064
2943000 -0.763329943558104
2944000 -0.733322275910322
2945000 -0.598113855019698
2946000 -0.770395574427251
2947000 -0.713099447319584
2948000 -0.728352897187285
2949000 -0.662774878936929
2950000 -0.818467642947737
2951000 -0.634907051955383
2952000 -0.716310199174697
2953000 -0.614596278654547
2954000 -0.568748320740445
2955000 -0.557283991473686
2956000 -0.455471019271476
2957000 -0.535455366555392
2958000 -0.451596266783743
2959000 -0.469849374799266
2960000 -0.527578635044949
2961000 -0.37408571404139
2962000 -0.458382599759511
2963000 -0.385001465079371
2964000 -0.541296367268751
2965000 -0.452497899843386
2966000 -0.648015888883017
2967000 -0.707631258020483
2968000 -0.572692475329507
2969000 -0.603289277223366
2970000 -0.621298192662354
2971000 -0.557724170150885
2972000 -0.530880600101748
2973000 -0.534590047420929
2974000 -0.583378667831603
2975000 -0.602052279731905
2976000 -0.621933547790953
2977000 -0.672101791450073
2978000 -0.588941671923266
2979000 -0.622993751444913
2980000 -0.527926993607534
2981000 -0.61949176342765
2982000 -0.575570884043016
2983000 -0.614183890848815
2984000 -0.595279292108201
2985000 -0.656974615906846
2986000 -0.588650686585639
2987000 -0.55303828982896
2988000 -0.614951855424068
2989000 -0.630386294255253
2990000 -0.685348892142043
2991000 -0.564258549547385
2992000 -0.704023145784905
2993000 -0.685854613219702
2994000 -0.673210500368748
2995000 -0.72447931146541
2996000 -0.749811148093109
2997000 -0.721199972647582
2998000 -0.669503560902593
2999000 -0.684805823938709
3000000 -0.705075780328837
3001000 -0.714242340331543
3002000 -0.761292013435387
3003000 -0.732103652144481
3004000 -0.696075545477972
3005000 -0.68149527372796
3006000 -0.677069151544942
3007000 -0.761574495057475
3008000 -0.771678087907027
3009000 -0.709079938116219
3010000 -0.755885123407316
3011000 -0.761824301008716
3012000 -0.720796805150664
3013000 -0.710240772752671
3014000 -0.722314389897216
3015000 -0.693031359240862
3016000 -0.759497874247274
3017000 -0.73966091956646
3018000 -0.737732048675763
3019000 -0.737037610380623
3020000 -0.725687246082061
3021000 -0.735666572141869
3022000 -0.715421894910773
3023000 -0.740578179693112
3024000 -0.789250609771329
3025000 -0.733037646358428
3026000 -0.730917005402195
3027000 -0.739140236955468
3028000 -0.781389121511765
3029000 -0.756820168767898
3030000 -0.763832688474084
3031000 -0.748531505919578
3032000 -0.76989687006647
3033000 -0.804601579068032
3034000 -0.803016547368629
3035000 -0.793479868680145
3036000 -0.715605219070672
3037000 -0.84297096930788
3038000 -0.816740203825085
3039000 -0.751683130057559
3040000 -0.796832469924644
3041000 -0.778109691267504
3042000 -0.709877024630116
3043000 -0.759859570836527
3044000 -0.838882928749544
3045000 -0.789232153358028
3046000 -0.800825034771201
3047000 -0.814404322200668
3048000 -0.773921112433306
3049000 -0.788221907275149
3050000 -0.796030195358779
3051000 -0.836357397521446
3052000 -0.792904488316984
3053000 -0.814798777794879
3054000 -0.737042061208831
3055000 -0.712461483291098
3056000 -0.825474301139767
3057000 -0.786452946232905
3058000 -0.778671900434239
3059000 -0.805899147588266
3060000 -0.82802556189817
3061000 -0.769864487374572
3062000 -0.77775808577694
3063000 -0.809042071529231
3064000 -0.832566341928979
3065000 -0.784813243608487
3066000 -0.80206149923261
3067000 -0.824745236425828
3068000 -0.746860518530732
3069000 -0.774803807912746
3070000 -0.858424086117093
3071000 -0.81139845973398
3072000 -0.704081497664381
3073000 -0.770457025777568
3074000 -0.761587401816195
3075000 -0.77051350329969
3076000 -0.77568604976901
3077000 -0.796838015352694
3078000 -0.74074430530067
3079000 -0.720737528712816
3080000 -0.710625937523393
3081000 -0.750831620954434
3082000 -0.791130461827957
3083000 -0.817295823761479
3084000 -0.723273887606529
3085000 -0.73372530229152
3086000 -0.790500917010382
3087000 -0.751114734756714
3088000 -0.757671823089705
3089000 -0.780299225433169
3090000 -0.77760915688347
3091000 -0.753288094201973
3092000 -0.672315545134776
3093000 -0.746767245695424
3094000 -0.80177785977559
3095000 -0.740010917349267
3096000 -0.77935359147869
3097000 -0.741498254744693
3098000 -0.740268997672393
3099000 -0.804790791808072
3100000 -0.69179659758048
3101000 -0.815061848075408
3102000 -0.806906570986726
3103000 -0.751235151201367
3104000 -0.756740777513489
3105000 -0.818328497379377
3106000 -0.748735766586012
3107000 -0.769917045687914
3108000 -0.786969038329021
3109000 -0.85083378076649
3110000 -0.77634312478948
3111000 -0.762368349693194
3112000 -0.815874610374018
3113000 -0.780200916393857
3114000 -0.762774737400464
3115000 -0.728901431661269
3116000 -0.794679196979678
3117000 -0.726872724414262
3118000 -0.676806223868968
3119000 -0.480472692024677
3120000 -0.548653712946929
3121000 -0.557294226862918
3122000 -0.514991139393442
3123000 -0.503972616950159
3124000 -0.646163150086951
3125000 -0.563100179367111
3126000 -0.670432511052717
3127000 -0.510283784342012
3128000 -0.548579289651707
3129000 -0.531028161237236
3130000 -0.599065589157531
3131000 -0.495499847537695
3132000 -0.571904179915038
3133000 -0.481660330308759
3134000 -0.546845882200785
3135000 -0.602331487877587
3136000 -0.523484465754306
3137000 -0.548182410543247
3138000 -0.567904737710529
3139000 -0.653580556316551
3140000 -0.539819733455275
3141000 -0.651345670044436
3142000 -0.588102812272699
3143000 -0.612738798689554
3144000 -0.584961722389392
3145000 -0.583178270615934
3146000 -0.6252245713121
3147000 -0.575069799747347
3148000 -0.583185376038072
3149000 -0.616046756668179
3150000 -0.489913937481699
3151000 -0.576910266498244
3152000 -0.576842596865127
3153000 -0.597164108404761
3154000 -0.649416360540134
3155000 -0.586001304914848
3156000 -0.595359836015158
3157000 -0.583933531586199
3158000 -0.600900826593313
3159000 -0.619115646865308
3160000 -0.626094814589295
3161000 -0.619329922160995
3162000 -0.690069909909709
3163000 -0.583080914651012
3164000 -0.59627826912151
3165000 -0.673586292264482
3166000 -0.705484443588069
3167000 -0.618167180713129
3168000 -0.607762602831036
3169000 -0.623269711124233
3170000 -0.541186734796386
3171000 -0.0953349803841214
3172000 -0.0760094489783965
3173000 -0.106806979858382
3174000 -0.0606622056273944
3175000 0.0122547135817195
3176000 -0.0345471374625957
3177000 -0.0028348340148143
3178000 0.0194396006965253
3179000 0.00741671549193303
3180000 -0.0286271381517658
3181000 -0.0640369699660601
3182000 0.011594697653662
3183000 -0.0612988882703489
3184000 -0.075537348759646
3185000 -0.140122839382465
3186000 0.0229087660371749
3187000 -0.0562121537179835
3188000 -0.131312041469878
3189000 -0.191823647600572
3190000 -0.127081714110157
3191000 -0.0628323864576869
3192000 -0.083948695571535
3193000 -0.113819314233356
3194000 -0.0846846601397075
3195000 0.0150311063786811
3196000 -0.0587303598291424
3197000 -0.0535740624166745
3198000 -0.0201626693038874
3199000 -0.0455810018598773
3200000 -0.0875161342912528
3201000 -0.0825367651752515
3202000 -0.0582240191272489
3203000 -0.00713965028631538
3204000 -0.125557091983396
3205000 -0.0793429127306536
3206000 -0.118241219558685
3207000 -0.0424593344729498
3208000 -0.0667503356134928
3209000 -0.0719976340234785
3210000 -0.156526659259813
3211000 -0.0420648612453518
3212000 -0.0907449256006163
3213000 -0.142239613940418
3214000 -0.104953488309384
3215000 0.0144196240618288
3216000 -0.0535805953460024
3217000 0.00479282379722102
3218000 -0.0590542559168668
3219000 0.0475003204664855
3220000 -0.0614076976149443
3221000 -0.10830903249463
3222000 -0.0593944910064693
3223000 0.0386517171105453
3224000 -0.105191096693162
3225000 -0.0982741390814841
3226000 -0.0337683494454859
3227000 -0.0681271149658401
3228000 -0.0921644370988272
3229000 -0.0394420173193449
3230000 -0.157171121727183
3231000 -0.110916694957998
3232000 -0.13863042206229
3233000 -0.0284217611589845
3234000 -0.0400875053224546
3235000 -0.0801720833187678
3236000 -0.1208389734484
3237000 -0.0509065321768888
3238000 -0.0568775419728814
3239000 -0.072803792713518
3240000 0.0162589986246371
3241000 -0.0784421951606769
3242000 -0.0582483076868932
3243000 -0.0813167204686034
3244000 -0.0143266222603689
3245000 -0.0145561089173326
3246000 -0.0796772122252048
3247000 -0.0982112791395048
3248000 -0.0783722811947672
3249000 -0.119722633054318
3250000 -0.0792766080210775
3251000 -0.101201579563896
3252000 -0.149413125918756
3253000 -0.100979905850491
3254000 -0.075778075608832
3255000 -0.0911447987819043
3256000 -0.121296011516484
3257000 -0.0973830725958652
3258000 -0.074827742454628
3259000 -0.0467947123189045
3260000 -0.12479766710564
3261000 -0.0246167928299747
3262000 -0.0441056332985399
3263000 -0.0671783977334965
3264000 -0.0740792732224765
3265000 -0.103641672413301
3266000 -0.0560547576768411
3267000 -0.0860416859191797
3268000 -0.0794828613130207
3269000 -0.124140051860286
3270000 -0.0854276774065269
3271000 -0.159063807698054
3272000 -0.146378076772927
3273000 -0.083252486542733
3274000 -0.0312609381487806
3275000 -0.121464062437883
3276000 -0.110160225678192
3277000 -0.0412631938962595
3278000 -0.0622050020200154
3279000 -0.0517807259305921
3280000 -0.132472949870169
3281000 -0.120189138398197
3282000 -0.155286589380179
3283000 -0.105644417640453
3284000 -0.0445752714836167
3285000 -0.137163889951436
3286000 -0.077118297925931
3287000 -0.100776606471329
3288000 -0.128751603704393
3289000 -0.0699508824351172
3290000 -0.0760957625915867
3291000 -0.132893118733413
3292000 -0.0921222107106994
3293000 -0.0917952111464629
3294000 -0.110322359409828
3295000 -0.108729936902497
3296000 -0.114163519526268
3297000 -0.0445492019048163
3298000 -0.130102178690256
3299000 -0.15651554494882
3300000 -0.151531567680077
3301000 -0.0302596117121306
3302000 -0.0200526672107263
3303000 -0.0764702958457644
3304000 -0.0926132731369616
3305000 -0.000866644469473948
3306000 -0.138873586578273
3307000 -0.1260898267783
3308000 -0.0987573607462364
3309000 -0.0668625885912562
3310000 -0.0358908344577565
3311000 -0.14596011520795
3312000 -0.166504582176404
3313000 -0.128907371987006
3314000 -0.138467548918084
3315000 -0.0639287257863128
3316000 -0.102554220999617
3317000 -0.13071058900693
3318000 -0.107832261043118
3319000 -0.063016670741004
3320000 -0.0854802943375231
3321000 -0.119409364059305
3322000 -0.158875545608567
3323000 -0.118927594873668
3324000 -0.0141998475631973
3325000 -0.123883917153292
3326000 -0.136168136054782
3327000 -0.130237861378707
3328000 -0.084972273267158
3329000 -0.117344524348132
3330000 -0.0297082834784833
3331000 -0.0723901714051439
3332000 -0.260588735717818
3333000 -0.160352257616874
3334000 -0.0844078134323985
3335000 -0.112309815368108
3336000 -0.182274191120136
3337000 -0.113463576365792
3338000 -0.119410023348036
3339000 -0.101866990823354
3340000 -0.150333308981427
3341000 -0.0703740521793888
3342000 -0.0352917985528551
3343000 -0.14950835292131
3344000 -0.146371806827376
3345000 -0.105421042934359
3346000 -0.145453598984265
3347000 -0.0796379535709892
3348000 -0.0926735059075315
3349000 -0.13727529293333
3350000 -0.12605863322644
3351000 -0.11865990507527
3352000 -0.0841319029516393
3353000 -0.148372071056369
3354000 -0.108598593460592
3355000 -0.178009102467575
3356000 -0.0668377063654162
3357000 -0.0555184293264216
3358000 -0.0342623614124075
3359000 -0.097218827521535
3360000 -0.188239511428286
3361000 -0.0530884780279654
3362000 -0.148623235288554
3363000 -0.115076249751689
3364000 -0.0607418828109832
3365000 -0.134543079703033
3366000 -0.115577131435153
3367000 -0.114132783514477
3368000 -0.0758440913311488
3369000 -0.191389565935615
3370000 -0.146525550113462
3371000 -0.13534966426921
3372000 -0.0448509849946524
3373000 -0.101167805276901
3374000 -0.143786798894722
3375000 -0.095004119897761
3376000 -0.0565253927439779
3377000 -0.100500931275159
3378000 -0.094123937114737
3379000 -0.0854543916079554
3380000 -0.0902693842295784
3381000 -0.130056850531519
3382000 -0.0644807504671024
3383000 -0.0718178629881732
3384000 -0.145590630138714
3385000 -0.142002151562607
3386000 -0.0539222162520393
3387000 -0.0803165717161704
3388000 -0.164448390684495
3389000 -0.159968848009194
3390000 -0.0921453052895257
3391000 -0.112282552057038
3392000 -0.104788746447129
3393000 -0.119540037016419
3394000 -0.0642811363917072
3395000 -0.0824920823701231
3396000 -0.110646931943121
3397000 -0.212142430326548
3398000 -0.105913375726937
3399000 -0.0817505100994658
3400000 -0.129785101907762
3401000 -0.0925927939933395
3402000 -0.115691739664848
3403000 -0.181370006074563
3404000 -0.151810517269075
3405000 -0.128572984823556
3406000 -0.0710199093991837
3407000 -0.0342424439308271
3408000 -0.177526124793607
3409000 -0.177316277869003
3410000 -0.115884159027878
3411000 -0.0534035008154421
3412000 -0.0794563930088849
3413000 -0.124344227414364
3414000 -0.0371173866875839
3415000 -0.0705281388870719
3416000 -0.135774583333148
3417000 -0.0727488783632183
3418000 -0.157080135465594
3419000 -0.0777869254558887
3420000 -0.166313319839929
3421000 -0.127703338609066
3422000 -0.0853161771708379
3423000 -0.143814237334299
3424000 -0.0600010683381249
3425000 -0.103525552133625
3426000 -0.116848613157159
3427000 -0.1052873128533
3428000 -0.120177543062809
3429000 -0.101864247333329
3430000 -0.139927130647493
3431000 -0.0638606839869686
3432000 -0.207247988516768
3433000 -0.147223465027112
3434000 -0.0769673192619941
3435000 -0.0611253637646096
3436000 -0.0767324534825345
3437000 -0.0880726175659589
3438000 -0.0847840366529719
3439000 -0.0376211514900829
3440000 -0.11377182665955
3441000 -0.151009513705262
3442000 -0.11354883630663
3443000 -0.13451757846272
3444000 -0.0912525354994229
3445000 -0.101753934041467
3446000 -0.100215377899426
3447000 -0.0891654150946879
3448000 -0.0555987223157389
3449000 -0.136391998849891
3450000 -0.0969780106831371
3451000 -0.0918659945604671
3452000 -0.088191825917987
3453000 -0.12523823212618
3454000 -0.113907567289297
3455000 -0.122126164350076
3456000 -0.0596284534585682
3457000 -0.120705997422685
3458000 -0.146050757901769
3459000 -0.10831561587617
3460000 -0.141909313853519
3461000 -0.163095336559052
3462000 -0.217457849941832
3463000 -0.0882354633895
3464000 -0.131298366937854
3465000 -0.197732496159178
3466000 -0.06826315695556
3467000 -0.141606346732981
3468000 -0.120419654302453
3469000 -0.0617545738223827
3470000 -0.181931875239571
3471000 -0.12494720983825
3472000 -0.0758816508731761
3473000 -0.0800456868344925
3474000 -0.179971929645046
3475000 -0.0787507330583607
3476000 -0.0703725474579848
3477000 -0.143359333671874
3478000 -0.159297014560526
3479000 -0.109884023282139
3480000 -0.189354670485341
3481000 -0.100172796329589
3482000 -0.095880153974078
3483000 -0.0950566742648008
3484000 -0.133802811601152
3485000 -0.107794502169483
3486000 -0.142727335572908
3487000 -0.126120791287612
3488000 -0.137807356782124
3489000 -0.0827222424161639
3490000 -0.172260762348841
3491000 -0.149698106143768
3492000 -0.127198628888866
3493000 -0.0925696843295461
3494000 -0.0652178253991559
3495000 -0.105647081379985
3496000 -0.140978834055266
3497000 -0.0769923391199197
3498000 -0.188456736859484
3499000 -0.0864506543017665
3500000 -0.081540619627509
3501000 -0.111908323431961
3502000 -0.143154375664629
3503000 -0.0945414778102955
3504000 -0.102382948324517
3505000 -0.238399928874883
3506000 -0.113743508078848
3507000 -0.152931054999211
3508000 -0.0788152383383254
3509000 -0.0794532201341165
3510000 -0.102740725692525
3511000 -0.08842366573442
3512000 -0.106711079608565
3513000 -0.166651368350806
3514000 -0.0886962593107486
3515000 -0.11436025789323
3516000 -0.131228666234869
3517000 -0.168035362097853
3518000 -0.171064041843861
3519000 -0.156465474220574
3520000 -0.103691322673682
3521000 -0.0903918708892145
3522000 -0.117021057441491
3523000 -0.105877335830733
3524000 -0.12960778652081
3525000 -0.0188448245378714
3526000 -0.106730245051052
3527000 -0.148193554394165
3528000 -0.117743793044788
3529000 -0.112492355125424
3530000 -0.0803766779406814
3531000 -0.168524591280805
3532000 -0.0750314187730944
3533000 -0.131690954720635
3534000 -0.0767248567460992
3535000 -0.0617754379388463
3536000 -0.090723570732609
3537000 -0.10449652618352
3538000 -0.0860674959090667
3539000 -0.100562146842461
3540000 -0.0595479324301943
3541000 -0.208568749307184
3542000 -0.121941439028712
3543000 -0.117353709645963
3544000 -0.0997281746085149
3545000 -0.109755907902642
3546000 -0.134323452885794
3547000 -0.0657129138495782
3548000 -0.0961094582188309
3549000 -0.109226123335186
3550000 -0.165071341119208
3551000 -0.115838240707324
3552000 -0.189251369942156
3553000 -0.220799109925821
3554000 -0.106324723303393
3555000 -0.131744630612748
3556000 -0.0703216894150136
3557000 -0.126974245234533
3558000 -0.132895123162405
3559000 -0.110756794263971
3560000 -0.0688057419410378
3561000 -0.0805394648257012
3562000 -0.134128121156544
3563000 -0.11819896125193
3564000 -0.0999653977900272
3565000 -0.138210816270836
3566000 -0.131549852594767
3567000 -0.0754618667263284
3568000 -0.116914523597122
3569000 -0.132723345668971
3570000 -0.12456771682754
3571000 -0.0635328055880747
3572000 -0.078513118507805
3573000 -0.0925615250401839
3574000 -0.0938829868974336
3575000 -0.0741411920377038
3576000 -0.0774047351679199
3577000 -0.120379359437412
3578000 -0.125097208696022
3579000 -0.165930531253061
3580000 -0.136300940376118
3581000 -0.0971685840850353
3582000 -0.126959884228925
3583000 -0.105790449761646
3584000 -0.0784313373164813
3585000 -0.0861076104067238
3586000 -0.119694696294165
3587000 -0.101419115455543
3588000 -0.0686587386161838
3589000 -0.125814934467141
3590000 -0.123306306335908
3591000 -0.147134469113287
3592000 -0.098629127822325
3593000 -0.0911548618522645
3594000 -0.110116610452274
3595000 -0.126256310971317
3596000 -0.11969714988893
3597000 -0.104423994208218
3598000 -0.0203552852349075
3599000 -0.0937147418802124
3600000 -0.158114754353903
3601000 -0.0286298845899277
3602000 -0.003694499832072
3603000 -0.162766847425308
3604000 -0.150656649324335
3605000 -0.0586218023803064
3606000 -0.098281361640535
3607000 -0.0996464370731127
3608000 -0.0749640620864115
3609000 -0.130761534463927
3610000 -0.163937795359596
3611000 -0.0271325642406776
3612000 -0.0975706945906497
3613000 -0.185148968884014
3614000 -0.164882436959642
3615000 -0.124397475946403
3616000 -0.18112383278805
3617000 -0.079387587890384
3618000 -0.0374649099068611
3619000 -0.0613490274650506
3620000 -0.128033009449728
3621000 -0.118049258981306
3622000 -0.144506700299069
3623000 -0.109184628441775
3624000 -0.100890519275901
3625000 -0.0817513377586887
3626000 -0.132562387533466
3627000 -0.157106731860685
3628000 -0.0664063933709597
3629000 -0.117775524144064
3630000 -0.111015555994133
3631000 -0.117580670485552
3632000 -0.150000389411111
3633000 -0.0500653577340579
3634000 -0.168876367071634
3635000 -0.0762996453908616
3636000 -0.0955874887831194
3637000 -0.0611988955070625
3638000 -0.0857062089893953
3639000 -0.106311993680788
3640000 -0.13113373601864
3641000 -0.119528196790134
3642000 -0.0674681468786648
3643000 -0.185705319264403
3644000 -0.180027297802496
3645000 -0.149139426843899
3646000 -0.109235609763132
3647000 -0.153024995785447
3648000 -0.0789692290931021
3649000 -0.108409600312643
3650000 -0.121332687425741
3651000 -0.0982933765685547
3652000 -0.101735306844169
3653000 -0.106318359249663
3654000 -0.113269963302141
3655000 -0.185298346446002
3656000 -0.130345952363487
3657000 -0.072690197937876
3658000 -0.159001349332619
3659000 -0.188010901893499
3660000 -0.115746981408646
3661000 -0.0806034588061888
3662000 -0.137427264249904
3663000 -0.0553440070341116
3664000 -0.13286945345888
3665000 -0.12410069418063
3666000 -0.0867528766970347
3667000 -0.0323353352500159
3668000 -0.0992971082180032
3669000 -0.0818793806675155
3670000 -0.117658819655059
3671000 -0.129240102661813
3672000 -0.0865980508815044
3673000 -0.123162558731135
3674000 -0.0887026792943243
3675000 -0.0752649533762783
3676000 -0.10040086697866
3677000 -0.192027558994337
3678000 -0.175179076247097
3679000 -0.0294761131851294
3680000 -0.116059893535684
3681000 -0.140310457466636
3682000 -0.130197916716167
3683000 -0.0344396003799274
3684000 -0.0950108020145887
3685000 -0.142026710383449
3686000 -0.0622689541049198
3687000 -0.128251122670248
3688000 -0.104346886996812
3689000 -0.0765659576869346
3690000 -0.12324400129159
3691000 -0.0884664276525551
3692000 -0.0808026921930704
3693000 -0.0512953976261491
3694000 -0.129126437036481
3695000 -0.222119727649423
3696000 -0.0932310008603871
3697000 -0.168462081435261
3698000 -0.168884899249728
3699000 -0.0643363002195261
3700000 -0.0715102008195176
3701000 -0.00290717786052329
3702000 -0.125510620959996
3703000 -0.103799739221478
3704000 -0.12743761999254
3705000 -0.0922056561142257
3706000 -0.0897036270489685
3707000 -0.127647673840727
3708000 -0.0730993707563923
3709000 -0.0275215305133824
3710000 -0.0822420075058289
3711000 -0.124563533765962
3712000 -0.0322173965804553
3713000 -0.143455936581678
3714000 -0.126791119783471
3715000 -0.16760034014015
3716000 -0.128927317529225
3717000 -0.170461907142264
3718000 -0.0669088743012883
3719000 -0.138523694392947
3720000 -0.0698536832167456
3721000 -0.0375126195764191
3722000 -0.128653037106458
3723000 -0.107127435237166
3724000 -0.23266767044445
3725000 -0.101482196789923
3726000 -0.0589735422090673
3727000 -0.0844706976524884
3728000 -0.15359953843671
3729000 -0.119183133080048
3730000 -0.0798124788876449
3731000 -0.107217184547108
3732000 -0.176448731006681
3733000 -0.110047634706149
3734000 -0.0861872342841031
3735000 -0.159998603169728
3736000 -0.122763982690874
3737000 -0.105613847931251
3738000 -0.0988216087389989
3739000 -0.146543015182315
3740000 -0.0973807713018347
3741000 -0.109685420433321
3742000 -0.155995375105716
3743000 -0.154115171796864
3744000 -0.0516726225528306
3745000 -0.11575804935607
3746000 -0.211600768423414
3747000 -0.0960073705020225
3748000 -0.10948915825513
3749000 -0.134740939807813
3750000 -0.122554778169533
3751000 -0.0185325553182622
3752000 -0.157492333346654
3753000 -0.0950401669214529
3754000 -0.0915118283057942
3755000 -0.141113767326089
3756000 -0.129489494845913
3757000 -0.105988912976939
3758000 -0.0732438876201819
3759000 -0.17943618344741
3760000 -0.0631485268848564
3761000 -0.099566394719239
3762000 -0.094615186533546
3763000 -0.109654555376858
3764000 -0.0827065984831266
3765000 -0.134036610791279
3766000 -0.137904892650363
3767000 -0.164458372181341
3768000 -0.0396473328268478
3769000 -0.114684614518243
3770000 -0.102225444227521
3771000 -0.11657383664722
3772000 -0.0736692632440965
3773000 -0.0749164661741295
3774000 -0.119749972412675
3775000 -0.0831085843932681
3776000 -0.143751366027416
3777000 -0.0976751041150653
3778000 -0.0912681120751953
3779000 -0.177209356822457
3780000 -0.085548045866587
3781000 -0.115506521107962
3782000 -0.055346223094736
3783000 -0.147076496735737
3784000 -0.0563903403385119
3785000 -0.17405412470291
3786000 -0.178199143935098
3787000 -0.144690442862332
3788000 -0.0425689542201923
3789000 -0.104114632861077
3790000 -0.160972166559529
3791000 -0.0821818094379921
3792000 -0.0753266945699938
3793000 -0.151153069257216
3794000 -0.150208239829845
3795000 -0.11774426777285
3796000 -0.0937536812360008
3797000 -0.10254744956177
3798000 -0.0857803885572072
3799000 -0.0794133343538199
3800000 -0.0920431666259706
3801000 -0.118673273524703
3802000 -0.113621072239457
3803000 -0.0398834449215327
3804000 -0.0420553270430722
3805000 -0.116569812941608
3806000 -0.222803896742758
3807000 -0.110744976850052
3808000 -0.15000981208693
3809000 -0.102135883415264
3810000 -0.104990445790808
3811000 -0.116193562470214
3812000 -0.161512796366484
3813000 -0.167962414041997
3814000 -0.0808333345705548
3815000 -0.105301851208344
3816000 -0.114833424732672
3817000 -0.0805288324080728
3818000 -0.158254435366324
3819000 -0.150546754071549
3820000 -0.0479792960153859
3821000 -0.0997682348132598
3822000 -0.0735918885901966
3823000 -0.0888643896247244
3824000 -0.0518965051333749
3825000 -0.139183319705683
3826000 -0.136484451564124
3827000 -0.0930060712829246
3828000 -0.109695115944005
3829000 -0.128854475960552
3830000 -0.110563502385911
3831000 -0.0829148588329571
3832000 -0.124516597900526
3833000 -0.159446748268212
3834000 -0.0848546014186177
3835000 -0.155523258267905
3836000 -0.0741007995215111
3837000 -0.126432894091549
3838000 -0.0944592095530354
3839000 -0.103408095877293
3840000 -0.125763757154799
3841000 -0.166271896118678
3842000 -0.0752319151436727
3843000 -0.0836954195963933
3844000 -0.170330887542032
3845000 -0.0769015909375324
3846000 -0.0560772863658293
3847000 -0.13586776506472
3848000 -0.177006043242317
3849000 -0.144840582791708
3850000 -0.093870100968163
3851000 -0.138603503447759
3852000 -0.161071395422228
3853000 -0.102578627572837
3854000 -0.0679075767216894
3855000 -0.156776229752576
3856000 -0.0737151694953146
3857000 -0.113549034740526
3858000 -0.139906963326903
3859000 -0.134367946896296
3860000 -0.113861172576915
3861000 -0.102642702546866
3862000 -0.128051410473866
3863000 -0.109442818858221
3864000 -0.126530073087116
3865000 -0.126294041908627
3866000 -0.137023049532537
3867000 -0.12329394621321
3868000 -0.23280096151845
3869000 -0.118079241206233
3870000 -0.0828082520131088
3871000 -0.181429936971838
3872000 -0.149476689582248
3873000 -0.113626417386388
3874000 -0.116511586392218
3875000 -0.0653336928191219
3876000 -0.0860284559703951
3877000 -0.0854013013430961
3878000 -0.126836570982107
3879000 -0.149320930637588
3880000 -0.0786179908381185
3881000 -0.160447354791883
3882000 -0.104149556675657
3883000 -0.115233875946848
3884000 -0.0930858873422905
3885000 -0.0931384046811986
3886000 -0.0915150371660692
3887000 -0.0780011206446839
3888000 -0.135995369927167
3889000 -0.115016222989611
3890000 -0.115723724187967
3891000 -0.0817842740436125
3892000 -0.103227303711559
3893000 -0.115919107586923
3894000 -0.0636070523716365
3895000 -0.130573112262666
3896000 -0.126807639268602
3897000 -0.122667297358759
3898000 -0.140442447182473
3899000 -0.13106899394729
3900000 -0.158613970207919
3901000 -0.043756123551388
3902000 -0.0533566567785443
3903000 -0.120474624682092
3904000 -0.0736047288027924
3905000 -0.0610234261867768
3906000 -0.147613271132447
3907000 -0.106640826016399
3908000 -0.109017376380068
3909000 -0.124328236268896
3910000 -0.108283234020751
3911000 -0.140898648371971
3912000 -0.0865760909649681
3913000 -0.0758226128060659
3914000 -0.0844125622640269
3915000 -0.078436565192848
3916000 -0.228652793992483
3917000 -0.149795214826725
3918000 -0.0746739405687683
3919000 -0.127974026568912
3920000 -0.12245640466048
3921000 -0.171838972893691
3922000 -0.16836815081321
3923000 -0.161221850735504
3924000 -0.109079290118116
3925000 -0.0811630148241721
3926000 -0.176789427482238
3927000 -0.202392212507314
3928000 -0.117885147140535
3929000 -0.164262302846655
3930000 -0.0306682377489088
3931000 -0.130236102732734
3932000 -0.0850679091352252
3933000 -0.108696304596228
3934000 -0.136188887517913
3935000 -0.117495318605932
3936000 -0.048058306141484
3937000 -0.145668856964079
3938000 -0.0959057039747447
3939000 -0.154184091445313
3940000 -0.145752846036785
3941000 -0.126518309473207
3942000 -0.151642685752416
3943000 -0.165271953391167
3944000 -0.0921814366442127
3945000 -0.0226566493516585
3946000 -0.152327225358269
3947000 -0.0708747754830796
3948000 -0.0419694136667601
3949000 -0.163222406604034
3950000 -0.173741781074784
3951000 -0.134823877897392
3952000 -0.147721887136431
3953000 -0.100420754188227
3954000 -0.133028576638406
3955000 -0.134677079734146
3956000 -0.087225100629801
3957000 -0.099825629377133
3958000 -0.0684199252746826
3959000 -0.0607318077874512
3960000 -0.130671981963469
3961000 -0.10703804089224
3962000 -0.0921204733960679
3963000 -0.195125925069528
3964000 -0.113792108042838
3965000 -0.0425145382453205
3966000 -0.082425389436257
3967000 -0.146208418114981
3968000 -0.13028373503467
3969000 -0.11558845747085
3970000 -0.129639848461498
3971000 -0.0419962156178213
3972000 -0.107966689819972
3973000 -0.140497791550659
3974000 -0.0914130664280678
3975000 -0.0586744970733475
3976000 -0.0683426959190449
3977000 -0.0597592659736858
3978000 -0.0722883617900912
3979000 -0.135674125976865
3980000 -0.0835362109207606
3981000 -0.0949564205424056
3982000 -0.143761105582014
3983000 -0.114285083104887
3984000 -0.135600337950749
3985000 -0.0815828346118142
3986000 -0.00480683766174429
3987000 -0.120969110074186
3988000 -0.110951842217273
3989000 -0.102860120090258
3990000 -0.0699483685213479
3991000 -0.0957524342074056
3992000 -0.0726284206604643
3993000 -0.0811658236064505
3994000 -0.169936483133576
3995000 -0.0718296028901585
3996000 -0.106252455880328
3997000 -0.0754095657162476
3998000 -0.0655539399286417
3999000 -0.0726568989718927
4000000 -0.202586396063523
4001000 -0.0787318718590359
4002000 -0.0175213773237935
4003000 -0.124234429619956
4004000 -0.164091092697157
4005000 -0.141294690092873
4006000 -0.1262987842737
4007000 -0.112836874354981
4008000 -0.0775057551811029
4009000 -0.102017522229361
4010000 -0.131880862356909
4011000 -0.0207151055459695
4012000 -0.0791668385006212
4013000 -0.112566635577108
4014000 -0.0627269767473432
4015000 -0.0899133849838866
4016000 -0.0376964651843258
4017000 -0.120662307292444
4018000 -0.145057828982025
4019000 -0.135240945611921
4020000 -0.0368126423953844
4021000 -0.0726959094258779
4022000 -0.0854215896012311
4023000 -0.135666415855927
4024000 -0.102323484104068
4025000 -0.108962671423831
4026000 -0.0740748680464274
4027000 -0.12016976396068
4028000 -0.194206263758386
4029000 -0.122845254947437
4030000 -0.0661209768710331
4031000 -0.115513907448512
4032000 -0.0863119089632304
4033000 -0.0899536405424879
4034000 -0.0395746314881942
4035000 -0.0805525132679827
4036000 -0.0933998885315722
4037000 -0.108666725126935
4038000 -0.11794007259929
4039000 -0.171303499919358
4040000 -0.159127654971265
4041000 -0.0409315023644642
4042000 -0.0582404700038452
4043000 -0.220917436279091
4044000 -0.0586343342304103
4045000 -0.0933757529694919
4046000 -0.161780355671129
4047000 -0.171713033352497
4048000 -0.129376279765053
4049000 -0.0687897308975111
4050000 -0.0887545148423531
4051000 -0.12021483509406
4052000 -0.0780181162294688
4053000 -0.133715937499743
4054000 -0.0910516645342624
4055000 -0.0885356340048197
4056000 -0.136118459303558
4057000 -0.148409173409993
4058000 -0.128013545936002
4059000 -0.0415600761172408
4060000 -0.0413149042012538
4061000 -0.132211887650727
4062000 -0.0808844485275331
4063000 -0.155723679863569
4064000 -0.103545408873625
4065000 -0.11840501087339
4066000 -0.10808705603464
4067000 -0.144645127007734
4068000 -0.0766657807366698
4069000 -0.135039086264375
4070000 -0.162525298523025
4071000 -0.0658967205588515
4072000 -0.128634346845933
4073000 -0.16661279391848
4074000 -0.14020504354897
4075000 -0.165039728095314
4076000 -0.17556908879291
4077000 -0.0870428807211516
4078000 -0.171133713096563
4079000 -0.14213905182694
4080000 -0.114977642562066
4081000 -0.159216885632633
4082000 -0.182090240511814
4083000 -0.111067162421239
4084000 -0.0619203441409027
4085000 -0.112579204690553
4086000 -0.108872603465286
4087000 -0.145237850628914
4088000 -0.0864793665993326
4089000 -0.121952275115538
4090000 -0.123149663831236
4091000 -0.085091457344283
4092000 -0.0946938271589215
4093000 -0.125554992505481
4094000 -0.0781538911263471
4095000 -0.0949122822181704
4096000 -0.0805237031899228
4097000 -0.0954822054722834
4098000 -0.108286920633825
4099000 -0.179155833843186
4100000 -0.142057697449629
4101000 -0.0538559044305923
4102000 -0.152119324965777
4103000 -0.171234894678432
4104000 -0.0939981621543937
4105000 -0.113178376832239
4106000 -0.108533390127025
4107000 -0.131713349402368
4108000 -0.163206246494806
4109000 -0.161927565069957
4110000 -0.0756988070606272
4111000 -0.106914620176839
4112000 -0.083580448772359
4113000 -0.0971819702941147
4114000 -0.159877681096203
4115000 -0.144888556330799
4116000 -0.110137302209265
4117000 -0.103514094578324
4118000 -0.125594059747865
4119000 -0.138497111526197
4120000 -0.131972350866192
4121000 -0.0780362390562791
4122000 -0.0814288617271951
4123000 -0.139610395235095
4124000 -0.142545812676589
4125000 -0.0823152510139075
4126000 -0.064826478200566
4127000 -0.15849931964877
4128000 -0.189135515749381
4129000 -0.114452458193089
4130000 -0.142095771436733
4131000 -0.0767443602506825
4132000 -0.111074280719802
4133000 -0.102881822813582
4134000 -0.0849677071272457
4135000 -0.11915137077973
4136000 -0.160451771097517
4137000 -0.0653234525000821
4138000 -0.141620636102108
4139000 -0.152609854729562
4140000 -0.124674834386134
4141000 -0.144884084864642
4142000 -0.145244982808993
4143000 -0.0923800575964227
4144000 -0.10584663199812
4145000 -0.113367558296544
4146000 -0.17802882931925
4147000 -0.0577682376699217
4148000 -0.0535458103887105
4149000 -0.177179318634661
4150000 -0.120464095149241
4151000 -0.16596909374089
4152000 -0.155719848038759
4153000 -0.118024525316825
4154000 -0.0817830675966114
4155000 -0.150605631287689
4156000 -0.068395403446204
4157000 -0.0775226210055895
4158000 -0.10008573406971
4159000 -0.0959011213853172
4160000 -0.050324230158188
4161000 -0.114187963890164
4162000 -0.107586576416286
4163000 -0.089854681542132
4164000 -0.104501989393129
4165000 -0.119815886658174
4166000 -0.0865046437312871
4167000 -0.122675595719333
4168000 -0.0770454612474395
4169000 -0.0999270224895338
4170000 -0.117167602219939
4171000 -0.146869526783308
4172000 -0.108048168056451
4173000 -0.134164026309188
4174000 -0.087082862863
4175000 -0.0153321948350389
4176000 -0.0986040378485619
4177000 -0.0832855131132906
4178000 -0.148432070717238
4179000 -0.134528505748207
4180000 -0.0681087721859208
4181000 -0.157218503594129
4182000 -0.072394934252809
4183000 -0.113825157618572
4184000 -0.137264263631302
4185000 -0.126083751836387
4186000 -0.0750451550161868
4187000 -0.192026113781038
4188000 -0.1469298873882
4189000 -0.0425525296291158
4190000 -0.0539663584395729
4191000 -0.121267761603475
4192000 -0.152664434322534
4193000 -0.126976137716466
4194000 -0.0972327088151175
4195000 -0.0867307382625033
4196000 -0.0276130155370137
4197000 -0.125172229043574
4198000 -0.124279727924821
4199000 -0.152391368124078
4200000 -0.17130207064882
4201000 -0.0905370573402958
4202000 -0.11953125868153
4203000 -0.119167213410881
4204000 -0.0960490349341764
4205000 -0.137845322190089
4206000 -0.0906184437957946
4207000 -0.118282482399738
4208000 -0.218733654063411
4209000 -0.150240595349898
4210000 -0.0190064286241849
4211000 -0.107346076556918
4212000 -0.0795234205529462
4213000 -0.0857719433348148
4214000 -0.144346803300186
4215000 -0.14443705434342
4216000 -0.0770876935766075
4217000 -0.151738525173936
4218000 -0.122117862733239
4219000 -0.0961440191878041
4220000 -0.0859953688193907
4221000 -0.164938332293698
4222000 -0.121852523612875
4223000 -0.130854094717895
4224000 -0.125317646891444
4225000 -0.0954193821356836
4226000 -0.128213365076762
4227000 -0.121829809646393
4228000 -0.126648905283999
4229000 -0.112366445304174
4230000 -0.141072549905829
4231000 -0.100316456923435
4232000 -0.110101155662552
4233000 -0.115238748602129
4234000 -0.15739121848003
4235000 -0.194823335401668
4236000 -0.12580173074299
4237000 -0.165884837618084
4238000 -0.136951276537394
4239000 -0.153658547919376
4240000 -0.121161311072255
4241000 -0.129996670211171
4242000 -0.125505360388967
4243000 -0.126951087278704
4244000 -0.0736696976915488
4245000 -0.163422647711156
4246000 -0.111259495535787
4247000 -0.0785272597259952
4248000 -0.13696506402363
4249000 -0.149866078819716
4250000 -0.0603247861383729
4251000 -0.0695136182902587
4252000 -0.0827051284737705
4253000 -0.0960559507622869
4254000 -0.163813253107035
4255000 -0.136334483429718
4256000 -0.114649689898618
4257000 -0.0659645044999679
4258000 -0.0962789807045876
4259000 -0.117037760906287
4260000 -0.208786331407059
4261000 -0.160263018194211
4262000 -0.0804466255745338
4263000 -0.164252919680108
4264000 -0.165663225561986
4265000 -0.0259977591231731
4266000 -0.0590218045725876
4267000 -0.110106274701935
4268000 -0.0163938800501877
4269000 -0.0284657736892299
4270000 -0.103659091459352
4271000 -0.0729755534087398
4272000 -0.163136564939386
4273000 -0.121723539259118
4274000 -0.0837770336433784
4275000 -0.0943210939771517
4276000 -0.0841334250522917
4277000 -0.0874466937921662
4278000 -0.144364854035651
4279000 -0.0889972435625625
4280000 -0.090049471370441
4281000 -0.175778261451772
4282000 -0.0876560766943809
4283000 -0.0797220131159331
4284000 -0.153570108202986
4285000 -0.121635851214148
4286000 -0.137167740473489
4287000 -0.143810885628969
4288000 -0.0554387131673122
4289000 -0.124398742894909
4290000 -0.139458857876122
4291000 -0.148484927488942
4292000 -0.0936213812995187
4293000 -0.0662297782929669
4294000 -0.103119315387867
4295000 -0.105169223363755
4296000 -0.0613400245171273
4297000 -0.135643884270366
4298000 -0.0973977383130225
4299000 -0.0773430899936463
4300000 -0.144342829047598
4301000 -0.11893843217156
4302000 -0.115301465089412
4303000 -0.106599250034558
4304000 -0.0970379466745342
4305000 -0.17375383363326
4306000 -0.130421611937352
4307000 -0.0681921020409518
4308000 -0.171395920812046
4309000 -0.122060308193562
4310000 -0.162725147423972
4311000 -0.0846344623826215
4312000 -0.032595368601395
4313000 -0.0331986484775027
4314000 -0.194658751289393
4315000 -0.0906609382566612
4316000 -0.0593560067561638
4317000 -0.0985463565014934
4318000 -0.0916842753459964
4319000 -0.203687767425748
4320000 -0.0920348142576057
4321000 -0.0550095097078586
4322000 -0.0953425432630114
4323000 -0.178172267058847
4324000 -0.0171506040367149
4325000 -0.113497491029876
4326000 -0.100592347751779
4327000 -0.0743007679210048
4328000 -0.168831928133876
4329000 -0.0992635435013871
4330000 -0.021281347070681
4331000 -0.143242249354986
4332000 -0.158687416974694
4333000 -0.078806281988989
4334000 -0.117260036892539
4335000 -0.063153352814872
4336000 -0.0716732135915437
4337000 -0.0983793827379904
4338000 -0.0960802211107204
4339000 -0.115339344312402
4340000 -0.130065233280219
4341000 -0.110834466765546
4342000 -0.136906152357
4343000 -0.0871603444741711
4344000 -0.155198299801741
4345000 -0.113898304073107
4346000 -0.0796963710664133
4347000 -0.0723456772079602
4348000 -0.112150044865346
4349000 -0.141079427120395
4350000 -0.0913178959170734
4351000 -0.068757365329055
4352000 -0.0984238707088989
4353000 -0.0882606668115421
4354000 -0.0534868318907348
4355000 -0.10872824578798
4356000 -0.105772700421291
4357000 -0.112481309239217
4358000 -0.149894774632595
4359000 -0.0981463521088419
4360000 -0.115778945779508
4361000 -0.0982095877875247
4362000 -0.142951388251902
4363000 -0.132816641439157
4364000 -0.141160093388359
4365000 -0.0553774219221687
4366000 -0.166016213494409
4367000 -0.131354193880193
4368000 -0.0725682689354618
4369000 -0.100877229401458
4370000 -0.112182414480675
4371000 -0.124050353067345
4372000 -0.13130601661782
4373000 -0.103611060003041
4374000 -0.150720681400144
4375000 -0.166383869921257
4376000 -0.119812274597437
4377000 -0.119974885794333
4378000 -0.102939666624695
4379000 -0.140011290088193
4380000 -0.159043872762189
4381000 -0.110846285931118
4382000 -0.0782028160955277
4383000 -0.16035649694896
4384000 -0.0887808325376009
4385000 -0.0873785346696668
4386000 -0.184314626901572
4387000 -0.0945799365811055
4388000 -0.0833135014219509
4389000 -0.113220927468163
4390000 -0.172226818847788
4391000 -0.114917002046214
4392000 -0.126802439781977
4393000 -0.159128908578941
4394000 -0.101983428447301
4395000 -0.0869921293840623
4396000 -0.178456858519283
4397000 -0.0861604764712876
4398000 -0.108559203922824
4399000 -0.067659015194348
4400000 -0.0903518904524862
4401000 -0.169219799109515
4402000 -0.127892530651002
4403000 -0.0990312373979732
4404000 -0.0724346517806922
4405000 -0.183722345512452
4406000 -0.054352296982339
4407000 -0.0475134940351149
4408000 -0.117668587706458
4409000 -0.129854246146663
4410000 -0.133451116111332
4411000 -0.0768063570055439
4412000 -0.0584893532744238
4413000 -0.0948826501707382
4414000 -0.0906983772006797
4415000 -0.093112066735663
4416000 -0.0999200334716903
4417000 -0.153151116428198
4418000 -0.0710611751769888
4419000 -0.0665642162094403
4420000 -0.108658521525773
4421000 -0.134525764866913
4422000 -0.0694446826339018
4423000 -0.136113435505978
4424000 -0.152561989102603
4425000 -0.0374074900988137
4426000 -0.0631612012643011
4427000 -0.110269502695801
4428000 -0.113056662973771
4429000 -0.175057392664535
4430000 -0.0980104672678978
4431000 -0.0398867261051566
4432000 -0.119605321093519
4433000 -0.0928078125028749
4434000 -0.119764387770912
4435000 -0.167102588629335
4436000 -0.100021341687441
4437000 -0.141349581285893
4438000 -0.0861494681828325
4439000 -0.131024289726464
4440000 -0.0894638188645706
4441000 -0.134826001114159
4442000 -0.0490033074955858
4443000 -0.11305129998748
4444000 -0.130541319190474
4445000 -0.0159638151431139
4446000 -0.0438559282568072
4447000 -0.185957146264671
4448000 -0.111904462808087
4449000 -0.137194851953033
4450000 -0.0615001870886384
4451000 -0.0793154881751487
4452000 -0.101670502742785
4453000 -0.0667876121584647
4454000 -0.0624265246480928
4455000 -0.09083748255512
4456000 -0.0498847800293852
4457000 -0.091753546581466
4458000 -0.0412734824447058
4459000 -0.0640729246442784
4460000 -0.0574156716087524
4461000 -0.107853770901524
4462000 -0.166461612910171
4463000 -0.101166143401906
4464000 -0.0848795090537133
4465000 -0.094506131244057
4466000 -0.1072183347272
4467000 -0.0784781439594276
4468000 -0.0144342960944855
4469000 -0.0538280950987529
4470000 -0.0247443222346647
4471000 -0.15551972221251
4472000 -0.0219865878239642
4473000 -0.0809710378719539
4474000 -0.109922186424283
4475000 -0.0696956118623675
4476000 -0.0697696071684797
4477000 -0.0605639574539231
4478000 -0.145912126270122
4479000 -0.0979913837121867
4480000 -0.0420598540488039
4481000 -0.0848886947810537
4482000 -0.100771192229103
4483000 -0.0966751476711515
4484000 -0.0651245122422538
4485000 -0.037695099054227
4486000 -0.090794155613103
4487000 -0.103882881278807
4488000 -0.0775913808969899
4489000 -0.147345136600198
4490000 -0.0855607213492777
4491000 -0.0859105422714879
4492000 -0.12156572367953
4493000 -0.140021770105662
4494000 -0.0481475423702884
4495000 -0.136586443116506
4496000 -0.139768038620172
4497000 -0.0780717324886269
4498000 -0.0692626286006639
4499000 -0.109625765772903
4500000 -0.125917684601181
4501000 -0.0870458315975164
4502000 -0.141930844924151
4503000 -0.0612078728979725
4504000 -0.061894628913452
4505000 -0.0545127152845546
4506000 -0.0816603936085855
4507000 -0.0617368148848181
4508000 -0.0400000041659308
4509000 -0.121460367532879
4510000 -0.111364373638076
4511000 -0.140212435550204
4512000 -0.0976125002248591
4513000 -0.114148725950214
4514000 -0.0526422394947311
4515000 -0.106582715069666
4516000 -0.112768184049687
4517000 -0.156697979071489
4518000 -0.0589940544796958
4519000 -0.0531484187083047
4520000 -0.0983421306567686
4521000 -0.0418823724691663
4522000 -0.0696674198322518
4523000 -0.083096930610008
4524000 -0.05517804723334
4525000 -0.083659262375275
4526000 -0.12637451863573
4527000 -0.107070825225669
4528000 -0.0962797006915488
4529000 -0.0865689766376672
4530000 -0.163186674868442
4531000 -0.122714923719063
4532000 0.00370188998634265
4533000 -0.0431813627541543
4534000 -0.0924038187074628
4535000 -0.048218724115624
4536000 -0.0929931632142595
4537000 -0.12472759221751
4538000 -0.0828166677002498
4539000 -0.0620935760045782
4540000 -0.00912359285362662
4541000 -0.0916270687035125
4542000 -0.123385693191723
4543000 -0.0544805549813457
4544000 -0.104438840393568
4545000 -0.18860191833363
4546000 -0.0485955309306353
4547000 -0.131593775509748
4548000 -0.107323026800406
4549000 -0.119877275800124
4550000 -0.020080071000275
4551000 -0.101412374027085
4552000 -0.0796193838502847
4553000 -0.0487517562537011
4554000 -0.0783763902052705
4555000 -0.0410018798140798
4556000 -0.113209914920592
4557000 -0.0854548435454801
4558000 -0.0961115463174787
4559000 -0.083713701890289
4560000 -0.052350474987072
4561000 -0.104304987291384
4562000 -0.103848805653171
4563000 -0.124316953571811
4564000 -0.0614868861510008
4565000 -0.0892894069710621
4566000 -0.0293102285874358
4567000 -0.00219580746486515
4568000 -0.0743520937872948
4569000 -0.0956043929441496
4570000 -0.0194112551736241
4571000 -0.068221929966115
4572000 -0.169762618605977
4573000 -0.0325798293519415
4574000 -0.0656645659208581
4575000 -0.0726172837127134
4576000 -0.0734011272678472
4577000 -0.0926538876029495
4578000 -0.0933127271525246
4579000 -0.0449988614480839
4580000 -0.0641655557821228
4581000 -0.100777164162754
4582000 -0.0628208581771996
4583000 -0.110296954476508
4584000 -0.107424186137988
4585000 -0.0366593038691611
4586000 -0.152201211628542
4587000 -0.0605824193335438
4588000 -0.0797022147176934
4589000 -0.0753166867680112
4590000 -0.0881848229172334
4591000 -0.069005099089548
4592000 -0.118770656117432
4593000 -0.111674558679636
4594000 -0.0771418888863895
4595000 -0.0820054084077676
4596000 -0.105548119883632
4597000 -0.152722485158092
4598000 -0.0589336220096213
4599000 -0.121035833106078
4600000 -0.105440554394611
4601000 0.0226698378829295
4602000 -0.0866097171892419
4603000 -0.0980840893757584
4604000 -0.0991606468107522
4605000 -0.0903782919970652
4606000 -0.135295639367606
4607000 -0.136136761842254
4608000 -0.0746256283578995
4609000 -0.0675414025928888
4610000 -0.12247055290928
4611000 -0.085573618844064
4612000 -0.123757695401935
4613000 -0.058578879774779
4614000 -0.113724182923646
4615000 -0.143753696600079
4616000 -0.0168110889201169
4617000 -0.065806873101247
4618000 -0.109712017013785
4619000 -0.0368389080262286
4620000 -0.104386646227333
4621000 -0.134863211127794
4622000 -0.117280453047518
4623000 -0.053823042555508
4624000 -0.121864676445975
4625000 -0.0148055472948997
4626000 -0.0602037288545919
4627000 -0.0916705654381025
4628000 -0.0908915695555776
4629000 -0.0700646736568145
4630000 -0.0675321422754048
4631000 -0.114016747460275
4632000 -0.125399896518418
4633000 -0.164305174125163
4634000 -0.172481179482593
4635000 -0.0387058811017391
4636000 -0.0376523531905272
4637000 -0.14027342958501
4638000 -0.0721179292941421
4639000 -0.0752460311294604
4640000 -0.127491843936009
4641000 -0.146577448291904
4642000 -0.0838262863521971
4643000 -0.00353626323989969
4644000 -0.115798687295794
4645000 -0.0652606886792208
4646000 -0.027988530315632
4647000 -0.11002215445966
4648000 -0.143845898319432
4649000 -0.0754511948437625
4650000 -0.0348617540837335
4651000 -0.11661667377817
4652000 -0.101183781103757
4653000 -0.0396517805007334
4654000 -0.075740839655325
4655000 -0.134295272775023
4656000 -0.088353524616281
4657000 -0.120218841752529
4658000 -0.16146758771453
4659000 -0.0818173724327014
4660000 -0.0502118242377627
4661000 -0.0642352319854979
4662000 -0.09256673458444
4663000 -0.0837291421343382
4664000 -0.0653626750227459
4665000 -0.121572798292298
4666000 -0.123697805252005
4667000 -0.0846125273322888
4668000 -0.0567484810388748
4669000 -0.134489228967725
4670000 -0.103342991706982
4671000 -0.0582875269880285
4672000 -0.138948471393237
4673000 -0.0238275507794688
4674000 -0.0637745470810753
4675000 -0.0994751884618158
4676000 -0.0931337384035268
4677000 -0.0325311655668967
4678000 -0.074345827939298
4679000 -0.0815386812541356
4680000 -0.153282403125189
4681000 -0.0603573398613939
4682000 -0.0385677512394319
4683000 -0.131529169759283
4684000 -0.14001759396389
4685000 0.00276417350272996
4686000 -0.0384842188101022
4687000 -0.0985483754274935
4688000 -0.0658270498448068
4689000 -0.103117319235665
4690000 -0.155181731465233
4691000 -0.0810052093530992
4692000 -0.0653743589275369
4693000 -0.0815993773048317
4694000 -0.0778602137847509
4695000 -0.092449009538247
4696000 -0.10287489413133
4697000 -0.121689017145361
4698000 -0.138779942850844
4699000 -0.136134953392441
4700000 -0.0278101977445515
4701000 -0.075659178027523
4702000 -0.0804478426813849
4703000 -0.0291356863142421
4704000 -0.105118150055467
4705000 -0.0799766290083941
4706000 -0.0950751393173751
4707000 -0.132678150685827
4708000 -0.0637252556632962
4709000 -0.0880752841339943
4710000 -0.156171756848975
4711000 -0.0947875281209776
4712000 -0.0380370005698799
4713000 -0.106910770334167
4714000 -0.0681214263210774
4715000 -0.198249082654621
4716000 -0.0902006210459857
4717000 -0.0939651780117729
4718000 -0.0773877491056782
4719000 -0.107114378300976
4720000 -0.104698605931664
4721000 -0.143128176056989
4722000 -0.13250633311279
4723000 -0.103763426873619
4724000 -0.0175753131578956
4725000 -0.109850467938749
4726000 -0.183313534960465
4727000 -0.124180657362147
4728000 -0.110943985920666
4729000 -0.0507780722670949
4730000 -0.108554776418373
4731000 -0.118929948745279
4732000 -0.104676681414772
4733000 -0.0724738902394125
4734000 -0.146953418885077
4735000 -0.0837115539157966
4736000 -0.052227802176319
4737000 -0.0493477372048403
4738000 -0.0579160617337128
4739000 -0.0689548829957639
4740000 -0.0275855864938231
4741000 -0.147361468506353
4742000 -0.0794061420157781
4743000 -0.125350842860135
4744000 -0.130504756650885
4745000 -0.0749571769625263
4746000 -0.158081612018199
4747000 -0.110424294724149
4748000 -0.0571431696009229
4749000 -0.125062516288204
4750000 -0.131447787259588
4751000 -0.0885102893094356
4752000 -0.103728931606188
4753000 -0.0371397574430479
4754000 -0.092655645064899
4755000 -0.0719994360434989
4756000 -0.120462211686508
4757000 -0.150379022316849
4758000 -0.122185640060876
4759000 -0.0168705488484895
4760000 -0.101291612220961
4761000 -0.129357727531454
4762000 -0.0263461151464384
4763000 -0.05518838329707
4764000 -0.120317030230136
4765000 -0.0726688509738468
4766000 -0.0577844355761505
4767000 -0.0414790050014745
4768000 -0.0691619889010682
4769000 -0.14400108087184
4770000 0.00419643427449462
4771000 -0.142709007630148
4772000 -0.117358060047127
4773000 -0.069980326941179
4774000 -0.0836743589911238
4775000 -0.0902162757377564
4776000 -0.116133550536398
4777000 -0.114075898475444
4778000 -0.0807137230011427
4779000 -0.0916891982267424
4780000 -0.0565226781179719
4781000 -0.118761906930542
4782000 -0.0966479982510177
4783000 -0.071302323520114
4784000 -0.102918128605717
4785000 -0.0461001993501697
4786000 -0.0803154259427493
4787000 -0.0666839779309911
4788000 -0.174452549659203
4789000 -0.127236257815986
4790000 -0.0771610183096618
4791000 -0.0982225367098161
4792000 -0.0409770054042398
4793000 -0.0684983293676655
4794000 -0.0410140277810447
4795000 -0.119107039822495
4796000 -0.0637187571649508
4797000 -0.0996114441342956
4798000 -0.107822325871451
4799000 -0.124057903948063
4800000 -0.0768717512059402
4801000 -0.105763336836211
4802000 -0.141238206231183
4803000 -0.0579634292091743
4804000 -0.0548138052112731
4805000 -0.0533859675504984
4806000 -0.0909321657038231
4807000 -0.0641272037614427
4808000 -0.199980127784237
4809000 -0.156281568622489
4810000 -0.0754294947326378
4811000 -0.0837852704182898
4812000 -0.0966094542577083
4813000 -0.11650740743767
4814000 -0.0629083764020133
4815000 -0.107658880199397
4816000 -0.0974816802961976
4817000 -0.0823426352498322
4818000 -0.0622131962750423
4819000 -0.128347313868269
4820000 -0.0813324844019012
4821000 -0.160592780111326
4822000 -0.0885978939096547
4823000 -0.0970358155100453
4824000 -0.101738780999987
4825000 -0.068688934224018
4826000 -0.189200362840778
4827000 -0.106298113228435
4828000 -0.0690691359343235
4829000 -0.0946815657298293
4830000 -0.08825015619078
4831000 -0.0731297376625973
4832000 -0.146746365621679
4833000 -0.126482636355876
4834000 -0.111238283782595
4835000 -0.135196650841623
4836000 -0.0461387830169604
4837000 -0.121445306964284
4838000 -0.155311417424552
4839000 -0.0884871818959796
4840000 -0.0835972316778813
4841000 -0.0603046329312279
4842000 -0.0789135308756351
4843000 -0.0808567517998825
4844000 -0.0408363433825722
4845000 -0.0111125589798253
4846000 -0.0913992399827421
4847000 -0.0929630728300845
4848000 -0.0523980638099241
4849000 -0.054224271860046
4850000 -0.0908642075354141
4851000 -0.108656805736736
4852000 -0.0386386284005783
4853000 -0.0819220547768874
4854000 -0.00505316576910101
4855000 -0.0340875829053103
4856000 -0.0935572475450694
4857000 -0.113588477448268
4858000 -0.154905716793824
4859000 -0.0530850694902596
4860000 -0.0693551910263057
4861000 -0.0972577271308709
4862000 -0.11736671529583
4863000 -0.0104338458197061
4864000 0.00313997018759802
4865000 -0.141758401427979
4866000 -0.0765166543029678
4867000 0.00730221745158544
4868000 -0.0867073363301703
4869000 -0.056667288024408
4870000 -0.0699204394219984
4871000 -0.0883211038564388
4872000 -0.0818859627228642
4873000 -0.039584353991186
4874000 -0.0400732212677669
4875000 -0.0467612339764183
4876000 -0.0926999485161261
4877000 -0.0674231102728385
4878000 -0.0806485857747821
4879000 -0.0836445513212774
4880000 -0.0462960355262518
4881000 -0.0524370067116697
4882000 -0.0292725390077005
4883000 -0.150568258834324
4884000 -0.0524198538019992
4885000 -0.0625423622051594
4886000 -0.0869213739985604
4887000 -0.0583582776019356
4888000 -0.038498601749244
4889000 -0.0249867733514197
4890000 -0.0585169244223811
4891000 -0.0623631000959893
4892000 -0.0368593654411752
4893000 -0.0393523769418914
4894000 -0.130881476460773
4895000 -0.0471166905414567
4896000 -0.0928528637607466
4897000 -0.0376108449588225
4898000 -0.063409501572548
4899000 -0.1181019876326
4900000 -0.0955379175500215
4901000 -0.0718192015607735
4902000 -0.0725395900228813
4903000 -0.104785224298305
4904000 -0.0752313605333228
4905000 -0.0194659226239956
4906000 -0.0393336488260472
4907000 -0.135962619157808
4908000 -0.0949795899962969
4909000 -0.0727816187042179
4910000 -0.0995184339156052
4911000 -0.0270098247024042
4912000 -0.066418003473045
4913000 -0.101899008206939
4914000 -0.0617397968491075
4915000 -0.0972296747113946
4916000 -0.0969421385896376
4917000 -0.0379650280486909
4918000 -0.115284009139005
4919000 -0.093685834300714
4920000 -0.11767235047062
4921000 -0.0897385978039295
4922000 -0.132928506388567
4923000 -0.0568705980638858
4924000 -0.0757610298275883
4925000 -0.104334586369617
4926000 -0.0671045117233666
4927000 -0.100179927580647
4928000 -0.0896482790253732
4929000 -0.0690186635531157
4930000 -0.0591364148248068
4931000 -0.096899067777306
4932000 -0.0823909099254521
4933000 -0.0729559361476276
4934000 -0.0565191859221997
4935000 -0.0825005421274601
4936000 -0.04145320627991
4937000 -0.0593693006515656
4938000 -0.0648093060366005
4939000 -0.0999952664767769
4940000 -0.0959223116155736
4941000 -0.0669196054320936
4942000 -0.0875659452760396
4943000 -0.119801703287042
4944000 -0.0665403692801535
4945000 -0.0400662421138475
4946000 -0.0708706672680468
4947000 -0.14443125951554
4948000 -0.116345171660981
4949000 -0.00343815421884944
4950000 -0.0965531173255574
4951000 -0.15444668579673
4952000 -0.0107103004626906
4953000 -0.111425596990287
4954000 0.00362021207157591
4955000 -0.0923984241441797
4956000 -0.0577013562239169
4957000 -0.0623568568760611
4958000 -0.0430386554470382
4959000 -0.113532430428704
4960000 -0.0918166770467644
4961000 -0.0775539995957634
4962000 -0.128022467835385
4963000 -0.0812493351312043
4964000 -0.0120954460430606
4965000 -0.0906183995755931
4966000 -0.0553208063317694
4967000 -0.143074485125655
4968000 -0.0464388841686296
4969000 -0.100936287624375
4970000 -0.0539038372104276
4971000 -0.0606955154534459
4972000 -0.132959824931014
4973000 -0.0215865533138134
4974000 -0.0872885887048888
4975000 -0.034231828308684
4976000 -0.114032845241605
4977000 0.0040998072754027
4978000 -0.0230862616464442
4979000 -0.124367138274423
4980000 -0.0889167680719681
4981000 -0.0802468314756532
4982000 -0.0749684694060863
4983000 -0.0923136594006712
4984000 -0.104938903367715
4985000 -0.0947949884261087
4986000 -0.0470419273456812
4987000 -0.0635919438884033
4988000 -0.112387339722216
4989000 -0.158892326270072
4990000 -0.101860152561499
4991000 -0.0632290607722084
4992000 -0.0328698025370782
4993000 -0.0813966068280388
4994000 -0.0413703486888665
4995000 -0.0533897122367798
4996000 -0.0710777307972159
4997000 -0.0636114024459941
4998000 -0.0672510312422958
4999000 -0.113532119673426
5000000 -0.110982906282282
5001000 -0.0649889684385374
5002000 -0.0308152768215163
5003000 -0.105161043524196
5004000 -0.126112963166078
5005000 -0.0967274442442718
5006000 -0.0246410667690454
5007000 -0.0768634262906762
5008000 -0.0838785311298539
5009000 -0.0534205083823876
5010000 -0.0791410717554539
5011000 -0.0623870293743321
5012000 0.0162375536980057
5013000 -0.077877300104667
5014000 -0.0805255310214938
5015000 -0.0826360793244746
5016000 -0.11081370562423
5017000 0.0269187131303923
5018000 -0.0493056353476628
5019000 -0.0538360292934139
5020000 -0.0473852288744773
5021000 -0.0794487139743828
5022000 -0.045157540965818
5023000 -0.0824201043806305
5024000 -0.089221180836109
5025000 -0.0674120416142222
5026000 -0.0100238172680675
5027000 -0.0248491817160486
5028000 -0.0724779409540917
5029000 -0.0490155987721675
5030000 -0.136046952132645
5031000 -0.0994292380075566
5032000 -0.0737526821045253
5033000 -0.0829354999329435
5034000 -0.0309126034538005
5035000 0.0119809101827677
5036000 -0.0635427990600099
5037000 -0.11809286756215
5038000 -0.071130391361739
5039000 -0.0996570565670133
5040000 -0.0904875906155147
5041000 -0.0799605881144251
5042000 -0.0322268624980173
5043000 -0.0980698446771836
5044000 -0.011748406885667
5045000 -0.0713527565461945
5046000 -0.0698369474653509
5047000 -0.106564775376292
5048000 -0.103896633239559
5049000 -0.10341198800923
5050000 -0.130910404622216
5051000 -0.0565064511256099
5052000 -0.0600976058859014
5053000 -0.0364904064927634
5054000 -0.15007993318871
5055000 -0.0266369324771082
5056000 -0.0940437595747817
5057000 -0.0833008385651153
5058000 -0.0128558709318174
5059000 -0.100174629139409
5060000 -0.114850585926962
5061000 -0.113295774789831
5062000 -0.0605682531457591
5063000 -0.0454501030136094
5064000 -0.102724418973234
5065000 -0.0510981754970704
5066000 0.0162521753402686
5067000 -0.0477254690412113
5068000 -0.0988383636010094
5069000 -0.052427030477826
5070000 -0.102755037192055
5071000 -0.0682879593282901
5072000 -0.0607800514670242
5073000 -0.0723678805927059
5074000 -0.0060133503105192
5075000 -0.00146430667801375
5076000 -0.0943790638392212
5077000 -0.0103990106118492
5078000 0.0254671495657521
5079000 -0.0794385326044708
5080000 -0.119025852134753
5081000 -0.102749683496133
5082000 -0.0544267142670719
5083000 -0.114085201320886
5084000 -0.0816017508299176
5085000 -0.14265100487889
5086000 -0.0916361044348669
5087000 -0.0379200508985869
5088000 -0.0637154301007168
5089000 -0.0452189720783672
5090000 -0.0622032061915155
5091000 0.0121980932954484
5092000 -0.0983579188347758
5093000 -0.0339169532946328
5094000 -0.160795884700027
5095000 -0.0364339743254493
5096000 -0.00411862937269331
5097000 -0.149316386595782
5098000 -0.0240685459123702
5099000 0.0125339669912393
5100000 -0.0871323430780136
5101000 -0.0819821502698028
5102000 -0.0752996733508256
5103000 -0.101208118988171
5104000 -0.0562509054177802
5105000 -0.112085779038729
5106000 -0.0836413556330123
5107000 0.0376221376159853
5108000 -0.0440098628462725
5109000 -0.105810060206659
5110000 -0.0543734891651076
5111000 -0.127832671886517
5112000 -0.112962503713246
5113000 -0.0795371672768327
5114000 -0.0936482854865971
5115000 -0.0464887499887562
5116000 -0.0844952019448262
5117000 -0.117246517968952
5118000 -0.023597849154837
5119000 -0.0371888706213306
5120000 -0.0633039656763593
5121000 -0.0188584187341734
5122000 -0.131191998195532
5123000 -0.113852332344086
5124000 -0.0484072131516848
5125000 -0.0690155226161126
5126000 0.0104995846637051
5127000 -0.06840399244475
5128000 -0.0754346987045728
5129000 -0.0896634227525226
5130000 -0.0736806114690969
5131000 -0.0137240933814424
5132000 -0.0714608176715981
5133000 -0.0671022723754631
5134000 -0.0206950213856589
5135000 -0.0392278810177827
5136000 -0.120627566925248
5137000 -0.0506958735329846
5138000 -0.0480668298354806
5139000 -0.0506337548599104
5140000 -0.0318891587777295
5141000 -0.0659153813679804
5142000 -0.0600176893406011
5143000 -0.113398472688907
5144000 -0.0758938404718371
5145000 -0.0783760625768091
5146000 -0.121995616165185
5147000 -0.0794366851504119
5148000 -0.0971977318532137
5149000 -0.0782956602841408
5150000 -0.093553424258233
5151000 -0.0848109227699863
5152000 -0.087108729468569
5153000 -0.0710109528351833
5154000 -0.00388936950454863
5155000 -0.0549574768886711
5156000 -0.0137109787970363
5157000 -0.0946179193853552
5158000 -0.0642032202341314
5159000 -0.107061005463281
5160000 -0.0949890908040536
5161000 -0.135099948659136
5162000 -0.0754348233111586
5163000 -0.037402166394947
5164000 -0.065521556272686
5165000 -0.0269880816835185
5166000 -0.080793371773301
5167000 -0.084802427791396
5168000 -0.106246756075374
5169000 -0.0808958705147549
5170000 -0.0792927499193743
5171000 -0.0552305775485818
5172000 -0.0460367279124808
5173000 -0.0589541371135815
5174000 -0.0592123674960996
5175000 -0.143266340867934
5176000 -0.104929435614902
5177000 -0.00679818114365484
5178000 -0.0729906265692648
5179000 -0.0979524276146646
5180000 -0.0639164494624237
5181000 -0.11395446521285
5182000 -0.11360389255242
5183000 -0.0145823923628933
5184000 -0.0218777772147113
5185000 -0.0737918714862732
5186000 -0.0679159876298477
5187000 -0.0799222474118727
5188000 -0.0927712159163103
5189000 0.00217304399340602
5190000 -0.0614470177920687
5191000 -0.0854383148627699
5192000 -0.0439174991237039
5193000 -0.116430458145741
5194000 -0.0565374991768051
5195000 -0.108545843649215
5196000 -0.0997177683935119
5197000 -0.0982380125324038
5198000 -0.0811602269381112
5199000 -0.0617611522981049
5200000 -0.0143117669745875
5201000 -0.0731293462319361
5202000 -0.0654902069108792
5203000 -0.177224760815865
5204000 -0.0692008516374097
5205000 -0.0764532653857933
5206000 -0.0842670169339712
5207000 -0.0770227446142478
5208000 -0.0553423625762282
5209000 -0.0462337701296919
5210000 -0.0700732312686111
5211000 -0.109946784241449
5212000 -0.0441686048263393
5213000 -0.097731510384049
5214000 -0.111165463057283
5215000 -0.0608696373259786
5216000 0.0242590741226434
5217000 -0.0591472037285303
5218000 -0.107721233343226
5219000 -0.0825191553118014
5220000 -0.0624169289748165
5221000 -0.0404379403279651
5222000 -0.0376641547151372
5223000 -0.112254189171564
5224000 -0.032296092501964
5225000 -0.138387125172698
5226000 -0.120651004003686
5227000 -0.126469919078692
5228000 -0.0939323520293372
5229000 -0.0730018452686807
5230000 -0.0738426462375566
5231000 -0.0607718414840609
5232000 0.00277937902804045
5233000 -0.0576274659335148
5234000 -0.129641126647295
5235000 -0.0759120979749288
5236000 -0.0322265873473851
5237000 -0.0608995102251215
5238000 -0.0653552984315499
5239000 -0.00107816382761772
5240000 -0.10889681365772
5241000 -0.0434979319119031
5242000 -0.134442022824899
5243000 -0.0763771997013202
5244000 -0.0896818065762348
5245000 -0.146488132875913
5246000 -0.12216722496591
5247000 -0.0910570586743769
5248000 -0.0892628347156036
5249000 -0.0604668113671807
5250000 -0.105091048440144
5251000 -0.0426460053899673
5252000 -0.0436055066848602
5253000 -0.120389112904751
5254000 -0.0865404920435945
5255000 -0.033864303369215
5256000 -0.0484285589607919
5257000 -0.131220304631018
5258000 -0.0608131952591068
5259000 -0.086676781197589
5260000 -0.10872175121572
5261000 -0.080739807842585
5262000 -0.121030656513823
5263000 -0.039330999557074
5264000 -0.00594575255135571
5265000 -0.0781009556660101
5266000 -0.122536543343834
5267000 -0.0805182690473992
5268000 -0.071431200983031
5269000 -0.0961888106201894
5270000 -0.028542862782208
5271000 -0.0709971076334384
5272000 -0.0858285754406822
5273000 -0.0774789457891186
5274000 -0.118871696904482
5275000 -0.0598217766495015
5276000 -0.101634516032321
5277000 -0.127715071675669
5278000 -0.0617666987306283
5279000 -0.0519563202132057
5280000 -0.123537530164881
5281000 -0.0746964261286381
5282000 -0.178720973629525
5283000 -0.115431148695228
5284000 -0.00617388224405992
5285000 -0.0824548423397675
5286000 -0.0804052261756905
5287000 -0.0299663691840481
5288000 -0.037387309453857
5289000 -0.109954996785853
5290000 -0.0945085429800921
5291000 -0.134850471705816
5292000 -0.0624214124128409
5293000 -0.10975613499599
5294000 -0.0518454162235139
5295000 -0.10420291847212
5296000 -0.103918998971712
5297000 -0.0398849213978537
5298000 -0.0238542319053033
5299000 -0.10600250431186
5300000 -0.0410436449250479
5301000 -0.0409617645231313
5302000 -0.117775474655372
5303000 -0.106927744253343
5304000 -0.00789265936584856
5305000 -0.0793052335516449
5306000 -0.107933136743353
5307000 -0.105463282708972
5308000 -0.0709724288050094
5309000 -0.112609000957388
5310000 -0.093346740513771
5311000 -0.0661566075178891
5312000 -0.0243337379721801
5313000 -0.0293787648301167
5314000 -0.0988234854486346
5315000 -0.0996214499042299
5316000 -0.0796491478976792
5317000 -0.00734002004050962
5318000 -0.112983899977031
5319000 -0.0689219584161369
5320000 -0.080097963576989
5321000 -0.0607658067774569
5322000 -0.0955188015950774
5323000 -0.0453543444881764
5324000 -0.01800135954839
5325000 -0.142870358897169
5326000 -0.149087264050732
5327000 -0.0456158989789358
5328000 -0.149533363433946
5329000 -0.0794096514773403
5330000 -0.0262087721897859
5331000 -0.0380372178176805
5332000 -0.0231897152714993
5333000 -0.0542669664180763
5334000 -0.0659330982930254
5335000 -0.151862482038904
5336000 -0.0816911320887133
5337000 -0.0847845039565494
5338000 -0.0736593414353047
5339000 -0.0649509099277796
5340000 -0.0449657709887699
5341000 -0.0420423135542204
5342000 -0.0632073906715597
5343000 -0.0903531710099718
5344000 -0.116357517786077
5345000 -0.0635501857219257
5346000 -0.0740122765264462
5347000 -0.0658110304288485
5348000 -0.071791774176089
5349000 -0.0528901316022381
5350000 -0.0779728728247038
5351000 -0.044128672667831
5352000 -0.0886320645113025
5353000 -0.109488509231708
5354000 -0.0547353245463951
5355000 -0.100983705281179
5356000 -0.179704311396444
5357000 -0.0895515605910087
5358000 -0.0728873339743194
5359000 -0.0391867977179461
5360000 -0.0720510928866967
5361000 -0.0618828018599913
5362000 -0.0721337276824018
5363000 -0.109406420410011
5364000 -0.117820062694437
5365000 -0.0956002220018457
5366000 -0.0880309764793492
5367000 -0.0807307250060517
5368000 -0.0570548565129958
5369000 -0.135173617585539
5370000 -0.172505873352664
5371000 -0.0634270602124974
5372000 -0.0103554089124156
5373000 -0.0994532632317256
5374000 -0.0530925035874775
5375000 -0.0711365593056948
5376000 -0.0674890962858174
5377000 -0.117992988322299
5378000 -0.0739692261947201
5379000 -0.0810278555109213
5380000 -0.0588934092830433
5381000 -0.0534861732619597
5382000 -0.0599873715173703
5383000 -0.0864270163445789
5384000 -0.103141740811178
5385000 -0.0827549519241496
5386000 -0.0319673516442698
5387000 -0.0944932120882798
5388000 -0.0939529519402201
5389000 -0.0418528783120102
5390000 -0.0658809676602845
5391000 -0.112361361734556
5392000 -0.0544766486547494
5393000 -0.0895667334550077
5394000 -0.043846261554823
5395000 -0.0859660934464431
5396000 -0.135643695049735
5397000 -0.125179664271846
5398000 -0.0595485987771063
5399000 -0.119111857746361
5400000 0.00842155182820103
5401000 -0.034241496041599
5402000 -0.0846702751832939
5403000 -0.00959513546296454
5404000 -0.113546835035502
5405000 -0.0514574460162145
5406000 -0.036868478947842
5407000 -0.0904319879670439
5408000 -0.025954487137696
5409000 -0.0879091092235428
5410000 -0.00718361491341987
5411000 -0.0359781391009186
5412000 -0.0699234899883476
5413000 -0.0952776505207138
5414000 -0.102626994873643
5415000 -0.0701658737333528
5416000 -0.0921211390588016
5417000 -0.06143228022603
5418000 -0.0723230467920429
5419000 -0.0697668107814713
5420000 -0.0820177420084854
5421000 -0.106915542400309
5422000 -0.0404082400360648
5423000 -0.130054824115227
5424000 -0.0957220018341655
5425000 -0.0329217157940368
5426000 -0.141854191641837
5427000 -0.0878339400020857
5428000 -0.0216965524518879
5429000 -0.155535684130199
5430000 -0.0825454604975556
5431000 -0.0883239108510607
5432000 -0.0795011542986613
5433000 -0.0896398049683018
5434000 -0.0752178296258686
5435000 -0.0126785063171968
5436000 -0.0658528180203118
5437000 -0.00966898171989344
5438000 -0.169414621371119
5439000 -0.102405141889802
5440000 -0.0561689412997221
5441000 -0.111191044428884
5442000 0.0146640290810375
5443000 -0.0452678164190241
5444000 -0.0360283829639506
5445000 -0.073861613878959
5446000 -0.0407591326838455
5447000 0.0159839623682047
5448000 -0.11343837485549
5449000 -0.107895042798279
5450000 -0.023398793042466
5451000 -0.0260912077381611
5452000 -0.0356881109660192
5453000 -0.0899107357669028
5454000 -0.0959040095388335
5455000 -0.03579778175598
5456000 -0.124039814645555
5457000 -0.0466245030442507
5458000 -0.0932141310335583
5459000 -0.0387737968719426
5460000 -0.0750151330254535
5461000 -0.0925948710043401
5462000 -0.0691416163411704
5463000 -0.140801437230622
5464000 -0.108250048390834
5465000 -0.14737096269677
5466000 -0.0834012236660573
5467000 -0.0972184600748532
5468000 -0.0369062952964161
5469000 -0.0737211062134955
5470000 -0.120050041842
5471000 -0.0675543599657145
5472000 -0.0547065444792841
5473000 -0.104398771927091
5474000 -0.0966789900646125
5475000 -0.113214240366459
5476000 -0.0538905352487857
5477000 -0.0895586427802855
5478000 -0.0703602450556148
5479000 -0.0566461677182891
5480000 -0.0343844694674899
5481000 -0.0649444394149294
5482000 -0.117348577275662
5483000 -0.0603909463302503
5484000 -0.0455672813636744
5485000 -0.0271280259598539
5486000 -0.109291457944188
5487000 -0.0886868045524054
5488000 -0.114104319010273
5489000 -0.0876640913628616
5490000 -0.0361185363421881
5491000 -0.0832070006610931
5492000 -0.039336355120273
5493000 -0.0609167951101155
5494000 -0.0115970304687003
5495000 -0.0949830138747901
5496000 -0.133505785546645
5497000 -0.0626034590980414
5498000 -0.0934333723836088
5499000 -0.116220598551895
5500000 -0.124421689159554
5501000 -0.114039465136309
5502000 -0.0793871806871587
5503000 -0.0828531043247533
5504000 -0.106185634295693
5505000 -0.0308239478696942
5506000 -0.0598700830477987
5507000 -0.0451859552096052
5508000 -0.118221351562822
5509000 -0.024888519624573
5510000 -0.0536030151273892
5511000 -0.0363426429068229
5512000 -0.0572441608521106
5513000 -0.120571829721458
5514000 -0.11813619879365
5515000 -0.0911687124759735
5516000 -0.0501989538766346
5517000 -0.097773084163233
5518000 -0.0506311279563559
5519000 -0.0927913674965545
5520000 -0.1453193166637
5521000 -0.110926145450164
5522000 -0.0636063532884725
5523000 -0.0622627021265395
5524000 -0.0943084047594954
5525000 -0.0204516012231214
5526000 -0.165430646329387
5527000 -0.0803260475680678
5528000 -0.0790549376196644
5529000 -0.0983302326688491
5530000 -0.0631277681822762
5531000 -0.0760185631643304
5532000 -0.0915165193577532
5533000 -0.0399404124949532
5534000 -0.115751147395613
5535000 -0.121602192419149
5536000 -0.0612634354308247
5537000 -0.10317837369062
5538000 -0.136947807794316
5539000 -0.0315101283763036
5540000 -0.154000539917675
5541000 -0.0568877534302331
5542000 -0.0348593550824477
5543000 -0.0834689026455521
5544000 -0.126133125210182
5545000 -0.0525511698115783
5546000 -0.0780964738687435
5547000 -0.14492828359333
5548000 -0.0666436868277091
5549000 -0.0846411108348275
5550000 -0.0662262581594396
5551000 -0.0997850295728741
5552000 -0.0325891624900357
5553000 -0.134558513498096
5554000 -0.136673626342555
5555000 -0.0950629473756349
5556000 -0.136306788432458
5557000 -0.05825598957449
5558000 -0.00378856146573357
5559000 -0.101515263757749
5560000 -0.0740160799964055
5561000 -0.054891683058698
5562000 -0.0376026959132726
5563000 -0.0768822574616514
5564000 -0.155454412089251
5565000 -0.102199834223337
5566000 -0.0956260950809668
5567000 -0.0677645095874517
5568000 -0.0811306692737193
5569000 -0.10929882398147
5570000 -0.109070875171014
5571000 -0.0688939681306605
5572000 -0.045922941573812
5573000 -0.0845871879107468
5574000 -0.0117958992960245
5575000 -0.0189534545006537
5576000 -0.114042182425622
5577000 -0.0188578717574697
5578000 -0.0605600249079013
5579000 -0.0773127861711581
5580000 -0.137927932906574
5581000 -0.0749611271099847
5582000 -0.0893730854353743
5583000 -0.0718796104530414
5584000 -0.10784540143333
5585000 -0.0938374291792401
5586000 -0.0659454560182902
5587000 -0.12364476941954
5588000 -0.0857312371282046
5589000 -0.0762887903640588
5590000 -0.063885213859614
5591000 -0.0523455573772574
5592000 -0.0756805433729493
5593000 -0.0916271234929867
5594000 -0.0957796115767426
5595000 -0.0690178761822146
5596000 -0.0789727940174468
5597000 -0.0691720139607028
5598000 -0.0536853718337106
5599000 -0.0324338715703585
5600000 -0.149994688447749
5601000 -0.168505434030606
5602000 -0.109803667695058
5603000 -0.0719402720101627
5604000 -0.0799998378545241
5605000 -0.0297944793434939
5606000 -0.0941037374426372
5607000 -0.0991797321788103
5608000 -0.0534443867831998
5609000 -0.116618490747577
5610000 -0.0983952308056243
5611000 -0.120461372896809
5612000 -0.0265069967995231
5613000 -0.0939131084687827
5614000 -0.0835820012949097
5615000 -0.00725328919611235
5616000 -0.0571248460696104
5617000 -0.0871233611987104
5618000 -0.0676475982286098
5619000 -0.0631617942674801
5620000 -0.0351711600277435
5621000 -0.131934898992757
5622000 -0.106652532771101
5623000 -0.0998746502234949
5624000 -0.075647609316771
5625000 -0.106246838470412
5626000 -0.118685850651148
5627000 -0.0558238460751961
5628000 -0.0296194623271425
5629000 -0.0835718749310174
5630000 -0.0532139645732543
5631000 0.0160331389568585
5632000 -0.1093016229859
5633000 -0.107515715284705
5634000 0.00021410458656877
5635000 -0.0684623676678034
5636000 -0.0785531115271644
5637000 -0.135842548288172
5638000 -0.110030072691754
5639000 -0.0996522530060413
5640000 -0.0867289833165544
5641000 -0.0427809820167977
5642000 -0.114571720584644
5643000 -0.0835111478911354
5644000 -0.0863952516707405
5645000 -0.10426422872043
5646000 -0.0629988727038182
5647000 -0.080027317364164
5648000 -0.111928920310571
5649000 -0.0854540239094608
5650000 -0.0911129318960232
5651000 -0.0873819864286973
5652000 -0.137103574810405
5653000 -0.0478035572517493
5654000 -0.0933508175534715
5655000 -0.0760083991844683
5656000 -0.0199327989829799
5657000 -0.0997202414235925
5658000 -0.170221149376587
5659000 -0.12308787286512
5660000 -0.0590594961640309
5661000 -0.079239344046652
5662000 -0.188657574015639
5663000 -0.130522787092267
5664000 -0.0486684722513132
5665000 -0.0788644782140186
5666000 -0.0794907495294952
5667000 -0.0848454583403795
5668000 -0.0861615219265573
5669000 -0.0952164543024453
5670000 -0.0484006963223276
5671000 -0.0604251147385019
5672000 -0.0737581353480518
5673000 -0.0956344504610047
5674000 -0.0582715491653932
5675000 -0.0681255991370395
5676000 -0.0704214685462589
5677000 -0.117983113946076
5678000 -0.0733567561962157
5679000 -0.146810581149226
5680000 -0.121840520830014
5681000 -0.0213242644776819
5682000 -0.077787741210826
5683000 -0.115529427268242
5684000 -0.143800764590138
5685000 -0.12655925271959
5686000 -0.100197195149901
5687000 -0.0587901786592366
5688000 -0.0964782683358152
5689000 -0.0839998298064845
5690000 -0.0613916116555139
5691000 -0.0846528366957537
5692000 -0.104335539816245
5693000 -0.0432784763490849
5694000 -0.0936368345173174
5695000 -0.0208463790233229
5696000 -0.0857390926153311
5697000 -0.0724454774213205
