#Timestep  sxy 
100000 0.000957223461328257
101000 -0.00357002894124179
102000 -0.0150147665629751
103000 -0.0138009793187573
104000 -0.011713224546005
105000 -0.0226787979822473
106000 -0.0324989750243017
107000 -0.0309171618839905
108000 -0.0390373378713056
109000 -0.0419719596200255
110000 -0.0520668635522052
111000 -0.0554595129096125
112000 -0.0520774893428807
113000 -0.0615166874537927
114000 -0.0736823046469952
115000 -0.0742377358497164
116000 -0.0874142090655479
117000 -0.0887221772542512
118000 -0.0947334344546545
119000 -0.0984966747776615
120000 -0.100817730383052
121000 -0.110776845349683
122000 -0.118149489609395
123000 -0.124936065037479
124000 -0.12525052539676
125000 -0.125573735970513
126000 -0.137436069020433
127000 -0.143873664262972
128000 -0.149160740617199
129000 -0.154180775636288
130000 -0.16154358262987
131000 -0.167935482522248
132000 -0.166952013029569
133000 -0.177808643140539
134000 -0.174796980315475
135000 -0.182072439097275
136000 -0.190067077122888
137000 -0.193691285354613
138000 -0.196818053543732
139000 -0.199251935242378
140000 -0.209507530491913
141000 -0.224350030684242
142000 -0.217151638279834
143000 -0.226883316346487
144000 -0.236970710225104
145000 -0.234039916219496
146000 -0.243201069053386
147000 -0.250983630657782
148000 -0.24948737497126
149000 -0.253789275363466
150000 -0.262150590513298
151000 -0.272092576635225
152000 -0.272473939976122
153000 -0.273721935637892
154000 -0.286610596828075
155000 -0.289529020548865
156000 -0.295125967611874
157000 -0.296901867908035
158000 -0.304256768321897
159000 -0.312766105893672
160000 -0.318603339033035
161000 -0.31977550830057
162000 -0.317302140876514
163000 -0.331255737768245
164000 -0.326101483843175
165000 -0.331514122153879
166000 -0.344841825277748
167000 -0.359549655623394
168000 -0.355105627751559
169000 -0.373998564261786
170000 -0.36684880676531
171000 -0.357038311138607
172000 -0.36674843418642
173000 -0.373656715611521
174000 -0.378918474151475
175000 -0.372126214926071
176000 -0.37247102336738
177000 -0.358517646256563
178000 -0.378108087484266
179000 -0.410072759348767
180000 -0.420199961193325
181000 -0.418948263895364
182000 -0.412531150523114
183000 -0.410841509950741
184000 -0.417233292116967
185000 -0.417804428535396
186000 -0.422429719990413
187000 -0.412840496309362
188000 -0.425428079439041
189000 -0.455948916891571
190000 -0.483127377429294
191000 -0.472410556270325
192000 -0.48732803584617
193000 -0.487191253353395
194000 -0.472032627842171
195000 -0.447778465678037
196000 -0.449345600482302
197000 -0.450999403146569
198000 -0.455933917020085
199000 -0.465252279783551
200000 -0.47163893490951
201000 -0.485522253926175
202000 -0.507850824898862
203000 -0.535354023990356
204000 -0.540286658830499
205000 -0.544077299047381
206000 -0.549648970085309
207000 -0.522460859391801
208000 -0.499974630788609
209000 -0.491511432039247
210000 -0.494786105492319
211000 -0.509667751775635
212000 -0.518192242794197
213000 -0.524890916851465
214000 -0.533465931258285
215000 -0.572024859969338
216000 -0.601027625043807
217000 -0.602410261814205
218000 -0.594841142986389
219000 -0.565226398727414
220000 -0.552486477372014
221000 -0.560836037234889
222000 -0.565893671637223
223000 -0.559696043778443
224000 -0.543025000402543
225000 -0.561539609042604
226000 -0.569608316259632
227000 -0.600117801084378
228000 -0.61446679162023
229000 -0.645410782589944
230000 -0.677962590945906
231000 -0.678454023994921
232000 -0.66644956913169
233000 -0.654353217123258
234000 -0.642728509929148
235000 -0.623021971125472
236000 -0.588876438852252
237000 -0.581660003155358
238000 -0.581851349151597
239000 -0.606225182216064
240000 -0.642736906445925
241000 -0.647720847079617
242000 -0.640292204817986
243000 -0.677466567447639
244000 -0.715914384376442
245000 -0.751943010132622
246000 -0.757020083565815
247000 -0.738661546372801
248000 -0.748337209438298
249000 -0.733467121428403
250000 -0.721643166313136
251000 -0.683002736406929
252000 -0.651577464854045
253000 -0.654122299233627
254000 -0.678209256531409
255000 -0.695024623384393
256000 -0.675506021178456
257000 -0.659138877719369
258000 -0.67914374580072
259000 -0.712923693560972
260000 -0.754471784201867
261000 -0.77536190714092
262000 -0.766392203087839
263000 -0.775149381589638
264000 -0.795826000401368
265000 -0.820630800879533
266000 -0.833932140465283
267000 -0.828285795424616
268000 -0.804566239451665
269000 -0.764491432939736
270000 -0.770903282673529
271000 -0.793350765871512
272000 -0.775269441709208
273000 -0.739143824053948
274000 -0.73015837403898
275000 -0.709408205252416
276000 -0.721392537599243
277000 -0.748611454525508
278000 -0.725270075999936
279000 -0.730789537356517
280000 -0.711234422041091
281000 -0.742257563004612
282000 -0.781896304018874
283000 -0.777588733771962
284000 -0.756252918459462
285000 -0.779311230362611
286000 -0.818643586599909
287000 -0.841095345223756
288000 -0.827202313554216
289000 -0.789971158191776
290000 -0.792914039560102
291000 -0.802089070795542
292000 -0.816687881793931
293000 -0.778936776937209
294000 -0.758433369836235
295000 -0.77034320596401
296000 -0.790874376655663
297000 -0.808526378171833
298000 -0.812602002716089
299000 -0.835839689606485
300000 -0.871807509307349
301000 -0.858514886292214
302000 -0.819937936942328
303000 -0.848032642968012
304000 -0.873804587682335
305000 -0.847122601960023
306000 -0.772707094581505
307000 -0.788438401507574
308000 -0.862462552501699
309000 -0.877535530428644
310000 -0.828056116302426
311000 -0.85125253568427
312000 -0.916560521171246
313000 -0.905256836088498
314000 -0.863119677392361
315000 -0.833988507430679
316000 -0.868122997827954
317000 -0.868431559927105
318000 -0.853065399473532
319000 -0.873222201988243
320000 -0.930219722509064
321000 -0.932422691727614
322000 -0.885998374081742
323000 -0.903504691142159
324000 -0.924574530704425
325000 -0.910667425610255
326000 -0.862837130437352
327000 -0.871380022543711
328000 -0.929995793503118
329000 -0.948107350270668
330000 -0.931419330385273
331000 -0.944871549698953
332000 -0.942604617891509
333000 -0.925750735475244
334000 -0.911425879200965
335000 -0.91043634156144
336000 -0.942587924790494
337000 -0.958644731042251
338000 -0.971890249103102
339000 -0.987667322877269
340000 -0.964972059855171
341000 -0.945594695734597
342000 -0.931794150284223
343000 -0.954825366950471
344000 -0.965805658639709
345000 -0.975710448140101
346000 -1.00281011543584
347000 -0.99966944586611
348000 -0.981052544545006
349000 -0.963942188584202
350000 -0.985969075640419
351000 -0.99103038997864
352000 -1.01009910214291
353000 -1.03104997424553
354000 -1.02472296867725
355000 -1.02032902443315
356000 -0.983222053085653
357000 -0.995377416670304
358000 -1.00827011590286
359000 -1.03557019498587
360000 -1.04854756282939
361000 -1.04527892908067
362000 -1.0267879979994
363000 -1.01433410087432
364000 -1.02405617900267
365000 -1.0318825412743
366000 -1.0679170240482
367000 -1.07373327910109
368000 -1.05926494100528
369000 -1.03585968767961
370000 -1.03965606337221
371000 -1.06088206861207
372000 -1.06725573748701
373000 -1.09910786924296
374000 -1.0919776929811
375000 -1.07553483726969
376000 -1.06384391538162
377000 -1.0707320349949
378000 -1.09667482066784
379000 -1.10206823534003
380000 -1.11643770917823
381000 -1.10105463548426
382000 -1.08261774332664
383000 -1.08068356812349
384000 -1.11664819443175
385000 -1.13839537157208
386000 -1.12767141894123
387000 -1.10634383408659
388000 -1.10143797868043
389000 -1.12588289817165
390000 -1.14743594643929
391000 -1.14660277252455
392000 -1.14334368420281
393000 -1.14886115862956
394000 -1.12232521166961
395000 -1.11695187267966
396000 -1.16939696602949
397000 -1.20462554738565
398000 -1.16257971134266
399000 -1.12803334431017
400000 -1.1616033230123
401000 -1.18940695365185
402000 -1.1627308936399
403000 -1.19764390603784
404000 -1.21031114153235
405000 -1.16032754837934
406000 -1.14536604382298
407000 -1.20898190269198
408000 -1.23113723517672
409000 -1.1974887361338
410000 -1.19472111347337
411000 -1.20289082796474
412000 -1.19447068132664
413000 -1.2032538848936
414000 -1.25107774652918
415000 -1.2235463291217
416000 -1.1978070702644
417000 -1.22392129050357
418000 -1.25259105287006
419000 -1.23450511002642
420000 -1.22499686373456
421000 -1.2469989057462
422000 -1.23804146211311
423000 -1.23288536067744
424000 -1.28199925057862
425000 -1.27992370199881
426000 -1.22853021727809
427000 -1.23778939732568
428000 -1.29132792103187
429000 -1.28447055942352
430000 -1.26108728920577
431000 -1.28010311648783
432000 -1.27937371336243
433000 -1.26498999519475
434000 -1.29608006635353
435000 -1.32870100893996
436000 -1.2872624245319
437000 -1.26204433589136
438000 -1.3128992553853
439000 -1.31984629617267
440000 -1.29732332807957
441000 -1.31144333888922
442000 -1.30987452587561
443000 -1.30404883133893
444000 -1.3268205749384
445000 -1.3453247604396
446000 -1.31192372116594
447000 -1.31007927018509
448000 -1.35876153973514
449000 -1.35604872109785
450000 -1.32194736878103
451000 -1.33846976278701
452000 -1.34738132468249
453000 -1.34580808957032
454000 -1.39015317793487
455000 -1.37299083578912
456000 -1.32637927481196
457000 -1.35825653192347
458000 -1.39901671855788
459000 -1.38020755099499
460000 -1.3628466518022
461000 -1.3971758138608
462000 -1.3795964273021
463000 -1.37723737000618
464000 -1.40512050658171
465000 -1.39404185221369
466000 -1.38637457402345
467000 -1.4189498190142
468000 -1.4255811101244
469000 -1.39390738468723
470000 -1.39564938806789
471000 -1.43421603559903
472000 -1.43905416786807
473000 -1.41142109408117
474000 -1.41768473916496
475000 -1.42931962660726
476000 -1.42684447136685
477000 -1.45931630334437
478000 -1.45334231500195
479000 -1.41905791818835
480000 -1.45236559864447
481000 -1.4709616773021
482000 -1.43813117443787
483000 -1.45226603271949
484000 -1.47792125037802
485000 -1.45807256520112
486000 -1.47241043030888
487000 -1.47728883913033
488000 -1.45385935562963
489000 -1.48554280803657
490000 -1.51553434121975
491000 -1.46343331483759
492000 -1.47294365374718
493000 -1.5129111206814
494000 -1.49865227865478
495000 -1.49694124490278
496000 -1.48901209842116
497000 -1.49283978513734
498000 -1.52065574296102
499000 -1.5344459472968
500000 -1.50639161002277
501000 -1.50288617937198
502000 -1.5400058742826
503000 -1.53616152536375
504000 -1.51804326811613
505000 -1.53748914033958
506000 -1.53805892611292
507000 -1.54377626566078
508000 -1.55495285072075
509000 -1.53396004588907
510000 -1.54022386385491
511000 -1.59287942853316
512000 -1.55966819070471
513000 -1.53073748921845
514000 -1.58037469116753
515000 -1.57503583115604
516000 -1.56488428002723
517000 -1.58175630739183
518000 -1.57168863168122
519000 -1.58161971379458
520000 -1.60874495673141
521000 -1.58053944613361
522000 -1.5808407473701
523000 -1.61883406370896
524000 -1.60670082804355
525000 -1.58636781818129
526000 -1.61444346630194
527000 -1.6212865340929
528000 -1.62259074145869
529000 -1.63359060882323
530000 -1.60629279962406
531000 -1.63189244557808
532000 -1.66658881004806
533000 -1.61279554682504
534000 -1.6280238222674
535000 -1.66653760302392
536000 -1.64439535158766
537000 -1.63648390932358
538000 -1.66134651261072
539000 -1.65810373250473
540000 -1.66604685663473
541000 -1.66052316954966
542000 -1.64126389640509
543000 -1.68585218640711
544000 -1.6843642835626
545000 -1.64982124658875
546000 -1.68580856915793
547000 -1.70187102694077
548000 -1.6666257924599
549000 -1.69056422975935
550000 -1.69459990796036
551000 -1.69740139476968
552000 -1.71683542985907
553000 -1.68681789868108
554000 -1.70702145753823
555000 -1.74428095844498
556000 -1.69673469514077
557000 -1.70898886449712
558000 -1.75467023575419
559000 -1.71034787959877
560000 -1.71182805893251
561000 -1.74749818562814
562000 -1.72556909997375
563000 -1.75345464884297
564000 -1.7314889703212
565000 -1.72525014864574
566000 -1.77794775115626
567000 -1.74543103107663
568000 -1.73896059266773
569000 -1.78617086551557
570000 -1.75345873865649
571000 -1.76563399722017
572000 -1.78183574959436
573000 -1.77417254253135
574000 -1.79197348167108
575000 -1.77753140362673
576000 -1.7760505618923
577000 -1.82138198160491
578000 -1.78627912381965
579000 -1.77638281055138
580000 -1.82106335213024
581000 -1.80038304541469
582000 -1.80167783419806
583000 -1.81474128755126
584000 -1.80807155103675
585000 -1.82610997716031
586000 -1.82228732234081
587000 -1.81276645594643
588000 -1.83774544917771
589000 -1.83560442218204
590000 -1.80979255589621
591000 -1.86411899281487
592000 -1.8372748388237
593000 -1.83413199628631
594000 -1.86356804345554
595000 -1.84370524285314
596000 -1.87502000502326
597000 -1.86115424538436
598000 -1.84322616642851
599000 -1.91084225445094
600000 -1.85627359317046
601000 -1.86194922770301
602000 -1.9065613180812
603000 -1.85937516913952
604000 -1.89313867106783
605000 -1.8986317520551
606000 -1.88450062835618
607000 -1.90202775908552
608000 -1.88629729617462
609000 -1.9162109092907
610000 -1.91613630584698
611000 -1.88806825605678
612000 -1.91570035597854
613000 -1.93037624950973
614000 -1.9118775733885
615000 -1.91711789408628
616000 -1.9373206167865
617000 -1.92678648939758
618000 -1.94315931263
619000 -1.93455887933586
620000 -1.95133285849386
621000 -1.94620185269125
622000 -1.92932120820544
623000 -1.9739196227013
624000 -1.96328739599021
625000 -1.93331133382692
626000 -1.97999855163255
627000 -1.95831180465226
628000 -1.96992656326719
629000 -1.97631164261814
630000 -1.9692900378787
631000 -1.99946870720798
632000 -1.9638729385072
633000 -1.99370633075236
634000 -2.01404272324204
635000 -1.96222965989227
636000 -2.01702598151703
637000 -2.00737002647712
638000 -1.98860230561009
639000 -2.02023062160722
640000 -2.00820512761975
641000 -2.02505078947917
642000 -2.0097043493165
643000 -2.01101205573665
644000 -2.05085655060661
645000 -1.99624402185123
646000 -2.04191411499501
647000 -2.04395556591044
648000 -2.02211765169604
649000 -2.0518368399567
650000 -2.03853948641606
651000 -2.04705369158624
652000 -2.05998321231186
653000 -2.04309173131294
654000 -2.0737303801243
655000 -2.04763116369508
656000 -2.06239226622636
657000 -2.08747852225921
658000 -2.04895726539223
659000 -2.08758804196797
660000 -2.0959650289726
661000 -2.06545488809451
662000 -2.0955834908743
663000 -2.09804952678169
664000 -2.09484634527923
665000 -2.09617272951446
666000 -2.09471105694269
667000 -2.12853249838403
668000 -2.09005562275733
669000 -2.10684909653996
670000 -2.13689035143039
671000 -2.09992866856161
672000 -2.1436247700903
673000 -2.11925838831031
674000 -2.12188728534022
675000 -2.15132071548615
676000 -2.11854913082086
677000 -2.15776423885578
678000 -2.12838497189818
679000 -2.15035240213663
680000 -2.16722319932866
681000 -2.12523989773718
682000 -2.17767152889879
683000 -2.16030699094425
684000 -2.14462373065002
685000 -2.1896441040934
686000 -2.15775992181999
687000 -2.18769398630453
688000 -2.16891374352204
689000 -2.18105928011791
690000 -2.21400637484283
691000 -2.16411161627492
692000 -2.21844384121735
693000 -2.18400782058196
694000 -2.19454462336705
695000 -2.22880719064392
696000 -2.17970193190284
697000 -2.22865021878506
698000 -2.20961781801267
699000 -2.20902515132322
700000 -2.23018442436534
701000 -2.21507855813333
702000 -2.24785672990798
703000 -2.21432171389715
704000 -2.23665279081055
705000 -2.25787489874012
706000 -2.21526837747218
707000 -2.26782015724939
708000 -2.24800979334495
709000 -2.24405131127386
710000 -2.28776146602751
711000 -2.23170807623189
712000 -2.28864894632767
713000 -2.25239058159281
714000 -2.26778751100112
715000 -2.28243216279332
716000 -2.26224014735614
717000 -2.30720612941869
718000 -2.25971811727908
719000 -2.28535222780589
720000 -2.31503434931765
721000 -2.26488298627885
722000 -2.31949910013129
723000 -2.28633338044155
724000 -2.32418478140719
725000 -2.30688847089119
726000 -2.3063109804548
727000 -2.33607114829583
728000 -2.29425225322675
729000 -2.34459664244809
730000 -2.30819101595664
731000 -2.32850953356364
732000 -2.35244913755956
733000 -2.29879235164752
734000 -2.36254656259305
735000 -2.33377479519499
736000 -2.35363531725451
737000 -2.35594787997
738000 -2.34380578590836
739000 -2.37950542939726
740000 -2.33797054198901
741000 -2.38024284933454
742000 -2.36881507854558
743000 -2.35862192521983
744000 -2.40408538520718
745000 -2.34814790280331
746000 -2.40371645599897
747000 -2.38457290913017
748000 -2.38403944464865
749000 -2.40498945139352
750000 -2.38649665902836
751000 -2.41982674348577
752000 -2.3856710954954
753000 -2.43517579195456
754000 -2.39958258544705
755000 -2.41970439017638
756000 -2.42527035468385
757000 -2.40305962110737
758000 -2.44977455998907
759000 -2.41769837005597
760000 -2.4368625756695
761000 -2.43330441886354
762000 -2.43721957415123
763000 -2.45008231138859
764000 -2.41749875614398
765000 -2.47715453870165
766000 -2.42580546045479
767000 -2.4748045500932
768000 -2.45671041720962
769000 -2.45314272915937
770000 -2.49830199973076
771000 -2.43935574992683
772000 -2.4961835561559
773000 -2.4594614608429
774000 -2.49133858292129
775000 -2.46845971445073
776000 -2.49139817144735
777000 -2.49891468337799
778000 -2.47904075449006
779000 -2.52086151441818
780000 -2.48711599266509
781000 -2.51915434558827
782000 -2.50218816138415
783000 -2.50455690810268
784000 -2.52160647296936
785000 -2.51558452279776
786000 -2.52113043162072
787000 -2.52773796673316
788000 -2.55640198270159
789000 -2.52363999377025
790000 -2.55229957477656
791000 -2.53984797716978
792000 -2.54140751534129
793000 -2.55502046749456
794000 -2.54109743073173
795000 -2.56157235380063
796000 -2.57531085264259
797000 -2.5538862103921
798000 -2.57262566353267
799000 -2.5726124625301
800000 -2.57979449684551
801000 -2.56762505779578
802000 -2.59225203966087
803000 -2.57417611272974
804000 -2.59721865984866
805000 -2.5905598446401
806000 -2.58395045422408
807000 -2.6155220258124
808000 -2.58227292025685
809000 -2.62185730041056
810000 -2.59401932738379
811000 -2.62315230600658
812000 -2.60137596114742
813000 -2.62491739353499
814000 -2.62619638140171
815000 -2.61474595776544
816000 -2.65177381931916
817000 -2.60356360798677
818000 -2.6602707065026
819000 -2.61424644596815
820000 -2.65374480440673
821000 -2.64470402962348
822000 -2.64772941325408
823000 -2.64868426472233
824000 -2.66455993158052
825000 -2.65320590902655
826000 -2.66057861333994
827000 -2.68166365068232
828000 -2.649744911682
829000 -2.68995687985369
830000 -2.67179212704614
831000 -2.68632887153084
832000 -2.68773911643799
833000 -2.68638597601557
834000 -2.69118576058176
835000 -2.70096672577978
836000 -2.69742223314142
837000 -2.69668009526601
838000 -2.72313166067082
839000 -2.69228725658764
840000 -2.74065036112054
841000 -2.70400196693844
842000 -2.71970520719078
843000 -2.73097680667934
844000 -2.71925477755424
845000 -2.73510593590624
846000 -2.73423395985152
847000 -2.73587865320782
848000 -2.74480527387842
849000 -2.73157238590948
850000 -2.74660924761499
851000 -2.74691309612403
852000 -2.7586561998464
853000 -2.75305012617953
854000 -2.77002267666582
855000 -2.7633470954968
856000 -2.76440081369184
857000 -2.78130233005707
858000 -2.77004781136555
859000 -2.79250207648427
860000 -2.7733901973882
861000 -2.78493748338594
862000 -2.79748492070875
863000 -2.7795647795937
864000 -2.7996310932443
865000 -2.80407962385191
866000 -2.80103716171442
867000 -2.81391352351061
868000 -2.80463754665947
869000 -2.81940351703738
870000 -2.82512210907938
871000 -2.8175003175261
872000 -2.82944629738691
873000 -2.82179921433162
874000 -2.82754487351019
875000 -2.84050260182913
876000 -2.84100638407587
877000 -2.83493081500862
878000 -2.86697982560947
879000 -2.83091206878722
880000 -2.86875804574591
881000 -2.84982625740684
882000 -2.86788267177978
883000 -2.85694044804349
884000 -2.86762302183027
885000 -2.86981081270046
886000 -2.87137281221952
887000 -2.87363170214544
888000 -2.88620664938318
889000 -2.88559627500997
890000 -2.88513275464478
891000 -2.8973342250728
892000 -2.89284120825684
893000 -2.8942964777712
894000 -2.89926011410267
895000 -2.90015501460287
896000 -2.90907696257958
897000 -2.91052504219258
898000 -2.92095499076898
899000 -2.92323712584987
900000 -2.9091917208715
901000 -2.92863415925525
902000 -2.92328736904496
903000 -2.93670323402532
904000 -2.94303974585726
905000 -2.93244927374462
906000 -2.95437927049575
907000 -2.9362506449083
908000 -2.94603126536869
909000 -2.94795059690359
910000 -2.96146743296818
911000 -2.96018791085729
912000 -2.97218657273401
913000 -2.96008160367384
914000 -2.98205370572566
915000 -2.95465843361412
916000 -2.98690622511787
917000 -2.96769015734566
918000 -2.98660821899222
919000 -2.98397653685852
920000 -2.99523323965289
921000 -2.98835850761716
922000 -3.00298813098346
923000 -2.99086361864219
924000 -3.00267098994141
925000 -3.01974600490914
926000 -3.0039117550332
927000 -3.02915251460713
928000 -2.99960728429759
929000 -3.03405878687322
930000 -3.01911674696018
931000 -3.03249021110616
932000 -3.03269591014269
933000 -3.03397524972045
934000 -3.04110261650968
935000 -3.03797088318125
936000 -3.04743570526888
937000 -3.05389927418448
938000 -3.04597006778138
939000 -3.05421096991206
940000 -3.08076726906493
941000 -3.05179466693999
942000 -3.07250549757659
943000 -3.06064257477491
944000 -3.08317890348049
945000 -3.06652908293771
946000 -3.08413921120724
947000 -3.0840675949483
948000 -3.08857025548857
949000 -3.0901979552828
950000 -3.09728201521015
951000 -3.09378656395896
952000 -3.10832566161583
953000 -3.09225374225322
954000 -3.1017361454047
955000 -3.11176194684124
956000 -3.10751117576815
957000 -3.12247575542578
958000 -3.11534768014615
959000 -3.1319161693636
960000 -3.11696604146806
961000 -3.14427409591288
962000 -3.11529841541948
963000 -3.15364255903022
964000 -3.13063941223791
965000 -3.15919442909046
966000 -3.13121852048278
967000 -3.16519593625395
968000 -3.14309675428302
969000 -3.17485221396227
970000 -3.15021663328343
971000 -3.1847226742166
972000 -3.15493895663543
973000 -3.18005929131819
974000 -3.17544793464963
975000 -3.19357266961658
976000 -3.16619879861268
977000 -3.20610986123296
978000 -3.1777558492508
979000 -3.21268402999179
980000 -3.17646150161183
981000 -3.20891991057783
982000 -3.19102910617746
983000 -3.21403186895688
984000 -3.20701346754754
985000 -3.2211941928096
986000 -3.20539022660028
987000 -3.22637117077561
988000 -3.2129916304287
989000 -3.24226734180655
990000 -3.22641309717032
991000 -3.24404691900224
992000 -3.23842515908004
993000 -3.23698168859982
994000 -3.25073473375952
995000 -3.2430472368716
996000 -3.26320705739695
997000 -3.25025266075571
998000 -3.25806707440372
999000 -3.26743837233708
1000000 -3.25898140879841
1001000 -3.28063616427223
1002000 -3.26109950110258
1003000 -3.29627135019456
1004000 -3.26830420553769
1005000 -3.293470726366
1006000 -3.28476918252558
1007000 -3.29064931936719
1008000 -3.30619692676849
1009000 -3.28739626994079
1010000 -3.31284103709816
1011000 -3.28964544705097
1012000 -3.32224361970559
1013000 -3.29710643048376
1014000 -3.33247831038238
1015000 -3.30220815803792
1016000 -3.33353984852558
1017000 -3.30216869799359
1018000 -3.34944320762992
1019000 -3.31862240993325
1020000 -3.34877444429072
1021000 -3.33088273256862
1022000 -3.35091570375895
1023000 -3.34387403146456
1024000 -3.33969427072573
1025000 -3.36713363233663
1026000 -3.34641997534087
1027000 -3.36211908290866
1028000 -3.36354072377044
1029000 -3.3720251158102
1030000 -3.36915862819406
1031000 -3.36343723125547
1032000 -3.39465150428274
1033000 -3.36636846667109
1034000 -3.40014093346924
1035000 -3.36084389656549
1036000 -3.41994608895619
1037000 -3.37030601451001
1038000 -3.40717004413402
1039000 -3.39706327348378
1040000 -3.41340891580665
1041000 -3.41445833796493
1042000 -3.39478138601722
1043000 -3.43625231583353
1044000 -3.39929332854707
1045000 -3.44419746607891
1046000 -3.4018302623998
1047000 -3.46196782193982
1048000 -3.40724478819555
1049000 -3.44929936827314
1050000 -3.42635423709229
1051000 -3.45134221981061
1052000 -3.44424567940724
1053000 -3.44232235061289
1054000 -3.45329456943136
1055000 -3.45390254039629
1056000 -3.46783527672698
1057000 -3.45687660668463
1058000 -3.46730653148053
1059000 -3.47163783688715
1060000 -3.47123200809513
1061000 -3.48554047376601
1062000 -3.4719463991454
1063000 -3.50451675720571
1064000 -3.4676434868896
1065000 -3.5088238400053
1066000 -3.47951620867982
1067000 -3.52972323230005
1068000 -3.47954762065487
1069000 -3.51478957092408
1070000 -3.50046168780136
1071000 -3.51956611993707
1072000 -3.52909227411586
1073000 -3.50238318503045
1074000 -3.54208574081692
1075000 -3.49170649096446
1076000 -3.55945127147661
1077000 -3.51000408189106
1078000 -3.56238324922311
1079000 -3.51607968831193
1080000 -3.56400468963411
1081000 -3.53436861216859
1082000 -3.55352784668905
1083000 -3.55905309351316
1084000 -3.5413213010306
1085000 -3.56898482468771
1086000 -3.54208010810701
1087000 -3.59902364050959
1088000 -3.54150067507721
1089000 -3.59047322170886
1090000 -3.56041494606581
1091000 -3.58828232337378
1092000 -3.58911237459371
1093000 -3.57864764042411
1094000 -3.60448317435579
1095000 -3.56806933644718
1096000 -3.61929831208624
1097000 -3.57647325488645
1098000 -3.6253599032324
1099000 -3.60094767189854
1100000 -3.61619042561077
1101000 -3.6019956119152
1102000 -3.61574905039696
1103000 -3.63761903311712
1104000 -3.60248929388286
1105000 -3.6480987742077
1106000 -3.61140216006999
1107000 -3.67151143766026
1108000 -3.61409442793927
1109000 -3.66746249111954
1110000 -3.62647930283772
1111000 -3.67260876606921
1112000 -3.63777425072674
1113000 -3.67778961234698
1114000 -3.64852712991881
1115000 -3.66621161053784
1116000 -3.66728692307931
1117000 -3.66973861544199
1118000 -3.68371853193363
1119000 -3.66752902989423
1120000 -3.69973716399925
1121000 -3.66563814091205
1122000 -3.7026726122633
1123000 -3.6769137950584
1124000 -3.69738502312189
1125000 -3.71001225459277
1126000 -3.69089550829762
1127000 -3.71476545446182
1128000 -3.69641056711648
1129000 -3.72684205558767
1130000 -3.68887822154086
1131000 -3.73444560137833
1132000 -3.70935883725071
1133000 -3.732600991164
1134000 -3.72206331510284
1135000 -3.72399001504575
1136000 -3.75644236589819
1137000 -3.71425804456729
1138000 -3.76433730621314
1139000 -3.7186670710782
1140000 -3.7676767101413
1141000 -3.74443601854001
1142000 -3.76348397602094
1143000 -3.76747453971261
1144000 -3.75535312557602
1145000 -3.78272446100533
1146000 -3.74245116766042
1147000 -3.794905795612
1148000 -3.76147212748204
1149000 -3.80024518536732
1150000 -3.77655315501315
1151000 -3.78407484353268
1152000 -3.78806986033676
1153000 -3.77411549741045
1154000 -3.81600171898453
1155000 -3.77551732025996
1156000 -3.82875526109321
1157000 -3.79087507677088
1158000 -3.81958495050916
1159000 -3.80040827415551
1160000 -3.8144576390602
1161000 -3.81459010232081
1162000 -3.82280239653927
1163000 -3.83829358828755
1164000 -3.81246563380936
1165000 -3.86075487246953
1166000 -3.83665885994378
1167000 -3.84284473486958
1168000 -3.83952391494261
1169000 -3.83737453834831
1170000 -3.87682623200002
1171000 -3.83686756740542
1172000 -3.87538866599005
1173000 -3.84819774237051
1174000 -3.88159413684116
1175000 -3.85129727109499
1176000 -3.8676305647133
1177000 -3.87803126256662
1178000 -3.8666797260773
1179000 -3.89310314347433
1180000 -3.85867661382352
1181000 -3.90214403330071
1182000 -3.88083054189351
1183000 -3.89256185557239
1184000 -3.91185732208936
1185000 -3.88912582640765
1186000 -3.91760611909576
1187000 -3.89506347078074
1188000 -3.93343102440913
1189000 -3.90051638544513
1190000 -3.92693126642726
1191000 -3.92812714697877
1192000 -3.9291389552714
1193000 -3.94102505227945
1194000 -3.92133840491152
1195000 -3.95378962768235
1196000 -3.92398007339435
1197000 -3.95705911491581
1198000 -3.94259075915502
1199000 -3.96975284215896
1200000 -3.94115298234902
1201000 -3.9608921634717
1202000 -3.95691104492252
1203000 -3.96939338408012
1204000 -3.96388158315987
1205000 -3.96323853524779
1206000 -3.98712112782327
1207000 -3.96626707726864
1208000 -3.97109226791977
1209000 -3.97461980081896
1210000 -3.98966286950069
1211000 -3.99781922278948
1212000 -3.9838412833391
1213000 -4.00148179998466
1214000 -4.00683168531822
1215000 -4.00412519882625
1216000 -4.0004817570081
1217000 -3.99691413703976
1218000 -4.02761726407915
1219000 -3.99531777549128
1220000 -4.02992719193352
1221000 -4.01317313171678
1222000 -4.03829145876054
1223000 -4.03315113836655
1224000 -4.01575734164227
1225000 -4.0652841751173
1226000 -4.02537123437126
1227000 -4.06437758010426
1228000 -4.03834033085903
1229000 -4.05493453822872
1230000 -4.06930873536164
1231000 -4.04497723693279
1232000 -4.09200385106983
1233000 -4.04095860427761
1234000 -4.09094465299958
1235000 -4.05722479110191
1236000 -4.08174722080599
1237000 -4.084730509694
1238000 -4.060203161384
1239000 -4.10525292183226
1240000 -4.07869775327221
1241000 -4.09991170475796
1242000 -4.08389165432297
1243000 -4.10232535386445
1244000 -4.12297088972933
1245000 -4.0766153248642
1246000 -4.1447209779627
1247000 -4.0782661999188
1248000 -4.15946041474719
1249000 -4.08899962758035
1250000 -4.12943593019172
1251000 -4.14706459056466
1252000 -4.09148222473169
1253000 -4.17098550333989
1254000 -4.09308122427083
1255000 -4.17191744865868
1256000 -4.1321731750206
1257000 -4.13695812067968
1258000 -4.18430593047593
1259000 -4.11761551038592
1260000 -4.18822320096543
1261000 -4.12635680537351
1262000 -4.18371458469522
1263000 -4.17619091834351
1264000 -4.14924864253536
1265000 -4.21267099379133
1266000 -4.14423260196166
1267000 -4.21261204710506
1268000 -4.17392479347187
1269000 -4.1741356334212
1270000 -4.23108874551486
1271000 -4.15424772578447
1272000 -4.23050886605368
1273000 -4.18125272143253
1274000 -4.210111443149
1275000 -4.2240227582354
1276000 -4.18081012523821
1277000 -4.2419494158966
1278000 -4.19176805771314
1279000 -4.22625763591315
1280000 -4.22139606050408
1281000 -4.20913294911682
1282000 -4.26144469696906
1283000 -4.1942305238061
1284000 -4.26202118194369
1285000 -4.21928255714184
1286000 -4.24646403014145
1287000 -4.26739494661421
1288000 -4.23423185239641
1289000 -4.2900718449243
1290000 -4.2459569396383
1291000 -4.27281712377166
1292000 -4.27940977535358
1293000 -4.25705951437048
1294000 -4.29309310729717
1295000 -4.24918143871
1296000 -4.3010561709987
1297000 -4.27595201791013
1298000 -4.27579454641437
1299000 -4.29730126376833
1300000 -4.27254212086157
1301000 -4.32166964998481
1302000 -4.28742529939847
1303000 -4.29466206324407
1304000 -4.32341872450908
1305000 -4.28665230318177
1306000 -4.32235800651096
1307000 -4.31425612826267
1308000 -4.32267567752717
1309000 -4.32973383753174
1310000 -4.31026077097105
1311000 -4.35559736726437
1312000 -4.31722634536207
1313000 -4.3432634876074
1314000 -4.35816401526225
1315000 -4.33752999041313
1316000 -4.36853884609238
1317000 -4.33449147326383
1318000 -4.36762990489065
1319000 -4.37801122717478
1320000 -4.32982955040455
1321000 -4.40212232590265
1322000 -4.34107322187433
1323000 -4.38523295649456
1324000 -4.38186909238736
1325000 -4.34291139654675
1326000 -4.41463739838713
1327000 -4.35799070320447
1328000 -4.39539170635124
1329000 -4.40391287582737
1330000 -4.3694700109492
1331000 -4.43846058351325
1332000 -4.36679454420052
1333000 -4.42067624560341
1334000 -4.42447775766205
1335000 -4.38617411496335
1336000 -4.43528611255287
1337000 -4.40679678781528
1338000 -4.42400001755882
1339000 -4.43619416277464
1340000 -4.39153298355278
1341000 -4.47826505086167
1342000 -4.41708640229048
1343000 -4.43662772302953
1344000 -4.47039770387219
1345000 -4.42009044123577
1346000 -4.47822604561468
1347000 -4.43191330683184
1348000 -4.46390333251589
1349000 -4.47859940513131
1350000 -4.43607778796091
1351000 -4.48510440904481
1352000 -4.4542227807459
1353000 -4.47435404567672
1354000 -4.48366191411693
1355000 -4.46102390584517
1356000 -4.50476856216572
1357000 -4.48237089048193
1358000 -4.48410967883805
1359000 -4.50598818653484
1360000 -4.47065414639543
1361000 -4.52240770371632
1362000 -4.48446832654683
1363000 -4.50152063831576
1364000 -4.51547534902666
1365000 -4.48877572282408
1366000 -4.5320139902463
1367000 -4.49849886747139
1368000 -4.53332118663982
1369000 -4.52889972886285
1370000 -4.51264310989706
1371000 -4.54428969459205
1372000 -4.53603123340366
1373000 -4.51973543972197
1374000 -4.56848563306171
1375000 -4.51613302103561
1376000 -4.5650514033313
1377000 -4.56307920450477
1378000 -4.53194857911488
1379000 -4.59643310517589
1380000 -4.53116939188987
1381000 -4.56645766442776
1382000 -4.58770848278418
1383000 -4.54375101008486
1384000 -4.61157194390194
1385000 -4.56764215648063
1386000 -4.59211814555175
1387000 -4.60701974953395
1388000 -4.55702921295345
1389000 -4.61173358663929
1390000 -4.59143420309368
1391000 -4.58240306153793
1392000 -4.61427880072102
1393000 -4.58697844939467
1394000 -4.61223877997508
1395000 -4.62929294712018
1396000 -4.56770440485246
1397000 -4.65325412624406
1398000 -4.6073067277741
1399000 -4.60882874758524
1400000 -4.66382508571411
1401000 -4.60878451491276
1402000 -4.64345371525046
1403000 -4.66028508858671
1404000 -4.60898137521376
1405000 -4.68161616710985
1406000 -4.63961360421279
1407000 -4.6497498153421
1408000 -4.68626015740557
1409000 -4.6406698298339
1410000 -4.68306287111225
1411000 -4.6745005681321
1412000 -4.65212303427787
1413000 -4.70105303597034
1414000 -4.65488048294911
1415000 -4.67803628278442
1416000 -4.69453244813313
1417000 -4.67267360021709
1418000 -4.69547761197964
1419000 -4.70059257788873
1420000 -4.67845344868583
1421000 -4.71224401102057
1422000 -4.69270037807677
1423000 -4.69557786114536
1424000 -4.72107416390689
1425000 -4.69886112612656
1426000 -4.73164871807074
1427000 -4.7270429808298
1428000 -4.70776158223426
1429000 -4.74895091308717
1430000 -4.72087584842678
1431000 -4.73196297278373
1432000 -4.74048378824186
1433000 -4.74686200061677
1434000 -4.73113197681448
1435000 -4.75665002755397
1436000 -4.7497245542039
1437000 -4.73961567849433
1438000 -4.78707491742729
1439000 -4.74104219422385
1440000 -4.76712716403286
1441000 -4.78815892687248
1442000 -4.75378003482489
1443000 -4.78551398932619
1444000 -4.77646385867952
1445000 -4.76118049293494
1446000 -4.80721557551531
1447000 -4.78545174658985
1448000 -4.78120859413331
1449000 -4.82306830587241
1450000 -4.76096850678669
1451000 -4.82233214867364
1452000 -4.80961145026895
1453000 -4.788040132402
1454000 -4.84207707419758
1455000 -4.79680114017085
1456000 -4.8095797209698
1457000 -4.83973591877883
1458000 -4.79388549463581
1459000 -4.8415707455783
1460000 -4.84713448429848
1461000 -4.80315167607603
1462000 -4.87136689572656
1463000 -4.82178595675944
1464000 -4.83042393915361
1465000 -4.87485923470589
1466000 -4.8225898223293
1467000 -4.85887991853915
1468000 -4.88356914037497
1469000 -4.82941478403431
1470000 -4.885966883818
1471000 -4.86527641594852
1472000 -4.85205064420346
1473000 -4.89002119215223
1474000 -4.87337002998823
1475000 -4.86317785640664
1476000 -4.91210446485199
1477000 -4.8731348755076
1478000 -4.87961652130328
1479000 -4.90902556221467
1480000 -4.88307812804431
1481000 -4.89299820224325
1482000 -4.91590454842268
1483000 -4.88621327743905
1484000 -4.91416428531916
1485000 -4.92823232375859
1486000 -4.90646023161525
1487000 -4.92477017940988
1488000 -4.94052344668001
1489000 -4.9042510965304
1490000 -4.94864095806933
1491000 -4.94444442176847
1492000 -4.91321853437012
1493000 -4.9772254033844
1494000 -4.92976518581457
1495000 -4.94021123362041
1496000 -4.96228518876298
1497000 -4.93406442393551
1498000 -4.95862402354171
1499000 -4.97847035417747
1500000 -4.9414371479658
1501000 -4.97049314827262
1502000 -4.97742859267481
1503000 -4.95244253421834
1504000 -4.9921135153054
1505000 -4.98126264648778
1506000 -4.95958693070908
1507000 -5.01806768685485
1508000 -4.9654135919109
1509000 -4.99033542782443
1510000 -5.01469702419566
1511000 -4.9850975218534
1512000 -5.01220109208783
1513000 -5.02478641963826
1514000 -4.99139002042385
1515000 -5.01562302164688
1516000 -5.03963347021801
1517000 -4.98675715059835
1518000 -5.05009489217453
1519000 -5.03084502053807
1520000 -5.00381069873149
1521000 -5.06938355770457
1522000 -5.02197352456983
1523000 -5.01935002177669
1524000 -5.08095087224862
1525000 -5.02530052352035
1526000 -5.03985076974747
1527000 -5.07875300091264
1528000 -5.03704049664876
1529000 -5.05960207253395
1530000 -5.07853449186668
1531000 -5.03933513664975
1532000 -5.08533813867928
1533000 -5.09347200230801
1534000 -5.0494245349478
1535000 -5.10798508385532
1536000 -5.09021620933958
1537000 -5.0591817022399
1538000 -5.11687202206354
1539000 -5.07387365397698
1540000 -5.0968021613046
1541000 -5.12013871177858
1542000 -5.08950629845249
1543000 -5.11050258381227
1544000 -5.12704506822719
1545000 -5.0968580558148
1546000 -5.10768957251107
1547000 -5.14999328004061
1548000 -5.0951420811479
1549000 -5.12622732136254
1550000 -5.1648312917825
1551000 -5.09098659074179
1552000 -5.15455251814084
1553000 -5.14760314189602
1554000 -5.12253278637132
1555000 -5.1552102286131
1556000 -5.17343810439895
1557000 -5.11609622700769
1558000 -5.17554259799288
1559000 -5.1787111559064
1560000 -5.13302788456368
1561000 -5.19113658453299
1562000 -5.17055874849046
1563000 -5.15299452675687
1564000 -5.19742312723637
1565000 -5.18589482196132
1566000 -5.16090764763027
1567000 -5.20926862449107
1568000 -5.19165728521238
1569000 -5.17018986219693
1570000 -5.22004240869238
1571000 -5.2020885042432
1572000 -5.17661770447401
1573000 -5.23071089254487
1574000 -5.19310039039943
1575000 -5.19789805218355
1576000 -5.24376265840919
1577000 -5.20497000187536
1578000 -5.21960395618863
1579000 -5.24600741830258
1580000 -5.21938811184326
1581000 -5.2200549934365
1582000 -5.26169018792609
1583000 -5.23620208434689
1584000 -5.23286191951308
1585000 -5.26637640495245
1586000 -5.24299874831905
1587000 -5.23666526227362
1588000 -5.28554485201471
1589000 -5.2336829275361
1590000 -5.26785715884016
1591000 -5.29621349611364
1592000 -5.23444924382606
1593000 -5.28902612086722
1594000 -5.28812441768681
1595000 -5.26906416911869
1596000 -5.27833690580963
1597000 -5.31354420242676
1598000 -5.2612887570479
1599000 -5.29047193239038
1600000 -5.32629892899151
1601000 -5.26881217839347
1602000 -5.30131206997915
1603000 -5.33237370865603
1604000 -5.28901890503907
1605000 -5.29684922425726
1606000 -5.35375120571802
1607000 -5.28569555555376
1608000 -5.31996518820736
1609000 -5.35905595040234
1610000 -5.29610960857798
1611000 -5.33507410223845
1612000 -5.36116590337562
1613000 -5.32353688710335
1614000 -5.32581908107077
1615000 -5.38012393635839
1616000 -5.32736968068394
1617000 -5.32446836214243
1618000 -5.40207656788693
1619000 -5.32425557801428
1620000 -5.34360343872442
1621000 -5.40520750596842
1622000 -5.33077945100438
1623000 -5.35877465138934
1624000 -5.40166188343509
1625000 -5.36608733881584
1626000 -5.36087400046234
1627000 -5.41881247710927
1628000 -5.37785516740514
1629000 -5.36719796982913
1630000 -5.43580029255696
1631000 -5.38290660940143
1632000 -5.39446183000623
1633000 -5.43554700035521
1634000 -5.39525420301825
1635000 -5.40216250260443
1636000 -5.42750133884278
1637000 -5.42300548514781
1638000 -5.40402487074526
1639000 -5.44434532704573
1640000 -5.4280717629455
1641000 -5.40241024653193
1642000 -5.46094073768303
1643000 -5.43117966522277
1644000 -5.41308629138606
1645000 -5.47350495986273
1646000 -5.43974769684151
1647000 -5.42139449747753
1648000 -5.47859808767539
1649000 -5.44969832454458
1650000 -5.44662971997875
1651000 -5.476320947864
1652000 -5.48236944595342
1653000 -5.44619804230859
1654000 -5.49571255367104
1655000 -5.490675904448
1656000 -5.45472183982645
1657000 -5.51030271126315
1658000 -5.49066724556441
1659000 -5.46300581227068
1660000 -5.51690535143764
1661000 -5.50762264409307
1662000 -5.47791679146741
1663000 -5.51140991897852
1664000 -5.52889965580478
1665000 -5.4979834847936
1666000 -5.49746035959828
1667000 -5.5524856060009
1668000 -5.49006526118383
1669000 -5.50898787312532
1670000 -5.55986921819619
1671000 -5.50730923764408
1672000 -5.51953524735117
1673000 -5.56714890637175
1674000 -5.53785943770805
1675000 -5.50286984838217
1676000 -5.58306999972138
1677000 -5.5501361810385
1678000 -5.51935637737338
1679000 -5.57763970955303
1680000 -5.57843305317076
1681000 -5.52521434510232
1682000 -5.57995975078239
1683000 -5.5947767765564
1684000 -5.54254138987286
1685000 -5.57788914716288
1686000 -5.609653114644
1687000 -5.56368288279244
1688000 -5.57569582774989
1689000 -5.62960172333226
1690000 -5.58060421824812
1691000 -5.5768317617055
1692000 -5.6310026263539
1693000 -5.59172453749327
1694000 -5.58895877654513
1695000 -5.62577370004333
1696000 -5.61688892577263
1697000 -5.58829907049258
1698000 -5.62709320014979
1699000 -5.64090445312894
1700000 -5.58349966665427
1701000 -5.63601205276753
1702000 -5.65144123874644
1703000 -5.5994179966881
1704000 -5.62901640480446
1705000 -5.67072327454598
1706000 -5.61749734956081
1707000 -5.63547163491184
1708000 -5.67055724339564
1709000 -5.65040036316949
1710000 -5.6315314428316
1711000 -5.6858082485046
1712000 -5.67489638081208
1713000 -5.64221812272026
1714000 -5.69281400675806
1715000 -5.69838862503845
1716000 -5.65901823288025
1717000 -5.67200333307454
1718000 -5.71283983796901
1719000 -5.66906657910567
1720000 -5.68548465895113
1721000 -5.70925288494654
1722000 -5.69533858694594
1723000 -5.68334896961257
1724000 -5.70659733551415
1725000 -5.71039136896469
1726000 -5.69256653946771
1727000 -5.71357387907396
1728000 -5.72500479798348
1729000 -5.70763857645049
1730000 -5.71562369448573
1731000 -5.73090658275264
1732000 -5.7321911775847
1733000 -5.72631840925606
1734000 -5.74266540868055
1735000 -5.73259124411852
1736000 -5.74859637131631
1737000 -5.75118657475508
1738000 -5.74120329395709
1739000 -5.76669648420692
1740000 -5.75092035668861
1741000 -5.7614219953493
1742000 -5.76227513229345
1743000 -5.75954569114526
1744000 -5.77240816127596
1745000 -5.76275519188733
1746000 -5.78217834481591
1747000 -5.78335740018429
1748000 -5.7535048178697
1749000 -5.81274463302669
1750000 -5.77772019320258
1751000 -5.78368337935584
1752000 -5.78788562611127
1753000 -5.815141419297
1754000 -5.78686635823588
1755000 -5.79116108445461
1756000 -5.82144286479253
1757000 -5.80922332692131
1758000 -5.80070701875532
1759000 -5.82857647509671
1760000 -5.81499253010908
1761000 -5.81571859901423
1762000 -5.82292569392023
1763000 -5.84360356551564
1764000 -5.81177687786971
1765000 -5.84084653565958
1766000 -5.85821876411191
1767000 -5.83802954890961
1768000 -5.82780416005367
1769000 -5.8711240575343
1770000 -5.8512434453387
1771000 -5.84403829431522
1772000 -5.86813073470876
1773000 -5.87123181007059
1774000 -5.84887793521639
1775000 -5.88422678353546
1776000 -5.8889317781819
1777000 -5.85927761391768
1778000 -5.88039690945665
1779000 -5.90123109132437
1780000 -5.8718858867637
1781000 -5.878543781307
1782000 -5.89271644516246
1783000 -5.9080372698428
1784000 -5.87578468938258
1785000 -5.89781517668753
1786000 -5.921657240217
1787000 -5.88354685691603
1788000 -5.91301122182676
1789000 -5.92567222205776
1790000 -5.91121255910529
1791000 -5.9098412059338
1792000 -5.93635501403825
1793000 -5.94052215010946
1794000 -5.9058613067009
1795000 -5.95109241305014
1796000 -5.9477623252143
1797000 -5.93806997961812
1798000 -5.93250237459405
1799000 -5.96605834686207
1800000 -5.95068916849396
1801000 -5.94587757763819
1802000 -5.96446344607621
1803000 -5.96480887916618
1804000 -5.94477327849361
1805000 -5.97754263433581
1806000 -5.98308694806985
1807000 -5.96357664504787
1808000 -5.95976722913498
1809000 -6.01242652579014
1810000 -5.96664655495745
1811000 -5.9723886061294
1812000 -5.98863946666736
1813000 -6.01172905619876
1814000 -5.99006672804283
1815000 -5.99078300127184
1816000 -6.01912538088256
1817000 -6.01246073275535
1818000 -5.9946153733849
1819000 -6.02206228058953
1820000 -6.02556314886817
1821000 -5.99911002448674
1822000 -6.02765059302705
1823000 -6.04266267612988
1824000 -6.02723242956527
1825000 -6.01985333303459
1826000 -6.04815205288195
1827000 -6.04551560252115
1828000 -6.03009777864481
1829000 -6.03633465789265
1830000 -6.06438167072806
1831000 -6.04651470864905
1832000 -6.0389152996221
1833000 -6.04674723071695
1834000 -6.07247088208966
1835000 -6.05528616339795
1836000 -6.0637978762776
1837000 -6.07496718314051
1838000 -6.06884390972143
1839000 -6.07653568308748
1840000 -6.0789929914964
1841000 -6.0957262926813
1842000 -6.07389724052863
1843000 -6.08217196667505
1844000 -6.10999711696476
1845000 -6.099012610343
1846000 -6.09086733327673
1847000 -6.11261933512386
1848000 -6.10866762975679
1849000 -6.12437473609902
1850000 -6.09987465253642
1851000 -6.11244697106575
1852000 -6.13530497504036
1853000 -6.10767382576518
1854000 -6.11619474465604
1855000 -6.12898686643411
1856000 -6.1245157562917
1857000 -6.13168908743074
1858000 -6.13575522374689
1859000 -6.14356992734164
1860000 -6.12598227260028
1861000 -6.13785818460019
1862000 -6.15703025020871
1863000 -6.15754422794492
1864000 -6.13958513488292
1865000 -6.16518400353849
1866000 -6.17801604953153
1867000 -6.1643482044308
1868000 -6.17358282044511
1869000 -6.16787875886474
1870000 -6.19005602427045
1871000 -6.1782391061157
1872000 -6.18003836553244
1873000 -6.18426478325837
1874000 -6.20010769037949
1875000 -6.18012478629346
1876000 -6.19830179198576
1877000 -6.20217589372186
1878000 -6.19335667969995
1879000 -6.19909172299421
1880000 -6.20493398883587
1881000 -6.22133554374677
1882000 -6.20455060988659
1883000 -6.20669170323388
1884000 -6.22649958370015
1885000 -6.22608473441092
1886000 -6.21592549614642
1887000 -6.2162185536302
1888000 -6.25363460210624
1889000 -6.24067939124399
1890000 -6.23617774418305
1891000 -6.23069759081986
1892000 -6.27305427621342
1893000 -6.242916913371
1894000 -6.23859533996892
1895000 -6.27634802983178
1896000 -6.25240084428096
1897000 -6.25974714183607
1898000 -6.25567793252424
1899000 -6.28226037512403
1900000 -6.26213811927538
1901000 -6.25322196389407
1902000 -6.29264744964738
1903000 -6.28787562155618
1904000 -6.26999483220352
1905000 -6.25920431550505
1906000 -6.30901873387635
1907000 -6.30069684232242
1908000 -6.27322006658735
1909000 -6.29454456710919
1910000 -6.32537400015584
1911000 -6.31203754766139
1912000 -6.30341251002352
1913000 -6.32024760572217
1914000 -6.32639508259465
1915000 -6.32880741231264
1916000 -6.3151370314197
1917000 -6.33941900665044
1918000 -6.33712205082867
1919000 -6.32906275311607
1920000 -6.33644230281437
1921000 -6.35296702433014
1922000 -6.34123363497369
1923000 -6.33251302394019
1924000 -6.33943584491066
1925000 -6.35814461130207
1926000 -6.35134290584787
1927000 -6.33385932518887
1928000 -6.34820321833925
1929000 -6.38133619395682
1930000 -6.36514469982768
1931000 -6.33734112134194
1932000 -6.37276714095509
1933000 -6.39253504955675
1934000 -6.37668318470744
1935000 -6.35606171596398
1936000 -6.40763791612547
1937000 -6.39759634070053
1938000 -6.37918396319645
1939000 -6.40961025127847
1940000 -6.41264386192783
1941000 -6.40616514311355
1942000 -6.4007005381942
1943000 -6.41419107561322
1944000 -6.4345227224613
1945000 -6.40793482303929
1946000 -6.41024133401509
1947000 -6.43464605694818
1948000 -6.42506112796818
1949000 -6.4289600512407
1950000 -6.41794528002907
1951000 -6.44076689900294
1952000 -6.43791528861194
1953000 -6.43424116028377
1954000 -6.43290975291629
1955000 -6.45267131808117
1956000 -6.44764231409009
1957000 -6.43979622166131
1958000 -6.46587850411426
1959000 -6.46012181043334
1960000 -6.46669513647677
1961000 -6.45378556136748
1962000 -6.47067089451119
1963000 -6.49970837069014
1964000 -6.4709739011488
1965000 -6.46807762362021
1966000 -6.49287365990813
1967000 -6.50463285755065
1968000 -6.49280206364123
1969000 -6.46190992443843
1970000 -6.51308512491991
1971000 -6.52585536943188
1972000 -6.48726686660553
1973000 -6.49234646666707
1974000 -6.51563482008694
1975000 -6.53376112924794
1976000 -6.50327305634793
1977000 -6.49583343018294
1978000 -6.53285114013365
1979000 -6.52433252545196
1980000 -6.52277205074114
1981000 -6.52492837516279
1982000 -6.52954412264144
1983000 -6.54596970185099
1984000 -6.52252625975342
1985000 -6.53860397587672
1986000 -6.5694217031047
1987000 -6.55417648130787
1988000 -6.53629142226463
1989000 -6.56875533820197
1990000 -6.58472184199904
1991000 -6.56124311416368
1992000 -6.54841506995412
1993000 -6.56487024608043
1994000 -6.6023845390038
1995000 -6.59341456191754
1996000 -6.5415574021659
1997000 -6.57718331485436
1998000 -6.61030644808025
1999000 -6.58746564405134
2000000 -6.56668316685572
2001000 -6.58230730266747
2002000 -6.61030238783047
2003000 -6.6105322636157
2004000 -6.58129617839927
2005000 -6.58960369463144
2006000 -6.63876214524554
2007000 -6.60577312133129
2008000 -6.59845135770513
2009000 -6.62381838908782
2010000 -6.63553468867647
2011000 -6.62746956604677
2012000 -6.61597547505067
2013000 -6.62793500098077
2014000 -6.65476446952157
2015000 -6.63782741554815
2016000 -6.62300004792796
2017000 -6.65072133115638
2018000 -6.66945377088341
2019000 -6.67285837650806
2020000 -6.62691999413268
2021000 -6.65415266189189
2022000 -6.68710745506181
2023000 -6.67300794321466
2024000 -6.64765631355759
2025000 -6.65615464629068
2026000 -6.69256866753332
2027000 -6.68384793445723
2028000 -6.65142159581255
2029000 -6.6649204947757
2030000 -6.70680659195861
2031000 -6.70053133540724
2032000 -6.66720911811664
2033000 -6.67492641685647
2034000 -6.72822087762645
2035000 -6.71487736889619
2036000 -6.68187759957472
2037000 -6.69623827995738
2038000 -6.73077492859765
2039000 -6.72605979456566
2040000 -6.69383499469152
2041000 -6.70221291601769
2042000 -6.74399616641264
2043000 -6.74853258178075
2044000 -6.72315709902668
2045000 -6.72029078332607
2046000 -6.74801435165072
2047000 -6.77322596019529
2048000 -6.73307037237324
2049000 -6.72059468826138
2050000 -6.75223354719467
2051000 -6.78697287714482
2052000 -6.74889909543992
2053000 -6.73016000502807
2054000 -6.74653006953374
2055000 -6.8006074711994
2056000 -6.77936529568365
2057000 -6.73915478452042
2058000 -6.7682877568978
2059000 -6.79154365710422
2060000 -6.78779886199539
2061000 -6.76219202577001
2062000 -6.77598477024268
2063000 -6.82539109141277
2064000 -6.80081687000591
2065000 -6.77209857962466
2066000 -6.7724015371044
2067000 -6.82039043200789
2068000 -6.83322996703104
2069000 -6.80462282567681
2070000 -6.77883710043607
2071000 -6.82825823143927
2072000 -6.85145522555291
2073000 -6.80716505976624
2074000 -6.79155839677954
2075000 -6.83447423469474
2076000 -6.8690028595055
2077000 -6.82959377707616
2078000 -6.80545569041562
2079000 -6.82720918724727
2080000 -6.87994122829486
2081000 -6.86415295404849
2082000 -6.82241047041591
2083000 -6.82918799770247
2084000 -6.87382073444345
2085000 -6.87507753545156
2086000 -6.84855500504984
2087000 -6.83375621701294
2088000 -6.86677809054843
2089000 -6.9036126741509
2090000 -6.86393362879139
2091000 -6.83713558468606
2092000 -6.87248223797374
2093000 -6.9190855366097
2094000 -6.88961987490564
2095000 -6.8684367157861
2096000 -6.88021531438533
2097000 -6.9148121233521
2098000 -6.90746645537334
2099000 -6.87782132716194
2100000 -6.90879774153252
2101000 -6.93281935102697
2102000 -6.91790479622266
2103000 -6.91601646450523
2104000 -6.9097388444918
2105000 -6.933106886701
2106000 -6.96525207164217
2107000 -6.92288232208399
2108000 -6.90825505979112
2109000 -6.93777069912613
2110000 -6.9602565863406
2111000 -6.95479981873487
2112000 -6.91503017134822
2113000 -6.92550037038039
2114000 -6.96515869105524
2115000 -6.95930051231379
2116000 -6.92483054005489
2117000 -6.93949579928983
2118000 -6.98350230821436
2119000 -6.98775217333227
2120000 -6.94492309955344
2121000 -6.94062245242474
2122000 -6.97631363002332
2123000 -7.00258761872171
2124000 -6.99553512971319
2125000 -6.95127114537452
2126000 -6.96414626838723
2127000 -7.02551809876398
2128000 -7.02412885513565
2129000 -6.98773603952834
2130000 -6.97047075837673
2131000 -6.99929926804446
2132000 -7.04287016912375
2133000 -7.01213736248691
2134000 -6.97831597222031
2135000 -7.00621503951336
2136000 -7.04888983228314
2137000 -7.042895724931
2138000 -7.00108022734516
2139000 -6.99473727232744
2140000 -7.03302502721293
2141000 -7.05838695263749
2142000 -7.01820125543046
2143000 -6.99934873993227
2144000 -7.03484299183447
2145000 -7.07801693197229
2146000 -7.06162047086601
2147000 -7.01457830991091
2148000 -7.00912625038158
2149000 -7.086048088998
2150000 -7.10480931865636
2151000 -7.05673285476418
2152000 -7.02987281778778
2153000 -7.06049466501891
2154000 -7.1144074276166
2155000 -7.10314472532043
2156000 -7.05635851148206
2157000 -7.05000104919605
2158000 -7.10261150081883
2159000 -7.13623230895018
2160000 -7.09244075656469
2161000 -7.06319467258711
2162000 -7.09808264425166
2163000 -7.1261189516055
2164000 -7.13031031398382
2165000 -7.08055996961888
2166000 -7.06071013843381
2167000 -7.12536520141619
2168000 -7.15370396232101
2169000 -7.12232599619657
2170000 -7.08057160144725
2171000 -7.08979105686678
2172000 -7.13982987547255
2173000 -7.16413936976877
2174000 -7.12311946932891
2175000 -7.09551230132646
2176000 -7.13391124294672
2177000 -7.1798382502162
2178000 -7.16788667437614
2179000 -7.13091756573724
2180000 -7.13309582569926
2181000 -7.17394929610784
2182000 -7.19377298838856
2183000 -7.16014769436324
2184000 -7.15695275207178
2185000 -7.17587315293763
2186000 -7.19910353002685
2187000 -7.18822199815942
2188000 -7.17838823926449
2189000 -7.16251506316293
2190000 -7.17695571107037
2191000 -7.21034904823546
2192000 -7.19940206192436
2193000 -7.16542456274894
2194000 -7.1716058431994
2195000 -7.21520852806644
2196000 -7.22417404047996
2197000 -7.1856911554007
2198000 -7.16565675003458
2199000 -7.19183594381084
2200000 -7.25376408329143
2201000 -7.24611821069284
2202000 -7.19384429132283
2203000 -7.19739065605987
2204000 -7.23573493860679
2205000 -7.26362860884428
2206000 -7.23863825715665
2207000 -7.21296806480375
2208000 -7.22324810467951
2209000 -7.24989688899473
2210000 -7.27067717365773
2211000 -7.25718011838451
2212000 -7.2214652867534
2213000 -7.23019184462603
2214000 -7.27131617033885
2215000 -7.27185025995061
2216000 -7.25794458028768
2217000 -7.24537212894491
2218000 -7.26534003927524
2219000 -7.29114119088966
2220000 -7.28475885782186
2221000 -7.28035468750103
2222000 -7.25730977535027
2223000 -7.27361659667895
2224000 -7.30050666216899
2225000 -7.30093029492913
2226000 -7.28386153349061
2227000 -7.2816426870543
2228000 -7.29601964327743
2229000 -7.3069253346247
2230000 -7.31475579720112
2231000 -7.29321053733043
2232000 -7.29523791551127
2233000 -7.32767776782904
2234000 -7.33802192852104
2235000 -7.30686895926256
2236000 -7.30597038792828
2237000 -7.32371588573623
2238000 -7.35646783077183
2239000 -7.35646069757458
2240000 -7.31569563400274
2241000 -7.31203360241957
2242000 -7.34677718724664
2243000 -7.3851931002863
2244000 -7.35027049319225
2245000 -7.32005379127986
2246000 -7.32626560565743
2247000 -7.37674884973016
2248000 -7.38897518713066
2249000 -7.37273677512691
2250000 -7.35347596842117
2251000 -7.34628020914724
2252000 -7.36748308993189
2253000 -7.41164122745216
2254000 -7.3705864752019
2255000 -7.36277113843189
2256000 -7.39644468497614
2257000 -7.41389335870688
2258000 -7.38337069037645
2259000 -7.37159392185403
2260000 -7.38423914788232
2261000 -7.41238114356784
2262000 -7.43216248576336
2263000 -7.42008642871412
2264000 -7.3858347550712
2265000 -7.39501869036069
2266000 -7.44049146571454
2267000 -7.4434775153932
2268000 -7.42157177012802
2269000 -7.39379660322406
2270000 -7.42986952160543
2271000 -7.45719067830775
2272000 -7.46462198675389
2273000 -7.43391118598265
2274000 -7.41577754244739
2275000 -7.42144816331121
2276000 -7.46327869010081
2277000 -7.48796956376716
2278000 -7.44798862279652
2279000 -7.39859775842174
2280000 -7.43899180869039
2281000 -7.49005584272679
2282000 -7.49302005410852
2283000 -7.4640008405008
2284000 -7.42419174389882
2285000 -7.44597207312099
2286000 -7.48434282344943
2287000 -7.51373467625131
2288000 -7.48091402831541
2289000 -7.4505286412253
2290000 -7.48028138561031
2291000 -7.50595046553504
2292000 -7.5103209254439
2293000 -7.49607809123934
2294000 -7.4834842923818
2295000 -7.48965194870108
2296000 -7.52734940157712
2297000 -7.52264066964386
2298000 -7.49256457833205
2299000 -7.50567600476227
2300000 -7.52117962478256
2301000 -7.53525990998662
2302000 -7.53642214962426
2303000 -7.5145057762744
2304000 -7.50263183520329
2305000 -7.52926182201721
2306000 -7.56245497330859
2307000 -7.54429551901957
2308000 -7.50640937126891
2309000 -7.51937934703848
2310000 -7.5730073932836
2311000 -7.58200738208268
2312000 -7.5480014565723
2313000 -7.52968334316564
2314000 -7.53794464765515
2315000 -7.56876557804649
2316000 -7.59870939289917
2317000 -7.58396240373534
2318000 -7.54378265069939
2319000 -7.53595690656419
2320000 -7.57105940493208
2321000 -7.60559934478604
2322000 -7.60136707305313
2323000 -7.5739808180425
2324000 -7.5718418079086
2325000 -7.59157800340553
2326000 -7.62426327507332
2327000 -7.62534224480205
2328000 -7.5925102802674
2329000 -7.58748273107269
2330000 -7.59845930978996
2331000 -7.62364132582673
2332000 -7.65199009861768
2333000 -7.62876566905043
2334000 -7.59147936973617
2335000 -7.58968857422615
2336000 -7.63820361160997
2337000 -7.65019052984337
2338000 -7.64041756099811
2339000 -7.62547298848932
2340000 -7.62000951952299
2341000 -7.63743060616745
2342000 -7.65010563200127
2343000 -7.66056083708162
2344000 -7.64094038592767
2345000 -7.63946364495105
2346000 -7.65557323915973
2347000 -7.67042752518573
2348000 -7.65527379097743
2349000 -7.66067435031774
2350000 -7.65630031015899
2351000 -7.6809296864225
2352000 -7.68620113384692
2353000 -7.6689685837297
2354000 -7.66243133428349
2355000 -7.67300485422517
2356000 -7.70759921286882
2357000 -7.70563446273674
2358000 -7.67732098517554
2359000 -7.66349941927418
2360000 -7.69614174489331
2361000 -7.738497100826
2362000 -7.73990563845765
2363000 -7.70266234330713
2364000 -7.67713797342686
2365000 -7.67944430304536
2366000 -7.71351899845964
2367000 -7.77092893933292
2368000 -7.76651269543779
2369000 -7.69071385605284
2370000 -7.66949778817721
2371000 -7.71851929776589
2372000 -7.75884115639396
2373000 -7.76696493163991
2374000 -7.73825540938
2375000 -7.70444356120273
2376000 -7.71039774217138
2377000 -7.7581193724514
2378000 -7.79791084995354
2379000 -7.77819529039707
2380000 -7.71704042939063
2381000 -7.71512529766688
2382000 -7.77562481864551
2383000 -7.78635736581676
2384000 -7.78681809453884
2385000 -7.78224718829147
2386000 -7.76436081633126
2387000 -7.75834668504219
2388000 -7.76845458905007
2389000 -7.77450429987628
2390000 -7.78583423933563
2391000 -7.79767347198558
2392000 -7.80026686071864
2393000 -7.79854029235079
2394000 -7.78443211320676
2395000 -7.77290213212037
2396000 -7.80347528132164
2397000 -7.83267030750214
2398000 -7.85050591948408
2399000 -7.82428778431706
2400000 -7.77255135048358
2401000 -7.77498218282935
2402000 -7.83023477446344
2403000 -7.88057224023211
2404000 -7.8842416559184
2405000 -7.83726671883085
2406000 -7.78161757633775
2407000 -7.78420211200058
2408000 -7.8516736297293
2409000 -7.89180332620152
2410000 -7.87629879587871
2411000 -7.8257167944825
2412000 -7.80655921499965
2413000 -7.84819801606391
2414000 -7.88129739850009
2415000 -7.9032105449213
2416000 -7.87675394834326
2417000 -7.83144085463673
2418000 -7.82438542354373
2419000 -7.84868234720727
2420000 -7.88663650027534
2421000 -7.9240239901079
2422000 -7.9008284945796
2423000 -7.87013614860135
2424000 -7.86164398713863
2425000 -7.88844863464094
2426000 -7.92001398470413
2427000 -7.9072453508979
2428000 -7.88312634096236
2429000 -7.9088977761828
2430000 -7.90561945686491
2431000 -7.88830198766143
2432000 -7.89031685370989
2433000 -7.91282869788686
2434000 -7.93923915969108
2435000 -7.95114553446221
2436000 -7.92363044936408
2437000 -7.90311975815081
2438000 -7.90720268183598
2439000 -7.92701487377988
2440000 -7.94836235238855
2441000 -7.95439675997176
2442000 -7.94151385609689
2443000 -7.92026703556528
2444000 -7.90071512136195
2445000 -7.92624537893534
2446000 -7.9644316394298
2447000 -7.98285222111196
2448000 -7.96338855071673
2449000 -7.93417062689207
2450000 -7.92260803968188
2451000 -7.95172462893802
2452000 -8.0029280042026
2453000 -8.00959577895035
2454000 -7.9857835596544
2455000 -7.94500735429104
2456000 -7.93284306928647
2457000 -7.97916263802732
2458000 -8.01127847546044
2459000 -8.02659582623085
2460000 -8.00005851635035
2461000 -7.96647722256616
2462000 -7.95882886369816
2463000 -7.98219820304229
2464000 -8.01149274395027
2465000 -8.0461515998541
2466000 -8.03682935304974
2467000 -7.98417350194555
2468000 -7.98215197559132
2469000 -8.01007060021118
2470000 -8.04494086132824
2471000 -8.06303988142413
2472000 -8.05692773695412
2473000 -8.03538292750052
2474000 -7.99725804735351
2475000 -8.00364103233687
2476000 -8.03338239462582
2477000 -8.07333086958301
2478000 -8.0760514911981
2479000 -8.0558647373236
2480000 -8.03422201400428
2481000 -8.03087286023513
2482000 -8.04081894679736
2483000 -8.06532085018786
2484000 -8.09179351201835
2485000 -8.08832806533534
2486000 -8.05030751696409
2487000 -8.04581325538697
2488000 -8.05228403907628
2489000 -8.06981896424185
2490000 -8.08864720885766
2491000 -8.10688380387892
2492000 -8.10426913029791
2493000 -8.07568756313677
2494000 -8.07460952231588
2495000 -8.06156276198531
2496000 -8.09758900591544
2497000 -8.12508800180344
2498000 -8.13759618932364
2499000 -8.12084266520668
2500000 -8.08752014099854
2501000 -8.07767519719979
2502000 -8.09625127946259
2503000 -8.13018972675948
2504000 -8.15178876875192
2505000 -8.13881173575217
2506000 -8.12082091454933
2507000 -8.1065248858617
2508000 -8.11056814491442
2509000 -8.1208443511017
2510000 -8.14820767603318
2511000 -8.16837892768492
2512000 -8.16886629852807
2513000 -8.14193531450002
2514000 -8.12401600649127
2515000 -8.10918297717577
2516000 -8.13941676606554
2517000 -8.18452590059582
2518000 -8.19620759472608
2519000 -8.18217696005672
2520000 -8.13580527043217
2521000 -8.13616124614683
2522000 -8.14425533261838
2523000 -8.17306983186756
2524000 -8.19874307431218
2525000 -8.20271191400922
2526000 -8.18017191461271
2527000 -8.15319050562225
2528000 -8.16119264393581
2529000 -8.18245565375448
2530000 -8.20200048239736
2531000 -8.23696378533028
2532000 -8.22270355436765
2533000 -8.21215117604136
2534000 -8.18497049641441
2535000 -8.17779567032173
2536000 -8.20497231220206
2537000 -8.24829291262145
2538000 -8.25836130084006
2539000 -8.25896413134561
2540000 -8.23100255222963
2541000 -8.20735427824096
2542000 -8.21832589958794
2543000 -8.22579586349125
2544000 -8.24205968158103
2545000 -8.25157152101025
2546000 -8.24519093988011
2547000 -8.24048427676295
2548000 -8.23670590326874
2549000 -8.23469751698872
2550000 -8.24216268195149
2551000 -8.26337274853297
2552000 -8.26167736411042
2553000 -8.26888402590328
2554000 -8.2720176612641
2555000 -8.26162263516986
2556000 -8.24784818882404
2557000 -8.26419304152246
2558000 -8.28302510173319
2559000 -8.29880067748464
2560000 -8.30217276584406
2561000 -8.26632323964567
2562000 -8.26258125022917
2563000 -8.25468005423266
2564000 -8.27382121809374
2565000 -8.31599464331816
2566000 -8.32177363167771
2567000 -8.31125347087346
2568000 -8.28263656245465
2569000 -8.2838673365128
2570000 -8.29228840641431
2571000 -8.31760916438173
2572000 -8.3293552940965
2573000 -8.3231065879313
2574000 -8.32368900538629
2575000 -8.32109585723305
2576000 -8.31446615946591
2577000 -8.31706517294109
2578000 -8.31675673164648
2579000 -8.3386076449023
2580000 -8.36244055366635
2581000 -8.35528729734441
2582000 -8.33160906997339
2583000 -8.3251016183441
2584000 -8.31900003484052
2585000 -8.34458102780972
2586000 -8.36453393145993
2587000 -8.36751096417623
2588000 -8.38820989691281
2589000 -8.37635001608897
2590000 -8.34722727934445
2591000 -8.34709348305619
2592000 -8.36345641022887
2593000 -8.38244677239944
2594000 -8.39751801121316
2595000 -8.40369610007013
2596000 -8.38411638226862
2597000 -8.36900783465979
2598000 -8.36350840589892
2599000 -8.37650073711827
2600000 -8.39745554919414
2601000 -8.4097041078872
2602000 -8.41928341368399
2603000 -8.41420309600141
2604000 -8.38829709980215
2605000 -8.37455923963219
2606000 -8.40991163337884
2607000 -8.41327847011627
2608000 -8.43393357808611
2609000 -8.43756474617084
2610000 -8.4221847756981
2611000 -8.39700216316312
2612000 -8.40044240364238
2613000 -8.41199258390758
2614000 -8.44609595913829
2615000 -8.45271163099028
2616000 -8.46647723380938
2617000 -8.45538533127544
2618000 -8.42670480289818
2619000 -8.43250528296194
2620000 -8.43776636784809
2621000 -8.46138489352423
2622000 -8.46907002393374
2623000 -8.47792769474343
2624000 -8.46931565648824
2625000 -8.46746234949332
2626000 -8.45723158500051
2627000 -8.45768421049386
2628000 -8.45904182930577
2629000 -8.47619836822384
2630000 -8.47614757624143
2631000 -8.47894729859645
2632000 -8.48392539310172
2633000 -8.47718551086738
2634000 -8.45973576007155
2635000 -8.47688799304732
2636000 -8.4933208353205
2637000 -8.50464182947595
2638000 -8.51168077043529
2639000 -8.50392203252567
2640000 -8.51135744844517
2641000 -8.50286247545793
2642000 -8.50378570322278
2643000 -8.51562649086096
2644000 -8.51309627319127
2645000 -8.53532301846009
2646000 -8.54639240921856
2647000 -8.52430031463943
2648000 -8.5109483349072
2649000 -8.51978254563183
2650000 -8.52287288261819
2651000 -8.53362234216172
2652000 -8.54508082322998
2653000 -8.57430921457662
2654000 -8.5635293059398
2655000 -8.55227725666432
2656000 -8.53707929307347
2657000 -8.51891470464631
2658000 -8.53412045802435
2659000 -8.54700817750852
2660000 -8.58417301334956
2661000 -8.60233855118324
2662000 -8.59354505878394
2663000 -8.56235784381507
2664000 -8.54772746204699
2665000 -8.53903135485832
2666000 -8.55799057023889
2667000 -8.57712276410816
2668000 -8.59984151925209
2669000 -8.60709483657163
2670000 -8.59749729722934
2671000 -8.57876326813299
2672000 -8.57922001925652
2673000 -8.59616249039329
2674000 -8.59120159932191
2675000 -8.59400673686831
2676000 -8.60752797489179
2677000 -8.61797146776025
2678000 -8.61014865172806
2679000 -8.60703183350857
2680000 -8.59774497285307
2681000 -8.60034039518979
2682000 -8.62460642843806
2683000 -8.64185941968122
2684000 -8.65071186397738
2685000 -8.64650124853505
2686000 -8.63280256061709
2687000 -8.62448523247117
2688000 -8.62625610078971
2689000 -8.62689643469897
2690000 -8.6373756223383
2691000 -8.65416556458834
2692000 -8.65737103971738
2693000 -8.66182424659148
2694000 -8.67022575011338
2695000 -8.67396170867943
2696000 -8.65651824214923
2697000 -8.6526436973449
2698000 -8.65561671170876
2699000 -8.66037118940406
2700000 -8.67994683736908
2701000 -8.68978065763811
2702000 -8.69413747790385
2703000 -8.68868477917625
2704000 -8.67256098081465
2705000 -8.66276503757892
2706000 -8.6667882916543
2707000 -8.69141945609856
2708000 -8.70883645821295
2709000 -8.7197730001958
2710000 -8.70792498769732
2711000 -8.69393100058433
2712000 -8.67934527324207
2713000 -8.68267164761311
2714000 -8.68672673293318
2715000 -8.71098102728152
2716000 -8.72092380992092
2717000 -8.72191544406171
2718000 -8.72357700000827
2719000 -8.7119849916941
2720000 -8.72707437582398
2721000 -8.72599595318677
2722000 -8.7020541841832
2723000 -8.72173527967545
2724000 -8.73876572386727
2725000 -8.74767246436498
2726000 -8.76136303220652
2727000 -8.74733924436842
2728000 -8.74436375333594
2729000 -8.72335255032792
2730000 -8.72047260861465
2731000 -8.74573088295115
2732000 -8.76443980359299
2733000 -8.76885927362709
2734000 -8.7683926602694
2735000 -8.77204433245622
2736000 -8.76815845269454
2737000 -8.76819929839421
2738000 -8.76113440194211
2739000 -8.76994405391565
2740000 -8.77036474581121
2741000 -8.77977646037277
2742000 -8.79338040111285
2743000 -8.80390608681806
2744000 -8.80229149526548
2745000 -8.79447759333816
2746000 -8.78510700942403
2747000 -8.77710153657552
2748000 -8.78907386795481
2749000 -8.79325913113247
2750000 -8.79811406182854
2751000 -8.81663376869967
2752000 -8.811754718305
2753000 -8.79517805565345
2754000 -8.79868906735881
2755000 -8.78567790739805
2756000 -8.79836790227082
2757000 -8.81034693340287
2758000 -8.8260812518114
2759000 -8.83914784728676
2760000 -8.83859434123065
2761000 -8.84119936224177
2762000 -8.83410415561163
2763000 -8.81180466648065
2764000 -8.82101351606897
2765000 -8.82006701234378
2766000 -8.83806494489155
2767000 -8.85297476889466
2768000 -8.85770456551532
2769000 -8.85798187176911
2770000 -8.85330858701809
2771000 -8.85553092269491
2772000 -8.84893997780979
2773000 -8.8462217821364
2774000 -8.85537673641153
2775000 -8.86625240088908
2776000 -8.89354871168347
2777000 -8.89334325664525
2778000 -8.91004155725782
2779000 -8.89386157344892
2780000 -8.88382496032484
2781000 -8.86726452216557
2782000 -8.85675007389894
2783000 -8.88034328440482
2784000 -8.89382709794991
2785000 -8.90361344264499
2786000 -8.90441781366248
2787000 -8.90645267653584
2788000 -8.90403547635857
2789000 -8.90240063034868
2790000 -8.8952818404434
2791000 -8.88809514589125
2792000 -8.90779717295482
2793000 -8.90568744343599
2794000 -8.93344440141353
2795000 -8.93933475516558
2796000 -8.94569792848185
2797000 -8.93303733958129
2798000 -8.92753155677602
2799000 -8.91400806613034
2800000 -8.90248993939502
2801000 -8.91212365046801
2802000 -8.93263818585306
2803000 -8.93996642474727
2804000 -8.96833528938507
2805000 -8.96211430991678
2806000 -8.96608512276397
2807000 -8.96185827570343
2808000 -8.93700887441644
2809000 -8.93852269667184
2810000 -8.95595182281907
2811000 -8.95872854289129
2812000 -8.9816304471924
2813000 -8.99204850267311
2814000 -9.00289488022212
2815000 -9.00206579201799
2816000 -8.9818473817866
2817000 -8.96696460704182
2818000 -8.96135320724268
2819000 -8.94368042459271
2820000 -8.94653336059677
2821000 -8.97449297043407
2822000 -8.99205740274702
2823000 -9.01311434000768
2824000 -9.01601140566688
2825000 -9.02374679522729
2826000 -8.99626094510332
2827000 -8.99953323918368
2828000 -8.98103769717463
2829000 -8.96622206116437
2830000 -8.99341173810013
2831000 -9.0260324864653
2832000 -9.03823060896589
2833000 -9.05123312705661
2834000 -9.04299241345717
2835000 -9.03917538250732
2836000 -9.02333478734663
2837000 -9.00362893539286
2838000 -9.00800716548288
2839000 -9.0040187456394
2840000 -9.01714456069584
2841000 -9.05576498421609
2842000 -9.06535178725138
2843000 -9.08740698148268
2844000 -9.07743257343413
2845000 -9.07204924102648
2846000 -9.04900387471224
2847000 -9.04239752782729
2848000 -9.02545928604376
2849000 -9.01066907614976
2850000 -9.05553499640471
2851000 -9.084595890121
2852000 -9.0990464017132
2853000 -9.10962846856917
2854000 -9.10880305528694
2855000 -9.10049031928797
2856000 -9.07366954153061
2857000 -9.04959238514184
2858000 -9.04632668358321
2859000 -9.05503834884231
2860000 -9.07038632229305
2861000 -9.11018581499658
2862000 -9.14023294632822
2863000 -9.12955895364303
2864000 -9.13789484820444
2865000 -9.11783008064242
2866000 -9.08830372427086
2867000 -9.0783256859055
2868000 -9.0704015099385
2869000 -9.07787505096253
2870000 -9.09120957523753
2871000 -9.10787827882492
2872000 -9.13965260608643
2873000 -9.15194242185176
2874000 -9.16013058374249
2875000 -9.15418591010674
2876000 -9.13634041696619
2877000 -9.11325679225061
2878000 -9.10833758693164
2879000 -9.1029444238148
2880000 -9.12361650206469
2881000 -9.14870790917742
2882000 -9.17632719506029
2883000 -9.20297214945768
2884000 -9.2094438342979
2885000 -9.20385750846297
2886000 -9.17682335084647
2887000 -9.15609116479825
2888000 -9.14735475843527
2889000 -9.14054789730501
2890000 -9.13647358731419
2891000 -9.15303570550518
2892000 -9.17986557512375
2893000 -9.20583743728288
2894000 -9.20672857657521
2895000 -9.22518912608264
2896000 -9.22944348704033
2897000 -9.18910612348044
2898000 -9.18882812923006
2899000 -9.15085345754249
2900000 -9.14493584883961
2901000 -9.17282014000166
2902000 -9.18620174574761
2903000 -9.21501640689559
2904000 -9.23764765249035
2905000 -9.27288216270042
2906000 -9.13112037684774
2907000 -1.2068395991488
2908000 0.01607929651123
2909000 -0.281766233601414
2910000 -0.296707680137159
2911000 -0.235253758178006
2912000 -0.327822169781856
2913000 -0.290878650939423
2914000 -0.161855782236495
2915000 -0.157616598022271
2916000 -0.0821614444541052
2917000 -0.268778182990501
2918000 -0.228518033463323
2919000 -0.206630008441269
2920000 -0.169106197250141
2921000 -0.272623475489278
2922000 -0.187400176803071
2923000 -0.203208076317462
2924000 -0.294854160178866
2925000 -0.202684636325177
2926000 -0.146951626685747
2927000 -0.174904556170476
2928000 -0.164150657368057
2929000 -0.201722607000299
2930000 -0.162566606630054
2931000 -0.175611569268147
2932000 -0.179453471213056
2933000 -0.137943530616584
2934000 -0.25084170712291
2935000 -0.208217223321437
2936000 -0.212375815992821
2937000 -0.119137947697381
2938000 -0.206726516186469
2939000 -0.226058381713653
2940000 -0.190233781046508
2941000 -0.214460746442318
2942000 -0.149996244354697
2943000 -0.124449448269974
2944000 -0.235124219719936
2945000 -0.205759637076781
2946000 -0.128628874768545
2947000 -0.162209176046641
2948000 -0.212265816130925
2949000 -0.150440385710983
2950000 -0.129608733731517
2951000 -0.186894608575841
2952000 -0.111933926762023
2953000 -0.217297439821236
2954000 -0.160456335964204
2955000 -0.212465246184415
2956000 -0.174906310286482
2957000 -0.180302816706333
2958000 -0.181224486067669
2959000 -0.14019041802466
2960000 -0.200871373262745
2961000 -0.173341801209599
2962000 -0.168691788865372
2963000 -0.17992695041193
2964000 -0.1315875629223
2965000 -0.159918694782854
2966000 -0.208788978896893
2967000 -0.225561572391432
2968000 -0.148548474769556
2969000 -0.145265862493783
2970000 -0.162005207739647
2971000 -0.180783348330337
2972000 -0.182719506535038
2973000 -0.1535488182764
2974000 -0.180430601188384
2975000 -0.224117207693097
2976000 -0.186004214787412
2977000 -0.169644318446283
2978000 -0.189671927228301
2979000 -0.181263696610038
2980000 -0.165673991298353
2981000 -0.185435709480728
2982000 -0.119557436812491
2983000 -0.178223578369632
2984000 -0.204253130125467
2985000 -0.191329741262174
2986000 -0.17225233706412
2987000 -0.179452040495386
2988000 -0.13472779947993
2989000 -0.160125892453777
2990000 -0.142335345417784
2991000 -0.181794437311435
2992000 -0.212955327947295
2993000 -0.175313911458286
2994000 -0.116862325630351
2995000 -0.150695334009489
2996000 -0.17092262409464
2997000 -0.119309030463218
2998000 -0.173966025793558
2999000 -0.158090047957392
3000000 -0.142768700045848
3001000 -0.132093200092976
3002000 -0.137685433467652
3003000 -0.202834889057558
3004000 -0.107514929556634
3005000 -0.15841633109503
3006000 -0.135536235330484
3007000 -0.142833649985057
3008000 -0.144400681958084
3009000 -0.131682402687983
3010000 -0.226990641707144
3011000 -0.109307998907048
3012000 -0.183478276886381
3013000 -0.108402640000761
3014000 -0.150583759402445
3015000 -0.146651836485019
3016000 -0.146596524731049
3017000 -0.195924571075932
3018000 -0.155219011676773
3019000 -0.130620113063978
3020000 -0.161230765862885
3021000 -0.152590487354785
3022000 -0.114799793914234
3023000 -0.170391174278463
3024000 -0.125350234581923
3025000 -0.143320864100163
3026000 -0.141798469206065
3027000 -0.113073258662738
3028000 -0.11076462301922
3029000 -0.109705752985728
3030000 -0.109733732727677
3031000 -0.127535245861214
3032000 -0.162016997528812
3033000 -0.0956602995169962
3034000 -0.129783703728904
3035000 -0.158878783652622
3036000 -0.144242057646185
3037000 -0.107569924565736
3038000 -0.166237625098905
3039000 -0.106723532455862
3040000 -0.174751961677086
3041000 -0.0965420248979786
3042000 -0.176412635205591
3043000 -0.17125717306625
3044000 -0.120467270579625
3045000 -0.16366002093607
3046000 -0.111972988919897
3047000 -0.14470289537171
3048000 -0.106070364114638
3049000 -0.160664609030192
3050000 -0.143684552512388
3051000 -0.110252587174109
3052000 -0.120687159199941
3053000 -0.163739266305862
3054000 -0.155394719554937
3055000 -0.157354593751394
3056000 -0.12671151599973
3057000 -0.139191895217336
3058000 -0.141652812013966
3059000 -0.135510961873329
3060000 -0.153442309508068
3061000 -0.119243308358625
3062000 -0.134377487447464
3063000 -0.114564895230157
3064000 -0.165985631816756
3065000 -0.173799260378701
3066000 -0.115721381829064
3067000 -0.155354785526039
3068000 -0.0841570628366801
3069000 -0.157747509029465
3070000 -0.153038085450797
3071000 -0.152072695089899
3072000 -0.139825138415147
3073000 -0.150709237396049
3074000 -0.113271976251798
3075000 -0.157766017125862
3076000 -0.135337679117195
3077000 -0.144137564121121
3078000 -0.149977085416882
3079000 -0.150963264137386
3080000 -0.11872890028713
3081000 -0.156844220776192
3082000 -0.164244592279781
3083000 -0.147996203999332
3084000 -0.109372567574536
3085000 -0.160010225518386
3086000 -0.147790786703051
3087000 -0.163658874732444
3088000 -0.131279282667705
3089000 -0.175132603042321
3090000 -0.160740563344476
3091000 -0.186040324963275
3092000 -0.111631555452032
3093000 -0.141521335150095
3094000 -0.178614609004249
3095000 -0.144372603220579
3096000 -0.164798190386529
3097000 -0.140737875208525
3098000 -0.164379787102306
3099000 -0.138406703666911
3100000 -0.195393054352959
3101000 -0.150522169307661
3102000 -0.15169629111879
3103000 -0.153673807175313
3104000 -0.15399376909035
3105000 -0.19393817615575
3106000 -0.139724504836029
3107000 -0.132630546148964
3108000 -0.128853568632397
3109000 -0.12347945057551
3110000 -0.162553843112504
3111000 -0.185396103065475
3112000 -0.162870844669016
3113000 -0.110936816497022
3114000 -0.146396996150077
3115000 -0.122428701951809
3116000 -0.149618423490707
3117000 -0.139142808314337
3118000 -0.127695136594082
3119000 -0.179826724220269
3120000 -0.146816554662444
3121000 -0.1452848607442
3122000 -0.128816025579053
3123000 -0.149236658307488
3124000 -0.153953838968878
3125000 -0.156534779199966
3126000 -0.140521475262057
3127000 -0.176873774083868
3128000 -0.183021989264354
3129000 -0.109548411868063
3130000 -0.173249575634413
3131000 -0.157925697337253
3132000 -0.141375372574891
3133000 -0.138204668522313
3134000 -0.155021936772602
3135000 -0.103734144540243
3136000 -0.16220087421169
3137000 -0.137124288079186
3138000 -0.158099384849712
3139000 -0.13111639451588
3140000 -0.166743628375933
3141000 -0.138124461515414
3142000 -0.13302043869351
3143000 -0.162735237299633
3144000 -0.148671862172748
3145000 -0.139529599134125
3146000 -0.136262407551082
3147000 -0.179463069013271
3148000 -0.122036803477212
3149000 -0.148394131950147
3150000 -0.146180682115953
3151000 -0.159079496602761
3152000 -0.163556330285088
3153000 -0.132104434621495
3154000 -0.193061427539923
3155000 -0.13399980520508
3156000 -0.174154138714667
3157000 -0.169570221820588
3158000 -0.162067389925533
3159000 -0.164836287872606
3160000 -0.170833353149429
3161000 -0.165107998513713
3162000 -0.166263958428426
3163000 -0.134399367129123
3164000 -0.207643378001701
3165000 -0.159244673832441
3166000 -0.173217515910241
3167000 -0.146030038986106
3168000 -0.149317895500872
3169000 -0.195401955335982
3170000 -0.150364302134338
3171000 -0.229768095018824
3172000 -0.178960926596037
3173000 -0.173539789518083
3174000 -0.164523695213715
3175000 -0.181489710191338
3176000 -0.123526625493892
3177000 -0.170755248707733
3178000 -0.126842810584071
3179000 -0.178861811808835
3180000 -0.148509593303588
3181000 -0.142850245982739
3182000 -0.194881852734559
3183000 -0.123662220050064
3184000 -0.200900540627863
3185000 -0.175643957583417
3186000 -0.161384633623998
3187000 -0.157867612616795
3188000 -0.12795456654795
3189000 -0.149734058303794
3190000 -0.189277392717704
3191000 -0.176571423887689
3192000 -0.165629404440051
3193000 -0.137949930657841
3194000 -0.141810336273036
3195000 -0.169383309451058
3196000 -0.157470631643924
3197000 -0.152915514451713
3198000 -0.141899294573238
3199000 -0.170660625210511
3200000 -0.179140428927632
3201000 -0.165841986834147
3202000 -0.151227342753411
3203000 -0.165507394314294
3204000 -0.16105282603492
3205000 -0.167238255447897
3206000 -0.176750338214317
3207000 -0.147050803026451
3208000 -0.220516340709974
3209000 -0.152067821548708
3210000 -0.196787782203062
3211000 -0.185788756778011
3212000 -0.176069660703126
3213000 -0.186034988279636
3214000 -0.187653467091857
3215000 -0.164817329625804
3216000 -0.194046374828455
3217000 -0.201884196142122
3218000 -0.202456005166441
3219000 -0.159369187113105
3220000 -0.21490656662466
3221000 -0.198167423770476
3222000 -0.153993630761117
3223000 -0.169245635896159
3224000 -0.157833080257619
3225000 -0.177234334971887
3226000 -0.152597074728854
3227000 -0.221519827872613
3228000 -0.156222281274858
3229000 -0.183378449053154
3230000 -0.170307845713313
3231000 -0.126970785426016
3232000 -0.191623949663872
3233000 -0.181434666914053
3234000 -0.195635948979958
3235000 -0.140026082884431
3236000 -0.227907166009929
3237000 -0.122303585811291
3238000 -0.176152421216821
3239000 -0.117980395124557
3240000 -0.176361885311669
3241000 -0.132723951913862
3242000 -0.149237562312617
3243000 -0.177419873755293
3244000 -0.158906413973773
3245000 -0.136825434194014
3246000 -0.181061249125777
3247000 -0.165699974852797
3248000 -0.169943465579754
3249000 -0.101275866091741
3250000 -0.168388359150874
3251000 -0.125456481885021
3252000 -0.147952253314127
3253000 -0.139936931083668
3254000 -0.173070436798171
3255000 -0.123428453025238
3256000 -0.180009153215233
3257000 -0.104752453702568
3258000 -0.205853730505547
3259000 -0.139117052583497
3260000 -0.109325449068061
3261000 -0.131397421759653
3262000 -0.171666831624277
3263000 -0.144203404106207
3264000 -0.132060067417364
3265000 -0.153103083345419
3266000 -0.195392778277799
3267000 -0.15523225267306
3268000 -0.136396539636868
3269000 -0.177414040265309
3270000 -0.135685048471725
3271000 -0.147086316209072
3272000 -0.131059142699897
3273000 -0.173248891346178
3274000 -0.138702289970861
3275000 -0.166020161240748
3276000 -0.146716036027097
3277000 -0.166600037680417
3278000 -0.161412966355674
3279000 -0.176534388396907
3280000 -0.178789021392529
3281000 -0.115959373004203
3282000 -0.166409071032497
3283000 -0.180115070928472
3284000 -0.134734508883195
3285000 -0.203216341362658
3286000 -0.178508593389844
3287000 -0.161967448165077
3288000 -0.10817029912989
3289000 -0.186329313375227
3290000 -0.16978163697154
3291000 -0.154570824314061
3292000 -0.124528070891825
3293000 -0.170999699767153
3294000 -0.162420514304901
3295000 -0.156851477099027
3296000 -0.146851375366353
3297000 -0.153286713316334
3298000 -0.108858279038624
3299000 -0.133192078100251
3300000 -0.178721968004477
3301000 -0.148223495970284
3302000 -0.151733274699455
3303000 -0.148351668023619
3304000 -0.134916835193916
3305000 -0.157934199183977
3306000 -0.0988405031785742
3307000 -0.1774176177595
3308000 -0.176314687645483
3309000 -0.0683332901405745
3310000 -0.150415879624474
3311000 -0.115643438940214
3312000 -0.104616646566985
3313000 -0.111743975539443
3314000 -0.13529472879947
3315000 -0.138635819121686
3316000 -0.0840726335290607
3317000 -0.123261888215195
3318000 -0.0832558565484613
3319000 -0.150979684617655
3320000 -0.153091655883883
3321000 -0.123315557573269
3322000 -0.134610041333251
3323000 -0.0815103955229645
3324000 -0.0994595851787631
3325000 -0.088820844107957
3326000 -0.131077267331944
3327000 -0.129091096047057
3328000 -0.107824748543085
3329000 -0.12071908776428
3330000 -0.138570899670664
3331000 -0.100509802351204
3332000 -0.145041619778154
3333000 -0.0808151255580722
3334000 -0.0800924925340571
3335000 -0.108657324329113
3336000 -0.0988664555393561
3337000 -0.0998399171950059
3338000 -0.135377651709573
3339000 -0.127496064169683
3340000 -0.0674037181148614
3341000 -0.115533486666048
3342000 -0.108501832582038
3343000 -0.160789452275047
3344000 -0.135163552610393
3345000 -0.0746967736631567
3346000 -0.147891745438433
3347000 -0.0889581504717727
3348000 -0.114259191784054
3349000 -0.108474891880514
3350000 -0.150834712076502
3351000 -0.110280629360189
3352000 -0.153383748627966
3353000 -0.139709195748786
3354000 -0.126924001738977
3355000 -0.12050458139646
3356000 -0.113092196044508
3357000 -0.127853561528513
3358000 -0.0998839519497973
3359000 -0.109665376671617
3360000 -0.11707237610041
3361000 -0.144435147201586
3362000 -0.135830362126861
3363000 -0.129732050594967
3364000 -0.11161202270509
3365000 -0.14007218765078
3366000 -0.141827808455143
3367000 -0.098397692914794
3368000 -0.137203044636713
3369000 -0.134104421031557
3370000 -0.115507940727312
3371000 -0.147530940824283
3372000 -0.135554420151456
3373000 -0.140710200699628
3374000 -0.131375707784969
3375000 -0.113331579652547
3376000 -0.14227212304597
3377000 -0.130209426087979
3378000 -0.107970540891653
3379000 -0.081257925866491
3380000 -0.14868065420258
3381000 -0.139185510624738
3382000 -0.13645217303633
3383000 -0.106663714237468
3384000 -0.108505299542204
3385000 -0.128411934061702
3386000 -0.0823578224151823
3387000 -0.133753789234498
3388000 -0.142952130950738
3389000 -0.104454194431044
3390000 -0.0995407227982988
3391000 -0.0733197625433314
3392000 -0.156739201261642
3393000 -0.107861945914268
3394000 -0.0915895060473715
3395000 -0.141721081474857
3396000 -0.0781794737014435
3397000 -0.123528770673302
3398000 -0.103455842722153
3399000 -0.103169151352046
3400000 -0.124983695644464
3401000 -0.146825453811713
3402000 -0.126122434057136
3403000 -0.131132624518099
3404000 -0.101878021421364
3405000 -0.128879694413368
3406000 -0.135517286291697
3407000 -0.0580656208772181
3408000 -0.160543471544265
3409000 -0.0985363138949615
3410000 -0.130093829969949
3411000 -0.0781033630371936
3412000 -0.122204851304788
3413000 -0.153994522753163
3414000 -0.0815918397410402
3415000 -0.156064558518903
3416000 -0.161256688467743
3417000 -0.102304955998387
3418000 -0.192120098527904
3419000 -0.154578365257946
3420000 -0.108657839522586
3421000 -0.137267854325975
3422000 -0.127054643080965
3423000 -0.135537221878532
3424000 -0.105704467625111
3425000 -0.161426247814839
3426000 -0.100409055944805
3427000 -0.129357944065156
3428000 -0.134055129660024
3429000 -0.131943257814556
3430000 -0.150683736254576
3431000 -0.12083951449466
3432000 -0.11814621620948
3433000 -0.112025027217464
3434000 -0.145032538273891
3435000 -0.132186709090902
3436000 -0.0975364268133163
3437000 -0.158703643606067
3438000 -0.135375303446181
3439000 -0.113560893354205
3440000 -0.163853296448736
3441000 -0.134133821013953
3442000 -0.164324662987126
3443000 -0.119354206860469
3444000 -0.0913534856041375
3445000 -0.0989487327389138
3446000 -0.140268272800012
3447000 -0.099568020837717
3448000 -0.130072040755063
3449000 -0.142021753361131
3450000 -0.113162878349673
3451000 -0.078177243967468
3452000 -0.114182771963806
3453000 -0.11482808125237
3454000 -0.111661442405826
3455000 -0.147843569539522
3456000 -0.135765095162391
3457000 -0.114255254167344
3458000 -0.164254182077825
3459000 -0.0944371436790896
3460000 -0.127882373866211
3461000 -0.166552261912898
3462000 -0.113239245474649
3463000 -0.143055578138529
3464000 -0.133652519320109
3465000 -0.147890935576426
3466000 -0.105473359641386
3467000 -0.119010551583189
3468000 -0.0734282848039033
3469000 -0.157732105931317
3470000 -0.107403886557859
3471000 -0.0913192574967479
3472000 -0.104291243729356
3473000 -0.145327951471517
3474000 -0.131049959335873
3475000 -0.124467043226749
3476000 -0.0762793663345705
3477000 -0.109787658273113
3478000 -0.106734133481309
3479000 -0.0810092410789147
3480000 -0.0885142154297043
3481000 -0.150102360313863
3482000 -0.0962078740864942
3483000 -0.114038401756769
3484000 -0.11083950022241
3485000 -0.122032541408376
3486000 -0.14853801427043
3487000 -0.144858977501324
3488000 -0.0774145972035491
3489000 -0.0902433162092565
3490000 -0.14000811928531
3491000 -0.0691380488578238
3492000 -0.107382575730152
3493000 -0.123631529158822
3494000 -0.120343865214213
3495000 -0.103023541089088
3496000 -0.138274729298074
3497000 -0.116701397290037
3498000 -0.144146026156119
3499000 -0.0641783495126918
3500000 -0.151814544263751
3501000 -0.103053366472898
3502000 -0.098318048027363
3503000 -0.124929654170574
3504000 -0.13121815679938
3505000 -0.134623067809771
3506000 -0.089341651935648
3507000 -0.105871068920947
3508000 -0.129973060452993
3509000 -0.0821262929887093
3510000 -0.116123355438826
3511000 -0.145892775045782
3512000 -0.0810648984994528
3513000 -0.11518567543641
3514000 -0.103148709602825
3515000 -0.119865091044617
3516000 -0.0761048225115854
3517000 -0.101849823797181
3518000 -0.141390958407818
3519000 -0.130351192995122
3520000 -0.0751794882989989
3521000 -0.141636875499179
3522000 -0.115607748481928
3523000 -0.091115200773901
3524000 -0.108464732071225
3525000 -0.150918563412323
3526000 -0.0649895742135691
3527000 -0.112424690038667
3528000 -0.122990299715173
3529000 -0.10033801157373
3530000 -0.103189243945072
3531000 -0.129615309751246
3532000 -0.133413158925244
3533000 -0.110882510014979
3534000 -0.092814249057809
3535000 -0.121748351243712
3536000 -0.118260471242335
3537000 -0.143458245376587
3538000 -0.116109479223743
3539000 -0.105223307569248
3540000 -0.141759072280753
3541000 -0.11233792094353
3542000 -0.0927148604905552
3543000 -0.131159341764758
3544000 -0.112682359842692
3545000 -0.107443028138924
3546000 -0.0729477091191364
3547000 -0.0988933523468069
3548000 -0.164597347374158
3549000 -0.103744861054963
3550000 -0.122044352865278
3551000 -0.121495931836178
3552000 -0.127431468334458
3553000 -0.146520683034874
3554000 -0.0987260470691097
3555000 -0.111134351663081
3556000 -0.130222632221542
3557000 -0.097077622710583
3558000 -0.12126580355906
3559000 -0.0841787887062631
3560000 -0.139484071243711
3561000 -0.102233637190015
3562000 -0.125299629659056
3563000 -0.135583493879822
3564000 -0.11613606854971
3565000 -0.118655671103607
3566000 -0.126570774194946
3567000 -0.14285120009828
3568000 -0.133592010120414
3569000 -0.0841277099816406
3570000 -0.109546301898015
3571000 -0.142818134874101
3572000 -0.10776289118894
3573000 -0.102953824926274
3574000 -0.115231122323088
3575000 -0.142259678986365
3576000 -0.0670564242079334
3577000 -0.11934830408855
3578000 -0.124982613786184
3579000 -0.123128645191909
3580000 -0.120218249700691
3581000 -0.120952005607851
3582000 -0.15040581213711
3583000 -0.115449114083996
3584000 -0.104312824257101
3585000 -0.0965914024209475
3586000 -0.121744119785827
3587000 -0.133009037883034
3588000 -0.100514253371006
3589000 -0.143070567008878
3590000 -0.0978160607312274
3591000 -0.133562644232385
3592000 -0.122807693248805
3593000 -0.112547959642006
3594000 -0.141373574554349
3595000 -0.129484913736314
3596000 -0.0976000487902649
3597000 -0.110667296712218
3598000 -0.10051474532053
3599000 -0.14028975474888
3600000 -0.150393200767921
3601000 -0.119921816280325
3602000 -0.134452956395763
3603000 -0.114718061460307
3604000 -0.139970825738059
3605000 -0.113419159232425
3606000 -0.128016852487216
3607000 -0.116880965903689
3608000 -0.151866907322705
3609000 -0.177248191809424
3610000 -0.114079398770838
3611000 -0.0942171717482245
3612000 -0.159476246080355
3613000 -0.148603712322722
3614000 -0.152953383415777
3615000 -0.125749451137157
3616000 -0.132854031164122
3617000 -0.100135182522975
3618000 -0.108498978092228
3619000 -0.15567686503097
3620000 -0.113524200134403
3621000 -0.165068406101529
3622000 -0.173181402174344
3623000 -0.0838426523735585
3624000 -0.108232465975913
3625000 -0.10860936255779
3626000 -0.137599839165446
3627000 -0.152370939487781
3628000 -0.135890300604523
3629000 -0.123227225723256
3630000 -0.124311679544791
3631000 -0.129212512356034
3632000 -0.110275004297681
3633000 -0.115258308232243
3634000 -0.129405109701663
3635000 -0.0923551526181015
3636000 -0.159508562685748
3637000 -0.179643681504293
3638000 -0.128981542995035
3639000 -0.144517020934981
3640000 -0.134702837745262
3641000 -0.126894085814122
3642000 -0.152699488085541
3643000 -0.0833647813943803
3644000 -0.168387224512488
3645000 -0.124415739310123
3646000 -0.0874160850371029
3647000 -0.107313528378297
3648000 -0.1376948868426
3649000 -0.151623470929804
3650000 -0.166065917348445
3651000 -0.105436930590435
3652000 -0.140066315739888
3653000 -0.119334850350613
3654000 -0.145874169418161
3655000 -0.0974290218594907
3656000 -0.154688059782347
3657000 -0.109003239352299
3658000 -0.125018814807091
3659000 -0.117810988874796
3660000 -0.0790464053470586
3661000 -0.108909446074026
3662000 -0.137670680008889
3663000 -0.106543162134489
3664000 -0.124254729370445
3665000 -0.11316726277111
3666000 -0.109758898002219
3667000 -0.126263893507718
3668000 -0.0893697440749189
3669000 -0.12011193405141
3670000 -0.126784383084905
3671000 -0.116555802199494
3672000 -0.108143052019963
3673000 -0.0673566071225516
3674000 -0.128896309775433
3675000 -0.0993101223552305
3676000 -0.0947262223259979
3677000 -0.108872137253442
3678000 -0.0807772971698713
3679000 -0.123825698478404
3680000 -0.151811983109478
3681000 -0.0752939774239964
3682000 -0.110211549641091
3683000 -0.121879954305278
3684000 -0.0962479236680048
3685000 -0.135897202389814
3686000 -0.125576089219558
3687000 -0.126523204149361
3688000 -0.114503989899806
3689000 -0.0978409821167946
3690000 -0.124751048126538
3691000 -0.108403343501804
3692000 -0.159840734868181
3693000 -0.126070572427157
3694000 -0.0839483572336088
3695000 -0.158848699537378
3696000 -0.0975651660246385
3697000 -0.111453686564763
3698000 -0.0682673579613774
3699000 -0.0923149545317767
3700000 -0.0997989045080521
3701000 -0.137522935392223
3702000 -0.104944862897802
3703000 -0.116007931000197
3704000 -0.14289623995863
3705000 -0.0562312567531557
3706000 -0.120836287092824
3707000 -0.104098816317778
3708000 -0.133014200229046
3709000 -0.0841008795996773
3710000 -0.100914206872027
3711000 -0.0973961260157149
3712000 -0.116050448961113
3713000 -0.0700274365874147
3714000 -0.115881842787202
3715000 -0.152657262323151
3716000 -0.144721363759586
3717000 -0.117977297226485
3718000 -0.119457361776318
3719000 -0.147017657484797
3720000 -0.119854239399425
3721000 -0.143048537889328
3722000 -0.0966036931689079
3723000 -0.0977404357391255
3724000 -0.133681916508413
3725000 -0.101746153416249
3726000 -0.128911822359724
3727000 -0.162918463730423
3728000 -0.104059127144287
3729000 -0.13881565779642
3730000 -0.138004270546879
3731000 -0.115471856849733
3732000 -0.165039796339266
3733000 -0.0853085770659102
3734000 -0.136769271279208
3735000 -0.143434820237096
3736000 -0.130836210439424
3737000 -0.146049060124245
3738000 -0.117931687735005
3739000 -0.121243943085212
3740000 -0.103718793761298
3741000 -0.1438034516749
3742000 -0.117873653959882
3743000 -0.133541908666239
3744000 -0.126395413370993
3745000 -0.112881937270702
3746000 -0.135992091770385
3747000 -0.126626425222084
3748000 -0.140300900713908
3749000 -0.116766119087128
3750000 -0.0943355430736017
3751000 -0.145087574131491
3752000 -0.123251333118048
3753000 -0.105220169486732
3754000 -0.125293083481081
3755000 -0.114731455818111
3756000 -0.120312899349033
3757000 -0.122620408845511
3758000 -0.0933503352150055
3759000 -0.133729728185355
3760000 -0.118623513592607
3761000 -0.151500898016749
3762000 -0.101765470872798
3763000 -0.138091425236242
3764000 -0.146365918349725
3765000 -0.133720493131437
3766000 -0.185759653477016
3767000 -0.105949500978017
3768000 -0.127675251991471
3769000 -0.125819804904566
3770000 -0.0847200723839288
3771000 -0.136420892993573
3772000 -0.118547035539121
3773000 -0.107894920256832
3774000 -0.107216302593058
3775000 -0.150561346856906
3776000 -0.159397513250298
3777000 -0.127684950171019
3778000 -0.139204636655965
3779000 -0.152318997690543
3780000 -0.139907579161102
3781000 -0.123673170106682
3782000 -0.103154598860675
3783000 -0.119318275184412
3784000 -0.147427228668815
3785000 -0.107214515418342
3786000 -0.143263124173323
3787000 -0.151912672005653
3788000 -0.0932095219067824
3789000 -0.0985943215958891
3790000 -0.106818389160355
3791000 -0.0802194958083294
3792000 -0.142303381436618
3793000 -0.131172200094924
3794000 -0.122338481969482
3795000 -0.1159028588037
3796000 -0.125712812786622
3797000 -0.131527035959723
3798000 -0.123246054056139
3799000 -0.0866599230617049
3800000 -0.154141047891058
3801000 -0.101141531776642
3802000 -0.0985431400800069
3803000 -0.145617194929843
3804000 -0.128448712851368
3805000 -0.12238318365249
3806000 -0.129899614076521
3807000 -0.147090643312561
3808000 -0.123374735085897
3809000 -0.139720947107779
3810000 -0.120541448829342
3811000 -0.114310399312103
3812000 -0.127601252831591
3813000 -0.127696887096133
3814000 -0.136038355820209
3815000 -0.127587789636386
3816000 -0.139034372874484
3817000 -0.16048164884144
3818000 -0.115011977881588
3819000 -0.127860896583822
3820000 -0.133676816290221
3821000 -0.131349780643125
3822000 -0.144156183690051
3823000 -0.116716450353897
3824000 -0.170418064697031
3825000 -0.149837500922822
3826000 -0.132515577508041
3827000 -0.144831308541327
3828000 -0.0920571923781816
3829000 -0.108188326336338
3830000 -0.0942168079761107
3831000 -0.117422265804453
3832000 -0.118179743269453
3833000 -0.0877186343477692
3834000 -0.163916683039875
3835000 -0.103474316840085
3836000 -0.118806715906857
3837000 -0.102465434162712
3838000 -0.130141912389825
3839000 -0.0915744754179507
3840000 -0.109273668179915
3841000 -0.125017649636915
3842000 -0.11584677251449
3843000 -0.111194283177072
3844000 -0.0791462940276309
3845000 -0.085899317749739
3846000 -0.0952738324963709
3847000 -0.0954929836914943
3848000 -0.111819419690724
3849000 -0.135129697988896
3850000 -0.0722261964367053
3851000 -0.103928062386676
3852000 -0.0874897103277229
3853000 -0.110205970182816
3854000 -0.103447979438574
3855000 -0.0737977045509004
3856000 -0.132959370933875
3857000 -0.0787244732935559
3858000 -0.112760079725986
3859000 -0.11058542746993
3860000 -0.1058505785607
3861000 -0.140029060212987
3862000 -0.0950645939362019
3863000 -0.102923232999439
3864000 -0.0928314175070067
3865000 -0.141985173919983
3866000 -0.10804439703479
3867000 -0.125258644333903
3868000 -0.125340991796748
3869000 -0.11616724396566
3870000 -0.0878684161501062
3871000 -0.14067877935915
3872000 -0.129070953847727
3873000 -0.11266611461589
3874000 -0.0836692806546711
3875000 -0.104062054374668
3876000 -0.108966501504518
3877000 -0.121703859550216
3878000 -0.100742364382215
3879000 -0.117324585503523
3880000 -0.0951649737182174
3881000 -0.131321461777799
3882000 -0.0846639633707395
3883000 -0.13058153307128
3884000 -0.0941860624561917
3885000 -0.117839459257925
3886000 -0.101291565811657
3887000 -0.11790522150491
3888000 -0.12467469138763
3889000 -0.0919982007057175
3890000 -0.15048448024647
3891000 -0.118549257944572
3892000 -0.141608316946423
3893000 -0.0728228481611169
3894000 -0.0943687603184723
3895000 -0.122156330274842
3896000 -0.139730633210583
3897000 -0.120211207474304
3898000 -0.115422963344024
3899000 -0.146875261771931
3900000 -0.0938629573188706
3901000 -0.119973198107149
3902000 -0.127181925038299
3903000 -0.118520445238496
3904000 -0.12391887465183
3905000 -0.099368640264453
3906000 -0.128693045619541
3907000 -0.0953213659758496
3908000 -0.139345522483708
3909000 -0.13980451193432
3910000 -0.126259469173825
3911000 -0.100654968821219
3912000 -0.071468002291974
3913000 -0.0631021497692258
3914000 -0.121840611185166
3915000 -0.111465863269981
3916000 -0.0935012341522561
3917000 -0.114247568550103
3918000 -0.104869814950041
3919000 -0.154893075027037
3920000 -0.106514901344224
3921000 -0.127161477990153
3922000 -0.150130191297404
3923000 -0.106764593619981
3924000 -0.0978505928334389
3925000 -0.11152813351212
3926000 -0.0413398020269166
3927000 -0.116505565510756
3928000 -0.113841041777873
3929000 -0.110113743502298
3930000 -0.126177794777134
3931000 -0.0844818886903472
3932000 -0.0580931624673074
3933000 -0.141352597635127
3934000 -0.131478814450868
3935000 -0.097431750250708
3936000 -0.112175542519595
3937000 -0.126783989494269
3938000 -0.100094244199365
3939000 -0.143696532995634
3940000 -0.108194475664103
3941000 -0.127712844294919
3942000 -0.0954633416192443
3943000 -0.154179605291353
3944000 -0.128580254987764
3945000 -0.10258623759827
3946000 -0.0859934454315803
3947000 -0.127126347327547
3948000 -0.0850236689943236
3949000 -0.0932331365948183
3950000 -0.102545984436872
3951000 -0.0889875698723617
3952000 -0.152573542440998
3953000 -0.0867426122797846
3954000 -0.111624743562596
3955000 -0.118619242513023
3956000 -0.0988106423520467
3957000 -0.136158704390803
3958000 -0.137280653947705
3959000 -0.109675405579662
3960000 -0.136580394713174
3961000 -0.112414473801847
3962000 -0.154193707078009
3963000 -0.114092404305224
3964000 -0.0720397998590452
3965000 -0.129212295265132
3966000 -0.0636627465894871
3967000 -0.0852372887816649
3968000 -0.113175687663047
3969000 -0.146087369798251
3970000 -0.126864322200295
3971000 -0.0718856525345731
3972000 -0.153680724467962
3973000 -0.104359351133663
3974000 -0.115981918745553
3975000 -0.0927571531169634
3976000 -0.110204698733669
3977000 -0.111387122378917
3978000 -0.122083075616899
3979000 -0.118725946602361
3980000 -0.100003169601451
3981000 -0.108078922927123
3982000 -0.109852858924174
3983000 -0.12425009090851
3984000 -0.110620096355983
3985000 -0.13984880598459
3986000 -0.123329237828951
3987000 -0.136939476573086
3988000 -0.113527541003022
3989000 -0.135594578025709
3990000 -0.0796105984836157
3991000 -0.156318607866964
3992000 -0.139820938946166
3993000 -0.125805999462757
3994000 -0.140733915628155
3995000 -0.142858117783612
3996000 -0.0814072201524847
3997000 -0.134272763841843
3998000 -0.131555342812881
3999000 -0.0980300850853299
4000000 -0.139411398418244
4001000 -0.101950528937137
4002000 -0.149855780550822
4003000 -0.113606985073562
4004000 -0.145186410090281
4005000 -0.150108101148548
4006000 -0.100938242889926
4007000 -0.136494534760781
4008000 -0.120839092004129
4009000 -0.116653086224383
4010000 -0.134215805834351
4011000 -0.0898208859537883
4012000 -0.0929447226751656
4013000 -0.13938405734791
4014000 -0.150999561226636
4015000 -0.145060330039018
4016000 -0.110472921468541
4017000 -0.114163054373442
4018000 -0.132203296373685
4019000 -0.124554337645159
4020000 -0.150600307024273
4021000 -0.12569504294373
4022000 -0.111255343370033
4023000 -0.157992188592843
4024000 -0.124320855609657
4025000 -0.127743343863895
4026000 -0.125720062116723
4027000 -0.127426419526684
4028000 -0.14462770240061
4029000 -0.078642398813383
4030000 -0.139861378741518
4031000 -0.113924649784114
4032000 -0.128561415221991
4033000 -0.119417451030451
4034000 -0.138797677935033
4035000 -0.149592717180429
4036000 -0.169631762841415
4037000 -0.0985989935120916
4038000 -0.139194104518219
4039000 -0.102888550673461
4040000 -0.149276957445892
4041000 -0.140079878178741
4042000 -0.104870905632621
4043000 -0.142706397344186
4044000 -0.133816076703854
4045000 -0.145437065327822
4046000 -0.148979287981018
4047000 -0.123368906246248
4048000 -0.16376329712315
4049000 -0.123403906673932
4050000 -0.146390961470941
4051000 -0.165173341468177
4052000 -0.0957474385746892
4053000 -0.146101229445918
4054000 -0.1323298287424
4055000 -0.111787210181359
4056000 -0.119083653747301
4057000 -0.0988238499140151
4058000 -0.145505362091203
4059000 -0.145647994785267
4060000 -0.142825471854364
4061000 -0.119808024901864
4062000 -0.125599090605083
4063000 -0.15791900812184
4064000 -0.13866749195251
4065000 -0.146660036074327
4066000 -0.115742018293341
4067000 -0.141546210446154
4068000 -0.138707874531622
4069000 -0.141512782440663
4070000 -0.105597686861748
4071000 -0.137509837076844
4072000 -0.131644700699007
4073000 -0.146518199214664
4074000 -0.147771007667608
4075000 -0.134834812629908
4076000 -0.157784090061982
4077000 -0.141274533287198
4078000 -0.179575559575751
4079000 -0.185984501109111
4080000 -0.140894219980695
4081000 -0.135155554617679
4082000 -0.11734102437102
4083000 -0.137436602227585
4084000 -0.173559622465938
4085000 -0.12759711080973
4086000 -0.128458181217824
4087000 -0.110490951007592
4088000 -0.120049095706609
4089000 -0.134055263537902
4090000 -0.155712458851112
4091000 -0.125241675591116
4092000 -0.137572473596161
4093000 -0.168904195854581
4094000 -0.104697229181003
4095000 -0.152146237756421
4096000 -0.121952440969227
4097000 -0.17695337280448
4098000 -0.136609482874701
4099000 -0.131429577283835
4100000 -0.152182194710269
4101000 -0.148816786270364
4102000 -0.173316385142115
4103000 -0.146761021688528
4104000 -0.14461991393221
4105000 -0.169180865363795
4106000 -0.156804935562885
4107000 -0.102464471706017
4108000 -0.132587468260675
4109000 -0.171960552352946
4110000 -0.15303262758115
4111000 -0.123096684831537
4112000 -0.145170833343448
4113000 -0.132242670031537
4114000 -0.108246583268382
4115000 -0.148593808796995
4116000 -0.113400700324169
4117000 -0.116436271116461
4118000 -0.165674422364617
4119000 -0.164788061190828
4120000 -0.141414587562979
4121000 -0.16481118459812
4122000 -0.138362074492078
4123000 -0.149184789980794
4124000 -0.129825059259469
4125000 -0.117543933463142
4126000 -0.161771076980943
4127000 -0.138170884339827
4128000 -0.148235058147522
4129000 -0.150153089643464
4130000 -0.156035914405499
4131000 -0.120386713899826
4132000 -0.189544989042053
4133000 -0.112801213422517
4134000 -0.0985227903237954
4135000 -0.148142469301717
4136000 -0.108605067477684
4137000 -0.125407135712827
4138000 -0.155406604893351
4139000 -0.12571284309422
4140000 -0.131303744528187
4141000 -0.155153483327225
4142000 -0.175354848177125
4143000 -0.12485361756055
4144000 -0.156383842256971
4145000 -0.142433253919124
4146000 -0.119183648121073
4147000 -0.147236749923049
4148000 -0.172965520456594
4149000 -0.132569624477805
4150000 -0.106496455718288
4151000 -0.144946640589988
4152000 -0.130441264344175
4153000 -0.177089878930236
4154000 -0.140470998131447
4155000 -0.160884659242163
4156000 -0.139158092256435
4157000 -0.138886211599019
4158000 -0.187074283005607
4159000 -0.159955761501389
4160000 -0.134729464718
4161000 -0.133760577716367
4162000 -0.114510012930315
4163000 -0.169695370792522
4164000 -0.154474418340003
4165000 -0.190189982708438
4166000 -0.147823040671504
4167000 -0.187863928659569
4168000 -0.131852472615305
4169000 -0.150603615032574
4170000 -0.14018010606906
4171000 -0.165726537293821
4172000 -0.176625293332915
4173000 -0.110990354294554
4174000 -0.170664682492198
4175000 -0.12248782044956
4176000 -0.175944594522841
4177000 -0.159256547571255
4178000 -0.110098779343602
4179000 -0.186192387295076
4180000 -0.135908362321257
4181000 -0.159531873602446
4182000 -0.150948312349179
4183000 -0.18149222193609
4184000 -0.15400600995684
4185000 -0.178252212394987
4186000 -0.149397764221291
4187000 -0.136202217897448
4188000 -0.144645600769254
4189000 -0.120279966433894
4190000 -0.137665578947765
4191000 -0.156552928399354
4192000 -0.14747479074667
4193000 -0.116521850347032
4194000 -0.161955509664912
4195000 -0.109161553768725
4196000 -0.146964319428672
4197000 -0.144450842932504
4198000 -0.143120886619698
4199000 -0.160772484521729
4200000 -0.140479413668568
4201000 -0.179029152289986
4202000 -0.13756017498395
4203000 -0.161166971434633
4204000 -0.116779683775462
4205000 -0.116965280197343
4206000 -0.140470422789066
4207000 -0.0945139409437755
4208000 -0.130457144240725
4209000 -0.147742636139165
4210000 -0.136836660041628
4211000 -0.0858534957773888
4212000 -0.187108794024695
4213000 -0.121062365387055
4214000 -0.0977563779164915
4215000 -0.153366324007257
4216000 -0.120895423296394
4217000 -0.153565821967425
4218000 -0.126941891192356
4219000 -0.137074962931567
4220000 -0.133461446409415
4221000 -0.137428552182989
4222000 -0.123076480605405
4223000 -0.136479022359935
4224000 -0.110668811447666
4225000 -0.122460364878491
4226000 -0.160480918557947
4227000 -0.120500724452926
4228000 -0.158653170174498
4229000 -0.111031174124149
4230000 -0.1328885961329
4231000 -0.130009088142026
4232000 -0.165631413967777
4233000 -0.115696963239384
4234000 -0.152732283913017
4235000 -0.15259160380046
4236000 -0.10960350712153
4237000 -0.163849127403879
4238000 -0.0929446810833622
4239000 -0.161829127904206
4240000 -0.137161897982704
4241000 -0.14203922131089
4242000 -0.137485497118652
4243000 -0.163581794390925
4244000 -0.13149171082431
4245000 -0.143713162247119
4246000 -0.132115517682346
4247000 -0.148529361140354
4248000 -0.145678968690977
4249000 -0.130052491129442
4250000 -0.140775353839876
4251000 -0.16102949396297
4252000 -0.150603575025851
4253000 -0.127043481686162
4254000 -0.155878953724119
4255000 -0.147355121962787
4256000 -0.106570037655097
4257000 -0.151069003738261
4258000 -0.147061313294464
4259000 -0.195195454819263
4260000 -0.126115129398247
4261000 -0.161892436412046
4262000 -0.142097081295793
4263000 -0.159225971938824
4264000 -0.191156667885405
4265000 -0.106179522193719
4266000 -0.165378863884964
4267000 -0.103156550769326
4268000 -0.151516878788274
4269000 -0.145343335600456
4270000 -0.165569989997558
4271000 -0.183354557625667
4272000 -0.129449729314624
4273000 -0.156810012452655
4274000 -0.15590224247831
4275000 -0.158377699994865
4276000 -0.145943872908269
4277000 -0.166376990605544
4278000 -0.12732079619832
4279000 -0.195243704664767
4280000 -0.149097503165847
4281000 -0.130894002382575
4282000 -0.142412823120119
4283000 -0.191750153938316
4284000 -0.138047197547156
4285000 -0.160642223380806
4286000 -0.17310559153922
4287000 -0.135177812961371
4288000 -0.16054577619497
4289000 -0.158592378043845
4290000 -0.154602954481241
4291000 -0.145014104202121
4292000 -0.13858882471115
4293000 -0.147217382931214
4294000 -0.15285426996859
4295000 -0.147711990410145
4296000 -0.142418889164643
4297000 -0.160675854557612
4298000 -0.156307294443288
4299000 -0.171122591542746
4300000 -0.125013077655971
4301000 -0.126543732608598
4302000 -0.129553061751878
4303000 -0.176810157127885
4304000 -0.165441048881859
4305000 -0.176128188386808
4306000 -0.151886376114169
4307000 -0.180941849551147
4308000 -0.148888116554579
4309000 -0.152342813636881
4310000 -0.164661595061478
4311000 -0.166307297345954
4312000 -0.158695836573697
4313000 -0.154840493718291
4314000 -0.145073786648138
4315000 -0.158626756067631
4316000 -0.142824955903023
4317000 -0.150038121388579
4318000 -0.162766444230679
4319000 -0.184961731642564
4320000 -0.154985977916043
4321000 -0.19374430376023
4322000 -0.167280324578351
4323000 -0.126387962948289
4324000 -0.187491127921165
4325000 -0.113568497788409
4326000 -0.209516956881751
4327000 -0.139730866019053
4328000 -0.170276020696784
4329000 -0.175967843851839
4330000 -0.163394031488334
4331000 -0.16578172270101
4332000 -0.130462695349015
4333000 -0.169514393340455
4334000 -0.14596216271831
4335000 -0.159637699525892
4336000 -0.147917359154492
4337000 -0.147934704665416
4338000 -0.140171100452105
4339000 -0.185684017794941
4340000 -0.172630926849967
4341000 -0.165695932456038
4342000 -0.186821221995679
4343000 -0.14704944328629
4344000 -0.136222692472946
4345000 -0.15703782874226
4346000 -0.150814580433042
4347000 -0.204183448634831
4348000 -0.188810750304793
4349000 -0.138674940754384
4350000 -0.190654864884367
4351000 -0.161553665600313
4352000 -0.160751740979725
4353000 -0.140627511663008
4354000 -0.160679121171065
4355000 -0.164421782294181
4356000 -0.152715867858945
4357000 -0.138881256139544
4358000 -0.170292354558567
4359000 -0.167567994989608
4360000 -0.152314054066373
4361000 -0.166488889165579
4362000 -0.161009786230213
4363000 -0.181951495831275
4364000 -0.204023026333358
4365000 -0.154130556076498
4366000 -0.187914995533004
4367000 -0.153161675717506
4368000 -0.169968007236101
4369000 -0.18276096342425
4370000 -0.150144289891678
4371000 -0.178392339079634
4372000 -0.165775100005922
4373000 -0.183414700025726
4374000 -0.122206009005652
4375000 -0.165926163605758
4376000 -0.151290745458773
4377000 -0.175144524843589
4378000 -0.14946512327614
4379000 -0.153692474307843
4380000 -0.206265440280845
4381000 -0.188272670542028
4382000 -0.191835139613737
4383000 -0.153730851004969
4384000 -0.190336749974152
4385000 -0.174003930606209
4386000 -0.192726049765466
4387000 -0.176171977565935
4388000 -0.160043059892126
4389000 -0.191151543367752
4390000 -0.155719798150455
4391000 -0.161572190976506
4392000 -0.160188024864397
4393000 -0.193758856208329
4394000 -0.121980494245312
4395000 -0.186297084263099
4396000 -0.13609176925772
4397000 -0.188556296671243
4398000 -0.176111437025207
4399000 -0.139350129001611
4400000 -0.222895563347026
4401000 -0.185750281450652
4402000 -0.177929286500657
4403000 -0.169404556190986
4404000 -0.181022527384561
4405000 -0.187303692165373
4406000 -0.18313230837929
4407000 -0.180259690464991
4408000 -0.17332029974601
4409000 -0.194561085119569
4410000 -0.210935382078022
4411000 -0.177833515333356
4412000 -0.202874911366379
4413000 -0.209073326492459
4414000 -0.181538591743319
4415000 -0.197537762839405
4416000 -0.144982345531104
4417000 -0.218732720736805
4418000 -0.19358331301569
4419000 -0.221458285586334
4420000 -0.210773563743055
4421000 -0.211859497922837
4422000 -0.206078881391027
4423000 -0.219766046748215
4424000 -0.217219273717563
4425000 -0.143858816504207
4426000 -0.15875162272604
4427000 -0.172985702978852
4428000 -0.180517994917768
4429000 -0.17678249223907
4430000 -0.213339416221872
4431000 -0.163419340806858
4432000 -0.176326251317235
4433000 -0.173703473724395
4434000 -0.184331229196921
4435000 -0.168519142338241
4436000 -0.153938519622045
4437000 -0.200398792052368
4438000 -0.170435896631366
4439000 -0.171820566866471
4440000 -0.188017821278131
4441000 -0.206363552394001
4442000 -0.220681654639677
4443000 -0.196656439812005
4444000 -0.182545362983188
4445000 -0.188573806649968
4446000 -0.161165785202419
4447000 -0.178498938495631
4448000 -0.2269569502177
4449000 -0.194189844618585
4450000 -0.205546872667492
4451000 -0.19527499165678
4452000 -0.200258364819258
4453000 -0.22125228592811
4454000 -0.152441830925428
4455000 -0.218010410423657
4456000 -0.201707369127191
4457000 -0.253890501119333
4458000 -0.173716072451149
4459000 -0.185940782608001
4460000 -0.211464624553487
4461000 -0.205353931746656
4462000 -0.157824475263743
4463000 -0.181497921227882
4464000 -0.171527856612575
4465000 -0.215877795944091
4466000 -0.195064281616862
4467000 -0.194767573980089
4468000 -0.19521924022783
4469000 -0.198484012361706
4470000 -0.178472740226951
4471000 -0.182487586834013
4472000 -0.242192200880701
4473000 -0.217243064727854
4474000 -0.172110836589749
4475000 -0.197412676113192
4476000 -0.167450228456689
4477000 -0.165697837665519
4478000 -0.186278958467957
4479000 -0.206533528334766
4480000 -0.189646202606273
4481000 -0.197485136061704
4482000 -0.186835525823587
4483000 -0.215447078454471
4484000 -0.193895449523419
4485000 -0.172790161200527
4486000 -0.202333429119939
4487000 -0.211790227100447
4488000 -0.155914587134732
4489000 -0.199537379819459
4490000 -0.167300229273731
4491000 -0.226490991332157
4492000 -0.189499246363293
4493000 -0.200555856827727
4494000 -0.178655784205604
4495000 -0.177298653553654
4496000 -0.216849048413491
4497000 -0.195554413594395
4498000 -0.198590226645652
4499000 -0.169510528732277
4500000 -0.18738932780832
4501000 -0.192364975847924
4502000 -0.205490881280459
4503000 -0.247434112428269
4504000 -0.186816049872154
4505000 -0.187434432541198
4506000 -0.220130115199747
4507000 -0.17642895590957
4508000 -0.174289618096459
4509000 -0.221879800384533
4510000 -0.181109992286099
4511000 -0.205523877544865
4512000 -0.157505066145923
4513000 -0.164873399683921
4514000 -0.189630895434986
4515000 -0.179641527339116
4516000 -0.168998890448059
4517000 -0.210759227729855
4518000 -0.15771587550097
4519000 -0.187448365427518
4520000 -0.213306482782452
4521000 -0.176403573383649
4522000 -0.208806974199073
4523000 -0.181544507056843
4524000 -0.209031324868391
4525000 -0.217080953411254
4526000 -0.189171982059082
4527000 -0.192225407629348
4528000 -0.203140429893711
4529000 -0.210072959175412
4530000 -0.186238605836055
4531000 -0.196382386869306
4532000 -0.159750611433642
4533000 -0.170211079771805
4534000 -0.189500407354518
4535000 -0.207733193583125
4536000 -0.192491023206481
4537000 -0.212645452120996
4538000 -0.202069101271148
4539000 -0.196603320374129
4540000 -0.17490707419991
4541000 -0.207767431814534
4542000 -0.188571730624665
4543000 -0.191960473237097
4544000 -0.17672240598833
4545000 -0.205923260338971
4546000 -0.201577165124607
4547000 -0.226727821264567
4548000 -0.190125590002602
4549000 -0.15881959770273
4550000 -0.250501816268426
4551000 -0.212676015509435
4552000 -0.194726173920967
4553000 -0.188463186252407
4554000 -0.198769974610934
4555000 -0.182813878941835
4556000 -0.216260826939231
4557000 -0.215840400280357
4558000 -0.212503794824196
4559000 -0.221247566150271
4560000 -0.222526729023149
4561000 -0.220371264167108
4562000 -0.242557652654129
4563000 -0.200979623458222
4564000 -0.233826616333139
4565000 -0.234844957696091
4566000 -0.196125687713982
4567000 -0.196528955501804
4568000 -0.194464004340416
4569000 -0.219684707723486
4570000 -0.197126513073048
4571000 -0.18715621567437
4572000 -0.153759213724813
4573000 -0.227208263227437
4574000 -0.241313217729203
4575000 -0.218267359323551
4576000 -0.205628447678572
4577000 -0.196724837416114
4578000 -0.220420068163402
4579000 -0.20064079174725
4580000 -0.224231447955109
4581000 -0.200973969160171
4582000 -0.185124920897892
4583000 -0.193306052889868
4584000 -0.241384865496525
4585000 -0.172186228141642
4586000 -0.216951936455182
4587000 -0.236914532883416
4588000 -0.219759681135668
4589000 -0.202506720128927
4590000 -0.220806676764372
4591000 -0.212186205448593
4592000 -0.235867623513062
4593000 -0.205697775695829
4594000 -0.213427906608616
4595000 -0.205318453771109
4596000 -0.217108491113767
4597000 -0.233614791135691
4598000 -0.149544519919318
4599000 -0.236838646694052
4600000 -0.237212919987161
4601000 -0.21166266295223
4602000 -0.228089887011387
4603000 -0.21733643547786
4604000 -0.192513920772998
4605000 -0.194569410968796
4606000 -0.204576686939951
4607000 -0.19991876658881
4608000 -0.217129409322143
4609000 -0.238382256993611
4610000 -0.209198698873197
4611000 -0.180174913180088
4612000 -0.186511394146881
4613000 -0.25714293012336
4614000 -0.194596734495698
4615000 -0.221408146328153
4616000 -0.209361541745421
4617000 -0.192602538798038
4618000 -0.22449090644586
4619000 -0.195371350960689
4620000 -0.239861397986127
4621000 -0.159660513641448
4622000 -0.209230943591545
4623000 -0.217175066342732
4624000 -0.223635746461314
4625000 -0.246798546217895
4626000 -0.214966949639711
4627000 -0.231839236054768
4628000 -0.248794522354666
4629000 -0.224890960473128
4630000 -0.198019639929696
4631000 -0.190044595150139
4632000 -0.206832982039317
4633000 -0.247664018655705
4634000 -0.231618387928808
4635000 -0.259027045582829
4636000 -0.227404498127887
4637000 -0.255036653275348
4638000 -0.224972468491387
4639000 -0.25062898671681
4640000 -0.203802475044025
4641000 -0.191660711759212
4642000 -0.23577526240672
4643000 -0.221814919736673
4644000 -0.210386003672678
4645000 -0.217961157086604
4646000 -0.214060500181113
4647000 -0.192450423315497
4648000 -0.215393211990333
4649000 -0.196575500744392
4650000 -0.19869677282823
4651000 -0.230853206446354
4652000 -0.223702663017983
4653000 -0.240517371931778
4654000 -0.223443048956312
4655000 -0.197270403096011
4656000 -0.230238470184985
4657000 -0.222573744809609
4658000 -0.240973277925383
4659000 -0.233419391432773
4660000 -0.255559277847885
4661000 -0.220304659901146
4662000 -0.236040380530571
4663000 -0.243400680655265
4664000 -0.212000684817807
4665000 -0.239259471135285
4666000 -0.206524938511479
4667000 -0.216160899107107
4668000 -0.239536058940497
4669000 -0.199158289383064
4670000 -0.220086967789315
4671000 -0.247224594621673
4672000 -0.244080845110932
4673000 -0.220800760101658
4674000 -0.228589710429344
4675000 -0.254746299535722
4676000 -0.220338711061565
4677000 -0.192793461268569
4678000 -0.189937762199433
4679000 -0.201280634307905
4680000 -0.245127263073755
4681000 -0.207092604628901
4682000 -0.2158573811982
4683000 -0.231641662121397
4684000 -0.210316129907559
4685000 -0.221129970803914
4686000 -0.211953322255652
4687000 -0.244351207493884
4688000 -0.261008504532725
4689000 -0.209301233326157
4690000 -0.214763299987339
4691000 -0.197864014910444
4692000 -0.229541411909205
4693000 -0.259754623606965
4694000 -0.207858099849974
4695000 -0.248400981258442
4696000 -0.247346588926162
4697000 -0.218635797279579
4698000 -0.226370778828386
4699000 -0.210691738800098
4700000 -0.218447423838935
4701000 -0.224547673434357
4702000 -0.232403045594162
4703000 -0.207756121939412
4704000 -0.225591977606435
4705000 -0.234647142077893
4706000 -0.169883992819786
4707000 -0.219116557558268
4708000 -0.214484489639579
4709000 -0.228927471772216
4710000 -0.219277191855704
4711000 -0.21490580268307
4712000 -0.208632384899753
4713000 -0.228358678226572
4714000 -0.229848462492855
4715000 -0.222399603637236
4716000 -0.228159972896384
4717000 -0.198752542627579
4718000 -0.207127410499468
4719000 -0.19565322586621
4720000 -0.258966738300277
4721000 -0.214115837851562
4722000 -0.223045906755471
4723000 -0.19657988634015
4724000 -0.223401882489674
4725000 -0.229817653548803
4726000 -0.253805257071236
4727000 -0.17241475420435
4728000 -0.243049812929465
4729000 -0.256063699044862
4730000 -0.225122918900887
4731000 -0.215315456295389
4732000 -0.24821479567551
4733000 -0.230744569134673
4734000 -0.223224218918908
4735000 -0.219100876504268
4736000 -0.209430218941948
4737000 -0.244311995077989
4738000 -0.232666082308995
4739000 -0.197400620195145
4740000 -0.217912503840516
4741000 -0.23185006235235
4742000 -0.24188989194305
4743000 -0.263657063439748
4744000 -0.207292288595105
4745000 -0.24689652668061
4746000 -0.229096189281059
4747000 -0.226408448653006
4748000 -0.198240017341797
4749000 -0.213243904860313
4750000 -0.215308830107206
4751000 -0.226893391795832
4752000 -0.200795262873571
4753000 -0.218590833238293
4754000 -0.222088125530285
4755000 -0.199015418905739
4756000 -0.223386480959711
4757000 -0.0418031405172551
4758000 -0.0619477835033942
4759000 -0.0303445208919866
4760000 -0.0956239246843857
4761000 -0.0255235352262321
4762000 -0.0425959660283408
4763000 -0.137057792043751
4764000 0.039995667892705
4765000 -0.00173431233033784
4766000 -0.0643345401474533
4767000 -0.0323183294572021
4768000 -0.0733091753597609
4769000 -0.0959632444411901
4770000 0.00148657181937588
4771000 -0.127040622658322
4772000 -0.0441788067139819
4773000 -0.0582830192795364
4774000 -0.0277836301995041
4775000 -0.119800734102804
4776000 -0.014379294284842
4777000 -0.0928212315540534
4778000 -0.0297790262339194
4779000 -0.0750288275132432
4780000 -0.076050511958127
4781000 -0.0628008411992493
4782000 -0.0289138873871262
4783000 -0.0384256727217307
4784000 -0.0708962313644977
4785000 -0.0119674716912917
4786000 -0.0463985233910025
4787000 -0.0202447434228742
4788000 -0.0785690216853918
4789000 -0.0382229781509321
4790000 -0.0631485350553718
4791000 -0.0414215909549072
4792000 -0.00465453836431037
4793000 -0.105530750867307
4794000 -0.0760860687345248
4795000 -0.0309649637848182
4796000 -0.0829531365338089
4797000 -0.0713689093399549
4798000 -0.0501914445950843
4799000 -0.0732706148932468
4800000 -0.083921588938901
4801000 -0.0511481296975259
4802000 -0.0585153921388178
4803000 -0.0886803593885036
4804000 -0.0167294706424144
4805000 -0.0546356934137852
4806000 -0.0775197103986522
4807000 -0.0323001449675979
4808000 -0.0692767791309069
4809000 -0.0638949716431534
4810000 -0.0514642548447579
4811000 -0.033820328588499
4812000 -0.0481739006569983
4813000 -0.05699185625893
4814000 -0.0672111491078492
4815000 -0.0573102438900993
4816000 -0.0496345631061737
4817000 -0.0807264273923486
4818000 -0.0845081025793602
4819000 -0.0590328197350922
4820000 -0.013651672098593
4821000 -0.0744667811820674
4822000 -0.0887887217173088
4823000 -0.0389990624598507
4824000 -0.0607938134066212
4825000 -0.0570315221475941
4826000 -0.00935565743015014
4827000 -0.0573329600355177
4828000 0.00399122491760081
4829000 -0.0630167789076866
4830000 -0.0303883036412792
4831000 -0.0799621810163685
4832000 -0.0610831956415001
4833000 -0.029729273606633
4834000 -0.0747951445601327
4835000 -0.0393550865270801
4836000 -0.0765922363548133
4837000 -0.0757220520817382
4838000 -0.0550430222428904
4839000 -0.0451623790137929
4840000 -0.0663497595419453
4841000 -0.0302978406461608
4842000 -0.0620497643110569
4843000 -0.0682949508635456
4844000 -0.0680709712748072
4845000 -0.0263179295806838
4846000 -0.0879579962620091
4847000 -0.0823309140457842
4848000 -0.0503791490783594
4849000 -0.0438862625750169
4850000 -0.0378708790379073
4851000 -0.0685309575695715
4852000 -0.0294034787687595
4853000 -0.0258395538071681
4854000 -0.0809794616873961
4855000 -0.0442901383344739
4856000 -0.0805809382263779
4857000 -0.0229372192105353
4858000 -0.0334416126758567
4859000 -0.0398632004739081
4860000 -0.0762172728190609
4861000 -0.0393062112700631
4862000 -0.0565590280003738
4863000 -0.055646776905959
4864000 -0.0855300252043469
4865000 -0.0437969713851972
4866000 -0.0710341580404566
4867000 -0.0620300553804914
4868000 -0.0459543264694514
4869000 -0.0653709662511393
4870000 -0.063843509652401
4871000 -0.0402690591961484
4872000 -0.0718841358750179
4873000 -0.0852762830137032
4874000 -0.0420212871025551
4875000 -0.0540320493459654
4876000 -0.0676719158674096
4877000 -0.0634200685204798
4878000 -0.0627889877159741
4879000 -0.0726249447762031
4880000 -0.035020622588915
4881000 -0.0746541448864022
4882000 -0.0556615323017034
4883000 -0.0487122844050399
4884000 -0.0492788732205827
4885000 -0.0607656145549064
4886000 -0.066825580055209
4887000 -0.0639686924353337
4888000 -0.0451672995378663
4889000 -0.0658078809581299
4890000 -0.062266401978272
4891000 -0.0393484277798489
4892000 -0.0719147107232911
4893000 -0.0363199478057593
4894000 -0.0429921468957924
4895000 -0.0358154440906634
4896000 -0.0616844090378856
4897000 -0.0418048328386038
4898000 -0.0407566775190242
4899000 -0.0714321757568253
4900000 -0.0584615523650702
4901000 -0.0807168373420155
4902000 -0.0845506704366423
4903000 -0.0524591130116965
4904000 -0.0420716880257349
4905000 -0.0525300048598688
4906000 -0.0515563412809294
4907000 -0.0423979051635687
4908000 -0.0587485016986145
4909000 -0.0769273444975329
4910000 -0.0476541040373669
4911000 -0.0665572763920571
4912000 -0.101095025562194
4913000 -0.0644027977269332
4914000 -0.0670503601299382
4915000 -0.0749390149143442
4916000 -0.0501048383054714
4917000 -0.0722223026308659
4918000 -0.0476647108429432
4919000 -0.0524596510866427
4920000 -0.0868936451579114
4921000 -0.0238672627723794
4922000 -0.0792451133122269
4923000 -0.0713349946045669
4924000 -0.0443710464001521
4925000 -0.0837973185188864
4926000 -0.0339491169446282
4927000 -0.0493759915704752
4928000 -0.0467751860543196
4929000 -0.0876887209878268
4930000 -0.0710345071680801
4931000 -0.0239442002541332
4932000 -0.0743054737532778
4933000 -0.0934073435796713
4934000 -0.0534800822180649
4935000 -0.0592318970167217
4936000 -0.110066510107457
4937000 -0.0553822008328138
4938000 -0.040518935604742
4939000 -0.0947806454200761
4940000 -0.0463939079495565
4941000 -0.0912222421098021
4942000 -0.0720035212221292
4943000 -0.0586043047436075
4944000 -0.0685992823091637
4945000 -0.102290130331026
4946000 -0.0379599091348639
4947000 -0.0800998323577606
4948000 -0.0617031882367338
4949000 -0.0772631025205498
4950000 -0.0852796157309378
4951000 -0.092260223512138
4952000 -0.0679043009397312
4953000 -0.0953222114323279
4954000 -0.0763177154929047
4955000 -0.0623079900582237
4956000 -0.0526446963058331
4957000 -0.060280215758449
4958000 -0.0202415370017909
4959000 -0.0651711460131248
4960000 -0.0955288936250119
4961000 -0.0382862015432084
4962000 -0.118784606085633
4963000 -0.0694196659857724
4964000 -0.0565543149788263
4965000 -0.0493535458860992
4966000 -0.103763634458207
4967000 -0.0469366279071441
4968000 -0.101869882175448
4969000 -0.0550899404075743
4970000 -0.0675515454191268
4971000 -0.0491466647767984
4972000 -0.0714424193019399
4973000 -0.0870772272546825
4974000 -0.04832996460792
4975000 -0.0739378900127549
4976000 -0.0548112772961872
4977000 -0.0408475156235243
4978000 -0.090812711931316
4979000 -0.0809657101873039
4980000 -0.044633427755403
4981000 -0.0648873371218123
4982000 -0.0679708143366795
4983000 -0.0737709810431651
4984000 -0.0479479150927111
4985000 -0.0537304414979959
4986000 -0.0634146282785
4987000 -0.0440988983294864
4988000 -0.0613321925626135
4989000 -0.0459020204356644
4990000 -0.0511140586886498
4991000 -0.0667951123307566
4992000 -0.104595939257968
4993000 -0.0920923058172279
4994000 -0.0690360994775419
4995000 -0.0415073119300101
4996000 -0.0704236602486002
4997000 -0.0418356639588807
4998000 -0.102740236921125
4999000 -0.0688135788785044
5000000 -0.0493889709497191
5001000 -0.0912254672305942
5002000 -0.0742823480259223
5003000 -0.08875055502515
5004000 -0.0849970639993502
5005000 -0.0604187873839838
5006000 -0.0338894120875779
5007000 -0.0612278420925606
5008000 -0.0571580956303761
5009000 -0.0778378157525046
5010000 -0.0367642481695642
5011000 -0.0691339431101341
5012000 -0.0372419618788751
5013000 -0.067321561363582
5014000 -0.0852157411771901
5015000 -0.0575588257466921
5016000 -0.0703601203189129
5017000 -0.0709579228333982
5018000 -0.0679427196954375
5019000 -0.0709947149078818
5020000 -0.0794185877086252
5021000 -0.0300847648623527
5022000 -0.0577632304509119
5023000 -0.0436208355613337
5024000 -0.0576816914363373
5025000 -0.0826801636139244
5026000 -0.0507721662381888
5027000 -0.0543866015489446
5028000 -0.0909363844278041
5029000 -0.0543675232469892
5030000 -0.062564004046244
5031000 -0.0842454901591381
5032000 -0.0876805524291346
5033000 -0.0791528406046036
5034000 -0.0803731125502767
5035000 -0.0370530964728833
5036000 -0.0426833625415188
5037000 -0.0587419405948693
5038000 -0.0636648883303231
5039000 -0.0493091335519882
5040000 -0.0639436643073439
5041000 -0.0891561970645693
5042000 -0.0455363131873312
5043000 -0.0819013026943435
5044000 -0.109179937264547
5045000 -0.0490786713707522
5046000 -0.100482837965752
5047000 -0.0720465751077222
5048000 -0.0789783492666106
5049000 -0.0795958304855922
5050000 -0.0724526271407233
5051000 -0.0474459002030606
5052000 -0.0967831749368313
5053000 -0.0535010016748762
5054000 -0.0752857506194053
5055000 -0.0567182757222319
5056000 -0.0849477567476959
5057000 -0.0471633348802494
5058000 -0.0906732220361105
5059000 -0.0792469206983012
5060000 -0.0873895608086879
5061000 -0.0893705659027097
5062000 -0.0644143717115307
5063000 -0.109665599055005
5064000 -0.0716495140315018
5065000 -0.0473153497155152
5066000 -0.0976783190139288
5067000 -0.0470044776972947
5068000 -0.0765230108979288
5069000 -0.0680444200735242
5070000 -0.0649748596166007
5071000 -0.107528544477874
5072000 -0.0431331219512131
5073000 -0.0661775004665606
5074000 -0.0842728831711801
5075000 -0.0794095769791396
5076000 -0.0786042992185133
5077000 -0.0520749897475959
5078000 -0.0400957084789276
5079000 -0.0357039042119027
5080000 -0.0658921004417333
5081000 -0.104093106017163
5082000 -0.0523486494780562
5083000 -0.0700871784736006
5084000 -0.0544271991945671
5085000 -0.0560062157429184
5086000 -0.0796667690258982
5087000 -0.0789572043127435
5088000 -0.0707420509867954
5089000 -0.0952170305437765
5090000 -0.0322087978615634
5091000 -0.0952846733334592
5092000 -0.0535665569043106
5093000 -0.0593891014399619
5094000 -0.0393979190105185
5095000 -0.0683587270034171
5096000 -0.0734843924090587
5097000 -0.0706982110545612
5098000 -0.0746510069532519
5099000 -0.080565083855231
5100000 -0.0579570474137367
5101000 -0.0662004099692164
5102000 -0.0654323986048216
5103000 -0.0448182557688134
5104000 -0.0543933812783956
5105000 -0.0523754171097944
5106000 -0.0643957431620736
5107000 -0.0307710820685231
5108000 -0.0757123493365562
5109000 -0.0616042010478918
5110000 -0.061617975465737
5111000 -0.0688442434920047
5112000 -0.0656370735762096
5113000 -0.070791088635563
5114000 -0.0765227220095776
5115000 -0.061788313261318
5116000 -0.079050909876455
5117000 -0.0591030620008623
5118000 -0.0515832656315032
5119000 -0.0409592363123719
5120000 -0.0825234833237599
5121000 -0.0744356303896084
5122000 -0.0968762438446067
5123000 -0.0699380044228202
5124000 -0.0810068202599119
5125000 -0.0510753048054312
5126000 -0.0758488627652024
5127000 -0.0694489319208247
5128000 -0.0858715018195991
5129000 -0.0855635428033231
5130000 -0.0707114232828927
5131000 -0.0751996413241409
5132000 -0.0489101244640619
5133000 -0.0850758522099806
5134000 -0.0574116148681103
5135000 -0.0710050301741279
5136000 -0.0703739308583252
5137000 -0.0677883059438728
5138000 -0.0873441768181322
5139000 -0.072389692447651
5140000 -0.0865893498956371
5141000 -0.0845151068917329
5142000 -0.0505480077760318
5143000 -0.0957005470582042
5144000 -0.0776427666220206
5145000 -0.0658679261496878
5146000 -0.0649813304932336
5147000 -0.0933878002265727
5148000 -0.0628581798416694
5149000 -0.0620572026000448
5150000 -0.0655751968962944
5151000 -0.0587360381178183
5152000 -0.107253483373104
5153000 -0.0754060408726113
5154000 -0.0968525541022662
5155000 -0.0713449720310405
5156000 -0.085857792275316
5157000 -0.114499127696789
5158000 -0.0582935066348029
5159000 -0.0708987588379898
5160000 -0.0831492190258474
5161000 -0.0506985980083301
5162000 -0.0858829028104049
5163000 -0.0506064211803474
5164000 -0.093089207793463
5165000 -0.0672033236567862
5166000 -0.0887438151901032
5167000 -0.106348601334086
5168000 -0.0806357761207847
5169000 -0.0850101432997409
5170000 -0.101629912400476
5171000 -0.0435799725935597
5172000 -0.111512103680529
5173000 -0.0424855867865012
5174000 -0.106047665772233
5175000 -0.103375601809622
5176000 -0.0550538915641525
5177000 -0.0576970291612007
5178000 -0.0600965198296557
5179000 -0.0988062281988984
5180000 -0.0707818111909981
5181000 -0.0763184693131828
5182000 -0.0723382342705691
5183000 -0.0647362235962252
5184000 -0.0822956071051464
5185000 -0.138735160171084
5186000 -0.0316756097390989
5187000 -0.053534531315869
5188000 -0.072507563112504
5189000 -0.064492015542077
5190000 -0.112722521882877
5191000 -0.080210935784961
5192000 -0.0992967667336694
5193000 -0.064892162340466
5194000 -0.0887466788641251
5195000 -0.0866700666749469
5196000 -0.0606584614354825
5197000 -0.0839592197539395
5198000 -0.091134628205561
5199000 -0.0853293780166757
5200000 -0.0722721024982203
5201000 -0.0993463102201255
5202000 -0.0857587910141773
5203000 -0.0574490931090207
5204000 -0.0616322165952045
5205000 -0.0716475402789504
5206000 -0.0426968293687093
5207000 -0.0885030637111239
5208000 -0.0311659443383787
5209000 -0.0566802692493378
5210000 -0.0988275409178728
5211000 -0.0773600691396309
5212000 -0.0655640170287504
5213000 -0.0441983416005466
5214000 -0.0395740117169975
5215000 -0.0986886412137283
5216000 -0.085843462459867
5217000 -0.119769717927388
5218000 -0.0748488256947061
5219000 -0.0963894772603785
5220000 -0.0683082876638273
5221000 -0.0551410420535881
5222000 -0.103605425523299
5223000 -0.052688305144652
5224000 -0.058870563823591
5225000 -0.101705508908461
5226000 -0.0809811813754295
5227000 -0.0541184303194326
5228000 -0.075002545563423
5229000 -0.0520709824056509
5230000 -0.0836786460442708
5231000 -0.0667254656752011
5232000 -0.0844563153909642
5233000 -0.0596973539194672
5234000 -0.0711854280695884
5235000 -0.0491945124087566
5236000 -0.0685833431489297
5237000 -0.0463012471593311
5238000 -0.0743345436093637
5239000 -0.1065718446141
5240000 -0.0450069453379998
5241000 -0.112756770866665
5242000 -0.055738042282765
5243000 -0.0850305874409821
5244000 -0.0721152439833218
5245000 -0.0659649700404075
5246000 -0.0890882573683735
5247000 -0.0933053330205049
5248000 -0.0719804979123684
5249000 -0.0700988172507587
5250000 -0.0735795534025327
5251000 -0.0704716404983375
5252000 -0.0887775572335598
5253000 -0.0787916542994939
5254000 -0.0943210321511464
5255000 -0.0663057035749556
5256000 -0.118460054108369
5257000 -0.0894101904090252
5258000 -0.0977279100141326
5259000 -0.0921920979368955
5260000 -0.0791927581063039
5261000 -0.0933428674181564
5262000 -0.0809420940703777
5263000 -0.0962115540517832
5264000 -0.117389999997869
5265000 -0.083430444169097
5266000 -0.0432693257264081
5267000 -0.0953169561446544
5268000 -0.0873527900485146
5269000 -0.0659966220571668
5270000 -0.0824009106935233
5271000 -0.0700396532754477
5272000 -0.104739312869233
5273000 -0.0814263443024051
5274000 -0.122850913707821
5275000 -0.085179708658643
5276000 -0.0822349566287066
5277000 -0.0854380971679071
5278000 -0.0684595907381441
5279000 -0.0877645704599038
5280000 -0.0578570636751203
5281000 -0.101466092281034
5282000 -0.0083362858256993
5283000 -0.0747057930797698
5284000 -0.0750825209777312
5285000 -0.0862411318595742
5286000 -0.107830473385986
5287000 -0.0886868476231996
5288000 -0.0544027235566641
5289000 -0.0784656633051076
5290000 -0.0991151494259645
5291000 -0.0792583879605749
5292000 -0.0729503692545176
5293000 -0.0835702980283714
5294000 -0.0651557671089389
5295000 -0.05332073361448
5296000 -0.111377530799715
5297000 -0.0910333872200243
5298000 -0.0855018455771356
5299000 -0.0886487363521633
5300000 -0.0540655653672013
5301000 -0.0473752322614488
5302000 -0.10559134023404
5303000 -0.0791360900435166
5304000 -0.112659927643748
5305000 -0.076916859446126
5306000 -0.110558178641503
5307000 -0.0578606856128233
5308000 -0.0868459826161237
5309000 -0.101670293185927
5310000 -0.100070569844252
5311000 -0.0644743190274062
5312000 -0.10299448769547
5313000 -0.0789577041215728
5314000 -0.0912197551070789
5315000 -0.0903983280525742
5316000 -0.0967840391099626
5317000 -0.130177620148294
5318000 -0.0956622968958424
5319000 -0.135076589560062
5320000 -0.0644502516748009
5321000 -0.0796459068621887
5322000 -0.0920727641947074
5323000 -0.0685387299107329
5324000 -0.0901158137732623
5325000 -0.0724158280906944
5326000 -0.0803972300901296
5327000 -0.0782401832242773
5328000 -0.0892135708483697
5329000 -0.0685565411770055
5330000 -0.101062194657194
5331000 -0.0699561303228237
5332000 -0.0990241091983643
5333000 -0.0628228385399038
5334000 -0.0836031850080134
5335000 -0.0707054684100904
5336000 -0.105931127389106
5337000 -0.0740095777048581
5338000 -0.09477324107613
5339000 -0.0873833039751696
5340000 -0.094331817776708
5341000 -0.0528505936363015
5342000 -0.0882645571340129
5343000 -0.0918143754373825
5344000 -0.0828095773168507
5345000 -0.0757465745935705
5346000 -0.0829727345449847
5347000 -0.0817985837367066
5348000 -0.0870209014723183
5349000 -0.073600740032067
5350000 -0.110959613193742
5351000 -0.0791965411443431
5352000 -0.0915755011609707
5353000 -0.106255682750089
5354000 -0.0904207843418555
5355000 -0.114025949115432
5356000 -0.0555088072967977
5357000 -0.0713214120320454
5358000 -0.0918827474301726
5359000 -0.0535081195374119
5360000 -0.0863175153495961
5361000 -0.0982876568394786
5362000 -0.0812775650862381
5363000 -0.0793218157756977
5364000 -0.0890982119352637
5365000 -0.0794680923600506
5366000 -0.0753098222587431
5367000 -0.12999723477215
5368000 -0.0899671311449978
5369000 -0.0940260361197447
5370000 -0.0790329931518817
5371000 -0.120919584760379
5372000 -0.0760113370519245
5373000 -0.110026649632283
5374000 -0.0731934760166917
5375000 -0.0792910690395966
5376000 -0.0919214075929701
5377000 -0.0827197638901908
5378000 -0.10785129132565
5379000 -0.100638168496218
5380000 -0.0784570661003999
5381000 -0.0791448538725047
5382000 -0.111651392504743
5383000 -0.064641875498986
5384000 -0.138404263694444
5385000 -0.103774303843739
5386000 -0.0979162228677705
5387000 -0.0979102847123233
5388000 -0.105863840698027
5389000 -0.0996867961896099
5390000 -0.0795764016337785
5391000 -0.10525685502432
5392000 -0.0787190607951609
5393000 -0.0531955345292405
5394000 -0.104207522077501
5395000 -0.0718745740037271
5396000 -0.0741284822550232
5397000 -0.0631252591516182
5398000 -0.0371783470876227
5399000 -0.0728833450774
5400000 -0.086041977390743
5401000 -0.0771432519820262
5402000 -0.11313036648815
5403000 -0.0728348291589394
5404000 -0.0893037856776678
5405000 -0.0946249107923823
5406000 -0.110802609452181
5407000 -0.0848921019841496
5408000 -0.0833673281275918
5409000 -0.112573464612791
5410000 -0.0909997478237537
5411000 -0.0869244793876036
5412000 -0.0647789297482459
5413000 -0.0499628565446159
5414000 -0.122999886815862
5415000 -0.12050305211114
5416000 -0.08683647632524
5417000 -0.0853113934599698
5418000 -0.0637516857616293
5419000 -0.0821048433276207
5420000 -0.0572610382458804
5421000 -0.10379202655622
5422000 -0.0924818437056549
5423000 -0.0878524389480407
5424000 -0.0861611678875392
5425000 -0.0639443344512197
5426000 -0.113639755736414
5427000 -0.0708250639616778
5428000 -0.106609661204915
5429000 -0.0919292483434833
5430000 -0.0623544345257636
5431000 -0.11315745494665
5432000 -0.0596635786606876
5433000 -0.0657710486209926
5434000 -0.076437951618008
5435000 -0.0691144439593058
5436000 -0.0948577359820839
5437000 -0.0611745473940685
5438000 -0.11314416142817
5439000 -0.123521238737977
5440000 -0.0872492332286132
5441000 -0.0589667533017258
5442000 -0.089999631934267
5443000 -0.0983205941462473
5444000 -0.0758974343182181
5445000 -0.0994141627521359
5446000 -0.0595163555249382
5447000 -0.118965217271075
5448000 -0.055066002373775
5449000 -0.0559495091729077
5450000 -0.0480391968879465
5451000 -0.0818998082942497
5452000 -0.0631356815641372
5453000 -0.0673534954720629
5454000 -0.0959625851504337
5455000 -0.069509138182514
5456000 -0.0667985564924289
5457000 -0.0942477378496225
5458000 -0.106740031321754
5459000 -0.0621996511032568
5460000 -0.0970074626227695
5461000 -0.118855578610885
5462000 -0.103777266979428
5463000 -0.093919849965156
5464000 -0.0830748880721816
5465000 -0.107855543123496
5466000 -0.0800532117829927
5467000 -0.110513145324043
5468000 -0.0933210121084486
5469000 -0.0662605589789825
5470000 -0.107092567535885
5471000 -0.0591746634395548
5472000 -0.105391283889427
5473000 -0.0487390774515816
5474000 -0.0905958274709718
5475000 -0.110738601969247
5476000 -0.0404930326776392
5477000 -0.0870270168581241
5478000 -0.0773520392807096
5479000 -0.0775456458330993
5480000 -0.06844122943214
5481000 -0.0683111223024902
5482000 -0.0632871789862799
5483000 -0.0852540637082006
5484000 -0.107607681353537
5485000 -0.0656630328859605
5486000 -0.0413010659122159
5487000 -0.10832478051792
5488000 -0.0980438182603602
5489000 -0.0975937888991707
5490000 -0.0755948651087225
5491000 -0.06759825869173
5492000 -0.113664743191329
5493000 -0.0787212524384514
5494000 -0.072245819767958
5495000 -0.0871094280160621
5496000 -0.0827072997311101
5497000 -0.113844077831715
5498000 -0.059090007198362
5499000 -0.0687683632001511
5500000 -0.0882836817930249
5501000 -0.123902482797405
5502000 -0.0724955000934849
5503000 -0.0682956146906766
5504000 -0.0993278535946111
5505000 -0.0716913902045999
5506000 -0.0619136358410971
5507000 -0.0714615968066683
5508000 -0.0456619545685987
5509000 -0.0833044098842633
5510000 -0.0718901756115195
5511000 -0.0807071554536134
5512000 -0.106295948093578
5513000 -0.109513151505051
5514000 -0.0477349769429932
5515000 -0.0808919897470813
5516000 -0.104030426994525
5517000 -0.0916114463837344
5518000 -0.0628837955123741
5519000 -0.0826507517617029
5520000 -0.0696022140226711
5521000 -0.0516029762949161
5522000 -0.0979534485242271
5523000 -0.0688408854972735
5524000 -0.0945494082901197
5525000 -0.109193847356993
5526000 -0.0747639320261907
5527000 -0.0938986522401948
5528000 -0.0798659722892195
5529000 -0.096050658181953
5530000 -0.0910543008065322
5531000 -0.0909606458538264
5532000 -0.097805754049878
5533000 -0.0958222268037796
5534000 -0.0786576316116745
5535000 -0.0805284336718132
5536000 -0.102914605131477
5537000 -0.123792005629727
5538000 -0.11822861609266
5539000 -0.0697379170626583
5540000 -0.09480942789148
5541000 -0.0688238777083682
5542000 -0.0834642591882661
5543000 -0.0784782272870007
5544000 -0.0833830729022732
5545000 -0.0790269740092134
5546000 -0.101322994257193
5547000 -0.0563564010261459
5548000 -0.0741853118746166
5549000 -0.0701614054486378
5550000 -0.0550767226054969
5551000 -0.106085286747092
5552000 -0.0589245119848782
5553000 -0.0853434141490452
5554000 -0.0940789931348827
5555000 -0.0821439539865582
5556000 -0.1079554422072
5557000 -0.07760714607085
5558000 -0.082251191028481
5559000 -0.0985105637453553
5560000 -0.0571376450489693
5561000 -0.0786339615679841
5562000 -0.0770284801460479
5563000 -0.0798505119558113
5564000 -0.109963875654944
5565000 -0.0901491346872453
5566000 -0.063876886164378
5567000 -0.0804136536638542
5568000 -0.0786674075493287
5569000 -0.117095063171945
5570000 -0.079149657344011
5571000 -0.108786403615832
5572000 -0.0583898934906205
5573000 -0.0776059991800863
5574000 -0.101098616465399
5575000 -0.0846513074306491
5576000 -0.0908260464028971
5577000 -0.115427969877561
5578000 -0.105217409915589
5579000 -0.0850572566139278
5580000 -0.0830573738154732
5581000 -0.0748583935109092
5582000 -0.0896103639093406
5583000 -0.0925127488694303
5584000 -0.0549122743962801
5585000 -0.123986588772536
5586000 -0.07426123131466
5587000 -0.0547061448933455
5588000 -0.0720078088145857
5589000 -0.105811666640666
5590000 -0.084695229706379
5591000 -0.104361299644594
5592000 -0.11626461858595
5593000 -0.0985250100084479
5594000 -0.0862717660632524
5595000 -0.106338269848382
5596000 -0.0587515185813166
5597000 -0.0848988994285856
5598000 -0.105262662502358
5599000 -0.0733416185624663
5600000 -0.115925106322561
5601000 -0.0796915084070675
5602000 -0.110324440025759
5603000 -0.0904888073548647
5604000 -0.122005050873043
5605000 -0.0848518808671458
5606000 -0.119951603025991
5607000 -0.101860576737354
5608000 -0.0979919114485351
5609000 -0.129953599139103
5610000 -0.0971464503492338
5611000 -0.0912142819935854
5612000 -0.104858134995928
5613000 -0.0749399449456459
5614000 -0.11595448966675
5615000 -0.0999039582191128
5616000 -0.0923835825596591
5617000 -0.122062498742325
5618000 -0.0929354516907681
5619000 -0.115056215937125
5620000 -0.0624660140541722
5621000 -0.11517593706158
5622000 -0.109429449392809
5623000 -0.105973176080285
5624000 -0.0880481411976458
5625000 -0.0837688309375524
5626000 -0.0817324404625054
5627000 -0.121481707148494
5628000 -0.0984533187626942
5629000 -0.0530593904905151
5630000 -0.0862673272434374
5631000 -0.0994117537042438
5632000 -0.0904265298844211
5633000 -0.107631040789986
5634000 -0.0881359472587706
5635000 -0.102862393917081
5636000 -0.113026847809431
5637000 -0.0979533537462324
5638000 -0.0750391015440423
5639000 -0.10587138279292
5640000 -0.0991783476576476
5641000 -0.108415554655737
5642000 -0.070836618853858
5643000 -0.114827843569488
5644000 -0.109843129122735
5645000 -0.110201732448204
5646000 -0.0898252040179441
5647000 -0.120732595997676
5648000 -0.113260671727528
5649000 -0.042172368582997
5650000 -0.102901431195235
5651000 -0.0887840780791877
5652000 -0.0554051659717387
5653000 -0.102815742567532
5654000 -0.0416147312707754
5655000 -0.131844970907651
5656000 -0.0834104811942453
5657000 -0.0899615982837695
5658000 -0.0970514983545683
5659000 -0.0843596357669409
5660000 -0.1141426725742
5661000 -0.108286981205259
5662000 -0.124488627529326
5663000 -0.123347031125751
5664000 -0.0648876106916168
5665000 -0.124126011809623
5666000 -0.0595887700460314
5667000 -0.0666162712267854
5668000 -0.138656479248228
5669000 -0.0460166228513726
5670000 -0.102165356672515
5671000 -0.0934753020358812
5672000 -0.119921990353161
5673000 -0.095984805856761
5674000 -0.109279835524381
5675000 -0.0875223812376562
5676000 -0.144128492478318
5677000 -0.0852679197112166
5678000 -0.0699991394113708
5679000 -0.0866738449150201
5680000 -0.069450390133345
5681000 -0.0921628767774479
5682000 -0.0741049441569275
5683000 -0.130484616635893
5684000 -0.110163004962527
5685000 -0.111412155753762
5686000 -0.0917630474118307
5687000 -0.0772769471259036
5688000 -0.103899337417474
5689000 -0.125390250641697
5690000 -0.108534875627174
5691000 -0.132532639229095
5692000 -0.104274545727609
5693000 -0.131357753459578
5694000 -0.109063405807007
5695000 -0.0985886917510082
5696000 -0.109520291205256
5697000 -0.10954998469116
5698000 -0.119335034833855
5699000 -0.118856707702004
5700000 -0.0998172193614338
5701000 -0.0983848049348996
5702000 -0.129782215882293
5703000 -0.123192385994229
5704000 -0.110014778544315
5705000 -0.137973429570297
5706000 -0.0794914021405823
5707000 -0.0923713475441598
5708000 -0.103124508766427
5709000 -0.0938574812218173
5710000 -0.0780984741117223
5711000 -0.119294899609113
5712000 -0.107251390351537
5713000 -0.109983267584346
5714000 -0.107127839431021
5715000 -0.115137090785969
5716000 -0.0922220771822802
5717000 -0.101108324318393
5718000 -0.0828076672155304
5719000 -0.100240923217037
5720000 -0.101769148513816
5721000 -0.0895028774563687
5722000 -0.0832022213601748
5723000 -0.0981683862275162
5724000 -0.0960674117854223
5725000 -0.0829039353197709
5726000 -0.0968952528386412
5727000 -0.103872687682954
5728000 -0.1041507398196
5729000 -0.0767291219625783
5730000 -0.0967111362367787
5731000 -0.108778686570146
5732000 -0.0948979489155008
5733000 -0.11103618836515
5734000 -0.0992458013622228
5735000 -0.040789135321657
5736000 -0.0985394958482792
5737000 -0.128924107752406
5738000 -0.1323548724856
5739000 -0.108331974677487
5740000 -0.0753851146834665
5741000 -0.122430250364938
5742000 -0.0924707443846507
5743000 -0.106251582902157
5744000 -0.120946029717835
5745000 -0.063741767523897
5746000 -0.104196389247368
5747000 -0.0981403009706127
5748000 -0.0960042022123636
5749000 -0.0943634305215663
5750000 -0.101111529997856
5751000 -0.114767899151843
5752000 -0.0880001274189654
5753000 -0.134411306425609
5754000 -0.136427768304566
5755000 -0.133914796280392
5756000 -0.129603465983666
5757000 -0.1090260283763
5758000 -0.100576522345554
5759000 -0.126145654026289
5760000 -0.118164529639133
5761000 -0.108573279213823
5762000 -0.0560128175036459
5763000 -0.0842510876942134
5764000 -0.128902739881905
5765000 -0.122508568418083
5766000 -0.119591315778161
5767000 -0.135455582192367
5768000 -0.117669994207807
5769000 -0.116784106673517
5770000 -0.111124160051944
5771000 -0.0958967814141871
5772000 -0.109827804181739
5773000 -0.0863812667092632
5774000 -0.103802112891701
5775000 -0.0969692686380863
5776000 -0.112535802130048
5777000 -0.10341218400999
5778000 -0.106602148298884
5779000 -0.0772180728328714
5780000 -0.131490211690388
5781000 -0.106746538163038
5782000 -0.114799212076238
5783000 -0.0567714587780793
5784000 -0.0995583835838869
5785000 -0.101633937455335
5786000 -0.118482939977253
5787000 -0.0905682509069703
5788000 -0.115507377872844
5789000 -0.10163838698059
5790000 -0.14168273181082
5791000 -0.111536035806702
5792000 -0.121224858489176
5793000 -0.10833155074314
5794000 -0.104740157952277
5795000 -0.13824636406005
5796000 -0.14257599908516
5797000 -0.110134884966609
5798000 -0.0987516815209876
5799000 -0.102140072292469
5800000 -0.101908388304049
5801000 -0.112126155931394
5802000 -0.0981635101920192
5803000 -0.118442389393257
5804000 -0.116887431835594
5805000 -0.0832893760825784
5806000 -0.116674186406797
5807000 -0.132955610542082
5808000 -0.0964307667762333
5809000 -0.111042594694962
5810000 -0.0978750618282675
5811000 -0.134414130908333
5812000 -0.116379417194194
5813000 -0.123801843042558
5814000 -0.0735871438540474
5815000 -0.116366709169079
5816000 -0.125266468426166
5817000 -0.0895702090621938
5818000 -0.0786750587378689
5819000 -0.111187668932732
5820000 -0.0801068923824259
5821000 -0.112655331875579
5822000 -0.110695092013171
5823000 -0.0903193325819333
5824000 -0.119276360129681
5825000 -0.110895039949748
5826000 -0.112465095814616
5827000 -0.0753581380975913
5828000 -0.132345776751204
5829000 -0.119882770981473
5830000 -0.0755439628081207
5831000 -0.125497414732437
5832000 -0.118581410300579
5833000 -0.0958551977391366
5834000 -0.0956240438058873
5835000 -0.116291733786739
5836000 -0.116432690175968
5837000 -0.104501096372953
5838000 -0.121351777427289
5839000 -0.0981996789036725
5840000 -0.0827074007483283
5841000 -0.101573967475508
5842000 -0.107086252270038
5843000 -0.0898976502039071
5844000 -0.0661877509108233
5845000 -0.120187032030776
5846000 -0.0825606878416079
5847000 -0.0952799578830428
5848000 -0.111001043845229
5849000 -0.132960896166608
5850000 -0.107121042057207
5851000 -0.111913122150303
5852000 -0.0971367256679424
5853000 -0.110565571706495
5854000 -0.112910675651129
5855000 -0.106097211578524
5856000 -0.0886700286696951
5857000 -0.128434489577489
5858000 -0.0902879612704768
5859000 -0.114598062078194
5860000 -0.106479245157336
5861000 -0.0846646509080708
5862000 -0.0722003716038763
5863000 -0.0962431910409486
5864000 -0.115636401419625
5865000 -0.124907576737528
5866000 -0.11404276975954
5867000 -0.133128488983837
5868000 -0.126897813893214
5869000 -0.0938616114946162
5870000 -0.11021435729854
5871000 -0.136750568061493
5872000 -0.0999090877451363
5873000 -0.112905166175838
5874000 -0.0994304864822445
5875000 -0.101066373711705
5876000 -0.129628241518504
5877000 -0.109721632630463
5878000 -0.133609603849699
5879000 -0.12172673325015
5880000 -0.121251288475682
5881000 -0.103165375689034
5882000 -0.103153485780489
5883000 -0.121634062804894
5884000 -0.111038279499112
5885000 -0.1261597308576
5886000 -0.0930498051071446
5887000 -0.0954883955307716
5888000 -0.15964992666237
5889000 -0.0930446266704963
5890000 -0.143177284732771
5891000 -0.113525324946144
5892000 -0.157602587934582
5893000 -0.0908121753395205
5894000 -0.129307710461322
5895000 -0.101424626694811
5896000 -0.110035958771888
5897000 -0.102091794869103
5898000 -0.138050923010977
5899000 -0.11778059260932
5900000 -0.12515042270042
5901000 -0.0863833415592019
5902000 -0.102366054477862
5903000 -0.0854972598262662
5904000 -0.118966085750682
5905000 -0.12346164649256
5906000 -0.128577974519303
5907000 -0.108051332516129
5908000 -0.131010569457169
5909000 -0.113025500669576
5910000 -0.15692574268944
5911000 -0.100763890363129
5912000 -0.144097016129918
5913000 -0.111196901898241
5914000 -0.116433304709027
5915000 -0.128125545665196
5916000 -0.0879678264091421
5917000 -0.120241198829991
5918000 -0.119173132494824
5919000 -0.11361896220359
5920000 -0.119007473408208
5921000 -0.142656939957896
5922000 -0.103216727031798
5923000 -0.138449031392588
5924000 -0.130921114320843
5925000 -0.125172747183372
5926000 -0.147774674174266
5927000 -0.126505594480588
5928000 -0.138284676511806
5929000 -0.160885159932769
5930000 -0.122802417307772
5931000 -0.0969275155944557
5932000 -0.112116634267232
5933000 -0.121602924324681
5934000 -0.121108493477794
5935000 -0.137629896548686
5936000 -0.119257927890626
5937000 -0.156127475075742
5938000 -0.125458035556799
5939000 -0.151699341355294
5940000 -0.101909358930412
5941000 -0.14834345610479
5942000 -0.123067484642031
5943000 -0.125511516242481
5944000 -0.0863844087810521
5945000 -0.134792592930394
5946000 -0.120542570896685
5947000 -0.108000741192697
5948000 -0.112210878882421
5949000 -0.132371996134895
5950000 -0.10315826203486
5951000 -0.113578307367509
5952000 -0.127381557297007
5953000 -0.107442785068543
5954000 -0.157344267628105
5955000 -0.102287008821611
5956000 -0.147423362101322
5957000 -0.106161140770625
5958000 -0.137049424059679
5959000 -0.101233305773598
5960000 -0.133167926267604
5961000 -0.112128082040005
5962000 -0.149019167599434
5963000 -0.105270711390891
5964000 -0.127207518436987
5965000 -0.0898767339512309
5966000 -0.11251953613191
5967000 -0.139613058349338
5968000 -0.09538928551455
5969000 -0.132495042738925
5970000 -0.112469133525596
5971000 -0.121003491054925
5972000 -0.0808764838727512
5973000 -0.150310381533927
5974000 -0.137712300980661
5975000 -0.146324970968847
5976000 -0.0945193462253548
5977000 -0.139898491515872
5978000 -0.128184646061267
5979000 -0.143951926402244
5980000 -0.141097065810562
5981000 -0.122807231933113
5982000 -0.144627984391997
5983000 -0.125472016773632
5984000 -0.120095578015754
5985000 -0.118472099127422
5986000 -0.103433320643677
5987000 -0.103066627776768
5988000 -0.115396149550129
5989000 -0.121421255700061
5990000 -0.123398358494383
5991000 -0.136210276264553
5992000 -0.110602801752302
5993000 -0.135543975169883
5994000 -0.137147608237124
5995000 -0.144039549330119
5996000 -0.116809624237777
5997000 -0.152912963982433
5998000 -0.115573657337883
5999000 -0.12939176198223
6000000 -0.101634286095231
6001000 -0.125027067270848
6002000 -0.160476430686419
6003000 -0.126401861782052
6004000 -0.118198106650174
6005000 -0.112324546465292
6006000 -0.126833771851484
6007000 -0.103699967060598
6008000 -0.130925733160054
6009000 -0.0994968175758982
6010000 -0.11088312980299
6011000 -0.1536971784528
6012000 -0.121722452174605
6013000 -0.129303472780474
6014000 -0.146451282152938
6015000 -0.138233801234108
6016000 -0.154154398839079
6017000 -0.121855988471418
6018000 -0.130703977635344
6019000 -0.125993625531657
6020000 -0.119855366771916
6021000 -0.1116033738308
6022000 -0.114427084773564
6023000 -0.146620770107256
6024000 -0.115661887798615
6025000 -0.113022849839927
6026000 -0.171072583818241
6027000 -0.103613537476521
6028000 -0.112736705370372
6029000 -0.157886956817834
6030000 -0.110051093824859
6031000 -0.143314100131964
6032000 -0.137308372636946
6033000 -0.108415903278869
6034000 -0.153609093697695
6035000 -0.104251795695471
6036000 -0.137198529058073
6037000 -0.151263523453695
6038000 -0.115058620412164
6039000 -0.159674829322384
6040000 -0.1227834052987
6041000 -0.147818917871838
6042000 -0.129333167475652
6043000 -0.119183050007213
6044000 -0.125469581234512
6045000 -0.136557860991715
6046000 -0.140283320507487
6047000 -0.109581546728547
6048000 -0.122099570734576
6049000 -0.153245599152584
6050000 -0.138913682939491
6051000 -0.15572652771005
6052000 -0.138567469869872
6053000 -0.11756950921225
6054000 -0.121796786166145
6055000 -0.12171739395916
6056000 -0.118447339030059
6057000 -0.125567503198622
6058000 -0.12695594129779
6059000 -0.122035249697507
6060000 -0.100573384573347
6061000 -0.13176247020158
6062000 -0.156564680806857
6063000 -0.133913446111003
6064000 -0.107861010942405
6065000 -0.128793085357077
6066000 -0.111619836065226
6067000 -0.147087415100918
6068000 -0.110445343460056
6069000 -0.144058879199986
6070000 -0.132051402110532
6071000 -0.117555046215209
6072000 -0.135086709784912
6073000 -0.116768316925931
6074000 -0.125320098142616
6075000 -0.173333572580023
6076000 -0.161455279621332
6077000 -0.0971869717736933
6078000 -0.153793802500994
6079000 -0.0937495461131413
6080000 -0.145027600147751
6081000 -0.175034023441796
6082000 -0.105456962469827
6083000 -0.103982143482517
6084000 -0.135612641524871
6085000 -0.161981347555859
6086000 -0.126840285129634
6087000 -0.159497046758247
6088000 -0.169405599424823
6089000 -0.13518282695175
6090000 -0.16233246019394
6091000 -0.114602644229427
6092000 -0.150235914713402
6093000 -0.140611308014768
6094000 -0.163076769069876
6095000 -0.127507353192853
6096000 -0.123412824400234
6097000 -0.128267439738087
6098000 -0.132858069807464
6099000 -0.144112948032444
6100000 -0.136228036796535
6101000 -0.117507248658994
6102000 -0.150082748416287
6103000 -0.155669176294867
6104000 -0.17294501393161
6105000 -0.166841398172684
6106000 -0.151021506937824
6107000 -0.139309898934291
6108000 -0.153867501776273
6109000 -0.127741328608953
6110000 -0.145110925538068
6111000 -0.135879881737225
6112000 -0.157151383159207
6113000 -0.14289039264358
6114000 -0.132757013566523
6115000 -0.129717686114324
6116000 -0.121944121904366
6117000 -0.144184266763591
6118000 -0.105221777169321
6119000 -0.181245277432712
6120000 -0.136037069713181
6121000 -0.133748896794393
6122000 -0.131142319473366
6123000 -0.134126910635523
6124000 -0.139027304574309
6125000 -0.141980265055686
6126000 -0.14042354650894
6127000 -0.119108168345202
6128000 -0.089624289978176
6129000 -0.112553650830578
6130000 -0.143468644715994
6131000 -0.110801980406244
6132000 -0.163156863087606
6133000 -0.146455399128657
6134000 -0.116885002482977
6135000 -0.14205719638431
6136000 -0.153417555854082
6137000 -0.158064351098242
6138000 -0.111371030831401
6139000 -0.131370954455796
6140000 -0.127341908242147
6141000 -0.121432744215681
6142000 -0.139064314712839
6143000 -0.112030509568615
6144000 -0.151070081648963
6145000 -0.128290648212613
6146000 -0.150997710864976
6147000 -0.141076721960215
6148000 -0.139546643565745
6149000 -0.133234300001257
6150000 -0.133502444711573
6151000 -0.140664828062676
6152000 -0.121140614197023
6153000 -0.141514361439513
6154000 -0.125657623801857
6155000 -0.14593057516463
6156000 -0.0921801186602902
6157000 -0.1606460806767
6158000 -0.136482586545118
6159000 -0.106895730021397
6160000 -0.147350852637764
6161000 -0.118114284150378
6162000 -0.118601968585655
6163000 -0.154010046104904
6164000 -0.114880138388418
6165000 -0.152213654456917
6166000 -0.137559096558535
6167000 -0.131945825580288
6168000 -0.147880175633667
6169000 -0.169247216846039
6170000 -0.146485963487194
6171000 -0.13981695239426
6172000 -0.147033179939127
6173000 -0.16100778400047
6174000 -0.161990300099141
6175000 -0.162737087945731
6176000 -0.152253350055593
6177000 -0.12336986336862
6178000 -0.157008213407872
6179000 -0.122095878770232
6180000 -0.155341264991017
6181000 -0.177055855369073
6182000 -0.133542889434194
6183000 -0.121825957971393
6184000 -0.113538052058296
6185000 -0.123746345335427
6186000 -0.110803123064427
6187000 -0.140492336610723
6188000 -0.150442747703488
6189000 -0.167269859534148
6190000 -0.150650842202555
6191000 -0.141163741175985
6192000 -0.148858928482896
6193000 -0.147656701139637
6194000 -0.120556675950638
6195000 -0.163846486531288
6196000 -0.141992366571914
6197000 -0.141860293615176
6198000 -0.127166852314631
6199000 -0.125045097122323
6200000 -0.164498357913043
6201000 -0.154594686212867
6202000 -0.135249306618927
6203000 -0.180874292485958
6204000 -0.147024087296663
6205000 -0.153248255192507
6206000 -0.159472432847798
6207000 -0.153505463703833
6208000 -0.145038694511471
6209000 -0.137845103351295
6210000 -0.121424600807586
6211000 -0.128864159906938
6212000 -0.121212015077615
6213000 -0.149685687153428
6214000 -0.151949054451743
6215000 -0.151627843484848
6216000 -0.134808184092576
6217000 -0.153734524895392
6218000 -0.136102825528022
6219000 -0.136666759191901
6220000 -0.158614178891695
6221000 -0.156941433182631
6222000 -0.144492545562042
6223000 -0.133042351158471
6224000 -0.153436622724703
6225000 -0.130811132602334
6226000 -0.15777922685568
6227000 -0.168524999571756
6228000 -0.129622481163382
6229000 -0.13548878097636
6230000 -0.145520109663898
6231000 -0.154776727677375
6232000 -0.128385729543979
6233000 -0.123828137925707
6234000 -0.184034116149514
6235000 -0.1452893327552
6236000 -0.159760892987197
6237000 -0.118250091910338
6238000 -0.173498394714101
6239000 -0.13545898049239
6240000 -0.163270165091284
6241000 -0.155034885412704
6242000 -0.154935878776299
6243000 -0.15501213152846
6244000 -0.134654611710859
6245000 -0.132989475027031
6246000 -0.141123554466874
6247000 -0.186110967968767
6248000 -0.144869546847437
6249000 -0.168695312667245
6250000 -0.188020214927441
6251000 -0.135269041585774
6252000 -0.158745594999166
6253000 -0.186071833515859
6254000 -0.14191639860142
6255000 -0.15669478849977
6256000 -0.144859879029902
6257000 -0.149650706459571
6258000 -0.150649348495493
6259000 -0.186036130221324
6260000 -0.142815842440327
6261000 -0.141003318499628
6262000 -0.133837912144724
6263000 -0.153232361527362
6264000 -0.142893456934324
6265000 -0.165747876200131
6266000 -0.10087194991241
6267000 -0.160195482939816
6268000 -0.140421350150285
6269000 -0.110905005595956
6270000 -0.150382295383657
6271000 -0.151562299419865
6272000 -0.155948174109051
6273000 -0.118200682300007
6274000 -0.156228227235597
6275000 -0.168171308174732
6276000 -0.182778693451269
6277000 -0.136274760601022
6278000 -0.164242337464505
6279000 -0.163886964345777
6280000 -0.149874502912079
6281000 -0.141386624864387
6282000 -0.165018246430591
6283000 -0.18429707176789
6284000 -0.154334653397962
6285000 -0.163745847343696
6286000 -0.143154479275445
6287000 -0.160207847283252
6288000 -0.165748657902523
6289000 -0.184538144045055
6290000 -0.146964264824723
6291000 -0.189538881058438
6292000 -0.176445592582679
6293000 -0.157977675510699
6294000 -0.16459094285907
6295000 -0.140360067586598
6296000 -0.178207689714096
6297000 -0.155429119223287
6298000 -0.160609984570436
6299000 -0.148087600047989
6300000 -0.16959294265974
6301000 -0.14285969214056
6302000 -0.126708104291178
6303000 -0.168052184192127
6304000 -0.177812534552478
6305000 -0.190691189450173
6306000 -0.189084532002219
6307000 -0.186490035155063
6308000 -0.1513055354245
6309000 -0.15109274764389
6310000 -0.151056888918652
6311000 -0.119266137360774
6312000 -0.153505405332655
6313000 -0.193888002533254
6314000 -0.166167460389168
6315000 -0.176126146645664
6316000 -0.137190449983935
6317000 -0.14617632106615
6318000 -0.134654739803644
6319000 -0.168931257637834
6320000 -0.141874500143183
6321000 -0.116788291190935
6322000 -0.146395500716627
6323000 -0.182997779942593
6324000 -0.170510914889298
6325000 -0.124754351465697
6326000 -0.139120602846701
6327000 -0.16163874279833
6328000 -0.153519656702376
6329000 -0.166606186608578
6330000 -0.151170958970455
6331000 -0.157098695388857
6332000 -0.136210077305221
6333000 -0.176196541211952
6334000 -0.17205358841927
6335000 -0.169527625437038
6336000 -0.173708232679157
6337000 -0.161248570040225
6338000 -0.170683996614411
6339000 -0.188355522204978
6340000 -0.175811778467373
6341000 -0.169617036098379
6342000 -0.159253656181663
6343000 -0.151861172972303
6344000 -0.210640707296291
6345000 -0.163231086246129
6346000 -0.169744619152933
6347000 -0.179906333078133
6348000 -0.136559712751736
6349000 -0.235899777570491
6350000 -0.15926245845286
6351000 -0.169004077777704
6352000 -0.183717840393449
6353000 -0.126894465390827
6354000 -0.202624386041433
6355000 -0.156423272695738
6356000 -0.168985371211864
6357000 -0.181255550598341
6358000 -0.171237527270652
6359000 -0.148173823660303
6360000 -0.147613111776708
6361000 -0.164781756214588
6362000 -0.123007218797283
6363000 -0.179803333694331
6364000 -0.168535994709497
6365000 -0.177008995144513
6366000 -0.21155822054353
6367000 -0.179051113553083
6368000 -0.148411679217218
6369000 -0.161329748962483
6370000 -0.194745841520965
6371000 -0.177783905860868
6372000 -0.15986394627391
6373000 -0.160157702493804
6374000 -0.161121503723421
6375000 -0.197268274291245
6376000 -0.190252769833042
6377000 -0.132998047268926
6378000 -0.128052423303468
6379000 -0.156702619410492
6380000 -0.134012298339471
6381000 -0.182927410616051
6382000 -0.138737813296346
6383000 -0.172981122764283
6384000 -0.164896198260862
6385000 -0.169827047698754
6386000 -0.133684267307323
6387000 -0.191092535345314
6388000 -0.166937929633835
6389000 -0.115054154770679
6390000 -0.132151393084674
6391000 -0.146500985740547
6392000 -0.147739369549458
6393000 -0.127857626698154
6394000 -0.124836523315058
6395000 -0.144092397702847
6396000 -0.168878168896761
6397000 -0.161060758896823
6398000 -0.157779525229146
6399000 -0.154458631742749
6400000 -0.117397683307547
6401000 -0.170068273968579
6402000 -0.17132522289123
6403000 -0.187055427808831
6404000 -0.165600767461695
6405000 -0.171879449837866
6406000 -0.153218826279517
6407000 -0.179925180228074
6408000 -0.13844678508781
6409000 -0.159719511287059
6410000 -0.142143778709781
6411000 -0.167928577561303
6412000 -0.170103097908307
6413000 -0.143187046498093
6414000 -0.153517866399494
6415000 -0.128098776067846
6416000 -0.105508389057135
6417000 -0.108424699217213
6418000 -0.142809369103943
6419000 -0.110748812418883
6420000 -0.100953608664655
6421000 -0.133300370649203
6422000 -0.0987383898503924
6423000 -0.112502851106753
6424000 -0.106079787510077
6425000 -0.135227144870346
6426000 -0.0887169746587932
6427000 -0.10733683712378
6428000 -0.0844649414492488
6429000 -0.135006952059668
6430000 -0.0564175999760253
6431000 -0.139580971161885
6432000 -0.0640816075546921
6433000 -0.122958891800699
6434000 -0.113705250880162
6435000 -0.131627085663672
6436000 -0.102108707359324
6437000 -0.10446993322404
6438000 -0.0878244482207704
6439000 -0.136694087429676
6440000 -0.10863437383391
6441000 -0.120083767806248
6442000 -0.153804567412096
6443000 -0.13642980504866
6444000 -0.133299937357043
6445000 -0.107586390380893
6446000 -0.0968590860088588
6447000 -0.136498374030477
6448000 -0.0840862609520408
6449000 -0.110147740873449
6450000 -0.0898736829260736
6451000 -0.113797303662119
6452000 -0.0763849993159807
6453000 -0.160711873878191
6454000 -0.112941078773719
6455000 -0.115935041263555
6456000 -0.102138182759816
6457000 -0.140544869576861
6458000 -0.106552565386063
6459000 -0.119229105264751
6460000 -0.074167476743698
6461000 -0.0991364504249842
6462000 -0.118742133541638
6463000 -0.105870442676213
6464000 -0.11044350328844
6465000 -0.0720367884604984
6466000 -0.113725095389354
6467000 -0.13137194882442
6468000 -0.119363657712896
6469000 -0.108994332365015
6470000 -0.113165696747778
6471000 -0.0883642438561853
6472000 -0.106114595578413
6473000 -0.084098896616044
6474000 -0.139688271165616
6475000 -0.100006977956124
6476000 -0.119416646101726
6477000 -0.0630863448167241
6478000 -0.133517610891992
6479000 -0.124890358972644
6480000 -0.105668810455967
6481000 -0.137238805937959
6482000 -0.0910091841658637
6483000 -0.0980518806496615
6484000 -0.126850724517444
6485000 -0.103593190137053
6486000 -0.126623476389606
6487000 -0.126422105874562
6488000 -0.121424354507758
6489000 -0.108460272866773
6490000 -0.10797854416391
6491000 -0.119536128008503
6492000 -0.0938195618670367
6493000 -0.134435049880382
6494000 -0.106597303783042
6495000 -0.127444393186489
6496000 -0.109140849928351
6497000 -0.129032940593553
6498000 -0.108001543886385
6499000 -0.101165342993704
6500000 -0.138837973223659
6501000 -0.0859813446499879
6502000 -0.104203375573193
6503000 -0.113123620675212
6504000 -0.126828303275924
6505000 -0.102540886945242
6506000 -0.107882610849129
6507000 -0.126260402618752
6508000 -0.100474570137744
6509000 -0.149348891362498
6510000 -0.0656622022247485
6511000 -0.110864045654244
6512000 -0.163476857800716
6513000 -0.100356903321421
6514000 -0.112810877094732
6515000 -0.133829936274635
6516000 -0.0813326196678218
6517000 -0.150616543047205
6518000 -0.105157542341262
6519000 -0.11960281466468
6520000 -0.127400581621867
6521000 -0.137347911595789
6522000 -0.111424304245547
6523000 -0.115299397012213
6524000 -0.131841340861442
6525000 -0.11893243562277
6526000 -0.134042343399932
6527000 -0.152828994898825
6528000 -0.126325533778348
6529000 -0.100778145164587
6530000 -0.0952049424268851
6531000 -0.0814582235934618
6532000 -0.139530138737713
6533000 -0.0817758449520097
6534000 -0.0925383054918116
6535000 -0.107129450583899
6536000 -0.149926961592815
6537000 -0.138537302184264
6538000 -0.122109146780771
6539000 -0.137603909326631
6540000 -0.110219438610961
6541000 -0.113830984528261
6542000 -0.154221155256037
6543000 -0.112686994153032
6544000 -0.152098979504518
6545000 -0.127495409020045
6546000 -0.140137621731155
6547000 -0.0958138122836556
6548000 -0.102777257852626
6549000 -0.107534803165748
6550000 -0.132584894581041
6551000 -0.107063477685037
6552000 -0.104710761645742
6553000 -0.130805831845551
6554000 -0.129540141116196
6555000 -0.0999903640450489
6556000 -0.140255833105889
6557000 -0.0763133170592029
6558000 -0.10820280187634
6559000 -0.109979999287938
6560000 -0.144183748334906
6561000 -0.146913184782731
6562000 -0.107200644240928
6563000 -0.0948612186988919
6564000 -0.113050683121475
6565000 -0.093256865934463
6566000 -0.107860854344356
6567000 -0.142515244581895
6568000 -0.105360023799101
6569000 -0.0935342750701905
6570000 -0.0817801063347503
6571000 -0.0963070725982794
6572000 -0.105673928315314
6573000 -0.150682723310316
6574000 -0.123871310148822
6575000 -0.0750666888966411
6576000 -0.123591061536369
6577000 -0.121484449953876
6578000 -0.0812422613463904
6579000 -0.109942172565676
6580000 -0.0768922124100239
6581000 -0.126322473565502
6582000 -0.0735821544238817
6583000 -0.115204696480225
6584000 -0.0958793016320951
6585000 -0.0879532938549983
6586000 -0.0661140623835844
6587000 -0.116510411495844
6588000 -0.117128086566617
6589000 -0.0617905280691284
6590000 -0.0829859609114329
6591000 -0.145226822677029
6592000 -0.0868630739377776
6593000 -0.110614544736372
6594000 -0.138268818757505
6595000 -0.106311009026165
6596000 -0.10432870815561
6597000 -0.0945623120200747
6598000 -0.0904909439987117
6599000 -0.117194152001498
6600000 -0.127296512680384
6601000 -0.116295229418437
6602000 -0.127972316596945
6603000 -0.116016421749147
6604000 -0.115519976320339
6605000 -0.0748035430888238
6606000 -0.107636762006047
6607000 -0.126343629097094
6608000 -0.0806827136329786
6609000 -0.10967053063117
6610000 -0.0913731055220373
6611000 -0.100079869419178
6612000 -0.130897606759085
6613000 -0.113624453736738
6614000 -0.142028017867211
6615000 -0.114426726336989
6616000 -0.0900343841624674
6617000 -0.0750722950580824
6618000 -0.108969754215126
6619000 -0.111596897431725
6620000 -0.10837595264118
6621000 -0.0747818445543171
6622000 -0.118893500047906
6623000 -0.114551863355561
6624000 -0.121851578041013
6625000 -0.0887088004453067
6626000 -0.111203248050606
6627000 -0.132172808462173
6628000 -0.0963460088539465
6629000 -0.0994947506159554
6630000 -0.0899472256327806
6631000 -0.0855130846162065
6632000 -0.0947792184478223
6633000 -0.110237420731672
6634000 -0.0667130040070629
6635000 -0.116298153514305
6636000 -0.0981367006538001
6637000 -0.115213821637927
6638000 -0.0660233762004594
6639000 -0.0794539567644025
6640000 -0.112075802532675
6641000 -0.1032323050053
6642000 -0.114281336630154
6643000 -0.135026343553533
6644000 -0.119619724529505
6645000 -0.106516067783176
6646000 -0.111768645126207
6647000 -0.127451407132059
6648000 -0.0909590011208139
6649000 -0.108686926679351
6650000 -0.0747415465336028
6651000 -0.103664403787206
6652000 -0.0740257804911977
6653000 -0.0998531178595813
6654000 -0.0821420472246025
6655000 -0.122272208648942
6656000 -0.122272630787532
6657000 -0.115238144685143
6658000 -0.100196028112105
6659000 -0.0729388356848015
6660000 -0.147499462866154
6661000 -0.119317397433481
6662000 -0.0913225823046991
6663000 -0.0892478848313024
6664000 -0.0980991018337721
6665000 -0.106775779475534
6666000 -0.07960812129265
6667000 -0.119068352047743
6668000 -0.0894849127330919
6669000 -0.0892155818224949
6670000 -0.0749706828312376
6671000 -0.105785819935364
6672000 -0.125605622829608
6673000 -0.158219104330699
6674000 -0.0892910297652009
6675000 -0.126068964442849
6676000 -0.0763489731883867
6677000 -0.14116199377898
6678000 -0.0861163302288489
6679000 -0.123104854431801
6680000 -0.112208246397961
6681000 -0.102370359523737
6682000 -0.0639745311020857
6683000 -0.107626510360657
6684000 -0.103571445639967
6685000 -0.129275569757363
6686000 -0.112977323151025
6687000 -0.0876033040905928
6688000 -0.113360267018088
6689000 -0.113735852698595
6690000 -0.101481166135157
6691000 -0.0957925312480677
6692000 -0.102371574269217
6693000 -0.119284696353264
6694000 -0.14150997134514
6695000 -0.114407886880169
6696000 -0.0975849480171911
6697000 -0.0876776244638815
6698000 -0.100706336790213
6699000 -0.12718372126997
6700000 -0.12771623762465
6701000 -0.107864943789491
6702000 -0.113112078285265
6703000 -0.0964481677550936
6704000 -0.0870707921145171
6705000 -0.120813589395072
6706000 -0.109921974168233
6707000 -0.0840352485668979
6708000 -0.117524128878567
6709000 -0.0973893560020349
6710000 -0.0899064566682037
6711000 -0.118612498792467
6712000 -0.0909282432303996
6713000 -0.1147634826231
6714000 -0.113031287592314
6715000 -0.0857569253070165
6716000 -0.0975806882279411
6717000 -0.10653588387667
6718000 -0.14926022435993
6719000 -0.112534019570649
6720000 -0.14538122091103
6721000 -0.0822412568504682
6722000 -0.106240384212669
6723000 -0.0940826463639225
6724000 -0.135530679303987
6725000 -0.140501877059092
6726000 -0.120261149550041
6727000 -0.0691095309038913
6728000 -0.0998504150628849
6729000 -0.104727619591442
6730000 -0.152688096476762
6731000 -0.108269248410685
6732000 -0.129960664709591
6733000 -0.117895938071184
6734000 -0.106644065961651
6735000 -0.111918826794267
6736000 -0.116450172590432
6737000 -0.105232214314305
6738000 -0.116043608661934
6739000 -0.128588971780817
6740000 -0.117825012063482
6741000 -0.103409616233034
6742000 -0.0839873504482199
6743000 -0.133658424429728
6744000 -0.118037477720438
6745000 -0.124011597937669
6746000 -0.0861106817303686
6747000 -0.0991977152694547
6748000 -0.136410827436523
6749000 -0.111956411860438
6750000 -0.11743306604959
6751000 -0.121689934214157
6752000 -0.11863700241216
6753000 -0.12222533096147
6754000 -0.100445425054744
6755000 -0.0935949204376836
6756000 -0.119043538964422
6757000 -0.0795413379643745
6758000 -0.107058449454352
6759000 -0.0971180825167112
6760000 -0.0970161660964111
6761000 -0.0844729557665862
6762000 -0.144241459817314
6763000 -0.104539135641114
6764000 -0.128285250792695
6765000 -0.12036252862365
6766000 -0.0952688006274543
6767000 -0.128740498087138
6768000 -0.107567937944636
6769000 -0.0892902187368394
6770000 -0.106661282619043
6771000 -0.138604708760705
6772000 -0.0971360041469258
6773000 -0.0966244638186732
6774000 -0.130027340468683
6775000 -0.0986944711919838
6776000 -0.0920032588041341
6777000 -0.0805551315966646
6778000 -0.116565854259355
6779000 -0.117176439191431
6780000 -0.0791876408487907
6781000 -0.111690556516688
6782000 -0.106613941948077
6783000 -0.1343556314741
6784000 -0.108480361546064
6785000 -0.1656365590634
6786000 -0.0665109654800673
6787000 -0.141087478302722
6788000 -0.0865750352446052
6789000 -0.128957369447616
6790000 -0.129804914028426
6791000 -0.118896850599415
6792000 -0.0904270727742417
6793000 -0.120914421347589
6794000 -0.0989233876369992
6795000 -0.117209410587799
6796000 -0.0985179153780802
6797000 -0.141301825355435
6798000 -0.124973143835983
6799000 -0.100040514979213
6800000 -0.123082338229588
6801000 -0.144922437565426
6802000 -0.110355176313837
6803000 -0.122927565974008
6804000 -0.094121221617871
6805000 -0.141168960051617
6806000 -0.0977535513300193
6807000 -0.13184255907016
6808000 -0.126783764420843
6809000 -0.110732842079933
6810000 -0.133271554159082
6811000 -0.102746528772199
6812000 -0.0817565713261569
6813000 -0.113740287846755
6814000 -0.133776862881786
6815000 -0.129423807368236
6816000 -0.102088429203547
6817000 -0.10852310921155
6818000 -0.0960419188696871
6819000 -0.0862062908244799
6820000 -0.121919113215169
6821000 -0.107776844487214
6822000 -0.0830701696292286
6823000 -0.110493668275476
6824000 -0.104076608548405
6825000 -0.0995737711116179
6826000 -0.083423156805543
6827000 -0.0960630554037354
6828000 -0.0691280865823724
6829000 -0.13291102993635
6830000 -0.0919134294655743
6831000 -0.120384404217012
6832000 -0.0969108939836411
6833000 -0.0868409651661252
6834000 -0.0991997599770372
6835000 -0.116463735473272
6836000 -0.0992960833016427
6837000 -0.0868041980588645
6838000 -0.104493825195623
6839000 -0.0697265936828199
6840000 -0.156212357409369
6841000 -0.0980235728213752
6842000 -0.111175178108233
6843000 -0.099919782663235
6844000 -0.0781382891933184
6845000 -0.0827267046607737
6846000 -0.0844317880753707
6847000 -0.127224583685151
6848000 -0.102643153036787
6849000 -0.0859612216704869
6850000 -0.120725067135495
6851000 -0.0857870351565772
6852000 -0.0923941611711345
6853000 -0.110505661861514
6854000 -0.133761564642885
6855000 -0.101887023113573
6856000 -0.11380729216175
6857000 -0.0927308682294081
6858000 -0.0966874956782329
6859000 -0.103376149489922
6860000 -0.0710435879083155
6861000 -0.102277414201411
6862000 -0.0896682769592826
6863000 -0.12106675225371
6864000 -0.131626358168917
6865000 -0.115399712677985
6866000 -0.0920613151789557
6867000 -0.107682879704176
6868000 -0.117331063451302
6869000 -0.135636463280977
6870000 -0.0615321274357871
6871000 -0.0921463533066662
6872000 -0.0902757861877643
6873000 -0.107002119204972
6874000 -0.111840445776197
6875000 -0.101134081384002
6876000 -0.0948934026395432
6877000 -0.1310758569519
6878000 -0.0603775377028313
6879000 -0.122090594179855
6880000 -0.0877392301793016
6881000 -0.0845574095252009
6882000 -0.0848482603731166
6883000 -0.11054531587576
6884000 -0.126526986953247
6885000 -0.116399839125392
6886000 -0.103041653976138
6887000 -0.130696489654621
6888000 -0.0961506818126384
6889000 -0.0888705197680828
6890000 -0.0901456635065737
6891000 -0.0963430393936485
6892000 -0.0851270646614899
6893000 -0.0984787033906182
6894000 -0.130079209570639
6895000 -0.112410906412789
6896000 -0.0954046997122097
6897000 -0.0788599600987212
6898000 -0.0900666433371713
6899000 -0.14460507247078
6900000 -0.0963814274453012
6901000 -0.133986525580995
6902000 -0.0961297478118382
6903000 -0.0922781506658021
6904000 -0.119835957501361
6905000 -0.0572899445987435
6906000 -0.12954779968753
6907000 -0.139666152612662
6908000 -0.102145044342149
6909000 -0.145871444188661
6910000 -0.135847656207765
6911000 -0.070221713314124
6912000 -0.0892649747016915
6913000 -0.120908673071493
6914000 -0.132001911365722
6915000 -0.118145519031582
6916000 -0.100672675945631
6917000 -0.129369815082737
6918000 -0.120166872900801
6919000 -0.0767905134817205
6920000 -0.127735482890714
6921000 -0.132811634669711
6922000 -0.102637595252773
6923000 -0.083273246593308
6924000 -0.113397504530839
6925000 -0.114283399760852
6926000 -0.10259407246726
6927000 -0.124096763906718
6928000 -0.116912119097241
6929000 -0.12452693677943
6930000 -0.096505972209422
6931000 -0.128851743449032
6932000 -0.108628046816799
6933000 -0.129622558029447
6934000 -0.0967830728302378
6935000 -0.0987528144995612
6936000 -0.113704144367986
6937000 -0.14800694172817
6938000 -0.0963062083084753
6939000 -0.0889807283732693
6940000 -0.0752687583949851
6941000 -0.113962323575198
6942000 -0.0870777389257441
6943000 -0.121711978626725
6944000 -0.0950032130254902
6945000 -0.117842321416273
6946000 -0.092973703854983
6947000 -0.115765677805769
6948000 -0.0875182074401459
6949000 -0.131028384056546
6950000 -0.13297626443647
6951000 -0.103597136087741
6952000 -0.124277931972904
6953000 -0.100116370661786
6954000 -0.126766794389611
6955000 -0.133438627025717
6956000 -0.120294462910655
6957000 -0.0951306276069671
6958000 -0.147396052072137
6959000 -0.115751977276494
6960000 -0.135078552617228
6961000 -0.079157953525804
6962000 -0.135091162026878
6963000 -0.118550714368681
6964000 -0.0783687306217243
6965000 -0.154341073075723
6966000 -0.137844468125016
6967000 -0.0960476248052417
6968000 -0.0788673941232655
6969000 -0.125485390111259
6970000 -0.124655136592232
6971000 -0.125821469750159
6972000 -0.101478102210737
6973000 -0.142961774483664
6974000 -0.111823234344829
6975000 -0.117089016867984
6976000 -0.0862397420544857
6977000 -0.12702906567314
6978000 -0.100177881829324
6979000 -0.0769050398800556
6980000 -0.116563630937892
6981000 -0.154973213349912
6982000 -0.114486914066646
6983000 -0.0904462114392492
6984000 -0.113940074822705
6985000 -0.119104026925467
6986000 -0.124292494239736
6987000 -0.121372992135986
6988000 -0.0926643251486558
6989000 -0.11760750470879
6990000 -0.105842966837215
6991000 -0.113846227646514
6992000 -0.0892843337061805
6993000 -0.0984304637551763
6994000 -0.105099318838568
6995000 -0.0954419094995919
6996000 -0.140820767604932
6997000 -0.140249097027244
6998000 -0.105178575484984
6999000 -0.105760758836457
7000000 -0.0888151976622549
7001000 -0.139963812419509
7002000 -0.114522944631387
7003000 -0.125920700559025
7004000 -0.117653645939426
7005000 -0.0899132657139314
7006000 -0.125304788378742
7007000 -0.114284182596368
7008000 -0.097086815827168
7009000 -0.0990746524946993
7010000 -0.110870211661705
7011000 -0.120771152036773
7012000 -0.113939144083347
7013000 -0.11948234769558
7014000 -0.0827209252701081
7015000 -0.127292127242887
7016000 -0.153737647621901
7017000 -0.136267676731604
7018000 -0.131244761785561
7019000 -0.137062366796669
7020000 -0.121242310314392
7021000 -0.0863735881284956
7022000 -0.0722757883529332
7023000 -0.0992433344912451
7024000 -0.143917786279355
7025000 -0.0950865537315598
7026000 -0.119084919010138
7027000 -0.138365592180414
7028000 -0.106943737902
7029000 -0.107502390873281
7030000 -0.116245398500604
7031000 -0.0729272747690401
7032000 -0.10206058395315
7033000 -0.118520049816537
7034000 -0.122012654981902
7035000 -0.137248918675136
7036000 -0.0949664140472603
7037000 -0.107203464340159
7038000 -0.153517599932809
7039000 -0.105161031595153
7040000 -0.118690422186068
7041000 -0.123940569307048
7042000 -0.11145790011698
7043000 -0.107045458040453
7044000 -0.133000611326448
7045000 -0.0853537104379314
7046000 -0.101728033777798
7047000 -0.123219188253015
7048000 -0.102911494972367
7049000 -0.139458146604209
7050000 -0.11298624018946
7051000 -0.123916522909173
7052000 -0.107041532637399
7053000 -0.139075885836601
7054000 -0.128881908082293
7055000 -0.105931270065634
7056000 -0.125268822494359
7057000 -0.114586351188003
7058000 -0.116768695951968
7059000 -0.12792801215405
7060000 -0.131660627612141
7061000 -0.110843129249589
7062000 -0.114345625776046
7063000 -0.11138240783132
7064000 -0.114955872139534
7065000 -0.101556881739794
7066000 -0.0776852869163042
7067000 -0.142896411260986
7068000 -0.101522274569247
7069000 -0.103530737105217
7070000 -0.101434890703411
7071000 -0.108818707955433
7072000 -0.107835770018886
7073000 -0.0805645189601616
7074000 -0.170152100589941
7075000 -0.118354800192343
7076000 -0.129504228509192
7077000 -0.0715973856989366
7078000 -0.128884946498477
7079000 -0.136602453248113
7080000 -0.0859993662348767
7081000 -0.0976432269124096
7082000 -0.10549983992483
7083000 -0.12935507368165
7084000 -0.113095305326935
7085000 -0.118121300499473
7086000 -0.0877716117128999
7087000 -0.0996843499424536
7088000 -0.1081250071365
7089000 -0.0959457695746395
7090000 -0.0792781146212075
7091000 -0.0914150051283409
7092000 -0.091526242190703
7093000 -0.103564221984261
7094000 -0.104605027627577
7095000 -0.1300611637464
7096000 -0.13392863787979
7097000 -0.0853336210981458
7098000 -0.124898607351828
7099000 -0.122672109510487
7100000 -0.111965376605448
7101000 -0.0905165600574893
7102000 -0.112758524138438
7103000 -0.0737014436833469
7104000 -0.0772293012072602
7105000 -0.105714434124417
7106000 -0.104256648573651
7107000 -0.0660561158172718
7108000 -0.110946688700837
7109000 -0.104472967093094
7110000 -0.0721993414779607
7111000 -0.0678408743268032
7112000 -0.13051539635561
7113000 -0.0878881070600662
7114000 -0.0976655258784273
7115000 -0.0948397715979529
7116000 -0.108726100915774
7117000 -0.127997448346871
7118000 -0.113214760739903
7119000 -0.113316401227057
7120000 -0.0787098216781693
7121000 -0.131747506063754
7122000 -0.139886718213807
7123000 -0.0964607523974589
7124000 -0.103101797788834
7125000 -0.115876880709083
7126000 -0.12372664162859
7127000 -0.0938134969544675
7128000 -0.138353468231384
7129000 -0.0856528257130353
7130000 -0.119089099544012
7131000 -0.0971110255469874
7132000 -0.121608386651392
7133000 -0.112616840241228
7134000 -0.073165287128498
7135000 -0.111438368092308
7136000 -0.116239975226651
7137000 -0.0915727026330874
7138000 -0.102838390652723
7139000 -0.111584609771865
7140000 -0.0923662258771477
7141000 -0.0948309011599308
7142000 -0.118611683936602
7143000 -0.0757209726204216
7144000 -0.10609636715235
7145000 -0.101043215693489
7146000 -0.109581336954949
7147000 -0.0895186175846246
7148000 -0.11852383587666
7149000 -0.119290486736135
7150000 -0.128488573496005
7151000 -0.0943993023732715
7152000 -0.117548262508063
7153000 -0.108823855966331
7154000 -0.124553677405978
7155000 -0.103012777920296
7156000 -0.145160562277763
7157000 -0.122347810292523
7158000 -0.118941593037716
7159000 -0.104850902372945
7160000 -0.0869834612131005
7161000 -0.114465693502677
7162000 -0.0993045433461737
7163000 -0.0893543005439708
7164000 -0.106223689124744
7165000 -0.081034948082583
7166000 -0.107810527878545
7167000 -0.103014667764998
7168000 -0.0986306294623159
7169000 -0.125083724373952
7170000 -0.102867940165902
7171000 -0.0923834352672921
7172000 -0.115837249988975
7173000 -0.0688470732407187
7174000 -0.131339902181955
7175000 -0.12012023213155
7176000 -0.0663445229432694
7177000 -0.159907451874965
7178000 -0.163884423934782
7179000 -0.0593974775954857
7180000 -0.0724716770138239
7181000 -0.0926268769501135
7182000 -0.118882238550107
7183000 -0.0695381489230338
7184000 -0.0885010051941104
7185000 -0.107599468704392
7186000 -0.103182493727136
7187000 -0.142051820821421
7188000 -0.123169208519666
7189000 -0.137094937031058
7190000 -0.10747824980636
7191000 -0.0996315853766932
7192000 -0.122264899026993
7193000 -0.0830253404567635
7194000 -0.0818606303807682
7195000 -0.132571963521415
7196000 -0.117454144498854
7197000 -0.110040588822044
7198000 -0.147474208471357
7199000 -0.139452725670663
7200000 -0.122264705613342
7201000 -0.112053128518864
7202000 -0.0961933672150519
7203000 -0.116082233753473
7204000 -0.115591545145987
7205000 -0.0794347279994284
7206000 -0.101686212469373
7207000 -0.106021208475456
7208000 -0.109959113743132
7209000 -0.111418188990459
7210000 -0.0770685420979489
7211000 -0.116804842617757
7212000 -0.0910076715691714
7213000 -0.0868331113189046
7214000 -0.1080187253056
7215000 -0.0823386945503648
7216000 -0.111940715246349
7217000 -0.112305281380686
7218000 -0.140527140897521
7219000 -0.0879690224477818
7220000 -0.0815275729809278
7221000 -0.12176902312725
7222000 -0.1337094635632
7223000 -0.108358659207429
7224000 -0.135947407008362
7225000 -0.0930899199418713
7226000 -0.0870646047242124
7227000 -0.12916732819442
7228000 -0.110707549057019
7229000 -0.0921025933877633
7230000 -0.114176459655852
7231000 -0.116230563259252
7232000 -0.110929635689087
7233000 -0.0808852324890458
7234000 -0.0853191755516298
7235000 -0.103590647660327
7236000 -0.0902749721098686
7237000 -0.106659593025588
7238000 -0.104540731710615
7239000 -0.120486908154323
7240000 -0.090091347693546
7241000 -0.106309890525554
7242000 -0.0939824036562147
7243000 -0.081379773985729
7244000 -0.110324647659254
7245000 -0.121080458938628
7246000 -0.0815351358392679
7247000 -0.0858588276043579
7248000 -0.0825917794382688
7249000 -0.0902730890025592
7250000 -0.0832982665080572
7251000 -0.098948898049766
7252000 -0.109434146433772
7253000 -0.108113723249746
7254000 -0.101027793219839
7255000 -0.110449266041631
7256000 -0.0731746093253678
7257000 -0.109746803306114
7258000 -0.100878626763628
7259000 -0.0871219979836577
7260000 -0.12305849459708
7261000 -0.0665074411339763
7262000 -0.105758450336334
7263000 -0.120498622353835
7264000 -0.114978281836998
7265000 -0.12338258733724
7266000 -0.094393242423211
7267000 -0.125837931169404
7268000 -0.114941193337555
7269000 -0.0986762136742107
7270000 -0.124723782818105
7271000 -0.113270330406048
7272000 -0.106590967386318
7273000 -0.135460347455806
7274000 -0.0749154784221585
7275000 -0.0763303183234331
7276000 -0.069893256217825
7277000 -0.110463051761582
7278000 -0.0963148591871995
7279000 -0.12924338334698
7280000 -0.0822416824444835
7281000 -0.099649978305372
7282000 -0.143030014006287
7283000 -0.113283832411443
7284000 -0.112182143864509
7285000 -0.0839932190517717
7286000 -0.131934101561998
7287000 -0.120108710050557
7288000 -0.117568578645793
7289000 -0.0987457387846015
7290000 -0.077929196152196
7291000 -0.127584923523762
7292000 -0.0811764204711247
7293000 -0.131419220979153
7294000 -0.137825453191897
7295000 -0.120207855568928
7296000 -0.0943152742089335
7297000 -0.152650517786856
7298000 -0.0860658509254526
7299000 -0.0698858097255061
7300000 -0.116129156736719
7301000 -0.0788073375294595
7302000 -0.129390020813696
7303000 -0.069233642537249
7304000 -0.123626859508013
7305000 -0.130650840492571
7306000 -0.0900024804060354
7307000 -0.123445655828274
7308000 -0.123571878521026
7309000 -0.110379178381802
7310000 -0.115711512411743
7311000 -0.120598799799317
7312000 -0.109492036873241
7313000 -0.105069163851141
7314000 -0.0967757472939287
7315000 -0.134207452787717
7316000 -0.118529864285153
7317000 -0.0831102578259461
7318000 -0.108144691245885
7319000 -0.0588088397514965
7320000 -0.117986903235327
7321000 -0.122166081085887
7322000 -0.116698836863118
7323000 -0.124079235014164
7324000 -0.109719133358277
7325000 -0.111697077801104
7326000 -0.0953373054544687
7327000 -0.125270310573509
7328000 -0.136960414747246
7329000 -0.150196152436875
7330000 -0.0747643438537506
7331000 -0.132345035568436
7332000 -0.0980430669761461
7333000 -0.088783092146479
7334000 -0.0950305158084502
7335000 -0.0870847817802228
7336000 -0.127558567011596
7337000 -0.113668984447334
7338000 -0.0776930126957015
7339000 -0.131335259680521
7340000 -0.0934292658716651
7341000 -0.162592473951309
7342000 -0.107815354590961
7343000 -0.162633027603874
7344000 -0.120277067540803
7345000 -0.134518921016762
7346000 -0.144735954420695
7347000 -0.117133887432384
7348000 -0.107850703047247
7349000 -0.110447493785688
7350000 -0.136931908967514
7351000 -0.131461600965256
7352000 -0.0971165045618266
7353000 -0.143575760705778
7354000 -0.0758246440900043
7355000 -0.122355100068321
7356000 -0.136870170194779
7357000 -0.13253915967796
7358000 -0.0806150905450457
7359000 -0.138140670763364
7360000 -0.111985039743063
7361000 -0.103085388052891
7362000 -0.111393644509461
7363000 -0.0804465893510682
7364000 -0.119875545708338
7365000 -0.131145685881021
7366000 -0.110687143503916
7367000 -0.0973488683237083
7368000 -0.118086505056181
7369000 -0.106199535332563
7370000 -0.112916924991209
7371000 -0.0991723583081579
7372000 -0.0848301133030863
7373000 -0.142732833107806
7374000 -0.107229657136888
7375000 -0.107644372942713
7376000 -0.0967141603592586
7377000 -0.133189291556015
7378000 -0.13829399244512
7379000 -0.111460621522029
7380000 -0.134427765168745
7381000 -0.0992163432862901
7382000 -0.103458339280101
7383000 -0.119901027414765
7384000 -0.128647721391399
7385000 -0.0998039666093336
7386000 -0.109074537261902
7387000 -0.0637743615089755
7388000 -0.117576605751018
7389000 -0.133345742069191
7390000 -0.083734767887891
7391000 -0.132943332515787
7392000 -0.0990549221916167
7393000 -0.105320872397715
7394000 -0.127111237828475
7395000 -0.106800047511277
7396000 -0.0843020966194423
7397000 -0.15053848678154
7398000 -0.107387879228019
7399000 -0.107559835572548
7400000 -0.111322444265385
7401000 -0.0837520254520311
7402000 -0.123830982005546
7403000 -0.137807423495425
7404000 -0.102282228147709
7405000 -0.157520869585356
7406000 -0.1206911277618
7407000 -0.171616411619661
7408000 -0.0730082699968402
7409000 -0.0984964377217095
7410000 -0.0900910218171483
7411000 -0.106415782982861
7412000 -0.109006562385286
7413000 -0.121928063937907
7414000 -0.113370589393008
7415000 -0.147816374983762
7416000 -0.102047311303703
7417000 -0.143926757736278
7418000 -0.10436748044091
7419000 -0.13251004071239
7420000 -0.129280740636898
7421000 -0.141636476965619
7422000 -0.0994042995283273
7423000 -0.14295465251743
7424000 -0.127460048027255
7425000 -0.122953602793472
7426000 -0.101926769576055
7427000 -0.118207158361191
7428000 -0.13008456911481
7429000 -0.074027103893359
7430000 -0.11179759646944
7431000 -0.139452590832723
7432000 -0.116284919517378
7433000 -0.107309771914249
7434000 -0.108965488733917
7435000 -0.140534104945001
7436000 -0.137312696822049
7437000 -0.143605665613494
7438000 -0.12211636855051
7439000 -0.0971527999531768
7440000 -0.124597533345118
7441000 -0.131692902330043
7442000 -0.0973945649183087
7443000 -0.119916899778186
7444000 -0.0994823120737623
7445000 -0.14074843006697
7446000 -0.106045008747792
7447000 -0.11375288262796
7448000 -0.127257164352701
7449000 -0.140527539234354
7450000 -0.0786720801362424
7451000 -0.127354949024233
7452000 -0.122537873986532
7453000 -0.122049485127314
7454000 -0.128009317265842
7455000 -0.124728907931535
7456000 -0.120804194395719
7457000 -0.1170823238024
7458000 -0.0990583682858899
7459000 -0.139082498612144
7460000 -0.106561981903854
7461000 -0.124378777300307
7462000 -0.0799228196223906
7463000 -0.161859339015164
7464000 -0.124005646590107
7465000 -0.140009486236647
7466000 -0.117163269882064
7467000 -0.15929187941592
7468000 -0.13115003289629
7469000 -0.11225428347837
7470000 -0.126248980605153
7471000 -0.132942945867764
7472000 -0.0941011062558749
7473000 -0.142875145850332
7474000 -0.103790675286348
7475000 -0.144434344828246
7476000 -0.10007366314047
7477000 -0.143555490968183
7478000 -0.161164453975649
7479000 -0.104766808853804
7480000 -0.122252769700109
7481000 -0.0888462877219203
7482000 -0.135130271529928
7483000 -0.133187175509988
7484000 -0.0788035654007339
7485000 -0.132394375257657
7486000 -0.0876335527951353
7487000 -0.135925762509547
7488000 -0.138858066507039
7489000 -0.116090649178021
7490000 -0.113493930845793
7491000 -0.137060223605
7492000 -0.0882777954037861
7493000 -0.0867297812858962
7494000 -0.0836175681515943
7495000 -0.109771376914322
7496000 -0.134192536338226
7497000 -0.0903674537471243
7498000 -0.113635478836107
7499000 -0.124129944736821
7500000 -0.0776914209359843
7501000 -0.0872707985219399
7502000 -0.136549964311469
7503000 -0.105704317734378
7504000 -0.112368058488587
7505000 -0.0621661981062722
7506000 -0.122457058472001
7507000 -0.134034713634796
7508000 -0.080518976186937
7509000 -0.111107742683979
7510000 -0.117658624804013
7511000 -0.108243186106658
7512000 -0.141582324214426
7513000 -0.0902629693121777
7514000 -0.122529022157738
7515000 -0.0960626309707628
7516000 -0.131256804749925
7517000 -0.0875782396852965
7518000 -0.11600888365141
7519000 -0.113390856084649
7520000 -0.0686735351830905
7521000 -0.11099555026103
7522000 -0.076967521235558
7523000 -0.106431902073391
7524000 -0.0788027445106047
7525000 -0.105491725101893
7526000 -0.081708627166744
7527000 -0.108660993418403
7528000 -0.0903442799623636
7529000 -0.0920707286428241
7530000 -0.0929606288833407
7531000 -0.0872519850667597
7532000 -0.116570259661549
7533000 -0.0957071209560963
7534000 -0.0937129098876631
7535000 -0.115009385936623
7536000 -0.0920452898286849
7537000 -0.0958341566534439
7538000 -0.121097598289711
7539000 -0.104343170739133
7540000 -0.109912312795266
7541000 -0.0976891193696639
7542000 -0.130054525485434
7543000 -0.0982370195787475
7544000 -0.0983408289900144
7545000 -0.114434018304142
7546000 -0.0816499844083275
7547000 -0.108088157915085
7548000 -0.105070030758093
7549000 -0.103606635231926
7550000 -0.08966208292471
7551000 -0.0811803185372518
7552000 -0.0943994783144494
7553000 -0.0945196801955365
7554000 -0.0740518371112773
7555000 -0.0919921424272469
7556000 -0.0863398707941504
7557000 -0.0756663616769842
7558000 -0.124627500811887
7559000 -0.111135241796702
7560000 -0.102502086587411
7561000 -0.128421996850541
7562000 -0.125470056557785
7563000 -0.0670037256665066
7564000 -0.115636062718172
7565000 -0.0974454411137626
7566000 -0.0948855205026047
7567000 -0.150303669778633
7568000 -0.101607228095276
7569000 -0.116195851144064
7570000 -0.14303426022631
7571000 -0.11187998847894
7572000 -0.121462540498568
7573000 -0.0946374333020766
7574000 -0.159788852000052
7575000 -0.0642654720985305
7576000 -0.0934870569097384
7577000 -0.104882720622685
7578000 -0.124754586525032
7579000 -0.10931606959772
7580000 -0.0921668853907613
7581000 -0.122709522832207
7582000 -0.115236381244938
7583000 -0.0929837597271109
7584000 -0.102955890391955
7585000 -0.088121946757352
7586000 -0.11624334350155
7587000 -0.101280842027566
7588000 -0.106042555561829
7589000 -0.137944281024564
7590000 -0.0790040314960814
7591000 -0.10912182537217
7592000 -0.129445084268183
7593000 -0.0797854689767514
7594000 -0.122153314372374
7595000 -0.116836967972064
7596000 -0.124259182013006
7597000 -0.0770833424855479
7598000 -0.0724745098686814
7599000 -0.128567446075912
7600000 -0.0888440185835923
7601000 -0.118828651646935
7602000 -0.0949121866253739
7603000 -0.105651248767667
7604000 -0.0913685707011636
7605000 -0.115905423690118
7606000 -0.100367114852672
7607000 -0.108852713136975
7608000 -0.106050945620112
7609000 -0.0916852136834984
7610000 -0.112976156099119
7611000 -0.041855778629245
7612000 -0.144121766094246
7613000 -0.103567518889876
7614000 -0.110979398447256
7615000 -0.0815677765687448
7616000 -0.0834816312002042
7617000 -0.0886493019775968
7618000 -0.055694241557087
7619000 -0.113119680580247
7620000 -0.103838091772469
7621000 -0.0858294698644565
7622000 -0.128933626711156
7623000 -0.0710431768604388
7624000 -0.107076379382188
7625000 -0.123007550876741
7626000 -0.0891739732058656
7627000 -0.121480382185499
7628000 -0.108727649609814
7629000 -0.150585394682421
7630000 -0.087446944686451
7631000 -0.125789728361794
7632000 -0.123213962636617
7633000 -0.150847282353619
7634000 -0.0719415979273621
7635000 -0.120530572867091
7636000 -0.12950708903994
7637000 -0.0994608916963856
7638000 -0.123236691120093
7639000 -0.0693780970475252
7640000 -0.105459077714116
7641000 -0.102228715462809
7642000 -0.0812153986961708
7643000 -0.124097434488467
7644000 -0.111477187321081
7645000 -0.0868626944270874
7646000 -0.113776750241227
7647000 -0.132563731923398
7648000 -0.102504645718472
7649000 -0.075815079709477
7650000 -0.0816474761355367
7651000 -0.101184143298711
7652000 -0.0855906504014691
7653000 -0.0946260113087974
7654000 -0.0787369185650056
7655000 -0.112804615934474
7656000 -0.101118097250569
7657000 -0.0979278475905477
7658000 -0.0974495367402941
7659000 -0.100110477070375
7660000 -0.13354831910327
7661000 -0.0904221463373337
7662000 -0.117263053897234
7663000 -0.117935802971125
7664000 -0.0762083817861442
7665000 -0.0569437607378914
7666000 -0.110421253277927
7667000 -0.102904328350081
7668000 -0.108071203549745
7669000 -0.109232667315543
7670000 -0.135164623205496
7671000 -0.10791200052178
7672000 -0.0979432325784348
7673000 -0.130094263686533
7674000 -0.0922729381247101
7675000 -0.105136362414969
7676000 -0.128879754542048
7677000 -0.085107406425455
7678000 -0.100610463362868
7679000 -0.0823585208906945
7680000 -0.108623505137392
7681000 -0.0596345472060965
7682000 -0.0934293142748983
7683000 -0.125649714273032
7684000 -0.0718910420574551
7685000 -0.103030772738432
7686000 -0.0975117328601114
7687000 -0.0799389173833904
7688000 -0.047765711438825
7689000 -0.0843750691765777
7690000 -0.101059421679561
7691000 -0.113211012059495
7692000 -0.0901779668062201
7693000 -0.099466828210186
7694000 -0.119229389568447
7695000 -0.075487705802243
7696000 -0.130306388199016
7697000 -0.0770323015160937
7698000 -0.12688101659527
7699000 -0.0752759830140451
7700000 -0.098128932971422
7701000 -0.114339376466127
7702000 -0.110443710171043
7703000 -0.0947005105552448
7704000 -0.0537131496047437
7705000 -0.134552778964741
7706000 -0.0904514099687034
7707000 -0.128346777210092
7708000 -0.107720123516192
7709000 -0.0998695389354833
7710000 -0.100207512230184
7711000 -0.108807175311409
7712000 -0.0718762108221337
7713000 -0.109996837269419
7714000 -0.0936495511700289
7715000 -0.0765075629478262
7716000 -0.0942712144326893
7717000 -0.100125480030865
7718000 -0.103193645534742
7719000 -0.0809429508977247
7720000 -0.109112420132716
7721000 -0.106312574411338
7722000 -0.109066924342314
7723000 -0.101879182792948
7724000 -0.0957104821680095
7725000 -0.0952846368391523
7726000 -0.0768830691211179
7727000 -0.118456213024343
7728000 -0.099171118229726
7729000 -0.11623590075298
7730000 -0.126887013133523
7731000 -0.110635701790426
7732000 -0.162538492158063
7733000 -0.0784208838920462
7734000 -0.101971364709918
7735000 -0.106768996340997
7736000 -0.100589727919849
7737000 -0.117033560102759
7738000 -0.078320608309258
7739000 -0.110039917924916
7740000 -0.0907505087273024
7741000 -0.136803152571907
7742000 -0.126549039879442
7743000 -0.128228531024867
7744000 -0.0787546662926565
7745000 -0.150216190389288
7746000 -0.116905909184449
7747000 -0.112928666971215
7748000 -0.0928732665249289
7749000 -0.118161883763036
7750000 -0.117633562661308
7751000 -0.152094978708477
7752000 -0.118023192442295
7753000 -0.101561065702875
7754000 -0.143495812501355
7755000 -0.0679111395649742
7756000 -0.110885900522506
7757000 -0.104136574579609
7758000 -0.0783663653313035
7759000 -0.124443808736388
7760000 -0.134142887553074
7761000 -0.0943037003527384
7762000 -0.076661401127451
7763000 -0.102942515016896
7764000 -0.0939880730552214
7765000 -0.0898898945383234
7766000 -0.101706948161029
7767000 -0.106796902391539
7768000 -0.0772708146497938
7769000 -0.127396704747291
7770000 -0.120205849322491
7771000 -0.0836147110069408
7772000 -0.0961146511643371
7773000 -0.114109095389514
7774000 -0.130338829293066
7775000 -0.0976470691539026
7776000 -0.103321881434055
7777000 -0.113328406609108
7778000 -0.110103862649744
7779000 -0.114139723881892
7780000 -0.115940330900938
7781000 -0.11714945611539
7782000 -0.100090901692487
7783000 -0.0948681371117792
7784000 -0.12986106500954
