#Timestep  sxy 
100000 0.00476014526579556
101000 -0.00312443225298154
102000 -0.0187820795410264
103000 -0.0182395403155371
104000 -0.0272399458611627
105000 -0.0235958191454466
106000 -0.0283182670567697
107000 -0.0345274745685273
108000 -0.0540013632961174
109000 -0.0590705858944783
110000 -0.053766490453929
111000 -0.0351307846001888
112000 -0.0712678008290475
113000 -0.07097671789797
114000 -0.0866787864865876
115000 -0.0993728179576913
116000 -0.0572179415340542
117000 -0.0639853519553192
118000 -0.0853266967868624
119000 -0.103517746566547
120000 -0.113903505946582
121000 -0.12585008446228
122000 -0.105121920792381
123000 -0.0958211163557356
124000 -0.11664889274291
125000 -0.121274317621151
126000 -0.134873075682337
127000 -0.139126778652093
128000 -0.169677268129857
129000 -0.178547804337781
130000 -0.153281686196231
131000 -0.139288189926023
132000 -0.145605159871547
133000 -0.148972722260378
134000 -0.144073459347203
135000 -0.176554898415516
136000 -0.191245876623604
137000 -0.175834597547216
138000 -0.169163843214252
139000 -0.167242066606482
140000 -0.176380721774219
141000 -0.191241968047919
142000 -0.199625487054233
143000 -0.226140970970082
144000 -0.227826246914591
145000 -0.236151517931935
146000 -0.206258649125581
147000 -0.174168683880646
148000 -0.208128008016154
149000 -0.23913778961279
150000 -0.257108402771824
151000 -0.244152935214849
152000 -0.249192321763967
153000 -0.238530715888357
154000 -0.223737738052223
155000 -0.231456221000843
156000 -0.298552484738125
157000 -0.286634071719888
158000 -0.285561241222708
159000 -0.287610547440815
160000 -0.297486917849323
161000 -0.293207188660453
162000 -0.304775988950161
163000 -0.274378331069482
164000 -0.281329979222495
165000 -0.302220186506695
166000 -0.309350819351841
167000 -0.306490970312138
168000 -0.301500386342756
169000 -0.28375109857205
170000 -0.297493072492983
171000 -0.316622585212453
172000 -0.358646118479831
173000 -0.346682736734158
174000 -0.350644243724973
175000 -0.372061558231274
176000 -0.377668841277363
177000 -0.336343590747458
178000 -0.329097325176525
179000 -0.37274656198505
180000 -0.388644753451431
181000 -0.392795241999866
182000 -0.36311586580435
183000 -0.363217788646695
184000 -0.355572804494867
185000 -0.297207323059088
186000 -0.309319401874566
187000 -0.311928139601936
188000 -0.350575636518516
189000 -0.341818710948911
190000 -0.355689002728783
191000 -0.40176584454991
192000 -0.467012786134937
193000 -0.463892936322183
194000 -0.444902153935197
195000 -0.416561401157103
196000 -0.423017279944797
197000 -0.38194936505279
198000 -0.380132039876741
199000 -0.374463571190831
200000 -0.412141891930061
201000 -0.394362492142128
202000 -0.356325926503633
203000 -0.358189626856344
204000 -0.437268767178312
205000 -0.492650301704339
206000 -0.485804265013026
207000 -0.472254302522398
208000 -0.521747957010792
209000 -0.52416199675566
210000 -0.511911051134364
211000 -0.462004425139148
212000 -0.408089473293056
213000 -0.38388178061776
214000 -0.373340947789957
215000 -0.387110326656672
216000 -0.374940238480255
217000 -0.355744006798354
218000 -0.345400629662459
219000 -0.362952287098445
220000 -0.352032239284019
221000 -0.366418857991745
222000 -0.40433796297551
223000 -0.45579485474998
224000 -0.496653629722902
225000 -0.469676525014717
226000 -0.518985674352199
227000 -0.560567588729169
228000 -0.556321766796275
229000 -0.470226263963654
230000 -0.446754412400941
231000 -0.475242020205859
232000 -0.427086073122525
233000 -0.389268602657519
234000 -0.352900554848161
235000 -0.389676330360685
236000 -0.409850588278939
237000 -0.395133261559222
238000 -0.344995226676789
239000 -0.35048202023365
240000 -0.425495422573071
241000 -0.391474962500782
242000 -0.325765376094975
243000 -0.372420353874254
244000 -0.417322574431498
245000 -0.345071894137732
246000 -0.403599294911884
247000 -0.464487453518629
248000 -0.454905074830926
249000 -0.483198453306632
250000 -0.530201118160543
251000 -0.543940029222256
252000 -0.506141550773995
253000 -0.537607243213882
254000 -0.52484235466996
255000 -0.501345850987448
256000 -0.46328677640646
257000 -0.448964748428035
258000 -0.428453324300309
259000 -0.424927892934674
260000 -0.456340798952533
261000 -0.504602706549279
262000 -0.445345047193378
263000 -0.49213700398876
264000 -0.588347459749053
265000 -0.573049863834772
266000 -0.519573929857738
267000 -0.468875505684137
268000 -0.55444774139739
269000 -0.507272118582881
270000 -0.38303994324197
271000 -0.467286400216162
272000 -0.566352427497382
273000 -0.510114618747486
274000 -0.440410007050479
275000 -0.57002261514942
276000 -0.632157137956023
277000 -0.578221051387935
278000 -0.523632949881179
279000 -0.577074770376307
280000 -0.550909635037508
281000 -0.465489464804442
282000 -0.516226345570167
283000 -0.539280345508536
284000 -0.507050239373595
285000 -0.572739627414689
286000 -0.587408427681317
287000 -0.549603336301036
288000 -0.559081353065802
289000 -0.625212372998341
290000 -0.516913675974504
291000 -0.494057687744194
292000 -0.638610845841236
293000 -0.567878246821278
294000 -0.489153413354133
295000 -0.613697868478958
296000 -0.686046550143592
297000 -0.576643217743842
298000 -0.573650230474676
299000 -0.657930270981918
300000 -0.56931911286603
301000 -0.515990997285675
302000 -0.644515434235829
303000 -0.686601750009381
304000 -0.540967446991587
305000 -0.693525059290596
306000 -0.702358005006692
307000 -0.561279685067979
308000 -0.61226360715536
309000 -0.670549772998543
310000 -0.601760549599408
311000 -0.642847156157832
312000 -0.704210258101008
313000 -0.669403517027737
314000 -0.658880196126233
315000 -0.732899074447642
316000 -0.663076600481709
317000 -0.578579488757855
318000 -0.657576707921379
319000 -0.671765148772086
320000 -0.648565733630949
321000 -0.707214963093347
322000 -0.746879689449627
323000 -0.651822951011568
324000 -0.699753547622928
325000 -0.686794118186341
326000 -0.643242799259796
327000 -0.68601475143072
328000 -0.771084404980433
329000 -0.701656170771999
330000 -0.700979203496491
331000 -0.775041290026264
332000 -0.671747082772669
333000 -0.659895659820925
334000 -0.757848456311306
335000 -0.71324211091662
336000 -0.691399242510922
337000 -0.765870218986918
338000 -0.735231171407211
339000 -0.696404790302867
340000 -0.734170001502315
341000 -0.719621164803417
342000 -0.738014906938451
343000 -0.755775562134069
344000 -0.764324239638243
345000 -0.749004306863697
346000 -0.748131506156096
347000 -0.715780503925592
348000 -0.769583403159252
349000 -0.783138191635875
350000 -0.747106978478154
351000 -0.795485891527084
352000 -0.802910857179493
353000 -0.703962490729199
354000 -0.787865787627231
355000 -0.840272279685848
356000 -0.735090720315564
357000 -0.803052323831724
358000 -0.836152514130388
359000 -0.748949352550177
360000 -0.774152063642551
361000 -0.858581530277908
362000 -0.774911322714294
363000 -0.797116839651473
364000 -0.852072582886281
365000 -0.756052992780459
366000 -0.840156131888409
367000 -0.860377153271485
368000 -0.776176818345819
369000 -0.839001769362438
370000 -0.847847145183684
371000 -0.79970878863358
372000 -0.880917937063316
373000 -0.846030431709508
374000 -0.798333130579942
375000 -0.907796433146399
376000 -0.848861962055401
377000 -0.81451761266251
378000 -0.906924052496377
379000 -0.840462512616732
380000 -0.81657771516309
381000 -0.913788054525576
382000 -0.885012759632372
383000 -0.807179354106347
384000 -0.962386030433087
385000 -0.877288953672913
386000 -0.821986193692286
387000 -0.922357924241002
388000 -0.907509836019796
389000 -0.853466784620166
390000 -0.903160581324645
391000 -0.917475575846743
392000 -0.885528505831157
393000 -0.907699996688132
394000 -0.964988268476527
395000 -0.939875709175713
396000 -0.859501974371571
397000 -0.925970221640413
398000 -0.959739867426187
399000 -0.894092181059712
400000 -0.937336995279811
401000 -0.987060257308706
402000 -0.898293469927687
403000 -0.909483660823629
404000 -1.05796047802493
405000 -0.91209300824467
406000 -0.92218124455329
407000 -1.01506156315685
408000 -0.921943545600152
409000 -0.915183014341218
410000 -1.04489898025246
411000 -0.984280454267749
412000 -0.89291269978907
413000 -1.0216423670983
414000 -0.980002933307509
415000 -0.946469641885985
416000 -1.04971755105036
417000 -0.999339955914754
418000 -0.90984713929297
419000 -1.02528401525053
420000 -1.04689684325186
421000 -0.934620786315146
422000 -1.07206992513965
423000 -1.0255419582505
424000 -0.956598771818258
425000 -1.09149340418161
426000 -1.04322908763708
427000 -1.00915957275032
428000 -1.02306062439901
429000 -1.08258906317907
430000 -0.976989287686029
431000 -1.06582141065144
432000 -1.08563928373316
433000 -1.01134494006881
434000 -1.02829868104313
435000 -1.09887827585925
436000 -1.04468143418131
437000 -1.0502831400516
438000 -1.12179547270315
439000 -1.00758548045347
440000 -1.06778509527213
441000 -1.13147035986605
442000 -1.05139676908631
443000 -1.09825533713749
444000 -1.08014520968114
445000 -1.05960306812378
446000 -1.10846127438015
447000 -1.12713969251838
448000 -1.05204035966625
449000 -1.11018390138438
450000 -1.16131138380927
451000 -1.08659259517163
452000 -1.10970104021151
453000 -1.13662466545083
454000 -1.09223663117541
455000 -1.14543326675358
456000 -1.1839594364885
457000 -1.07882167058925
458000 -1.15291463755395
459000 -1.17280621347834
460000 -1.08346019568419
461000 -1.19696405022748
462000 -1.14055784823653
463000 -1.13576807186182
464000 -1.19952760899269
465000 -1.1422945641469
466000 -1.12535331981628
467000 -1.2241497114687
468000 -1.13010750398826
469000 -1.16727547178136
470000 -1.23144565299754
471000 -1.12093933108852
472000 -1.22350908039043
473000 -1.18366248387686
474000 -1.15997224151956
475000 -1.22313270378671
476000 -1.18901579710085
477000 -1.20269230653504
478000 -1.20695446453885
479000 -1.19607375184937
480000 -1.20134734044563
481000 -1.23743486371949
482000 -1.21185561273265
483000 -1.19055329028476
484000 -1.22492427755802
485000 -1.23404338415613
486000 -1.23925434634165
487000 -1.23405215071758
488000 -1.23332794888343
489000 -1.24264879821882
490000 -1.27148461166743
491000 -1.23179452851631
492000 -1.25243113123245
493000 -1.2952499451455
494000 -1.20301862357934
495000 -1.30174710715914
496000 -1.26518193039482
497000 -1.25227160283376
498000 -1.31382023381158
499000 -1.25418110446166
500000 -1.28747622504277
501000 -1.31590725136179
502000 -1.26870806391663
503000 -1.2935151159823
504000 -1.29282819471576
505000 -1.29845823373873
506000 -1.31540114193012
507000 -1.28111409020983
508000 -1.33351694058402
509000 -1.32768208136617
510000 -1.305644266744
511000 -1.35415815617594
512000 -1.28795103775692
513000 -1.34163278772496
514000 -1.33158770676108
515000 -1.33510198512612
516000 -1.33610511269967
517000 -1.33256577000816
518000 -1.35016578751625
519000 -1.32180293914544
520000 -1.36708538360883
521000 -1.35953959811804
522000 -1.3679219016621
523000 -1.3645941362959
524000 -1.33523721411455
525000 -1.39353824310975
526000 -1.34666699867229
527000 -1.38848019071233
528000 -1.39363254444406
529000 -1.35577216898762
530000 -1.41091546272198
531000 -1.36271049061198
532000 -1.40853321115495
533000 -1.39674088571242
534000 -1.38987473745454
535000 -1.42908294653237
536000 -1.40050443726152
537000 -1.39995930715499
538000 -1.41053323837561
539000 -1.42421943034503
540000 -1.41575476919531
541000 -1.41917953813002
542000 -1.41831529079569
543000 -1.39730695788626
544000 -1.42450182218693
545000 -1.43060119653661
546000 -1.43083669478455
547000 -1.46370964734993
548000 -1.42067286052941
549000 -1.47440162191825
550000 -1.43453940458195
551000 -1.46345763382144
552000 -1.47673225170173
553000 -1.44039549528235
554000 -1.48040521394671
555000 -1.44847168136264
556000 -1.46538352092409
557000 -1.47995744116498
558000 -1.45274811061541
559000 -1.51411709232583
560000 -1.45065181370751
561000 -1.50689251745045
562000 -1.49378040150618
563000 -1.47375709131702
564000 -1.52365743460839
565000 -1.46893641812536
566000 -1.52524522286237
567000 -1.48822651547172
568000 -1.51614835589647
569000 -1.50368476552549
570000 -1.51878069571974
571000 -1.53189849653461
572000 -1.49615772257336
573000 -1.52176553235811
574000 -1.53199116605376
575000 -1.58175755521637
576000 -1.52139779937702
577000 -1.54854772417931
578000 -1.54601899092239
579000 -1.55165590615236
580000 -1.58687373085406
581000 -1.54691831442567
582000 -1.56355645300251
583000 -1.5808155358413
584000 -1.56061811977937
585000 -1.58666587929316
586000 -1.55373323060066
587000 -1.60064887928429
588000 -1.56487888199553
589000 -1.57760562969898
590000 -1.58335459011601
591000 -1.5874608718643
592000 -1.602537399305
593000 -1.55970798227292
594000 -1.60461156689742
595000 -1.6095923861102
596000 -1.61323435847096
597000 -1.60563079690425
598000 -1.60142531249786
599000 -1.60068227368069
600000 -1.62446372185787
601000 -1.62660101261832
602000 -1.64453762180868
603000 -1.63054238669726
604000 -1.6530500922736
605000 -1.6265028469561
606000 -1.65067147038392
607000 -1.65126581280876
608000 -1.63434656743197
609000 -1.65928666975195
610000 -1.64350285294362
611000 -1.66116136769991
612000 -1.67412178191889
613000 -1.64936271776906
614000 -1.65689976524724
615000 -1.66532640017393
616000 -1.68457941411643
617000 -1.68557950235643
618000 -1.67325020547532
619000 -1.69308897124883
620000 -1.69282683201431
621000 -1.70089155695375
622000 -1.71155290816741
623000 -1.69585855756293
624000 -1.71856575156343
625000 -1.67652269877059
626000 -1.75299810576357
627000 -1.70536359184718
628000 -1.72731352350625
629000 -1.71196703056475
630000 -1.72678146806931
631000 -1.74691576708237
632000 -1.70632816159313
633000 -1.76120761645027
634000 -1.7269314887745
635000 -1.75134923379801
636000 -1.75806410404026
637000 -1.7404334156976
638000 -1.77115664085
639000 -1.74240528222071
640000 -1.77110226018074
641000 -1.77128698837308
642000 -1.77735345025008
643000 -1.78102984175519
644000 -1.77137774959697
645000 -1.79614327776961
646000 -1.79738134121842
647000 -1.78556184560573
648000 -1.7893340883154
649000 -1.77603922828315
650000 -1.82195794135424
651000 -1.78194390120214
652000 -1.8255800026259
653000 -1.8020831912687
654000 -1.80524714819297
655000 -1.82984730461189
656000 -1.78762555373822
657000 -1.84091616438141
658000 -1.79584006567775
659000 -1.85935493625727
660000 -1.79209970481808
661000 -1.84903384676727
662000 -1.82333568870703
663000 -1.82633754465037
664000 -1.87387390001899
665000 -1.82871085043187
666000 -1.88501555372428
667000 -1.83163304087427
668000 -1.89073119044561
669000 -1.86178369050293
670000 -1.86807166385033
671000 -1.88433893537189
672000 -1.85990301305151
673000 -1.89723715107046
674000 -1.8607821518887
675000 -1.89169103937642
676000 -1.89297611915671
677000 -1.88410371602603
678000 -1.88844769815
679000 -1.89540117776993
680000 -1.9224736271845
681000 -1.88836817168823
682000 -1.90140274435665
683000 -1.93711997539498
684000 -1.87945456939421
685000 -1.91280960885361
686000 -1.92221974325121
687000 -1.94819570374721
688000 -1.90749193899992
689000 -1.93598109507956
690000 -1.92985038854724
691000 -1.932903533504
692000 -1.96799020221969
693000 -1.93676520034811
694000 -1.96282671602239
695000 -1.93405593755192
696000 -2.00125077252764
697000 -1.94413895241852
698000 -1.9616745068042
699000 -2.00124654203513
700000 -1.96249646749675
701000 -1.99670621106966
702000 -1.97745393049098
703000 -2.00085155837667
704000 -1.96119737666809
705000 -1.99375202205084
706000 -1.98697286892465
707000 -2.00221110499603
708000 -1.98207889422943
709000 -2.00914106523294
710000 -2.00957838732333
711000 -2.01016785258868
712000 -1.99635034892176
713000 -2.04717310487208
714000 -2.01187873727711
715000 -2.01819942420964
716000 -2.01689204298288
717000 -2.05335295826274
718000 -2.07843679326281
719000 -1.98967248151865
720000 -2.06097315593984
721000 -2.01372452209454
722000 -2.06823941633
723000 -2.03153300878924
724000 -2.06802414159365
725000 -2.06787034193359
726000 -2.04857552932099
727000 -2.07957903500826
728000 -2.05759853968314
729000 -2.13450120675207
730000 -2.03909734554434
731000 -2.0953054342316
732000 -2.06181926028873
733000 -2.11623494887109
734000 -2.08935741952552
735000 -2.09361319747282
736000 -2.11581096493779
737000 -2.08815732719217
738000 -2.12483548991368
739000 -2.06758792989965
740000 -2.15037677152579
741000 -2.09417164001244
742000 -2.16723193943069
743000 -2.07413289607441
744000 -2.17620643618155
745000 -2.11092603638126
746000 -2.1520551935978
747000 -2.1359164550083
748000 -2.14197712875756
749000 -2.17772849895464
750000 -2.1065171963443
751000 -2.1741055265652
752000 -2.16048451117732
753000 -2.17960766594296
754000 -2.14489267714221
755000 -2.16915624933142
756000 -2.16977398337703
757000 -2.15527718566348
758000 -2.18345765616093
759000 -2.1648744451598
760000 -2.19293668272763
761000 -2.15708355259069
762000 -2.21674065047882
763000 -2.16475604340409
764000 -2.21936109396794
765000 -2.19021416831448
766000 -2.20985426120867
767000 -2.1884838918828
768000 -2.20612484078387
769000 -2.22696656891649
770000 -2.21652280102326
771000 -2.22124624625487
772000 -2.21245578071272
773000 -2.2618535369569
774000 -2.21331157552053
775000 -2.25570472208392
776000 -2.21329993717536
777000 -2.25984802502086
778000 -2.22638955355648
779000 -2.28503086507591
780000 -2.25707059830168
781000 -2.25207693560563
782000 -2.27091714445072
783000 -2.24237280126121
784000 -2.28231672686842
785000 -2.22639216156608
786000 -2.27901193545463
787000 -2.26046428746534
788000 -2.30259015067599
789000 -2.26470774300045
790000 -2.28781097064008
791000 -2.29846746346658
792000 -2.28917714226992
793000 -2.28700730049866
794000 -2.28453669269149
795000 -2.34255553843507
796000 -2.29010131885287
797000 -2.32791431413138
798000 -2.30422470635576
799000 -2.3604101802722
800000 -2.30028459025099
801000 -2.32469441453292
802000 -2.30446724192543
803000 -2.33993390647776
804000 -2.36196716865593
805000 -2.31146435531012
806000 -2.35452709031109
807000 -2.31808194905171
808000 -2.3888612037446
809000 -2.32775329260657
810000 -2.36893683916799
811000 -2.34575644195846
812000 -2.38467734882251
813000 -2.35577556565233
814000 -2.39046263671906
815000 -2.37892483183714
816000 -2.34399894930821
817000 -2.40119171851881
818000 -2.37943313846581
819000 -2.41020715275189
820000 -2.36549684638227
821000 -2.39577906739438
822000 -2.39918390888535
823000 -2.38824274068567
824000 -2.42605868109009
825000 -2.37609267664511
826000 -2.44776711662647
827000 -2.37563114366617
828000 -2.41956268985974
829000 -2.40114943711398
830000 -2.45822026775966
831000 -2.39807586820288
832000 -2.41874784283222
833000 -2.41638962658642
834000 -2.45080172619201
835000 -2.42587099714307
836000 -2.43959280974106
837000 -2.43527504247769
838000 -2.44822648787928
839000 -2.44956377606324
840000 -2.4713485926384
841000 -2.4235776751244
842000 -2.4957045483221
843000 -2.43312571131394
844000 -2.49272844486115
845000 -2.43639821894672
846000 -2.50603496158521
847000 -2.440854315058
848000 -2.51951342348369
849000 -2.45026111420535
850000 -2.50434095443013
851000 -2.47549264353061
852000 -2.50804705893428
853000 -2.51671322975744
854000 -2.49456938447697
855000 -2.5001729548947
856000 -2.5243876518901
857000 -2.52059076373122
858000 -2.50778056431504
859000 -2.53093877140737
860000 -2.53100088279341
861000 -2.51693800341052
862000 -2.54060109541396
863000 -2.53977178204404
864000 -2.53803177825604
865000 -2.54656085764892
866000 -2.55806721524148
867000 -2.56726132011162
868000 -2.51936205760142
869000 -2.58976758337086
870000 -2.54705852272201
871000 -2.59148305023064
872000 -2.52881671892578
873000 -2.61369009611349
874000 -2.54015548140326
875000 -2.60059322139471
876000 -2.55233179550764
877000 -2.60598375125994
878000 -2.58412151663641
879000 -2.61538819592682
880000 -2.56067665950571
881000 -2.60560737264947
882000 -2.6139059488923
883000 -2.60331723912862
884000 -2.60955840360736
885000 -2.60464339480088
886000 -2.61903671758341
887000 -2.61073470636923
888000 -2.64212593642825
889000 -2.61712257974509
890000 -2.64697015443272
891000 -2.60628732635621
892000 -2.63658778105374
893000 -2.62977871989064
894000 -2.65806475462104
895000 -2.6257285887007
896000 -2.68459668360973
897000 -2.62076944928876
898000 -2.67923039885353
899000 -2.63400392358782
900000 -2.68963911875458
901000 -2.63027819015297
902000 -2.69762734718812
903000 -2.65320157979553
904000 -2.69529605993447
905000 -2.67798456287801
906000 -2.7016881814197
907000 -2.67409945588774
908000 -2.70032669350883
909000 -2.67981249277318
910000 -2.70560035177276
911000 -2.69767382891291
912000 -2.72537507173063
913000 -2.69977818200913
914000 -2.71307693859747
915000 -2.72085291814596
916000 -2.71437975358243
917000 -2.72648448286317
918000 -2.71087273841243
919000 -2.73014554179887
920000 -2.70588570404517
921000 -2.77394084842698
922000 -2.7222657173944
923000 -2.76826971058606
924000 -2.73131489349705
925000 -2.76697920308713
926000 -2.74029715481337
927000 -2.7756272130507
928000 -2.75150399665883
929000 -2.79731148353527
930000 -2.75729839779058
931000 -2.80009408726069
932000 -2.74673715169369
933000 -2.80025044397536
934000 -2.74713186515212
935000 -2.84102208161651
936000 -2.74696234898433
937000 -2.81746747496665
938000 -2.75482757716649
939000 -2.83058781112557
940000 -2.7911642643831
941000 -2.82980520531207
942000 -2.78125009996149
943000 -2.83476699705842
944000 -2.80994243784415
945000 -2.81257898337287
946000 -2.80971536990344
947000 -2.83091497914621
948000 -2.84336997960104
949000 -2.81901617866507
950000 -2.82322236676825
951000 -2.84857158462951
952000 -2.84529751132132
953000 -2.83517616005979
954000 -2.85383189488075
955000 -2.856137717188
956000 -2.85793906302491
957000 -2.86232067890178
958000 -2.85029268822015
959000 -2.8611930064809
960000 -2.85900461167771
961000 -2.87664397821703
962000 -2.87982819034035
963000 -2.8521024714836
964000 -2.92888378794553
965000 -2.83919653956428
966000 -2.91217943473505
967000 -2.86954792266379
968000 -2.91450320263582
969000 -2.85594385881892
970000 -2.88167176926005
971000 -2.88398216387514
972000 -2.92949519116319
973000 -2.91681791514617
974000 -2.92189924712598
975000 -2.90512993133285
976000 -2.90954184183932
977000 -2.93261313524151
978000 -2.90803013814798
979000 -2.94457834524712
980000 -2.93283370277454
981000 -2.9572609250022
982000 -2.9503392994121
983000 -2.93521015461269
984000 -2.94645462367777
985000 -2.93227508586298
986000 -2.98021462397826
987000 -2.90625449595225
988000 -3.00669648883944
989000 -2.92175057260864
990000 -3.00945299633425
991000 -2.93538713867668
992000 -3.00095426431488
993000 -2.95767480353646
994000 -2.99446490885868
995000 -2.98034512002044
996000 -2.98732560826697
997000 -3.02378072738373
998000 -2.97791174003608
999000 -3.04615303583414
1000000 -2.95651211528714
1001000 -3.06700469618961
1002000 -2.97814756507015
1003000 -3.04487489698055
1004000 -3.00415675229733
1005000 -3.04822653136325
1006000 -3.03104901370978
1007000 -3.00530385480533
1008000 -3.0617973589246
1009000 -3.02662853394866
1010000 -3.08157300886598
1011000 -3.00609727787268
1012000 -3.06103211934086
1013000 -3.03878248796929
1014000 -3.06361206793069
1015000 -3.0622080713836
1016000 -3.05278463242909
1017000 -3.09122326897417
1018000 -3.03495754264337
1019000 -3.09760656870417
1020000 -3.04616025328818
1021000 -3.1094419426896
1022000 -3.04189431617847
1023000 -3.11582899599414
1024000 -3.07502577823055
1025000 -3.08282148388055
1026000 -3.10551240836749
1027000 -3.08033475732765
1028000 -3.11355706843027
1029000 -3.07170011811499
1030000 -3.14136969206387
1031000 -3.08268839788313
1032000 -3.13905464279138
1033000 -3.10702046539901
1034000 -3.12285579813343
1035000 -3.14014969642727
1036000 -3.13376495383329
1037000 -3.14281843051563
1038000 -3.0977541905276
1039000 -3.16055971688087
1040000 -3.11315481550959
1041000 -3.17162187518595
1042000 -3.14598641244565
1043000 -3.13847161028302
1044000 -3.16935631064403
1045000 -3.14829131992078
1046000 -3.19673406475413
1047000 -3.14189515279561
1048000 -3.18322504725546
1049000 -3.14872987356638
1050000 -3.23184474448359
1051000 -3.16654002537708
1052000 -3.15024730079127
1053000 -3.20053297921606
1054000 -3.16518217332422
1055000 -3.21778592897204
1056000 -3.18930890027211
1057000 -3.22243209969953
1058000 -3.18637794295178
1059000 -3.21419959863864
1060000 -3.2385711982225
1061000 -3.18354111056862
1062000 -3.25495391831992
1063000 -3.19767631725188
1064000 -3.22804604998552
1065000 -3.20497869486978
1066000 -3.24683157287354
1067000 -3.23927858624578
1068000 -3.24161739698231
1069000 -3.25182603958504
1070000 -3.21046586215955
1071000 -3.25766643583251
1072000 -3.23667934819117
1073000 -3.28524227043539
1074000 -3.24878872707113
1075000 -3.24496310012891
1076000 -3.27620414621375
1077000 -3.26307440578129
1078000 -3.28584435050434
1079000 -3.23229538495916
1080000 -3.28932577884981
1081000 -3.28439500918088
1082000 -3.26208479613709
1083000 -3.30942660390074
1084000 -3.27250966774562
1085000 -3.3173953426528
1086000 -3.29294967634419
1087000 -3.2930947229532
1088000 -3.33146073435946
1089000 -3.3132216348844
1090000 -3.33428662837646
1091000 -3.29268754717906
1092000 -3.33769053861617
1093000 -3.29159984154274
1094000 -3.34811529610606
1095000 -3.3031884354119
1096000 -3.335855617494
1097000 -3.34850470112289
1098000 -3.28705823819645
1099000 -3.39909409391375
1100000 -3.32194431627902
1101000 -3.34078280435494
1102000 -3.35040274542472
1103000 -3.35209580837121
1104000 -3.40308334077949
1105000 -3.32492833210867
1106000 -3.40054060715532
1107000 -3.34089701464951
1108000 -3.4057424069552
1109000 -3.3686031796132
1110000 -3.40486094981756
1111000 -3.39952832914856
1112000 -3.3611063090651
1113000 -3.38076882116564
1114000 -3.40806036298754
1115000 -3.37213016888958
1116000 -3.39987905782484
1117000 -3.40614322346034
1118000 -3.44922833775003
1119000 -3.39436812640026
1120000 -3.40182714546333
1121000 -3.39287752010459
1122000 -3.46167742440045
1123000 -3.41496014539058
1124000 -3.41282393613891
1125000 -3.44469559783286
1126000 -3.41969284380604
1127000 -3.43703034407732
1128000 -3.42468576534095
1129000 -3.45726853334947
1130000 -3.44838564433823
1131000 -3.42989048665485
1132000 -3.48884094877853
1133000 -3.4449378263463
1134000 -3.4432443382212
1135000 -3.47873292905435
1136000 -3.43573805876434
1137000 -3.49157575625009
1138000 -3.46318233171461
1139000 -3.49338529833223
1140000 -3.48157665851868
1141000 -3.46657072719992
1142000 -3.52613826890778
1143000 -3.45588747605923
1144000 -3.52086640701469
1145000 -3.46642286638387
1146000 -3.5144568683672
1147000 -3.5307129167159
1148000 -3.47378535010618
1149000 -3.56113156398128
1150000 -3.47734520167667
1151000 -3.5398631590371
1152000 -3.51294556213245
1153000 -3.50936988604862
1154000 -3.55909120895973
1155000 -3.5107285658374
1156000 -3.55645904621488
1157000 -3.48729634934669
1158000 -3.58545994710083
1159000 -3.53439505698655
1160000 -3.53083685699647
1161000 -3.57777383043674
1162000 -3.51045762751004
1163000 -3.57922180454834
1164000 -3.54057974814987
1165000 -3.56784328169872
1166000 -3.60900483565976
1167000 -3.53155104297887
1168000 -3.59591892732885
1169000 -3.57131180756486
1170000 -3.57038761218065
1171000 -3.58876701233668
1172000 -3.54654710900809
1173000 -3.64741530333768
1174000 -3.55707653898142
1175000 -3.61619362593794
1176000 -3.60617837135688
1177000 -3.60857643858122
1178000 -3.61490875009891
1179000 -3.5845304410638
1180000 -3.65519373506317
1181000 -3.58374862811442
1182000 -3.61061027286531
1183000 -3.64980954474036
1184000 -3.60860648703317
1185000 -3.67145965630169
1186000 -3.59416442853684
1187000 -3.6646509369956
1188000 -3.63134384778924
1189000 -3.6351622845022
1190000 -3.67882803182353
1191000 -3.59302270903356
1192000 -3.66946774887494
1193000 -3.62288450288895
1194000 -3.65516238657021
1195000 -3.69866793416921
1196000 -3.5992195060219
1197000 -3.72543644268787
1198000 -3.62415051978312
1199000 -3.70877143075719
1200000 -3.70097572481308
1201000 -3.65230938146536
1202000 -3.72260528703336
1203000 -3.63388625070936
1204000 -3.74775205767692
1205000 -3.68649798424324
1206000 -3.6891213752385
1207000 -3.71907545305732
1208000 -3.67880736315516
1209000 -3.73938821788432
1210000 -3.69698073884982
1211000 -3.73962252565636
1212000 -3.73475205133551
1213000 -3.70176540932101
1214000 -3.75665726498703
1215000 -3.69115950418659
1216000 -3.77399726701468
1217000 -3.71378370175652
1218000 -3.71329322365682
1219000 -3.77265839560069
1220000 -3.72701393061941
1221000 -3.78353302816621
1222000 -3.73065969781075
1223000 -3.73679865330369
1224000 -3.80610504037243
1225000 -3.72815797420154
1226000 -3.77603907763068
1227000 -3.75561822748044
1228000 -3.73096443635284
1229000 -3.80017988822851
1230000 -3.74873116537159
1231000 -3.79775338832143
1232000 -3.75979251766765
1233000 -3.78832287787215
1234000 -3.80143496186024
1235000 -3.76179329979552
1236000 -3.80761995581702
1237000 -3.76539515209573
1238000 -3.81747424963004
1239000 -3.80760637917626
1240000 -3.7867704050804
1241000 -3.83105035076319
1242000 -3.81317256863671
1243000 -3.81748647091045
1244000 -3.84758702522185
1245000 -3.81639184889749
1246000 -3.86950957285324
1247000 -3.80464105094701
1248000 -3.81669337553431
1249000 -3.86974693940165
1250000 -3.82955969045503
1251000 -3.864453951725
1252000 -3.84075229850438
1253000 -3.83963615975126
1254000 -3.90196389208455
1255000 -3.82600528283279
1256000 -3.93486922819497
1257000 -3.85392005988618
1258000 -3.86708676625161
1259000 -3.8714029397818
1260000 -3.88307178520054
1261000 -3.90749612382107
1262000 -3.87317441877647
1263000 -3.86076388508386
1264000 -3.93125294950776
1265000 -3.87360508415438
1266000 -3.9080538092482
1267000 -3.8701654039177
1268000 -3.92162863769586
1269000 -3.90712826441263
1270000 -3.87283524267203
1271000 -3.92412042783983
1272000 -3.94537121144735
1273000 -3.89844839304329
1274000 -3.95944080357657
1275000 -3.91647245964423
1276000 -3.95382185262459
1277000 -3.93128140731165
1278000 -3.90939914308359
1279000 -3.9697516833912
1280000 -3.95085512148433
1281000 -3.93855737796203
1282000 -3.98253056184947
1283000 -3.93388014933228
1284000 -3.95879618398594
1285000 -3.96708676690333
1286000 -3.93256308484012
1287000 -3.99006486931028
1288000 -3.97347146768119
1289000 -3.95603092226071
1290000 -4.0086437226718
1291000 -3.95446158556718
1292000 -4.00557796504825
1293000 -4.01650922314589
1294000 -3.97054356515872
1295000 -4.03879851368716
1296000 -3.9660301434319
1297000 -4.02760583500138
1298000 -4.03022071770728
1299000 -3.9666877819429
1300000 -4.05217778343303
1301000 -3.97836855607717
1302000 -4.01157168335384
1303000 -4.05462209538371
1304000 -3.99124202872415
1305000 -4.0530493958831
1306000 -4.03601255856216
1307000 -3.99956431004286
1308000 -4.07233164035576
1309000 -4.03169215608168
1310000 -4.07464990915106
1311000 -4.0582807365047
1312000 -4.02649590818416
1313000 -4.09247971221534
1314000 -4.03576600414344
1315000 -4.06181123413426
1316000 -4.07834872596921
1317000 -4.02865227360419
1318000 -4.07100087667874
1319000 -4.07950897097398
1320000 -4.05742731013351
1321000 -4.12770555450052
1322000 -4.06808119637243
1323000 -4.05707413176712
1324000 -4.11724717127945
1325000 -4.06720450342611
1326000 -4.13260528896842
1327000 -4.09558015827577
1328000 -4.07610087261475
1329000 -4.14182640716874
1330000 -4.09176423498049
1331000 -4.11533227696797
1332000 -4.13280936370007
1333000 -4.07186568032533
1334000 -4.17406088666675
1335000 -4.11430122842521
1336000 -4.10820312720637
1337000 -4.16738295617363
1338000 -4.13804092525345
1339000 -4.13982624819424
1340000 -4.17179644609459
1341000 -4.13484602778334
1342000 -4.20022210425781
1343000 -4.1333318689839
1344000 -4.15461782347101
1345000 -4.22267406549569
1346000 -4.18140004226309
1347000 -4.15157863231924
1348000 -4.19120570329678
1349000 -4.18575917268071
1350000 -4.19842274539155
1351000 -4.17027203909652
1352000 -4.14796564865817
1353000 -4.22347695733783
1354000 -4.16916242436541
1355000 -4.1976485405765
1356000 -4.20512462202645
1357000 -4.21892117372629
1358000 -4.20252862472771
1359000 -4.22267833920124
1360000 -4.20973081412242
1361000 -4.26535882362378
1362000 -4.18471239475758
1363000 -4.21624881499233
1364000 -4.27655698216385
1365000 -4.21031867938971
1366000 -4.22780272841019
1367000 -4.24546721457762
1368000 -4.24578929024626
1369000 -4.24743693127035
1370000 -4.19288471178779
1371000 -4.24277741293306
1372000 -4.28077143745678
1373000 -4.23474846413303
1374000 -4.2497644364474
1375000 -4.26075769273905
1376000 -4.25380011504757
1377000 -4.27621023524586
1378000 -4.26789426075323
1379000 -4.27432986771339
1380000 -4.31113208949221
1381000 -4.24742269008195
1382000 -4.28863041777091
1383000 -4.33142087230956
1384000 -4.23734144166978
1385000 -4.30575710932769
1386000 -4.30225423683233
1387000 -4.2919951066376
1388000 -4.32695538553199
1389000 -4.29152173750253
1390000 -4.32216327582009
1391000 -4.34750254933553
1392000 -4.26109453997491
1393000 -4.32692101783429
1394000 -4.34989865160453
1395000 -4.30630585199291
1396000 -4.33921418272961
1397000 -4.32277292842583
1398000 -4.35221153024672
1399000 -4.37899856734747
1400000 -4.2938430823402
1401000 -4.37203926051935
1402000 -4.35018977121672
1403000 -4.36108440900267
1404000 -4.39107472210761
1405000 -4.35946936528986
1406000 -4.34270376796825
1407000 -4.41260634254491
1408000 -4.33305700635558
1409000 -4.37323540950385
1410000 -4.39554994547503
1411000 -4.34549308312426
1412000 -4.40939318145645
1413000 -4.41102697579041
1414000 -4.34477522222397
1415000 -4.4390353079476
1416000 -4.37766146325356
1417000 -4.41494130338093
1418000 -4.42855522804407
1419000 -4.37181618073023
1420000 -4.42359471256192
1421000 -4.438859849806
1422000 -4.37474287003254
1423000 -4.425755801281
1424000 -4.41487595203643
1425000 -4.4262722975499
1426000 -4.46249279811969
1427000 -4.38819604456647
1428000 -4.42016302283093
1429000 -4.48794829002145
1430000 -4.44749772224995
1431000 -4.44737115711525
1432000 -4.46072513336387
1433000 -4.48012875559178
1434000 -4.47313270799522
1435000 -4.461835479893
1436000 -4.44229031265466
1437000 -4.48958044633412
1438000 -4.45674313607998
1439000 -4.44598661619765
1440000 -4.48737403111716
1441000 -4.49372573602827
1442000 -4.46506377057475
1443000 -4.49401741672016
1444000 -4.46665148981427
1445000 -4.51589627447476
1446000 -4.47689023047298
1447000 -4.45811032009236
1448000 -4.52049970060323
1449000 -4.53866666885814
1450000 -4.48087445838671
1451000 -4.50320018061595
1452000 -4.53694007917189
1453000 -4.47551004716785
1454000 -4.53160864459615
1455000 -4.53726831289669
1456000 -4.53475434082248
1457000 -4.5455091399714
1458000 -4.53031577011417
1459000 -4.52499294929158
1460000 -4.57304064630056
1461000 -4.52552930194511
1462000 -4.53317792389851
1463000 -4.553977709572
1464000 -4.56268513239373
1465000 -4.54172660587248
1466000 -4.56689905635133
1467000 -4.55875352422609
1468000 -4.56992986040884
1469000 -4.60526931266448
1470000 -4.50643227370552
1471000 -4.58851806399322
1472000 -4.61883006956204
1473000 -4.54406065052013
1474000 -4.59585583034337
1475000 -4.62059876742777
1476000 -4.59285621703199
1477000 -4.60028735624986
1478000 -4.6009370641746
1479000 -4.6105566095628
1480000 -4.6276399711647
1481000 -4.57547966443628
1482000 -4.58229408973896
1483000 -4.65695518810158
1484000 -4.61933552837926
1485000 -4.60672322005896
1486000 -4.64047756865413
1487000 -4.63532628389865
1488000 -4.65535284903235
1489000 -4.65264373546761
1490000 -4.60764167872895
1491000 -4.63999964914848
1492000 -4.6995080197505
1493000 -4.61942531865144
1494000 -4.66368154413042
1495000 -4.65323741395242
1496000 -4.64235897433446
1497000 -4.68034527748169
1498000 -4.71466931858275
1499000 -4.6646121319906
1500000 -4.6762494869167
1501000 -4.65331400894377
1502000 -4.66890244489489
1503000 -4.68072210903142
1504000 -4.68931653155468
1505000 -4.66601703912104
1506000 -4.67798163241028
1507000 -4.70495084433866
1508000 -4.72294158890057
1509000 -4.66363215617282
1510000 -4.70473732484616
1511000 -4.69537702603285
1512000 -4.74244307607847
1513000 -4.70426874621494
1514000 -4.7073088311504
1515000 -4.72804920237526
1516000 -4.73053700214777
1517000 -4.70492339923565
1518000 -4.73132699090365
1519000 -4.74298178227659
1520000 -4.76501560194503
1521000 -4.73097393679357
1522000 -4.74629985422292
1523000 -4.76822530423976
1524000 -4.75178815519612
1525000 -4.73577683109491
1526000 -4.74753358507224
1527000 -4.77158405810011
1528000 -4.78098440929762
1529000 -4.79293717549215
1530000 -4.74597127613736
1531000 -4.79446008693451
1532000 -4.812803838948
1533000 -4.72971716603058
1534000 -4.8018063358858
1535000 -4.83185318585426
1536000 -4.78612451035297
1537000 -4.76706181982099
1538000 -4.82086488796408
1539000 -4.79479349038467
1540000 -4.8030049831156
1541000 -4.81053459612455
1542000 -4.80891216601788
1543000 -4.84073132423225
1544000 -4.82622866463136
1545000 -4.80295373372632
1546000 -4.82836653351748
1547000 -4.85600430103338
1548000 -4.81876429227988
1549000 -4.8390038727204
1550000 -4.83736965030462
1551000 -4.85206384274221
1552000 -4.86770392540467
1553000 -4.84329953328101
1554000 -4.83556922627148
1555000 -4.88318355877459
1556000 -4.85270659160911
1557000 -4.84614183885662
1558000 -4.87866562898843
1559000 -4.85288522714507
1560000 -4.84206861519298
1561000 -4.88421763043867
1562000 -4.89356152332865
1563000 -4.86888380142137
1564000 -4.8591315961192
1565000 -4.9126036998407
1566000 -4.88572448197385
1567000 -4.88789144858342
1568000 -4.9047784833995
1569000 -4.90226361244751
1570000 -4.89594830498373
1571000 -4.89780007442907
1572000 -4.9084230314064
1573000 -4.91949235293069
1574000 -4.91419810945343
1575000 -4.92724851241807
1576000 -4.90149741525427
1577000 -4.93079193001294
1578000 -4.95143081955541
1579000 -4.92007286354201
1580000 -4.91579921224262
1581000 -4.93030594662799
1582000 -4.93750700504187
1583000 -4.96244592766822
1584000 -4.96054336696765
1585000 -4.93060399080313
1586000 -4.93564681320237
1587000 -4.94712308524725
1588000 -4.94028220832342
1589000 -4.97020338816334
1590000 -4.98117754958623
1591000 -4.95989227052728
1592000 -4.99356838807958
1593000 -4.98670329617624
1594000 -4.99099969604129
1595000 -4.97879796845311
1596000 -4.99401473479619
1597000 -5.00469572560154
1598000 -5.01872692232114
1599000 -4.98496282566597
1600000 -4.9781651622039
1601000 -5.01557839457799
1602000 -5.01345918210308
1603000 -4.99539064080388
1604000 -5.02196345435575
1605000 -5.03701794000201
1606000 -5.02048069078511
1607000 -5.03946841013871
1608000 -4.99276132307027
1609000 -5.0396573845736
1610000 -5.04847706861412
1611000 -5.0199251263329
1612000 -4.99219627644099
1613000 -5.04119168863696
1614000 -5.05059917890099
1615000 -5.06038875633843
1616000 -5.03524421877174
1617000 -5.0424103327066
1618000 -5.06573523681622
1619000 -5.06429149895687
1620000 -5.05800649633254
1621000 -5.08018181272743
1622000 -5.08552441550719
1623000 -5.07161846361442
1624000 -5.06693380488018
1625000 -5.0753901565914
1626000 -5.08216054730427
1627000 -5.07384557420721
1628000 -5.08277657600023
1629000 -5.08836639689616
1630000 -5.12339694094436
1631000 -5.09501479046887
1632000 -5.08233171170868
1633000 -5.10091795615278
1634000 -5.13358938306458
1635000 -5.12638789964641
1636000 -5.09764490304795
1637000 -5.10670331980208
1638000 -5.14878515263786
1639000 -5.10037057843872
1640000 -5.10914545681548
1641000 -5.1746388294565
1642000 -5.14419680301704
1643000 -5.14097356177643
1644000 -5.16095614727042
1645000 -5.11748521607334
1646000 -5.15254636677699
1647000 -5.1893264586349
1648000 -5.14567327371583
1649000 -5.15002199142711
1650000 -5.18775434350643
1651000 -5.16272811365231
1652000 -5.14094115999018
1653000 -5.19161549554327
1654000 -5.1803273766818
1655000 -5.1757311087191
1656000 -5.19248151443372
1657000 -5.15896808338001
1658000 -5.19577655470626
1659000 -5.19441168454201
1660000 -5.16118446329465
1661000 -5.16251208364725
1662000 -5.20552156588802
1663000 -5.21907440210636
1664000 -5.17778621944863
1665000 -5.20956663898614
1666000 -5.22965453170985
1667000 -5.2035895831647
1668000 -5.22730524247239
1669000 -5.20368777067431
1670000 -5.21418088586744
1671000 -5.23077434458079
1672000 -5.23005773355158
1673000 -5.21885848226141
1674000 -5.22909514660798
1675000 -5.25537340239155
1676000 -5.24994471310891
1677000 -5.24673924581338
1678000 -5.26372145138763
1679000 -5.26393871722469
1680000 -5.2530222971134
1681000 -5.23424575652768
1682000 -5.26364150260331
1683000 -5.2705036788745
1684000 -5.28575654281535
1685000 -5.27043097340922
1686000 -5.26775766208265
1687000 -5.30408564034219
1688000 -5.29441837996583
1689000 -5.25067011011011
1690000 -5.26064812985723
1691000 -5.31924376370726
1692000 -5.30006612093119
1693000 -5.27874480878616
1694000 -5.29653227913265
1695000 -5.33353892231998
1696000 -5.31848482596751
1697000 -5.32059630840864
1698000 -5.29979038266802
1699000 -5.31995042346962
1700000 -5.33438962032514
1701000 -5.30013740429265
1702000 -5.32949031305097
1703000 -5.34920525498808
1704000 -5.35961642345284
1705000 -5.33725124034049
1706000 -5.33400451206817
1707000 -5.34883298099153
1708000 -5.35645881324872
1709000 -5.35168077406603
1710000 -5.35832330726569
1711000 -5.37154742276943
1712000 -5.35485090920496
1713000 -5.3486917089917
1714000 -5.34889429532667
1715000 -5.35722612105675
1716000 -5.37762673542951
1717000 -5.39120759163171
1718000 -5.39927163696299
1719000 -5.36056938884962
1720000 -5.38510765072744
1721000 -5.44290484058846
1722000 -5.35595638878426
1723000 -5.38638276310402
1724000 -5.42904999493689
1725000 -5.40040877903165
1726000 -5.34879179522126
1727000 -5.42212780465458
1728000 -5.41169237993776
1729000 -5.37530731374696
1730000 -5.4279335180955
1731000 -5.45325907353066
1732000 -5.40814416913514
1733000 -5.4172591480842
1734000 -5.47464446244445
1735000 -5.44835588295362
1736000 -5.43001355360866
1737000 -5.45619392118516
1738000 -5.46910658424105
1739000 -5.43354007643602
1740000 -5.45259849694964
1741000 -5.46805710160151
1742000 -5.43299349128417
1743000 -5.44797275659505
1744000 -5.46644205598118
1745000 -5.46331222479815
1746000 -5.46013869000256
1747000 -5.46619936462838
1748000 -5.49638588172719
1749000 -5.46138946497403
1750000 -5.46088244595006
1751000 -5.49043454807613
1752000 -5.48371184091454
1753000 -5.44283673611927
1754000 -5.48382376621054
1755000 -5.52599539728576
1756000 -5.48904739781351
1757000 -5.46964538962515
1758000 -5.498477391816
1759000 -5.52545918470074
1760000 -5.48746909171026
1761000 -5.53734134474571
1762000 -5.53944137681876
1763000 -5.54115341519291
1764000 -5.53057755182972
1765000 -5.55551494749549
1766000 -5.54277313705486
1767000 -5.53235313413378
1768000 -5.5666862998839
1769000 -5.54421553836844
1770000 -5.57026122695553
1771000 -5.55184892800552
1772000 -5.58740930462082
1773000 -5.55695153413418
1774000 -5.52854056829238
1775000 -5.56799800956836
1776000 -5.59684155537488
1777000 -5.54880617946863
1778000 -5.54996130201531
1779000 -5.59930194736093
1780000 -5.59131924796525
1781000 -5.57702961451527
1782000 -5.56786217916728
1783000 -5.58316082204022
1784000 -5.58871312666573
1785000 -5.59713988580122
1786000 -5.62288064605459
1787000 -5.64479379709867
1788000 -5.58604657468175
1789000 -5.57724260307584
1790000 -5.60840040658977
1791000 -5.60691158162456
1792000 -5.59122142552711
1793000 -5.66314763398626
1794000 -5.65063551373005
1795000 -5.59556849067482
1796000 -5.59747577224829
1797000 -5.65422668477535
1798000 -5.66445940449614
1799000 -5.64499352299819
1800000 -5.63585963041979
1801000 -5.62845441553958
1802000 -5.60979806406119
1803000 -5.62902024969084
1804000 -5.68993106581441
1805000 -5.66313365687311
1806000 -5.62386749351561
1807000 -5.62952378146278
1808000 -5.67801664070155
1809000 -5.6641755457215
1810000 -5.6436336550316
1811000 -5.66247223963667
1812000 -5.68657045945085
1813000 -5.69864697504375
1814000 -5.66889188985046
1815000 -5.69914531197565
1816000 -5.70776139539592
1817000 -5.67853568230551
1818000 -5.69843599388506
1819000 -5.70557286884955
1820000 -5.6707546116952
1821000 -5.68786013517573
1822000 -5.74021438226804
1823000 -5.72540119653364
1824000 -5.69506574975204
1825000 -5.71766278400076
1826000 -5.74277066641222
1827000 -5.68682290003809
1828000 -5.72281830570789
1829000 -5.744039148222
1830000 -5.75728337124115
1831000 -5.7142277346725
1832000 -5.72610047617654
1833000 -5.74806282606554
1834000 -5.73874611698734
1835000 -5.7249821458736
1836000 -5.74873422019797
1837000 -5.78251115454413
1838000 -5.76477708299207
1839000 -5.75270890773532
1840000 -5.74617638068561
1841000 -5.7786951613042
1842000 -5.77907638744285
1843000 -5.77663972161775
1844000 -5.72880098129749
1845000 -5.78971119377098
1846000 -5.82122091498569
1847000 -5.77301221147354
1848000 -5.74910518843197
1849000 -5.78645262980532
1850000 -5.82123733817565
1851000 -5.81582097659976
1852000 -5.79348642787527
1853000 -5.80460501954024
1854000 -5.8191443433842
1855000 -5.80822421124706
1856000 -5.77582062074153
1857000 -5.78685156015753
1858000 -5.84930009573048
1859000 -5.84512780248939
1860000 -5.83501033163637
1861000 -5.82262646899165
1862000 -5.81007998220455
1863000 -5.85515520731779
1864000 -5.88211139478342
1865000 -5.81289960264816
1866000 -5.81110049068301
1867000 -5.8674213841993
1868000 -5.8845569413256
1869000 -5.83752296080038
1870000 -5.8535806127093
1871000 -5.90346036875348
1872000 -5.86761124375408
1873000 -5.83123375312315
1874000 -5.84517040949535
1875000 -5.91506528238978
1876000 -5.90720055231605
1877000 -5.87023075305186
1878000 -5.87185497116238
1879000 -5.89869090889119
1880000 -5.85749987262972
1881000 -5.87116362648027
1882000 -5.88923666930149
1883000 -5.93170298484167
1884000 -5.88275408627535
1885000 -5.87915843152357
1886000 -5.88500606630684
1887000 -5.93131279265301
1888000 -5.92196255213441
1889000 -5.94305399498871
1890000 -5.93248487392742
1891000 -5.90543393933447
1892000 -5.93006985749591
1893000 -5.96371750344255
1894000 -5.94599335726321
1895000 -5.88295841373205
1896000 -5.90561247649113
1897000 -5.96037598641831
1898000 -5.9696291339848
1899000 -5.94089481840966
1900000 -5.94551661821612
1901000 -5.97778196534543
1902000 -5.97109046533005
1903000 -5.95883044011723
1904000 -5.97780946409178
1905000 -5.994738518133
1906000 -5.98705391723621
1907000 -5.9589689812911
1908000 -5.97879587256909
1909000 -5.96764279324487
1910000 -5.97882663256431
1911000 -6.02072558719832
1912000 -5.98258450913313
1913000 -5.98213452907801
1914000 -5.98757531745266
1915000 -6.01990667691112
1916000 -6.00806346966787
1917000 -5.97884388671174
1918000 -5.98822611820766
1919000 -6.02972243365815
1920000 -6.03387227580869
1921000 -6.03739055815416
1922000 -6.01173921611093
1923000 -6.03048457711981
1924000 -6.01746952230791
1925000 -6.01871256703828
1926000 -6.02319704741386
1927000 -6.03372435404854
1928000 -6.035291024136
1929000 -6.02011974209299
1930000 -6.05663875290656
1931000 -6.08584275574181
1932000 -6.06785590671731
1933000 -6.07986288703774
1934000 -6.09464852122896
1935000 -6.06590714353803
1936000 -6.05967314506011
1937000 -6.07038489492851
1938000 -6.08935135241662
1939000 -6.07291947323684
1940000 -6.04623530803091
1941000 -6.08935079691456
1942000 -6.09523446424039
1943000 -6.07724397927315
1944000 -6.0745656116895
1945000 -6.08746146042842
1946000 -6.1225849559231
1947000 -6.11187510567602
1948000 -6.09812219633262
1949000 -6.12279910187617
1950000 -6.13668330830043
1951000 -6.11875600683976
1952000 -6.12905241348868
1953000 -6.13561984870474
1954000 -6.13797517768434
1955000 -6.09276544916107
1956000 -6.13663364972202
1957000 -6.15580993571313
1958000 -6.14529236441861
1959000 -6.13428508070966
1960000 -6.14185885711578
1961000 -6.14686796794425
1962000 -6.12612686676115
1963000 -6.13767846728702
1964000 -6.11177496640323
1965000 -6.13814638823573
1966000 -6.15837997470059
1967000 -6.16739710470338
1968000 -6.16662558159881
1969000 -6.18360936718634
1970000 -6.19517954833116
1971000 -6.17064964144725
1972000 -6.15138444839894
1973000 -6.17872550919305
1974000 -6.22418254631278
1975000 -6.16833721169829
1976000 -6.16166726132871
1977000 -6.17045542861264
1978000 -6.20119360023127
1979000 -6.18791950722356
1980000 -6.17285861784517
1981000 -6.21343806736757
1982000 -6.24058032930707
1983000 -6.20381232428848
1984000 -6.20634652179935
1985000 -6.21506421555336
1986000 -6.23713131468981
1987000 -6.24628266300208
1988000 -6.24215041279409
1989000 -6.22098079504112
1990000 -6.2399311756752
1991000 -6.24305489019408
1992000 -6.24640802890485
1993000 -6.23178061178784
1994000 -6.22536630713952
1995000 -6.23609771987856
1996000 -6.26491728114662
1997000 -6.24916152362519
1998000 -6.2361256073239
1999000 -6.24256128438343
2000000 -6.26560659154131
2001000 -6.27946384058984
2002000 -6.25693915836165
2003000 -6.26792408390102
2004000 -6.30809587210967
2005000 -6.28970696927545
2006000 -6.26184152690112
2007000 -6.26501267200284
2008000 -6.31065950299913
2009000 -6.28960867474246
2010000 -6.28302282084601
2011000 -6.29388771550035
2012000 -6.30649051111135
2013000 -6.3134701248219
2014000 -6.3031354619683
2015000 -6.30323776139981
2016000 -6.29765555117918
2017000 -6.3277210335577
2018000 -6.3315300941589
2019000 -6.32284320722328
2020000 -6.31543097211709
2021000 -6.31178854082308
2022000 -6.32174338066602
2023000 -6.3512418192955
2024000 -6.3318753586698
2025000 -6.35005471035442
2026000 -6.30842949334792
2027000 -6.3509292206957
2028000 -6.33286627361147
2029000 -6.32116325481473
2030000 -6.30432011166892
2031000 -6.36522040249958
2032000 -6.38565761544984
2033000 -6.35889484829461
2034000 -6.35767096212746
2035000 -6.34370508529857
2036000 -6.37524355590002
2037000 -6.42382388693123
2038000 -6.38230724470962
2039000 -6.37671164507967
2040000 -6.40175827154798
2041000 -6.40410190562358
2042000 -6.39330294469783
2043000 -6.40840032167296
2044000 -6.39830792776494
2045000 -6.41870796981644
2046000 -6.42145856680299
2047000 -6.42426714061017
2048000 -6.40797738053678
2049000 -6.38581460849896
2050000 -6.43337541766817
2051000 -6.44500628914536
2052000 -6.42755469366945
2053000 -6.40710763150456
2054000 -6.39665684070064
2055000 -6.42803249166426
2056000 -6.41079286341113
2057000 -6.45436376626403
2058000 -6.43125646455544
2059000 -6.43449526966134
2060000 -6.42825014679748
2061000 -6.45119155773471
2062000 -6.43149190178296
2063000 -6.45061942736133
2064000 -6.47853748932561
2065000 -6.46203536371329
2066000 -6.45358692937233
2067000 -6.46687719628114
2068000 -6.4764034830897
2069000 -6.4850043392928
2070000 -6.49156478697802
2071000 -6.44851340850995
2072000 -6.46190977700379
2073000 -6.4943824417828
2074000 -6.49352779554394
2075000 -6.47693644414211
2076000 -6.46821367654253
2077000 -6.53477207724799
2078000 -6.52635983523959
2079000 -6.49994719783696
2080000 -6.51268199917183
2081000 -6.50192392601942
2082000 -6.51436696122124
2083000 -6.51813544124785
2084000 -6.5026262256601
2085000 -6.53421890170746
2086000 -6.52102217689937
2087000 -6.51303678542941
2088000 -6.52832476635933
2089000 -6.56914288142387
2090000 -6.53538883042718
2091000 -6.52089189686455
2092000 -6.55510235020664
2093000 -6.53447770202169
2094000 -6.5587836925849
2095000 -6.5546964231392
2096000 -6.56762155419829
2097000 -6.55531676236808
2098000 -6.54655955742649
2099000 -6.51707432531293
2100000 -6.52744322072526
2101000 -6.55318934625363
2102000 -6.56875220681652
2103000 -6.57334534099627
2104000 -6.54673974359043
2105000 -6.56400572497828
2106000 -6.59775486444949
2107000 -6.60234026557688
2108000 -6.59393181143926
2109000 -6.56445223921611
2110000 -6.56230706683032
2111000 -6.59717627440098
2112000 -6.59160108198718
2113000 -6.58227759252343
2114000 -6.61281819759146
2115000 -6.61301579130511
2116000 -6.64180741295253
2117000 -6.60759675963021
2118000 -6.60283677970465
2119000 -6.60810912638895
2120000 -6.61627511617244
2121000 -6.63981691495171
2122000 -6.6141198450284
2123000 -6.60976052976602
2124000 -6.63182890423357
2125000 -6.62968751459233
2126000 -6.65639646579444
2127000 -6.6159966417804
2128000 -6.62242659823763
2129000 -6.61425270118616
2130000 -6.67246399049416
2131000 -6.66616793156307
2132000 -6.69924283790464
2133000 -6.68546565601852
2134000 -6.69950626750438
2135000 -6.69315328956653
2136000 -6.7093523895829
2137000 -6.69379296552361
2138000 -6.67923868079386
2139000 -6.65872516425888
2140000 -6.66995540122144
2141000 -6.71725883013965
2142000 -6.70911046857082
2143000 -6.69327037122263
2144000 -6.71414521334088
2145000 -6.69368644007743
2146000 -6.68486757104797
2147000 -6.70051552295197
2148000 -6.71945231853525
2149000 -6.72298699878881
2150000 -6.71937163425637
2151000 -6.691927683186
2152000 -6.67074772669885
2153000 -6.69595908269919
2154000 -6.72518832530216
2155000 -6.74099518596527
2156000 -6.76710190742717
2157000 -6.69718089900912
2158000 -6.71532126463066
2159000 -6.73704868178869
2160000 -6.77338803620917
2161000 -6.7215331394985
2162000 -6.71280764562808
2163000 -6.74120168415955
2164000 -6.76229182396078
2165000 -6.79682382270443
2166000 -6.76553972478975
2167000 -6.76260275739251
2168000 -6.74244677331184
2169000 -6.77998755041788
2170000 -6.77498595436303
2171000 -6.75591809307886
2172000 -6.759286783589
2173000 -6.77559894678888
2174000 -6.78726641842825
2175000 -6.79355705924879
2176000 -6.75979057982925
2177000 -6.7905118182205
2178000 -6.80350686261534
2179000 -6.81292266462104
2180000 -6.79247184250881
2181000 -6.79252093612875
2182000 -6.81606469383223
2183000 -6.80406981035843
2184000 -6.80060322539775
2185000 -6.78169193345896
2186000 -6.81700768533443
2187000 -6.85248367843569
2188000 -6.84626453560661
2189000 -6.80638152726159
2190000 -6.80108871380405
2191000 -6.8120883687737
2192000 -6.8322195623209
2193000 -6.87508716617905
2194000 -6.85903569323172
2195000 -6.8849379209737
2196000 -6.85651651317539
2197000 -6.83538533897812
2198000 -6.83580661308168
2199000 -6.81514452532999
2200000 -6.84659967745696
2201000 -6.85888203583332
2202000 -6.88840844446073
2203000 -6.89828960763002
2204000 -6.88514011528798
2205000 -6.89320317720462
2206000 -6.90849109562058
2207000 -6.86794534565654
2208000 -6.86039027365401
2209000 -6.86984454105555
2210000 -6.87811598812799
2211000 -6.9036169243109
2212000 -6.89529834355421
2213000 -6.91863055876422
2214000 -6.8831419673484
2215000 -6.91826538252217
2216000 -6.90647647712714
2217000 -6.91218359937022
2218000 -6.88766873576176
2219000 -6.88719782445416
2220000 -6.93429824172866
2221000 -6.92428657737043
2222000 -6.96398603287006
2223000 -6.94956440542184
2224000 -6.92146800375402
2225000 -6.9272172853035
2226000 -6.96340235888411
2227000 -6.92501047913823
2228000 -6.94452270475173
2229000 -6.94619580679125
2230000 -6.97361420782458
2231000 -6.98774723314742
2232000 -6.96127037656526
2233000 -6.94670012866828
2234000 -6.983531595841
2235000 -6.98543540059742
2236000 -7.01283839905696
2237000 -7.00253723863146
2238000 -6.97335260674092
2239000 -6.97210037026545
2240000 -6.98620418104209
2241000 -7.01912200436954
2242000 -7.01448020936155
2243000 -6.95816277290306
2244000 -6.99463145715355
2245000 -7.02032250070405
2246000 -7.00839166328822
2247000 -6.99805478927182
2248000 -6.98553891450544
2249000 -7.00152414819466
2250000 -7.00362737095514
2251000 -7.0488583801995
2252000 -7.03881963484328
2253000 -7.00709851560102
2254000 -6.99726157293993
2255000 -7.00248973158825
2256000 -7.04029162505321
2257000 -7.02692486967344
2258000 -7.00351717224133
2259000 -6.98964794629476
2260000 -6.99312915619063
2261000 -7.01757851520124
2262000 -7.02778541698534
2263000 -7.01643103194219
2264000 -7.02657644846325
2265000 -7.03708419785195
2266000 -7.09187485712387
2267000 -7.0958831430278
2268000 -7.06351768577985
2269000 -7.06955472565286
2270000 -7.05614119076049
2271000 -7.08921539064451
2272000 -7.03922886181289
2273000 -7.05822199224623
2274000 -7.03678524041413
2275000 -7.05139255023164
2276000 -7.06152557356997
2277000 -7.04788423514899
2278000 -7.07419400888558
2279000 -7.07519236824558
2280000 -7.10502212465291
2281000 -7.08792528045725
2282000 -7.11992553819742
2283000 -7.09853999016332
2284000 -7.1102867443155
2285000 -7.11345660180513
2286000 -7.08400672042317
2287000 -7.09727316818206
2288000 -7.1036756887979
2289000 -7.12980906698119
2290000 -7.07891079619684
2291000 -7.09492924631645
2292000 -7.10001633931706
2293000 -7.12016449499576
2294000 -7.10545837779372
2295000 -7.08275185195845
2296000 -7.14030384938566
2297000 -7.1702564939511
2298000 -7.19075186926002
2299000 -7.1420234505096
2300000 -7.11479486120039
2301000 -7.13062402226122
2302000 -7.14194581439231
2303000 -7.13662431922753
2304000 -7.13343596018886
2305000 -7.15295989876129
2306000 -7.16880305867393
2307000 -7.17801136478033
2308000 -7.18271876395333
2309000 -7.18307134274312
2310000 -7.17810442891042
2311000 -7.16627915861708
2312000 -7.15781170491415
2313000 -7.19654305891776
2314000 -7.17870047962886
2315000 -7.16091077157399
2316000 -7.15815655048615
2317000 -7.17561819284345
2318000 -7.20046160257318
2319000 -7.18845350224504
2320000 -7.19061735855343
2321000 -7.21149795152778
2322000 -4.19958745416644
2323000 0.440339206936615
2324000 -0.0843103950864924
2325000 0.2081754502523
2326000 -0.221879380142626
2327000 -0.204180854476068
2328000 -0.0298768550918695
2329000 -0.0420717127153195
2330000 -0.168287641568495
2331000 -0.0702303280813305
2332000 -0.208770201818587
2333000 -0.041912513228079
2334000 -0.156570770324874
2335000 -0.105475347287524
2336000 0.0387513528992949
2337000 -0.0849567301574889
2338000 -0.203615701772801
2339000 -0.0983572507102526
2340000 -0.074666464051054
2341000 -0.220291006678176
2342000 -0.133323437725536
2343000 -0.138971699216725
2344000 0.0415319452445769
2345000 -0.0944959608429465
2346000 -0.283666557364693
2347000 -0.144721654714458
2348000 -0.115319960156044
2349000 -0.179428395863545
2350000 -0.130350936723823
2351000 -0.117780786955125
2352000 -0.119649725214402
2353000 -0.221518249140553
2354000 -0.127844863613477
2355000 -0.0409479721881363
2356000 -0.194323363771688
2357000 -0.0544226862315505
2358000 -0.146625712432276
2359000 -0.110585944024747
2360000 -0.0881320497680463
2361000 -0.195346771609023
2362000 -0.150493540892698
2363000 -0.111511042839922
2364000 -0.109809509151467
2365000 -0.0858736931294311
2366000 -0.0970602259505086
2367000 -0.0985710212331781
2368000 -0.0494714314950739
2369000 -0.164583168804354
2370000 -0.0822100477717849
2371000 -0.17818169110409
2372000 -0.134320941169999
2373000 -0.0728828551361737
2374000 -0.0919306875107485
2375000 -0.106600440786701
2376000 -0.166181689089658
2377000 -0.123349501382944
2378000 -0.159754476746233
2379000 -0.0874474056917241
2380000 -0.154058369886242
2381000 -0.162048787479584
2382000 -0.116551131564577
2383000 -0.0463239541565681
2384000 -0.0676972219373604
2385000 -0.165145814925248
2386000 -0.0977446614113667
2387000 -0.114886517449497
2388000 -0.117250748013599
2389000 -0.0736321880451432
2390000 -0.168358198154645
2391000 -0.0891195192896396
2392000 -0.159569378237063
2393000 -0.107561909979919
2394000 -0.162817951437932
2395000 -0.0830927500248794
2396000 -0.0768395746305582
2397000 -0.000436935819119124
2398000 -0.19602986983057
2399000 -0.138799823901985
2400000 -0.163688350921753
2401000 -0.13247638429575
2402000 -0.110043703203878
2403000 -0.140146720927232
2404000 -0.114072153794014
2405000 -0.154794782005629
2406000 -0.115354592295914
2407000 -0.120988047298634
2408000 -0.129983704889815
2409000 -0.103554805143842
2410000 -0.123415205494481
2411000 -0.0760578196682816
2412000 -0.195402518635715
2413000 -0.107246415804534
2414000 -0.20792761053854
2415000 -0.127924202255718
2416000 -0.0646601210225651
2417000 -0.103599015422364
2418000 -0.111216342733515
2419000 -0.0768768611492763
2420000 -0.162904596735889
2421000 -0.152686568558322
2422000 -0.154861499770888
2423000 -0.118743485402717
2424000 -0.10370875174034
2425000 -0.0774086390165081
2426000 -0.027908764497686
2427000 -0.18784267394773
2428000 -0.0626689416925678
2429000 -0.172676611744083
2430000 -0.166320138067532
2431000 -0.087924205436795
2432000 -0.161932957443181
2433000 -0.0627504958955297
2434000 -0.131749910653371
2435000 -0.114165288475447
2436000 -0.0707648091767766
2437000 -0.177245291906174
2438000 -0.127039359492785
2439000 -0.136358184791668
2440000 -0.147844222788105
2441000 -0.15347033817097
2442000 -0.0559060397556278
2443000 -0.141859066777705
2444000 -0.0841104204729949
2445000 -0.168231800060783
2446000 -0.14934896892174
2447000 -0.177919279023812
2448000 -0.0963325171672673
2449000 -0.0427363450501113
2450000 -0.125046010189019
2451000 -0.00634137986235598
2452000 -0.167215780874826
2453000 -0.123901088301428
2454000 -0.0734363894828862
2455000 -0.109196601451942
2456000 -0.0689289622809554
2457000 -0.113621588917058
2458000 -0.0538798618257508
2459000 -0.0984690126715839
2460000 -0.0883163979169021
2461000 -0.105309369360941
2462000 -0.106053424268452
2463000 -0.21193041451364
2464000 -0.126496740441531
2465000 -0.0718565609822119
2466000 -0.148844805082646
2467000 -0.102335124107838
2468000 -0.124129719939682
2469000 -0.145530595985318
2470000 -0.107065423826194
2471000 -0.135623951765862
2472000 -0.0723812550725763
2473000 -0.131181178602208
2474000 -0.138800080507953
2475000 -0.142400909476998
2476000 -0.0463523396608498
2477000 -0.1425433818707
2478000 -0.0466158013195061
2479000 -0.113492393465918
2480000 -0.110818130841483
2481000 -0.203688355458094
2482000 -0.054511235161326
2483000 -0.123602003461754
2484000 -0.115042877014106
2485000 -0.137326262672456
2486000 -0.120189921587826
2487000 -0.10495364201294
2488000 -0.139229996606819
2489000 -0.227990879141774
2490000 -0.149418273845736
2491000 -0.163299754783141
2492000 -0.137733831747022
2493000 -0.050613116655691
2494000 -0.105413107372581
2495000 -0.0966987801276789
2496000 -0.0127414463141573
2497000 -0.0258213291927028
2498000 -0.19101322902411
2499000 -0.0750058391333158
2500000 -0.0971502986608323
2501000 -0.0952043315885144
2502000 -0.0982389927649251
2503000 -0.218873945739488
2504000 -0.110926823738551
2505000 -0.135854461843145
2506000 -0.165448539505139
2507000 -0.110727136101971
2508000 -0.133727374869841
2509000 -0.153692690300308
2510000 -0.171932061222741
2511000 -0.0758496676448973
2512000 -0.102478650707438
2513000 -0.142540344129804
2514000 -0.148486370615015
2515000 -0.113742741374237
2516000 -0.0829250312858988
2517000 -0.160999231599334
2518000 -0.158481464409281
2519000 -0.218905971347035
2520000 -0.0576307128583735
2521000 -0.118727182585259
2522000 -0.178819981525197
2523000 -0.0480198151792894
2524000 -0.0754295767547496
2525000 -0.0810409480096057
2526000 -0.100794350491218
2527000 -0.126152228429003
2528000 -0.157338716895436
2529000 -0.110357207334198
2530000 -0.0717787472187236
2531000 -0.149323249238627
2532000 -0.09453374827992
2533000 -0.1861605687939
2534000 -0.149161134419181
2535000 -0.158256536626848
2536000 -0.0874489724589484
2537000 -0.0420166667254955
2538000 -0.207420018092472
2539000 -0.156045797174941
2540000 -0.0960177894611975
2541000 -0.0857741600018836
2542000 -0.122420478616129
2543000 -0.143939227887993
2544000 -0.0870075067984926
2545000 -0.180332739849389
2546000 -0.137428873802033
2547000 -0.116460926405613
2548000 -0.135145696333802
2549000 -0.173088893158869
2550000 -0.156033492904196
2551000 -0.0494292928251352
2552000 -0.15872660724654
2553000 -0.140092579619407
2554000 -0.080974601893263
2555000 -0.111598959679038
2556000 -0.115303620043641
2557000 -0.220831753222927
2558000 -0.171865249680511
2559000 -0.200403594912718
2560000 -0.0959550320745545
2561000 -0.175678952363319
2562000 -0.138189210268256
2563000 -0.0944198303740097
2564000 -0.145408132399539
2565000 -0.200786572199113
2566000 -0.0716180676125629
2567000 -0.17434698577153
2568000 -0.0654789664859566
2569000 -0.135661948521345
2570000 -0.0287782415521921
2571000 -0.13792826046348
2572000 -0.170681558774178
2573000 -0.0827701272036006
2574000 -0.0977120361085293
2575000 -0.199401509439342
2576000 -0.0717362040972748
2577000 -0.114329864421819
2578000 -0.104437668639921
2579000 -0.186878777342331
2580000 -0.145381090676884
2581000 -0.128112681980702
2582000 -0.151083978093122
2583000 -0.135029497447772
2584000 -0.0980351859307764
2585000 -0.0933480313131096
2586000 -0.128686451874428
2587000 -0.11087603434457
2588000 -0.0324516884728019
2589000 -0.176591921864606
2590000 -0.0533278009399785
2591000 -0.171648748047976
2592000 -0.12060574806738
2593000 -0.0789841235109223
2594000 -0.185789092259228
2595000 -0.130971452633257
2596000 -0.113170482994742
2597000 -0.205330183720351
2598000 -0.184688479852189
2599000 -0.142800414029995
2600000 -0.0432419308716563
2601000 -0.158842348196331
2602000 -0.198415934626459
2603000 -0.116298756459384
2604000 -0.115348539398632
2605000 -0.0950472588512705
2606000 -0.140555310059686
2607000 -0.192579720734663
2608000 -0.122543332867028
2609000 -0.143487846048821
2610000 -0.181224669253245
2611000 -0.151603420074064
2612000 -0.0692114560221493
2613000 -0.211913535843833
2614000 -0.121192986910347
2615000 -0.157306363235222
2616000 -0.119439462112142
2617000 -0.180878584703705
2618000 -0.119431788229461
2619000 -0.165908581547418
2620000 -0.140083367761609
2621000 -0.146105336647122
2622000 -0.234348220109635
2623000 -0.14317983858209
2624000 -0.0422608345686214
2625000 -0.106133051889979
2626000 -0.159581114856416
2627000 -0.168479593664207
2628000 -0.149641425035178
2629000 -0.12790106473845
2630000 -0.220073718622591
2631000 -0.109613194968182
2632000 -0.114167945757232
2633000 -0.171642737873549
2634000 -0.190817918896549
2635000 -0.138988460973347
2636000 -0.137273836023968
2637000 -0.180602241035473
2638000 -0.153396428157989
2639000 -0.145863751873333
2640000 -0.203866299477258
2641000 -0.074651675677133
2642000 -0.0896195486742632
2643000 -0.0792411243526762
2644000 -0.0830214852772638
2645000 -0.128699862313105
2646000 -0.176630943893966
2647000 -0.168271761295794
2648000 -0.100692336259596
2649000 -0.150473737825191
2650000 -0.124308632690393
2651000 -0.123805143552293
2652000 -0.17397919067336
2653000 -0.190278355747556
2654000 -0.153764046367093
2655000 -0.0266194738168732
2656000 -0.100910024912635
2657000 -0.119088169023404
2658000 -0.180303342924027
2659000 -0.074036704432969
2660000 -0.128217525500831
2661000 -0.0838181004078152
2662000 -0.100437719285221
2663000 -0.0617566552282825
2664000 -0.162838160812237
2665000 -0.144095061230711
2666000 -0.188214397050407
2667000 -0.0916153198997604
2668000 -0.0794470876128813
2669000 -0.109767470739089
2670000 -0.0506768388565737
2671000 -0.156912070381578
2672000 -0.0569706605971896
2673000 -0.099346263591439
2674000 -0.152256943461823
2675000 -0.0563626764569709
2676000 -0.107002230383192
2677000 -0.120764737223751
2678000 -0.143863454962106
2679000 -0.172254179384791
2680000 -0.110270032065492
2681000 -0.145459680039857
2682000 -0.187298153881375
2683000 -0.150881832666514
2684000 -0.11765228811649
2685000 -0.151613806636678
2686000 -0.208014510983794
2687000 -0.0332687669981917
2688000 -0.0989194335518005
2689000 -0.0713296796919774
2690000 -0.0872420357081889
2691000 -0.138262783025407
2692000 -0.121020565871551
2693000 -0.122679510349349
2694000 -0.0703815259616323
2695000 -0.0658143384080677
2696000 -0.168879877554389
2697000 -0.0670459863344501
2698000 -0.162560238005977
2699000 -0.144630914585073
2700000 -0.214555661744286
2701000 -0.185382128172371
2702000 -0.0631556910371615
2703000 -0.150745131704768
2704000 -0.194024911375489
2705000 -0.126787526641138
2706000 -0.0985449936001425
2707000 -0.126506201522194
2708000 -0.087455430545082
2709000 -0.23169508521924
2710000 -0.165697960244913
2711000 -0.132858424380619
2712000 -0.1660603775094
2713000 -0.143286532802428
2714000 -0.0742798972014673
2715000 -0.197366033725451
2716000 -0.137200253210488
2717000 -0.115927170946653
2718000 -0.229992992218193
2719000 -0.100460007425102
2720000 -0.0717867371166419
2721000 -0.0767945086585092
2722000 -0.133863013252273
2723000 -0.149130790468628
2724000 -0.159055235649065
2725000 0.00122040803236629
2726000 -0.174553766551413
2727000 -0.145147781615848
2728000 -0.0793376661927086
2729000 -0.0882509632676335
2730000 -0.079369475646892
2731000 -0.0978705734920376
2732000 -0.0381866570100587
2733000 -0.138282807888222
2734000 -0.18044229681055
2735000 -0.120160021832837
2736000 -0.0417325351690266
2737000 -0.118095405873538
2738000 -0.0688702624182772
2739000 -0.119829804347024
2740000 -0.16696271675407
2741000 -0.0934871909848138
2742000 -0.183214221275859
2743000 -0.0706707373454833
2744000 -0.0851512931596953
2745000 -0.0605738448805399
2746000 -0.112110796983769
2747000 -0.082901697537447
2748000 -0.0447844314788889
2749000 -0.115520543789771
2750000 -0.00571511790763981
2751000 -0.174465589866101
2752000 -0.041960236710234
2753000 -0.120657928381407
2754000 -0.113446686191338
2755000 -0.155607386543298
2756000 -0.117797126964077
2757000 -0.0781272754565715
2758000 -0.105513223788078
2759000 -0.134990481003751
2760000 -0.161451306016908
2761000 -0.110407890129935
2762000 -0.100779518911264
2763000 -0.123645788854268
2764000 -0.145185748268734
2765000 -0.21452190805202
2766000 -0.156176136356099
2767000 -0.151682342566766
2768000 -0.0162418334074748
2769000 -0.187860338209456
2770000 -0.161438847531859
2771000 -0.127398868348457
2772000 -0.176022765472901
2773000 -0.0847228511161031
2774000 -0.161592122062326
2775000 -0.158067708243503
2776000 -0.151749376214397
2777000 -0.199791019921507
2778000 -0.0914563766920865
2779000 -0.140673901074176
2780000 -0.0352014821626221
2781000 -0.0897884758373926
2782000 -0.129196645811212
2783000 -0.141677159739685
2784000 -0.113500007417758
2785000 -0.216173557394665
2786000 -0.153489193027133
2787000 -0.0389196079185112
2788000 -0.0794593136977651
2789000 -0.101390031374713
2790000 -0.198554385606101
2791000 -0.0506984006198734
2792000 -0.11299424471324
2793000 -0.0811123655028055
2794000 -0.0893435297348454
2795000 -0.0997923057014524
2796000 -0.147499073649181
2797000 -0.0585401342950794
2798000 -0.125316292821873
2799000 -0.0938262792796838
2800000 -0.13901065265519
2801000 -0.0759438980060781
2802000 -0.168937247299752
2803000 -0.0149494670383795
2804000 -0.126980521764383
2805000 -0.205863566315033
2806000 -0.0834754592966948
2807000 -0.0515979702723326
2808000 -0.0950619210522581
2809000 -0.166101213454576
2810000 -0.0840328734062031
2811000 -0.0639070572720507
2812000 -0.134279766360031
2813000 -0.0812077676210936
2814000 -0.183166905342824
2815000 -0.190258369525671
2816000 -0.108483657775317
2817000 -0.145958342268677
2818000 -0.167437500685024
2819000 -0.0970026368984813
2820000 -0.165884342735767
2821000 -0.0757053242328602
2822000 -0.139708130787723
2823000 -0.129425297823339
2824000 -0.100500997124119
2825000 -0.159794909399083
2826000 -0.1616977842842
2827000 -0.0357292561243493
2828000 -0.140635052282246
2829000 -0.122691050645058
2830000 -0.104969505292864
2831000 -0.146096706589398
2832000 -0.129447416097377
2833000 -0.113337196095363
2834000 -0.177852226063553
2835000 -0.0550110556320643
2836000 -0.123506925997683
2837000 -0.0739151589974625
2838000 -0.13037544426329
2839000 -0.121968358297719
2840000 -0.13041666202401
2841000 -0.250408092063223
2842000 -0.0511358690358091
2843000 -0.128861662511398
2844000 -0.0764223992839296
2845000 -0.153566479795084
2846000 -0.0634956395169938
2847000 -0.105627962722681
2848000 -0.159170488672237
2849000 -0.133533010486143
2850000 -0.0834923374125331
2851000 -0.0689255997089157
2852000 -0.102793313324165
2853000 -0.175383435473594
2854000 -0.146959302454478
2855000 -0.153251222618075
2856000 -0.173241069866254
2857000 -0.0666502080345098
2858000 -0.0548410646072018
2859000 -0.0990778800532685
2860000 -0.102686511725365
2861000 -0.146144357359024
2862000 -0.165647362869334
2863000 -0.156999232327585
2864000 -0.124753858596791
2865000 -0.120397285684244
2866000 -0.118376320071073
2867000 -0.134440382378029
2868000 -0.171933654402178
2869000 -0.173012960564702
2870000 -0.132302505717832
2871000 -0.185690187910841
2872000 -0.153011969978955
2873000 -0.106672586491532
2874000 -0.146622342177823
2875000 -0.126551503293922
2876000 -0.122816126719661
2877000 -0.129587709018232
2878000 -0.121888163719443
2879000 -0.0940882699310258
2880000 -0.167197976392345
2881000 -0.0103753559480042
2882000 -0.151631145685756
2883000 -0.130843563863752
2884000 -0.0865612453693583
2885000 -0.0629342883623199
2886000 -0.154103606668318
2887000 -0.0526090375045272
2888000 -0.141633650022947
2889000 -0.0559911891737769
2890000 -0.081022932579447
2891000 -0.0956479242915635
2892000 -0.199994285523588
2893000 -0.155093797861886
2894000 -0.124667112648784
2895000 -0.158890808141013
2896000 -0.139740315869224
2897000 -0.176288679106425
2898000 -0.0635065198987529
2899000 -0.145121086402073
2900000 -0.112936239939417
2901000 -0.274265312527835
2902000 -0.119475021526099
2903000 -0.0759861020842867
2904000 -0.139905143967997
2905000 -0.155768536592986
2906000 -0.0245606832825246
2907000 -0.145003351641108
2908000 -0.135240003581174
2909000 -0.0929205041379336
2910000 -0.21539772207543
2911000 -0.119125042320675
2912000 -0.0838103874300713
2913000 -0.161792403953377
2914000 -0.0815534846745154
2915000 -0.148750402156287
2916000 -0.0877069260102773
2917000 -0.0886034522039922
2918000 -0.121982952238374
2919000 -0.11005208885999
2920000 -0.120487755098099
2921000 -0.101331982959033
2922000 -0.167044801036677
2923000 -0.152997383019752
2924000 -0.097330620780976
2925000 -0.0902717730226793
2926000 -0.0551080645807109
2927000 -0.172617275424904
2928000 -0.132436421462876
2929000 -0.164918063181613
2930000 -0.150385769376557
2931000 -0.0367250361003591
2932000 -0.157053801754721
2933000 -0.137435510036244
2934000 -0.096076236208382
2935000 -0.146789562253361
2936000 -0.135717339364537
2937000 -0.185680425307302
2938000 -0.134065607409992
2939000 -0.156607067039987
2940000 -0.0752529724544781
2941000 -0.105667161560664
2942000 -0.21176733033922
2943000 -0.0148762008847237
2944000 -0.234657521836063
2945000 -0.0642046708751737
2946000 -0.192092782405968
2947000 -0.0978806005907325
2948000 -0.0888937832574169
2949000 -0.126660428956282
2950000 -0.104146978871638
2951000 -0.0874023304849315
2952000 -0.198345766625298
2953000 -0.190606688367333
2954000 -0.0896750051362545
2955000 -0.111192243377985
2956000 -0.0648945541886241
2957000 -0.0451440109662442
2958000 -0.170148525214744
2959000 -0.0162551580665071
2960000 -0.172217838015138
2961000 -0.11211280213687
2962000 -0.101193006839536
2963000 -0.0830799986750969
2964000 -0.121665420643522
2965000 -0.101271259744209
2966000 -0.0228218408460621
2967000 -0.112026507651094
2968000 -0.117501710201432
2969000 -0.117439406061129
2970000 -0.127563211512656
2971000 -0.153900823947227
2972000 -0.189801314606401
2973000 -0.0953848356740627
2974000 -0.141659490025204
2975000 -0.0412614433875523
2976000 -0.171502073730595
2977000 -0.16622864799705
2978000 -0.0429650945906474
2979000 -0.132191697175715
2980000 -0.163626159956959
2981000 -0.0576350810114925
2982000 -0.155905803095866
2983000 -0.0875202110512436
2984000 -0.19409371694214
2985000 -0.128138457783978
2986000 -0.127703067292755
2987000 -0.13019374762363
2988000 -0.180032308335668
2989000 -0.0904210233412188
2990000 -0.243864928805166
2991000 -0.108558926322905
2992000 -0.172717152184263
2993000 -0.08393643512424
2994000 -0.0853452445659772
2995000 -0.0666035400652914
2996000 -0.180514340206305
2997000 -0.124692717776921
2998000 -0.199051887279249
2999000 -0.0828855146711253
3000000 -0.137772878048962
3001000 -0.102584061781699
3002000 -0.128902093113537
3003000 -0.094622914262631
3004000 -0.144033650704924
3005000 -0.150733463460431
3006000 -0.0227307062170749
3007000 -0.182970191706245
3008000 -0.208807880796016
3009000 -0.114709073486995
3010000 -0.108223435664634
3011000 -0.0707981641171896
3012000 -0.0860808439533449
3013000 -0.0764602382731013
3014000 -0.254165295305561
3015000 -0.0142435616853239
3016000 -0.167972788787801
3017000 -0.116669028120357
3018000 -0.134038393208695
3019000 -0.0326275941008612
3020000 -0.136792781217893
3021000 -0.183381222157486
3022000 -0.104443898373119
3023000 -0.102703066460465
3024000 -0.0855512330208921
3025000 -0.0770855167356957
3026000 -0.228336508240344
3027000 -0.104119043524191
3028000 -0.14504228821983
3029000 -0.147516354753392
3030000 -0.069538603994964
3031000 -0.0501212236322119
3032000 -0.0482690153639192
3033000 -0.142917136761436
3034000 -0.160126678591426
3035000 -0.15443304975273
3036000 -0.077562269077374
3037000 -0.0547599503685011
3038000 -0.125198287435214
3039000 -0.123850267018071
3040000 -0.104311949801479
3041000 -0.172694605417183
3042000 -0.0699027766765507
3043000 -0.0584225124069494
3044000 -0.148024998214738
3045000 -0.0628382961182489
3046000 -0.134261107021423
3047000 -0.109656966437313
3048000 -0.119437745069361
3049000 -0.168094728179513
3050000 -0.193230315923726
3051000 -0.0677961362127621
3052000 -0.0722381266655425
3053000 -0.191321344718176
3054000 -0.136532561169032
3055000 -0.182599534999669
3056000 -0.0286040274314033
3057000 -0.152688094371182
3058000 -0.114808208313928
3059000 -0.14317636893405
3060000 -0.0821891192126836
3061000 -0.149728740609243
3062000 -0.0595539465267279
3063000 -0.137131204390958
3064000 -0.19547541046623
3065000 -0.103397863985135
3066000 -0.0924574129094145
3067000 -0.124481442357448
3068000 -0.080779714164165
3069000 -0.117595320790972
3070000 -0.174973398497348
3071000 -0.115903385199786
3072000 -0.145968040302009
3073000 -0.164913446351388
3074000 -0.176274139398266
3075000 -0.115992589139511
3076000 -0.123900312098957
3077000 -0.0590625919678833
3078000 -0.175538830465299
3079000 -0.124693859366584
3080000 -0.143792267996454
3081000 -0.114277608990824
3082000 -0.136149674281035
3083000 -0.130372283189456
3084000 -0.134294742861262
3085000 -0.114819015151623
3086000 -0.127326448896071
3087000 -0.136294145655417
3088000 -0.125736758936835
3089000 -0.199939662990628
3090000 -0.147631471340276
3091000 -0.151169026707436
3092000 -0.20293178546519
3093000 -0.151788727071214
3094000 -0.0726788487546126
3095000 -0.141517381865543
3096000 -0.19305645055915
3097000 -0.13179700296019
3098000 -0.056365552958628
3099000 -0.169637433684898
3100000 -0.100294610312346
3101000 -0.11606547057894
3102000 -0.165507932758881
3103000 -0.109936215023111
3104000 -0.130676633344443
3105000 -0.160633063213292
3106000 -0.088977624750671
3107000 -0.195171288254471
3108000 -0.161856113736881
3109000 -0.0500199267459873
3110000 -0.210998776918299
3111000 -0.114816982137273
3112000 -0.128981937053984
3113000 -0.19367984875881
3114000 -0.121047805402516
3115000 -0.15613887126871
3116000 -0.0826000741053718
3117000 -0.111527684964791
3118000 -0.132927365178896
3119000 -0.121523095908081
3120000 -0.099339056211993
3121000 -0.223096880286365
3122000 -0.122790468532624
3123000 -0.120057262695526
3124000 -0.149506892680008
3125000 -0.20325493200288
3126000 -0.148207588744165
3127000 -0.129481551461337
3128000 -0.0859860701286253
3129000 -0.17432912197002
3130000 -0.205329701004697
3131000 -0.134503383215175
3132000 -0.200500098366528
3133000 -0.0570782673176048
3134000 -0.145026693015313
3135000 -0.141519092034563
3136000 -0.10649149271612
3137000 -0.182915853178094
3138000 -0.115316666957088
3139000 -0.156238867386923
3140000 -0.193751010410268
3141000 -0.157358377248965
3142000 -0.116661237905489
3143000 -0.101893275251264
3144000 -0.150057633960931
3145000 -0.137812010320435
3146000 -0.134484632987406
3147000 -0.106858879147634
3148000 -0.151326731277042
3149000 -0.25654038745108
3150000 -0.124753452839804
3151000 -0.145126328049146
3152000 -0.176776065318974
3153000 -0.138010907823216
3154000 -0.219908233706176
3155000 -0.164425438107557
3156000 -0.220451417245343
3157000 -0.156835147180648
3158000 -0.205466426295969
3159000 -0.128662238348227
3160000 -0.124829171079626
3161000 -0.0988143689993725
3162000 -0.0990366168484043
3163000 -0.180786030518181
3164000 -0.244260079915581
3165000 -0.18022156585736
3166000 -0.130853957246614
3167000 -0.0411708218195172
3168000 -0.135311282780141
3169000 -0.225281553546298
3170000 -0.11214818384674
3171000 -0.179968021862082
3172000 -0.114643401359839
3173000 -0.129187275672218
3174000 -0.131171159234918
3175000 -0.118133035287593
3176000 -0.106984584015498
3177000 -0.203478149743457
3178000 -0.110981488260721
3179000 -0.198702199327979
3180000 -0.126044306330359
3181000 -0.217305847566282
3182000 -0.104349648121569
3183000 -0.0775767682905195
3184000 -0.180364523541607
3185000 -0.226544205106777
3186000 -0.105997743279941
3187000 -0.0691217448709133
3188000 -0.126654040451992
3189000 -0.173656532962067
3190000 -0.0507104622195686
3191000 -0.178163616887133
3192000 -0.141770328673149
3193000 -0.204376703682684
3194000 -0.149081892289052
3195000 -0.150448128567222
3196000 -0.182590642254133
3197000 -0.128535853306022
3198000 -0.105126574487093
3199000 -0.171881040566445
3200000 -0.111865554370913
3201000 -0.143393120691555
3202000 -0.248880625067555
3203000 -0.116592838497148
3204000 -0.0993808355908306
3205000 -0.104770285221652
3206000 -0.146892181445963
3207000 -0.128459549217121
3208000 -0.129536907452123
3209000 -0.156302848749325
3210000 -0.183771948731002
3211000 -0.153513661891781
3212000 -0.1555689957693
3213000 -0.145966844144193
3214000 -0.0499214086876542
3215000 -0.149719206168497
3216000 -0.10558778406185
3217000 -0.0679628063250646
3218000 -0.199230644547359
3219000 -0.185420908403024
3220000 -0.178550420975311
3221000 -0.150258645258809
3222000 -0.108760076458165
3223000 -0.089939597352749
3224000 0.000941372767145272
3225000 -0.146882024302927
3226000 -0.186671618659183
3227000 -0.0499872118903218
3228000 -0.105974474292491
3229000 -0.108800023208773
3230000 -0.187064885111437
3231000 -0.126857850547528
3232000 -0.0835529466074474
3233000 -0.0807447231940663
3234000 -0.15616498780584
3235000 -0.176525120727923
3236000 -0.171754747032217
3237000 -0.14142102360095
3238000 -0.111673056270568
3239000 -0.260199882135536
3240000 -0.0465656507298504
3241000 -0.225795683080048
3242000 -0.0942256589270494
3243000 -0.14476304058115
3244000 -0.133270047962559
3245000 -0.131992770308299
3246000 -0.125246985880087
3247000 -0.112060212467244
3248000 -0.147513489785195
3249000 -0.0960352499893022
3250000 -0.122704756084253
3251000 -0.103317468340338
3252000 -0.189767407982552
3253000 -0.140496896816558
3254000 -0.221504483549496
3255000 -0.130821925266452
3256000 -0.199539356858988
3257000 -0.181679672643304
3258000 -0.197379689458684
3259000 -0.132977548755969
3260000 -0.054172009243138
3261000 -0.178682099877556
3262000 -0.118961836829627
3263000 -0.057087886497729
3264000 -0.175123824562109
3265000 -0.12833021002685
3266000 -0.157633798257262
3267000 -0.118714300541186
3268000 -0.15200825635498
3269000 -0.112033884478579
3270000 -0.0993520214694477
3271000 -0.0456446298990147
3272000 -0.0875510813735914
3273000 -0.0626464224135828
3274000 -0.096258321217872
3275000 -0.151793116134534
3276000 -0.197503925994566
3277000 -0.101688048531547
3278000 -0.122411543349332
3279000 -0.0722292427577687
3280000 -0.170612563023856
3281000 -0.0888601144528476
3282000 -0.12366092785008
3283000 -0.205101657632725
3284000 -0.158350247205815
3285000 -0.069366890174235
3286000 -0.128179174169102
3287000 -0.157725985346321
3288000 -0.0519224659769539
3289000 -0.126500216859918
3290000 -0.152419073160761
3291000 -0.137123655852852
3292000 -0.140520806286912
3293000 -0.169582363922907
3294000 -0.0622423975935461
3295000 -0.0926641534936163
3296000 -0.0746597453348815
3297000 -0.0899403302385734
3298000 -0.173551059471006
3299000 -0.100589714847454
3300000 -0.146306179139743
3301000 -0.142426852210675
3302000 -0.171317473357073
3303000 -0.178563603655268
3304000 -0.0644358372808035
3305000 -0.114178588313747
3306000 -0.0529018487806725
3307000 -0.0708846810006486
3308000 -0.0448455725136324
3309000 -0.14507061712625
3310000 -0.0636844712123436
3311000 -0.185288842339047
3312000 -0.130694799487006
3313000 -0.152199396028061
3314000 -0.230064595762192
3315000 -0.145686596730276
3316000 -0.0895654311127985
3317000 -0.0768416592105942
3318000 -0.0509124798187547
3319000 -0.161128663193877
3320000 -0.0719893553212091
3321000 -0.143183713489083
3322000 -0.0785258052292985
3323000 -0.0836596530996858
3324000 -0.0948536598082474
3325000 -0.0755380345393938
3326000 -0.108810268945387
3327000 -0.0891716582694243
3328000 -0.121846247661206
3329000 -0.215146594519447
3330000 0.0207077083175288
3331000 -0.162121388551632
3332000 -0.0653253989120111
3333000 -0.140251242238166
3334000 -0.234026660009062
3335000 -0.0882100199805686
3336000 -0.135118430475558
3337000 -0.140818535650386
3338000 -0.095575995926793
3339000 -0.0820860279269454
3340000 -0.112360173822398
3341000 -0.191610189611256
3342000 -0.144825581159777
3343000 -0.117822748975251
3344000 -0.144125669982072
3345000 0.0139752570246568
3346000 -0.0289461123812704
3347000 -0.067969341172617
3348000 -0.0958117491786346
3349000 -0.149857530222113
3350000 -0.100087707521274
3351000 -0.0800958162896604
3352000 -0.162979685982373
3353000 -0.0493033139936178
3354000 -0.0906996033327721
3355000 -0.104163656903207
3356000 -0.0864731035439633
3357000 -0.16752690316186
3358000 -0.114865037155706
3359000 -0.0845512330539315
3360000 -0.133855676222221
3361000 -0.0573254438021909
3362000 -0.146153978060348
3363000 -0.176769348465468
3364000 -0.0328101621472583
3365000 -0.053753299072335
3366000 -0.126932463714561
3367000 -0.0786403680101337
3368000 -0.115682302416681
3369000 -0.0831027408432743
3370000 -0.176408843229223
3371000 -0.16290030185624
3372000 -0.0475563831875191
3373000 -0.115512076811356
3374000 -0.0883057017007056
3375000 -0.133523400302409
3376000 -0.0991334355063658
3377000 -0.0455677927001587
3378000 -0.074144957019411
3379000 0.0175214108179236
3380000 -0.0198231519205091
3381000 -0.0295360250673051
3382000 -0.12549160833352
3383000 -0.0639057807842675
3384000 -0.0947296753681418
3385000 -0.133639365213021
3386000 -0.0859987088114487
3387000 -0.0655572729493184
3388000 -0.0739961827694492
3389000 -0.122813277244812
3390000 -0.097604156223507
3391000 -0.0727136864904736
3392000 -0.0991534455384178
3393000 -0.0508663140382726
3394000 -0.110856234557554
3395000 -0.0218851078043002
3396000 -0.0999666836676394
3397000 -0.0564516238379774
3398000 -0.0651393989473472
3399000 -0.068526010581257
3400000 -0.00896006292728227
3401000 -0.164794494027393
3402000 -0.0958512451862496
3403000 -0.105190917498389
3404000 -0.0522740174822943
3405000 -0.0346882672812817
3406000 -0.0828514004901486
3407000 -0.0913068387826462
3408000 -0.0240905020467751
3409000 -0.0326113620845334
3410000 -0.047602387897487
3411000 0.0276823198670823
3412000 0.00476510718963222
3413000 -0.120404754576922
3414000 -0.0896295909908138
3415000 -0.0283697976457228
3416000 -0.00184407695412616
3417000 -0.213064037968424
3418000 -0.167099971231583
3419000 -0.0171154922018531
3420000 -0.149006203830775
3421000 -0.106672534804251
3422000 -0.0652155292392013
3423000 -0.0604048058529132
3424000 -0.0466440535184747
3425000 -0.0572941403735502
3426000 -0.0744645163285997
3427000 -0.0488333347585088
3428000 -0.0491638019287731
3429000 -0.0842715183733809
3430000 0.0114479119153485
3431000 -0.0331499522850676
3432000 -0.1519614395921
3433000 -0.11487540655857
3434000 -0.090578412031038
3435000 -0.0165188779653683
3436000 -0.119182166797137
3437000 -0.128076989224797
3438000 -0.0609882625339042
3439000 -0.00774907430728863
3440000 -0.0384034448294618
3441000 -0.164514990537154
3442000 -0.0295614586356585
3443000 -0.0805449123377947
3444000 -0.0384746979916709
3445000 -0.00319700876110053
3446000 -0.112956311095546
3447000 -0.0654931911084532
3448000 -0.120392636280144
3449000 -0.0849434614149528
3450000 -0.0375038261410173
3451000 -0.0722766456899808
3452000 -0.0546330300218814
3453000 -0.0753406829751817
3454000 -0.103228914313019
3455000 -0.0424832651365288
3456000 -0.0857687933240312
3457000 -0.122179830586484
3458000 -0.0248325429447553
3459000 -0.0524465244505898
3460000 -0.0491818952851582
3461000 -0.0443356832353205
3462000 0.0297406919850844
3463000 -0.0860250653036133
3464000 -0.136032249332478
3465000 -0.115712792831133
3466000 -0.0595919507937584
3467000 -0.0777071399391175
3468000 0.0319149009338958
3469000 -0.119658972258185
3470000 0.00456252341257991
3471000 -0.0745197034048052
3472000 -0.0530320036757179
3473000 -0.101113472013905
3474000 -0.0422774377365884
3475000 -0.105293544122696
3476000 -0.00647341086702208
3477000 -0.173068837140115
3478000 -0.00599955353073206
3479000 -0.0451529631206311
3480000 -0.0879086824945427
3481000 -0.0626876082271535
3482000 -0.103692055743506
3483000 -0.0775696045236006
3484000 -0.00750285246730472
3485000 -0.117376283102278
3486000 -0.0272819734469475
3487000 -0.11999951617224
3488000 -0.0489794377223897
3489000 -0.0638225788291011
3490000 -0.091830636814709
3491000 0.0104915405083928
3492000 -0.130983353909916
3493000 -0.0286971527460052
3494000 -0.0709387936143121
3495000 -0.118821161999447
3496000 0.0395673045518448
3497000 -0.121899882053689
3498000 -0.0589825927853571
3499000 -0.0867871336320958
3500000 -0.0376572075218336
3501000 -0.0141081912410324
3502000 -0.0915000632924007
3503000 -0.0214605457200974
3504000 -0.0942596609739886
3505000 -0.0924314101728673
3506000 -0.0340526050631128
3507000 -0.0395154374011107
3508000 -0.0550991988044116
3509000 -0.0769323985473671
3510000 -0.0897569901018497
3511000 -0.117098576611274
3512000 -0.129591110622615
3513000 -0.11137452338797
3514000 -0.112045371380032
3515000 -0.0158321054007478
3516000 -0.0532706723427818
3517000 -0.0980342488870352
3518000 -0.146731912155467
3519000 -0.0592415737639889
3520000 -0.0743834194706656
3521000 -0.0276962116296522
3522000 -0.0919090534609519
3523000 -0.0662952754604521
3524000 -0.206923842355125
3525000 -0.0461360902621026
3526000 -0.0603524342693803
3527000 -0.0611860125014552
3528000 -0.011056947209169
3529000 -0.154849371586172
3530000 -0.179727556220238
3531000 -0.154764744306119
3532000 -0.11330200134387
3533000 -0.0648308182069851
3534000 -0.11746360003473
3535000 -0.174683839028872
3536000 -0.0527146196418827
3537000 -0.0684685092488104
3538000 -0.0774390991482482
3539000 -0.102924767209905
3540000 0.0132912571180292
3541000 -0.0314876551994533
3542000 -0.0400604574603747
3543000 -0.0430554151306972
3544000 -0.0684227361832686
3545000 -0.0763562384129782
3546000 -0.156430259235372
3547000 -0.11584107074837
3548000 -0.0025880567325699
3549000 -0.0699458301690713
3550000 -0.0929777723639506
3551000 -0.0557469636902178
3552000 -0.101012092941095
3553000 -0.139691449179779
3554000 -0.0714225979092565
3555000 -0.0813298263115943
3556000 -0.143230376089277
3557000 -0.108940592836612
3558000 -0.0644940484185149
3559000 -0.179514341489213
3560000 -0.102992533165752
3561000 -0.121372939905995
3562000 -0.0563550945002075
3563000 -0.0952055514275375
3564000 -0.158253085616745
3565000 -0.0501565811889727
3566000 -0.0181119273763934
3567000 -0.00801173457105331
3568000 -0.0795379653775669
3569000 -0.114031160838601
3570000 -0.0541110841393746
3571000 -0.00602342003676135
3572000 -0.187900684402845
3573000 -0.157800777229384
3574000 -0.186812098484708
3575000 -0.0593728234337426
3576000 -0.124626212006878
3577000 -0.0894834977795445
3578000 -0.0722148492048816
3579000 -0.0907662596338834
3580000 -0.0297195597810275
3581000 -0.0905600681478383
3582000 -0.0157431237243267
3583000 0.0546534448497071
3584000 -0.0478664743496074
3585000 -0.0626880368525521
3586000 -0.016830962377346
3587000 -0.152011415090864
3588000 -0.00984113134140302
3589000 -0.154601755105882
3590000 -0.0020762592761744
3591000 -0.0679067357126827
3592000 -0.0668173272682531
3593000 0.0140937761384041
3594000 -0.00433914289503292
3595000 -0.00901601002836513
3596000 -0.101717812455966
3597000 -0.137272562589266
3598000 -0.155179937519526
3599000 -0.0276124243925632
3600000 -0.113044480288968
3601000 -0.058770012454226
3602000 -0.0441963172083724
3603000 -0.0648818603298133
3604000 -0.0547210366571576
3605000 -0.0501324235408139
3606000 -0.167758250278614
3607000 -0.031453422620221
3608000 -0.237340279423313
3609000 -0.0778172047790529
3610000 -0.0932119446176475
3611000 -0.0501290191476797
3612000 -0.0315908367262287
3613000 -0.092625910788872
3614000 -0.0357628524223406
3615000 -0.0626082719063809
3616000 -0.133053710146269
3617000 0.0218901926766843
3618000 -0.187157777418356
3619000 -0.0681638848209612
3620000 -0.0568392335179811
3621000 -0.0713099823103188
3622000 -0.0421199251932695
3623000 -0.0409697962443038
3624000 -0.0618267887501582
3625000 -0.0660735915524743
3626000 -0.111330079512657
3627000 -0.102978758526621
3628000 -0.128609203756303
3629000 -0.0490541712888372
3630000 -0.178268960426747
3631000 -0.102905297110936
3632000 -0.0874724869195276
3633000 -0.0421448756091918
3634000 0.00736517670171842
3635000 -0.0301419760313805
3636000 -0.0417798108183094
3637000 -0.11775372305505
3638000 -0.120428817249198
3639000 -0.124622745163109
3640000 -0.0591301994305006
3641000 -0.0418192160226004
3642000 -0.0334585555879899
3643000 -0.0580227243031243
3644000 -0.0320776220856401
3645000 -0.0847663036248939
3646000 0.0145187749351668
3647000 -0.113830869255446
3648000 -0.0502258297182888
3649000 -0.126842928989684
3650000 -0.135439387053344
3651000 -0.122170064847686
3652000 -0.0844625108365833
3653000 -0.0837425285299273
3654000 -0.235618905428277
3655000 -0.0826457308220866
3656000 0.0111692648203251
3657000 -0.122719017947859
3658000 -0.0269285801165881
3659000 -0.0977232637484207
3660000 -0.198372422213874
3661000 -0.119166268298114
3662000 -0.161324686232332
3663000 -0.0169717025595675
3664000 -0.146289755116698
3665000 -0.133810220138219
3666000 -0.0883363536067232
3667000 -0.0212663242502275
3668000 -0.130604786564397
3669000 -0.126730613268251
3670000 -0.158361474657832
3671000 -0.0408854373558359
3672000 -0.0556069672673015
3673000 -0.0918819202493122
3674000 -0.0136818860145491
3675000 -0.119169599160195
3676000 -0.0716621682488285
3677000 -0.0191305802080031
3678000 -0.0907812585873978
3679000 -0.00811639184971265
3680000 -0.075425831333014
3681000 -0.108461428674365
3682000 -0.059988339325902
3683000 -0.0609056622564909
3684000 -0.0878247374998189
3685000 -0.10424993417073
3686000 -0.115622320283094
3687000 -0.0735770614562666
3688000 -0.0871740093602388
3689000 -0.0932184924568304
3690000 -0.0497802210496757
3691000 -0.0536355204303404
3692000 -0.044803795344167
3693000 -0.16791381859797
3694000 -0.110433812553147
3695000 -0.0226887697085167
3696000 -0.0226770906045069
3697000 -0.0756372557444512
3698000 -0.115101340446849
3699000 -0.0141673131816906
3700000 -0.112259942083225
3701000 -0.0644094286345752
3702000 -0.0774572706638341
3703000 -0.0659855313796214
3704000 -0.0364033949171982
3705000 -0.0401362365423399
3706000 -0.14406069263903
3707000 -0.133430259750413
3708000 -0.0774631347473263
3709000 -0.132969357824286
3710000 0.0339361453174314
3711000 0.079393777180859
3712000 -0.127550368062478
3713000 -0.124258545887301
3714000 -0.0908703462836371
3715000 -0.124195651765638
3716000 0.00933051373422753
3717000 -0.157572402004372
3718000 -0.0553493020887802
3719000 -0.0902846178124379
3720000 -0.0600297691860554
3721000 -0.0756600817065258
3722000 -0.0814235656268076
3723000 -0.167897532047788
3724000 -0.0526061058186121
3725000 -0.100877319765611
3726000 -0.1205536304288
3727000 -0.0583115428429395
3728000 -0.0937686695080497
3729000 -0.0615454045034919
3730000 -0.097586981742985
3731000 -0.11249845950713
3732000 -0.061140990113838
3733000 -0.0758279566190474
3734000 -0.0771774074317529
3735000 -0.0461832738926535
3736000 -0.169618140556295
3737000 -0.0770758498677744
3738000 -0.100738548408958
3739000 -0.0526949621007979
3740000 0.0180004830461433
3741000 -0.165042423206626
3742000 0.050463456006771
3743000 -0.0678364974867006
3744000 -0.0646137885029939
3745000 -0.2164345884643
3746000 -0.117703696680974
3747000 -0.0835354377805453
3748000 -0.102454741372258
3749000 -0.0359102594294498
3750000 -0.113981807738853
3751000 -0.183437359642913
3752000 -0.0546979974550018
3753000 -0.191913271077381
3754000 -0.0709255606463473
3755000 -0.0822427618880203
3756000 -0.0305883738663252
3757000 -0.119804446708371
3758000 -0.0492291352826172
3759000 -0.153866205288616
3760000 -0.096425817998168
3761000 -0.0681728809622426
3762000 -0.15070090851288
3763000 -0.177860979784304
3764000 -0.124957214329673
3765000 -0.0469994645582456
3766000 -0.122429715066339
3767000 -0.108410894209875
3768000 -0.119023113402371
3769000 -0.0961298079134472
3770000 -0.131695846373353
3771000 -0.0941264622858944
3772000 -0.111933613519577
3773000 -0.029270900251289
3774000 -0.0819383241189876
3775000 -0.0614292662268044
3776000 -0.123100446994096
3777000 -0.103521447395579
3778000 -0.0889770604017222
3779000 -0.103207907143635
3780000 -0.0770868374532396
3781000 -0.129052896718967
3782000 -0.0976941928570798
3783000 -0.0633695508421482
3784000 -0.174991394841223
3785000 0.00873645897630075
3786000 -0.0846369968454935
3787000 -0.124095837379658
3788000 -0.0815675747374075
3789000 -0.0955892673715584
3790000 -0.0613520156333908
3791000 -0.161139494894974
3792000 -0.1071482362678
3793000 -0.0862998664784408
3794000 -0.0858217583416323
3795000 -0.082629698548135
3796000 -0.0696355147834545
3797000 -0.0689928166634443
3798000 -0.208958160653226
3799000 -0.118823761491159
3800000 -0.0637688127749816
3801000 -0.0686955771447283
3802000 -0.0706367940046445
3803000 -0.11305833127277
3804000 -0.0419281128304264
3805000 -0.158788940603498
3806000 -0.100317842037378
3807000 -0.168043522371244
3808000 -0.0626404468054124
3809000 -0.0722004180724454
3810000 -0.079347289182081
3811000 -0.115414276609731
3812000 -0.0574393514498504
3813000 -0.113953193663926
3814000 -0.0299192876223468
3815000 -0.0902189450640911
3816000 -0.03940316790146
3817000 -0.195239139706157
3818000 -0.05124283864109
3819000 -0.139554203316929
3820000 0.0316494892343186
3821000 -0.0979411838811104
3822000 -0.0625605192004846
3823000 -0.147859351922629
3824000 -0.0373407009307105
3825000 -0.115741139048543
3826000 -0.0677321387175035
3827000 -0.0656659745945432
3828000 -0.0859146149308854
3829000 -0.0843016901835597
3830000 -0.134299471171565
3831000 -0.131586163548423
3832000 -0.0294376795008074
3833000 -0.184508555778786
3834000 -0.0512472163664068
3835000 -0.138708472116159
3836000 -0.100308035192225
3837000 -0.120589743411296
3838000 -0.078657415747454
3839000 -0.0801867681693065
3840000 -0.00655849141715869
3841000 -0.0513906672705965
3842000 -0.138596989659883
3843000 -0.108412352656473
3844000 -0.0836759991934481
3845000 -0.0441999334574012
3846000 -0.0230218586973711
3847000 -0.0858780993283909
3848000 -0.016747512599039
3849000 -0.0520925702221943
3850000 -0.0798731374080958
3851000 -0.11329981277112
3852000 -0.124684114455632
3853000 -0.085647678263722
3854000 -0.111938164491006
3855000 -0.0976285887216886
3856000 -0.0674583913333864
3857000 -0.0956105779570305
3858000 -0.0719226279650253
3859000 -0.169121556617122
3860000 -0.140764248071056
3861000 -0.116120996972299
3862000 -0.044406809632069
3863000 -0.113630078673491
3864000 -0.0606505701972227
3865000 -0.0743155650825137
3866000 -0.163625914442133
3867000 -0.062179111792034
3868000 -0.134603540519474
3869000 -0.0771644171706051
3870000 -0.179297293347031
3871000 -0.123656427848801
3872000 -0.0776779267548875
3873000 -0.11459314274722
3874000 -0.041917809471549
3875000 -0.215496675971458
3876000 -0.127211265151714
3877000 -0.179333078628353
3878000 -0.0200731263132506
3879000 -0.0984433912626215
3880000 0.0630209631948881
3881000 -0.024472165778208
3882000 -0.0506961047272206
3883000 -0.0830869316520843
3884000 -0.100654123809846
3885000 -0.0349326289312718
3886000 -0.14243843844258
3887000 -0.0676301672216059
3888000 -0.164780071652764
3889000 -0.202923134889197
3890000 -0.0155172404857019
3891000 -0.102782120161
3892000 -0.0391989031788297
3893000 -0.0636018685942088
3894000 -0.121652392195817
3895000 -0.114740991230617
3896000 -0.183851437948923
3897000 -0.0658867758921243
3898000 -0.110318417200237
3899000 -0.0949252127436115
3900000 -0.121644884524387
3901000 -0.0398437204894872
3902000 -0.0485555244105826
3903000 -0.14151369787752
3904000 -0.073533234977196
3905000 -0.0155903850810897
3906000 -0.0754190022060392
3907000 -0.0953711001260865
3908000 -0.113668250600549
3909000 -0.0903746925964751
3910000 -0.103514451814874
3911000 -0.0641861598747893
3912000 -0.0657230630425137
3913000 -0.154519543940154
3914000 -0.0604000658712289
3915000 -0.162755671220352
3916000 -0.123830492767202
3917000 -0.0827614098634867
3918000 -0.0127338986245969
3919000 -0.200766065242966
3920000 -0.00327577966709295
3921000 -0.0106142509831871
3922000 -0.121921957016313
3923000 -0.0685227592121382
3924000 -0.0296460993028643
3925000 -0.125167933857796
3926000 -0.112432231386483
3927000 -0.111614051126489
3928000 -0.0291874233461367
3929000 -0.114528316798014
3930000 -0.0812831005100474
3931000 -0.12605302139474
3932000 -0.133011716815357
3933000 -0.0327256915134791
3934000 -0.0326255582323024
3935000 -0.0493163862685014
3936000 -0.0464737477857322
3937000 -0.0595644159228476
3938000 -0.142848011034579
3939000 -0.0363388418683956
3940000 -0.0659110776930694
3941000 -0.0641443873740448
3942000 -0.106375281952401
3943000 -0.10741130366403
3944000 -0.018054265733684
3945000 -0.122416035416814
3946000 -0.0738218933694852
3947000 -0.0441120346214725
3948000 -0.0578199725730965
3949000 -0.0387673982333257
3950000 -0.111826870709141
3951000 -0.0501944981434302
3952000 -0.191266736625279
3953000 -0.061401734348597
3954000 -0.0601984358135584
3955000 -0.119128464823271
3956000 -0.143389317921801
3957000 -0.00318861922868658
3958000 -0.120112496657963
3959000 -0.0838146344391138
3960000 -0.00782101250744727
3961000 -0.112555414043246
3962000 -0.00101537979149856
3963000 -0.0639785871442316
3964000 -0.0316373052694893
3965000 -0.0636958705254025
3966000 -0.119264991522731
3967000 -0.0247951723394948
3968000 -0.0650808855086031
3969000 -0.03542561879358
3970000 -0.11909752039523
3971000 -0.0790800836267375
3972000 -0.125277291056039
3973000 -0.149567201941326
3974000 -0.0419887873864451
3975000 -0.106378221739119
3976000 -0.124629811553994
3977000 -0.139556828110594
3978000 -0.0549115835950333
3979000 -0.0682515924678107
3980000 -0.142461402559974
3981000 -0.0398172605485173
3982000 -0.122372160856121
3983000 -0.0528154605447154
3984000 -0.143928800998466
3985000 -0.0957611510704803
3986000 -0.0736968300581513
3987000 -0.0540731897577874
3988000 -0.056690558507358
3989000 -0.130741221904677
3990000 -0.0647514898491004
3991000 -0.156907695427496
3992000 -0.155027294268189
3993000 -0.202332268070452
3994000 -0.0789406620401055
3995000 -0.146646350148783
3996000 -0.0770892176652916
3997000 -0.0864076117237945
3998000 -0.0850103609277466
3999000 0.0116090131933228
4000000 -0.159641056995872
4001000 -0.159821326121776
4002000 -0.156733228822346
4003000 -0.0921868654206862
4004000 -0.148939941913987
4005000 -0.157849861639646
4006000 -0.137394197430226
4007000 -0.0749150270918482
4008000 -0.0757874629995152
4009000 -0.0330006491776451
4010000 -0.0819939738576777
4011000 -0.0247575711670807
4012000 -0.0508008077821429
4013000 -0.0878204252021817
4014000 -0.0731438675481035
4015000 -0.11182294919919
4016000 -0.0518515249887455
4017000 -0.135013247077934
4018000 -0.0846482621546795
4019000 -0.157871609602313
4020000 -0.183641976614597
4021000 -0.0246943236229659
4022000 -0.0642589033225378
4023000 -0.133771833920575
4024000 -0.151671932036138
4025000 -0.0682177393322691
4026000 -0.130067553899658
4027000 -0.175840872251205
4028000 -0.114168061252606
4029000 -0.133519921291149
4030000 -0.0610105264554282
4031000 -0.194356241381642
4032000 -0.131748183251192
4033000 -0.0893782823520576
4034000 -0.147404843666422
4035000 -0.107775657563301
4036000 -0.102011504307496
4037000 -0.0740371494563111
4038000 -0.0112544242470402
4039000 -0.12591451184703
4040000 -0.0840408285994991
4041000 -0.0916257596246035
4042000 -0.0342434514992479
4043000 -0.0642675296971077
4044000 -0.152771205127225
4045000 -0.0235266738536091
4046000 -0.15974411642922
4047000 -0.0679577198253525
4048000 -0.10590956938176
4049000 -0.13048070502351
4050000 -0.13295558867057
4051000 -0.0701355040943621
4052000 -0.124162185281384
4053000 -0.18921224400298
4054000 -0.0785576875316173
4055000 -0.0852412031707816
4056000 -0.0846035904946252
4057000 -0.198256200862265
4058000 -0.0943828728834826
4059000 -0.183444546000811
4060000 -0.127625398684105
4061000 -0.101992347936453
4062000 -0.0773221590433615
4063000 -0.161361192413502
4064000 -0.0406449982816244
4065000 -0.101012681220139
4066000 -0.11470228552188
4067000 -0.0629112280953972
4068000 -0.0837460869662339
4069000 -0.0739037612013763
4070000 -0.138590611338909
4071000 -0.00216157376546128
4072000 -0.0994228742877788
4073000 -0.058593583060133
4074000 -0.143094411409443
4075000 -0.1341507980193
4076000 -0.200351446254372
4077000 0.0379176112022388
4078000 -0.11896791958713
4079000 -0.0737160211071815
4080000 -0.124625879156847
4081000 -0.0912220760557422
4082000 -0.127783979617948
4083000 -0.0753441487967498
4084000 -0.0828782923143623
4085000 -0.0589958760104493
4086000 -0.130938042408708
4087000 -0.129065801833803
4088000 -0.0818189055281623
4089000 -0.168354149692961
4090000 -0.0877464140803035
4091000 -0.0803775499998468
4092000 -0.172305848629299
4093000 -0.158965881604518
4094000 -0.0775382186762776
4095000 -0.108803018579823
4096000 -0.0957119075438531
4097000 -0.0573165723186804
4098000 -0.118134216581873
4099000 -0.0949109678538855
4100000 -0.0862447586777441
4101000 -0.162556624064032
4102000 -0.118725758168105
4103000 -0.178302213259976
4104000 -0.0544084589104161
4105000 -0.0828010508933232
4106000 -0.103035257975412
4107000 -0.0791711034944169
4108000 -0.173093821008433
4109000 -0.0374636484140935
4110000 -0.123596870296009
4111000 -0.177498915832217
4112000 -0.0760665627432486
4113000 -0.0895539639286676
4114000 -0.114157510660276
4115000 -0.0869588847643411
4116000 -0.270126145153384
4117000 -0.171573738982459
4118000 -0.167860849422711
4119000 -0.0900541584661276
4120000 -0.0724071002748306
4121000 -0.054827009324298
4122000 -0.118978356242939
4123000 -0.0958570562106472
4124000 -0.153940557539487
4125000 -0.0648945797181938
4126000 -0.150159154966279
4127000 -0.0112499507182043
4128000 -0.157783526687124
4129000 -0.142318186744013
4130000 -0.104184942480535
4131000 -0.158467580662507
4132000 -0.0639361615118247
4133000 -0.0759197929746773
4134000 0.0195712976846702
4135000 -0.0746342451111571
4136000 -0.0905809542184384
4137000 -0.108578568222776
4138000 -0.014233488999171
4139000 -0.125454091813852
4140000 -0.00894855674984386
4141000 -0.109437866733577
4142000 0.014206887235465
4143000 -0.170469618526736
4144000 -0.0885558295237062
4145000 -0.086969923702582
4146000 -0.156282162186461
4147000 -0.141564702419053
4148000 -0.18348870596516
4149000 -0.158528684412859
4150000 -0.0800420935996223
4151000 -0.113165344426428
4152000 -0.0603082530965799
4153000 -0.137386138601034
4154000 -0.168380724415723
4155000 -0.155785915181406
4156000 -0.133727613277659
4157000 -0.0811226953600127
4158000 -0.0939563821153784
4159000 -0.0931354248986184
4160000 -0.0639958252401892
4161000 -0.147303052321242
4162000 -0.163079529988482
4163000 -0.171598116679274
4164000 -0.127553995706327
4165000 -0.08470374562146
4166000 -0.14341947004019
4167000 -0.162960360639261
4168000 -0.131241870298778
4169000 -0.0837827578299947
4170000 -0.108648068954705
4171000 -0.0653214058989555
4172000 -0.186397842517692
4173000 -0.0986359421145115
4174000 -0.123805608255536
4175000 -0.123203551684358
4176000 -0.128827995535117
4177000 -0.129642375148742
4178000 -0.157138367095892
4179000 -0.13228840822363
4180000 -0.115038451864478
4181000 -0.0557460666251291
4182000 -0.0385509103951373
4183000 -0.0209999902337064
4184000 -0.140878726621529
4185000 -0.112238039940934
4186000 -0.047617918406508
4187000 -0.0892019556353293
4188000 -0.126876078297385
4189000 -0.137267056202291
4190000 -0.0564876076716975
4191000 -0.0596724409480447
4192000 -0.161447418814127
4193000 -0.114213047884117
4194000 -0.0815855260408152
4195000 -0.0229495097886605
4196000 -0.0666394708534466
4197000 -0.0019976773294406
4198000 -0.0597825895728873
4199000 -0.227498264342132
4200000 -0.177716150892621
4201000 -0.105709762383356
4202000 -0.152918564563331
4203000 -0.0851836749379552
4204000 -0.0697777042161669
4205000 -0.133690689814122
4206000 -0.208161194118016
4207000 -0.117190608165457
4208000 -0.0560123806638825
4209000 -0.0942429248313759
4210000 -0.0645576647751175
4211000 -0.131582786233828
4212000 -0.131792573247618
4213000 -0.121144513257771
4214000 -0.159257920725403
4215000 -0.0359783696376237
4216000 -0.120987454473543
4217000 -0.109295114607914
4218000 -0.0544393202726918
4219000 -0.115385900615055
4220000 -0.114714562880025
4221000 -0.104947126135565
4222000 -0.0803132341891492
4223000 -0.0368261690053252
4224000 -0.107465219863856
4225000 -0.13677962882428
4226000 -0.151889627867148
4227000 -0.109429712898166
4228000 -0.0381058187499313
4229000 -0.0404030818063955
4230000 -0.249666898005082
4231000 -0.127275391044629
4232000 -0.17085638204513
4233000 -0.118749059124033
4234000 -0.141990213576084
4235000 -0.130233424029649
4236000 -0.0873200142601966
4237000 -0.120223960745986
4238000 -0.0489714122962075
4239000 -0.0542856756110411
4240000 -0.131226984056916
4241000 -0.0216084187329016
4242000 -0.0827836558879858
4243000 -0.0788445656015483
4244000 -0.0927347382408499
4245000 -0.10534947669409
4246000 -0.138422327556997
4247000 -0.173852067552784
4248000 -0.0837234104245631
4249000 -0.104172436388444
4250000 -0.0865057263693453
4251000 -0.00982665641760477
4252000 0.00893161215483611
4253000 -0.163067275554129
4254000 -0.08843191049793
4255000 -0.0346631312734989
4256000 -0.105072904005398
4257000 -0.180919051489552
4258000 -0.0688105233167932
4259000 -0.113667576288013
4260000 0.0216871417584667
4261000 -0.050950443716627
4262000 -0.0583574428339325
4263000 -0.101778663108216
4264000 -0.121565977979749
4265000 -0.105614067029162
4266000 -0.157145290440295
4267000 -0.0601665400066269
4268000 -0.1863211147478
4269000 -0.187082090157859
4270000 -0.107732788164329
4271000 -0.123655224393229
4272000 -0.107520507163155
4273000 -0.0734246962084407
4274000 -0.134123350986087
4275000 -0.079079851790459
4276000 -0.152191599273671
4277000 -0.0314373989063979
4278000 -0.164961075688321
4279000 -0.149308482221009
4280000 -0.175457470643289
4281000 -0.0641782469128345
4282000 -0.131211839395738
4283000 -0.0862629035124721
4284000 -0.106185532372216
4285000 -0.131329135939924
4286000 -0.070184589518817
4287000 -0.191340099834257
4288000 0.000111997737694124
4289000 -0.10824503877535
4290000 -0.0107643766781051
4291000 -0.0562891826832129
4292000 -0.0649416294256134
4293000 -0.0143590107225003
4294000 -0.0477324460509265
4295000 -0.128648631606696
4296000 -0.0585559422462405
4297000 -0.0386720308417709
4298000 -0.092504482056851
4299000 -0.157947730204649
4300000 -0.0989142967224817
4301000 -0.108946720283081
4302000 -0.0459223289215338
4303000 -0.121022308022605
4304000 -0.0690119719387761
4305000 -0.120259112563167
4306000 -0.125775320937071
4307000 -0.0805972300347186
4308000 -0.0957946528798381
4309000 -0.0709929906663194
4310000 -0.0803421506370732
4311000 -0.0693448844726255
4312000 -0.0485108314605531
4313000 -0.113134541785933
4314000 -0.126532301676029
4315000 -0.0769139052583628
4316000 -0.0614322221818242
4317000 -0.103699296808263
4318000 -0.20135089427416
4319000 -0.0590358344352566
4320000 -0.146293881724871
4321000 -0.154390096335452
4322000 -0.0733033486411752
4323000 -0.138002164616001
4324000 -0.234298204685474
4325000 -0.105224272756866
4326000 -0.104781757592467
4327000 -0.0610586545426849
4328000 -0.0731546089864931
4329000 -0.119232800064877
4330000 -0.055229484554597
4331000 -0.189001137919326
4332000 -0.072906211599327
4333000 -0.0877045735135996
4334000 -0.110968640225805
4335000 -0.115966075229622
4336000 -0.0976159099818389
4337000 -0.149052093680096
4338000 -0.0913540775595654
4339000 -0.0506057347007926
4340000 -0.0947773105243438
4341000 -0.0553140969199897
4342000 -0.0690930120185537
4343000 -0.104002665000132
4344000 -0.0864597183940159
4345000 -0.165541327775917
4346000 -0.0712101964277927
4347000 -0.116655137078197
4348000 -0.0921248544004935
4349000 -0.0711001032540395
4350000 -0.0771806711238058
4351000 -0.0552429135007999
4352000 -0.0803518191134106
4353000 -0.160005729284709
4354000 -0.17200078049835
4355000 -0.217017898771636
4356000 -0.112704807584769
4357000 -0.106754745548091
4358000 -0.158565964150202
4359000 -0.0858397500497037
4360000 -0.0842776976400673
4361000 -0.0587764949576939
4362000 -0.0802905514015923
4363000 -0.154558764290032
4364000 -0.0685386331367661
4365000 -0.0761836523838632
4366000 -0.147849484887292
4367000 -0.0611489528809805
4368000 -0.193286214848901
4369000 -0.0923907111723963
4370000 -0.189225417214339
4371000 -0.074090758725354
4372000 -0.128466377458294
4373000 -0.118204984955335
4374000 -0.125867664732148
4375000 -0.121821889177527
4376000 -0.165879951791386
4377000 -0.0828482995305869
4378000 -0.174124908669033
4379000 -0.0752521371134391
4380000 -0.0880313443683606
4381000 -0.110999535502677
4382000 -0.218842636181211
4383000 -0.169519338875519
4384000 -0.141994806083618
4385000 -0.113079415544394
4386000 -0.0401715706866291
4387000 -0.0764858866178062
4388000 -0.169348003109934
4389000 -0.0672978716133326
4390000 -0.178892029431053
4391000 -0.209707731454443
4392000 -0.0597490844602362
4393000 -0.0627058835814462
4394000 -0.0222870048359541
4395000 -0.10933889962829
4396000 -0.142646037305971
4397000 -0.139716925303321
4398000 -0.19448413283876
4399000 -0.124066619936049
4400000 -0.0669757492970784
4401000 -0.125105140147992
4402000 -0.102741341703727
4403000 -0.0909286353911716
4404000 -0.0930281307274178
4405000 -0.107550564160443
4406000 -0.0729619982323789
4407000 -0.115371428239185
4408000 -0.0888417690608097
4409000 -0.070961566493049
4410000 -0.0953872589888706
4411000 -0.0232431456086481
4412000 -0.0610065452919415
4413000 -0.0956445260320791
4414000 -0.135441280089497
4415000 -0.105910718990772
4416000 -0.0410724460303571
4417000 -0.102062846599815
4418000 -0.142712082894157
4419000 -0.138445735836192
4420000 -0.199348990567274
4421000 -0.133081954686735
4422000 -0.0929317676273738
4423000 -0.0918239321627269
4424000 -0.0896816302307783
4425000 -0.0808549527614735
4426000 -0.137449333879856
4427000 -0.136193081331761
4428000 -0.0643485542053369
4429000 -0.0539759318228986
4430000 -0.171028085677858
4431000 -0.0713544035471186
4432000 -0.0112328610367572
4433000 -0.0150020882227194
4434000 -0.106589025547909
4435000 -0.0642174260927086
4436000 -0.132382660269275
4437000 -0.0659804540216063
4438000 -0.0383384963895498
4439000 -0.0277396284054861
4440000 -0.0768630113533246
4441000 -0.0890508680807621
4442000 -0.126430379266196
4443000 -0.108730530745086
4444000 -0.0931716613849979
4445000 -0.130719745523388
4446000 -0.0826624538898884
4447000 -0.0993378397622263
4448000 -0.0926900386247479
4449000 -0.0868783322646108
4450000 -0.120778016984929
4451000 -0.084805646814336
4452000 -0.0896701058576452
4453000 -0.202102709116331
4454000 -0.0789953985864347
4455000 -0.0497482904385868
4456000 -0.106913300988076
4457000 -0.170774429644632
4458000 -0.13251182149637
4459000 -0.0735473657644297
4460000 -0.130203147076702
4461000 -0.0948580737538748
4462000 -0.133356375114056
4463000 -0.161862915642109
4464000 -0.052377056086576
4465000 -0.144998200767666
4466000 -0.127275982831201
4467000 -0.00447157062001302
4468000 -0.0770062551250231
4469000 0.0158734998264018
4470000 -0.0838703414446345
4471000 -0.0729343253095632
4472000 -0.0893722260535077
4473000 0.00983281370200923
4474000 -0.1408539053038
4475000 -0.0861192527961999
4476000 -0.0942125568855126
4477000 -0.0190139022557808
4478000 -0.141546895433999
4479000 -0.0835973570356389
4480000 -0.000242087856859878
4481000 -0.193282785631566
4482000 -0.163322644817629
4483000 -0.0505521374389999
4484000 -0.0772340179412304
4485000 -0.0864461248506459
4486000 -0.105365684606055
4487000 -0.135727678303341
4488000 -0.0052016077688787
4489000 -0.0854453041795298
4490000 -0.148928623062761
4491000 -0.0736536354070929
4492000 -0.111783984222065
4493000 -0.121667755856295
4494000 -0.123942684186719
4495000 -0.187641768809887
4496000 -0.0500654064978592
4497000 -0.0692496592895685
4498000 -0.213526915454482
4499000 -0.129273087027707
4500000 -0.0530897532052047
4501000 -0.111364647945354
4502000 -0.133666784141239
4503000 -0.0851468164644058
4504000 -0.110853396612479
4505000 -0.123193903569924
4506000 -0.158123777046415
4507000 -0.13455427074272
4508000 -0.0198835890880505
4509000 -0.0601169598753406
4510000 -0.185409199260975
4511000 -0.13556688563216
4512000 -0.162927119764348
4513000 -0.129193925843221
4514000 -0.0721418528782036
4515000 -0.042117467517369
4516000 -0.000907912687148775
4517000 -0.0963123961025233
4518000 -0.0885688713186987
4519000 -0.0842706728818318
4520000 -0.0363545312586598
4521000 -0.110307204937576
4522000 -0.142389321833415
4523000 -0.125461851552123
4524000 -0.0301445115639618
4525000 -0.0791611355313953
4526000 -0.174830377817714
4527000 -0.0842725930550594
4528000 -0.0937364570870348
4529000 -0.108678972870648
4530000 -0.154862433642257
4531000 -0.0954475704803621
4532000 -0.0647923370165175
4533000 -0.0630022172306258
4534000 -0.190825504453484
4535000 -0.0269237298620578
4536000 -0.0782040691695034
4537000 -0.0862070310900154
4538000 -0.0619028996821473
4539000 -0.199171968106921
4540000 -0.119631515361505
4541000 -0.137821434438935
4542000 -0.0928239832299411
4543000 -0.20170227790786
4544000 -0.128494197406105
4545000 -0.118905299992526
4546000 -0.172297278675026
4547000 -0.163691695251557
4548000 -0.0859343176573438
4549000 -0.0891571473953693
4550000 -0.141046254730737
4551000 -0.189488447760071
4552000 -0.090442252905398
4553000 -0.114253852647723
4554000 -0.0657388486587837
4555000 -0.0793090988508268
4556000 -0.121053874066582
4557000 -0.0971167060234117
4558000 -0.152976733230389
4559000 -0.0739876460498431
4560000 -0.00998542430549122
4561000 -0.0394748095148087
4562000 -0.0601730830392927
4563000 -0.0132053209345733
4564000 -0.110671012691534
4565000 -0.0561184949751451
4566000 -0.21889923395241
4567000 -0.139909017996598
4568000 -0.101463230923309
4569000 -0.0929247917722506
4570000 -0.132565326713769
4571000 -0.139205524718608
4572000 -0.153018354180263
4573000 -0.107834413448422
4574000 -0.147159943442241
4575000 -0.0534333788959314
4576000 -0.145840139658894
4577000 0.0205297268707924
4578000 -0.111168362501494
4579000 -0.0826504505533736
4580000 -0.0340451490640471
4581000 -0.0209284815329425
4582000 -0.169049260159648
4583000 -0.0731260761831385
4584000 -0.130093812283549
4585000 -0.0901816647603261
4586000 -0.111539053342376
4587000 -0.105042879294801
4588000 -0.118247295252302
4589000 -0.0893535742169475
4590000 -0.0710844338941868
4591000 -0.125408557736905
4592000 -0.056568373278839
4593000 -0.0774009570860946
4594000 -0.0520380989765663
4595000 -0.109584693523119
4596000 -0.049522166982137
4597000 -0.107761596307826
4598000 -0.163293290604845
4599000 -0.0303893554059848
4600000 -0.0440226665198333
4601000 -0.117191791843078
4602000 -0.0971491622119569
4603000 -0.0361261077981413
4604000 -0.127188499728691
4605000 -0.0444706912709466
4606000 -0.0158673353025733
4607000 -0.0939799884505952
4608000 -0.0584847755057926
4609000 0.0177593997233731
4610000 -0.127613657391707
4611000 -0.057780898588721
4612000 -0.0749540129548246
4613000 -0.0922049498130355
4614000 -0.0343313460064772
4615000 -0.118838372060216
4616000 -0.102208194988118
4617000 -0.0911329318912891
4618000 -0.103861043413119
4619000 -0.0939719701977857
4620000 -0.103138896123939
4621000 -0.107027442257081
4622000 -0.0537677671010603
4623000 -0.019955062341157
4624000 -0.0660131712442611
4625000 -0.139119952273476
4626000 -0.112116564337564
4627000 -0.108174087936097
4628000 -0.0780514512574661
4629000 -0.270232224474398
4630000 -0.0634956713085209
4631000 -0.0794819499091632
4632000 -0.0146321684840539
4633000 -0.00395210609831575
4634000 -0.062619996148822
4635000 -0.0915780915775617
4636000 -0.0779352936281495
4637000 -0.0306561406328243
4638000 -0.0808170205078171
4639000 -0.129297638760981
4640000 -0.0725521948106497
4641000 -0.132240245377801
4642000 0.00348607948234219
4643000 -0.0642057666312216
4644000 -0.0153351645982496
4645000 -0.084015185933583
4646000 -0.101004908414106
4647000 -0.0932961011640072
4648000 0.00628656666343028
4649000 -0.0863050559767886
4650000 -0.0455719279890523
4651000 0.0454495562073607
4652000 -0.0895033939053146
4653000 -0.0815387731176016
4654000 -0.123639991103807
4655000 -0.0942752408235371
4656000 -0.192801149315597
4657000 -0.0616504095403498
4658000 -0.116023658978772
4659000 -0.15027105633873
4660000 -0.0813973538656086
4661000 -0.0911535109243167
4662000 -0.0715657779951179
4663000 -0.118719599810591
4664000 -0.0889078559518493
4665000 -0.138082392464944
4666000 -0.153502451516685
4667000 -0.0582006535459596
4668000 -0.160067005922249
4669000 -0.188487772908952
4670000 -0.0546794048963491
4671000 -0.107464282821434
4672000 -0.0796698398485089
4673000 -0.1535124039968
4674000 -0.17419304445915
4675000 -0.158315922019926
4676000 -0.136974956680653
4677000 -0.162524967041395
4678000 -0.0170635701796092
4679000 -0.0221831957957551
4680000 -0.00276362395526442
4681000 -0.107457277074602
4682000 -0.0817096338696816
4683000 -0.182944008412534
4684000 -0.0922044864755295
4685000 -0.0137389698292947
4686000 -0.072714146080321
4687000 -0.15526074568306
4688000 -0.0650128553582572
4689000 -0.142118212028587
4690000 -0.123075115820249
4691000 -0.065965114621386
4692000 -0.0705146196576625
4693000 -0.0974621050475236
4694000 0.00946370124900819
4695000 -0.100910245202042
4696000 -0.0817179480580121
4697000 -0.118962925148218
4698000 -0.116542735842602
4699000 -0.0897285128616336
4700000 -0.0757475598556846
4701000 -0.0527059930858336
4702000 -0.113391844032189
4703000 0.00195278695216602
4704000 -0.0991092963702224
4705000 -0.133049092980264
4706000 -0.0980859005850724
4707000 -0.176068802791178
4708000 -0.160331717841002
4709000 -0.0225617578676427
4710000 -0.0848700118043996
4711000 -0.147247410588375
4712000 -0.0994764659638555
4713000 -0.0963932718857628
4714000 -0.0473680541175178
4715000 -0.0178182746038867
4716000 -0.0873991189173263
4717000 -0.189731099011447
4718000 -0.0860859875169998
4719000 -0.038051947202407
4720000 -0.141871768462858
4721000 -0.0807517849075335
4722000 -0.0492518573940199
4723000 -0.0680657155275434
4724000 -0.169798801603072
4725000 -0.118499778141508
4726000 -0.167383532673768
4727000 -0.0637736623620718
4728000 -0.0627161584749785
4729000 -0.115949539495569
4730000 0.00674751360519617
4731000 -0.0708263300684644
4732000 -0.111945088920976
4733000 -0.0273873236052965
4734000 -0.0821909320203495
4735000 -0.0380336370496333
4736000 0.0247853878817873
4737000 -0.103579496714224
4738000 -0.0977499455851463
4739000 -0.168800910204327
4740000 -0.152167417557901
4741000 -0.0465509532249508
4742000 -0.180039760466768
4743000 -0.0716051823360009
4744000 -0.0494983719322471
4745000 -0.134013286349532
4746000 -0.103858092735884
4747000 -0.120783523904105
4748000 -0.0901887646327169
4749000 -0.0977073326599771
4750000 -0.089768920866403
4751000 -0.0490426520683441
4752000 -0.0780097370585076
4753000 -0.128092012024984
4754000 -0.0898773536003022
4755000 -0.108221886792937
4756000 -0.112038904236917
4757000 -0.0925835298279399
4758000 -0.106443054501369
4759000 -0.0819413839411221
4760000 -0.0873131911499957
4761000 -0.110767235713394
4762000 -0.152234146093327
4763000 -0.036510223228432
4764000 -0.0154673446596043
4765000 -0.0400063873013141
4766000 -0.0643547482488385
4767000 -0.176766631657739
4768000 -0.0131116824304306
4769000 -0.135111274211442
4770000 -0.0763575600922251
4771000 -0.118024649538406
4772000 -0.213752958920216
4773000 -0.0949726212989868
4774000 -0.113730785005033
4775000 -0.13979013202959
4776000 -0.139218251436553
4777000 -0.038487426843337
4778000 -0.136564329289612
4779000 -0.152274998414197
4780000 -0.0777498070793586
4781000 -0.0854881999950484
4782000 -0.108434604834382
4783000 -0.0784021626387456
4784000 -0.0687616819977385
4785000 -0.0808100260954438
4786000 -0.0488962582891569
4787000 -0.0474505653010927
4788000 -0.105529231760275
4789000 -0.14557254604004
4790000 -0.0624386688896829
4791000 -0.0490684169926367
4792000 -0.171890507316572
4793000 -0.133576628196763
4794000 -0.149558211541073
4795000 -0.107301805926213
4796000 -0.0826074908248701
4797000 -0.0851770390453519
4798000 -0.101409894705118
4799000 -0.105917386932021
4800000 -0.0789502367400204
4801000 -0.0991696982806216
4802000 -0.148698247781753
4803000 -0.0327913859972721
4804000 -0.170096691436255
4805000 -0.148886316110729
4806000 -0.0272036754215337
4807000 -0.116555155392012
4808000 -0.0708365190468937
4809000 -0.0828210415547016
4810000 -0.0978280140060781
4811000 -0.0583849360309224
4812000 -0.105005557350991
4813000 -0.0014669081516812
4814000 -0.0477534881672768
4815000 -0.117295585934176
4816000 -0.165143315089401
4817000 -0.0940846182106416
4818000 -0.130456476743959
4819000 -0.0719877176717685
4820000 0.0227031766504027
4821000 -0.0572480232468744
4822000 -0.0198134130128872
4823000 -0.21581075482131
4824000 -0.0962111547104408
4825000 -0.0554390544144064
4826000 -0.0876862340212684
4827000 -0.180460277822242
4828000 -0.0991985899468285
4829000 -0.130155420732884
4830000 -0.135944240521537
4831000 -0.0635578705125609
4832000 -0.180448258499218
4833000 -0.11626464385887
4834000 -0.110965427757403
4835000 -0.10908431248932
4836000 -0.140449487099883
4837000 -0.212872249514001
4838000 -0.0972511931440362
4839000 -0.028127682733638
4840000 0.000559237552758869
4841000 -0.0815605315914422
4842000 -0.0673358693560089
4843000 -0.0759627417910338
4844000 -0.028460745741952
4845000 -0.123249795171809
4846000 -0.167649673362135
4847000 -0.118072936163282
4848000 -0.131709517307947
4849000 -0.10429057012299
4850000 -0.0595361136454175
4851000 -0.0800231700123546
4852000 -0.124278757350521
4853000 -0.0690354163730672
4854000 -0.0837487920923729
4855000 -0.123270882666571
4856000 -0.0978492205732878
4857000 -0.0375366465195245
4858000 -0.119465508876518
4859000 -0.0917924193826347
4860000 -0.121015741499139
4861000 -0.0957831651847144
4862000 -0.12898014972039
4863000 -0.0882916948011273
4864000 -0.04557347094108
4865000 -0.171050644931285
4866000 -0.145356209735543
4867000 -0.0882224108598008
4868000 -0.029382905097883
4869000 -0.130592022960682
4870000 -0.0893648704012393
4871000 -0.13164570769981
4872000 -0.111568640582397
4873000 -0.0970477010410147
4874000 0.0122790486980215
4875000 -0.0585081042067601
4876000 -0.118457816770665
4877000 -0.127372939720533
4878000 -0.0284239934204463
4879000 -0.124278485948137
4880000 -0.128825318370364
4881000 -0.134732833017144
4882000 -0.0800450729934081
4883000 -0.0989922516361641
4884000 -0.0858336561124954
4885000 -0.0586149025793666
4886000 -0.182412728292477
4887000 -0.138770888493389
4888000 -0.116844399861464
4889000 -0.0617337086900494
4890000 -0.180084288531032
4891000 -0.156535749605973
4892000 -0.0647407280692813
4893000 -0.00590342699717137
4894000 -0.0613457407382561
4895000 -0.0886796403172244
4896000 -0.194659561911728
4897000 -0.0772363342476037
4898000 -0.0921885722677344
4899000 -0.110100077029502
4900000 -0.104604985923448
4901000 -0.107965455657251
4902000 -0.0310485811838277
4903000 -0.0530526532460302
4904000 -0.0863563182219668
4905000 -0.100019928768863
4906000 -0.115592117956241
4907000 -0.0530250204145975
4908000 -0.159227922202933
4909000 -0.058863584585227
4910000 -0.0936213548923484
4911000 -0.110957093041757
4912000 -0.121934333319444
4913000 -0.109258160682269
4914000 -0.0824357529426711
4915000 -0.0993209613384852
4916000 -0.0978187727228118
4917000 -0.182188911171278
4918000 -0.079489135239298
4919000 -0.052804876745683
4920000 -0.103506407064893
4921000 -0.0543657332333053
4922000 -0.0684622647437953
4923000 -0.059113460790723
4924000 -0.151949119335882
4925000 -0.0521099370167792
4926000 -0.170184475465114
4927000 -0.0813778507924872
4928000 -0.100986880596398
4929000 -0.0467126194838953
4930000 -0.142757899614529
4931000 -0.113681759262994
4932000 -0.125018992450194
4933000 -0.0484427674962566
4934000 -0.145312548423942
4935000 -0.029692202809113
4936000 -0.161117967429307
4937000 -0.145473758196254
4938000 -0.132535954296904
4939000 -0.123140951613853
4940000 -0.150280579141666
4941000 -0.0639864377143952
4942000 -0.0585492479023632
4943000 -0.0241835163280165
4944000 -0.207675322788489
4945000 -0.148919944747371
4946000 -0.141298965022547
4947000 -0.0828309017612661
4948000 -0.11162904623832
4949000 -0.155476222178113
4950000 -0.0592733870126802
4951000 -0.121841662172887
4952000 -0.186877516680593
4953000 -0.0778185302983066
4954000 -0.060781921443282
4955000 -0.0842322669999638
4956000 -0.125756820282157
4957000 -0.106071270637559
4958000 -0.0417073926885
4959000 -0.0945280443135346
4960000 -0.107281102305681
4961000 -0.197877850455511
4962000 -0.138169998615848
4963000 -0.0679026929483978
4964000 -0.143309228318235
4965000 -0.0717720810027514
4966000 -0.118859670423393
4967000 -0.0458636495247779
4968000 -0.173394667842622
4969000 -0.12599681864335
4970000 -0.095638325236531
4971000 -0.064595678389731
4972000 -0.139338236342191
4973000 -0.189049424017725
4974000 -0.208214571083866
4975000 -0.138248807262931
4976000 -0.0838223365780812
4977000 -0.0284811884968274
4978000 -0.0192232271567349
4979000 -0.132827803649406
4980000 -0.0983612623291861
4981000 -0.0928342252148934
4982000 -0.0460032645142525
4983000 -0.178907578548335
4984000 -0.0385124232002782
4985000 -0.134755795006484
4986000 -0.183249248756578
4987000 -0.113351623920182
4988000 -0.0868919521890994
4989000 -0.101839420184346
4990000 -0.136513578442844
4991000 -0.0723072168688896
4992000 -0.0935264027051095
4993000 -0.0939004516004692
4994000 -0.0988563623888101
4995000 -0.10613277173711
4996000 -0.037700634595931
4997000 -0.117625478325238
4998000 -0.128798119200716
4999000 -0.0448339412864915
5000000 -0.16860988459049
5001000 -0.113879748399734
5002000 -0.0833629851495563
5003000 -0.0560415912985215
5004000 -0.112537522871664
5005000 -0.051259536985393
5006000 -0.123045192973768
5007000 -0.0482587367921217
5008000 -0.143745379859231
5009000 -0.13662716474464
5010000 -0.0756730663445275
5011000 -0.0991903980217889
5012000 -0.0886032861898046
5013000 -0.14210490353044
5014000 -0.130021885662097
5015000 -0.118886162854478
5016000 -0.127301474033635
5017000 -0.170847930043336
5018000 -0.07281183911072
5019000 -0.185933770392956
5020000 -0.238733010135348
5021000 -0.0706137443219083
5022000 -0.111976953409658
5023000 -0.102945420178502
5024000 -0.202615990206829
5025000 -0.0917665500740892
5026000 -0.0499598015219848
5027000 -0.0964486584854521
5028000 -0.067372164129284
5029000 -0.103750019747112
5030000 -0.150958772567427
5031000 -0.0699524363100414
5032000 -0.110592354420762
5033000 -0.059494970545293
5034000 -0.110260460318629
5035000 -0.161041531215623
5036000 0.0172411510520122
5037000 -0.130495611037449
5038000 -0.169655208804985
5039000 -0.120669233646856
5040000 -0.0784697920529225
5041000 -0.112435321261623
5042000 -0.116079486880394
5043000 -0.0906868575253896
5044000 -0.0696563162999576
5045000 -0.120478343104954
5046000 -0.0676821187434764
5047000 -0.242236503317224
5048000 -0.0924750386309075
5049000 -0.0832646444720722
5050000 -0.055672632456419
5051000 -0.152325008375788
5052000 -0.0964826704357926
5053000 -0.140381957315896
5054000 -0.0786932190266165
5055000 -0.0349646747470428
5056000 -0.109368371058145
5057000 -0.0770774306922908
5058000 -0.110710221633014
5059000 -0.135276329010308
5060000 -0.0765787871656469
5061000 -0.138391199490436
5062000 -0.0851436859120064
5063000 -0.148672392559277
5064000 -0.0831930788602118
5065000 -0.0643458083957992
5066000 -0.216693246616829
5067000 -0.0656561559014458
5068000 -0.121850015079018
5069000 -0.212130025504007
5070000 -0.185523805613782
5071000 -0.125550558859992
5072000 -0.0657164256795059
5073000 -0.0635470314675131
5074000 -0.10012214958986
5075000 -0.128636271697838
5076000 -0.108152838159531
5077000 -0.0626171754819402
5078000 -0.100899667309389
5079000 -0.142677694352697
5080000 -0.142771238866335
5081000 -0.142729874708415
5082000 -0.127765766911745
5083000 -0.104004960708157
5084000 -0.111264283539268
5085000 -0.0377141856531095
5086000 -0.0909805872672906
5087000 -0.11110498428904
5088000 -0.0673013644395058
5089000 -0.0231422046978341
5090000 0.0100208592825002
5091000 -0.0715302270640124
5092000 -0.13420280777238
5093000 -0.139021863191055
5094000 -0.146526258824811
5095000 -0.0167445656372004
5096000 -0.149691356920722
5097000 -0.089347886723855
5098000 -0.0669951284121336
5099000 -0.108646179913969
5100000 0.00348221053579746
5101000 -0.12439033612053
5102000 -0.0936006045443663
5103000 -0.0595699305096835
5104000 -0.142455729239764
5105000 -0.0821940932774774
5106000 -0.096362335466188
5107000 -0.13894378038941
5108000 -0.192288404350914
5109000 -0.0468534207880152
5110000 -0.0785783926586316
5111000 -0.0584801656910002
5112000 -0.163339190836867
5113000 -0.0206887989500296
5114000 -0.19299027810942
5115000 -0.0630869469933452
5116000 -0.0861131642763193
5117000 -0.187196357336804
5118000 -0.161163985948418
5119000 -0.077129975473343
5120000 -0.170353877468899
5121000 -0.0398996009342283
5122000 -0.0893666978768786
5123000 -0.094509590210348
5124000 -0.0939476280964808
5125000 -0.0649783157722394
5126000 -0.0865835757651573
5127000 -0.104415262338464
5128000 -0.192427023076986
5129000 -0.152141122718676
5130000 -0.0227995771864288
5131000 -0.000686738176581976
5132000 -0.223944263331053
5133000 -0.128990020340095
5134000 -0.0656479185384722
5135000 -0.0279653323255062
5136000 -0.040527394145657
5137000 -0.0434959189855119
5138000 -0.124098747699381
5139000 -0.0417654848187339
5140000 -0.082149657840025
5141000 -0.0391814158521841
5142000 -0.0326613632941605
5143000 -0.0683897964565782
5144000 -0.061006516358774
5145000 -0.109792580934223
5146000 -0.102845616080109
5147000 -0.0822552533361578
5148000 -0.0968111801805821
5149000 -0.0901047989595014
5150000 -0.0941892284500672
5151000 -0.080218432123552
5152000 -0.123236058142935
5153000 -0.0845563877097875
5154000 -0.110693815664705
5155000 -0.0697164726776866
5156000 -0.0843694032614308
5157000 -0.0878129138313933
5158000 -0.0767391603515674
5159000 -0.0845808252966675
5160000 -0.0399646777003012
5161000 -0.0994768691668979
5162000 -0.0550635869391616
5163000 -0.0627540423973904
5164000 -0.0683317040746213
5165000 -0.126052414126495
5166000 -0.184722725034255
5167000 -0.107235005525675
5168000 -0.19966311975309
5169000 -0.114918989967095
5170000 -0.0864607634082147
5171000 -0.177945491892087
5172000 -0.0723018153639709
5173000 -0.0605463457774125
5174000 -0.0868240952102556
5175000 -0.0394116548426608
5176000 -0.0866156459651461
5177000 -0.0420955304211474
5178000 -0.0734204764154223
5179000 -0.0304210844772977
5180000 -0.0818790491117686
5181000 -0.079528177025386
5182000 -0.128637969080704
5183000 -0.0957714091100772
5184000 -0.128177856608899
5185000 -0.0955595455022827
5186000 -0.116988620931485
5187000 -0.0538426692251495
5188000 -0.0302088726604167
5189000 -0.0569460577778223
5190000 -0.0731669700702506
5191000 -0.0620760620579594
5192000 -0.167736632306214
5193000 -0.124401683367701
5194000 -0.0890320122998529
5195000 -0.105270177396486
5196000 -0.0997943168848633
5197000 -0.0552440004366212
5198000 -0.0594042850920177
5199000 0.00236198211015889
5200000 -0.0732879430444158
5201000 -0.149378517509359
5202000 -0.148835128047945
5203000 -0.144352291514702
5204000 -0.0825831214289371
5205000 -0.139408980856179
5206000 -0.231936237070852
5207000 -0.198894131643625
5208000 -0.118115776371139
5209000 -0.13455850274105
5210000 -0.0649323696706956
5211000 -0.100987056085759
5212000 -0.140184375058352
5213000 -0.0308580470252539
5214000 -0.101318989592675
5215000 -0.125806751188014
5216000 -0.148618087111381
5217000 -0.152198855187553
5218000 -0.239559738078396
5219000 -0.210095636819516
5220000 -0.156098074902471
5221000 -0.0798107862962172
5222000 -0.171661544678454
5223000 -0.149599350082664
5224000 -0.12843566743835
5225000 -0.0230808691924539
5226000 -0.0393754986821413
5227000 -0.0656711860461576
5228000 -0.0482600444360599
5229000 -0.136228289530453
5230000 -0.0773808886144206
5231000 -0.102421020148236
5232000 -0.0502297085577783
5233000 -0.0652627035551486
5234000 -0.141091972496189
5235000 -0.0419286869801487
5236000 0.00055994487887509
5237000 -0.136247454200986
5238000 -0.102758149415488
5239000 -0.133498114590494
5240000 -0.0812121071925978
5241000 -0.0308008367190922
5242000 -0.0103992098792197
5243000 -0.113107833756869
5244000 -0.122494925526941
5245000 -0.161595815456179
5246000 -0.186266083667623
5247000 -0.1018072551857
5248000 -0.0761529191777286
5249000 -0.144893442058504
5250000 -0.121988291560251
5251000 -0.0558162374011972
5252000 -0.117947129740348
5253000 -0.118401546554396
5254000 -0.0412269112238058
5255000 -0.161613257416901
5256000 -0.106657478767696
5257000 -0.201339993222973
5258000 -0.0632772203729511
5259000 -0.105286602698174
5260000 -0.07626582927037
5261000 -0.163685754147793
5262000 -0.157301211904186
5263000 -0.0539564166640647
5264000 -0.165346361162036
5265000 -0.030060839665427
5266000 -0.0777881291035589
5267000 -0.121630233383627
5268000 -0.204300964659756
5269000 -0.140414564544165
5270000 -0.225211901958957
5271000 -0.0901164416430572
5272000 -0.199548695656103
5273000 -0.0176456879870447
5274000 -0.165096131353253
5275000 -0.110184055042421
5276000 -0.139602361153993
5277000 -0.142993983430688
5278000 -0.114720003553432
5279000 -0.124618642830597
5280000 -0.157599465947423
5281000 -0.0591390847530254
5282000 -0.0897149646609167
5283000 -0.120252083708066
5284000 -0.0753811868517564
5285000 -0.0787952187211935
5286000 -0.0343945319940798
5287000 -0.114649677094736
5288000 -0.053776149094255
5289000 -0.154652123613314
5290000 -0.0917654518203968
5291000 -0.102888358043141
5292000 -0.143457023695176
5293000 -0.110241038052955
5294000 -0.0942873307353694
5295000 -0.191287715788563
5296000 -0.0846795128601571
5297000 -0.0804471090374984
5298000 -0.178670012214814
5299000 -0.182445661924225
5300000 -0.0418731726458963
5301000 -0.158834969469677
5302000 -0.0721051622744125
5303000 -0.148028208017189
5304000 -0.135764885516591
5305000 -0.0457061740609393
5306000 -0.171842382580075
5307000 -0.15799442647076
5308000 -0.103746909810852
5309000 -0.12332721502992
5310000 -0.0723289661314203
5311000 -0.0523409116642464
5312000 -0.0670538849486718
5313000 -0.0885025025848605
5314000 -0.0856792608870306
5315000 -0.163557551601457
5316000 -0.221962850014939
5317000 -0.125584257816334
5318000 -0.197667385377917
5319000 -0.0769016345309463
5320000 -0.118898747556725
5321000 -0.154134392535534
5322000 -0.115192203954933
5323000 -0.109591762330393
5324000 -0.10775726934894
5325000 -0.0262750129779172
5326000 -0.091282313482593
5327000 -0.049524284314094
5328000 -0.0681202494008835
5329000 -0.154411946799115
5330000 -0.0602523654539353
5331000 -0.0243771649417381
5332000 -0.14184078514709
5333000 -0.048192310650758
5334000 -0.0566598760630495
5335000 -0.0797758598329251
5336000 -0.0549950418992784
5337000 -0.0856024478582195
5338000 -0.00297669864345585
5339000 -0.024231411341144
5340000 0.0658544054988933
5341000 -0.115918623359535
5342000 -0.102333293551057
5343000 0.0406308950256869
5344000 -0.137677244012825
5345000 -0.119502146147539
5346000 -0.0535745213732983
5347000 -0.0788103938939036
5348000 -0.116977193512691
5349000 -0.0728702206132609
5350000 0.0280298913603858
5351000 -0.0358802682745011
5352000 -0.125056937278489
5353000 -0.0870115169393213
5354000 -0.0572118396330559
5355000 -0.0185465072681012
5356000 -0.013043296397208
5357000 -0.120613734153438
5358000 -0.130445735266155
5359000 -0.00825223354289776
5360000 -0.00871552698744572
5361000 0.0256650245828065
5362000 -0.0823466329549653
5363000 -0.0497533699122726
5364000 -0.0750455059005898
5365000 -0.124152694355762
5366000 -0.10953358500549
5367000 -0.0699754330740076
5368000 -0.0470592881385836
5369000 -0.0140509157052743
5370000 -0.0843245508809328
5371000 -0.0469355810252181
5372000 -0.0614051904117244
5373000 -0.0503315907323152
5374000 -0.0469407263362024
5375000 -0.00806439317201044
5376000 -0.0992366603546618
5377000 -0.111860824875929
5378000 -0.0314286531809808
5379000 -0.0363370518288238
5380000 -0.221561960671947
5381000 -0.0424093679049698
5382000 -0.0266404427238532
5383000 -0.0394878844564261
5384000 -0.139843543015772
5385000 -0.0696706023195428
5386000 -0.137611890380852
5387000 -0.016971240816736
5388000 -0.0550195973327205
5389000 -0.081921752903341
5390000 -0.130947860398568
5391000 -0.0937952330871387
5392000 -0.0348178239841763
5393000 -0.11230825022559
5394000 -0.0866926310846514
5395000 -0.0503861889692188
5396000 -0.0986350053272393
5397000 -0.0486093925579781
5398000 -0.0202066963237918
5399000 -0.0916308663472843
5400000 -0.147916538000646
5401000 -0.0247167400889086
5402000 -0.0999201755813247
5403000 -0.00778184185560523
5404000 -0.110353918180835
5405000 -0.0970847870154535
5406000 -0.126728517079873
5407000 -0.0276385996744452
5408000 -0.0767997631657086
5409000 -0.0395104440325087
5410000 -0.0507808359383319
5411000 -0.078521435120946
5412000 -0.0309209460403403
5413000 -0.069502997987101
5414000 0.0417600142631024
5415000 -0.0210250787843244
5416000 -0.074793032711777
5417000 -0.0754402092254668
5418000 -0.0719006644110218
5419000 -0.0139075950478558
5420000 -0.00869319254740661
5421000 -0.0763809405012567
5422000 -0.0675762969511423
5423000 -0.0643728670048523
5424000 -0.00973411879481147
5425000 -0.0422469401100076
5426000 -0.0734336647273048
5427000 -0.0606941828286374
5428000 -0.0338192667933222
5429000 -0.0462040666467608
5430000 0.034058188888429
5431000 -0.118648131126695
5432000 -0.106897323026428
5433000 -0.00110506465107393
5434000 -0.0924957583701938
5435000 -0.0361065189425521
5436000 -0.0737548455876041
5437000 -0.0562609125740508
5438000 -0.0898728267961597
5439000 -0.0748687474138122
5440000 -0.0716413291378913
5441000 -0.0498082229313743
5442000 -0.0377612505416444
5443000 -0.00682483456445949
5444000 -0.116197866881547
5445000 0.0216308468824225
5446000 0.0285079468836564
5447000 -0.112875225800566
5448000 -0.0291733765858088
5449000 -0.0268423516072714
5450000 -0.109600150891172
5451000 -0.107507770226792
5452000 -0.0150152443802661
5453000 -0.0960890530479731
5454000 0.00902332516848063
5455000 -0.0258474045886243
5456000 -0.0400516074454071
5457000 -0.0593801362930392
5458000 0.00181270735131905
5459000 -0.025035591081992
5460000 0.0246473862046907
5461000 -0.0501694147478636
5462000 -0.0233522828033161
5463000 -0.0903968568372275
5464000 -0.106523454307181
5465000 -0.0868191213216795
5466000 0.0467574904841796
5467000 0.0282143281319403
5468000 -0.029806616953793
5469000 -0.0912088910768835
5470000 -0.0123251134555752
5471000 -0.111909244724131
5472000 -0.0598684245225772
5473000 0.00289596178996409
5474000 0.0245060444233096
5475000 -0.0425979477613181
5476000 -0.0164560494946782
5477000 -0.118090643175228
5478000 -0.0399859714352014
5479000 0.0716620942353483
5480000 -0.0755866055221612
5481000 -0.0329719416664482
5482000 -0.111753162034178
5483000 -0.0660663277727981
5484000 -0.0301049743498113
5485000 -0.200113806187348
5486000 -0.0444796800948457
5487000 -0.083588931179651
5488000 -0.00957148557205393
5489000 -0.102194994317133
5490000 -0.106174025832108
5491000 0.0379439667336721
5492000 0.0348272256380772
5493000 0.00277992397555657
5494000 -0.0566352270112478
5495000 -0.0967930007720126
5496000 -0.0268462025193209
5497000 -0.176347891844084
5498000 -0.0990034101314258
5499000 -0.0437179152195073
5500000 -0.101520141583924
5501000 -0.16834952099666
5502000 -0.0625608741602842
5503000 -0.0748446389225956
5504000 -0.108048559515054
5505000 -0.0724324137126703
5506000 -0.166682762216319
5507000 -0.0716991276383267
5508000 0.014267516735854
5509000 -0.112971467338028
5510000 -0.128123759684374
5511000 -0.0378775534677055
5512000 -0.0440282655935681
5513000 -0.0506472148394837
5514000 -0.0631366233385511
5515000 -0.0603367672101948
5516000 -0.0994177737963978
5517000 -0.0475544119409515
5518000 -0.0524775282329972
5519000 -0.0472006389753539
5520000 -0.0275826704949198
5521000 -0.0843016118246958
5522000 -0.0126091400323665
5523000 0.00628273223294092
5524000 -0.112952416442891
5525000 -0.113101955318583
5526000 -0.10926641049225
5527000 -0.0374394808993153
5528000 0.01554212035992
5529000 -0.127646540790822
5530000 -0.0850139551684854
5531000 -0.0331130187915523
5532000 -0.0622767857312268
5533000 -0.0761392919823239
5534000 -0.0671664879586958
5535000 -0.0577965061798423
5536000 -0.105565469327811
5537000 -0.0459232431498106
5538000 -0.0836588588505539
5539000 -0.098150408967852
5540000 -0.176788543223194
5541000 -0.0427585223337467
5542000 -0.0285353448632744
5543000 -0.0956454691236128
5544000 -0.0412927371897771
5545000 -0.0273769153912787
5546000 -0.0943442012165885
5547000 -0.103257090854533
5548000 -0.0985171350992489
5549000 -0.0507478439779444
5550000 -0.068726020269383
5551000 -0.0193900258454153
5552000 -0.112569594629792
5553000 -0.0295150866437253
5554000 -0.128145693243684
5555000 -0.0634016149799246
5556000 -0.0478075481888297
5557000 -0.0861839143539775
5558000 -0.086755721614168
5559000 -0.0752218560128842
5560000 -0.090862103024011
5561000 -0.121583964395197
5562000 -0.110908214984281
5563000 -0.0937154649344246
5564000 -0.0360951471415618
5565000 -0.0298070797553624
5566000 0.0024827733552053
5567000 -0.106492687798899
5568000 -0.0954450848298692
5569000 0.0202154082945473
5570000 -0.171174911535645
5571000 -0.0752458663741868
5572000 -0.0971239380247789
5573000 -0.10787358492861
5574000 -0.0431490275169797
5575000 -0.153765617812908
5576000 0.0221322301433961
5577000 0.0604659001980439
5578000 -0.100319584421114
5579000 -0.112411986295553
5580000 -0.126313240594406
5581000 -0.04399922134454
5582000 -0.0551417269930329
5583000 0.0157956035753652
5584000 -0.0540467553110141
5585000 -0.00152943376504519
5586000 -0.0834968960357152
5587000 -0.100298488968144
5588000 -0.0940715847874811
5589000 -0.17375296318745
5590000 -0.0486149521572961
5591000 -0.0318833709827747
5592000 -0.0593499864483003
5593000 -0.0907368716931036
5594000 -0.0463587488946207
5595000 -0.075445494124869
5596000 -0.028711051009498
5597000 -0.0421918411692274
5598000 -0.0374813252725459
5599000 -0.0278678798957546
5600000 -0.143963152780385
5601000 -0.0894686127372556
5602000 -0.0845230996825992
5603000 -0.0551576381114414
5604000 -0.0696508202384971
5605000 -0.0648612555762453
5606000 -0.0249675257699784
5607000 -0.0604604627351834
5608000 -0.0724230683393804
5609000 -0.0976540957917543
5610000 -0.0689414293135746
5611000 -0.0130445938415508
5612000 0.0426026030673906
5613000 -0.109940842796369
5614000 -0.104724556721964
5615000 -0.0157211869248105
5616000 0.0317515507970254
5617000 -0.0168747372150713
5618000 -0.0383909699440475
5619000 -0.182942114536085
5620000 -0.167116822546207
5621000 -0.0442042180765327
5622000 -0.0861104467755234
5623000 -0.109041092104996
5624000 -0.0778138938234277
5625000 -0.0665796149711895
5626000 -0.135973224983225
5627000 -0.105305926871361
5628000 -0.0775671576329865
5629000 -0.144504502531073
5630000 -0.058662630151014
5631000 -0.0808609414155823
5632000 -0.0529916730964802
5633000 -0.0927741564988793
5634000 -0.0334705744919685
5635000 -0.0975323054759631
5636000 -0.010260528177369
5637000 -0.0668719772432219
5638000 -0.0152867357582825
5639000 -0.0767403231880753
5640000 -0.164728517460361
5641000 -0.0869067630218352
5642000 -0.00399109594671452
5643000 -0.0252693845263823
5644000 -0.120919918427556
5645000 -0.0820723942473474
5646000 -0.054137550584268
5647000 -0.00973734232318551
5648000 -0.0463564496115388
5649000 -0.105538461455017
5650000 -0.0918609194686272
5651000 -0.104165666602197
5652000 -0.0635053491108446
5653000 -0.0504371772836321
5654000 -0.102686546457482
5655000 0.015147840528635
5656000 -0.0785627956225168
5657000 -0.165365832617123
5658000 -0.0851933185404359
5659000 -0.0789464109205305
5660000 -0.0655472554669825
5661000 -0.0900551065562617
5662000 -0.127722006686523
5663000 -0.0156233505525639
5664000 -0.0374519881168886
5665000 0.0436966389954512
5666000 -0.0431994913772572
5667000 -0.045468080922679
5668000 -0.0923632792264325
5669000 -0.0172471917583242
5670000 -0.0611060189588255
5671000 -0.126960970023767
5672000 -0.130575050357423
5673000 -0.0578390006868388
5674000 -0.106632529862179
5675000 -0.0477055886410764
5676000 -0.0154347580785431
5677000 -0.124888430149545
5678000 -0.0151537286255551
5679000 -0.0621837527331921
5680000 -0.0793198267130466
5681000 -0.115846729692785
5682000 -0.0170117754874444
5683000 -0.0017044502386396
5684000 -0.09005754537456
5685000 -0.197600993495549
5686000 -0.0819671813263199
5687000 -0.100601568502053
5688000 -0.051240295487123
5689000 -0.06272796527943
5690000 -0.110466668972095
5691000 -0.134367147500502
5692000 -0.0638075724813922
5693000 -0.0947909267372881
5694000 -0.0852796533208477
5695000 -0.0810651804612412
5696000 -0.104408503836525
5697000 -0.0324225425280338
5698000 -0.100642867448725
5699000 -0.0415512489403055
5700000 -0.0633670465793638
5701000 -0.0684421768429999
5702000 -0.12157099826035
5703000 -0.185578679135631
5704000 -0.0451069569311308
5705000 -0.0618543185247812
5706000 -0.105897525122042
5707000 -0.156138587405173
5708000 -0.124058133339737
5709000 -0.0549422538994113
5710000 -0.141732575390924
5711000 0.0215506808866623
5712000 -0.0631055483186494
5713000 -0.0657919459279307
5714000 0.0116486556673213
5715000 -0.116190250137497
5716000 -0.138981053588921
5717000 -0.0832547042809368
5718000 -0.101942345407789
5719000 -0.0460547732318493
5720000 -0.175036053482888
5721000 -0.0764330450894196
5722000 -0.0818259999128919
5723000 -0.0833695706694356
5724000 -0.0793451950362169
5725000 -0.0676048608204716
5726000 -0.0310654069251525
5727000 -0.0544585554037088
5728000 -0.0483075930338005
5729000 -0.0633164271071571
5730000 0.0160330628357906
5731000 -0.143276091312558
5732000 0.000699906172684369
5733000 -0.0214877924540249
5734000 -0.0385513175893027
5735000 -0.063843022744097
5736000 -0.0143390311219556
5737000 -0.0277695506337167
5738000 -0.0598054620949072
5739000 -0.0334735846991841
5740000 -0.0749868287153245
5741000 -0.0106896402818282
5742000 -0.0699012501438122
5743000 -0.12806904445873
5744000 -0.0877497236783856
5745000 -0.0235862381176503
5746000 -0.0639301141044779
5747000 -0.0460555542029218
5748000 -0.0269443288043064
5749000 -0.129828560935341
5750000 -0.0546530356326718
5751000 -0.0471694589349513
5752000 -0.0686075662751802
5753000 -0.0511947164751869
5754000 0.01223287554867
5755000 -0.0294679872229057
5756000 -0.0689833591570636
5757000 0.0427242743185637
5758000 -0.188341144999662
5759000 -0.050685354803447
5760000 -0.0425398092153773
5761000 -0.0368134184157314
5762000 -0.0178232648441832
5763000 -0.0551030047244788
5764000 -0.0987242020159942
5765000 -0.0515505479712326
5766000 -0.0795446609199616
5767000 -0.0586320921414702
5768000 -0.0492341216081854
5769000 -0.0906858240180724
5770000 -0.0850997307308669
5771000 -0.116995052293012
5772000 0.00450245043988856
5773000 -0.142813547038727
5774000 0.00635911833049917
5775000 -0.12385616844097
5776000 -0.0730868819300851
5777000 -0.0978298664663802
5778000 -0.0249230854451598
5779000 -0.102074612993001
5780000 -0.097800272278934
5781000 -0.0692865215737389
5782000 -0.101450668454645
5783000 -0.0865985852094105
5784000 -0.181353408882184
5785000 -0.0910534980467816
5786000 -0.0550025276816389
5787000 -0.074171463920239
5788000 -0.0503135451582237
5789000 -0.0280420892058901
5790000 -0.0129980270728972
5791000 -0.0802570728508292
5792000 -0.0756625580658262
5793000 -0.0244030341518267
5794000 -0.0842251562545035
5795000 -0.0443278356326782
5796000 -0.127843305071147
5797000 -0.121411137754618
5798000 -0.0658288281267804
5799000 -0.0305647304823075
5800000 -0.0952683120566692
5801000 -0.144523890438215
5802000 -0.0718831310755927
5803000 -0.0780627215689377
5804000 -0.139414164435112
5805000 -0.111289809865535
5806000 -0.0754737662131094
5807000 -0.0764800738930841
5808000 -0.0237347009003658
5809000 -0.180551520815751
5810000 0.00947400813937865
5811000 -0.0880522917755461
5812000 -0.066684567130916
5813000 -0.0903763033783599
5814000 -0.0232965327244658
5815000 -0.0870204772997784
5816000 -0.0782515365794045
5817000 -0.089017791496934
5818000 -0.0833154661222041
5819000 -0.181787322423995
5820000 -0.176089395591448
5821000 -0.0720462484570212
5822000 -0.0217925646934534
5823000 0.0024334472749266
5824000 -0.0627763769726916
5825000 -0.107093259510412
5826000 -0.0361529500558654
5827000 -0.0729233280167717
5828000 -0.138666993703029
5829000 -0.0177162808844609
5830000 -0.0894597290111282
5831000 -0.0103432474965032
5832000 -0.0792075452306841
5833000 -0.0278942498145328
5834000 -0.0201790825574299
5835000 -0.0594890161675065
5836000 -0.0471947280600594
5837000 -0.0851871854380907
5838000 -0.0792848743602383
5839000 -0.12938934804321
5840000 -0.0673186392925978
5841000 -0.0636158215425097
5842000 0.00311115575332808
5843000 -0.0548830034055079
5844000 -0.0815809420009626
5845000 -0.0781730575988242
5846000 -0.131852383865161
5847000 -0.153388248615034
5848000 -0.0301180892484709
5849000 -0.0910120602601591
5850000 -0.0434482879562933
5851000 -0.00932076908341362
5852000 -0.039056472686705
5853000 -0.035318823747861
5854000 -0.0295632530008969
5855000 -0.044566095006628
5856000 -0.0833316488313873
5857000 -0.0796015549259981
5858000 -0.118400525987163
5859000 0.0159639304456473
5860000 -0.0857642270633257
5861000 -0.109623390698208
5862000 -0.0662076340861684
5863000 -0.0871038786743124
5864000 -0.0504246042116908
5865000 -0.100177806055748
5866000 -0.136097258024454
5867000 -0.057445394021827
5868000 -0.0748215195994294
5869000 -0.0965714500720905
5870000 -0.073725746684511
5871000 -0.0610753420843857
5872000 0.0081226342460961
5873000 -0.0414773440894162
5874000 0.000337068691661697
5875000 -0.136403051228093
5876000 -0.10012830581023
5877000 -0.0824907289342127
5878000 -0.00861148379556845
5879000 0.0767485797522914
5880000 -0.084695675286446
5881000 -0.0743311002477074
5882000 -0.0487780941235114
5883000 -0.0929171169412016
5884000 0.0259461981985178
5885000 -0.0243351365232639
5886000 -0.0788114247606009
5887000 -0.0430265907380694
5888000 0.00420497872391639
5889000 -0.193161016662578
5890000 -0.0781342939440917
5891000 -0.017912907282584
5892000 -0.130578928600985
5893000 -0.0549197571330525
5894000 -0.105378246445265
5895000 -0.165270338010556
5896000 -0.0633176520209629
5897000 0.0202674532298498
5898000 -0.0488751178849939
5899000 -0.0824398012743632
5900000 -0.0706568433056717
5901000 0.0108903298035338
5902000 -0.0977065228096845
5903000 -0.109161231894759
5904000 0.0247445514705929
5905000 -0.0828710983264636
5906000 -0.0528833921098523
5907000 -0.128781470327432
5908000 0.0729899236591332
5909000 -0.0583128333821588
5910000 -0.0588999201384027
5911000 -0.0675615800239783
5912000 -0.0942846447278568
5913000 -0.0705983102669203
5914000 -0.0270661511351015
5915000 -0.146112125372246
5916000 -0.0313347530408605
5917000 -0.0322758734925808
5918000 -0.019962542540777
5919000 -0.0721806140408207
5920000 -0.0212287122764607
5921000 -0.0126838198631156
5922000 -0.00582515086435563
5923000 -0.0831431555234774
5924000 -0.136690117294194
5925000 -0.0186078433118372
5926000 -0.139771316314351
5927000 -0.0934696426008062
5928000 -0.0974907916637571
5929000 -0.218647016316445
5930000 0.00846778745405666
5931000 -0.0746853359502608
5932000 -0.0922300754785992
5933000 -0.116518806265676
5934000 0.0476619607665596
5935000 -0.0743879367625174
5936000 -0.0987042374500735
5937000 -0.0314814999502035
5938000 -0.0115461169834534
5939000 -0.0283131563802652
5940000 -0.0513944886372139
5941000 -0.143747573109144
5942000 -0.036745634571566
5943000 -0.0756719098209913
5944000 -0.0387756337549792
5945000 -0.0114657594667639
5946000 -0.0118847333176094
5947000 0.00572253026363922
5948000 -0.0990035880567073
5949000 -0.164325177318315
5950000 -0.0679026139278701
5951000 -0.0740783277013001
5952000 -0.163396654077948
5953000 -0.152600101412799
5954000 -0.0509296063520805
5955000 -0.0747428470589513
5956000 0.00791040808114699
5957000 -0.0349950910894611
5958000 0.0117408516774558
5959000 -0.0482041311742417
5960000 -0.15136380956401
5961000 -0.141880429879998
5962000 -0.0961368276096641
5963000 -0.0303440705651991
5964000 -0.0818785039344576
5965000 -0.0750939020364538
5966000 -0.0152276679230605
5967000 -0.0475748514575506
5968000 -0.088706130593379
5969000 -0.125797327800617
5970000 -0.181620550558552
5971000 -0.0986583409411914
5972000 -0.0619115747232814
5973000 -0.0646912577887656
5974000 -0.0530738342428863
5975000 0.0226351238605579
5976000 -0.0473188066651797
5977000 -0.0770208290658978
5978000 -0.0658223498040511
5979000 -0.0681670157820379
5980000 -0.0392796111475454
5981000 -0.112137722771825
5982000 -0.0769607307112073
5983000 -0.0493977714249732
5984000 -0.114962738204233
5985000 -0.0345010363062089
5986000 -0.0625030987206629
5987000 -0.0743405305413878
5988000 -0.106036549148355
5989000 -0.0844776918694277
5990000 -0.0193069727908512
5991000 -0.0139739470941197
5992000 -0.109255501051706
5993000 -0.0337215807040181
5994000 -0.0301488865559583
5995000 -0.0556526437181363
5996000 -0.0574167926893747
5997000 -0.00879187365982218
5998000 -0.0982155470824431
5999000 -0.0516738286923744
6000000 -0.149619025170509
6001000 -0.08985364226113
6002000 0.0222516053890762
6003000 -0.137229915081648
6004000 -0.0681709199759102
6005000 -0.0869133901559074
6006000 0.0525107442768392
6007000 -0.15542099448047
6008000 -0.0715816192625734
6009000 -0.0713763338965745
6010000 -0.142444636862729
6011000 -0.037494075989306
6012000 -0.0693084382488453
6013000 -0.0806085687008875
6014000 -0.0863310018091433
6015000 -0.141579398837805
6016000 -0.00695048948935618
6017000 -0.12853940088701
6018000 -0.140344034042745
6019000 -0.11875984910147
6020000 -0.128367447020392
6021000 -0.0577890649918177
6022000 -0.0618504701690718
6023000 -0.0406518532948911
6024000 -0.132771969725376
6025000 -0.0612150631520875
6026000 -0.142822277553645
6027000 -0.0572711454889814
6028000 -0.110821767151897
6029000 -0.00737655324418263
6030000 -0.0581667733989732
6031000 -0.126887271835404
6032000 -0.128823326820187
6033000 -0.153517575119407
6034000 -0.114378120014406
6035000 -0.0430362118931018
6036000 -0.00320904880471746
6037000 -0.125824529952161
6038000 -0.0536655382326946
6039000 -0.0732393745564249
6040000 -0.0929410787116309
6041000 -0.0329067693676203
6042000 -0.08340732494389
6043000 -0.102828246122101
6044000 -0.0741671987949921
6045000 -0.129610218361953
6046000 -0.0989841665605922
6047000 -0.104665180949021
6048000 -0.0868093794657148
6049000 -0.144943403854338
6050000 0.0306383564688173
6051000 -0.0816219583500917
6052000 -0.0312867674256474
6053000 -0.116813151752314
6054000 -0.0658831623261973
6055000 -0.0705950682359807
6056000 0.0358758133228425
6057000 -0.136455536217677
6058000 -0.00763269698923674
6059000 -0.0427556358999897
6060000 -0.0915076936653769
6061000 -0.112934385032659
6062000 -0.0911952554851331
6063000 -0.136974673269426
6064000 -0.0797699528415966
6065000 -0.123919166573694
6066000 -0.0305637491100236
6067000 -0.0651997494602224
6068000 -0.0893010245407698
6069000 -0.00906657896549471
6070000 -0.0361622799737777
6071000 -0.141894765278139
6072000 -0.00885949422393201
6073000 -0.177440662784993
6074000 -0.0575636085337993
6075000 -0.0860189375602857
6076000 -0.0250130329284094
6077000 -0.131837979801174
6078000 -0.0294040472752408
6079000 -0.0737960740341243
6080000 -0.0995565839175197
6081000 -0.0838294802948796
6082000 -0.0885019222384966
6083000 -0.102679416394186
6084000 -0.11070026300703
6085000 -0.0402612497593687
6086000 -0.125029950356143
6087000 -0.102035363027501
6088000 -0.14100250569726
6089000 -0.133641353023655
6090000 -0.0540089593386668
6091000 -0.0175705747169348
6092000 -0.0320606205414169
6093000 -0.0447121596161666
6094000 0.0363217552718373
6095000 -0.106275638656801
6096000 -0.132185269666076
6097000 -0.0717896297632878
6098000 -0.00440465282131127
6099000 -0.118829797448879
6100000 -0.100547483749482
6101000 -0.0805911517437286
6102000 -0.038394971222014
6103000 -0.135320183064712
6104000 -0.0279339762833913
6105000 0.0399507098715651
6106000 -0.0738930238372743
6107000 -0.0736716915957152
6108000 -0.121500663039314
6109000 -0.0731958429517769
6110000 -0.0944230393336223
6111000 -0.0828554904805506
6112000 -0.136763175610256
6113000 -0.0702926306855852
6114000 -0.0521124011432482
6115000 -0.150300202810508
6116000 -0.0220137566801315
6117000 -0.0994003796113026
6118000 -0.100587060656706
6119000 -0.105588528811109
6120000 -0.15872481246029
6121000 -0.0545483687909639
6122000 -0.0672280006334501
6123000 -0.0786558655529536
6124000 -0.0364477878135492
6125000 -0.0465827080549115
6126000 -0.0921851522982932
6127000 -0.110287900535935
6128000 -0.0456549761597962
6129000 -0.0851542559888009
6130000 0.03522164952755
6131000 -0.0906657839055923
6132000 -0.155544890602226
6133000 0.000727443725646744
6134000 -0.115427619281021
6135000 -0.138083430256068
6136000 -0.0172985697400172
6137000 -0.0281467965654643
6138000 -0.0989537529732191
6139000 -0.0844713704836407
6140000 -0.0411395701902882
6141000 -0.0820157073159014
6142000 -0.213645898143454
6143000 -0.0425919446927442
6144000 -0.045626855120189
6145000 -0.0788872948449895
6146000 -0.126149919175117
6147000 -0.0703024683501065
6148000 -0.17395298913764
6149000 -0.119291663614255
6150000 -0.0138206073734818
6151000 -0.0490947475402742
6152000 -0.122580978137989
6153000 -0.0800454186334204
6154000 -0.0191643192321295
6155000 -0.157244741253021
6156000 -0.0938044991865182
6157000 -0.120502326316645
6158000 -0.134139071444297
6159000 -0.106595823478002
6160000 0.00415204252034712
6161000 -0.123528430719951
6162000 -0.137860406557893
6163000 -0.121005688108319
6164000 -0.0822448283209626
6165000 -0.162572486831247
6166000 -0.0106222483788673
6167000 -0.0151766059648029
6168000 -0.164333184279058
6169000 -0.0522003874256496
6170000 -0.0409515691252849
6171000 -0.112440000424349
6172000 -0.0966627729558574
6173000 -0.0612000976957945
6174000 -0.0833696759979364
6175000 -0.0576881121681904
6176000 -0.037265702433298
6177000 -0.0613765568870688
6178000 -0.128363340500456
6179000 -0.119939336894854
6180000 -0.0863145234382351
6181000 -0.117740374191481
6182000 -0.0908891542633558
6183000 -0.0810875469340489
6184000 -0.0348456003250275
6185000 -0.0262756809156349
6186000 -0.12372352878857
6187000 -0.00617669026396951
6188000 -0.108548356779897
6189000 0.0568156691132099
6190000 0.0122485723365074
6191000 -0.0748694268993636
6192000 -0.0138186508440745
6193000 -0.109810206364417
6194000 -0.0976230306716722
6195000 0.0384368787327936
6196000 -0.0492513536455724
6197000 -0.135646320602293
6198000 -0.0497977237825108
6199000 -0.105568897492274
6200000 -0.132332330987741
6201000 -0.0371416935607482
6202000 -0.0440184690714646
6203000 -0.0694564240983597
6204000 -0.0608685723424177
6205000 -0.146005383378289
6206000 -0.0408409183935869
6207000 -0.039443922814491
6208000 -0.0525889541905902
6209000 -0.0670693527856676
6210000 -0.133564441356908
6211000 -0.0790996383531648
6212000 -0.00214757766205073
6213000 -0.164125228311596
6214000 -0.106506112341768
6215000 -0.0739396968597554
6216000 -0.0755656622461433
6217000 -0.0716046809897745
6218000 -0.0118102005407889
6219000 -0.0413573114894407
6220000 -0.0802627159251265
6221000 -0.176570978094293
6222000 -0.0469658122110416
6223000 -0.0384723096352357
6224000 -0.139259673865894
6225000 -0.0781110947638495
6226000 0.0217486357679429
6227000 -0.113232213577038
6228000 -0.129020919583668
6229000 -0.0856331594074226
6230000 -0.100713004428511
6231000 0.00506668539345407
6232000 -0.191011866440009
6233000 -0.0864603619588614
6234000 0.00685738408773058
6235000 -0.136503595668509
6236000 -0.0756464742172247
6237000 -0.0707843909175558
6238000 -0.0787242993830503
6239000 -0.0618499608157374
6240000 -0.132014169585799
6241000 -0.0393342388570964
6242000 -0.0663251970574684
6243000 -0.133775251263578
6244000 -0.0823603548205932
6245000 -0.00836759070255505
6246000 -0.043352429533005
6247000 -0.0484711246559197
6248000 -0.0941931094825519
6249000 -0.103839825094879
6250000 -0.063915173804025
6251000 0.0822334542830352
6252000 -0.0105438046568256
6253000 -0.104221308722999
6254000 -0.00402569074035529
6255000 -0.118559955076786
6256000 -0.0741018245513271
6257000 -0.0192096304482374
6258000 -0.0785867612466528
6259000 -0.0482556612467521
6260000 -0.0316495571204166
6261000 -0.0645297817180096
6262000 -0.0894822096364942
6263000 -0.123900483748677
6264000 -0.0562202864362483
6265000 0.00549946319327292
6266000 -0.030577142655946
6267000 -0.03908010370817
6268000 -0.040294777377538
6269000 -0.099912618696604
6270000 -0.0421931889026293
6271000 -0.12647311714962
6272000 -0.0688344661382644
6273000 -0.0883429141061849
6274000 -0.134244193337036
6275000 -0.00574665638232613
6276000 -0.0688575690820567
6277000 -0.0919738899020342
6278000 0.00942132956368118
6279000 0.00718131543931649
6280000 -0.0933375821864882
6281000 0.0740921180701491
6282000 -0.0423678148782528
6283000 -0.0948617076378968
6284000 -0.0675836340536815
6285000 -0.119907432539829
6286000 -0.0731093004700921
6287000 -0.123557633182803
6288000 -0.107875525756215
6289000 -0.05165242813131
6290000 -0.164425613877263
6291000 -0.0216695303712894
6292000 -0.103858610487106
6293000 -0.0373435414134895
6294000 -0.0996230029364196
6295000 -0.0510944041592544
6296000 -0.0552396261697095
6297000 -0.0473639555709606
6298000 -0.0206406979051356
6299000 -0.157294961523068
6300000 -0.0195301252446349
6301000 -0.142681971639249
6302000 -0.160680752123813
6303000 -0.138106105881777
6304000 -0.0763826175902212
6305000 -0.00723488015765773
6306000 -0.149574201654689
6307000 0.0139765693944174
6308000 -0.00041760885434879
6309000 -0.0902556849895867
6310000 -0.097692524826914
6311000 -0.135019831309972
6312000 -0.1000525594127
6313000 -0.0733231443034001
6314000 -0.152237256730915
6315000 -0.166965203773085
6316000 -0.0591109858772493
6317000 -0.00933512195018534
6318000 -0.120345959993142
6319000 -0.113242055407517
6320000 -0.168845934089867
6321000 -0.12271850117036
6322000 -0.159999854368051
6323000 -0.154357879940157
6324000 -0.0660392763577599
6325000 -0.0791534277640448
6326000 -0.114443004917428
6327000 -0.0951281986335109
6328000 -0.0464322206174407
6329000 -0.16588956694448
6330000 -0.0758523007029795
6331000 -0.0397806566576944
6332000 -0.1530598605897
6333000 -0.142928098240206
6334000 -0.127877691004605
6335000 -0.0642750455767322
6336000 -0.131363846166926
6337000 -0.199609007907667
6338000 -0.162311415770662
6339000 -0.178985074148275
6340000 -0.0732085679103952
6341000 -0.125376363091254
6342000 -0.0280271532350026
6343000 -0.121038609585372
6344000 -0.123370541021403
6345000 -0.0857752172353216
6346000 -0.0866839372313157
6347000 -0.0808228024901305
6348000 -0.064204334677611
6349000 -0.126210739662112
6350000 -0.0757886924687841
6351000 -0.126579498488495
6352000 -0.0964396927882721
6353000 -0.116789023291097
6354000 0.0097563318945099
6355000 -0.0855971705460254
6356000 -0.177836185027757
6357000 -0.0823200254196024
6358000 -0.0209602554210491
6359000 -0.122779516580036
6360000 -0.15903911950453
6361000 -0.0861660316789121
6362000 -0.0277838311683861
6363000 -0.0703563178673506
6364000 -0.0766568201573083
6365000 -0.0879734402838252
6366000 -0.0742589742913205
6367000 -0.00411536532767506
6368000 -0.0213392662161893
6369000 -0.0405916198876237
6370000 -0.127570122102687
6371000 -0.0408528303577053
6372000 -0.144139424933275
6373000 -0.188628314644478
6374000 -0.10473366797371
6375000 0.000465429643115226
6376000 -0.0533970772173001
6377000 -0.144578043605672
6378000 -0.0652673835642726
6379000 -0.0640443499302939
6380000 -0.145154152357336
6381000 -0.0920459658237853
6382000 6.12464122480921e-05
6383000 -0.0586271727193667
6384000 -0.086190779723336
6385000 -0.0758741783237782
6386000 -0.0648910590867657
6387000 -0.0224372681964684
6388000 -0.0699329145155499
6389000 -0.0635831441826318
6390000 -0.0389536099317046
6391000 -0.142188763187984
6392000 -0.0632901254021608
6393000 -0.0395183234564059
6394000 -0.045491175670342
6395000 -0.0327033024832527
6396000 -0.112689824255733
6397000 -0.121988157547563
6398000 -0.0668899406126771
6399000 -0.0688181653847244
6400000 -0.033201430431655
6401000 -0.0571919761721846
6402000 -0.0507704396911453
6403000 -0.125731792973028
6404000 -0.104888158146746
6405000 -0.14544203651441
6406000 -0.0580068286516127
6407000 -0.0628362557537888
6408000 -0.0601808103382538
6409000 -0.0410925004923235
6410000 -0.101941634190044
6411000 -0.234880781148727
6412000 -0.0301712108795509
6413000 -0.081618577916554
6414000 -0.0675819511558199
6415000 -0.134758130388616
6416000 -0.0896050388438436
6417000 -0.0794539834985608
6418000 -0.0374334865115934
6419000 -0.0640987263910294
6420000 -0.160757078394327
6421000 -0.104749728312828
6422000 -0.0927977626485449
6423000 0.0122719859285508
6424000 -0.0972716628150365
6425000 -0.082405881760719
6426000 -0.149883036663887
6427000 -0.101231948401566
6428000 -0.129909364962643
6429000 0.0240888114559333
6430000 -0.146376703825227
6431000 -0.087744268213871
6432000 -0.18884773116873
6433000 -0.0654105335100206
6434000 -0.0841195493663594
6435000 -0.137024743003743
6436000 -0.121821732828838
6437000 -0.109762764981326
6438000 -0.0568115316606633
6439000 -0.0720441104644383
6440000 -0.0235078753314977
6441000 -0.0525465671702903
6442000 -0.170102015471338
6443000 -0.0312492339862203
6444000 -0.0643087779463908
6445000 -0.0919530344459428
6446000 -0.137516233263971
6447000 -0.115923700479366
6448000 -0.0397172729411368
6449000 -0.0272793240009124
6450000 -0.112572807060481
6451000 -0.135927222316459
6452000 -0.0719494734996503
6453000 -0.0932303576192404
6454000 -0.110944693094028
6455000 -0.0945479652419951
6456000 -0.0385409424495863
6457000 -0.116201476882169
6458000 -0.092367782744591
6459000 -0.0564556105042677
6460000 -0.100883012484858
6461000 -0.0543395277219807
6462000 -0.0135321568806277
6463000 -0.169732265047586
6464000 -0.110187228765423
6465000 -0.135335767299618
6466000 -0.14631737462139
6467000 -0.0942427929234336
6468000 -0.111237077082538
6469000 -0.0980650924283017
6470000 -0.102771129049643
6471000 -0.149582763235229
6472000 -0.139095735610028
6473000 -0.0630771532559676
6474000 -0.110198160756478
6475000 -0.217208430138523
6476000 -0.0227591492022572
6477000 -0.113180016076186
6478000 -0.166135891857958
6479000 -0.0691905555176915
6480000 -0.161413484637027
6481000 -0.104780633783833
6482000 -0.0807695716769455
6483000 -0.0324272065717839
6484000 -0.0958492361398405
6485000 -0.137117391959103
6486000 -0.10420111890626
6487000 -0.112398232576167
6488000 -0.0106791975928341
6489000 -0.00848223160947776
6490000 -0.0863794056735721
6491000 -0.15502889505218
6492000 -0.119136140306421
6493000 -0.0914466792633422
6494000 -0.0984015219520569
6495000 -0.134416644717905
6496000 -0.151109432489493
6497000 -0.111757054529838
6498000 -0.0959786610109709
6499000 0.020933115540971
6500000 -0.126715515267827
6501000 -0.101972392965772
6502000 -0.0651982653280404
6503000 -0.0599264986285713
6504000 -0.0935589484201542
6505000 -0.149882990137745
6506000 -0.0985065747748912
6507000 -0.0279036696744048
6508000 -0.0603250668017522
6509000 -0.087765679031982
6510000 -0.10396412926205
6511000 -0.0215356111645977
6512000 -0.164007713456013
6513000 -0.0918049411502943
6514000 -0.238598866813378
6515000 -0.148998993376261
6516000 -0.0919905157939687
6517000 -0.159612553109001
6518000 -0.129491951317511
6519000 -0.0782385253595515
6520000 -0.0884753854500148
6521000 -0.0227657825717446
6522000 -0.157859649654345
6523000 -0.0573408448582797
6524000 -0.119908172351361
6525000 -0.0590700007999298
6526000 -0.0862817193377266
6527000 -0.135246654827701
6528000 -0.0945057386343542
6529000 -0.190466509482258
6530000 -0.0383709622915476
6531000 -0.0586887074572687
6532000 -0.0851352738251061
6533000 -0.1172582440282
6534000 -0.105975021242439
6535000 -0.069137033807224
6536000 -0.0869805953511944
6537000 -0.12513164282452
6538000 -0.0985921856101421
6539000 -0.0139533446979306
6540000 -0.0551008238216871
6541000 -0.0665033546044513
6542000 -0.129114628262255
6543000 -0.0655160423948212
6544000 -0.130472010357221
6545000 -0.0935756074025673
6546000 -0.0549711517282198
6547000 -0.0643909436534264
6548000 -0.159403518354802
6549000 -0.223327999760687
6550000 0.0343161947908584
6551000 -0.121195161857051
6552000 -0.068265225843628
6553000 0.00955749744757566
6554000 -0.105091089167821
6555000 -0.119157396343161
6556000 -0.106781441931964
6557000 -0.150379308500028
6558000 -0.104973861916987
6559000 -0.117183507589537
6560000 -0.151070173918923
6561000 -0.0894956997755801
6562000 -0.0118397482408086
6563000 -0.0678567416806423
6564000 -0.144182484497025
6565000 -0.0312644390673451
6566000 -0.0608477017352127
6567000 -0.171079764829791
6568000 -0.135429465627886
6569000 -0.136497851891827
6570000 -0.041838131199037
6571000 -0.069660915469609
6572000 -0.0774191698804682
6573000 -0.108228430125991
6574000 -0.114886285376994
6575000 -0.108003494626702
6576000 -0.0980477719625464
6577000 -0.101564130159136
6578000 -0.128507387869947
6579000 -0.0370092502568266
6580000 -0.0582297434797341
6581000 -0.0884992319142648
6582000 -0.0873032222994205
6583000 -0.00831927455852677
6584000 -0.0818768316087503
6585000 -0.0547554372380968
6586000 -0.0295419816123529
6587000 -0.0369610736533352
6588000 -0.084231149856146
6589000 -0.0504433036140036
6590000 -0.0727539028957661
6591000 -0.148261406970029
6592000 -0.0635947800136249
6593000 -0.0615796476633556
6594000 -0.146442326903437
6595000 -0.127368625079602
6596000 -0.131543253194423
6597000 -0.0984139063160695
6598000 -0.0270683186239764
6599000 -0.0612549603590243
6600000 -0.154338762129384
6601000 -0.094048638793132
6602000 -0.145260761814211
6603000 -0.077876513927129
6604000 -0.0759186203443324
6605000 -0.0764390803532526
6606000 -0.0851516718438968
6607000 -0.0729841070862746
6608000 -0.0216527549930938
6609000 -0.12528670901119
6610000 -0.0635868740156074
6611000 -0.0994896460449794
6612000 -0.0927245676713935
6613000 -0.111402645339115
6614000 -0.192777853190057
6615000 0.0299762454024809
6616000 -0.141256436751746
6617000 -0.0433323284511766
6618000 -0.0663867296310321
6619000 -0.136571192616513
6620000 -0.0376010347755255
6621000 -0.0235273273627486
6622000 -0.148720846108319
6623000 -0.187767800168923
6624000 -0.0964139133877362
6625000 -0.0369221436626191
6626000 -0.0934957592539744
6627000 -0.0325109232317914
6628000 -0.0475125782377479
6629000 -0.104961789873069
6630000 -0.139696657710945
6631000 -0.0792920327353106
6632000 -0.0868082587150272
6633000 -0.0685064959687988
6634000 -0.0548448908222953
6635000 -0.139855734595976
6636000 -0.136052792762618
6637000 -0.0410100779769006
6638000 -0.144727934751655
6639000 -0.16346601599698
6640000 -0.185504328936299
6641000 -0.163774578021452
6642000 -0.212530569938504
6643000 -0.150081662530472
6644000 -0.106445078973926
6645000 -0.0189035163595333
6646000 -0.145635446049965
6647000 -0.0699392711813712
6648000 0.00156363506830518
6649000 -0.105785942922581
6650000 -0.0834779265009627
6651000 -0.102267548339654
6652000 -0.256240835661927
6653000 -0.12915012018577
6654000 -0.108541579832334
6655000 -0.0594936287275732
6656000 -0.0717358921912654
6657000 -0.11742394847724
6658000 -0.215564467774634
6659000 -0.0409296572046517
6660000 -0.142845699515281
6661000 -0.144381705518808
6662000 -0.0935136509355324
6663000 -0.113539482293401
6664000 -0.114600315891618
6665000 -0.145167266641634
6666000 -0.128487337817159
6667000 -0.104176534711619
6668000 -0.14940495098307
6669000 -0.143504793345845
6670000 -0.0767239619399185
6671000 -0.0947039044948743
6672000 -0.207569133753104
6673000 -0.03102187734414
6674000 -0.0637034079220677
6675000 -0.0906000645446162
6676000 -0.10158477028454
6677000 -0.103804888667871
6678000 -0.164959343706925
6679000 -0.104997403190024
6680000 -0.0925768169616386
6681000 -0.0717368804145192
6682000 -0.107762974526172
6683000 -0.0723460525435217
6684000 -0.221315335439334
6685000 -0.0463025831944104
6686000 -0.10036807518566
6687000 -0.132729645609225
6688000 -0.176639102532235
6689000 -0.111313431446723
6690000 -0.0987258207520776
6691000 -0.0720632284190274
6692000 -0.0621457308244861
6693000 -0.123576073238565
6694000 -0.0405405316689734
6695000 -0.066913791849176
6696000 -0.0190146746936664
6697000 -0.0875776607373837
6698000 -0.096411355072416
6699000 -0.0343537295756824
6700000 -0.0167742541458635
6701000 -0.0800141591621906
6702000 -0.0679993527248982
6703000 -0.13160791570683
6704000 -0.063063393090318
6705000 -0.0169440586315294
6706000 -0.0920742486670399
6707000 -0.148672192462195
6708000 -0.0819978938214505
6709000 -0.114033751378114
6710000 -0.164601450228934
6711000 -0.0670766993282355
6712000 -0.147607971413946
6713000 -0.178862705233745
6714000 -0.143493842836026
6715000 -0.0644236083826669
6716000 -0.058491950736944
6717000 -0.116630847107036
6718000 -0.0717028529719453
6719000 -0.195049801111934
6720000 -0.129372929806971
6721000 -0.142769105807443
6722000 -0.13076853544723
6723000 -0.119682777642683
6724000 -0.119742927163196
6725000 -0.157030547942047
6726000 -0.0545448919326562
6727000 -0.0962961211231071
6728000 -0.10603970140886
6729000 -0.118261254707421
6730000 -0.112894284936123
6731000 -0.0308795776672305
6732000 -0.0646717822125169
6733000 -0.12228226758071
6734000 -0.0650601603578731
6735000 -0.125900676228357
6736000 -0.0877067164140226
6737000 -0.209925552765347
6738000 -0.134492136541822
6739000 -0.115314362268482
6740000 -0.0688150177981098
6741000 -0.0959802281711837
6742000 -0.105766424301988
6743000 -0.0953322587559392
6744000 -0.0478653812845715
6745000 -0.111871156831418
6746000 -0.0530092144813299
6747000 -0.156083191693542
6748000 -0.0848939226014802
6749000 -0.109301056580594
6750000 -0.0892485571185662
6751000 -0.0837900403112654
6752000 -0.11894259903965
6753000 -0.146685760119322
6754000 -0.0686953498251455
6755000 -0.0171329324293696
6756000 -0.101620647873667
6757000 -0.138433950484711
6758000 -0.0299161300368361
6759000 -0.0936990386812924
6760000 -0.0626080248695484
6761000 -0.110582371494335
6762000 -0.118368265234187
6763000 -0.0540859027834933
6764000 -0.0140041841544873
6765000 -0.129409748035442
6766000 -0.0603557291799549
6767000 -0.121027545188916
6768000 -0.138803521542741
6769000 -0.113082899348885
6770000 -0.134094077323979
6771000 -0.159242221213698
6772000 -0.0967210381000593
6773000 -0.211456528058568
6774000 -0.0897973554027048
6775000 -0.189862440700897
6776000 -0.113487954127625
6777000 -0.127533974789494
6778000 -0.100944009217011
6779000 -0.113273477875703
6780000 -0.0968693528967327
6781000 -0.110344229598247
6782000 -0.156803069848597
6783000 -0.0833293116839255
6784000 -0.0757045620885075
6785000 -0.120984765059945
6786000 -0.0345693581018883
6787000 -0.0973746120824259
6788000 -0.0624091005936713
6789000 -0.0761978659491668
6790000 -0.0478624966839993
6791000 -0.016837752187501
6792000 -0.124940516662421
6793000 -0.155604712385011
6794000 -0.168566458569027
6795000 -0.0861361759203668
6796000 -0.100014683578869
6797000 -0.111393148298367
6798000 -0.150286896681972
6799000 -0.2112493522808
6800000 -0.198480319415066
6801000 -0.113750012131475
6802000 -0.112990060687101
6803000 -0.0997447916593216
6804000 -0.153858987372475
6805000 -0.10795555884505
6806000 -0.0883781370851994
6807000 -0.17566176335307
6808000 -0.125688176744908
6809000 -0.00742140879131653
6810000 -0.135298099692213
6811000 -0.0692954112569606
6812000 -0.171664739974855
6813000 -0.0242007530502757
6814000 -0.00270913675645527
6815000 -0.101830670380133
6816000 -0.142048707801012
6817000 -0.177498357166481
6818000 -0.168951882041441
6819000 -0.0714519016622364
6820000 -0.182389122448737
6821000 -0.149154342154839
6822000 -0.12649978795408
6823000 -0.0922323246873049
6824000 -0.114150879373852
6825000 -0.139562902091103
6826000 -0.0621851427983112
6827000 -0.113286692283217
6828000 -0.140919612894359
6829000 -0.0883973868699241
6830000 0.00536061623796228
6831000 -0.107909852557733
6832000 -0.154981400078114
6833000 -0.119063927831167
6834000 -0.102863734332398
6835000 -0.0908816396484377
6836000 -0.100611584386669
6837000 -0.206653636569796
6838000 -0.0390104577495115
6839000 -0.0627752443565
6840000 -0.131509580354365
6841000 -0.0511503124417201
6842000 -0.0886556235555113
6843000 -0.11575619566183
6844000 -0.120926787106137
6845000 -0.119963094570391
6846000 -0.0837470723532521
6847000 -0.10265517843649
6848000 -0.0965792166267759
6849000 -0.0402808748268215
6850000 -0.176167052321032
6851000 -0.0744695779790299
6852000 -0.18941488364453
6853000 -0.14411735099372
6854000 -0.0353105608211795
6855000 -0.0826243883130323
6856000 -0.223161035882759
6857000 -0.0800313785471524
6858000 -0.156798357112968
6859000 -0.0781419508775354
6860000 -0.0284873891040657
6861000 -0.0858815701926467
6862000 -0.108247487553248
6863000 -0.186575981270144
6864000 -0.162324109558052
6865000 -0.142258878807031
6866000 -0.131499670905954
6867000 -0.0329050764033343
6868000 -0.0941677647714401
6869000 -0.0681305987632463
6870000 -0.153891754524117
6871000 -0.143770053102801
6872000 -0.167458919181995
6873000 -0.0266891361087133
6874000 -0.1766378563574
6875000 -0.149776401748411
6876000 -0.0979210996468888
6877000 -0.120501028679342
6878000 -0.10465262051969
6879000 -0.13057854467051
6880000 -0.171928610402653
6881000 -0.184831959357517
6882000 -0.186143265855587
6883000 -0.080513516192497
6884000 -0.113861641016262
6885000 -0.118515361591893
6886000 -0.0445423830605844
6887000 -0.0625979757257532
6888000 -0.0613772916685324
6889000 0.00585134465485719
6890000 -0.168947880251751
6891000 -0.0889202008593429
6892000 -0.123787377178873
6893000 -0.117901830369095
6894000 -0.150129389464007
6895000 -0.141404967290826
6896000 -0.12132057301974
6897000 -0.130823171240635
6898000 -0.151041135869525
6899000 -0.0747310370611257
6900000 -0.199748828011609
6901000 -0.179718552627443
6902000 -0.149664537304933
6903000 -0.214080625207935
6904000 -0.173175012310603
6905000 -0.0678215494301551
6906000 -0.257570397836465
6907000 -0.198378741753616
6908000 -0.117484673812654
6909000 -0.058974197783001
6910000 -0.139637467586356
6911000 -0.0967485401067329
6912000 -0.036606522460161
6913000 -0.027430931636289
6914000 -0.284813637335625
6915000 -0.148940120421662
6916000 -0.101461036745849
6917000 -0.0890670247286722
6918000 -0.188345562901033
6919000 -0.150163424353541
6920000 -0.111009537689269
6921000 -0.171212296919179
6922000 -0.143735715897458
6923000 -0.185170239919458
6924000 -0.0677891284183989
6925000 -0.104294056515148
6926000 -0.100388377136202
6927000 -0.170109197854514
6928000 -0.138469816144955
6929000 -0.129257885099519
6930000 -0.191023811062061
6931000 -0.15033097120346
6932000 -0.130410383853601
6933000 -0.17204040666206
6934000 -0.167589465959235
6935000 -0.189466612820797
6936000 -0.102353493792527
6937000 -0.246180437944614
6938000 -0.153903339418823
6939000 -0.0997795577910772
6940000 -0.198745763052333
6941000 -0.163082732609093
6942000 -0.162558470819357
6943000 -0.090419542513593
6944000 -0.144559261729673
6945000 -0.171796257868179
6946000 -0.198493079316493
6947000 -0.0394038860167693
6948000 -0.0891848478280857
6949000 -0.006406808042713
6950000 -0.146579583892518
6951000 -0.0855222064749721
6952000 -0.118305143237188
6953000 -0.099847582379757
6954000 -0.131785367878334
6955000 -0.139945642689981
6956000 -0.130373848129559
6957000 -0.176527443753948
6958000 -0.215958079098347
6959000 -0.0637344171247471
6960000 -0.0513910829790886
6961000 -0.116328761681575
6962000 -0.0823448936100127
6963000 -0.0732302657230159
6964000 -0.107436966476122
6965000 -0.148620136185818
6966000 -0.0491622988551025
6967000 -0.0580138901929711
6968000 -0.0946843586434876
6969000 -0.166171041376181
6970000 -0.0808505483182044
6971000 -0.138274610138155
6972000 -0.0356925017928541
6973000 -0.13329101877178
6974000 -0.0964352502584449
6975000 -0.0682719108219416
6976000 -0.113114354429224
6977000 -0.111845867409177
6978000 -0.121973284543844
6979000 -0.0672473901714618
6980000 -0.103806535455927
6981000 -0.00788732903955586
6982000 -0.0100394516047223
6983000 -0.143594126298344
6984000 -0.126051287856161
6985000 -0.0696326774403245
6986000 -0.124810735408715
6987000 -0.115359733065964
6988000 -0.100985804026357
6989000 -0.0806586973350262
6990000 -0.137583265758607
6991000 -0.0677047502184465
6992000 -0.104828164547653
6993000 -0.130763731870741
6994000 -0.069532300143885
6995000 -0.18136892128069
6996000 -0.0391688844346834
6997000 -0.154264568232897
6998000 -0.118633003327359
6999000 -0.152692651630907
7000000 -0.0243333787159436
7001000 -0.107676877439061
7002000 -0.0729753545261222
7003000 -0.0436859168717836
7004000 -0.209825794379715
7005000 -0.110441592757637
7006000 -0.154479526373545
7007000 -0.0633967869083384
7008000 -0.0992704071622588
7009000 -0.11836133075057
7010000 -0.146465853742237
7011000 -0.141989993263172
7012000 -0.109201108411586
7013000 -0.166123550209578
7014000 -0.087767927486981
7015000 -0.0904922300052536
7016000 0.000533223902426255
7017000 -0.215552198376194
7018000 -0.105744372328629
7019000 -0.071225775682249
7020000 -0.207598483686488
7021000 -0.216828785052787
7022000 -0.137102105701461
7023000 -0.122793863185461
7024000 -0.130952735018939
7025000 -0.156561209259826
7026000 -0.14123341845194
7027000 -0.121455477634239
7028000 -0.138476137285854
7029000 -0.0563679842183266
7030000 -0.0939508058094866
7031000 -0.126773528567138
7032000 -0.125282905309396
7033000 -0.119242338729259
7034000 -0.00504659667142545
7035000 -0.0548305375814825
7036000 -0.0416933420038121
7037000 -0.168216833280602
7038000 -0.188062081277588
7039000 -0.157291205279146
7040000 -0.195066393390812
7041000 -0.0917312851071157
7042000 -0.0577198864988612
7043000 -0.178941628595589
7044000 -0.191009468841175
7045000 -0.104253208856212
7046000 -0.168028747521655
7047000 -0.101033859072386
7048000 -0.185838058343772
7049000 -0.0952852433646444
7050000 -0.0983347094644261
7051000 -0.120694075287686
7052000 -0.164420199528272
7053000 -0.101682041132927
7054000 -0.167248289667417
7055000 -0.189623021123739
7056000 -0.145376622245758
7057000 -0.182936946897681
7058000 -0.174059402959132
7059000 -0.230266774993357
7060000 -0.0938066232672329
7061000 -0.0434105231985302
7062000 -0.106981931035397
7063000 -0.146496375373987
7064000 -0.12021335437817
7065000 -0.22552312400135
7066000 -0.0449882847779958
7067000 -0.0872045598341859
7068000 -0.278548931501443
7069000 -0.0498945563834933
7070000 -0.123619593785594
7071000 -0.0991186330415072
7072000 -0.0736702807613701
7073000 -0.0817199398047861
7074000 -0.213219937849145
7075000 -0.0241917102154164
7076000 -0.0925810235416242
7077000 -0.0498962000363406
7078000 -0.159480766300345
7079000 -0.158934729795844
7080000 -0.0706468213338464
7081000 -0.127529335942717
7082000 -0.0113636482950394
7083000 -0.224292046868598
7084000 -0.146712857971851
7085000 -0.0273538609936775
7086000 -0.136004193089111
7087000 -0.0831059428842709
7088000 -0.125213107512118
7089000 -0.0493197310604013
7090000 -0.165138981392028
7091000 -0.109505291209029
7092000 -0.0495474488682723
7093000 -0.0532490010757192
7094000 -0.15148491173591
7095000 -0.076283368908591
7096000 -0.0362794666123775
7097000 -0.147598208399664
7098000 -0.0958733897367745
7099000 -0.146539520783609
7100000 -0.0382528189294778
7101000 -0.140477324329406
7102000 -0.188299474216507
7103000 -0.109862053795934
7104000 -0.204909008596586
7105000 -0.120509223270225
7106000 -0.165068726828424
7107000 -0.104040213492254
7108000 -0.104148580315185
7109000 -0.0995007075447609
7110000 -0.170112525957225
7111000 -0.109894399574549
7112000 -0.0722306100970048
7113000 -0.198811421259829
7114000 -0.0842062927976617
7115000 -0.196047243482515
7116000 -0.128298732403052
7117000 -0.182307335341035
7118000 -0.16738227830752
7119000 -0.186537990480815
7120000 -0.136848267017567
7121000 -0.103014394724312
7122000 -0.0509838136077029
7123000 -0.162678884960048
7124000 -0.139725946975986
7125000 -0.191172141600258
7126000 -0.129305756194779
7127000 -0.0867503052924247
7128000 -0.146582670155314
7129000 -0.0966470884242656
7130000 -0.130211576359923
7131000 -0.126146999662743
7132000 -0.0757213600446415
7133000 -0.190808197771948
7134000 -0.0875443468380805
7135000 -0.0919544594483567
7136000 -0.215495171453375
7137000 -0.14629732729005
7138000 -0.0745017788452304
7139000 -0.0680889496766361
7140000 -0.0924212435156142
7141000 -0.0366227086902496
7142000 -0.125110106258146
7143000 -0.0883165407964944
7144000 -0.148289652435183
7145000 -0.0588924046056081
7146000 -0.230056061270239
7147000 -0.160438774382882
7148000 -0.10727516470962
7149000 -0.137343328471558
7150000 -0.139899107170147
7151000 -0.170644889239725
7152000 -0.231765000939817
7153000 -0.147957644018633
7154000 -0.103970504062821
7155000 -0.0780909554096313
7156000 -0.125119027417739
7157000 -0.16435961226938
7158000 -0.231533718409288
7159000 -0.111090880304739
7160000 -0.0511672358195328
7161000 -0.0884616247824724
7162000 -0.174436148210483
7163000 -0.13067348582912
7164000 -0.0933317396021126
7165000 -0.136511143597984
7166000 -0.189436888354569
7167000 -0.126039464962174
7168000 -0.00466406879454705
7169000 -0.0629074656951859
7170000 -0.134383978880499
7171000 -0.0696711168850612
7172000 -0.185343934801479
7173000 -0.0400547643250445
7174000 -0.021120154778604
7175000 -0.10008220807515
7176000 -0.135381035019676
7177000 -0.0741326300821184
7178000 -0.147410506266568
7179000 -0.172089995805252
7180000 -0.124622712456617
7181000 -0.114408356398375
7182000 -0.11822060008333
7183000 -0.0876494772667819
7184000 -0.102334769067789
7185000 -0.159048103652446
7186000 -0.187100210024594
7187000 -0.175714282794075
7188000 -0.216625687212946
7189000 -0.106602571623364
7190000 -0.117569712899298
7191000 -0.0333663543895773
7192000 -0.15406797692674
7193000 -0.158118633950581
7194000 -0.172451158801087
7195000 -0.142538695236774
7196000 -0.136448148017092
7197000 -0.155996905475625
7198000 -0.16319785779423
7199000 -0.0713776153769016
7200000 -0.0893932370623963
7201000 -0.154511584392321
7202000 -0.110918471158939
7203000 -0.0509340279739372
7204000 -0.0967476462220783
7205000 -0.210282794261329
7206000 -0.156985802325454
7207000 -0.167740739830541
7208000 -0.148942276370015
7209000 -0.202974220605808
7210000 -0.0140809980389958
7211000 -0.0327071655302081
7212000 -0.113741012457896
7213000 -0.122945174710725
7214000 -0.087845625270443
7215000 -0.130722805048287
7216000 -0.223445865566244
7217000 -0.175217397389902
7218000 -0.160910630255376
7219000 -0.0590321156683861
7220000 -0.16213986523525
7221000 -0.0133075607443269
7222000 -0.126472416907187
7223000 -0.0645974210150767
7224000 -0.121401189112661
7225000 -0.117861232808039
7226000 -0.12582317147362
7227000 -0.13129289024681
7228000 -0.100221260481077
7229000 -0.188514587946021
7230000 -0.220230716149336
7231000 -0.0970130322960347
7232000 -0.106458068586568
7233000 -0.135457519552362
7234000 -0.168467529750696
7235000 -0.173087467100873
7236000 -0.164875754542952
7237000 -0.21623030516102
7238000 -0.0754126361200223
7239000 -0.115173412092499
7240000 -0.143369301836463
7241000 -0.153841928155774
7242000 -0.127569436574886
7243000 -0.155767862158084
7244000 -0.201280209102316
7245000 -0.126596036726438
7246000 -0.131579219088749
7247000 -0.0523243083068991
7248000 -0.147436027100096
7249000 -0.209965967716638
7250000 -0.14887880036832
7251000 -0.0601421932306186
7252000 -0.172819886830877
7253000 -0.0433766625903549
7254000 -0.117974148808589
7255000 -0.15637187455461
7256000 -0.266584372715098
7257000 -0.0282492488051893
7258000 -0.145638862262939
7259000 -0.0383394082210909
7260000 -0.208364174293018
7261000 -0.0340410703951279
7262000 -0.101911611553807
7263000 -0.0981656504257326
7264000 -0.0939974068749242
7265000 -0.0986847208631346
7266000 -0.127722705675758
7267000 -0.18852005336731
7268000 -0.201896992452319
7269000 -0.168100141561363
7270000 -0.201445939312409
7271000 -0.171003829172838
7272000 -0.0400922866531008
7273000 -0.106005601772617
7274000 0.00328777095953207
7275000 -0.0581060494190803
7276000 -0.108640049075753
7277000 -0.118819957342637
7278000 -0.14656110988152
7279000 -0.0614321816424831
7280000 -0.111189892383481
7281000 -0.0763109498153184
7282000 -0.0634633004458324
7283000 -0.0937211571197515
7284000 0.0177971142136388
7285000 -0.145046577234579
7286000 -0.140127686118487
7287000 -0.154581703278076
7288000 -0.149060274001463
7289000 -0.030106677290737
7290000 -0.126714214910795
7291000 -0.152803089485589
7292000 -0.140945989219308
7293000 -0.0182660203325374
7294000 -0.00733946969298455
7295000 -0.116430385309316
7296000 -0.183202185171649
7297000 -0.0997788323967424
7298000 -0.137125238355903
7299000 -0.0773844854454287
7300000 -0.081529867471186
7301000 -0.0792880171526411
7302000 -0.0422817113910485
7303000 -0.0961611322822608
7304000 -0.0344139051613958
7305000 -0.192852790088821
7306000 -0.184289089496271
7307000 -0.0220039923715283
7308000 -0.052546477055344
7309000 -0.036847324623751
7310000 -0.152794654794233
7311000 -0.129050001742343
7312000 -0.0573118430015921
7313000 -0.104670528926491
7314000 -0.0592288274797148
7315000 0.00336784479358807
7316000 -0.042952730565417
7317000 -0.020471048424844
7318000 -0.0705310569584955
7319000 -0.0831673276297546
7320000 -0.0597721819246279
7321000 -0.0537804663845451
7322000 -0.0663948819268393
7323000 -0.0301045025038777
7324000 -0.0935490088412745
7325000 -0.0526959018689562
7326000 -0.100729154425793
7327000 -0.0895598780589357
7328000 -0.115351768248318
7329000 -0.0726176285946539
7330000 -0.121917725500667
7331000 -0.0801475269820396
7332000 -0.175461063504269
7333000 -0.126794632095076
7334000 -0.196330947837196
7335000 -0.0776901101789325
7336000 -0.0871561783418241
7337000 -0.0843276918066793
7338000 -0.087758210897999
7339000 -0.034604523030516
7340000 -0.109749852895403
7341000 -0.194935774713147
7342000 -0.0516844057849236
7343000 -0.115858067043016
7344000 -0.0764918209270425
7345000 -0.0625619710928266
7346000 -0.159897911943211
7347000 -0.098145563214679
7348000 -0.100814092646703
7349000 -0.0658616540415288
7350000 0.0161643756866393
7351000 -0.014512753089755
7352000 -0.0750682375087952
7353000 -0.162294164000713
7354000 -0.0919752376822766
7355000 -0.082057454769893
7356000 -0.101789140256477
7357000 -0.00616069739435847
7358000 -0.129935375932918
7359000 -0.0847135857286758
7360000 -0.0981480968894183
7361000 -0.119260785207529
7362000 -0.113396852399985
7363000 -0.175716651753049
7364000 -0.0337653941859575
7365000 -0.074273799067179
7366000 -0.0790858699503828
7367000 -0.168474982415897
7368000 -0.124821399214098
7369000 -0.126973726242976
7370000 -0.060477361484383
7371000 -0.226498615979046
7372000 -0.0842295102559109
7373000 -0.0677575650699594
7374000 -0.108518592529779
7375000 -0.157516545299951
7376000 -0.139360494855593
7377000 -0.124198501699824
7378000 -0.156585283794977
7379000 -0.0820271499151863
7380000 -0.0703301326336069
7381000 -0.0435699604100366
7382000 -0.0987494363188426
7383000 -0.0622130497449612
7384000 -0.120815879431297
7385000 -0.139229599380092
7386000 -0.04335075050736
7387000 -0.10853617719005
7388000 -0.0642347068189907
7389000 -0.121280652803518
7390000 -0.0699894915432765
7391000 -0.0768807060433709
7392000 -0.0899693583163213
7393000 -0.0337518047816111
7394000 -0.00864516832387359
7395000 -0.144369701550339
7396000 -0.0320063742582247
7397000 -0.0402355620685948
7398000 -0.0978641248490795
7399000 -0.193052868780671
7400000 -0.070398507470858
7401000 -0.0928594035279442
7402000 0.00164583127632167
7403000 -0.0567697428384906
7404000 -0.0985754830188441
7405000 -0.121009119765778
7406000 -0.158975258420163
7407000 0.0802602983936222
7408000 -0.0369369560112244
7409000 -0.0723952120046013
7410000 -0.0196339428854229
7411000 -0.167401324516671
7412000 -0.114933239787431
7413000 -0.0475281620288789
7414000 -0.0900580172146022
7415000 -0.0571824918147178
7416000 -0.0801646675849802
7417000 -0.0714800579273154
7418000 -0.0992649626476374
7419000 -0.104620845393659
7420000 -0.091421542153619
7421000 0.00575819183171043
7422000 2.48191546854359e-05
7423000 -0.135176922702163
7424000 -0.109623700849869
7425000 -0.192374268288218
7426000 -0.102410159714735
7427000 -0.247994506711703
7428000 -0.0628396922896164
7429000 -0.0116470677080943
7430000 -0.0278027460508745
7431000 -0.0143463437491281
7432000 -0.0915878742450539
7433000 -0.0653960427303084
7434000 -0.0519300314328758
7435000 -0.110150877526461
7436000 -0.0481252808954701
7437000 -0.0894737862043382
7438000 -0.0311438788073011
7439000 -0.0245389502703717
7440000 -0.0540483759966755
7441000 -0.0661462800006155
7442000 -0.0634326954593097
7443000 -0.0470385868511543
7444000 -0.0364475542866409
7445000 -0.015976022918836
7446000 -0.105149339589647
7447000 -0.123155013914465
7448000 -0.119765873351203
7449000 -0.0604702925311872
7450000 0.0485554781410345
7451000 -0.0140439623398429
7452000 -0.0623758699291557
7453000 -0.0857277003382994
7454000 -0.0742638864964996
7455000 -0.0946754738625942
7456000 -0.0376489571250105
7457000 -0.0103342777766445
7458000 -0.0863373087618457
7459000 -0.0411605760037683
7460000 -0.0282380080701259
7461000 -0.0479180155324564
7462000 0.0107817117284494
7463000 -0.181341142975333
7464000 -0.0246316683035287
7465000 -0.0118322054261867
7466000 -0.071555835113486
7467000 -0.0943464094968352
7468000 -0.157274573890487
7469000 -0.11633472955126
7470000 -0.0466091996832424
7471000 -0.0537942027104852
7472000 -0.0566120878201735
7473000 -0.0825113488732566
7474000 -0.0908747182238777
7475000 0.00353465453574184
7476000 -0.126748116088981
7477000 -0.0376555073169752
7478000 -0.140175999461481
7479000 -0.114470224203602
7480000 -0.0395669095758433
7481000 -0.0717919966544577
7482000 -0.137167314701881
7483000 0.0287272290391595
7484000 -0.0619700943336647
7485000 -0.13000648473226
7486000 -0.0468335666747406
7487000 -0.111736115030803
7488000 -0.113826841538295
7489000 -0.0402937193391349
7490000 -0.0785960820600674
7491000 -0.102739756168669
7492000 -0.097351069534288
7493000 0.0398596848590984
7494000 -0.0136734767668256
7495000 0.0138008920713285
7496000 -0.0321433400242503
7497000 -0.091925153939997
7498000 -0.148294720428714
7499000 -0.109205571811824
7500000 -0.0953548495725119
7501000 -0.0215366727155063
7502000 -0.0891829671870898
7503000 -0.069492507649522
7504000 -0.030678854523754
7505000 -0.0526382695677554
7506000 -0.160724837234794
7507000 -0.0770215879437565
7508000 0.0014572491364248
7509000 -0.0285133444711449
7510000 -0.109679649777607
7511000 -0.126192357433761
7512000 -0.0158781339176291
7513000 -0.0377110666854773
7514000 -0.167740403868562
7515000 -0.127954969737684
7516000 -0.131134191202934
7517000 -0.0911260394587211
7518000 -0.0680192986898663
7519000 -0.267563616065513
7520000 -0.123124451518769
7521000 -0.0545639779846923
7522000 0.000455697259898877
7523000 -0.123563458854106
7524000 -0.0730475250863841
7525000 -0.168063966979777
7526000 -0.187192519559014
7527000 -0.123269014325948
7528000 0.0397252255169463
7529000 0.0421922928711119
7530000 -0.120987148087738
7531000 -0.131044032705258
7532000 -0.16035077247559
7533000 -0.0239071917056546
7534000 -0.061478344459087
7535000 -0.186072643765296
7536000 -0.0748142866934888
7537000 -0.151904034209763
7538000 -0.0814159144313361
7539000 -0.0328436241359845
7540000 -0.0748754180006842
7541000 -0.105518937701973
7542000 -0.0683632060764603
7543000 -0.0576885023275369
7544000 -0.146519370188532
7545000 -0.0676571382395602
7546000 -0.0505194858768297
7547000 -0.0371515949082922
7548000 -0.100787566221786
7549000 -0.0511589685553071
7550000 0.0272801090570471
7551000 -0.105009434306408
7552000 -0.0870323699480511
7553000 -0.19490457947168
7554000 -0.0582027734884368
7555000 -0.0753458665005305
7556000 -0.0381477331070673
7557000 -0.125525891763938
7558000 -0.135167708135079
7559000 -0.0643462815681414
7560000 -0.139939551754776
7561000 -0.115620998334345
7562000 -0.150961202273593
7563000 0.00185399778513635
7564000 -0.0391701543100194
7565000 -0.0987148823746464
7566000 -0.0305948773696701
7567000 -0.0449897750079168
7568000 -0.00513417995287968
7569000 -0.0623225169351237
7570000 -0.101014501691314
7571000 -0.0475261039111765
7572000 -0.0772034413044814
7573000 -0.0568530215606188
7574000 -0.109670677795228
7575000 -0.00171215294163508
7576000 -0.0274758222492088
7577000 -0.139993523245543
7578000 -0.0128660696665966
7579000 -0.136381841706702
7580000 -0.0480106272916198
7581000 -0.128310604951091
7582000 -0.123465065728522
7583000 -0.0610601438300842
7584000 -0.0595642676451485
7585000 0.0155446715951843
7586000 -0.0543947608419646
7587000 -0.0246575162795562
7588000 -0.120013021310375
7589000 -0.123661743034491
7590000 -0.104602398860003
7591000 -0.11890864986185
7592000 -0.0498876429173445
7593000 -0.0426782250206865
7594000 -0.112723757938495
7595000 -0.112575264235411
7596000 0.076734144746959
7597000 -0.156132266580203
7598000 -0.0783486243093692
7599000 -0.0646828622167074
7600000 -0.0416676284477042
7601000 -0.0341376971465852
7602000 0.00936291322842884
7603000 -0.0410581536678854
7604000 -0.0605299753750325
7605000 0.000342736769864639
7606000 -0.0381692786057624
7607000 -0.0541908887904468
7608000 -0.10855426440029
7609000 -0.0337611205374784
7610000 -0.147693688320663
7611000 -0.0620038459449518
7612000 -0.105068096332262
7613000 -0.0481807660394026
7614000 -0.112271067738139
7615000 -0.087033810721439
7616000 -0.0620274268279187
7617000 -0.0526265315917933
7618000 -0.0734635838094781
7619000 -0.135668272975872
7620000 -0.107669898789402
7621000 -0.160102604765426
7622000 0.00127236845401398
7623000 -0.0490658056162342
7624000 -0.0828441943408266
7625000 -0.150843470448006
7626000 -0.104335722936801
7627000 -0.088713612152677
7628000 -0.109205493425225
7629000 0.0520517770091193
7630000 -0.0941407732944044
7631000 -0.0432807456903968
7632000 -0.0460908960215816
7633000 -0.104934616785672
7634000 -0.090515063093669
7635000 -0.145465696094538
7636000 -0.0449478563403843
7637000 -0.122254765968795
7638000 -0.0986401250248879
7639000 0.00121682568713103
7640000 -0.0399930260176954
7641000 -0.148540885039978
7642000 -0.0814666512285173
7643000 -0.0831593551887469
7644000 -0.0424207745919293
7645000 -0.162062292253837
7646000 -0.112579407149157
7647000 -0.0519024513861568
7648000 -0.089670078828496
7649000 -0.0226882784887314
7650000 -0.0727679488168363
7651000 -0.0944008580454144
7652000 -0.0546544952404886
7653000 -0.118180437448978
7654000 -0.147264071150807
7655000 -0.0974513917066734
7656000 -0.0638766782551988
7657000 -0.146492851001926
7658000 -0.0413992793406915
7659000 -0.015662695057151
7660000 0.0420942558153349
7661000 -0.00168919035487199
7662000 -0.072901607703482
7663000 -0.0498367429957314
7664000 -0.093338139063661
7665000 -0.0880354373771908
7666000 -0.00436480922890312
7667000 -0.0545958256566998
7668000 -0.0225249271006306
7669000 -0.123720569490347
7670000 -0.0603073284355911
7671000 -0.0756793885234236
7672000 -0.177705844475451
7673000 -0.0990941827864645
7674000 -0.0906726110640234
7675000 -0.159260515572218
7676000 -0.0129265499407163
7677000 -0.142738364563878
7678000 -0.0918202712331765
7679000 -0.126022325614903
7680000 -0.0880725494948787
7681000 -0.0505233375629166
7682000 -0.0149556453483399
7683000 -0.0387928053467276
7684000 -0.100974204373896
7685000 -0.0612970755153612
7686000 -0.0580049522895728
7687000 -0.119597924947591
7688000 -0.0799642109700963
7689000 -0.0936820060149486
7690000 -0.0578944213148756
7691000 -0.0602258800954614
7692000 -0.1082812381647
7693000 -0.101742954760662
7694000 -0.0695778299473191
7695000 -0.0619550009010925
7696000 -0.0261655797264986
7697000 -0.0491469204654041
7698000 -0.0629166219774098
7699000 -0.0153560267056742
7700000 -0.0720128322146249
7701000 -0.0618887849150727
7702000 -0.0441346257505701
7703000 -0.017776813238815
7704000 -0.0632357190761026
7705000 0.0245372892944187
7706000 -0.061125689999289
7707000 -0.0350589959835907
7708000 -0.0491279953178482
7709000 -0.16496602744289
7710000 -0.123417416788627
7711000 -0.0181927774991736
7712000 -0.105074222563524
7713000 0.0334096974443991
7714000 0.000790347172061299
7715000 -0.0264864698786241
7716000 -0.0810154458203329
7717000 -0.0352143165233801
7718000 -0.146420165531477
7719000 -0.0131131734153935
7720000 -0.0241325995665761
7721000 -0.0585470723340388
7722000 -0.0419541370071602
7723000 -0.046094036388268
7724000 0.0384056077700491
7725000 -0.0746170806944364
7726000 -0.0237469645415366
7727000 -0.060241940664995
7728000 -0.0809393868576744
7729000 -0.0194048341061596
7730000 -0.0634455651255495
7731000 0.0169194020170485
7732000 0.0139735591887715
7733000 -0.0385232840024824
7734000 -0.0974944818252599
7735000 0.0160816859115521
7736000 -0.0179684251389911
7737000 -0.0619925493599201
7738000 -0.00284332800423828
7739000 -0.056518630168804
7740000 0.0200602710995004
7741000 -0.0396980376710657
7742000 -0.00953211670252133
7743000 -0.0133593801578379
7744000 -0.0106655261201877
7745000 -0.0061635771630558
7746000 -0.150292747583908
7747000 -0.0443327844739106
7748000 -0.0672342226172245
7749000 -0.0561652746411249
7750000 -0.0108992036122252
7751000 -0.136458321684982
7752000 -0.0477922386665236
7753000 0.00717430369195314
7754000 -0.0254428075738807
7755000 -0.193341423572712
7756000 0.0104002926771529
7757000 -0.0875088085401677
7758000 -0.143039323023813
7759000 0.0169645907254433
7760000 -0.0101397704686866
7761000 -0.00243750250927522
7762000 -0.0662808221460565
7763000 -0.0390424424957147
7764000 -0.119413828276818
7765000 0.00405629807902018
7766000 -0.117958595159413
7767000 -0.0313657065684018
7768000 -0.0919280362543935
7769000 0.0359215300560527
7770000 -0.0692635481775471
7771000 -0.0570291346410162
7772000 -0.058280582831643
7773000 0.00248789249156163
7774000 -0.117404484309809
7775000 -0.0474597812346916
7776000 -0.0872080220880784
7777000 -0.0308257617258861
7778000 -0.107311406831248
7779000 -0.0782969998704248
7780000 -0.0220060413149615
7781000 -0.0557188827936974
7782000 -0.045825035843907
7783000 -0.0311962645002975
7784000 -0.1819350318976
7785000 -0.0395479991252316
7786000 0.0763419473131349
7787000 0.0290636548023192
7788000 -0.0494977968165681
7789000 -0.00261704926418
7790000 -0.0775598572953968
7791000 0.0163362647927176
7792000 -0.00951196737669982
7793000 -0.0302562696149977
7794000 -0.0923172307430733
7795000 -0.102383314235179
7796000 -0.10248660346822
7797000 -0.102554574970799
7798000 -0.0922936343495087
7799000 -0.122166226512722
7800000 -0.0622070654697864
7801000 -0.0581697195506409
7802000 -0.141839527136677
7803000 -0.0283381296513194
7804000 0.0336358859759932
7805000 0.00453555569023122
7806000 -0.075461822972067
7807000 0.053949595483082
7808000 -0.102008460680531
7809000 -0.0344867523433977
7810000 -0.0248714492911938
7811000 -0.00634380306510781
7812000 -0.0534706698737213
7813000 -0.100389146306948
7814000 -0.063526354404699
7815000 -0.143862026311243
7816000 -0.0166069781590222
7817000 -0.0214838267530701
7818000 -0.0311112880925338
7819000 -0.0447650259724799
7820000 -0.0405397295876339
7821000 -0.119747812847751
7822000 -0.0158636055134004
7823000 -0.0152282768365609
7824000 -0.0676662322068218
7825000 -0.0958036517834697
7826000 -0.0933329000874406
7827000 0.0124095719030208
7828000 -0.0405694371799907
7829000 -0.0424004573523278
7830000 -0.140716392568452
7831000 -0.122951484155672
7832000 0.000509817064937871
7833000 -0.0697419553959712
7834000 -0.0527551229210577
7835000 -0.0667243457795949
7836000 -0.0219379993653113
7837000 -0.0767940897190441
7838000 -0.0367118817544865
7839000 -0.148201190378606
7840000 0.0235079624901064
7841000 -0.0392879921979178
7842000 -0.0932088675909254
7843000 -0.102577646037963
7844000 0.0321228465091882
7845000 0.00489846724521575
7846000 -0.0666372082760387
7847000 0.0414704386664679
7848000 -0.0533364826517503
7849000 -0.0132063174813681
7850000 -0.0916794900170944
7851000 0.0706774020234034
7852000 0.00401104525905683
7853000 -0.0209522475395616
7854000 -0.099980943551258
7855000 -0.0629914212942665
7856000 -0.0978951308502038
7857000 0.0183723965364213
7858000 -0.0440146654391312
7859000 -0.0191124338175155
7860000 -0.115583640636549
7861000 -0.103777484975466
7862000 -0.053096442041441
7863000 -0.0369604802526014
7864000 -0.105563106837263
7865000 -0.0274740286734277
7866000 -0.00012653088977155
7867000 -0.0916599886369657
7868000 -0.0656067455037932
7869000 -0.0777163013033611
7870000 0.00441902727207065
7871000 -0.0722295377738203
7872000 -0.105599345605571
7873000 -0.057746912134433
7874000 -0.0679549732382838
7875000 -0.121315652239611
7876000 -0.00721588779817947
7877000 -0.00254211207468082
7878000 -0.00141114792302365
7879000 -0.0277773202701663
7880000 -0.0720098742851391
7881000 0.0319251781107558
7882000 0.00670613963488304
7883000 -0.0735208080627955
7884000 -0.110398845224828
7885000 -0.0462918400150305
7886000 -0.0519691834397169
7887000 -0.0613017853460921
7888000 -0.0866928617859897
7889000 -0.0663710065609858
7890000 -0.0585478090326578
7891000 -0.0244711773204622
7892000 0.0504328428611905
7893000 -0.0454902834513977
7894000 -0.0891010815414157
7895000 0.0382726121402618
7896000 0.0626847606287018
7897000 0.0125013807328569
7898000 0.0300262554304561
7899000 -0.0212447379958383
7900000 -0.0278524931003272
7901000 -0.152552852929398
7902000 -0.0787231456217919
7903000 -0.0511193696628253
7904000 -0.0746086374401977
7905000 -0.115641225780164
7906000 -0.0820973481425513
7907000 0.0159154417665395
7908000 -0.0893612788117975
7909000 -0.115139754710531
7910000 -0.0919714497810529
7911000 -0.0064278377569357
7912000 -0.0316973488108373
7913000 -0.0503971412927584
7914000 -0.0371694813430554
7915000 -0.0413616684631571
7916000 -0.0165686159524904
7917000 -0.0712176408429602
7918000 -0.0217185829479611
7919000 -0.0761018638313338
7920000 -0.134417753234216
7921000 -0.129138262934084
7922000 -0.119302974366295
7923000 -0.00584918488039626
7924000 -0.0133871745950826
7925000 -0.0753020082209109
7926000 -0.0688520242804718
7927000 -0.0065910384237303
7928000 -0.0571818625449246
7929000 -0.0250184004600501
7930000 -0.000778520377073793
7931000 -0.0913999732582589
7932000 -0.0377253695697949
7933000 -0.108829060780092
7934000 -0.0289150627172286
7935000 0.00867580690564945
7936000 -0.0800110758265231
7937000 -0.125322227768588
7938000 -0.143645062489702
7939000 -0.0757543724793365
7940000 0.0122720334842037
7941000 -0.128780193937275
7942000 -0.0809667006897189
7943000 -0.0682520663982552
7944000 -0.146299451337967
7945000 -0.0756185073780689
7946000 -0.0876318646950334
7947000 -0.0912542028397052
7948000 -0.0716363710937903
7949000 0.0334274734727107
7950000 -0.107676869922474
7951000 -0.0273900911263708
7952000 -0.0164418631651785
7953000 -0.118040624482933
7954000 -0.0968183078903487
7955000 -0.0695971821387394
7956000 -0.106694722983365
7957000 -0.116195069496052
7958000 -0.141753634161561
7959000 -0.118624167216285
7960000 -0.0393199983613151
7961000 -0.0470956748199874
7962000 -0.128741362065544
7963000 -0.161644864768402
7964000 -0.101452971519588
7965000 -0.0848510615641599
7966000 -0.163571536596615
7967000 -0.151598261483351
7968000 0.0221794145111623
7969000 -0.0697891114285181
7970000 -0.0874873868235933
7971000 -0.0126590269306103
7972000 -0.101606337261466
7973000 -0.0635798922109518
7974000 -0.0687746839799031
7975000 -0.0246193234966913
7976000 -0.0325470570337606
7977000 -0.0116280494134768
7978000 -0.0781324947906489
7979000 0.0317452210742405
7980000 -0.121172184337161
7981000 -0.0806723909606764
7982000 0.0156638340911558
7983000 0.0103198305229931
7984000 -0.0760099331660474
7985000 -0.092975940990825
7986000 0.000687152479090355
7987000 -0.0267546297305268
7988000 -0.0728251024429216
7989000 -0.00500038238373863
7990000 -0.109126575971914
7991000 -0.0769052293024779
7992000 -0.0811634529857486
7993000 -0.0633125144903153
7994000 0.0167161678992271
7995000 -0.096865847321934
7996000 -0.117526127824482
7997000 -0.0535598824838495
7998000 -0.0838388995561389
7999000 -0.0391550722832111
8000000 -0.0801367503639733
8001000 -0.00470684165523671
8002000 -0.117928871168471
8003000 -0.0671633481683453
8004000 -0.052642719838265
8005000 -0.0969655105141392
8006000 -0.15257170730377
8007000 -0.0230507198908749
8008000 -0.0160626315098027
8009000 -0.0299537113511081
8010000 -0.020061070561398
8011000 -0.158201631711965
8012000 -0.03547508412485
8013000 -0.102973217561027
8014000 -0.0458307832759271
8015000 0.0101680749875637
8016000 0.0371902201985668
8017000 -0.0356178803151393
8018000 -0.150519029990432
8019000 -0.121192187168073
8020000 -0.107768222288559
8021000 -0.0587467910758468
8022000 -0.00739695675863928
8023000 -0.0949510996545231
8024000 -0.0181748756398339
8025000 0.0369793256715115
8026000 -0.112491005456104
8027000 -0.0273135167902463
8028000 -0.0338259824501076
8029000 -0.0466966744253995
8030000 -0.0111854623567795
8031000 -0.056769433669919
8032000 -0.0151226288103531
8033000 -0.0509282885685912
8034000 -0.106162937589878
8035000 -0.0312517705627541
8036000 0.0459653341841609
8037000 -0.13188361269469
8038000 -0.0802689001352676
8039000 -0.0884301849333334
8040000 -0.110368550201294
8041000 0.0160445365989725
8042000 -0.115534234622936
8043000 -0.0160830836062735
8044000 0.0201749279666005
8045000 -0.0950359736811858
8046000 -0.0512708012586511
8047000 -0.0897792777596448
8048000 0.0179048653730357
8049000 -0.089283225309404
8050000 -0.0530366964074267
8051000 -0.0609678058013116
8052000 -0.0382636873326076
8053000 0.0100850019352464
8054000 -0.161210620799
8055000 -0.0369805282616863
8056000 -0.0342392044276966
8057000 -0.0216617709763331
8058000 0.0322917574084919
8059000 0.0277229772403031
8060000 -0.0895237903226276
8061000 -0.0482140704037097
8062000 -0.0991691030688999
8063000 -0.154691555187644
8064000 -0.00752674716262008
8065000 -0.175113488520989
8066000 -0.154856293228145
8067000 -0.0520922470470144
8068000 -0.141047691032139
8069000 -0.0805203417378291
8070000 -0.115105265117278
8071000 -0.0596773653872079
8072000 -0.0771800036611813
8073000 -0.0808301820106356
8074000 0.00897911719649154
8075000 -0.0453548035738628
8076000 -0.0967409757113903
8077000 -0.0617722821956195
8078000 0.0216922329004919
8079000 0.067883113888645
8080000 -0.0263838435094954
8081000 -0.0492327826269065
8082000 -0.112082461970008
8083000 0.0160157601202344
8084000 -0.0146383260859947
8085000 -0.0147931851124499
8086000 -0.0740850666107036
8087000 -0.0368266208139911
8088000 -0.050782010904704
8089000 -0.171646569453751
8090000 -0.00612124939946399
8091000 -0.0452600116673016
8092000 0.0205694694975198
8093000 -0.0296268409373
8094000 -0.0386904037556202
8095000 -0.0272009266193125
8096000 -0.0662287256104568
8097000 -0.0071370379451831
8098000 -0.0362932754960325
8099000 -0.0620996423210107
8100000 -0.115903754760144
8101000 -0.0533974571847563
8102000 -0.147695376986548
8103000 -0.059858299303696
8104000 -0.00848319576940994
8105000 -0.0812310546890675
8106000 0.00133530415432052
8107000 -0.0752917099981925
8108000 -0.0278574243715421
8109000 -0.0379396549946426
8110000 -0.106303888668403
8111000 -0.0437252697812848
8112000 0.0110942982378173
8113000 -0.0680551315915226
8114000 -0.0243452356486606
8115000 -0.0547285794590282
8116000 -0.0629696226108829
8117000 0.0154508836317461
8118000 -0.0546001924581046
8119000 -0.16468031482734
8120000 -0.0936887604557977
8121000 -0.00632840150374609
8122000 -0.0575155495599942
8123000 -0.103075541488668
8124000 -0.113647625459691
8125000 -0.0179029315672691
8126000 -0.0259418657526559
8127000 -0.00822181071980152
8128000 -0.123067115246434
8129000 -0.0107934497980449
8130000 -0.0682885275422559
8131000 -0.0658678749534565
8132000 -0.0502518979419404
8133000 -0.0396697757010738
8134000 -0.054906830081807
8135000 -0.120829489669586
8136000 -0.0912364030194451
8137000 -0.101691801374643
8138000 -0.0857548079200136
8139000 -0.0423916744376769
8140000 -0.10456603500916
8141000 -0.0317517143498634
8142000 -0.0661788698434703
8143000 -0.0124833722871274
8144000 -0.0475760708492848
8145000 -0.0661970452606094
8146000 0.046247265602825
8147000 -0.0811053162187804
8148000 -0.0120419972856508
8149000 -0.000946176322363419
8150000 -0.0487503275055887
8151000 -0.0988153036213218
8152000 0.00158643793595092
8153000 -0.0410091814935131
8154000 -0.144910421271293
8155000 -0.0234568744168215
8156000 -0.0241777608352911
8157000 -0.114830007023312
8158000 -0.0717408322736783
8159000 -0.0120888528443558
8160000 -0.0286101162028844
8161000 -0.0587761080348572
8162000 -0.0101659110489593
8163000 -0.0315897879569279
8164000 -0.132097881795207
8165000 -0.105100249597682
8166000 -0.0902485719706147
8167000 -0.067721996643362
8168000 0.00474128318274508
8169000 -0.033396676199522
8170000 -0.0250769369063376
8171000 -0.037900742563584
8172000 -0.0677844301699616
8173000 0.0189080988711854
8174000 -0.037874750332477
8175000 -0.120914568975688
8176000 -0.063802472512869
8177000 -0.0659497576630545
8178000 -0.0116951321658955
8179000 -0.108807989213515
8180000 -0.120116839113059
8181000 -0.0838093365941111
8182000 -0.0482940684427853
8183000 -0.135458357093066
8184000 -0.128786927176969
8185000 -0.0677420882202738
8186000 -0.042529980939124
8187000 -0.0241465079481779
8188000 -0.0562601135338949
8189000 -0.178414383117383
8190000 -0.0649741851833512
8191000 -0.0457465410076303
8192000 0.00487469661002764
8193000 -0.0312328261730929
8194000 -0.0124040804581018
8195000 0.00263045102523221
8196000 -0.0711241324602312
8197000 -0.0873235760313673
8198000 -0.0105928143424946
8199000 -0.0219721604967021
8200000 -0.113788573850461
8201000 -0.0431204746908614
8202000 -0.0659036225681997
8203000 0.0171882178645994
8204000 -0.0402022345584642
8205000 -0.112296190930963
8206000 -0.0277470339982996
8207000 0.00317430987279265
8208000 -0.132321969887163
8209000 -0.0155110180342645
8210000 -0.0389305481086503
8211000 -0.025488579216232
8212000 0.0364790551572262
8213000 -0.100846845192082
8214000 -0.0132623285546759
8215000 -0.137832548972003
8216000 -0.0678532601432726
8217000 -0.0768393236836413
8218000 -0.0600619608176916
8219000 -0.123935184424207
8220000 -0.174237234103157
8221000 -0.0515667634633327
8222000 -0.0897639664064817
8223000 -0.0422010050768541
8224000 -0.0995117311281447
8225000 0.0108994770895048
8226000 -0.0107008449322622
8227000 -0.051090783666707
8228000 -0.0100774675478953
8229000 -0.109144550872039
8230000 0.00980905642701469
8231000 -0.0692300326606566
8232000 -0.0289644681526985
8233000 -0.048849409090475
8234000 -0.126273157155888
8235000 -0.0282165665970482
8236000 -0.0608821927419539
8237000 -0.132600378718493
8238000 -0.107626153493481
8239000 -0.0724548038140451
8240000 0.0171330411721974
8241000 -0.0860702737559769
8242000 0.00159671042179705
8243000 -0.0260416095295444
8244000 -0.0675446838754137
8245000 -0.0883850055943289
8246000 -0.0510536292559345
8247000 -0.12584966812292
8248000 -0.0541841924072451
8249000 -0.0761663279015649
8250000 -0.0449802066702343
8251000 -0.0648088635019772
8252000 -0.0791964555967462
8253000 0.00122627611232709
8254000 -0.0624935549504027
8255000 -0.127588735021071
8256000 -0.0329471984654001
8257000 -0.0152526066378851
8258000 -0.0828163551732738
8259000 -0.00278191349300452
8260000 -0.105044532377523
8261000 -0.202165093191857
8262000 -0.0256371662068843
8263000 -0.0121199439800288
8264000 0.0614317357300526
8265000 0.0211010928811054
8266000 -0.00631818787983497
8267000 -0.0767565077192092
8268000 -0.0813768403894293
8269000 -0.0718793485617055
8270000 0.084670785641539
8271000 -0.0214402945063811
8272000 -0.041990431775239
8273000 -0.0947536987814928
8274000 -0.0494734554684893
8275000 0.108452997530847
8276000 -0.144416857956032
8277000 -0.0933374820547783
8278000 -0.0268229157282746
8279000 -0.00829556696603096
8280000 -0.0619717528875951
8281000 -0.0385260390638268
8282000 -0.113212560045205
8283000 -0.076412317964629
8284000 -0.15851333109001
8285000 -0.0654964336337452
8286000 -0.0653476108920931
8287000 -0.0815395896006249
8288000 -0.0507265659320979
8289000 -0.0465657144002571
8290000 -0.0538870677963854
8291000 -0.0853488679205078
8292000 -0.0396743288663612
8293000 -0.0943499302675022
8294000 -0.0537975885559456
8295000 -0.109400501384881
8296000 0.0102206838972159
8297000 -0.00755371422874919
8298000 -0.0269144136526785
8299000 -0.0308509983097717
8300000 -0.0932145996026784
8301000 -0.0958884002478867
8302000 0.0446945754592705
8303000 -0.0864008350739863
8304000 -0.169740357651619
8305000 -0.144678796431401
8306000 -0.003127476315371
8307000 -0.00015419791235867
8308000 -0.0495849745578785
8309000 -0.0980047511240899
8310000 -0.131642369584273
8311000 0.00266480619245419
8312000 -0.0170831687963089
8313000 -0.0366076042365955
8314000 0.0192500706643801
8315000 0.0265199656287681
8316000 -0.0985011284368302
8317000 -0.0864775518635888
8318000 -0.0888309686882483
8319000 -0.00466724851941061
8320000 -0.0632906297810938
8321000 -0.0363434722467769
8322000 0.0330955233082024
8323000 -0.0904793771614161
8324000 -0.127272572967021
8325000 -0.0717280142653529
8326000 -0.0652235301110792
8327000 -0.0192323923409024
8328000 -0.0250980178051164
8329000 -0.0282457337351633
8330000 -0.112527588580214
8331000 -0.127113718901291
8332000 -0.103976260659183
8333000 -0.0706942977309609
8334000 -0.0180627841987217
8335000 -0.0373166122278535
8336000 -0.13491768003957
8337000 0.011680928891265
8338000 -0.0515371320595467
8339000 -0.0798197888657016
8340000 0.0550022542014969
8341000 -0.13284111488213
8342000 -0.0726685192164375
8343000 -0.091125478654469
8344000 -0.00726213279938796
8345000 0.0289721410423359
8346000 -0.0946489939284581
8347000 -0.0271534749745254
8348000 -0.0503869197517133
8349000 -0.0400484552080959
8350000 0.020551599437306
8351000 -0.0255687659225468
8352000 0.0412652609877172
8353000 -0.0708012873719475
8354000 -0.0584471429872193
8355000 -0.12534291803895
8356000 -0.0957531045452307
8357000 -0.0288617076676186
8358000 -0.171795308319804
8359000 -0.00481913583007243
8360000 -0.0524829613064627
8361000 -0.0874919365112649
8362000 -0.117771281180467
8363000 -0.0272705496406948
8364000 -0.0861715309023762
8365000 -0.0433086402777928
8366000 -0.137092777954116
8367000 -0.0580272977116907
8368000 -0.0692300903440179
8369000 0.0149632747180905
8370000 -0.0477457401967773
8371000 -0.0223144933295862
8372000 -0.0720898761650577
8373000 -0.0699104647966731
8374000 -0.0703907621260344
8375000 -0.0766459345781499
8376000 -0.0446515352361244
8377000 -0.0713969903159442
8378000 -0.0172937929424092
8379000 -0.0561172311635878
8380000 -0.0446374738148785
8381000 -0.102272938125377
8382000 -0.120331122928403
8383000 0.00282899177034016
8384000 0.0180956470231416
8385000 0.00539791991970702
8386000 -0.0163239232006429
8387000 -0.0938413993665168
8388000 -0.122448301554709
8389000 -0.0779338868159089
8390000 -0.0813890849295033
8391000 -0.115040149688575
8392000 -0.0682657829253551
8393000 -0.0767223941952522
8394000 -0.140768351153622
8395000 -0.00146117560997165
8396000 -0.0488685423205515
8397000 -0.0136060228142998
8398000 -0.112987431304993
8399000 -0.0615419975584835
8400000 -0.0638805389488775
8401000 -0.158502891543855
8402000 -0.0885196657003794
8403000 -0.120081924277323
8404000 -0.122378006703464
8405000 -0.106515979706212
8406000 0.0124774485433809
8407000 -0.0127261132361346
8408000 -0.0656551794577588
8409000 -0.0829807711018828
8410000 -0.0650971023088779
8411000 -0.102641849658825
8412000 -0.0332545881067816
8413000 -0.119375862513031
8414000 -0.0611055530172618
8415000 -0.0532932581786316
8416000 -0.0415391296794133
8417000 -0.0524573096724409
8418000 -0.0263713670721458
8419000 -0.0622846186850635
8420000 -0.100101766415154
8421000 -0.0236547424726225
8422000 -0.00106859840034463
8423000 -0.0589841150011946
8424000 -0.0657789938529694
8425000 -0.151556568597194
8426000 -0.0660314253099219
8427000 -0.054917977903046
8428000 -0.0223512904365415
8429000 -0.09758171785725
8430000 -0.0719467475177939
8431000 -0.0543608970714593
8432000 -0.0114672811468798
8433000 -0.0847151664920951
8434000 0.0181862638964807
8435000 0.00800972811041299
8436000 0.0122078107775243
8437000 -0.0177535210237956
8438000 -0.0192192940027232
8439000 -0.0277949892117286
8440000 -0.0352825252936199
8441000 0.053671568045018
8442000 -0.0249827464801373
8443000 0.0327896367938321
8444000 -0.0143182853019196
8445000 -0.206023401899495
8446000 -0.00511780117310488
8447000 -0.155783161947411
8448000 -0.061270434298409
8449000 -0.0596153196171598
8450000 -0.043022212229862
8451000 -0.109877414426486
8452000 -0.00281956038835485
8453000 -0.0648248432109971
8454000 -0.0666741154746516
8455000 -0.0229797422824049
8456000 -0.118119728103143
8457000 -0.0579100478855531
8458000 -0.0754164835277917
8459000 -0.0219189022782561
8460000 -0.137784757424738
8461000 -0.0778403607394698
8462000 -0.0867131822413865
8463000 -0.0718001827797905
8464000 -0.0581427468642009
8465000 -0.0532277556230407
8466000 0.0674048637310802
8467000 -0.0257823593777548
8468000 0.00774643645964388
8469000 -0.0714163144958772
8470000 -0.0144248532681913
8471000 -0.101003779896172
8472000 -0.0443903178487273
8473000 -0.0940748957895963
8474000 -0.115887706204644
8475000 -0.132061691712004
8476000 -0.0653283221204304
8477000 -0.0692440468456296
8478000 -0.00433886117637374
8479000 -0.0577480132278801
8480000 -0.129936647646069
8481000 -0.0649966009885631
8482000 -0.102443231659602
8483000 -0.0327290544849416
8484000 -0.0635721554246735
8485000 -0.0911858950109853
8486000 -0.0386088693629295
8487000 -0.00736231111773089
8488000 -0.0471469786623512
8489000 0.0258621608535966
8490000 0.0458884821270052
8491000 -0.0911042871871025
8492000 -0.113824702429137
8493000 -5.71975238524158e-05
8494000 -0.0133504985466258
8495000 0.0554399594436129
8496000 -0.0152590053369919
8497000 0.0146797876992638
8498000 -0.00892520259249766
8499000 0.0349552714108741
8500000 0.0292239730428719
8501000 -0.0471829826639387
8502000 -0.127327025591313
8503000 -0.0483146781474603
8504000 -0.0488007704298936
8505000 -0.0809132747996986
8506000 -0.0227880208792503
8507000 -0.0948463702735653
8508000 -0.0418279074757394
8509000 -0.0329213374138333
8510000 -0.113882167805686
8511000 -0.0128785546243268
8512000 -0.00819870954188702
8513000 -0.0358102143894886
8514000 -0.029457254266609
8515000 -0.000623112571229172
8516000 -0.0958318592242055
8517000 -0.025649805178374
8518000 -0.161968858553221
8519000 -0.0211878533486817
8520000 -0.0772157587064237
8521000 -0.0663347523224207
8522000 -0.032240095029787
8523000 -0.0128612166495897
8524000 -0.0826540932631999
8525000 -0.0223174510998429
8526000 -0.0601183529462114
8527000 -0.167987269473527
8528000 -0.0201792388348646
8529000 -0.0374218766542089
8530000 -0.0646701769301127
8531000 -0.0447414058418517
8532000 -0.0633194576658703
8533000 -0.0346050839986423
8534000 -0.00298613392724629
8535000 -0.117509282660851
8536000 -0.00563514111467499
8537000 -0.153704444141181
8538000 -0.138164233435036
8539000 -0.0582727862456246
8540000 0.023507258247492
8541000 -0.0389721103439567
8542000 -0.0883230773723384
8543000 -0.0152294873007962
8544000 -0.0674542970558304
8545000 -0.0675787054889079
8546000 -0.047127917582172
8547000 0.00268211316135125
8548000 -0.134277662069815
8549000 -0.0446167554040681
8550000 -0.084011978315179
8551000 -0.123225772507214
8552000 -0.0843773679052852
8553000 0.0794481356488974
8554000 -0.0357466113031502
8555000 -0.00884951797897105
8556000 -0.130944880067774
8557000 -0.0892447261125909
8558000 -0.0092959783466357
8559000 0.0592722904764044
8560000 -0.0330125404502951
8561000 -0.00858860535861958
8562000 -0.065541438291222
8563000 -0.0801622773851847
8564000 -0.0800466234306055
8565000 -0.013890765048311
8566000 0.0158440115514023
8567000 -0.101424675931806
8568000 -0.0198761391310923
8569000 -0.0924314284075984
8570000 -0.00368406135452973
8571000 -0.0446940194628399
8572000 0.0478537432257115
8573000 -0.13783743270142
8574000 0.00506154261598468
8575000 -0.0608161940141054
8576000 -0.0114858992186863
8577000 -0.129626719837879
8578000 -0.117107096981622
8579000 -0.114001587723659
8580000 0.0428988128125626
8581000 -0.127525125422314
8582000 0.0257679002691122
8583000 -0.0287673091145395
8584000 -0.120831581211741
8585000 -0.0997851270660188
8586000 -0.116359718651364
8587000 -0.106619066001307
8588000 -0.165443823580394
8589000 0.0277493109148365
8590000 -0.120234715639156
8591000 -0.0916757974573478
8592000 -0.0528995395598645
8593000 -0.0274765715991595
8594000 -0.0286996484368708
8595000 -0.0662380287056021
8596000 -0.0841470091542186
8597000 -0.0424514751165827
8598000 -0.0812040775692061
8599000 -0.0916645802238081
8600000 -0.00949939023939937
8601000 -0.0956288689213472
8602000 -0.0544532522089764
8603000 -0.0810427539041129
8604000 -0.0555643169967411
8605000 0.0315533410790393
8606000 -0.0238733074729697
8607000 -0.121280277878371
8608000 0.0625630908569361
8609000 0.0263740133637649
8610000 -0.0637619372660125
8611000 -0.00470498106337779
8612000 -0.0819933208007918
8613000 -0.098760992301232
8614000 -0.17310096692465
8615000 -0.00377537633259102
8616000 -0.0571891508016705
8617000 -0.0704952267450818
8618000 -0.00121980423714349
8619000 -0.0032023866871478
8620000 -0.0954870127623629
8621000 0.0302352489784259
8622000 0.0141636819662327
8623000 -0.0571747488840881
8624000 -0.102549620525406
8625000 0.0246144369400113
8626000 -0.0605348952989141
8627000 -0.0587217834063543
8628000 -0.0385864920561902
8629000 -0.0765787477213906
8630000 -0.0316117067327695
8631000 0.00299468806084528
8632000 -0.0702105964514912
8633000 -0.0778713206173861
8634000 -0.0463884917472685
8635000 -0.0727638285503493
8636000 0.0122641222869649
8637000 -0.0303373263202685
8638000 -0.0137266502841909
8639000 0.00267007223928453
8640000 -0.03679363878486
8641000 -0.0528517807430716
8642000 -0.0370345161324112
8643000 -0.0223306743363048
8644000 -0.0883612933454409
8645000 -0.000288051040901471
8646000 -0.0723846627612457
8647000 -0.0989699716764776
8648000 -0.0341388775657213
8649000 -0.0186030693136906
8650000 -0.114624453817173
8651000 -0.0706758709851601
8652000 0.0637466686258402
8653000 -0.162067850083938
8654000 0.0289820139257694
8655000 -0.0682456442905761
8656000 0.0144718489416991
8657000 -0.0412903975367749
8658000 -0.051531320633662
8659000 -0.0572254490068087
8660000 0.0286979900432479
8661000 -0.0508200870068955
8662000 -0.124632283694616
8663000 -0.0172761038556502
8664000 0.00145453319812223
8665000 -0.0284295799038107
8666000 -0.0400621847489307
8667000 0.0829445605845182
8668000 0.00696781877379016
8669000 -0.0974929086841473
8670000 -0.0452897041421394
8671000 -0.0651199091374585
8672000 -0.0582382836537756
8673000 -0.040138958215918
8674000 -0.093477746666122
8675000 -0.0957258505174159
8676000 -0.0392565063374622
8677000 -0.0253123821832526
8678000 -0.0848008222178236
8679000 -0.0461328293465227
8680000 -0.0594812919359385
8681000 0.0209625465178662
8682000 -0.0563856374210675
8683000 -0.0355117716022803
8684000 -0.0262940575074593
8685000 -0.0171596823462652
8686000 -0.0278760215579171
8687000 -0.105799645611774
8688000 -0.0505697539584878
8689000 -0.0863583701355487
8690000 -0.0330527604268945
8691000 0.0166665437843653
8692000 -0.0203203634052714
8693000 0.0531323238019891
8694000 -0.099195473315516
8695000 -0.0452413612650422
8696000 0.00498132382904024
8697000 0.0151708417546881
8698000 -0.0362775816979414
8699000 -0.036845231188313
8700000 -0.0934818189672241
8701000 -0.0658175282233711
8702000 -0.0874137662942977
8703000 -0.031098360849215
8704000 -0.0331100263227156
8705000 0.0139200103957095
8706000 0.0542702089802672
8707000 -0.014412928028123
8708000 -0.0766394966922403
8709000 -0.059109671296905
8710000 -0.0754423063711442
8711000 0.000889431966744023
8712000 -0.151037289687798
8713000 -0.0918239972783672
8714000 -0.00307670350998302
8715000 -0.0878074784896535
8716000 -0.0591444901048049
8717000 -0.0900568800404271
8718000 0.0037040351308071
8719000 0.110601817712731
8720000 -0.117401097821805
8721000 -0.0908053709041796
8722000 -0.122811345977404
8723000 -0.0939550037617237
8724000 -0.0747356421809277
8725000 -0.0808563414092053
8726000 -0.0439534832822248
8727000 -0.0102991086386244
8728000 -0.0311847461885758
8729000 -0.0665782638547184
8730000 -0.00116823155868508
8731000 -0.0384627349803508
8732000 -0.0449277397280462
8733000 -0.0682817266196174
8734000 -0.0864155039705248
8735000 -0.0967555732900418
8736000 -0.105554933887919
8737000 -0.115257809222785
8738000 0.00637246482509208
8739000 -0.0235049412939036
8740000 0.0152984155555705
8741000 -0.0330545903657074
8742000 0.0782791179716021
8743000 -0.000386673990322772
8744000 -0.0544055282068937
8745000 -0.0632312028670709
8746000 -0.0934573970479584
8747000 -0.0407618088423675
8748000 -0.0338677208485869
8749000 -0.141474509576586
8750000 -0.0728750949796136
8751000 0.0534311423483403
8752000 -0.0752428416003229
8753000 -0.0103743477612987
8754000 -0.0345867834477308
8755000 0.00227488036606749
8756000 -0.0760587235001016
8757000 -0.00927359961220027
8758000 -0.0688145509235165
8759000 -0.0149060735708757
8760000 -0.106979154111356
8761000 0.0305175045511221
8762000 0.0560765763062549
8763000 -0.0750394216429206
8764000 -0.129847467528451
8765000 -0.0251757038434113
8766000 -0.0241967993683561
8767000 -0.0476119981662062
8768000 -0.0406816985957302
8769000 -0.0549654724935793
8770000 -0.0605138504893293
8771000 -0.0206397086188517
8772000 -0.025309313862549
8773000 -0.0691755521749841
8774000 -0.047873948985676
8775000 -0.0291280188083193
8776000 -0.102282456732417
8777000 -0.0101611516783003
8778000 -0.129809014894837
8779000 -0.0369264325268063
8780000 0.0375024490164768
8781000 -0.0146407992757553
8782000 -0.0346425899866078
8783000 -0.0473136987273041
8784000 0.0346337919805734
8785000 0.0551940680267836
8786000 -0.103304369064759
8787000 0.023394487361066
8788000 -0.128562550604392
8789000 -0.0226929871858593
8790000 -0.0845952195820017
8791000 -0.012121441575984
8792000 -0.0503075049666927
8793000 -0.00954662078222823
8794000 -0.0147048067826725
8795000 0.024885002940714
8796000 -0.0917791710942375
8797000 -0.0351583170501702
8798000 0.074239566087699
8799000 -0.00955298106116782
8800000 -0.0285217168154726
8801000 0.0259816944797378
8802000 -0.0154850281857644
8803000 -0.0490179782288207
8804000 -0.039815144495415
8805000 -0.00622404600026758
8806000 -0.087685980083526
8807000 -0.0882775779303364
8808000 0.0548899659701902
8809000 -0.00546168153988769
8810000 0.00954519869749625
8811000 -0.0180103281238131
8812000 -0.0382197797907915
8813000 0.0722564416894577
8814000 -0.0572517261894466
8815000 0.0417424007643967
8816000 0.0106440344795177
8817000 -0.171337390084294
8818000 -0.0883619520464663
8819000 0.0253217157981081
8820000 0.0772409907986069
8821000 -0.118617653218261
8822000 -0.0356665726798421
8823000 0.0191440003733352
8824000 0.0363178133378176
8825000 -0.0762978715879111
8826000 -0.0175681772431519
8827000 -0.0301783389800556
8828000 -0.0669275149763119
8829000 -0.045461040153953
8830000 -0.0691146755695605
8831000 -0.0846369630864488
8832000 -0.0482842178992838
8833000 0.0366210014209321
8834000 -0.000891109681454363
8835000 -0.012202298756242
8836000 -0.113576501316988
8837000 0.0102322226376044
8838000 -0.11900363951735
8839000 0.038628759463154
8840000 -0.0169928127795472
8841000 -0.0710276785502922
8842000 -0.0234823487259378
8843000 -0.0340194133093723
8844000 -0.0279463279889108
8845000 -0.089934589101207
8846000 -0.0404687722597302
8847000 -0.0237492444754619
8848000 -0.0477987327483743
8849000 -0.080308923053681
8850000 -0.0478171549058446
8851000 0.0677850957304573
8852000 -0.068979121288525
8853000 -0.044863148052675
8854000 -0.0544157786159641
8855000 -0.127202802909681
8856000 -0.0532904169340158
8857000 -0.00973011423709002
8858000 -0.106929885348055
8859000 0.0130518319072663
8860000 -0.0955173050672748
8861000 -0.0459661249491652
8862000 -0.0421256416914445
8863000 0.0561055924334782
8864000 -0.0275252838678755
8865000 0.0166351848885099
8866000 -0.153292557263055
8867000 -0.115048024463773
8868000 -0.0820252075120202
8869000 -0.045089857185567
8870000 -0.0389587120000116
8871000 -0.0798140662155757
8872000 -0.0522221470318458
8873000 -0.0277245521711493
8874000 0.0182504989119498
8875000 -0.0214720038470687
8876000 0.0630182109559736
8877000 -0.0563672863630715
8878000 -0.0667987931657379
8879000 -0.00534313539345985
8880000 -0.034061690054691
8881000 -0.133958456510514
8882000 0.00591116316768426
8883000 -0.0784948294308925
8884000 -0.136237199030135
8885000 -0.000762466320543525
8886000 -0.122572878345025
8887000 -0.104712111881672
8888000 -0.0583719799037786
8889000 -0.0226521582141618
8890000 -0.037580257092333
8891000 -0.0881091202069936
8892000 -0.0897607810934271
8893000 -0.0184196586691357
8894000 0.0928599457965256
8895000 -0.0779063947626647
8896000 -0.00149334866196755
8897000 -0.0871514781696116
8898000 -0.0415985016052589
8899000 -0.0601868935123482
8900000 0.069646369640549
8901000 0.00567933019664179
8902000 -0.0268458872026225
8903000 -0.0572206183451623
8904000 0.0481850635581792
8905000 -0.0325258365997815
8906000 -0.0831915886666452
8907000 -0.0581646303353056
8908000 -0.0180978984959641
8909000 -0.13846446782075
8910000 0.065826969430664
8911000 -0.171140057255458
8912000 -0.0825051401157757
8913000 -0.0953901005962763
8914000 0.00478324754381279
8915000 -0.00477825899678482
8916000 -0.14303481761761
8917000 -0.0209066194010873
8918000 0.029094949355618
8919000 -0.043392124618387
8920000 0.0132859420901194
8921000 -0.0873277105260357
8922000 -0.0671846558422306
8923000 -0.0955923054161092
8924000 0.0436057360384821
8925000 0.019471023900409
8926000 -0.120283981286974
8927000 -0.0375391124418999
8928000 -0.0675731265988155
8929000 -0.0334806270154116
8930000 0.0143628564657433
8931000 -0.0471767562199042
8932000 -0.048482291455255
8933000 0.0262457512940009
8934000 0.0224516457176757
8935000 0.093471773194964
8936000 0.0248944040545819
8937000 -0.0599262506368651
8938000 -0.217195725526426
8939000 -0.0450981145545594
8940000 -0.0514092648357988
8941000 -0.144274799239967
8942000 -0.0957320577787746
8943000 -0.0762463331735301
8944000 -0.0246301392768839
8945000 -0.00558395196481733
8946000 0.118637997319269
8947000 -0.128082048918913
8948000 -0.00874799193426495
8949000 -0.089616904772084
8950000 -0.0482636631137636
8951000 0.0437952386399306
8952000 -0.0698239929452242
8953000 0.0197677420115524
8954000 0.043083738507897
8955000 -0.0234380133523466
8956000 -0.0825013801768721
8957000 -0.0549606824794968
8958000 -0.000986359850481965
8959000 -0.114821261728109
8960000 0.0463851260933621
8961000 -0.0565423212754636
8962000 -0.0315928298516884
8963000 -0.0457476458476847
8964000 -0.0231418588390378
8965000 -0.128977837045127
8966000 -0.0482286541536515
8967000 -0.079368377247192
8968000 0.025729881738069
8969000 -0.0286703631821942
8970000 0.0137788107974626
8971000 -0.0660062242858369
8972000 -0.140979250666341
8973000 -0.0539545706878429
8974000 -0.0698222071938352
8975000 -0.0498738866486702
8976000 -0.0578730820220231
8977000 0.0137136744398402
8978000 0.0326259191360932
8979000 -0.0889529659380537
8980000 -0.0751252690336189
8981000 -0.0208806650598383
8982000 -0.063370157036957
8983000 0.0406942317824709
8984000 0.0172160211478818
8985000 -0.0922709727888365
8986000 -0.0805376934186058
8987000 -0.0624169303556291
8988000 -0.0357420319626443
8989000 -0.0852800193457213
8990000 -0.0568114269220571
8991000 -0.00275297174200045
8992000 -0.0312269250886968
8993000 -0.0463077767360787
8994000 -0.0631396374998161
8995000 -0.0462437768466449
8996000 -0.119660644177091
8997000 -0.0261028604647653
8998000 0.0209540233032743
8999000 -0.0499902670617364
9000000 0.000372192548350624
9001000 -0.0744599678515955
9002000 -0.0659390900775413
9003000 -0.0942476094971276
9004000 0.0672281700217436
9005000 0.0206897153725277
9006000 0.0502529860040799
9007000 -0.191848190682045
9008000 -0.045397255851895
9009000 -0.047273595864512
9010000 -0.0184693706622323
9011000 -0.0369604817975355
9012000 -0.100023157448533
9013000 -0.0982257069913551
9014000 0.017991928462389
9015000 -0.061739630039918
9016000 -0.0820631068102883
9017000 0.0270687861757088
9018000 -0.0115283329099634
9019000 -0.0287354469230964
9020000 0.0468858531064057
9021000 -0.114281604167368
9022000 -0.0524637503957791
9023000 -0.178151783743083
9024000 -0.103811608420144
9025000 0.0210988986476192
9026000 -0.0498774286781663
9027000 -0.0556107005498782
9028000 -0.127633904996413
9029000 -0.0790782891438616
9030000 -0.0544401272946527
9031000 -0.00190178083674822
9032000 -0.127406544727001
9033000 -0.0342374936754147
9034000 -0.0156750937902245
9035000 -0.0171054007347572
9036000 -0.00185741778455447
9037000 -0.125932992127895
9038000 -0.103899096584443
9039000 -0.131273415073405
9040000 0.0637250430106147
9041000 -0.0587243317159794
9042000 -0.0490975999428746
9043000 -0.0107833530096477
9044000 -0.102835202744986
9045000 0.0222529542865757
9046000 -0.109134169021353
9047000 -0.0253513101290367
9048000 0.0326206446451839
9049000 -0.081237895446702
9050000 -0.0497315571151625
9051000 -0.058312436680744
9052000 -0.0546489137908356
9053000 -0.0811085051774431
9054000 -0.0812556047747167
9055000 -0.0829854554847999
9056000 -0.029434772410946
9057000 0.0419906021137767
9058000 -0.127959417467842
9059000 -0.035350193262236
9060000 -0.0538716868770177
9061000 -0.0613667471707793
9062000 -0.0749963076686026
9063000 -0.00604644279681182
9064000 -0.0246556282729672
9065000 -0.0940952754589183
9066000 0.0168572982970347
9067000 -0.0754624567186486
9068000 -0.0768967847309018
9069000 -0.00699538148092188
9070000 -0.0962017539167823
9071000 -0.0768501229691693
9072000 -0.0578829728322342
9073000 -0.0587039321294428
9074000 -0.0683214045904248
9075000 -0.130525819619143
9076000 -0.0993498495364567
9077000 -0.00901101647517743
9078000 0.0354150446887555
9079000 -0.0501469178404423
9080000 -0.00846152431605483
9081000 -0.0576396751776897
9082000 0.0503619286752306
9083000 0.0392727376065611
9084000 0.000119551066871928
9085000 -0.108176886658574
9086000 -0.0836382754435969
9087000 0.0211161264259606
9088000 -0.10361928678263
9089000 -0.0546965124708429
9090000 -0.0498115730716158
9091000 -0.00977694975584942
9092000 -0.0173727298669749
9093000 -0.0846094301978727
9094000 -0.0455616156475188
9095000 -0.0331818110125894
9096000 -0.0753515983260639
9097000 -0.0391972969052492
9098000 0.0609535816660431
9099000 -0.0341773721163647
9100000 0.0276762906060434
9101000 -0.0942658390095164
9102000 -0.115351442303478
9103000 -0.0377277789756641
9104000 -0.0114985271024874
9105000 0.0260751269410475
9106000 -0.0528891360219856
9107000 -0.0610520657079003
9108000 -0.0236596687536757
9109000 0.0296603581242527
9110000 -0.0349872828910008
9111000 0.0261315776973461
9112000 -0.0525517574509344
9113000 -0.0635657021264004
9114000 -0.0578042299762749
9115000 0.012902777189456
9116000 -0.0150293456130467
9117000 -0.142358077932906
9118000 -0.159697570511501
9119000 -0.0577598979141402
9120000 -0.105451549292637
9121000 0.0714646174194259
9122000 -0.0550367429222618
9123000 -0.0650660278725023
9124000 -0.129500183346541
9125000 -0.00158415386076068
9126000 -0.051386180625352
9127000 -0.000324796116705358
9128000 -0.0261586231185127
9129000 -0.06010016343546
9130000 -0.0798190706791856
9131000 -0.0243409273859305
9132000 -0.106763165527403
9133000 -0.0734679618491582
9134000 -0.0303186959958208
9135000 -0.0755560606341875
9136000 -0.0240564043985558
9137000 -0.0895307971039128
9138000 -0.00235069770476827
9139000 -0.0426193407336388
9140000 -0.0228426757096795
9141000 -0.0668430506783515
9142000 -0.0197992772642792
9143000 -0.0871856503710898
9144000 -0.0960723576952696
9145000 -0.0470177771954318
9146000 -0.12414278602301
9147000 -0.0626935798013958
9148000 -0.0409897983699375
9149000 -0.0449913559542547
9150000 0.00553641767732892
9151000 -0.012686648887234
9152000 -0.0877977314406934
9153000 -0.0726513631692135
9154000 -0.0532549804425115
9155000 -0.00252309266646573
9156000 -0.0253181537188958
9157000 -0.018239549480733
9158000 0.00595662182088204
9159000 0.0731807073597509
9160000 -0.049698559429627
9161000 -0.0525121144394732
9162000 -0.020382878530719
9163000 0.0276314247078967
9164000 -0.0570014106119653
9165000 -0.0590232046839448
9166000 -0.0683444332742519
9167000 -0.0197609403307849
9168000 -0.0496320488823727
9169000 -0.0153854556650533
9170000 -0.0441594845971691
9171000 -0.0660702534922195
9172000 -0.0894150896880228
9173000 -0.10848514577865
9174000 -0.013761854484225
9175000 -0.0758342414446713
9176000 0.0464698379679113
9177000 0.0402437658992682
9178000 0.00866341244950377
9179000 -0.06535728346835
9180000 0.000411898366720503
9181000 -0.000346391849635332
9182000 -0.0426137883240498
9183000 -0.0160678092741628
9184000 -0.0542373678617845
9185000 -0.018483054345056
9186000 -0.103070093960648
9187000 -0.0270803531745808
9188000 0.00517543785043833
9189000 0.0351951787266333
9190000 -0.0556885937763465
9191000 -0.0683688712032424
9192000 -0.109161051212007
9193000 -0.00288088803920754
9194000 -0.00529426039155214
9195000 -0.0101601463770198
9196000 -0.0074292433022105
9197000 -0.0395923143274634
9198000 0.016530683743598
9199000 -0.0329306249425302
9200000 -0.0106664666055962
9201000 -0.0455089791667199
9202000 -0.0198189962011382
9203000 -0.0782790950342846
9204000 -0.122262513504653
9205000 -0.0678706311419683
9206000 0.0631261206639983
9207000 0.00238587994316836
9208000 0.00191814721680006
9209000 -0.061662873077053
9210000 -0.0236770784170665
9211000 -0.0401596580686405
9212000 0.0187435131736619
9213000 -0.0764079672834171
9214000 -0.0368797477303489
9215000 -0.0600088611279387
9216000 -0.00195637978720764
9217000 -0.140732950569216
9218000 -0.028587810439636
9219000 -0.032976243419019
9220000 -0.00158203240278555
9221000 -0.0806996307253003
9222000 -0.0314706434442912
9223000 0.000819801681644948
9224000 -0.0569507543241059
9225000 -0.0166244826191556
9226000 -0.0416928726736463
9227000 -0.0575470698504658
9228000 -0.0690208935502114
9229000 -0.0479869328808721
9230000 -0.0128831718728267
9231000 -0.0162742144941175
9232000 -0.129015664277334
9233000 -0.0802489422167936
9234000 0.0210323915473518
9235000 0.00892361979936129
9236000 -0.0441174696318177
9237000 0.0131773253975707
9238000 -0.159207866137615
9239000 -0.0373553487081654
9240000 -0.0317230443431419
9241000 -0.047888372930037
9242000 -0.0764942852871981
9243000 -0.113357044103681
9244000 -0.0410712809564871
9245000 -0.0238715262293424
9246000 0.00968748373294627
9247000 -0.034572186035018
9248000 -0.100915495373609
9249000 -0.161945937882479
9250000 -0.156901585532205
9251000 -0.0459129509084341
9252000 -0.0326851063755569
9253000 -0.000987434839557943
9254000 -0.131623437279582
9255000 0.0630011694938905
9256000 0.0508256311237102
9257000 -0.108732850634658
9258000 0.00476152961983174
9259000 -0.0266779837222045
9260000 -0.0648779894455932
9261000 -0.109716377071193
9262000 0.0308140543741927
9263000 -0.0642623043974033
9264000 -0.00620364131060306
9265000 -0.0231325193379626
9266000 -0.0842982802324352
9267000 -0.0453801740247451
9268000 -0.0461577071075728
9269000 -0.0873033735816267
9270000 0.091997879265112
9271000 -0.0651564602171065
9272000 -0.0651734816493706
9273000 -0.0307714832734888
9274000 -0.0451704692759133
9275000 -0.0304062385705345
9276000 -0.0420976522662656
9277000 0.00655808246085346
9278000 0.0657242317460307
9279000 -0.00531468149397266
9280000 -0.138801788789498
9281000 0.00773843500040657
9282000 0.0417352288123366
9283000 -0.0451290020502612
9284000 0.0253017172078199
9285000 -0.10035413955975
9286000 -0.0240209480962176
9287000 -0.121252076139429
9288000 0.0491420627462736
9289000 -0.0196388967179351
9290000 -0.0322515394546243
9291000 -0.0519321370502336
9292000 -0.0162825465626003
9293000 -0.0541582550921427
9294000 -0.140040504600254
9295000 -0.0622146783668874
9296000 -0.00106988593619592
9297000 -0.11961332158735
9298000 -0.0467211448446893
9299000 -0.103421296668785
9300000 -0.029419560440286
9301000 -0.0279745631776681
9302000 -0.0789660987263579
9303000 9.13659204695354e-05
9304000 0.111135299184581
9305000 -0.0607788252631493
9306000 0.0255346381855943
9307000 -0.0252175148343164
9308000 0.0404346177725239
9309000 0.0245864739827392
9310000 -0.057973900566467
9311000 -0.0280718988549519
9312000 0.00482681680958836
9313000 -0.0175634748757092
9314000 -0.0337099689144438
9315000 0.00808192003729804
9316000 -0.0167792142086834
9317000 0.0261493259352394
9318000 -0.0326559653382773
9319000 -0.0188437730339845
9320000 -0.0116627030990051
9321000 -0.0780642146187615
9322000 -0.116694350404563
9323000 -0.146091068017483
9324000 -0.0469133796339743
9325000 0.0151968909838249
9326000 -0.106753935716919
9327000 -0.0264227712681571
9328000 -0.0926730680339854
9329000 -0.0855077765144038
9330000 -0.0120304979168517
9331000 0.0249248781562934
9332000 -0.0682200902524406
9333000 -0.079734151660117
9334000 -0.0935954721569709
9335000 -0.0769753098295676
9336000 -0.0369250496860998
9337000 -0.0360360549307962
9338000 -0.0494204907332154
9339000 -0.0350631461283103
9340000 -0.128938296551759
9341000 0.00152692911345718
9342000 -0.0818928261814543
9343000 -0.0618483207764981
9344000 -0.108984208551384
9345000 -0.0786925059544038
9346000 -0.0605634067462085
9347000 -0.0297361269362491
9348000 0.0160351775930254
9349000 0.0356986006236888
9350000 0.0591238797596751
9351000 0.0145811390950551
9352000 -0.0290719910033587
9353000 -0.132681242809685
9354000 -0.0444255800195576
9355000 0.0029060422130375
9356000 -0.0538200196979228
9357000 -0.0441691717870898
9358000 -0.0143721965592145
9359000 -0.113170866761044
9360000 -0.00775339855349885
9361000 0.0270684516438952
9362000 -0.0467511531417127
9363000 0.0356364632559528
9364000 -0.0372345458230461
9365000 -0.0104488513715563
9366000 -0.0696321687245119
9367000 -0.118431101246416
9368000 -0.0166428997691416
9369000 0.00269715955169708
9370000 0.0120136909882308
9371000 -0.0556173585096476
9372000 -0.00854444730526165
9373000 0.088439977847256
9374000 0.0413381080376757
9375000 0.00738851798162186
9376000 -0.146060067073695
9377000 -0.011899936497383
9378000 -0.0609458124486669
9379000 0.0446978602389767
9380000 0.0103027831932183
9381000 -0.0175258860014643
9382000 -0.0113864535611696
9383000 0.031486500558711
9384000 -0.0208234645289626
9385000 -0.0929861488388945
9386000 -0.0550333383817266
9387000 -0.0653748885532504
9388000 0.0508364124883679
9389000 -0.00089433254806237
9390000 0.00228303902326544
9391000 -0.00730509657364017
9392000 -0.0943143722687183
9393000 -0.0579494871778042
9394000 -0.0235568747450115
9395000 -0.00299717791877742
9396000 -0.0673385766675612
9397000 -0.133377424139081
9398000 -0.100694303775641
9399000 -0.0894400575793009
9400000 0.0322343806049972
9401000 -0.0453097702516351
9402000 -0.0814793374787284
9403000 -0.0247489585111466
9404000 -0.0518103204278604
9405000 -0.0818369493277922
9406000 -0.0205275847790739
9407000 -0.0529333924224424
9408000 -0.118683025033051
9409000 -0.00317167453119688
9410000 -0.00218380580753154
9411000 -0.0850675486533051
9412000 -0.0548807348546933
9413000 0.102077615776371
9414000 -0.0551178824824851
9415000 -0.0704971228946771
9416000 -0.102409444944518
9417000 -0.0188923250730475
9418000 -0.0181272370400101
9419000 -0.0642979245302207
9420000 0.00191926839557128
9421000 0.0137482149448933
9422000 -0.0136236021171378
9423000 -0.0379422639288508
9424000 -0.0212963874653051
9425000 -0.0279002750625215
9426000 0.000489737516748293
9427000 -0.0753404287474127
9428000 -0.0722656986005589
9429000 -0.0168433052187585
9430000 -0.043529346872287
9431000 0.0334948199201202
9432000 -0.0191577400467536
9433000 -0.032799959036142
9434000 -0.0621545498199828
9435000 0.0283932713394768
9436000 0.0221775578635457
9437000 -0.0716202963994649
9438000 -0.0715037484173161
9439000 -0.0247304561644876
9440000 -0.0728972775713455
9441000 -0.0495402456113743
9442000 0.0108973453206502
9443000 -0.0206186888492004
9444000 -0.00690651125418579
9445000 -0.0503442196652041
9446000 0.0657213266847434
9447000 0.0547173512138715
9448000 -0.0993819134088202
9449000 -0.0492279494776628
9450000 -0.0461245852945135
9451000 -0.0630628728682634
9452000 -0.109072030652197
9453000 0.00259934073985091
9454000 -0.0373775725662009
9455000 -0.110834322628934
9456000 -0.0559795643654644
9457000 -0.0928550985028067
9458000 0.0248304100471073
9459000 -0.0697376914946082
9460000 -0.0598847385420834
9461000 -0.00588545961143882
9462000 -0.0251633197175992
9463000 0.0109577221337566
9464000 0.00751582825570779
9465000 -0.101322040970393
9466000 -0.151171510325545
9467000 0.0348320966584145
9468000 0.0617719322318611
9469000 -0.0929971988842645
9470000 0.00832774459521864
9471000 -0.0132064230997029
9472000 -0.0527072298415837
9473000 -0.0527282081275571
9474000 -0.0512040089113752
9475000 -0.0615333738273809
9476000 -0.0828553171035291
9477000 -0.0442780501837649
9478000 -0.0348537545668718
9479000 0.0422069139152855
9480000 -0.053232258201011
9481000 -0.0621488981814697
9482000 -0.0945160791825549
9483000 0.00517535317375199
9484000 -0.0471010464361142
9485000 -0.0113586031521167
9486000 -0.0861703576339804
9487000 0.0304164049619703
9488000 -0.159014728912639
9489000 -0.130144787062788
9490000 -0.0930218054849083
9491000 -0.0700114513617877
9492000 -0.0795102904851177
9493000 -0.133201845848144
9494000 -0.030040994819497
9495000 0.015083660440777
9496000 0.0180139027950223
9497000 -0.0107195575828526
9498000 -0.0564083279692928
9499000 -0.00962293623580603
9500000 -0.0586162249726367
9501000 0.0357957773451263
9502000 0.00815121012929443
9503000 0.00274758492912213
9504000 0.0226821458441228
9505000 -0.0723955424714564
9506000 -0.00555184011895615
9507000 -0.0424616226135999
9508000 -0.0718536585778193
9509000 0.0581268790748914
9510000 0.0384217169698878
9511000 0.0223407727561006
9512000 -0.110537885686948
9513000 -0.0758292447856058
9514000 0.0160617736095445
9515000 -0.0317879077123252
9516000 -0.0723180193796879
9517000 -0.00296936123310248
9518000 -0.0813015564710584
9519000 0.109070970497146
9520000 -0.0329710962501164
9521000 -0.0352241213441056
9522000 0.00944918062983955
9523000 -0.0672381092370955
9524000 -0.0367017767251883
9525000 -0.0556568797264214
9526000 -0.0363912207333926
9527000 0.033359344685541
9528000 -0.0781853304028432
9529000 -0.110261409695424
9530000 -0.0148946591374311
9531000 -0.0025518490157928
9532000 -0.0774338077515076
9533000 -0.0621236751579897
9534000 -0.0715517319130049
9535000 -0.134029851049867
9536000 -0.0587318204100497
9537000 -0.0644044309148379
9538000 0.0240794988719715
9539000 -0.0289217833369492
9540000 0.0337766118938827
9541000 -0.0673170707144718
9542000 -0.0311013337454865
9543000 -0.0249319554236973
9544000 -0.0368356536755877
9545000 -0.0160264302356175
9546000 0.0117485780520719
9547000 -0.0310849778619482
9548000 -0.112553649732014
9549000 -0.161616249628426
9550000 -0.0642125607571946
9551000 -0.00238315409719797
9552000 -0.0875856743055787
9553000 -0.00104449659870924
9554000 0.0128544883852957
9555000 -0.0583292596094266
9556000 -0.0105306469309271
9557000 -0.0649510291235379
9558000 -0.0889056194587989
9559000 -0.0808973643739696
9560000 -0.0551001661326085
9561000 0.0102573816201236
9562000 -0.0448195197188623
9563000 0.0352635625356685
9564000 0.0465278841948893
9565000 -0.0111386714444477
9566000 -0.00046092274955772
9567000 -0.0701854541208741
9568000 -0.0443151465743834
9569000 0.00281445289170288
9570000 -0.0334779262278931
9571000 -0.0110349058269351
9572000 0.045329104734054
9573000 -0.0146329594410909
9574000 -0.0801841638485859
9575000 0.0317242118033683
9576000 0.0344635372059166
9577000 -0.0526096999931964
9578000 -0.0290692786156843
9579000 0.00853494345768827
9580000 0.035661312146628
9581000 -0.043243865674519
9582000 -0.0244873775527317
9583000 -0.085948998873243
9584000 -0.150131505627229
9585000 -0.0729565175829578
9586000 0.0390410112627108
9587000 -0.0146017895666344
9588000 -0.0119377835561385
9589000 0.0517025935581293
9590000 -0.0847173222021565
9591000 -0.0506557443110051
9592000 -0.101689784860569
9593000 -0.0594750989592619
9594000 -0.0771160822763887
9595000 -0.00837164037109352
9596000 -0.019799096278699
9597000 -0.0483507680301884
9598000 -0.0376763848108253
9599000 -0.0949077463267708
9600000 -9.33134565793914e-05
9601000 -0.0520888156203421
9602000 -0.100733493563494
9603000 -0.0248296764574538
9604000 0.0533972841356271
9605000 -0.0631131907334813
9606000 0.0352854125427335
9607000 -0.0190435681033623
9608000 -0.0328858063557271
9609000 -0.100724963858174
9610000 0.0350634158443938
9611000 -0.0430536006866432
9612000 0.040078074576328
9613000 -0.0765124016300769
9614000 0.0614950079211113
9615000 0.0198345657133953
9616000 -0.0300555747050891
9617000 -0.0337279995380144
9618000 -0.0548356201223623
9619000 -0.0836858964147047
9620000 -0.0450310836426893
9621000 -0.00456764014493362
9622000 0.0115153456822392
9623000 -0.0247551260495923
9624000 -0.00146950171489592
9625000 0.0494342222290085
9626000 -0.0839607489030968
9627000 -0.150556586064985
9628000 -0.0951720195148611
9629000 -0.0117213821554782
9630000 0.0127693344945994
9631000 -0.0434012400939636
9632000 -0.0532233487668166
9633000 -0.0644900617949489
9634000 -0.0715382365906512
9635000 0.0230467499871287
9636000 -0.0166266996127507
9637000 -0.0713214695011271
9638000 0.00824538449952928
9639000 -0.112313036189435
9640000 -0.0153970241852929
9641000 -0.108561866737662
9642000 -0.0281762889556878
9643000 0.00291555875231847
9644000 -0.0419077602527421
9645000 -0.0463487815509942
9646000 -0.00811508647881439
9647000 -0.0192139558465483
9648000 -0.02629521198369
9649000 -0.0626813383341574
9650000 -0.0805204194957793
9651000 -0.0589773915745616
9652000 -0.0154904800873823
9653000 -0.0625575777057781
9654000 -0.0287977572991178
9655000 -0.11333429176467
9656000 -0.117838918700352
9657000 -0.0844226323123303
9658000 0.0474796163411242
9659000 -0.0733836163753791
9660000 -0.101157795067325
9661000 -0.0500904228554406
9662000 -0.0453845923338904
9663000 -0.0826138467638795
9664000 -0.0479024537695544
9665000 -0.0343424002439989
9666000 -0.0901929246841448
9667000 -0.0659044883015047
9668000 -0.0464740427130989
9669000 -0.0791549765885695
9670000 -0.0821278261279577
9671000 0.0446333259378354
9672000 0.017196711547818
9673000 -0.0227384674196643
9674000 0.0141129189042683
9675000 -0.0427753648700494
9676000 0.0642877200809037
9677000 0.106671770649542
9678000 -0.0585897316749638
9679000 -0.111212792418115
9680000 -0.00980206869790428
9681000 -0.00911805355958473
9682000 -0.0345022881096704
9683000 -0.0912790895818396
9684000 -0.127199286855989
9685000 -0.0720698535694083
9686000 -0.0684161618685432
9687000 -0.0785539009021149
9688000 -0.00194380038883976
9689000 -0.0477241071981133
9690000 -0.0412098531534816
9691000 0.0151450881167903
9692000 -0.00047699079095501
9693000 0.0133626752327251
9694000 -0.0484672059719727
9695000 -0.0174534094274646
9696000 -0.0401749627430333
9697000 -0.0575433637435735
9698000 -0.0758082217948374
9699000 -0.0815927436126104
9700000 0.0250084875157321
9701000 -0.0533296918084361
9702000 -0.048752507135293
9703000 -0.0580362106465997
9704000 -0.114106701894122
9705000 -0.0464388874247218
9706000 -0.0203556117237653
9707000 0.0258107355383977
9708000 -0.0720521104165293
9709000 -0.0720338167617009
9710000 -0.0242777517095478
9711000 -0.0323480393994997
9712000 -0.0974352634064081
9713000 0.0101338845431556
9714000 0.0318722059130636
9715000 0.0586670789610919
9716000 -0.132269583314524
9717000 -0.0232530264600246
9718000 -0.0843873077059255
9719000 -0.0598512648886488
9720000 -0.0686818856749115
9721000 -0.0636815751856737
9722000 -0.0378615206953232
9723000 -0.0803944381052553
9724000 -0.00947380834301293
9725000 -0.0369288349785534
9726000 -0.0283057887315099
9727000 -0.0110576529848535
9728000 0.00902212563679309
9729000 0.050011229577818
9730000 -0.102252472632143
9731000 -0.0441385319121856
9732000 -0.0256264636692927
9733000 -0.0301109314691753
9734000 -0.0314167635260736
9735000 -0.0482777358688826
9736000 -0.063038874229812
9737000 -0.0048215914216711
9738000 0.00209678697978758
9739000 -0.090389986808093
9740000 -0.014802220663085
9741000 -0.0657439172591359
9742000 0.0061365723345344
9743000 -0.0717718037566118
9744000 -0.0453551373868096
9745000 -0.114433876385413
9746000 -0.0919436371043103
9747000 0.00488247416501
9748000 -0.0093084267326396
9749000 -0.0534224755656792
9750000 0.0148988728401744
9751000 -0.0774017857893492
9752000 -0.0798794435148332
9753000 0.0209652824144627
9754000 0.0224376131480117
9755000 -0.0350692257358204
9756000 -0.0837254286302446
9757000 0.075782560088367
9758000 -0.0112548365087312
9759000 -0.0968325214129787
9760000 -0.0138899265160566
9761000 -0.148280414243278
9762000 0.015743013118731
9763000 -0.0637201979550334
9764000 0.000187743368734347
9765000 -0.0296059181945514
9766000 -0.0764117173295245
9767000 -0.0983182527751492
9768000 -0.0671169042082672
9769000 -0.114739070388307
9770000 -0.0759486313986852
9771000 -0.0385428716362283
9772000 -0.0790253781587985
9773000 -0.140903535561718
9774000 -0.0507851273565818
9775000 -0.00323396778364676
9776000 -0.0236303068707465
9777000 -0.0330211976465946
9778000 -0.0227972093993245
9779000 0.000453013381414076
9780000 0.0240890167231626
9781000 -0.104335294444012
9782000 0.00104977775372186
9783000 -0.0436050619005213
9784000 0.0340936738929748
9785000 -0.0275983868460219
9786000 0.0192390062240151
9787000 -0.0322210868408623
9788000 -0.0848625851470104
9789000 0.0454012989276323
9790000 0.0381937552202816
9791000 -0.0588525609318987
9792000 -0.0580242051472083
9793000 -0.0217582333555315
9794000 -0.0779849437977372
9795000 0.0342400065678919
9796000 -0.062563214151282
9797000 -0.0331421668180935
9798000 0.0938588091091129
9799000 -0.0823623795404689
9800000 -0.0866399661715031
9801000 -0.00483677765361881
9802000 0.0154028593075749
9803000 0.00392926892888076
9804000 -0.0384664744430741
9805000 -0.0251018288185319
9806000 -0.0535927163637287
9807000 -0.0788949171276598
9808000 0.083102873032279
9809000 -0.0564395696261244
9810000 -0.0881816393583351
9811000 -0.000925423390974922
9812000 -0.0334522264698506
9813000 -0.0657872135378649
9814000 -0.0571959125099842
9815000 -0.0526964345308313
9816000 -0.0562721812775525
9817000 0.0591408050459985
9818000 -0.100835173420113
9819000 0.0525872368485028
9820000 -0.0277048286100411
9821000 -0.0460586131637185
9822000 -0.0574919074991866
9823000 -0.0741132990536241
9824000 0.0334520218161373
9825000 0.0474520379108306
9826000 -0.0145468347484884
9827000 -0.0964441767680514
9828000 -0.0355907844158272
9829000 -0.0263996896238078
9830000 0.00574581792609573
9831000 0.051388967312163
9832000 0.0327187421212876
9833000 -0.144071781080143
9834000 -0.0613839193302594
9835000 0.0127766275548611
9836000 -0.0880119781263436
9837000 -0.0169974004984603
9838000 0.00902277041835662
9839000 -0.0788486494834834
9840000 -0.0230892796063893
9841000 0.0381324301421595
9842000 0.0117768831695411
9843000 -0.0325226729935831
9844000 -0.0739097888179762
9845000 0.00515785391507697
9846000 -0.0888169162671006
9847000 0.0137349849221172
9848000 -0.0241864455021109
9849000 -0.148793085044266
9850000 0.00812665958985946
9851000 -0.086935523696019
9852000 -0.0469540169099166
9853000 -0.0789770337163493
9854000 -0.00472825073043463
9855000 -0.01203771582514
9856000 -0.0617989251288286
9857000 -0.0390262423853948
9858000 -0.00501501654639755
9859000 -0.0553182179624154
9860000 0.00588714665828048
9861000 -0.0758226387390572
9862000 0.00200218738969518
9863000 -0.0957227448716366
9864000 -0.0152820637223897
9865000 -0.11457535060338
9866000 -0.0477510241831891
9867000 0.041556039943749
9868000 -0.0737417710533896
9869000 -0.0445461150336634
9870000 -0.0438891899640892
9871000 -0.099081376729814
9872000 0.0388751372341734
9873000 0.0129633581426967
9874000 0.0328249449533881
9875000 -0.135830717183553
9876000 -0.00948524447814194
9877000 -0.0392066198677892
9878000 -0.0656051947218809
9879000 -0.0332452185469115
9880000 -0.0383235694391574
9881000 -0.0726285575762328
9882000 -0.0312309059893684
9883000 0.041908273373834
9884000 -0.0216600716662373
9885000 -0.0870162094841476
9886000 -0.0383173204574791
9887000 -0.049464876341814
9888000 -0.0911526912777396
9889000 -0.0478710007117717
9890000 -0.0961456441051285
9891000 -0.0171345982366938
9892000 -0.0748319951581721
9893000 -0.0888924999702482
9894000 -0.0887926903689857
9895000 -0.0259577727086156
9896000 -0.0959008634232039
9897000 -0.108732533221697
9898000 0.026009210815277
9899000 -0.0750038697352707
9900000 0.0542949258581344
9901000 -0.0358841840966802
9902000 -0.0822385545590355
9903000 -0.0475252458108744
9904000 -0.0117180803742296
9905000 -0.0629953308648419
9906000 -0.0231214229189008
9907000 -0.0441353984179449
9908000 -0.0275998319405848
9909000 -0.0346033743945913
9910000 -0.00216775931037973
9911000 -0.0671124159429872
9912000 -0.0490085357248961
9913000 -0.0160121275935767
9914000 -0.0656141133116961
9915000 -0.00870208335094912
9916000 -0.00483821414258916
9917000 -0.0588042681799388
9918000 -0.0207519869776663
9919000 -0.0675719130859784
9920000 -0.0275519395362494
9921000 -0.0144667431461498
9922000 -0.0474267957189164
9923000 0.0365957501140958
9924000 -0.0365854311965278
9925000 -0.0052593053171461
9926000 -0.0735691495669446
9927000 0.0016540855289342
9928000 -0.0385064280809133
9929000 -0.0187192578585461
9930000 -0.0085995503382204
9931000 0.00612922074623465
9932000 -0.017802457256825
9933000 -0.0900298479413803
9934000 0.0646047936322591
9935000 -0.0205014936106707
9936000 -0.108014043237531
9937000 -0.0601809391447904
9938000 -0.0562090273942943
9939000 0.0574128466346313
9940000 -0.0389100204287693
9941000 -0.0641617343750856
9942000 -0.157435150913889
9943000 -0.076967906699069
9944000 -0.0108810044717685
9945000 -0.0312780268205011
9946000 0.0125540631665057
9947000 -0.0737421432739531
9948000 -0.025664036700922
9949000 -0.100780536424602
9950000 -0.116799885889911
9951000 -0.0442916093384204
9952000 -0.0673846745960587
9953000 -0.0665599867483493
9954000 0.016533996577393
9955000 -0.0571461235461936
9956000 0.0575695896340663
9957000 0.0167446634064176
9958000 -0.157801759128376
9959000 -0.147062571567638
9960000 -0.0701110021563435
9961000 -0.0263764077345049
9962000 0.0331945880831858
9963000 -0.0357686410900452
9964000 0.0157431980493532
9965000 0.00378376968047933
9966000 0.00187571809104458
9967000 -0.112504939557444
9968000 -0.0835025315910285
9969000 -0.0341495197561338
9970000 -0.0955026428966124
9971000 0.0222709612397582
9972000 -0.0768688597910522
9973000 0.0144425274298538
9974000 -0.0548266649763593
9975000 -0.0649698695601616
9976000 -0.0646588908011147
9977000 -0.0513506653809498
9978000 -0.0423529523716495
9979000 -0.0665874026878061
9980000 -0.0278489760845459
9981000 -0.0158195811829846
9982000 -0.00338510767819004
9983000 -0.0645120739376245
9984000 -0.00265993365149438
9985000 -0.0318152183258491
9986000 -0.0590385477384017
9987000 -0.0684274161792545
9988000 -0.0685515968685827
9989000 -0.0226636168181604
9990000 -0.12659948394589
9991000 0.00408456772572275
9992000 -0.00550534836433916
9993000 0.0103880766712098
9994000 -0.108576503732542
9995000 -0.048116954373401
9996000 -0.0781207196368812
9997000 0.00487713569065855
9998000 -0.0451128941100446
9999000 -0.0910762375144048
10000000 -0.0422789319916691
10001000 -0.0155696158273828
10002000 -0.0823888030126674
10003000 -0.0139632187783608
10004000 0.0143729348680581
10005000 0.0226159294475172
10006000 -0.0105071825921864
10007000 -0.0818382628649156
10008000 0.0126517743871499
10009000 0.00587472962187136
10010000 -0.101188376387114
10011000 0.02037620632465
10012000 -0.0123296146936469
10013000 -0.0747631398843539
10014000 0.0284748489852773
10015000 -0.11387099375808
10016000 -0.0374336875057239
10017000 -0.0108831434926115
10018000 0.029096615791275
10019000 -0.0206320842416052
10020000 -0.118392581646172
10021000 -0.111402466644626
10022000 -0.0564259127147097
10023000 -0.125054313549745
10024000 0.0116639153978153
10025000 -0.0698199613024013
10026000 0.0168969078489033
10027000 0.0574198802272123
10028000 -0.0297701013476317
10029000 -0.0514624239183197
10030000 -0.0824027492913208
10031000 0.0249193419793742
10032000 -0.0188681492904478
10033000 0.0315180082058451
10034000 0.0424180669610341
10035000 0.0440231851072495
10036000 -0.0121725136427538
10037000 -0.0583219205491272
10038000 -0.0184974756551278
10039000 -0.0266905041275669
10040000 -0.0975530352347194
10041000 -0.0350621136869363
10042000 -0.0874443745270239
10043000 -0.0511127127775166
10044000 0.0742396829730728
10045000 -0.031333195156372
10046000 0.00826136156080708
10047000 -0.0922215930259988
10048000 -0.0199592488485209
10049000 -0.0687885949306129
10050000 -0.0588152266465364
10051000 0.0376434151499038
10052000 -0.0115883039996175
10053000 -0.00904391448659634
10054000 0.00270778279909254
10055000 -0.0694945707354716
10056000 0.0219694010553203
10057000 0.00436511342851152
10058000 -0.0477300877115148
10059000 -0.0432981020548834
10060000 -0.0326545785139206
10061000 -0.0434480551631195
10062000 -0.0605943321417719
10063000 0.00596033126618882
10064000 -0.0409633576200609
10065000 0.0440338316185711
10066000 0.0372197436221297
10067000 -0.019191905846207
10068000 -0.0857792023924419
10069000 -0.0294625256135292
10070000 -0.0976841199467257
10071000 -0.0265925847148575
10072000 0.00179611935932824
10073000 0.00507680159840445
10074000 -0.0623612114752669
10075000 0.0424105075400741
10076000 -0.136865353695663
10077000 0.0100625938956088
10078000 -0.122079971560814
10079000 -0.0494049623084759
10080000 -0.0534281159407178
10081000 0.0352318067802117
10082000 -0.0438229238768014
10083000 -0.0306507168415049
10084000 -0.0936925962783698
10085000 -0.031145037713478
10086000 0.0384771699714192
10087000 -0.0828885532191918
10088000 -0.0648170123463583
10089000 -0.0721347691869795
10090000 -0.0446335938495679
10091000 0.0582468427416489
10092000 -0.00423466447499796
10093000 -0.0283064020346233
10094000 -0.00787373643715518
10095000 0.0360842517871749
10096000 -0.0255995642575607
10097000 -0.0219954974424274
10098000 -0.00423206421457926
10099000 -0.0949813205326676
10100000 -0.0320985672687327
